Date,Open,High,Low,Close,Adj Close,Volume,Dividends,Stock Splits,Capital Gains
2007-05-30,91.58000183105469,91.5999984741211,91.5,91.5999984741211,70.16232299804688,1550,0.0,0.0,0.0
2007-05-31,91.58000183105469,91.5999984741211,91.58000183105469,91.5999984741211,70.16232299804688,11200,0.0,0.0,0.0
2007-06-01,91.62000274658203,91.62000274658203,91.62000274658203,91.62000274658203,70.17765045166016,1450,0.0,0.0,0.0
2007-06-04,91.63999938964844,91.63999938964844,91.63999938964844,91.63999938964844,70.19303131103516,1050,0.0,0.0,0.0
2007-06-05,91.66000366210938,91.68000030517578,91.63999938964844,91.63999938964844,70.19303131103516,3750,0.0,0.0,0.0
2007-06-06,91.63999938964844,91.68000030517578,91.63999938964844,91.68000030517578,70.22367858886719,9750,0.0,0.0,0.0
2007-06-07,91.63999938964844,91.66000366210938,91.63999938964844,91.66000366210938,70.20834350585938,12150,0.0,0.0,0.0
2007-06-08,91.68000030517578,91.68000030517578,91.62000274658203,91.68000030517578,70.22367858886719,7850,0.0,0.0,0.0
2007-06-11,91.68000030517578,91.72000122070312,91.68000030517578,91.72000122070312,70.2542953491211,2400,0.0,0.0,0.0
2007-06-12,91.72000122070312,91.72000122070312,91.63999938964844,91.63999938964844,70.19303131103516,3900,0.0,0.0,0.0
2007-06-13,91.63999938964844,91.72000122070312,91.63999938964844,91.72000122070312,70.2542953491211,3750,0.0,0.0,0.0
2007-06-14,91.76000213623047,91.76000213623047,91.76000213623047,91.76000213623047,70.28494262695312,13400,0.0,0.0,0.0
2007-06-15,91.80000305175781,91.83999633789062,91.73999786376953,91.83999633789062,70.34618377685547,1050,0.0,0.0,0.0
2007-06-18,91.81999969482422,91.87999725341797,91.80000305175781,91.86000061035156,70.36152648925781,28000,0.0,0.0,0.0
2007-06-19,91.86000061035156,91.86000061035156,91.86000061035156,91.86000061035156,70.36152648925781,850,0.0,0.0,0.0
2007-06-20,91.83999633789062,91.9000015258789,91.83999633789062,91.87999725341797,70.3768539428711,3100,0.0,0.0,0.0
2007-06-21,91.86000061035156,91.9000015258789,91.86000061035156,91.87999725341797,70.3768539428711,850,0.0,0.0,0.0
2007-06-22,91.9000015258789,91.95999908447266,91.9000015258789,91.95999908447266,70.43812561035156,2200,0.0,0.0,0.0
2007-06-25,91.9000015258789,91.91999816894531,91.9000015258789,91.91999816894531,70.40750885009766,29700,0.0,0.0,0.0
2007-06-26,91.91999816894531,91.94000244140625,91.9000015258789,91.94000244140625,70.42277526855469,5100,0.0,0.0,0.0
2007-06-27,91.95999908447266,91.95999908447266,91.91999816894531,91.91999816894531,70.40750885009766,8200,0.0,0.0,0.0
2007-06-28,91.95999908447266,91.95999908447266,91.95999908447266,91.95999908447266,70.43812561035156,900,0.0,0.0,0.0
2007-06-29,91.95999908447266,92.0,91.94000244140625,92.0,70.4687271118164,5650,0.0,0.0,0.0
2007-07-02,91.62000274658203,91.69999694824219,91.5999984741211,91.62000274658203,70.48871612548828,13050,0.406,0.0,0.0
2007-07-03,91.55999755859375,91.62000274658203,91.55999755859375,91.62000274658203,70.48871612548828,3000,0.0,0.0,0.0
2007-07-05,91.5999984741211,91.62000274658203,91.54000091552734,91.62000274658203,70.48871612548828,5450,0.0,0.0,0.0
2007-07-06,91.63999938964844,91.66000366210938,91.63999938964844,91.66000366210938,70.51953125,3800,0.0,0.0,0.0
2007-07-09,91.5999984741211,91.68000030517578,91.5999984741211,91.68000030517578,70.53495788574219,3950,0.0,0.0,0.0
2007-07-10,91.66000366210938,91.69999694824219,91.66000366210938,91.69999694824219,70.55030059814453,5250,0.0,0.0,0.0
2007-07-11,91.69999694824219,91.69999694824219,91.62000274658203,91.69999694824219,70.55030059814453,9100,0.0,0.0,0.0
2007-07-12,91.72000122070312,91.72000122070312,91.68000030517578,91.72000122070312,70.56571960449219,14700,0.0,0.0,0.0
2007-07-13,91.72000122070312,91.73999786376953,91.69999694824219,91.73999786376953,70.58110809326172,13050,0.0,0.0,0.0
2007-07-16,91.77999877929688,91.77999877929688,91.72000122070312,91.76000213623047,70.59648895263672,16150,0.0,0.0,0.0
2007-07-17,91.80000305175781,91.80000305175781,91.72000122070312,91.80000305175781,70.62727355957031,46500,0.0,0.0,0.0
2007-07-18,91.76000213623047,91.77999877929688,91.69999694824219,91.77999877929688,70.61184692382812,5450,0.0,0.0,0.0
2007-07-19,91.80000305175781,91.81999969482422,91.73999786376953,91.80000305175781,70.62727355957031,13900,0.0,0.0,0.0
2007-07-20,91.86000061035156,91.86000061035156,91.83999633789062,91.83999633789062,70.65799713134766,8000,0.0,0.0,0.0
2007-07-23,91.83999633789062,91.86000061035156,91.81999969482422,91.83999633789062,70.65799713134766,6950,0.0,0.0,0.0
2007-07-24,91.83999633789062,91.86000061035156,91.81999969482422,91.83999633789062,70.65799713134766,9350,0.0,0.0,0.0
2007-07-25,91.86000061035156,91.87999725341797,91.86000061035156,91.86000061035156,70.67340087890625,9800,0.0,0.0,0.0
2007-07-26,91.86000061035156,91.9000015258789,91.80000305175781,91.87999725341797,70.68878173828125,41050,0.0,0.0,0.0
2007-07-27,91.86000061035156,92.0,91.62000274658203,91.91999816894531,70.7195816040039,153800,0.0,0.0,0.0
2007-07-30,91.9000015258789,91.94000244140625,91.83999633789062,91.83999633789062,70.65799713134766,10300,0.0,0.0,0.0
2007-07-31,91.95999908447266,91.95999908447266,91.91999816894531,91.95999908447266,70.75037384033203,54000,0.0,0.0,0.0
2007-08-01,91.58000183105469,91.5999984741211,91.5,91.55999755859375,70.72711944580078,18650,0.37,0.0,0.0
2007-08-02,91.5,91.58000183105469,91.4800033569336,91.58000183105469,70.74259185791016,49750,0.0,0.0,0.0
2007-08-03,91.62000274658203,91.63999938964844,91.54000091552734,91.54000091552734,70.71171569824219,26200,0.0,0.0,0.0
2007-08-06,91.63999938964844,91.66000366210938,91.5999984741211,91.63999938964844,70.78897094726562,22300,0.0,0.0,0.0
2007-08-07,91.66000366210938,91.68000030517578,91.58000183105469,91.66000366210938,70.80438995361328,13950,0.0,0.0,0.0
2007-08-08,91.66000366210938,91.68000030517578,91.5999984741211,91.62000274658203,70.77350616455078,19750,0.0,0.0,0.0
2007-08-09,91.68000030517578,91.73999786376953,91.66000366210938,91.69999694824219,70.83531951904297,103150,0.0,0.0,0.0
2007-08-10,91.76000213623047,91.77999877929688,91.73999786376953,91.76000213623047,70.88168334960938,112100,0.0,0.0,0.0
2007-08-13,91.76000213623047,91.80000305175781,91.73999786376953,91.77999877929688,70.8971176147461,71800,0.0,0.0,0.0
2007-08-14,91.76000213623047,91.80000305175781,91.73999786376953,91.76000213623047,70.88168334960938,130650,0.0,0.0,0.0
2007-08-15,91.80000305175781,91.83999633789062,91.76000213623047,91.77999877929688,70.8971176147461,40400,0.0,0.0,0.0
2007-08-16,91.77999877929688,92.0,91.77999877929688,91.9000015258789,70.98979187011719,122850,0.0,0.0,0.0
2007-08-17,91.69999694824219,91.9800033569336,91.68000030517578,91.95999908447266,71.0361328125,84750,0.0,0.0,0.0
2007-08-20,91.91999816894531,92.0999984741211,91.91999816894531,92.04000091552734,71.09795379638672,19750,0.0,0.0,0.0
2007-08-21,92.05999755859375,92.05999755859375,91.9000015258789,92.0199966430664,71.08248901367188,157700,0.0,0.0,0.0
2007-08-22,92.0199966430664,92.0199966430664,91.87999725341797,92.0199966430664,71.08248901367188,30000,0.0,0.0,0.0
2007-08-23,91.9800033569336,91.9800033569336,91.87999725341797,91.95999908447266,71.0361328125,40250,0.0,0.0,0.0
2007-08-24,91.83999633789062,91.94000244140625,91.80000305175781,91.94000244140625,71.02070617675781,14050,0.0,0.0,0.0
2007-08-27,91.87999725341797,91.94000244140625,91.81999969482422,91.81999969482422,70.9280014038086,36050,0.0,0.0,0.0
2007-08-28,91.83999633789062,91.91999816894531,91.83999633789062,91.91999816894531,71.00526428222656,29250,0.0,0.0,0.0
2007-08-29,91.95999908447266,91.9800033569336,91.9000015258789,91.9800033569336,71.05158996582031,10550,0.0,0.0,0.0
2007-08-30,92.04000091552734,92.04000091552734,91.91999816894531,92.0,71.06700134277344,31650,0.0,0.0,0.0
2007-08-31,91.87999725341797,91.9800033569336,91.86000061035156,91.9800033569336,71.05158996582031,9650,0.0,0.0,0.0
2007-09-04,91.62000274658203,91.66000366210938,91.54000091552734,91.63999938964844,71.06243896484375,10900,0.354,0.0,0.0
2007-09-05,91.66000366210938,91.68000030517578,91.5999984741211,91.66000366210938,71.07798767089844,21400,0.0,0.0,0.0
2007-09-06,91.68000030517578,91.68000030517578,91.5999984741211,91.66000366210938,71.07798767089844,14500,0.0,0.0,0.0
2007-09-07,91.72000122070312,91.73999786376953,91.63999938964844,91.72000122070312,71.12449645996094,16150,0.0,0.0,0.0
2007-09-10,91.69999694824219,91.73999786376953,91.62000274658203,91.73999786376953,71.13999938964844,35100,0.0,0.0,0.0
2007-09-11,91.63999938964844,91.73999786376953,91.62000274658203,91.63999938964844,71.06243896484375,10300,0.0,0.0,0.0
2007-09-12,91.68000030517578,91.77999877929688,91.66000366210938,91.77999877929688,71.17103576660156,3450,0.0,0.0,0.0
2007-09-13,91.63999938964844,91.76000213623047,91.63999938964844,91.76000213623047,71.15548706054688,25300,0.0,0.0,0.0
2007-09-14,91.73999786376953,91.83999633789062,91.73999786376953,91.81999969482422,71.2020263671875,32650,0.0,0.0,0.0
2007-09-17,91.81999969482422,91.86000061035156,91.68000030517578,91.86000061035156,71.23306274414062,17350,0.0,0.0,0.0
2007-09-18,91.81999969482422,91.9000015258789,91.69999694824219,91.80000305175781,71.18656158447266,232950,0.0,0.0,0.0
2007-09-19,91.86000061035156,91.86000061035156,91.73999786376953,91.83999633789062,71.21752166748047,66750,0.0,0.0,0.0
2007-09-20,91.87999725341797,91.87999725341797,91.77999877929688,91.77999877929688,71.17103576660156,22250,0.0,0.0,0.0
2007-09-21,91.80000305175781,91.87999725341797,91.77999877929688,91.81999969482422,71.2020263671875,23450,0.0,0.0,0.0
2007-09-24,91.91999816894531,91.94000244140625,91.80000305175781,91.9000015258789,71.26404571533203,57850,0.0,0.0,0.0
2007-09-25,91.80000305175781,91.91999816894531,91.80000305175781,91.91999816894531,71.27960968017578,59000,0.0,0.0,0.0
2007-09-26,91.9000015258789,91.91999816894531,91.81999969482422,91.81999969482422,71.2020263671875,21250,0.0,0.0,0.0
2007-09-27,91.91999816894531,91.94000244140625,91.81999969482422,91.83999633789062,71.21752166748047,30100,0.0,0.0,0.0
2007-09-28,91.80000305175781,91.9000015258789,91.80000305175781,91.80000305175781,71.18656158447266,122600,0.0,0.0,0.0
2007-10-01,91.5199966430664,91.5999984741211,91.5,91.58000183105469,71.26435089111328,21900,0.32,0.0,0.0
2007-10-02,91.54000091552734,91.62000274658203,91.5199966430664,91.5199966430664,71.21762084960938,78200,0.0,0.0,0.0
2007-10-03,91.55999755859375,91.63999938964844,91.5199966430664,91.54000091552734,71.23322296142578,131200,0.0,0.0,0.0
2007-10-04,91.62000274658203,91.63999938964844,91.5999984741211,91.63999938964844,71.3110122680664,4700,0.0,0.0,0.0
2007-10-05,91.58000183105469,91.69999694824219,91.54000091552734,91.54000091552734,71.23322296142578,22200,0.0,0.0,0.0
2007-10-08,91.58000183105469,91.69999694824219,91.55999755859375,91.68000030517578,71.3421630859375,8300,0.0,0.0,0.0
2007-10-09,91.66000366210938,91.69999694824219,91.62000274658203,91.62000274658203,71.29544830322266,364450,0.0,0.0,0.0
2007-10-10,91.63999938964844,91.72000122070312,91.63999938964844,91.69999694824219,71.35774993896484,21400,0.0,0.0,0.0
2007-10-11,91.72000122070312,91.72000122070312,91.66000366210938,91.68000030517578,71.3421630859375,10200,0.0,0.0,0.0
2007-10-12,91.73999786376953,91.73999786376953,91.66000366210938,91.69999694824219,71.35774993896484,14250,0.0,0.0,0.0
2007-10-15,91.69999694824219,91.72000122070312,91.66000366210938,91.66000366210938,71.32660675048828,32450,0.0,0.0,0.0
2007-10-16,91.69999694824219,91.73999786376953,91.68000030517578,91.72000122070312,71.37330627441406,14350,0.0,0.0,0.0
2007-10-17,91.72000122070312,91.76000213623047,91.68000030517578,91.76000213623047,71.40438842773438,59350,0.0,0.0,0.0
2007-10-18,91.81999969482422,91.83999633789062,91.76000213623047,91.76000213623047,71.40438842773438,12400,0.0,0.0,0.0
2007-10-19,91.81999969482422,91.83999633789062,91.73999786376953,91.83999633789062,71.46666717529297,100550,0.0,0.0,0.0
2007-10-22,91.77999877929688,91.81999969482422,91.72000122070312,91.80000305175781,71.4355697631836,185050,0.0,0.0,0.0
2007-10-23,91.81999969482422,91.83999633789062,91.76000213623047,91.80000305175781,71.4355697631836,12800,0.0,0.0,0.0
2007-10-24,91.83999633789062,91.83999633789062,91.76000213623047,91.83999633789062,71.46666717529297,27500,0.0,0.0,0.0
2007-10-25,91.83999633789062,91.83999633789062,91.77999877929688,91.81999969482422,71.45110321044922,12100,0.0,0.0,0.0
2007-10-26,91.81999969482422,91.86000061035156,91.77999877929688,91.77999877929688,71.41996765136719,15900,0.0,0.0,0.0
2007-10-29,91.81999969482422,91.86000061035156,91.77999877929688,91.86000061035156,71.48223114013672,7600,0.0,0.0,0.0
2007-10-30,91.87999725341797,91.87999725341797,91.81999969482422,91.81999969482422,71.45110321044922,5250,0.0,0.0,0.0
2007-10-31,91.86000061035156,91.87999725341797,91.81999969482422,91.83999633789062,71.46666717529297,13200,0.0,0.0,0.0
2007-11-01,91.55999755859375,91.62000274658203,91.54000091552734,91.5999984741211,71.51508331298828,32750,0.302,0.0,0.0
2007-11-02,91.5999984741211,91.66000366210938,91.55999755859375,91.66000366210938,71.56192016601562,8750,0.0,0.0,0.0
2007-11-05,91.66000366210938,91.68000030517578,91.5999984741211,91.66000366210938,71.56192016601562,16800,0.0,0.0,0.0
2007-11-06,91.66000366210938,91.66000366210938,91.58000183105469,91.66000366210938,71.56192016601562,16800,0.0,0.0,0.0
2007-11-07,91.5999984741211,91.80000305175781,91.5999984741211,91.72000122070312,71.6087875366211,218850,0.0,0.0,0.0
2007-11-08,91.68000030517578,91.73999786376953,91.63999938964844,91.66000366210938,71.56192016601562,147400,0.0,0.0,0.0
2007-11-09,91.77999877929688,91.80000305175781,91.69999694824219,91.73999786376953,71.62437438964844,9400,0.0,0.0,0.0
2007-11-12,91.73999786376953,91.77999877929688,91.72000122070312,91.77999877929688,71.65560150146484,72400,0.0,0.0,0.0
2007-11-13,91.76000213623047,91.80000305175781,91.72000122070312,91.76000213623047,71.6400146484375,31400,0.0,0.0,0.0
2007-11-14,91.72000122070312,91.77999877929688,91.68000030517578,91.72000122070312,71.6087875366211,100950,0.0,0.0,0.0
2007-11-15,91.73999786376953,91.81999969482422,91.68000030517578,91.77999877929688,71.65560150146484,230900,0.0,0.0,0.0
2007-11-16,91.80000305175781,91.80000305175781,91.73999786376953,91.77999877929688,71.65560150146484,24450,0.0,0.0,0.0
2007-11-19,91.77999877929688,91.81999969482422,91.69999694824219,91.81999969482422,71.68680572509766,59150,0.0,0.0,0.0
2007-11-20,91.76000213623047,91.83999633789062,91.72000122070312,91.83999633789062,71.70243835449219,40950,0.0,0.0,0.0
2007-11-21,91.83999633789062,91.87999725341797,91.77999877929688,91.87999725341797,71.73365783691406,33550,0.0,0.0,0.0
2007-11-23,91.81999969482422,91.9000015258789,91.81999969482422,91.9000015258789,71.7492446899414,7650,0.0,0.0,0.0
2007-11-26,91.95999908447266,91.95999908447266,91.77999877929688,91.83999633789062,71.70243835449219,24350,0.0,0.0,0.0
2007-11-27,91.81999969482422,91.91999816894531,91.81999969482422,91.91999816894531,71.76487731933594,21100,0.0,0.0,0.0
2007-11-28,91.91999816894531,91.95999908447266,91.83999633789062,91.94000244140625,71.78054809570312,52700,0.0,0.0,0.0
2007-11-29,91.86000061035156,91.95999908447266,91.86000061035156,91.87999725341797,71.73365783691406,36550,0.0,0.0,0.0
2007-11-30,91.9800033569336,106.19999694824219,91.83999633789062,91.9000015258789,71.7492446899414,274300,0.0,0.0,0.0
2007-12-03,91.76000213623047,91.77999877929688,91.5999984741211,91.5999984741211,71.7320785522461,120050,0.278,0.0,0.0
2007-12-04,91.62000274658203,91.69999694824219,91.5999984741211,91.62000274658203,71.74771881103516,90750,0.0,0.0,0.0
2007-12-05,91.62000274658203,91.68000030517578,91.5999984741211,91.62000274658203,71.74771881103516,27900,0.0,0.0,0.0
2007-12-06,91.63999938964844,91.69999694824219,91.54000091552734,91.63999938964844,71.76336669921875,288200,0.0,0.0,0.0
2007-12-07,91.5999984741211,91.72000122070312,91.5999984741211,91.72000122070312,71.82605743408203,43900,0.0,0.0,0.0
2007-12-10,91.72000122070312,94.23999786376953,91.66000366210938,91.66000366210938,71.77903747558594,206050,0.0,0.0,0.0
2007-12-11,91.72000122070312,91.77999877929688,91.5999984741211,91.77999877929688,71.87305450439453,41800,0.0,0.0,0.0
2007-12-12,91.76000213623047,91.80000305175781,91.68000030517578,91.76000213623047,71.85737609863281,24700,0.0,0.0,0.0
2007-12-13,91.31999969482422,91.81999969482422,91.31999969482422,91.80000305175781,71.888671875,27300,0.0,0.0,0.0
2007-12-14,91.80000305175781,91.81999969482422,91.72000122070312,91.73999786376953,71.84170532226562,33000,0.0,0.0,0.0
2007-12-17,91.73999786376953,91.83999633789062,91.72000122070312,91.77999877929688,71.87305450439453,44750,0.0,0.0,0.0
2007-12-18,91.68000030517578,91.77999877929688,91.66000366210938,91.77999877929688,71.87305450439453,26500,0.0,0.0,0.0
2007-12-19,91.81999969482422,91.83999633789062,91.68000030517578,91.81999969482422,71.90432739257812,25800,0.0,0.0,0.0
2007-12-20,91.76000213623047,91.87999725341797,91.76000213623047,91.86000061035156,71.9356689453125,14700,0.0,0.0,0.0
2007-12-21,91.87999725341797,91.9000015258789,91.81999969482422,91.86000061035156,71.9356689453125,64050,0.0,0.0,0.0
2007-12-24,91.87999725341797,91.87999725341797,91.80000305175781,91.86000061035156,71.9356689453125,2900,0.0,0.0,0.0
2007-12-26,91.80000305175781,91.87999725341797,91.80000305175781,91.81999969482422,71.90432739257812,17750,0.0,0.0,0.0
2007-12-27,91.9000015258789,91.9000015258789,91.80000305175781,91.86000061035156,71.9356689453125,7150,0.0,0.0,0.0
2007-12-28,91.63999938964844,91.66000366210938,91.5999984741211,91.5999984741211,71.93413543701172,59700,0.258,0.0,0.0
2007-12-31,91.66000366210938,91.66000366210938,91.58000183105469,91.58000183105469,71.91840362548828,31700,0.0,0.0,0.0
2008-01-02,91.63999938964844,91.66000366210938,91.58000183105469,91.66000366210938,71.98123931884766,29450,0.0,0.0,0.0
2008-01-03,91.66000366210938,91.66000366210938,91.5999984741211,91.5999984741211,71.93413543701172,30500,0.0,0.0,0.0
2008-01-04,91.69999694824219,91.69999694824219,91.54000091552734,91.58000183105469,71.91840362548828,173200,0.0,0.0,0.0
2008-01-07,91.5999984741211,91.66000366210938,91.58000183105469,91.66000366210938,71.98123931884766,30300,0.0,0.0,0.0
2008-01-08,91.63999938964844,91.68000030517578,91.55999755859375,91.5999984741211,71.93413543701172,18350,0.0,0.0,0.0
2008-01-09,91.68000030517578,91.68000030517578,91.54000091552734,91.54000091552734,71.88699340820312,168500,0.0,0.0,0.0
2008-01-10,91.62000274658203,91.63999938964844,91.54000091552734,91.58000183105469,71.91840362548828,12200,0.0,0.0,0.0
2008-01-11,91.63999938964844,91.69999694824219,91.5999984741211,91.62000274658203,71.94978332519531,41650,0.0,0.0,0.0
2008-01-14,91.66000366210938,91.72000122070312,91.62000274658203,91.69999694824219,72.01263427734375,51900,0.0,0.0,0.0
2008-01-15,91.72000122070312,91.72000122070312,91.62000274658203,91.68000030517578,71.9969482421875,26800,0.0,0.0,0.0
2008-01-16,91.69999694824219,91.72000122070312,91.54000091552734,91.68000030517578,71.9969482421875,254500,0.0,0.0,0.0
2008-01-17,91.66000366210938,91.72000122070312,91.62000274658203,91.63999938964844,71.9654769897461,380400,0.0,0.0,0.0
2008-01-18,91.66000366210938,91.73999786376953,91.63999938964844,91.69999694824219,72.01263427734375,71450,0.0,0.0,0.0
2008-01-22,91.76000213623047,91.81999969482422,91.66000366210938,91.73999786376953,72.04405975341797,116400,0.0,0.0,0.0
2008-01-23,91.80000305175781,91.86000061035156,91.73999786376953,91.83999633789062,72.1225814819336,89150,0.0,0.0,0.0
2008-01-24,91.76000213623047,91.87999725341797,91.73999786376953,91.87999725341797,72.15397644042969,47750,0.0,0.0,0.0
2008-01-25,91.80000305175781,91.91999816894531,91.77999877929688,91.77999877929688,72.07547760009766,32700,0.0,0.0,0.0
2008-01-28,91.94000244140625,91.94000244140625,91.81999969482422,91.81999969482422,72.10684967041016,26100,0.0,0.0,0.0
2008-01-29,91.81999969482422,91.91999816894531,91.77999877929688,91.9000015258789,72.1697006225586,66650,0.0,0.0,0.0
2008-01-30,91.81999969482422,91.9800033569336,91.80000305175781,91.94000244140625,72.20114135742188,60100,0.0,0.0,0.0
2008-01-31,91.83999633789062,91.9800033569336,91.83999633789062,91.94000244140625,72.20114135742188,26150,0.0,0.0,0.0
2008-02-01,92.30000305175781,92.30000305175781,91.5999984741211,91.69999694824219,72.19324493408203,35500,0.23,0.0,0.0
2008-02-04,91.62000274658203,91.72000122070312,91.62000274658203,91.72000122070312,72.20901489257812,50300,0.0,0.0,0.0
2008-02-05,91.72000122070312,91.73999786376953,91.58000183105469,91.66000366210938,72.1617431640625,38750,0.0,0.0,0.0
2008-02-06,91.69999694824219,91.73999786376953,91.66000366210938,91.73999786376953,72.2247085571289,18100,0.0,0.0,0.0
2008-02-07,91.66000366210938,91.76000213623047,91.63999938964844,91.72000122070312,72.20901489257812,30350,0.0,0.0,0.0
2008-02-08,91.72000122070312,91.72000122070312,91.62000274658203,91.72000122070312,72.20901489257812,14250,0.0,0.0,0.0
2008-02-11,91.66000366210938,91.73999786376953,91.66000366210938,91.73999786376953,72.2247085571289,26350,0.0,0.0,0.0
2008-02-12,91.66000366210938,91.72000122070312,91.66000366210938,91.72000122070312,72.20901489257812,13550,0.0,0.0,0.0
2008-02-13,91.72000122070312,91.73999786376953,91.68000030517578,91.73999786376953,72.2247085571289,46700,0.0,0.0,0.0
2008-02-14,91.72000122070312,91.76000213623047,91.68000030517578,91.76000213623047,72.240478515625,51200,0.0,0.0,0.0
2008-02-15,91.73999786376953,91.77999877929688,91.73999786376953,91.76000213623047,72.240478515625,23300,0.0,0.0,0.0
2008-02-19,91.73999786376953,91.77999877929688,91.69999694824219,91.76000213623047,72.240478515625,17800,0.0,0.0,0.0
2008-02-20,91.72000122070312,91.80000305175781,91.72000122070312,91.72000122070312,72.20901489257812,17450,0.0,0.0,0.0
2008-02-21,91.76000213623047,91.80000305175781,91.72000122070312,91.80000305175781,72.27196502685547,39200,0.0,0.0,0.0
2008-02-22,91.72000122070312,91.83999633789062,91.72000122070312,91.80000305175781,72.27196502685547,90750,0.0,0.0,0.0
2008-02-25,91.73999786376953,91.80000305175781,91.73999786376953,91.76000213623047,72.240478515625,14850,0.0,0.0,0.0
2008-02-26,91.80000305175781,91.81999969482422,91.69999694824219,91.81999969482422,72.28768157958984,42400,0.0,0.0,0.0
2008-02-27,91.72000122070312,91.83999633789062,91.72000122070312,91.83999633789062,72.30343627929688,84550,0.0,0.0,0.0
2008-02-28,91.83999633789062,91.86000061035156,91.77999877929688,91.83999633789062,72.30343627929688,20700,0.0,0.0,0.0
2008-02-29,91.83999633789062,91.87999725341797,91.77999877929688,91.86000061035156,72.31918334960938,17300,0.0,0.0,0.0
2008-03-03,91.68000030517578,91.72000122070312,91.63999938964844,91.72000122070312,72.34598541259766,31550,0.174,0.0,0.0
2008-03-04,91.66000366210938,91.72000122070312,91.63999938964844,91.72000122070312,72.34598541259766,73450,0.0,0.0,0.0
2008-03-05,91.72000122070312,91.73999786376953,91.62000274658203,91.69999694824219,72.33024597167969,253850,0.0,0.0,0.0
2008-03-06,91.73999786376953,91.77999877929688,91.69999694824219,91.73999786376953,72.36177062988281,41600,0.0,0.0,0.0
2008-03-07,91.76000213623047,91.76000213623047,91.69999694824219,91.73999786376953,72.36177062988281,50300,0.0,0.0,0.0
2008-03-10,91.73999786376953,91.80000305175781,91.68000030517578,91.73999786376953,72.36177062988281,22300,0.0,0.0,0.0
2008-03-11,91.73999786376953,91.76000213623047,91.68000030517578,91.73999786376953,72.36177062988281,42200,0.0,0.0,0.0
2008-03-12,91.73999786376953,91.76000213623047,91.72000122070312,91.76000213623047,72.37759399414062,13350,0.0,0.0,0.0
2008-03-13,91.76000213623047,91.76000213623047,91.69999694824219,91.73999786376953,72.36177062988281,41300,0.0,0.0,0.0
2008-03-14,91.73999786376953,91.87999725341797,91.69999694824219,91.86000061035156,72.4564208984375,82350,0.0,0.0,0.0
2008-03-17,91.81999969482422,91.94000244140625,91.73999786376953,91.83999633789062,72.4406967163086,136100,0.0,0.0,0.0
2008-03-18,92.95999908447266,92.95999908447266,91.81999969482422,91.94000244140625,72.51954650878906,47400,0.0,0.0,0.0
2008-03-19,91.95999908447266,91.95999908447266,91.87999725341797,91.95999908447266,72.53535461425781,31850,0.0,0.0,0.0
2008-03-20,91.95999908447266,91.95999908447266,91.87999725341797,91.94000244140625,72.51954650878906,46750,0.0,0.0,0.0
2008-03-24,91.95999908447266,91.95999908447266,91.86000061035156,91.86000061035156,72.4564208984375,38750,0.0,0.0,0.0
2008-03-25,91.83999633789062,91.91999816894531,91.80000305175781,91.80000305175781,72.40912628173828,39200,0.0,0.0,0.0
2008-03-26,91.80000305175781,91.87999725341797,91.80000305175781,91.86000061035156,72.4564208984375,9800,0.0,0.0,0.0
2008-03-27,91.86000061035156,91.87999725341797,91.80000305175781,91.87999725341797,72.4721908569336,8300,0.0,0.0,0.0
2008-03-28,91.9000015258789,91.9000015258789,91.80000305175781,91.80000305175781,72.40912628173828,33900,0.0,0.0,0.0
2008-03-31,91.87999725341797,91.94000244140625,91.81999969482422,91.9000015258789,72.48799133300781,64950,0.0,0.0,0.0
2008-04-01,91.76000213623047,91.76000213623047,91.63999938964844,91.69999694824219,72.44062042236328,83350,0.14,0.0,0.0
2008-04-02,91.69999694824219,91.73999786376953,91.69999694824219,91.69999694824219,72.44062042236328,65900,0.0,0.0,0.0
2008-04-03,91.69999694824219,91.73999786376953,91.68000030517578,91.69999694824219,72.44062042236328,23600,0.0,0.0,0.0
2008-04-04,91.73999786376953,91.76000213623047,91.72000122070312,91.73999786376953,72.47215270996094,44300,0.0,0.0,0.0
2008-04-07,91.73999786376953,91.76000213623047,91.68000030517578,91.69999694824219,72.44062042236328,46450,0.0,0.0,0.0
2008-04-08,91.76000213623047,91.76000213623047,91.69999694824219,91.76000213623047,72.48799133300781,24500,0.0,0.0,0.0
2008-04-09,91.69999694824219,91.77999877929688,91.69999694824219,91.76000213623047,72.48799133300781,33900,0.0,0.0,0.0
2008-04-10,91.77999877929688,91.77999877929688,91.76000213623047,91.76000213623047,72.48799133300781,18750,0.0,0.0,0.0
2008-04-11,91.76000213623047,91.81999969482422,91.76000213623047,91.76000213623047,72.48799133300781,39350,0.0,0.0,0.0
2008-04-14,91.81999969482422,91.83999633789062,91.76000213623047,91.80000305175781,72.51958465576172,16050,0.0,0.0,0.0
2008-04-15,91.83999633789062,91.83999633789062,91.76000213623047,91.80000305175781,72.51958465576172,60700,0.0,0.0,0.0
2008-04-16,91.80000305175781,91.80000305175781,91.72000122070312,91.73999786376953,72.47215270996094,19550,0.0,0.0,0.0
2008-04-17,91.73999786376953,91.80000305175781,91.69999694824219,91.73999786376953,72.47215270996094,31800,0.0,0.0,0.0
2008-04-18,91.77999877929688,91.77999877929688,91.66000366210938,91.68000030517578,72.4247817993164,31800,0.0,0.0,0.0
2008-04-21,91.76000213623047,91.77999877929688,91.68000030517578,91.72000122070312,72.45636749267578,26050,0.0,0.0,0.0
2008-04-22,91.72000122070312,91.77999877929688,91.69999694824219,91.73999786376953,72.47215270996094,35850,0.0,0.0,0.0
2008-04-23,91.77999877929688,91.77999877929688,91.69999694824219,91.73999786376953,72.47215270996094,23800,0.0,0.0,0.0
2008-04-24,91.76000213623047,91.77999877929688,91.72000122070312,91.76000213623047,72.48799133300781,9800,0.0,0.0,0.0
2008-04-25,91.72000122070312,91.76000213623047,91.69999694824219,91.76000213623047,72.48799133300781,39700,0.0,0.0,0.0
2008-04-28,91.76000213623047,91.80000305175781,91.68000030517578,91.69999694824219,72.44062042236328,35900,0.0,0.0,0.0
2008-04-29,91.80000305175781,91.80000305175781,91.68000030517578,91.80000305175781,72.51958465576172,21300,0.0,0.0,0.0
2008-04-30,91.68000030517578,91.80000305175781,91.68000030517578,91.69999694824219,72.44062042236328,27000,0.0,0.0,0.0
2008-05-01,91.72000122070312,91.72000122070312,91.62000274658203,91.66000366210938,72.49439239501953,20250,0.108,0.0,0.0
2008-05-02,91.5999984741211,91.69999694824219,91.58000183105469,91.5999984741211,72.4468994140625,29150,0.0,0.0,0.0
2008-05-05,91.63999938964844,91.68000030517578,91.62000274658203,91.62000274658203,72.46277618408203,15500,0.0,0.0,0.0
2008-05-06,91.68000030517578,91.68000030517578,91.58000183105469,91.58000183105469,72.43106079101562,104000,0.0,0.0,0.0
2008-05-07,91.63999938964844,91.63999938964844,91.58000183105469,91.63999938964844,72.47853088378906,26400,0.0,0.0,0.0
2008-05-08,91.63999938964844,91.63999938964844,91.55999755859375,91.5999984741211,72.4468994140625,78950,0.0,0.0,0.0
2008-05-09,91.58000183105469,91.66000366210938,91.58000183105469,91.63999938964844,72.47853088378906,38050,0.0,0.0,0.0
2008-05-12,91.62000274658203,91.66000366210938,91.5999984741211,91.63999938964844,72.47853088378906,25350,0.0,0.0,0.0
2008-05-13,91.63999938964844,91.63999938964844,91.5999984741211,91.5999984741211,72.4468994140625,21300,0.0,0.0,0.0
2008-05-14,91.63999938964844,91.66000366210938,91.5999984741211,91.5999984741211,72.4468994140625,64200,0.0,0.0,0.0
2008-05-15,91.63999938964844,91.66000366210938,91.5999984741211,91.5999984741211,72.4468994140625,18350,0.0,0.0,0.0
2008-05-16,91.63999938964844,91.68000030517578,91.58000183105469,91.62000274658203,72.46277618408203,40400,0.0,0.0,0.0
2008-05-19,91.5999984741211,91.68000030517578,91.58000183105469,91.62000274658203,72.46277618408203,22950,0.0,0.0,0.0
2008-05-20,91.58000183105469,91.63999938964844,91.58000183105469,91.58000183105469,72.43106079101562,11750,0.0,0.0,0.0
2008-05-21,91.66000366210938,91.68000030517578,91.58000183105469,91.58000183105469,72.43106079101562,48400,0.0,0.0,0.0
2008-05-22,91.58000183105469,91.69999694824219,91.58000183105469,91.63999938964844,72.47853088378906,13200,0.0,0.0,0.0
2008-05-23,91.63999938964844,91.66000366210938,91.62000274658203,91.63999938964844,72.47853088378906,16600,0.0,0.0,0.0
2008-05-27,91.62000274658203,91.69999694824219,91.62000274658203,91.63999938964844,72.47853088378906,27250,0.0,0.0,0.0
2008-05-28,91.62000274658203,91.69999694824219,91.62000274658203,91.68000030517578,72.51018524169922,39200,0.0,0.0,0.0
2008-05-29,91.69999694824219,91.69999694824219,91.62000274658203,91.63999938964844,72.47853088378906,53500,0.0,0.0,0.0
2008-05-30,91.68000030517578,91.69999694824219,91.63999938964844,91.68000030517578,72.51018524169922,9400,0.0,0.0,0.0
2008-06-02,91.62000274658203,91.66000366210938,91.55999755859375,91.66000366210938,72.56879425048828,42000,0.094,0.0,0.0
2008-06-03,91.63999938964844,91.68000030517578,91.58000183105469,91.66000366210938,72.56879425048828,14850,0.0,0.0,0.0
2008-06-04,91.63999938964844,91.66000366210938,91.58000183105469,91.63999938964844,72.55296325683594,21100,0.0,0.0,0.0
2008-06-05,91.68000030517578,91.68000030517578,91.58000183105469,91.58000183105469,72.50547790527344,27800,0.0,0.0,0.0
2008-06-06,91.66000366210938,91.66000366210938,91.5999984741211,91.5999984741211,72.52128601074219,40350,0.0,0.0,0.0
2008-06-09,91.66000366210938,91.68000030517578,91.5999984741211,91.63999938964844,72.55296325683594,43850,0.0,0.0,0.0
2008-06-10,91.66000366210938,91.72000122070312,91.5999984741211,91.69999694824219,72.6004409790039,151300,0.0,0.0,0.0
2008-06-11,91.69999694824219,91.76000213623047,91.66000366210938,91.76000213623047,72.64796447753906,183700,0.0,0.0,0.0
2008-06-12,91.72000122070312,91.73999786376953,91.66000366210938,91.69999694824219,72.6004409790039,26150,0.0,0.0,0.0
2008-06-13,91.73999786376953,91.76000213623047,91.68000030517578,91.76000213623047,72.64796447753906,12750,0.0,0.0,0.0
2008-06-16,91.76000213623047,91.77999877929688,91.72000122070312,91.76000213623047,72.64796447753906,186350,0.0,0.0,0.0
2008-06-17,91.73999786376953,91.76000213623047,91.69999694824219,91.73999786376953,72.63208770751953,21650,0.0,0.0,0.0
2008-06-18,91.76000213623047,91.80000305175781,91.72000122070312,91.77999877929688,72.66378784179688,76650,0.0,0.0,0.0
2008-06-19,91.77999877929688,91.80000305175781,91.73999786376953,91.76000213623047,72.64796447753906,45800,0.0,0.0,0.0
2008-06-20,91.80000305175781,91.81999969482422,91.73999786376953,91.80000305175781,72.67963409423828,81400,0.0,0.0,0.0
2008-06-23,91.80000305175781,91.81999969482422,91.76000213623047,91.80000305175781,72.67963409423828,21000,0.0,0.0,0.0
2008-06-24,91.77999877929688,91.80000305175781,91.76000213623047,91.80000305175781,72.67963409423828,56150,0.0,0.0,0.0
2008-06-25,91.77999877929688,91.81999969482422,91.76000213623047,91.81999969482422,72.6954345703125,44450,0.0,0.0,0.0
2008-06-26,91.83999633789062,91.86000061035156,91.77999877929688,91.81999969482422,72.6954345703125,99550,0.0,0.0,0.0
2008-06-27,91.63999938964844,91.9800033569336,91.63999938964844,91.86000061035156,72.72711181640625,233150,0.0,0.0,0.0
2008-06-30,91.86000061035156,91.86000061035156,91.73999786376953,91.80000305175781,72.67963409423828,40950,0.0,0.0,0.0
2008-07-01,91.73999786376953,91.73999786376953,91.63999938964844,91.72000122070312,72.7049789428711,50700,0.112,0.0,0.0
2008-07-02,91.73999786376953,91.73999786376953,91.63999938964844,91.72000122070312,72.7049789428711,41550,0.0,0.0,0.0
2008-07-03,91.73999786376953,91.73999786376953,91.63999938964844,91.72000122070312,72.7049789428711,38300,0.0,0.0,0.0
2008-07-07,91.72000122070312,91.73999786376953,91.62000274658203,91.69999694824219,72.68912506103516,87900,0.0,0.0,0.0
2008-07-08,91.72000122070312,91.76000213623047,91.66000366210938,91.66000366210938,72.65744018554688,47700,0.0,0.0,0.0
2008-07-09,91.73999786376953,91.73999786376953,91.68000030517578,91.68000030517578,72.67328643798828,40700,0.0,0.0,0.0
2008-07-10,91.68000030517578,91.77999877929688,91.68000030517578,91.76000213623047,72.73670959472656,56400,0.0,0.0,0.0
2008-07-11,91.80000305175781,91.83999633789062,91.76000213623047,91.81999969482422,72.78423309326172,54100,0.0,0.0,0.0
2008-07-14,91.77999877929688,91.83999633789062,91.73999786376953,91.81999969482422,72.78423309326172,64400,0.0,0.0,0.0
2008-07-15,91.83999633789062,91.86000061035156,91.77999877929688,91.83999633789062,72.80013275146484,98800,0.0,0.0,0.0
2008-07-16,91.86000061035156,91.87999725341797,91.80000305175781,91.86000061035156,72.81594848632812,375100,0.0,0.0,0.0
2008-07-17,91.83999633789062,91.87999725341797,91.69999694824219,91.72000122070312,72.7049789428711,134700,0.0,0.0,0.0
2008-07-18,91.80000305175781,91.87999725341797,91.76000213623047,91.83999633789062,72.80013275146484,71950,0.0,0.0,0.0
2008-07-21,91.86000061035156,91.86000061035156,91.76000213623047,91.76000213623047,72.73670959472656,43200,0.0,0.0,0.0
2008-07-22,91.86000061035156,91.86000061035156,91.77999877929688,91.80000305175781,72.76841735839844,76300,0.0,0.0,0.0
2008-07-23,91.77999877929688,91.83999633789062,91.72000122070312,91.83999633789062,72.80013275146484,223150,0.0,0.0,0.0
2008-07-24,91.83999633789062,91.83999633789062,91.76000213623047,91.81999969482422,72.78423309326172,44500,0.0,0.0,0.0
2008-07-25,91.83999633789062,91.83999633789062,91.77999877929688,91.83999633789062,72.80013275146484,56100,0.0,0.0,0.0
2008-07-28,91.83999633789062,91.83999633789062,91.77999877929688,91.83999633789062,72.80013275146484,57100,0.0,0.0,0.0
2008-07-29,91.83999633789062,91.86000061035156,91.80000305175781,91.83999633789062,72.80013275146484,70550,0.0,0.0,0.0
2008-07-30,91.83999633789062,91.86000061035156,91.77999877929688,91.86000061035156,72.81594848632812,36750,0.0,0.0,0.0
2008-07-31,91.83999633789062,91.86000061035156,91.77999877929688,91.86000061035156,72.81594848632812,48650,0.0,0.0,0.0
2008-08-01,91.72000122070312,91.72000122070312,91.66000366210938,91.69999694824219,72.79371643066406,44100,0.132,0.0,0.0
2008-08-04,91.73999786376953,91.73999786376953,91.69999694824219,91.72000122070312,72.80957794189453,190500,0.0,0.0,0.0
2008-08-05,91.73999786376953,91.77999877929688,91.72000122070312,91.73999786376953,72.825439453125,86900,0.0,0.0,0.0
2008-08-06,91.69999694824219,91.76000213623047,91.68000030517578,91.69999694824219,72.79371643066406,75400,0.0,0.0,0.0
2008-08-07,91.69999694824219,91.76000213623047,91.69999694824219,91.76000213623047,72.84136199951172,41350,0.0,0.0,0.0
2008-08-08,91.76000213623047,91.77999877929688,91.68000030517578,91.73999786376953,72.825439453125,68350,0.0,0.0,0.0
2008-08-11,91.68000030517578,91.77999877929688,91.66000366210938,91.76000213623047,72.84136199951172,170300,0.0,0.0,0.0
2008-08-12,91.76000213623047,91.77999877929688,91.69999694824219,91.69999694824219,72.79371643066406,68100,0.0,0.0,0.0
2008-08-13,91.72000122070312,91.77999877929688,91.72000122070312,91.77999877929688,72.85723114013672,70450,0.0,0.0,0.0
2008-08-14,91.73999786376953,91.77999877929688,91.73999786376953,91.76000213623047,72.84136199951172,73000,0.0,0.0,0.0
2008-08-15,91.86000061035156,91.86000061035156,91.73999786376953,91.77999877929688,72.85723114013672,65450,0.0,0.0,0.0
2008-08-18,91.80000305175781,91.80000305175781,91.72000122070312,91.72000122070312,72.80957794189453,77450,0.0,0.0,0.0
2008-08-19,91.73999786376953,91.80000305175781,91.73999786376953,91.80000305175781,72.87310028076172,34100,0.0,0.0,0.0
2008-08-20,91.73999786376953,91.81999969482422,91.73999786376953,91.80000305175781,72.87310028076172,60750,0.0,0.0,0.0
2008-08-21,91.77999877929688,91.81999969482422,91.77999877929688,91.81999969482422,72.88899230957031,28300,0.0,0.0,0.0
2008-08-22,91.81999969482422,91.83999633789062,91.77999877929688,91.83999633789062,72.9049072265625,38950,0.0,0.0,0.0
2008-08-25,91.80000305175781,91.83999633789062,91.80000305175781,91.81999969482422,72.88899230957031,59950,0.0,0.0,0.0
2008-08-26,91.83999633789062,91.86000061035156,91.73999786376953,91.83999633789062,72.9049072265625,143600,0.0,0.0,0.0
2008-08-27,91.80000305175781,91.86000061035156,91.77999877929688,91.83999633789062,72.9049072265625,50300,0.0,0.0,0.0
2008-08-28,91.83999633789062,91.86000061035156,91.80000305175781,91.83999633789062,72.9049072265625,51950,0.0,0.0,0.0
2008-08-29,91.86000061035156,91.86000061035156,91.76000213623047,91.80000305175781,72.87310028076172,46150,0.0,0.0,0.0
2008-09-02,91.69999694824219,91.77999877929688,91.66000366210938,91.73999786376953,72.92556762695312,603900,0.126,0.0,0.0
2008-09-03,91.69999694824219,91.73999786376953,91.69999694824219,91.73999786376953,72.92556762695312,49900,0.0,0.0,0.0
2008-09-04,91.68000030517578,91.73999786376953,91.68000030517578,91.73999786376953,72.92556762695312,55350,0.0,0.0,0.0
2008-09-05,91.72000122070312,91.76000213623047,91.72000122070312,91.76000213623047,72.94146728515625,83600,0.0,0.0,0.0
2008-09-08,91.73999786376953,91.76000213623047,91.72000122070312,91.76000213623047,72.94146728515625,31000,0.0,0.0,0.0
2008-09-09,91.76000213623047,91.77999877929688,91.72000122070312,91.73999786376953,72.92556762695312,61950,0.0,0.0,0.0
2008-09-10,91.76000213623047,91.80000305175781,91.73999786376953,91.77999877929688,72.95736694335938,68600,0.0,0.0,0.0
2008-09-11,91.77999877929688,91.80000305175781,91.73999786376953,91.76000213623047,72.94146728515625,112750,0.0,0.0,0.0
2008-09-12,91.76000213623047,91.81999969482422,91.73999786376953,91.80000305175781,72.9732666015625,96400,0.0,0.0,0.0
2008-09-15,91.87999725341797,92.0199966430664,91.77999877929688,91.9000015258789,73.05276489257812,195200,0.0,0.0,0.0
2008-09-16,91.76000213623047,91.95999908447266,91.76000213623047,91.94000244140625,73.08455657958984,424750,0.0,0.0,0.0
2008-09-17,92.0,92.76000213623047,91.86000061035156,92.33999633789062,73.40252685546875,451300,0.0,0.0,0.0
2008-09-18,92.0,92.80000305175781,91.83999633789062,92.08000183105469,73.19586944580078,916150,0.0,0.0,0.0
2008-09-19,91.4800033569336,97.86000061035156,91.4800033569336,91.76000213623047,72.94146728515625,813150,0.0,0.0,0.0
2008-09-22,91.66000366210938,91.9000015258789,91.66000366210938,91.80000305175781,72.9732666015625,760150,0.0,0.0,0.0
2008-09-23,91.80000305175781,92.0999984741211,91.77999877929688,92.0999984741211,73.2117691040039,238050,0.0,0.0,0.0
2008-09-24,92.05999755859375,92.05999755859375,91.80000305175781,91.81999969482422,72.98914337158203,89300,0.0,0.0,0.0
2008-09-25,91.81999969482422,92.04000091552734,91.81999969482422,91.91999816894531,73.06863403320312,132050,0.0,0.0,0.0
2008-09-26,92.05999755859375,92.26000213623047,91.83999633789062,92.08000183105469,73.19586944580078,185700,0.0,0.0,0.0
2008-09-29,92.0999984741211,94.55999755859375,91.4000015258789,92.4800033569336,73.51383209228516,388850,0.0,0.0,0.0
2008-09-30,92.9800033569336,92.9800033569336,91.91999816894531,92.13999938964844,73.24354553222656,140850,0.0,0.0,0.0
2008-10-01,92.41999816894531,92.41999816894531,91.77999877929688,92.0,73.23239135742188,265950,0.126,0.0,0.0
2008-10-02,91.9800033569336,92.0,91.86000061035156,91.95999908447266,73.20054626464844,193650,0.0,0.0,0.0
2008-10-03,91.81999969482422,92.0,91.80000305175781,91.95999908447266,73.20054626464844,201500,0.0,0.0,0.0
2008-10-06,92.72000122070312,92.72000122070312,91.5999984741211,91.94000244140625,73.18463897705078,324050,0.0,0.0,0.0
2008-10-07,91.95999908447266,91.95999908447266,91.73999786376953,91.91999816894531,73.1687240600586,146850,0.0,0.0,0.0
2008-10-08,91.94000244140625,91.94000244140625,91.72000122070312,91.83999633789062,73.1050796508789,222150,0.0,0.0,0.0
2008-10-09,91.83999633789062,91.9800033569336,91.76000213623047,91.9800033569336,73.21650695800781,177800,0.0,0.0,0.0
2008-10-10,92.0,92.0999984741211,91.4800033569336,92.05999755859375,73.28016662597656,351150,0.0,0.0,0.0
2008-10-13,92.0,92.04000091552734,91.63999938964844,91.69999694824219,72.99362182617188,204600,0.0,0.0,0.0
2008-10-14,91.5999984741211,91.87999725341797,91.54000091552734,91.86000061035156,73.1209716796875,195150,0.0,0.0,0.0
2008-10-15,91.80000305175781,91.94000244140625,91.69999694824219,91.87999725341797,73.13684844970703,204950,0.0,0.0,0.0
2008-10-16,91.95999908447266,91.95999908447266,91.72000122070312,91.83999633789062,73.1050796508789,200950,0.0,0.0,0.0
2008-10-17,91.87999725341797,91.87999725341797,91.62000274658203,91.63999938964844,72.9458236694336,157650,0.0,0.0,0.0
2008-10-20,91.63999938964844,91.87999725341797,91.63999938964844,91.86000061035156,73.1209716796875,145050,0.0,0.0,0.0
2008-10-21,91.86000061035156,91.87999725341797,91.72000122070312,91.86000061035156,73.1209716796875,98050,0.0,0.0,0.0
2008-10-22,91.83999633789062,91.94000244140625,91.69999694824219,91.73999786376953,73.02542877197266,180900,0.0,0.0,0.0
2008-10-23,91.73999786376953,91.86000061035156,91.73999786376953,91.86000061035156,73.1209716796875,151700,0.0,0.0,0.0
2008-10-24,91.73999786376953,92.04000091552734,91.73999786376953,91.76000213623047,73.04134368896484,168150,0.0,0.0,0.0
2008-10-27,91.9000015258789,91.9000015258789,91.77999877929688,91.9000015258789,73.15278625488281,149750,0.0,0.0,0.0
2008-10-28,91.94000244140625,92.05999755859375,91.80000305175781,91.87999725341797,73.13684844970703,186750,0.0,0.0,0.0
2008-10-29,91.83999633789062,91.94000244140625,91.77999877929688,91.77999877929688,73.0572738647461,144300,0.0,0.0,0.0
2008-10-30,91.76000213623047,91.9000015258789,91.76000213623047,91.9000015258789,73.15278625488281,110550,0.0,0.0,0.0
2008-10-31,91.9000015258789,91.94000244140625,91.80000305175781,91.80000305175781,73.07320404052734,175250,0.0,0.0,0.0
2008-11-03,91.81999969482422,91.81999969482422,91.68000030517578,91.68000030517578,73.052490234375,158550,0.094,0.0,0.0
2008-11-04,91.66000366210938,91.80000305175781,91.66000366210938,91.72000122070312,73.0843505859375,96450,0.0,0.0,0.0
2008-11-05,91.73999786376953,91.86000061035156,91.72000122070312,91.76000213623047,73.1162109375,133750,0.0,0.0,0.0
2008-11-06,91.72000122070312,91.94000244140625,91.72000122070312,91.9000015258789,73.22776794433594,118100,0.0,0.0,0.0
2008-11-07,91.9000015258789,91.9000015258789,91.81999969482422,91.9000015258789,73.22776794433594,83900,0.0,0.0,0.0
2008-11-10,91.80000305175781,91.87999725341797,91.80000305175781,91.87999725341797,73.21183776855469,60950,0.0,0.0,0.0
2008-11-11,91.81999969482422,91.9000015258789,91.80000305175781,91.87999725341797,73.21183776855469,88400,0.0,0.0,0.0
2008-11-12,91.87999725341797,91.91999816894531,91.81999969482422,91.9000015258789,73.22776794433594,109050,0.0,0.0,0.0
2008-11-13,91.9000015258789,91.94000244140625,91.83999633789062,91.9000015258789,73.22776794433594,132450,0.0,0.0,0.0
2008-11-14,91.94000244140625,91.94000244140625,91.83999633789062,91.9000015258789,73.22776794433594,132200,0.0,0.0,0.0
2008-11-17,91.87999725341797,91.94000244140625,91.83999633789062,91.94000244140625,73.25965118408203,170900,0.0,0.0,0.0
2008-11-18,91.94000244140625,91.94000244140625,91.77999877929688,91.83999633789062,73.18000030517578,260650,0.0,0.0,0.0
2008-11-19,91.91999816894531,91.91999816894531,91.81999969482422,91.81999969482422,73.16402435302734,81200,0.0,0.0,0.0
2008-11-20,91.94000244140625,91.94000244140625,91.68000030517578,91.87999725341797,73.21183776855469,226150,0.0,0.0,0.0
2008-11-21,91.87999725341797,91.9000015258789,91.80000305175781,91.86000061035156,73.19593048095703,233750,0.0,0.0,0.0
2008-11-24,91.94000244140625,92.19999694824219,91.86000061035156,91.87999725341797,73.21183776855469,253450,0.0,0.0,0.0
2008-11-25,91.9000015258789,91.91999816894531,91.83999633789062,91.9000015258789,73.22776794433594,68400,0.0,0.0,0.0
2008-11-26,91.9000015258789,91.94000244140625,91.81999969482422,91.94000244140625,73.25965118408203,118100,0.0,0.0,0.0
2008-11-28,91.94000244140625,91.94000244140625,91.66000366210938,91.66000366210938,73.03660583496094,39700,0.0,0.0,0.0
2008-12-01,91.9000015258789,91.91999816894531,91.76000213623047,91.86000061035156,73.2374496459961,145000,0.052,0.0,0.0
2008-12-02,91.87999725341797,91.94000244140625,91.80000305175781,91.94000244140625,73.30125427246094,114650,0.0,0.0,0.0
2008-12-03,91.9000015258789,91.9000015258789,91.80000305175781,91.80000305175781,73.18961334228516,92050,0.0,0.0,0.0
2008-12-04,91.80000305175781,91.86000061035156,91.76000213623047,91.76000213623047,73.15773010253906,106250,0.0,0.0,0.0
2008-12-05,91.9000015258789,91.9000015258789,91.73999786376953,91.76000213623047,73.15773010253906,147500,0.0,0.0,0.0
2008-12-08,91.80000305175781,91.86000061035156,91.73999786376953,91.77999877929688,73.17366027832031,190000,0.0,0.0,0.0
2008-12-09,91.86000061035156,91.86000061035156,91.72000122070312,91.73999786376953,73.14175415039062,241200,0.0,0.0,0.0
2008-12-10,91.73999786376953,91.83999633789062,91.73999786376953,91.80000305175781,73.18961334228516,281850,0.0,0.0,0.0
2008-12-11,91.77999877929688,91.87999725341797,91.69999694824219,91.69999694824219,73.10990905761719,158000,0.0,0.0,0.0
2008-12-12,91.73999786376953,91.83999633789062,91.73999786376953,91.73999786376953,73.14175415039062,171400,0.0,0.0,0.0
2008-12-15,91.76000213623047,91.80000305175781,91.72000122070312,91.72000122070312,73.1258544921875,120300,0.0,0.0,0.0
2008-12-16,91.77999877929688,91.81999969482422,91.72000122070312,91.77999877929688,73.17366027832031,176200,0.0,0.0,0.0
2008-12-17,91.72000122070312,91.80000305175781,91.72000122070312,91.72000122070312,73.1258544921875,156850,0.0,0.0,0.0
2008-12-18,91.77999877929688,91.81999969482422,91.5,91.66000366210938,73.0780258178711,774150,0.0,0.0,0.0
2008-12-19,91.77999877929688,91.83999633789062,91.66000366210938,91.72000122070312,73.1258544921875,202500,0.0,0.0,0.0
2008-12-22,91.81999969482422,91.83999633789062,91.69999694824219,91.83999633789062,73.2215347290039,116100,0.0,0.0,0.0
2008-12-23,91.81999969482422,91.83999633789062,91.73999786376953,91.73999786376953,73.14175415039062,155600,0.0,0.0,0.0
2008-12-24,91.87999725341797,91.87999725341797,91.73999786376953,91.83999633789062,73.2215347290039,68100,0.0,0.0,0.0
2008-12-26,91.76000213623047,91.87999725341797,91.76000213623047,91.83999633789062,73.2215347290039,70500,0.0,0.0,0.0
2008-12-29,91.5999984741211,91.63999938964844,91.4000015258789,91.45999908447266,72.96302032470703,87100,0.056,0.0,0.0
2008-12-30,91.69999694824219,91.77999877929688,91.5999984741211,91.77999877929688,73.21829986572266,125200,0.0,0.0,0.0
2008-12-31,91.66000366210938,91.72000122070312,91.4800033569336,91.58000183105469,73.05882263183594,163600,0.0,0.0,0.0
2009-01-02,91.69999694824219,91.77999877929688,91.5999984741211,91.5999984741211,73.07470703125,110100,0.0,0.0,0.0
2009-01-05,91.77999877929688,91.77999877929688,91.58000183105469,91.5999984741211,73.07470703125,196850,0.0,0.0,0.0
2009-01-06,91.5999984741211,91.68000030517578,91.5999984741211,91.62000274658203,73.09068298339844,94200,0.0,0.0,0.0
2009-01-07,91.62000274658203,91.77999877929688,91.62000274658203,91.76000213623047,73.20238494873047,214050,0.0,0.0,0.0
2009-01-08,91.66000366210938,91.72000122070312,91.63999938964844,91.66000366210938,73.12258911132812,64900,0.0,0.0,0.0
2009-01-09,91.69999694824219,91.81999969482422,91.63999938964844,91.72000122070312,73.17047119140625,87900,0.0,0.0,0.0
2009-01-12,91.72000122070312,91.87999725341797,91.68000030517578,91.68000030517578,73.13854217529297,178700,0.0,0.0,0.0
2009-01-13,91.76000213623047,91.87999725341797,91.69999694824219,91.80000305175781,73.23424530029297,1438550,0.0,0.0,0.0
2009-01-14,91.83999633789062,91.83999633789062,91.76000213623047,91.81999969482422,73.25023651123047,4573650,0.0,0.0,0.0
2009-01-15,91.76000213623047,91.83999633789062,91.69999694824219,91.83999633789062,73.26622772216797,207800,0.0,0.0,0.0
2009-01-16,91.72000122070312,91.81999969482422,91.72000122070312,91.77999877929688,73.21829986572266,116500,0.0,0.0,0.0
2009-01-20,91.81999969482422,91.87999725341797,91.62000274658203,91.62000274658203,73.09068298339844,1157900,0.0,0.0,0.0
2009-01-21,91.68000030517578,91.77999877929688,91.63999938964844,91.77999877929688,73.21829986572266,133400,0.0,0.0,0.0
2009-01-22,91.68000030517578,91.80000305175781,91.68000030517578,91.80000305175781,73.23424530029297,116900,0.0,0.0,0.0
2009-01-23,91.69999694824219,91.80000305175781,91.66000366210938,91.77999877929688,73.21829986572266,94600,0.0,0.0,0.0
2009-01-26,91.80000305175781,91.80000305175781,91.68000030517578,91.76000213623047,73.20238494873047,98500,0.0,0.0,0.0
2009-01-27,91.77999877929688,91.77999877929688,91.66000366210938,91.72000122070312,73.17047119140625,105150,0.0,0.0,0.0
2009-01-28,91.76000213623047,91.76000213623047,91.66000366210938,91.68000030517578,73.13854217529297,67450,0.0,0.0,0.0
2009-01-29,91.69999694824219,91.73999786376953,91.63999938964844,91.68000030517578,73.13854217529297,226450,0.0,0.0,0.0
2009-01-30,91.68000030517578,91.76000213623047,91.68000030517578,91.76000213623047,73.20238494873047,141800,0.0,0.0,0.0
2009-02-02,91.73999786376953,91.81999969482422,91.66000366210938,91.80000305175781,73.24700927734375,513900,0.016,0.0,0.0
2009-02-03,91.76000213623047,91.77999877929688,91.69999694824219,91.72000122070312,73.18321990966797,121850,0.0,0.0,0.0
2009-02-04,91.72000122070312,91.77999877929688,91.68000030517578,91.77999877929688,73.23106384277344,67700,0.0,0.0,0.0
2009-02-05,91.73999786376953,91.77999877929688,91.69999694824219,91.73999786376953,73.19913482666016,121950,0.0,0.0,0.0
2009-02-06,91.5999984741211,91.72000122070312,91.58000183105469,91.5999984741211,73.08746337890625,1654150,0.0,0.0,0.0
2009-02-09,91.69999694824219,91.73999786376953,91.63999938964844,91.72000122070312,73.18321990966797,164200,0.0,0.0,0.0
2009-02-10,91.66000366210938,91.76000213623047,91.66000366210938,91.69999694824219,73.16727447509766,198100,0.0,0.0,0.0
2009-02-11,91.72000122070312,91.72000122070312,91.68000030517578,91.68000030517578,73.15132141113281,147750,0.0,0.0,0.0
2009-02-12,91.72000122070312,91.73999786376953,91.68000030517578,91.68000030517578,73.15132141113281,161100,0.0,0.0,0.0
2009-02-13,91.68000030517578,91.76000213623047,91.66000366210938,91.76000213623047,73.21513366699219,1087600,0.0,0.0,0.0
2009-02-17,91.76000213623047,91.77999877929688,91.72000122070312,91.76000213623047,73.21513366699219,2976300,0.0,0.0,0.0
2009-02-18,91.68000030517578,91.77999877929688,91.68000030517578,91.77999877929688,73.23106384277344,666500,0.0,0.0,0.0
2009-02-19,91.72000122070312,91.80000305175781,91.69999694824219,91.77999877929688,73.23106384277344,641800,0.0,0.0,0.0
2009-02-20,91.72000122070312,91.77999877929688,91.72000122070312,91.77999877929688,73.23106384277344,227400,0.0,0.0,0.0
2009-02-23,91.76000213623047,91.77999877929688,91.72000122070312,91.76000213623047,73.21513366699219,342350,0.0,0.0,0.0
2009-02-24,91.76000213623047,91.76000213623047,91.63999938964844,91.69999694824219,73.16727447509766,3389950,0.0,0.0,0.0
2009-02-25,91.72000122070312,91.73999786376953,91.66000366210938,91.66000366210938,73.1353530883789,1315150,0.0,0.0,0.0
2009-02-26,91.73999786376953,91.73999786376953,91.68000030517578,91.68000030517578,73.15132141113281,201300,0.0,0.0,0.0
2009-02-27,91.72000122070312,91.77999877929688,91.69999694824219,91.73999786376953,73.19913482666016,142750,0.0,0.0,0.0
2009-03-02,91.76000213623047,91.80000305175781,91.72000122070312,91.77999877929688,73.24224090576172,325450,0.014,0.0,0.0
2009-03-03,91.80000305175781,91.80000305175781,91.66000366210938,91.76000213623047,73.22628784179688,397650,0.0,0.0,0.0
2009-03-04,91.77999877929688,91.77999877929688,91.68000030517578,91.76000213623047,73.22628784179688,140900,0.0,0.0,0.0
2009-03-05,91.73999786376953,91.77999877929688,91.69999694824219,91.77999877929688,73.24224090576172,246000,0.0,0.0,0.0
2009-03-06,91.72000122070312,91.77999877929688,91.72000122070312,91.76000213623047,73.22628784179688,278150,0.0,0.0,0.0
2009-03-09,91.80000305175781,91.80000305175781,91.73999786376953,91.76000213623047,73.22628784179688,258650,0.0,0.0,0.0
2009-03-10,91.77999877929688,91.77999877929688,91.69999694824219,91.76000213623047,73.22628784179688,136850,0.0,0.0,0.0
2009-03-11,91.72000122070312,91.76000213623047,91.66000366210938,91.76000213623047,73.22628784179688,281650,0.0,0.0,0.0
2009-03-12,91.68000030517578,91.76000213623047,91.68000030517578,91.72000122070312,73.19438171386719,160550,0.0,0.0,0.0
2009-03-13,91.72000122070312,91.76000213623047,91.68000030517578,91.69999694824219,73.17845153808594,299750,0.0,0.0,0.0
2009-03-16,91.68000030517578,91.72000122070312,91.66000366210938,91.68000030517578,73.16248321533203,258800,0.0,0.0,0.0
2009-03-17,91.68000030517578,91.73999786376953,91.68000030517578,91.73999786376953,73.2103042602539,141750,0.0,0.0,0.0
2009-03-18,91.72000122070312,91.81999969482422,91.68000030517578,91.76000213623047,73.22628784179688,421100,0.0,0.0,0.0
2009-03-19,91.72000122070312,91.76000213623047,91.68000030517578,91.69999694824219,73.17845153808594,395000,0.0,0.0,0.0
2009-03-20,91.76000213623047,91.76000213623047,91.72000122070312,91.73999786376953,73.2103042602539,198550,0.0,0.0,0.0
2009-03-23,91.76000213623047,91.76000213623047,91.69999694824219,91.76000213623047,73.22628784179688,165300,0.0,0.0,0.0
2009-03-24,91.72000122070312,91.76000213623047,91.72000122070312,91.73999786376953,73.2103042602539,133750,0.0,0.0,0.0
2009-03-25,91.73999786376953,91.77999877929688,91.73999786376953,91.77999877929688,73.24224090576172,165200,0.0,0.0,0.0
2009-03-26,91.72000122070312,91.77999877929688,91.72000122070312,91.76000213623047,73.22628784179688,464750,0.0,0.0,0.0
2009-03-27,91.76000213623047,91.77999877929688,91.73999786376953,91.77999877929688,73.24224090576172,191750,0.0,0.0,0.0
2009-03-30,91.77999877929688,91.77999877929688,91.73999786376953,91.76000213623047,73.22628784179688,173650,0.0,0.0,0.0
2009-03-31,91.73999786376953,91.76000213623047,91.72000122070312,91.72000122070312,73.19438171386719,160650,0.0,0.0,0.0
2009-04-01,91.72000122070312,91.77999877929688,91.69999694824219,91.72000122070312,73.2071533203125,218500,0.016,0.0,0.0
2009-04-02,91.69999694824219,91.73999786376953,91.66000366210938,91.66000366210938,73.1592788696289,1172500,0.0,0.0,0.0
2009-04-03,91.66000366210938,91.72000122070312,91.66000366210938,91.72000122070312,73.2071533203125,274350,0.0,0.0,0.0
2009-04-06,91.68000030517578,91.73999786376953,91.66000366210938,91.69999694824219,73.19123077392578,242350,0.0,0.0,0.0
2009-04-07,91.68000030517578,91.72000122070312,91.68000030517578,91.69999694824219,73.19123077392578,153000,0.0,0.0,0.0
2009-04-08,91.73999786376953,91.76000213623047,91.68000030517578,91.73999786376953,73.22308349609375,150150,0.0,0.0,0.0
2009-04-09,91.72000122070312,91.72000122070312,91.68000030517578,91.68000030517578,73.1752700805664,542500,0.0,0.0,0.0
2009-04-13,91.68000030517578,91.73999786376953,91.68000030517578,91.73999786376953,73.22308349609375,243500,0.0,0.0,0.0
2009-04-14,91.69999694824219,91.72000122070312,91.68000030517578,91.69999694824219,73.19123077392578,125600,0.0,0.0,0.0
2009-04-15,91.72000122070312,91.73999786376953,91.68000030517578,91.69999694824219,73.19123077392578,158950,0.0,0.0,0.0
2009-04-16,91.72000122070312,91.76000213623047,91.68000030517578,91.76000213623047,73.23906707763672,176000,0.0,0.0,0.0
2009-04-17,91.76000213623047,91.76000213623047,91.66000366210938,91.66000366210938,73.1592788696289,467950,0.0,0.0,0.0
2009-04-20,91.69999694824219,91.72000122070312,91.66000366210938,91.69999694824219,73.19123077392578,115500,0.0,0.0,0.0
2009-04-21,91.69999694824219,91.72000122070312,91.68000030517578,91.68000030517578,73.1752700805664,118850,0.0,0.0,0.0
2009-04-22,91.72000122070312,91.73999786376953,91.69999694824219,91.73999786376953,73.22308349609375,95150,0.0,0.0,0.0
2009-04-23,91.76000213623047,91.77999877929688,91.72000122070312,91.77999877929688,73.2550277709961,182200,0.0,0.0,0.0
2009-04-24,91.73999786376953,91.77999877929688,91.72000122070312,91.77999877929688,73.2550277709961,98800,0.0,0.0,0.0
2009-04-27,91.69999694824219,91.77999877929688,91.69999694824219,91.76000213623047,73.23906707763672,151000,0.0,0.0,0.0
2009-04-28,91.72000122070312,91.77999877929688,91.72000122070312,91.77999877929688,73.2550277709961,300600,0.0,0.0,0.0
2009-04-29,91.76000213623047,91.77999877929688,91.73999786376953,91.76000213623047,73.23906707763672,143450,0.0,0.0,0.0
2009-04-30,91.76000213623047,91.77999877929688,91.72000122070312,91.76000213623047,73.23906707763672,183900,0.0,0.0,0.0
2009-05-01,91.72000122070312,91.77999877929688,91.69999694824219,91.77999877929688,73.26301574707031,62300,0.01,0.0,0.0
2009-05-04,91.72000122070312,91.76000213623047,91.66000366210938,91.66000366210938,73.16724395751953,151350,0.0,0.0,0.0
2009-05-05,91.69999694824219,91.72000122070312,91.66000366210938,91.68000030517578,73.18324279785156,199150,0.0,0.0,0.0
2009-05-06,91.66000366210938,91.73999786376953,91.66000366210938,91.66000366210938,73.16724395751953,97050,0.0,0.0,0.0
2009-05-07,91.66000366210938,91.72000122070312,91.66000366210938,91.66000366210938,73.16724395751953,133800,0.0,0.0,0.0
2009-05-08,91.68000030517578,91.69999694824219,91.66000366210938,91.68000030517578,73.18324279785156,187700,0.0,0.0,0.0
2009-05-11,91.66000366210938,91.76000213623047,91.66000366210938,91.66000366210938,73.16724395751953,220050,0.0,0.0,0.0
2009-05-12,91.66000366210938,91.76000213623047,91.66000366210938,91.73999786376953,73.23104858398438,152400,0.0,0.0,0.0
2009-05-13,91.68000030517578,91.73999786376953,91.68000030517578,91.68000030517578,73.18324279785156,100350,0.0,0.0,0.0
2009-05-14,91.68000030517578,91.72000122070312,91.68000030517578,91.69999694824219,73.19918823242188,232850,0.0,0.0,0.0
2009-05-15,91.73999786376953,91.73999786376953,91.68000030517578,91.69999694824219,73.19918823242188,107200,0.0,0.0,0.0
2009-05-18,91.68000030517578,91.76000213623047,91.68000030517578,91.76000213623047,73.2470474243164,342350,0.0,0.0,0.0
2009-05-19,91.69999694824219,91.73999786376953,91.68000030517578,91.73999786376953,73.23104858398438,122100,0.0,0.0,0.0
2009-05-20,91.69999694824219,91.72000122070312,91.66000366210938,91.66000366210938,73.16724395751953,484850,0.0,0.0,0.0
2009-05-21,91.68000030517578,91.73999786376953,91.68000030517578,91.72000122070312,73.21513366699219,293850,0.0,0.0,0.0
2009-05-22,91.73999786376953,91.73999786376953,91.68000030517578,91.73999786376953,73.23104858398438,231500,0.0,0.0,0.0
2009-05-26,91.73999786376953,91.76000213623047,91.69999694824219,91.76000213623047,73.2470474243164,113700,0.0,0.0,0.0
2009-05-27,91.69999694824219,91.77999877929688,91.69999694824219,91.76000213623047,73.2470474243164,175100,0.0,0.0,0.0
2009-05-28,91.76000213623047,91.77999877929688,91.72000122070312,91.73999786376953,73.23104858398438,85350,0.0,0.0,0.0
2009-05-29,91.73999786376953,91.76000213623047,91.73999786376953,91.76000213623047,73.2470474243164,105750,0.0,0.0,0.0
2009-06-01,91.76000213623047,91.76000213623047,91.68000030517578,91.68000030517578,73.18958282470703,348100,0.008,0.0,0.0
2009-06-02,91.69999694824219,91.73999786376953,91.68000030517578,91.68000030517578,73.18958282470703,912000,0.0,0.0,0.0
2009-06-03,91.68000030517578,91.76000213623047,91.68000030517578,91.72000122070312,73.22152709960938,76500,0.0,0.0,0.0
2009-06-04,91.72000122070312,91.73999786376953,91.68000030517578,91.72000122070312,73.22152709960938,134000,0.0,0.0,0.0
2009-06-05,91.72000122070312,91.72000122070312,91.66000366210938,91.69999694824219,73.20558166503906,271900,0.0,0.0,0.0
2009-06-08,91.69999694824219,91.73999786376953,91.66000366210938,91.72000122070312,73.22152709960938,132200,0.0,0.0,0.0
2009-06-09,91.68000030517578,91.72000122070312,91.68000030517578,91.69999694824219,73.20558166503906,101650,0.0,0.0,0.0
2009-06-10,91.72000122070312,91.73999786376953,91.68000030517578,91.72000122070312,73.22152709960938,124200,0.0,0.0,0.0
2009-06-11,91.69999694824219,91.72000122070312,91.66000366210938,91.66000366210938,73.17364501953125,98050,0.0,0.0,0.0
2009-06-12,91.69999694824219,91.73999786376953,91.68000030517578,91.73999786376953,73.23745727539062,216350,0.0,0.0,0.0
2009-06-15,91.72000122070312,91.73999786376953,91.68000030517578,91.73999786376953,73.23745727539062,116850,0.0,0.0,0.0
2009-06-16,91.73999786376953,91.76000213623047,91.69999694824219,91.76000213623047,73.25345611572266,711450,0.0,0.0,0.0
2009-06-17,91.76000213623047,91.76000213623047,91.72000122070312,91.76000213623047,73.25345611572266,153400,0.0,0.0,0.0
2009-06-18,91.76000213623047,91.76000213623047,91.72000122070312,91.73999786376953,73.23745727539062,330100,0.0,0.0,0.0
2009-06-19,91.72000122070312,91.76000213623047,91.69999694824219,91.76000213623047,73.25345611572266,232600,0.0,0.0,0.0
2009-06-22,91.76000213623047,91.76000213623047,91.72000122070312,91.76000213623047,73.25345611572266,214900,0.0,0.0,0.0
2009-06-23,91.76000213623047,91.76000213623047,91.73999786376953,91.76000213623047,73.25345611572266,242400,0.0,0.0,0.0
2009-06-24,91.76000213623047,91.76000213623047,91.73999786376953,91.76000213623047,73.25345611572266,173300,0.0,0.0,0.0
2009-06-25,91.73999786376953,91.77999877929688,91.73999786376953,91.76000213623047,73.25345611572266,322950,0.0,0.0,0.0
2009-06-26,91.73999786376953,91.76000213623047,91.72000122070312,91.76000213623047,73.25345611572266,127350,0.0,0.0,0.0
2009-06-29,91.76000213623047,91.76000213623047,91.73999786376953,91.76000213623047,73.25345611572266,136600,0.0,0.0,0.0
2009-06-30,91.76000213623047,91.76000213623047,91.73999786376953,91.73999786376953,73.23745727539062,189550,0.0,0.0,0.0
2009-07-01,91.73999786376953,91.76000213623047,91.73999786376953,91.73999786376953,73.23905181884766,94400,0.002,0.0,0.0
2009-07-02,91.76000213623047,91.76000213623047,91.73999786376953,91.76000213623047,73.25505065917969,100100,0.0,0.0,0.0
2009-07-06,91.73999786376953,91.76000213623047,91.73999786376953,91.73999786376953,73.23905181884766,113200,0.0,0.0,0.0
2009-07-07,91.76000213623047,91.76000213623047,91.73999786376953,91.73999786376953,73.23905181884766,146100,0.0,0.0,0.0
2009-07-08,91.76000213623047,91.76000213623047,91.73999786376953,91.76000213623047,73.25505065917969,170500,0.0,0.0,0.0
2009-07-09,91.76000213623047,91.76000213623047,91.73999786376953,91.73999786376953,73.23905181884766,113000,0.0,0.0,0.0
2009-07-10,91.73999786376953,91.76000213623047,91.73999786376953,91.73999786376953,73.23905181884766,246100,0.0,0.0,0.0
2009-07-13,91.73999786376953,91.76000213623047,91.72000122070312,91.76000213623047,73.25505065917969,430750,0.0,0.0,0.0
2009-07-14,91.76000213623047,91.76000213623047,91.73999786376953,91.76000213623047,73.25505065917969,143300,0.0,0.0,0.0
2009-07-15,91.76000213623047,91.76000213623047,91.72000122070312,91.72000122070312,73.22312927246094,149050,0.0,0.0,0.0
2009-07-16,91.72000122070312,91.76000213623047,91.72000122070312,91.76000213623047,73.25505065917969,204950,0.0,0.0,0.0
2009-07-17,91.72000122070312,91.76000213623047,91.72000122070312,91.76000213623047,73.25505065917969,122750,0.0,0.0,0.0
2009-07-20,91.72000122070312,91.73999786376953,91.72000122070312,91.72000122070312,73.22312927246094,269600,0.0,0.0,0.0
2009-07-21,91.72000122070312,91.73999786376953,91.69999694824219,91.72000122070312,73.22312927246094,509850,0.0,0.0,0.0
2009-07-22,91.72000122070312,91.73999786376953,91.69999694824219,91.73999786376953,73.23905181884766,266750,0.0,0.0,0.0
2009-07-23,91.72000122070312,91.72000122070312,91.69999694824219,91.72000122070312,73.22312927246094,461600,0.0,0.0,0.0
2009-07-24,91.72000122070312,91.72000122070312,91.69999694824219,91.69999694824219,73.20716857910156,815800,0.0,0.0,0.0
2009-07-27,91.69999694824219,91.72000122070312,91.69999694824219,91.69999694824219,73.20716857910156,158600,0.0,0.0,0.0
2009-07-28,91.72000122070312,91.72000122070312,91.69999694824219,91.72000122070312,73.22312927246094,243500,0.0,0.0,0.0
2009-07-29,91.72000122070312,91.73999786376953,91.69999694824219,91.72000122070312,73.22312927246094,133950,0.0,0.0,0.0
2009-07-30,91.69999694824219,91.76000213623047,91.69999694824219,91.73999786376953,73.23905181884766,220100,0.0,0.0,0.0
2009-07-31,91.72000122070312,91.73999786376953,91.68000030517578,91.68000030517578,73.19117736816406,102950,0.0,0.0,0.0
2009-08-03,91.69999694824219,91.72000122070312,91.68000030517578,91.69999694824219,73.21036529541016,438050,0.004,0.0,0.0
2009-08-04,91.72000122070312,91.72000122070312,91.68000030517578,91.72000122070312,73.226318359375,239900,0.0,0.0,0.0
2009-08-05,91.69999694824219,91.72000122070312,91.68000030517578,91.69999694824219,73.21036529541016,188900,0.0,0.0,0.0
2009-08-06,91.69999694824219,91.72000122070312,91.69999694824219,91.69999694824219,73.21036529541016,85550,0.0,0.0,0.0
2009-08-07,91.69999694824219,91.72000122070312,91.69999694824219,91.69999694824219,73.21036529541016,147250,0.0,0.0,0.0
2009-08-10,91.72000122070312,91.72000122070312,91.68000030517578,91.69999694824219,73.21036529541016,134500,0.0,0.0,0.0
2009-08-11,91.72000122070312,91.72000122070312,91.69999694824219,91.69999694824219,73.21036529541016,88950,0.0,0.0,0.0
2009-08-12,91.69999694824219,91.73999786376953,91.69999694824219,91.73999786376953,73.24223327636719,188500,0.0,0.0,0.0
2009-08-13,91.72000122070312,91.73999786376953,91.69999694824219,91.69999694824219,73.21036529541016,149000,0.0,0.0,0.0
2009-08-14,91.69999694824219,91.73999786376953,91.68000030517578,91.73999786376953,73.24223327636719,129500,0.0,0.0,0.0
2009-08-17,91.72000122070312,91.73999786376953,91.69999694824219,91.69999694824219,73.21036529541016,115200,0.0,0.0,0.0
2009-08-18,91.73999786376953,91.73999786376953,91.69999694824219,91.73999786376953,73.24223327636719,73450,0.0,0.0,0.0
2009-08-19,91.69999694824219,91.73999786376953,91.69999694824219,91.69999694824219,73.21036529541016,67050,0.0,0.0,0.0
2009-08-20,91.73999786376953,91.73999786376953,91.69999694824219,91.72000122070312,73.226318359375,143100,0.0,0.0,0.0
2009-08-21,91.69999694824219,91.72000122070312,91.69999694824219,91.69999694824219,73.21036529541016,176100,0.0,0.0,0.0
2009-08-24,91.69999694824219,91.72000122070312,91.69999694824219,91.69999694824219,73.21036529541016,202300,0.0,0.0,0.0
2009-08-25,91.69999694824219,91.72000122070312,91.69999694824219,91.69999694824219,73.21036529541016,398550,0.0,0.0,0.0
2009-08-26,91.69999694824219,91.72000122070312,91.69999694824219,91.72000122070312,73.226318359375,90100,0.0,0.0,0.0
2009-08-27,91.69999694824219,91.73999786376953,91.69999694824219,91.72000122070312,73.226318359375,118750,0.0,0.0,0.0
2009-08-28,91.72000122070312,91.76000213623047,91.69999694824219,91.73999786376953,73.24223327636719,83550,0.0,0.0,0.0
2009-08-31,91.73999786376953,91.73999786376953,91.72000122070312,91.73999786376953,73.24223327636719,153700,0.0,0.0,0.0
2009-09-01,91.73999786376953,91.73999786376953,91.68000030517578,91.68000030517578,73.19760131835938,438500,0.004,0.0,0.0
2009-09-02,91.73999786376953,91.76000213623047,91.68000030517578,91.76000213623047,73.26143646240234,334750,0.0,0.0,0.0
2009-09-03,91.72000122070312,91.76000213623047,91.72000122070312,91.76000213623047,73.26143646240234,174700,0.0,0.0,0.0
2009-09-04,91.72000122070312,91.76000213623047,91.72000122070312,91.76000213623047,73.26143646240234,78850,0.0,0.0,0.0
2009-09-08,91.72000122070312,91.76000213623047,91.72000122070312,91.76000213623047,73.26143646240234,159000,0.0,0.0,0.0
2009-09-09,91.73999786376953,91.76000213623047,91.69999694824219,91.69999694824219,73.21356964111328,119100,0.0,0.0,0.0
2009-09-10,91.73999786376953,91.73999786376953,91.69999694824219,91.72000122070312,73.22950744628906,148450,0.0,0.0,0.0
2009-09-11,91.69999694824219,91.72000122070312,91.69999694824219,91.69999694824219,73.21356964111328,211600,0.0,0.0,0.0
2009-09-14,91.73999786376953,91.73999786376953,91.69999694824219,91.69999694824219,73.21356964111328,89550,0.0,0.0,0.0
2009-09-15,91.69999694824219,91.72000122070312,91.69999694824219,91.69999694824219,73.21356964111328,167500,0.0,0.0,0.0
2009-09-16,91.69999694824219,91.72000122070312,91.69999694824219,91.69999694824219,73.21356964111328,167900,0.0,0.0,0.0
2009-09-17,91.72000122070312,91.73999786376953,91.69999694824219,91.72000122070312,73.22950744628906,196700,0.0,0.0,0.0
2009-09-18,91.69999694824219,91.72000122070312,91.69999694824219,91.69999694824219,73.21356964111328,483250,0.0,0.0,0.0
2009-09-21,91.69999694824219,91.76000213623047,91.69999694824219,91.76000213623047,73.26143646240234,101900,0.0,0.0,0.0
2009-09-22,91.73999786376953,91.73999786376953,91.69999694824219,91.69999694824219,73.21356964111328,187200,0.0,0.0,0.0
2009-09-23,91.72000122070312,91.73999786376953,91.69999694824219,91.73999786376953,73.24543762207031,129750,0.0,0.0,0.0
2009-09-24,91.73999786376953,91.73999786376953,91.69999694824219,91.69999694824219,73.21356964111328,98950,0.0,0.0,0.0
2009-09-25,91.72000122070312,91.73999786376953,91.69999694824219,91.73999786376953,73.24543762207031,80550,0.0,0.0,0.0
2009-09-28,91.72000122070312,91.76000213623047,91.69999694824219,91.76000213623047,73.26143646240234,198050,0.0,0.0,0.0
2009-09-29,91.72000122070312,91.76000213623047,91.72000122070312,91.76000213623047,73.26143646240234,95550,0.0,0.0,0.0
2009-09-30,91.72000122070312,91.77999877929688,91.72000122070312,91.76000213623047,73.26143646240234,142500,0.0,0.0,0.0
2009-10-01,91.72000122070312,91.73999786376953,91.69999694824219,91.69999694824219,73.21673583984375,591400,0.004,0.0,0.0
2009-10-02,91.72000122070312,91.76000213623047,91.69999694824219,91.69999694824219,73.21673583984375,108800,0.0,0.0,0.0
2009-10-05,91.72000122070312,91.73999786376953,91.69999694824219,91.73999786376953,73.24864959716797,133750,0.0,0.0,0.0
2009-10-06,91.73999786376953,91.73999786376953,91.69999694824219,91.69999694824219,73.21673583984375,227700,0.0,0.0,0.0
2009-10-07,91.69999694824219,91.73999786376953,91.69999694824219,91.73999786376953,73.24864959716797,106550,0.0,0.0,0.0
2009-10-08,91.72000122070312,91.73999786376953,91.69999694824219,91.69999694824219,73.21673583984375,109950,0.0,0.0,0.0
2009-10-09,91.72000122070312,91.73999786376953,91.69999694824219,91.72000122070312,73.2326889038086,228900,0.0,0.0,0.0
2009-10-12,91.72000122070312,91.73999786376953,91.69999694824219,91.72000122070312,73.2326889038086,101850,0.0,0.0,0.0
2009-10-13,91.72000122070312,91.72000122070312,91.69999694824219,91.72000122070312,73.2326889038086,80250,0.0,0.0,0.0
2009-10-14,91.69999694824219,91.72000122070312,91.69999694824219,91.69999694824219,73.21673583984375,345450,0.0,0.0,0.0
2009-10-15,91.69999694824219,91.72000122070312,91.69999694824219,91.69999694824219,73.21673583984375,122150,0.0,0.0,0.0
2009-10-16,91.69999694824219,91.73999786376953,91.69999694824219,91.73999786376953,73.24864959716797,88950,0.0,0.0,0.0
2009-10-19,91.72000122070312,91.73999786376953,91.69999694824219,91.72000122070312,73.2326889038086,100550,0.0,0.0,0.0
2009-10-20,91.69999694824219,91.72000122070312,91.69999694824219,91.69999694824219,73.21673583984375,132850,0.0,0.0,0.0
2009-10-21,91.72000122070312,91.72000122070312,91.69999694824219,91.69999694824219,73.21673583984375,83700,0.0,0.0,0.0
2009-10-22,91.69999694824219,91.72000122070312,91.69999694824219,91.69999694824219,73.21673583984375,135300,0.0,0.0,0.0
2009-10-23,91.69999694824219,91.72000122070312,91.69999694824219,91.69999694824219,73.21673583984375,161750,0.0,0.0,0.0
2009-10-26,91.69999694824219,91.72000122070312,91.69999694824219,91.69999694824219,73.21673583984375,82950,0.0,0.0,0.0
2009-10-27,91.72000122070312,91.73999786376953,91.69999694824219,91.69999694824219,73.21673583984375,111350,0.0,0.0,0.0
2009-10-28,91.69999694824219,91.72000122070312,91.69999694824219,91.69999694824219,73.21673583984375,79600,0.0,0.0,0.0
2009-10-29,91.72000122070312,91.76000213623047,91.69999694824219,91.72000122070312,73.2326889038086,210250,0.0,0.0,0.0
2009-10-30,91.73999786376953,91.76000213623047,91.73999786376953,91.76000213623047,73.2646255493164,190950,0.0,0.0,0.0
2009-11-02,91.76000213623047,91.76000213623047,91.73999786376953,91.76000213623047,73.2662353515625,245400,0.002,0.0,0.0
2009-11-03,91.76000213623047,91.76000213623047,91.73999786376953,91.76000213623047,73.2662353515625,143450,0.0,0.0,0.0
2009-11-04,91.73999786376953,91.77999877929688,91.72000122070312,91.73999786376953,73.25025939941406,638050,0.0,0.0,0.0
2009-11-05,91.76000213623047,91.76000213623047,91.73999786376953,91.73999786376953,73.25025939941406,158650,0.0,0.0,0.0
2009-11-06,91.73999786376953,91.76000213623047,91.73999786376953,91.76000213623047,73.2662353515625,78850,0.0,0.0,0.0
2009-11-09,91.73999786376953,91.76000213623047,91.73999786376953,91.76000213623047,73.2662353515625,161150,0.0,0.0,0.0
2009-11-10,91.76000213623047,91.76000213623047,91.69999694824219,91.69999694824219,73.21832275390625,162900,0.0,0.0,0.0
2009-11-11,91.72000122070312,91.72000122070312,91.69999694824219,91.69999694824219,73.21832275390625,196250,0.0,0.0,0.0
2009-11-12,91.73999786376953,91.73999786376953,91.69999694824219,91.69999694824219,73.21832275390625,95300,0.0,0.0,0.0
2009-11-13,91.69999694824219,91.73999786376953,91.69999694824219,91.69999694824219,73.21832275390625,177350,0.0,0.0,0.0
2009-11-16,91.73999786376953,91.73999786376953,91.69999694824219,91.69999694824219,73.21832275390625,199650,0.0,0.0,0.0
2009-11-17,91.72000122070312,91.72000122070312,91.69999694824219,91.69999694824219,73.21832275390625,102100,0.0,0.0,0.0
2009-11-18,91.72000122070312,91.73999786376953,91.69999694824219,91.69999694824219,73.21832275390625,110500,0.0,0.0,0.0
2009-11-19,91.72000122070312,91.72000122070312,91.69999694824219,91.69999694824219,73.21832275390625,87400,0.0,0.0,0.0
2009-11-20,91.69999694824219,91.72000122070312,91.68000030517578,91.69999694824219,73.21832275390625,205250,0.0,0.0,0.0
2009-11-23,91.69999694824219,91.72000122070312,91.69999694824219,91.69999694824219,73.21832275390625,63200,0.0,0.0,0.0
2009-11-24,91.69999694824219,91.72000122070312,91.69999694824219,91.69999694824219,73.21832275390625,197200,0.0,0.0,0.0
2009-11-25,91.69999694824219,91.72000122070312,91.69999694824219,91.69999694824219,73.21832275390625,59350,0.0,0.0,0.0
2009-11-27,91.72000122070312,91.72000122070312,91.69999694824219,91.72000122070312,73.23429870605469,14150,0.0,0.0,0.0
2009-11-30,91.69999694824219,91.76000213623047,91.69999694824219,91.72000122070312,73.23429870605469,271800,0.0,0.0,0.0
2009-12-01,91.73999786376953,91.73999786376953,91.69999694824219,91.72000122070312,73.23429870605469,124650,0.0,0.0,0.0
2009-12-02,91.73999786376953,91.73999786376953,91.69999694824219,91.69999694824219,73.21832275390625,100950,0.0,0.0,0.0
2009-12-03,91.69999694824219,91.73999786376953,91.69999694824219,91.69999694824219,73.21832275390625,80400,0.0,0.0,0.0
2009-12-04,91.69999694824219,91.73999786376953,91.69999694824219,91.73999786376953,73.25025939941406,75150,0.0,0.0,0.0
2009-12-07,91.69999694824219,91.73999786376953,91.69999694824219,91.69999694824219,73.21832275390625,98500,0.0,0.0,0.0
2009-12-08,91.72000122070312,91.72000122070312,91.69999694824219,91.69999694824219,73.21832275390625,162700,0.0,0.0,0.0
2009-12-09,91.69999694824219,91.73999786376953,91.69999694824219,91.73999786376953,73.25025939941406,181550,0.0,0.0,0.0
2009-12-10,91.73999786376953,91.73999786376953,91.69999694824219,91.69999694824219,73.21832275390625,55600,0.0,0.0,0.0
2009-12-11,91.73999786376953,91.73999786376953,91.69999694824219,91.69999694824219,73.21832275390625,131850,0.0,0.0,0.0
2009-12-14,91.69999694824219,91.72000122070312,91.68000030517578,91.68000030517578,73.20236206054688,263450,0.0,0.0,0.0
2009-12-15,91.69999694824219,91.69999694824219,91.68000030517578,91.68000030517578,73.20236206054688,145100,0.0,0.0,0.0
2009-12-16,91.69999694824219,91.73999786376953,91.69999694824219,91.69999694824219,73.21832275390625,73000,0.0,0.0,0.0
2009-12-17,91.72000122070312,91.73999786376953,91.69999694824219,91.69999694824219,73.21832275390625,197700,0.0,0.0,0.0
2009-12-18,91.69999694824219,91.72000122070312,91.69999694824219,91.69999694824219,73.21832275390625,92400,0.0,0.0,0.0
2009-12-21,91.72000122070312,91.72000122070312,91.69999694824219,91.69999694824219,73.21832275390625,95500,0.0,0.0,0.0
2009-12-22,91.72000122070312,91.73999786376953,91.69999694824219,91.69999694824219,73.21832275390625,90650,0.0,0.0,0.0
2009-12-23,91.69999694824219,91.72000122070312,91.69999694824219,91.69999694824219,73.21832275390625,179750,0.0,0.0,0.0
2009-12-24,91.69999694824219,91.72000122070312,91.69999694824219,91.72000122070312,73.23429870605469,69100,0.0,0.0,0.0
2009-12-28,91.72000122070312,91.73999786376953,91.69999694824219,91.69999694824219,73.21832275390625,102850,0.0,0.0,0.0
2009-12-29,91.69999694824219,91.73999786376953,91.69999694824219,91.69999694824219,73.22471618652344,65050,0.008,0.0,0.0
2009-12-30,91.72000122070312,91.73999786376953,91.69999694824219,91.72000122070312,73.24069213867188,99200,0.0,0.0,0.0
2009-12-31,91.72000122070312,91.73999786376953,91.69999694824219,91.73999786376953,73.25665283203125,73700,0.0,0.0,0.0
2010-01-04,91.69999694824219,91.72000122070312,91.68000030517578,91.69999694824219,73.22471618652344,192800,0.0,0.0,0.0
2010-01-05,91.69999694824219,91.72000122070312,91.68000030517578,91.68000030517578,73.20874786376953,105600,0.0,0.0,0.0
2010-01-06,91.68000030517578,91.69999694824219,91.68000030517578,91.68000030517578,73.20874786376953,450300,0.0,0.0,0.0
2010-01-07,91.68000030517578,91.69999694824219,91.68000030517578,91.68000030517578,73.20874786376953,264350,0.0,0.0,0.0
2010-01-08,91.69999694824219,91.69999694824219,91.68000030517578,91.68000030517578,73.20874786376953,116700,0.0,0.0,0.0
2010-01-11,91.68000030517578,91.69999694824219,91.68000030517578,91.68000030517578,73.20874786376953,131100,0.0,0.0,0.0
2010-01-12,91.69999694824219,91.69999694824219,91.68000030517578,91.68000030517578,73.20874786376953,142400,0.0,0.0,0.0
2010-01-13,91.69999694824219,91.72000122070312,91.68000030517578,91.72000122070312,73.24069213867188,133300,0.0,0.0,0.0
2010-01-14,91.69999694824219,91.72000122070312,91.69999694824219,91.69999694824219,73.22471618652344,53300,0.0,0.0,0.0
2010-01-15,91.69999694824219,91.72000122070312,91.69999694824219,91.69999694824219,73.22471618652344,83700,0.0,0.0,0.0
2010-01-19,91.72000122070312,91.72000122070312,91.69999694824219,91.69999694824219,73.22471618652344,61250,0.0,0.0,0.0
2010-01-20,91.72000122070312,91.72000122070312,91.69999694824219,91.69999694824219,73.22471618652344,76500,0.0,0.0,0.0
2010-01-21,91.69999694824219,91.72000122070312,91.69999694824219,91.69999694824219,73.22471618652344,188900,0.0,0.0,0.0
2010-01-22,91.72000122070312,91.72000122070312,91.69999694824219,91.69999694824219,73.22471618652344,103850,0.0,0.0,0.0
2010-01-25,91.72000122070312,91.72000122070312,91.66000366210938,91.72000122070312,73.24069213867188,132000,0.0,0.0,0.0
2010-01-26,91.72000122070312,91.72000122070312,91.68000030517578,91.72000122070312,73.24069213867188,136000,0.0,0.0,0.0
2010-01-27,91.68000030517578,91.73999786376953,91.68000030517578,91.73999786376953,73.25665283203125,406850,0.0,0.0,0.0
2010-01-28,91.69999694824219,91.73999786376953,91.69999694824219,91.72000122070312,73.24069213867188,117500,0.0,0.0,0.0
2010-01-29,91.72000122070312,91.73999786376953,91.69999694824219,91.73999786376953,73.25665283203125,190750,0.0,0.0,0.0
2010-02-01,91.69999694824219,91.73999786376953,91.69999694824219,91.72000122070312,73.24069213867188,364350,0.0,0.0,0.0
2010-02-02,91.72000122070312,91.73999786376953,91.69999694824219,91.69999694824219,73.22471618652344,170950,0.0,0.0,0.0
2010-02-03,91.73999786376953,91.76000213623047,91.72000122070312,91.73999786376953,73.25665283203125,739400,0.0,0.0,0.0
2010-02-04,91.72000122070312,91.73999786376953,91.72000122070312,91.73999786376953,73.25665283203125,155750,0.0,0.0,0.0
2010-02-05,91.69999694824219,91.73999786376953,91.69999694824219,91.73999786376953,73.25665283203125,685400,0.0,0.0,0.0
2010-02-08,91.72000122070312,91.73999786376953,91.72000122070312,91.73999786376953,73.25665283203125,215150,0.0,0.0,0.0
2010-02-09,91.73999786376953,91.73999786376953,91.72000122070312,91.73999786376953,73.25665283203125,314850,0.0,0.0,0.0
2010-02-10,91.72000122070312,91.73999786376953,91.69999694824219,91.73999786376953,73.25665283203125,233950,0.0,0.0,0.0
2010-02-11,91.73999786376953,91.73999786376953,91.72000122070312,91.73999786376953,73.25665283203125,109900,0.0,0.0,0.0
2010-02-12,91.73999786376953,91.73999786376953,91.72000122070312,91.73999786376953,73.25665283203125,144400,0.0,0.0,0.0
2010-02-16,91.73999786376953,91.73999786376953,91.72000122070312,91.73999786376953,73.25665283203125,155950,0.0,0.0,0.0
2010-02-17,91.73999786376953,91.73999786376953,91.68000030517578,91.68000030517578,73.20874786376953,338900,0.0,0.0,0.0
2010-02-18,91.69999694824219,91.72000122070312,91.69999694824219,91.72000122070312,73.24069213867188,103800,0.0,0.0,0.0
2010-02-19,91.72000122070312,91.72000122070312,91.68000030517578,91.68000030517578,73.20874786376953,287550,0.0,0.0,0.0
2010-02-22,91.72000122070312,91.72000122070312,91.69999694824219,91.72000122070312,73.24069213867188,170250,0.0,0.0,0.0
2010-02-23,91.72000122070312,91.72000122070312,91.68000030517578,91.68000030517578,73.20874786376953,86850,0.0,0.0,0.0
2010-02-24,91.69999694824219,91.72000122070312,91.68000030517578,91.72000122070312,73.24069213867188,144950,0.0,0.0,0.0
2010-02-25,91.69999694824219,91.72000122070312,91.69999694824219,91.72000122070312,73.24069213867188,67250,0.0,0.0,0.0
2010-02-26,91.69999694824219,91.72000122070312,91.68000030517578,91.72000122070312,73.24069213867188,104250,0.0,0.0,0.0
2010-03-01,91.72000122070312,91.72000122070312,91.68000030517578,91.68000030517578,73.20874786376953,265300,0.0,0.0,0.0
2010-03-02,91.72000122070312,91.72000122070312,91.68000030517578,91.69999694824219,73.22471618652344,82950,0.0,0.0,0.0
2010-03-03,91.72000122070312,91.72000122070312,91.68000030517578,91.68000030517578,73.20874786376953,278900,0.0,0.0,0.0
2010-03-04,91.69999694824219,91.69999694824219,91.68000030517578,91.68000030517578,73.20874786376953,137250,0.0,0.0,0.0
2010-03-05,91.68000030517578,91.69999694824219,91.68000030517578,91.68000030517578,73.20874786376953,285700,0.0,0.0,0.0
2010-03-08,91.69999694824219,91.69999694824219,91.68000030517578,91.68000030517578,73.20874786376953,200650,0.0,0.0,0.0
2010-03-09,91.68000030517578,91.69999694824219,91.66000366210938,91.68000030517578,73.20874786376953,824200,0.0,0.0,0.0
2010-03-10,91.68000030517578,91.69999694824219,91.68000030517578,91.69999694824219,73.22471618652344,127200,0.0,0.0,0.0
2010-03-11,91.69999694824219,91.69999694824219,91.68000030517578,91.68000030517578,73.20874786376953,151050,0.0,0.0,0.0
2010-03-12,91.69999694824219,91.69999694824219,91.68000030517578,91.68000030517578,73.20874786376953,106100,0.0,0.0,0.0
2010-03-15,91.68000030517578,91.69999694824219,91.68000030517578,91.68000030517578,73.20874786376953,143500,0.0,0.0,0.0
2010-03-16,91.68000030517578,91.69999694824219,91.68000030517578,91.68000030517578,73.20874786376953,98650,0.0,0.0,0.0
2010-03-17,91.69999694824219,91.69999694824219,91.68000030517578,91.68000030517578,73.20874786376953,228250,0.0,0.0,0.0
2010-03-18,91.68000030517578,91.69999694824219,91.68000030517578,91.68000030517578,73.20874786376953,83400,0.0,0.0,0.0
2010-03-19,91.68000030517578,91.69999694824219,91.68000030517578,91.68000030517578,73.20874786376953,107100,0.0,0.0,0.0
2010-03-22,91.68000030517578,91.69999694824219,91.68000030517578,91.69999694824219,73.22471618652344,204750,0.0,0.0,0.0
2010-03-23,91.68000030517578,91.69999694824219,91.68000030517578,91.69999694824219,73.22471618652344,148450,0.0,0.0,0.0
2010-03-24,91.68000030517578,91.69999694824219,91.68000030517578,91.68000030517578,73.20874786376953,161800,0.0,0.0,0.0
2010-03-25,91.69999694824219,91.72000122070312,91.68000030517578,91.72000122070312,73.24069213867188,283300,0.0,0.0,0.0
2010-03-26,91.69999694824219,91.72000122070312,91.69999694824219,91.72000122070312,73.24069213867188,127150,0.0,0.0,0.0
2010-03-29,91.69999694824219,91.72000122070312,91.68000030517578,91.68000030517578,73.20874786376953,173250,0.0,0.0,0.0
2010-03-30,91.69999694824219,91.72000122070312,91.68000030517578,91.68000030517578,73.20874786376953,231300,0.0,0.0,0.0
2010-03-31,91.72000122070312,91.72000122070312,91.68000030517578,91.72000122070312,73.24069213867188,248100,0.0,0.0,0.0
2010-04-01,91.68000030517578,91.72000122070312,91.68000030517578,91.72000122070312,73.24069213867188,520800,0.0,0.0,0.0
2010-04-05,91.69999694824219,91.72000122070312,91.68000030517578,91.68000030517578,73.20874786376953,464050,0.0,0.0,0.0
2010-04-06,91.69999694824219,91.69999694824219,91.68000030517578,91.68000030517578,73.20874786376953,276000,0.0,0.0,0.0
2010-04-07,91.72000122070312,91.72000122070312,91.68000030517578,91.68000030517578,73.20874786376953,725100,0.0,0.0,0.0
2010-04-08,91.68000030517578,91.69999694824219,91.68000030517578,91.68000030517578,73.20874786376953,130250,0.0,0.0,0.0
2010-04-09,91.69999694824219,91.69999694824219,91.68000030517578,91.68000030517578,73.20874786376953,195150,0.0,0.0,0.0
2010-04-12,91.68000030517578,91.69999694824219,91.68000030517578,91.68000030517578,73.20874786376953,102300,0.0,0.0,0.0
2010-04-13,91.69999694824219,91.69999694824219,91.68000030517578,91.68000030517578,73.20874786376953,96350,0.0,0.0,0.0
2010-04-14,91.68000030517578,91.69999694824219,91.68000030517578,91.68000030517578,73.20874786376953,158500,0.0,0.0,0.0
2010-04-15,91.68000030517578,91.69999694824219,91.68000030517578,91.68000030517578,73.20874786376953,116750,0.0,0.0,0.0
2010-04-16,91.68000030517578,91.69999694824219,91.68000030517578,91.68000030517578,73.20874786376953,263250,0.0,0.0,0.0
2010-04-19,91.68000030517578,91.69999694824219,91.68000030517578,91.69999694824219,73.22471618652344,100600,0.0,0.0,0.0
2010-04-20,91.68000030517578,91.69999694824219,91.68000030517578,91.68000030517578,73.20874786376953,69150,0.0,0.0,0.0
2010-04-21,91.68000030517578,91.69999694824219,91.68000030517578,91.68000030517578,73.20874786376953,120100,0.0,0.0,0.0
2010-04-22,91.68000030517578,91.69999694824219,91.68000030517578,91.68000030517578,73.20874786376953,28350,0.0,0.0,0.0
2010-04-23,91.69999694824219,91.69999694824219,91.68000030517578,91.68000030517578,73.20874786376953,103000,0.0,0.0,0.0
2010-04-26,91.68000030517578,91.69999694824219,91.68000030517578,91.69999694824219,73.22471618652344,222300,0.0,0.0,0.0
2010-04-27,91.68000030517578,91.69999694824219,91.68000030517578,91.68000030517578,73.20874786376953,579550,0.0,0.0,0.0
2010-04-28,91.68000030517578,91.69999694824219,91.68000030517578,91.69999694824219,73.22471618652344,214950,0.0,0.0,0.0
2010-04-29,91.68000030517578,91.69999694824219,91.68000030517578,91.69999694824219,73.22471618652344,76550,0.0,0.0,0.0
2010-04-30,91.68000030517578,91.69999694824219,91.68000030517578,91.68000030517578,73.20874786376953,191450,0.0,0.0,0.0
2010-05-03,91.69999694824219,91.69999694824219,91.68000030517578,91.69999694824219,73.22471618652344,228150,0.0,0.0,0.0
2010-05-04,91.68000030517578,91.69999694824219,91.68000030517578,91.68000030517578,73.20874786376953,97750,0.0,0.0,0.0
2010-05-05,91.69999694824219,91.69999694824219,91.68000030517578,91.69999694824219,73.22471618652344,287000,0.0,0.0,0.0
2010-05-06,91.68000030517578,91.72000122070312,91.68000030517578,91.72000122070312,73.24069213867188,212450,0.0,0.0,0.0
2010-05-07,91.69999694824219,91.72000122070312,91.68000030517578,91.72000122070312,73.24069213867188,353300,0.0,0.0,0.0
2010-05-10,91.69999694824219,91.72000122070312,91.69999694824219,91.72000122070312,73.24069213867188,219550,0.0,0.0,0.0
2010-05-11,91.69999694824219,91.72000122070312,91.69999694824219,91.72000122070312,73.24069213867188,176250,0.0,0.0,0.0
2010-05-12,91.72000122070312,91.72000122070312,91.69999694824219,91.72000122070312,73.24069213867188,209450,0.0,0.0,0.0
2010-05-13,91.72000122070312,91.72000122070312,91.69999694824219,91.69999694824219,73.22471618652344,1255850,0.0,0.0,0.0
2010-05-14,91.72000122070312,91.72000122070312,91.69999694824219,91.72000122070312,73.24069213867188,189050,0.0,0.0,0.0
2010-05-17,91.72000122070312,91.72000122070312,91.69999694824219,91.72000122070312,73.24069213867188,140300,0.0,0.0,0.0
2010-05-18,91.72000122070312,91.72000122070312,91.69999694824219,91.69999694824219,73.22471618652344,187700,0.0,0.0,0.0
2010-05-19,91.69999694824219,91.72000122070312,91.69999694824219,91.72000122070312,73.24069213867188,354800,0.0,0.0,0.0
2010-05-20,91.72000122070312,91.72000122070312,91.69999694824219,91.72000122070312,73.24069213867188,442650,0.0,0.0,0.0
2010-05-21,91.72000122070312,91.72000122070312,91.69999694824219,91.72000122070312,73.24069213867188,463150,0.0,0.0,0.0
2010-05-24,91.72000122070312,91.72000122070312,91.69999694824219,91.72000122070312,73.24069213867188,168600,0.0,0.0,0.0
2010-05-25,91.69999694824219,91.72000122070312,91.69999694824219,91.72000122070312,73.24069213867188,343900,0.0,0.0,0.0
2010-05-26,91.72000122070312,91.73999786376953,91.69999694824219,91.73999786376953,73.25665283203125,662100,0.0,0.0,0.0
2010-05-27,91.72000122070312,91.72000122070312,91.69999694824219,91.69999694824219,73.22471618652344,518600,0.0,0.0,0.0
2010-05-28,91.72000122070312,91.72000122070312,91.69999694824219,91.72000122070312,73.24069213867188,280750,0.0,0.0,0.0
2010-06-01,91.69999694824219,91.72000122070312,91.69999694824219,91.72000122070312,73.24069213867188,550750,0.0,0.0,0.0
2010-06-02,91.69999694824219,91.73999786376953,91.69999694824219,91.73999786376953,73.25665283203125,959800,0.0,0.0,0.0
2010-06-03,91.69999694824219,91.73999786376953,91.69999694824219,91.69999694824219,73.22471618652344,219900,0.0,0.0,0.0
2010-06-04,91.69999694824219,91.73999786376953,91.69999694824219,91.73999786376953,73.25665283203125,495850,0.0,0.0,0.0
2010-06-07,91.72000122070312,91.73999786376953,91.69999694824219,91.72000122070312,73.24069213867188,158800,0.0,0.0,0.0
2010-06-08,91.72000122070312,91.73999786376953,91.69999694824219,91.73999786376953,73.25665283203125,306150,0.0,0.0,0.0
2010-06-09,91.73999786376953,91.73999786376953,91.72000122070312,91.73999786376953,73.25665283203125,163950,0.0,0.0,0.0
2010-06-10,91.72000122070312,91.73999786376953,91.72000122070312,91.73999786376953,73.25665283203125,100750,0.0,0.0,0.0
2010-06-11,91.72000122070312,91.73999786376953,91.69999694824219,91.73999786376953,73.25665283203125,144750,0.0,0.0,0.0
2010-06-14,91.73999786376953,91.73999786376953,91.69999694824219,91.69999694824219,73.22471618652344,236650,0.0,0.0,0.0
2010-06-15,91.72000122070312,91.73999786376953,91.69999694824219,91.69999694824219,73.22471618652344,382100,0.0,0.0,0.0
2010-06-16,91.72000122070312,91.73999786376953,91.69999694824219,91.69999694824219,73.22471618652344,863700,0.0,0.0,0.0
2010-06-17,91.72000122070312,91.72000122070312,91.69999694824219,91.69999694824219,73.22471618652344,317700,0.0,0.0,0.0
2010-06-18,91.69999694824219,91.72000122070312,91.69999694824219,91.72000122070312,73.24069213867188,227550,0.0,0.0,0.0
2010-06-21,91.69999694824219,91.72000122070312,91.69999694824219,91.69999694824219,73.22471618652344,787600,0.0,0.0,0.0
2010-06-22,91.69999694824219,91.72000122070312,91.69999694824219,91.72000122070312,73.24069213867188,140500,0.0,0.0,0.0
2010-06-23,91.69999694824219,91.72000122070312,91.69999694824219,91.72000122070312,73.24069213867188,63800,0.0,0.0,0.0
2010-06-24,91.69999694824219,91.72000122070312,91.69999694824219,91.72000122070312,73.24069213867188,291000,0.0,0.0,0.0
2010-06-25,91.72000122070312,91.72000122070312,91.69999694824219,91.72000122070312,73.24069213867188,93800,0.0,0.0,0.0
2010-06-28,91.69999694824219,91.72000122070312,91.69999694824219,91.72000122070312,73.24069213867188,198800,0.0,0.0,0.0
2010-06-29,91.72000122070312,91.72000122070312,91.69999694824219,91.72000122070312,73.24069213867188,579550,0.0,0.0,0.0
2010-06-30,91.69999694824219,91.73999786376953,91.69999694824219,91.73999786376953,73.25665283203125,1013900,0.0,0.0,0.0
2010-07-01,91.72000122070312,91.72000122070312,91.69999694824219,91.72000122070312,73.24069213867188,572500,0.0,0.0,0.0
2010-07-02,91.69999694824219,91.72000122070312,91.69999694824219,91.72000122070312,73.24069213867188,139150,0.0,0.0,0.0
2010-07-06,91.72000122070312,91.72000122070312,91.69999694824219,91.69999694824219,73.22471618652344,715900,0.0,0.0,0.0
2010-07-07,91.72000122070312,91.72000122070312,91.69999694824219,91.69999694824219,73.22471618652344,873500,0.0,0.0,0.0
2010-07-08,91.69999694824219,91.72000122070312,91.69999694824219,91.72000122070312,73.24069213867188,1255100,0.0,0.0,0.0
2010-07-09,91.69999694824219,91.72000122070312,91.69999694824219,91.69999694824219,73.22471618652344,223000,0.0,0.0,0.0
2010-07-12,91.72000122070312,91.72000122070312,91.69999694824219,91.72000122070312,73.24069213867188,979900,0.0,0.0,0.0
2010-07-13,91.72000122070312,91.72000122070312,91.69999694824219,91.72000122070312,73.24069213867188,164050,0.0,0.0,0.0
2010-07-14,91.69999694824219,91.72000122070312,91.69999694824219,91.72000122070312,73.24069213867188,159200,0.0,0.0,0.0
2010-07-15,91.69999694824219,91.72000122070312,91.69999694824219,91.72000122070312,73.24069213867188,122100,0.0,0.0,0.0
2010-07-16,91.69999694824219,91.72000122070312,91.69999694824219,91.72000122070312,73.24069213867188,87750,0.0,0.0,0.0
2010-07-19,91.72000122070312,91.72000122070312,91.69999694824219,91.69999694824219,73.22471618652344,803350,0.0,0.0,0.0
2010-07-20,91.72000122070312,91.72000122070312,91.69999694824219,91.69999694824219,73.22471618652344,121350,0.0,0.0,0.0
2010-07-21,91.69999694824219,91.72000122070312,91.69999694824219,91.69999694824219,73.22471618652344,124400,0.0,0.0,0.0
2010-07-22,91.69999694824219,91.72000122070312,91.69999694824219,91.69999694824219,73.22471618652344,319650,0.0,0.0,0.0
2010-07-23,91.72000122070312,91.72000122070312,91.69999694824219,91.72000122070312,73.24069213867188,73600,0.0,0.0,0.0
2010-07-26,91.72000122070312,91.72000122070312,91.68000030517578,91.68000030517578,73.20874786376953,881800,0.0,0.0,0.0
2010-07-27,91.69999694824219,91.69999694824219,91.68000030517578,91.68000030517578,73.20874786376953,874800,0.0,0.0,0.0
2010-07-28,91.68000030517578,91.69999694824219,91.68000030517578,91.69999694824219,73.22471618652344,118150,0.0,0.0,0.0
2010-07-29,91.68000030517578,91.69999694824219,91.68000030517578,91.68000030517578,73.20874786376953,110750,0.0,0.0,0.0
2010-07-30,91.69999694824219,91.69999694824219,91.68000030517578,91.69999694824219,73.22471618652344,67950,0.0,0.0,0.0
2010-08-02,91.68000030517578,91.69999694824219,91.68000030517578,91.68000030517578,73.20874786376953,794600,0.0,0.0,0.0
2010-08-03,91.68000030517578,91.69999694824219,91.68000030517578,91.68000030517578,73.20874786376953,1342100,0.0,0.0,0.0
2010-08-04,91.68000030517578,91.69999694824219,91.68000030517578,91.68000030517578,73.20874786376953,977200,0.0,0.0,0.0
2010-08-05,91.68000030517578,91.72000122070312,91.68000030517578,91.68000030517578,73.20874786376953,500600,0.0,0.0,0.0
2010-08-06,91.68000030517578,91.69999694824219,91.68000030517578,91.68000030517578,73.20874786376953,131100,0.0,0.0,0.0
2010-08-09,91.69999694824219,91.72000122070312,91.68000030517578,91.68000030517578,73.20874786376953,94550,0.0,0.0,0.0
2010-08-10,91.69999694824219,91.69999694824219,91.68000030517578,91.69999694824219,73.22471618652344,125500,0.0,0.0,0.0
2010-08-11,91.68000030517578,91.72000122070312,91.68000030517578,91.72000122070312,73.24069213867188,830500,0.0,0.0,0.0
2010-08-12,91.69999694824219,91.72000122070312,91.69999694824219,91.72000122070312,73.24069213867188,955750,0.0,0.0,0.0
2010-08-13,91.69999694824219,91.72000122070312,91.69999694824219,91.72000122070312,73.24069213867188,580550,0.0,0.0,0.0
2010-08-16,91.72000122070312,91.72000122070312,91.69999694824219,91.69999694824219,73.22471618652344,59850,0.0,0.0,0.0
2010-08-17,91.72000122070312,91.72000122070312,91.69999694824219,91.72000122070312,73.24069213867188,193950,0.0,0.0,0.0
2010-08-18,91.69999694824219,91.72000122070312,91.69999694824219,91.69999694824219,73.22471618652344,102150,0.0,0.0,0.0
2010-08-19,91.72000122070312,91.72000122070312,91.69999694824219,91.69999694824219,73.22471618652344,280000,0.0,0.0,0.0
2010-08-20,91.72000122070312,91.72000122070312,91.69999694824219,91.72000122070312,73.24069213867188,84800,0.0,0.0,0.0
2010-08-23,91.69999694824219,91.72000122070312,91.69999694824219,91.69999694824219,73.22471618652344,118600,0.0,0.0,0.0
2010-08-24,91.69999694824219,91.72000122070312,91.69999694824219,91.69999694824219,73.22471618652344,392500,0.0,0.0,0.0
2010-08-25,91.72000122070312,91.72000122070312,91.69999694824219,91.72000122070312,73.24069213867188,615100,0.0,0.0,0.0
2010-08-26,91.72000122070312,91.72000122070312,91.69999694824219,91.69999694824219,73.22471618652344,130050,0.0,0.0,0.0
2010-08-27,91.69999694824219,91.72000122070312,91.69999694824219,91.69999694824219,73.22471618652344,134500,0.0,0.0,0.0
2010-08-30,91.69999694824219,91.72000122070312,91.69999694824219,91.72000122070312,73.24069213867188,119250,0.0,0.0,0.0
2010-08-31,91.72000122070312,91.72000122070312,91.69999694824219,91.69999694824219,73.22471618652344,290200,0.0,0.0,0.0
2010-09-01,91.69999694824219,91.72000122070312,91.69999694824219,91.69999694824219,73.22471618652344,599600,0.0,0.0,0.0
2010-09-02,91.69999694824219,91.72000122070312,91.69999694824219,91.72000122070312,73.24069213867188,132450,0.0,0.0,0.0
2010-09-03,91.69999694824219,91.72000122070312,91.69999694824219,91.72000122070312,73.24069213867188,652850,0.0,0.0,0.0
2010-09-07,91.69999694824219,91.72000122070312,91.69999694824219,91.69999694824219,73.22471618652344,105500,0.0,0.0,0.0
2010-09-08,91.69999694824219,91.72000122070312,91.69999694824219,91.69999694824219,73.22471618652344,697700,0.0,0.0,0.0
2010-09-09,91.69999694824219,91.72000122070312,91.69999694824219,91.69999694824219,73.22471618652344,100300,0.0,0.0,0.0
2010-09-10,91.72000122070312,91.72000122070312,91.69999694824219,91.69999694824219,73.22471618652344,329900,0.0,0.0,0.0
2010-09-13,91.69999694824219,91.72000122070312,91.69999694824219,91.69999694824219,73.22471618652344,364500,0.0,0.0,0.0
2010-09-14,91.69999694824219,91.72000122070312,91.69999694824219,91.72000122070312,73.24069213867188,46600,0.0,0.0,0.0
2010-09-15,91.69999694824219,91.72000122070312,91.69999694824219,91.72000122070312,73.24069213867188,120300,0.0,0.0,0.0
2010-09-16,91.69999694824219,91.72000122070312,91.69999694824219,91.72000122070312,73.24069213867188,213550,0.0,0.0,0.0
2010-09-17,91.69999694824219,91.72000122070312,91.69999694824219,91.69999694824219,73.22471618652344,168750,0.0,0.0,0.0
2010-09-20,91.69999694824219,91.72000122070312,91.69999694824219,91.69999694824219,73.22471618652344,371900,0.0,0.0,0.0
2010-09-21,91.72000122070312,91.72000122070312,91.69999694824219,91.69999694824219,73.22471618652344,742150,0.0,0.0,0.0
2010-09-22,91.72000122070312,91.72000122070312,91.69999694824219,91.69999694824219,73.22471618652344,521300,0.0,0.0,0.0
2010-09-23,91.69999694824219,91.72000122070312,91.69999694824219,91.69999694824219,73.22471618652344,209900,0.0,0.0,0.0
2010-09-24,91.72000122070312,91.72000122070312,91.69999694824219,91.72000122070312,73.24069213867188,100300,0.0,0.0,0.0
2010-09-27,91.69999694824219,91.72000122070312,91.69999694824219,91.72000122070312,73.24069213867188,283250,0.0,0.0,0.0
2010-09-28,91.69999694824219,91.72000122070312,91.69999694824219,91.69999694824219,73.22471618652344,113200,0.0,0.0,0.0
2010-09-29,91.69999694824219,91.72000122070312,91.69999694824219,91.69999694824219,73.22471618652344,161500,0.0,0.0,0.0
2010-09-30,91.69999694824219,91.72000122070312,91.69999694824219,91.69999694824219,73.22471618652344,214200,0.0,0.0,0.0
2010-10-01,91.69999694824219,91.72000122070312,91.69999694824219,91.69999694824219,73.22471618652344,328150,0.0,0.0,0.0
2010-10-04,91.69999694824219,91.72000122070312,91.69999694824219,91.72000122070312,73.24069213867188,198550,0.0,0.0,0.0
2010-10-05,91.69999694824219,91.72000122070312,91.69999694824219,91.69999694824219,73.22471618652344,420300,0.0,0.0,0.0
2010-10-06,91.69999694824219,91.72000122070312,91.69999694824219,91.69999694824219,73.22471618652344,744600,0.0,0.0,0.0
2010-10-07,91.69999694824219,91.72000122070312,91.69999694824219,91.69999694824219,73.22471618652344,524750,0.0,0.0,0.0
2010-10-08,91.69999694824219,91.72000122070312,91.69999694824219,91.69999694824219,73.22471618652344,115850,0.0,0.0,0.0
2010-10-11,91.69999694824219,91.72000122070312,91.69999694824219,91.69999694824219,73.22471618652344,64500,0.0,0.0,0.0
2010-10-12,91.69999694824219,91.72000122070312,91.69999694824219,91.69999694824219,73.22471618652344,425750,0.0,0.0,0.0
2010-10-13,91.69999694824219,91.72000122070312,91.69999694824219,91.69999694824219,73.22471618652344,397050,0.0,0.0,0.0
2010-10-14,91.69999694824219,91.72000122070312,91.69999694824219,91.72000122070312,73.24069213867188,170300,0.0,0.0,0.0
2010-10-15,91.69999694824219,91.72000122070312,91.69999694824219,91.69999694824219,73.22471618652344,89350,0.0,0.0,0.0
2010-10-18,91.69999694824219,91.72000122070312,91.69999694824219,91.72000122070312,73.24069213867188,187850,0.0,0.0,0.0
2010-10-19,91.72000122070312,91.72000122070312,91.69999694824219,91.69999694824219,73.22471618652344,66200,0.0,0.0,0.0
2010-10-20,91.72000122070312,91.72000122070312,91.69999694824219,91.69999694824219,73.22471618652344,633450,0.0,0.0,0.0
2010-10-21,91.69999694824219,91.72000122070312,91.69999694824219,91.69999694824219,73.22471618652344,625600,0.0,0.0,0.0
2010-10-22,91.72000122070312,91.72000122070312,91.69999694824219,91.72000122070312,73.24069213867188,114950,0.0,0.0,0.0
2010-10-25,91.69999694824219,91.72000122070312,91.69999694824219,91.69999694824219,73.22471618652344,135600,0.0,0.0,0.0
2010-10-26,91.69999694824219,91.72000122070312,91.69999694824219,91.72000122070312,73.24069213867188,89500,0.0,0.0,0.0
2010-10-27,91.69999694824219,91.72000122070312,91.69999694824219,91.72000122070312,73.24069213867188,115000,0.0,0.0,0.0
2010-10-28,91.72000122070312,91.72000122070312,91.69999694824219,91.69999694824219,73.22471618652344,86600,0.0,0.0,0.0
2010-10-29,91.69999694824219,91.72000122070312,91.69999694824219,91.72000122070312,73.24069213867188,57850,0.0,0.0,0.0
2010-11-01,91.72000122070312,91.72000122070312,91.69999694824219,91.72000122070312,73.24069213867188,242100,0.0,0.0,0.0
2010-11-02,91.69999694824219,91.72000122070312,91.68000030517578,91.68000030517578,73.20874786376953,226500,0.0,0.0,0.0
2010-11-03,91.69999694824219,91.72000122070312,91.69999694824219,91.69999694824219,73.22471618652344,229500,0.0,0.0,0.0
2010-11-04,91.69999694824219,91.72000122070312,91.69999694824219,91.69999694824219,73.22471618652344,934100,0.0,0.0,0.0
2010-11-05,91.69999694824219,91.72000122070312,91.69999694824219,91.69999694824219,73.22471618652344,327150,0.0,0.0,0.0
2010-11-08,91.69999694824219,91.72000122070312,91.69999694824219,91.69999694824219,73.22471618652344,198350,0.0,0.0,0.0
2010-11-09,91.69999694824219,91.72000122070312,91.69999694824219,91.69999694824219,73.22471618652344,223200,0.0,0.0,0.0
2010-11-10,91.69999694824219,91.72000122070312,91.69999694824219,91.69999694824219,73.22471618652344,243650,0.0,0.0,0.0
2010-11-11,91.69999694824219,91.72000122070312,91.68000030517578,91.68000030517578,73.20874786376953,49600,0.0,0.0,0.0
2010-11-12,91.69999694824219,91.72000122070312,91.69999694824219,91.72000122070312,73.24069213867188,1457000,0.0,0.0,0.0
2010-11-15,91.72000122070312,91.72000122070312,91.69999694824219,91.72000122070312,73.24069213867188,201100,0.0,0.0,0.0
2010-11-16,91.69999694824219,91.72000122070312,91.69999694824219,91.72000122070312,73.24069213867188,103450,0.0,0.0,0.0
2010-11-17,91.69999694824219,91.72000122070312,91.69999694824219,91.72000122070312,73.24069213867188,55300,0.0,0.0,0.0
2010-11-18,91.69999694824219,91.72000122070312,91.69999694824219,91.69999694824219,73.22471618652344,96500,0.0,0.0,0.0
2010-11-19,91.69999694824219,91.72000122070312,91.69999694824219,91.69999694824219,73.22471618652344,154650,0.0,0.0,0.0
2010-11-22,91.69999694824219,91.72000122070312,91.69999694824219,91.69999694824219,73.22471618652344,226650,0.0,0.0,0.0
2010-11-23,91.72000122070312,91.72000122070312,91.69999694824219,91.69999694824219,73.22471618652344,68000,0.0,0.0,0.0
2010-11-24,91.69999694824219,91.72000122070312,91.69999694824219,91.72000122070312,73.24069213867188,86600,0.0,0.0,0.0
2010-11-26,91.69999694824219,91.72000122070312,91.69999694824219,91.72000122070312,73.24069213867188,223750,0.0,0.0,0.0
2010-11-29,91.69999694824219,91.72000122070312,91.69999694824219,91.72000122070312,73.24069213867188,250500,0.0,0.0,0.0
2010-11-30,91.69999694824219,91.72000122070312,91.69999694824219,91.72000122070312,73.24069213867188,81300,0.0,0.0,0.0
2010-12-01,91.72000122070312,91.72000122070312,91.69999694824219,91.69999694824219,73.22471618652344,75350,0.0,0.0,0.0
2010-12-02,91.69999694824219,91.72000122070312,91.69999694824219,91.69999694824219,73.22471618652344,188400,0.0,0.0,0.0
2010-12-03,91.69999694824219,91.72000122070312,91.69999694824219,91.72000122070312,73.24069213867188,320300,0.0,0.0,0.0
2010-12-06,91.69999694824219,91.72000122070312,91.69999694824219,91.69999694824219,73.22471618652344,141300,0.0,0.0,0.0
2010-12-07,91.69999694824219,91.72000122070312,91.69999694824219,91.69999694824219,73.22471618652344,176500,0.0,0.0,0.0
2010-12-08,91.69999694824219,91.72000122070312,91.69999694824219,91.69999694824219,73.22471618652344,82450,0.0,0.0,0.0
2010-12-09,91.69999694824219,91.72000122070312,91.69999694824219,91.72000122070312,73.24069213867188,185250,0.0,0.0,0.0
2010-12-10,91.69999694824219,91.72000122070312,91.69999694824219,91.72000122070312,73.24069213867188,164450,0.0,0.0,0.0
2010-12-13,91.69999694824219,91.72000122070312,91.69999694824219,91.72000122070312,73.24069213867188,130800,0.0,0.0,0.0
2010-12-14,91.69999694824219,91.72000122070312,91.69999694824219,91.72000122070312,73.24069213867188,388500,0.0,0.0,0.0
2010-12-15,91.69999694824219,91.72000122070312,91.69999694824219,91.69999694824219,73.22471618652344,204550,0.0,0.0,0.0
2010-12-16,91.69999694824219,91.72000122070312,91.69999694824219,91.69999694824219,73.22471618652344,564600,0.0,0.0,0.0
2010-12-17,91.69999694824219,91.72000122070312,91.69999694824219,91.72000122070312,73.24069213867188,241750,0.0,0.0,0.0
2010-12-20,91.69999694824219,91.72000122070312,91.69999694824219,91.72000122070312,73.24069213867188,120600,0.0,0.0,0.0
2010-12-21,91.72000122070312,91.72000122070312,91.69999694824219,91.72000122070312,73.24069213867188,103350,0.0,0.0,0.0
2010-12-22,91.72000122070312,91.72000122070312,91.69999694824219,91.69999694824219,73.22471618652344,97250,0.0,0.0,0.0
2010-12-23,91.69999694824219,91.72000122070312,91.69999694824219,91.69999694824219,73.22471618652344,88000,0.0,0.0,0.0
2010-12-27,91.69999694824219,91.72000122070312,91.69999694824219,91.69999694824219,73.22471618652344,151100,0.0,0.0,0.0
2010-12-28,91.69999694824219,91.72000122070312,91.69999694824219,91.72000122070312,73.24069213867188,115200,0.0,0.0,0.0
2010-12-29,91.72000122070312,91.72000122070312,91.69999694824219,91.69999694824219,73.22471618652344,72150,0.0,0.0,0.0
2010-12-30,91.69999694824219,91.72000122070312,91.69999694824219,91.72000122070312,73.24069213867188,217650,0.0,0.0,0.0
2010-12-31,91.69999694824219,91.72000122070312,91.69999694824219,91.69999694824219,73.22471618652344,119650,0.0,0.0,0.0
2011-01-03,91.69999694824219,91.72000122070312,91.69999694824219,91.72000122070312,73.24069213867188,126850,0.0,0.0,0.0
2011-01-04,91.72000122070312,91.72000122070312,91.69999694824219,91.72000122070312,73.24069213867188,156750,0.0,0.0,0.0
2011-01-05,91.69999694824219,91.72000122070312,91.69999694824219,91.72000122070312,73.24069213867188,184350,0.0,0.0,0.0
2011-01-06,91.72000122070312,91.72000122070312,91.69999694824219,91.72000122070312,73.24069213867188,64950,0.0,0.0,0.0
2011-01-07,91.69999694824219,91.72000122070312,91.69999694824219,91.69999694824219,73.22471618652344,124600,0.0,0.0,0.0
2011-01-10,91.69999694824219,91.72000122070312,91.69999694824219,91.72000122070312,73.24069213867188,150550,0.0,0.0,0.0
2011-01-11,91.72000122070312,91.72000122070312,91.69999694824219,91.72000122070312,73.24069213867188,127300,0.0,0.0,0.0
2011-01-12,91.69999694824219,91.72000122070312,91.69999694824219,91.69999694824219,73.22471618652344,69400,0.0,0.0,0.0
2011-01-13,91.69999694824219,91.72000122070312,91.69999694824219,91.69999694824219,73.22471618652344,94600,0.0,0.0,0.0
2011-01-14,91.69999694824219,91.72000122070312,91.69999694824219,91.69999694824219,73.22471618652344,199450,0.0,0.0,0.0
2011-01-18,91.69999694824219,91.72000122070312,91.69999694824219,91.69999694824219,73.22471618652344,426600,0.0,0.0,0.0
2011-01-19,91.72000122070312,91.72000122070312,91.69999694824219,91.72000122070312,73.24069213867188,150850,0.0,0.0,0.0
2011-01-20,91.72000122070312,91.72000122070312,91.69999694824219,91.72000122070312,73.24069213867188,99650,0.0,0.0,0.0
2011-01-21,91.69999694824219,91.72000122070312,91.69999694824219,91.69999694824219,73.22471618652344,55100,0.0,0.0,0.0
2011-01-24,91.69999694824219,91.72000122070312,91.69999694824219,91.69999694824219,73.22471618652344,312100,0.0,0.0,0.0
2011-01-25,91.72000122070312,91.72000122070312,91.69999694824219,91.72000122070312,73.24069213867188,443100,0.0,0.0,0.0
2011-01-26,91.72000122070312,91.72000122070312,91.69999694824219,91.69999694824219,73.22471618652344,87800,0.0,0.0,0.0
2011-01-27,91.69999694824219,91.72000122070312,91.69999694824219,91.72000122070312,73.24069213867188,89000,0.0,0.0,0.0
2011-01-28,91.69999694824219,91.72000122070312,91.69999694824219,91.69999694824219,73.22471618652344,158550,0.0,0.0,0.0
2011-01-31,91.69999694824219,91.72000122070312,91.69999694824219,91.69999694824219,73.22471618652344,87250,0.0,0.0,0.0
2011-02-01,91.69999694824219,91.72000122070312,91.69999694824219,91.69999694824219,73.22471618652344,787600,0.0,0.0,0.0
2011-02-02,91.69999694824219,91.72000122070312,91.69999694824219,91.69999694824219,73.22471618652344,283550,0.0,0.0,0.0
2011-02-03,91.72000122070312,91.72000122070312,91.69999694824219,91.69999694824219,73.22471618652344,91000,0.0,0.0,0.0
2011-02-04,91.69999694824219,91.72000122070312,91.69999694824219,91.72000122070312,73.24069213867188,101000,0.0,0.0,0.0
2011-02-07,91.72000122070312,91.72000122070312,91.69999694824219,91.69999694824219,73.22471618652344,131550,0.0,0.0,0.0
2011-02-08,91.72000122070312,91.72000122070312,91.69999694824219,91.69999694824219,73.22471618652344,155400,0.0,0.0,0.0
2011-02-09,91.72000122070312,91.72000122070312,91.69999694824219,91.72000122070312,73.24069213867188,147700,0.0,0.0,0.0
2011-02-10,91.69999694824219,91.72000122070312,91.69999694824219,91.69999694824219,73.22471618652344,148650,0.0,0.0,0.0
2011-02-11,91.72000122070312,91.72000122070312,91.69999694824219,91.69999694824219,73.22471618652344,138150,0.0,0.0,0.0
2011-02-14,91.72000122070312,91.72000122070312,91.69999694824219,91.69999694824219,73.22471618652344,74450,0.0,0.0,0.0
2011-02-15,91.72000122070312,91.72000122070312,91.69999694824219,91.72000122070312,73.24069213867188,193200,0.0,0.0,0.0
2011-02-16,91.72000122070312,91.72000122070312,91.69999694824219,91.72000122070312,73.24069213867188,136800,0.0,0.0,0.0
2011-02-17,91.69999694824219,91.72000122070312,91.69999694824219,91.72000122070312,73.24069213867188,68250,0.0,0.0,0.0
2011-02-18,91.69999694824219,91.72000122070312,91.69999694824219,91.69999694824219,73.22471618652344,93750,0.0,0.0,0.0
2011-02-22,91.72000122070312,91.72000122070312,91.69999694824219,91.69999694824219,73.22471618652344,144050,0.0,0.0,0.0
2011-02-23,91.72000122070312,91.72000122070312,91.69999694824219,91.72000122070312,73.24069213867188,493500,0.0,0.0,0.0
2011-02-24,91.72000122070312,91.72000122070312,91.69999694824219,91.72000122070312,73.24069213867188,126750,0.0,0.0,0.0
2011-02-25,91.72000122070312,91.72000122070312,91.69999694824219,91.72000122070312,73.24069213867188,91350,0.0,0.0,0.0
2011-02-28,91.72000122070312,91.72000122070312,91.69999694824219,91.69999694824219,73.22471618652344,145850,0.0,0.0,0.0
2011-03-01,91.72000122070312,91.72000122070312,91.69999694824219,91.69999694824219,73.22471618652344,138400,0.0,0.0,0.0
2011-03-02,91.72000122070312,91.72000122070312,91.69999694824219,91.72000122070312,73.24069213867188,128000,0.0,0.0,0.0
2011-03-03,91.72000122070312,91.72000122070312,91.69999694824219,91.69999694824219,73.22471618652344,139950,0.0,0.0,0.0
2011-03-04,91.69999694824219,91.72000122070312,91.69999694824219,91.72000122070312,73.24069213867188,132300,0.0,0.0,0.0
2011-03-07,91.72000122070312,91.72000122070312,91.69999694824219,91.69999694824219,73.22471618652344,95850,0.0,0.0,0.0
2011-03-08,91.72000122070312,91.72000122070312,91.69999694824219,91.69999694824219,73.22471618652344,1178800,0.0,0.0,0.0
2011-03-09,91.72000122070312,91.72000122070312,91.69999694824219,91.69999694824219,73.22471618652344,159800,0.0,0.0,0.0
2011-03-10,91.69999694824219,91.72000122070312,91.69999694824219,91.69999694824219,73.22471618652344,140200,0.0,0.0,0.0
2011-03-11,91.69999694824219,91.72000122070312,91.69999694824219,91.72000122070312,73.24069213867188,77750,0.0,0.0,0.0
2011-03-14,91.69999694824219,91.73999786376953,91.69999694824219,91.72000122070312,73.24069213867188,929650,0.0,0.0,0.0
2011-03-15,91.73999786376953,91.73999786376953,91.69999694824219,91.73999786376953,73.25665283203125,754300,0.0,0.0,0.0
2011-03-16,91.72000122070312,91.73999786376953,91.72000122070312,91.73999786376953,73.25665283203125,122300,0.0,0.0,0.0
2011-03-17,91.73999786376953,91.73999786376953,91.72000122070312,91.73999786376953,73.25665283203125,595450,0.0,0.0,0.0
2011-03-18,91.72000122070312,91.73999786376953,91.72000122070312,91.73999786376953,73.25665283203125,222750,0.0,0.0,0.0
2011-03-21,91.72000122070312,91.73999786376953,91.72000122070312,91.73999786376953,73.25665283203125,102350,0.0,0.0,0.0
2011-03-22,91.69999694824219,91.72000122070312,91.69999694824219,91.69999694824219,73.22471618652344,117100,0.0,0.0,0.0
2011-03-23,91.69999694824219,91.72000122070312,91.69999694824219,91.72000122070312,73.24069213867188,156950,0.0,0.0,0.0
2011-03-24,91.69999694824219,91.72000122070312,91.69999694824219,91.69999694824219,73.22471618652344,557950,0.0,0.0,0.0
2011-03-25,91.69999694824219,91.72000122070312,91.69999694824219,91.69999694824219,73.22471618652344,1271900,0.0,0.0,0.0
2011-03-28,91.69999694824219,91.72000122070312,91.69999694824219,91.72000122070312,73.24069213867188,733950,0.0,0.0,0.0
2011-03-29,91.72000122070312,91.72000122070312,91.69999694824219,91.69999694824219,73.22471618652344,240950,0.0,0.0,0.0
2011-03-30,91.72000122070312,91.72000122070312,91.69999694824219,91.72000122070312,73.24069213867188,589950,0.0,0.0,0.0
2011-03-31,91.69999694824219,91.72000122070312,91.69999694824219,91.69999694824219,73.22471618652344,145200,0.0,0.0,0.0
2011-04-01,91.72000122070312,91.72000122070312,91.69999694824219,91.69999694824219,73.22471618652344,148850,0.0,0.0,0.0
2011-04-04,91.69999694824219,91.73999786376953,91.69999694824219,91.69999694824219,73.22471618652344,144700,0.0,0.0,0.0
2011-04-05,91.72000122070312,91.72000122070312,91.69999694824219,91.69999694824219,73.22471618652344,165000,0.0,0.0,0.0
2011-04-06,91.69999694824219,91.72000122070312,91.69999694824219,91.69999694824219,73.22471618652344,116900,0.0,0.0,0.0
2011-04-07,91.69999694824219,91.72000122070312,91.69999694824219,91.72000122070312,73.24069213867188,129450,0.0,0.0,0.0
2011-04-08,91.72000122070312,91.72000122070312,91.69999694824219,91.69999694824219,73.22471618652344,1310750,0.0,0.0,0.0
2011-04-11,91.69999694824219,91.72000122070312,91.69999694824219,91.69999694824219,73.22471618652344,230850,0.0,0.0,0.0
2011-04-12,91.72000122070312,91.73999786376953,91.69999694824219,91.72000122070312,73.24069213867188,61100,0.0,0.0,0.0
2011-04-13,91.72000122070312,91.73999786376953,91.69999694824219,91.72000122070312,73.24069213867188,79200,0.0,0.0,0.0
2011-04-14,91.73999786376953,91.73999786376953,91.69999694824219,91.69999694824219,73.22471618652344,245750,0.0,0.0,0.0
2011-04-15,91.69999694824219,91.72000122070312,91.69999694824219,91.72000122070312,73.24069213867188,152600,0.0,0.0,0.0
2011-04-18,91.69999694824219,91.72000122070312,91.69999694824219,91.69999694824219,73.22471618652344,112300,0.0,0.0,0.0
2011-04-19,91.69999694824219,91.72000122070312,91.69999694824219,91.69999694824219,73.22471618652344,110650,0.0,0.0,0.0
2011-04-20,91.72000122070312,91.72000122070312,91.69999694824219,91.69999694824219,73.22471618652344,102200,0.0,0.0,0.0
2011-04-21,91.69999694824219,91.72000122070312,91.69999694824219,91.69999694824219,73.22471618652344,89850,0.0,0.0,0.0
2011-04-25,91.72000122070312,91.72000122070312,91.69999694824219,91.69999694824219,73.22471618652344,103150,0.0,0.0,0.0
2011-04-26,91.72000122070312,91.72000122070312,91.69999694824219,91.69999694824219,73.22471618652344,41450,0.0,0.0,0.0
2011-04-27,91.69999694824219,91.72000122070312,91.69999694824219,91.69999694824219,73.22471618652344,106000,0.0,0.0,0.0
2011-04-28,91.69999694824219,91.72000122070312,91.69999694824219,91.69999694824219,73.22471618652344,97050,0.0,0.0,0.0
2011-04-29,91.69999694824219,91.72000122070312,91.69999694824219,91.69999694824219,73.22471618652344,74500,0.0,0.0,0.0
2011-05-02,91.72000122070312,91.72000122070312,91.69999694824219,91.69999694824219,73.22471618652344,76000,0.0,0.0,0.0
2011-05-03,91.72000122070312,91.72000122070312,91.69999694824219,91.69999694824219,73.22471618652344,127100,0.0,0.0,0.0
2011-05-04,91.73999786376953,91.73999786376953,91.69999694824219,91.73999786376953,73.25665283203125,449750,0.0,0.0,0.0
2011-05-05,91.72000122070312,91.73999786376953,91.72000122070312,91.73999786376953,73.25665283203125,800000,0.0,0.0,0.0
2011-05-06,91.72000122070312,91.73999786376953,91.72000122070312,91.73999786376953,73.25665283203125,143400,0.0,0.0,0.0
2011-05-09,91.72000122070312,91.73999786376953,91.72000122070312,91.73999786376953,73.25665283203125,808500,0.0,0.0,0.0
2011-05-10,91.73999786376953,91.73999786376953,91.72000122070312,91.73999786376953,73.25665283203125,182200,0.0,0.0,0.0
2011-05-11,91.72000122070312,91.73999786376953,91.72000122070312,91.73999786376953,73.25665283203125,76150,0.0,0.0,0.0
2011-05-12,91.73999786376953,91.73999786376953,91.72000122070312,91.73999786376953,73.25665283203125,88350,0.0,0.0,0.0
2011-05-13,91.73999786376953,91.73999786376953,91.72000122070312,91.72000122070312,73.24069213867188,42950,0.0,0.0,0.0
2011-05-16,91.73999786376953,91.73999786376953,91.72000122070312,91.72000122070312,73.24069213867188,905750,0.0,0.0,0.0
2011-05-17,91.73999786376953,91.73999786376953,91.72000122070312,91.72000122070312,73.24069213867188,582700,0.0,0.0,0.0
2011-05-18,91.69999694824219,91.72000122070312,91.69999694824219,91.69999694824219,73.22471618652344,75550,0.0,0.0,0.0
2011-05-19,91.69999694824219,91.73999786376953,91.69999694824219,91.73999786376953,73.25665283203125,71300,0.0,0.0,0.0
2011-05-20,91.72000122070312,91.72000122070312,91.69999694824219,91.72000122070312,73.24069213867188,443400,0.0,0.0,0.0
2011-05-23,91.72000122070312,91.72000122070312,91.69999694824219,91.72000122070312,73.24069213867188,328750,0.0,0.0,0.0
2011-05-24,91.69999694824219,91.72000122070312,91.69999694824219,91.72000122070312,73.24069213867188,68000,0.0,0.0,0.0
2011-05-25,91.72000122070312,91.72000122070312,91.69999694824219,91.72000122070312,73.24069213867188,159800,0.0,0.0,0.0
2011-05-26,91.72000122070312,91.72000122070312,91.69999694824219,91.72000122070312,73.24069213867188,819300,0.0,0.0,0.0
2011-05-27,91.69999694824219,91.72000122070312,91.69999694824219,91.72000122070312,73.24069213867188,161350,0.0,0.0,0.0
2011-05-31,91.69999694824219,91.72000122070312,91.69999694824219,91.72000122070312,73.24069213867188,133700,0.0,0.0,0.0
2011-06-01,91.69999694824219,91.72000122070312,91.69999694824219,91.69999694824219,73.22471618652344,471900,0.0,0.0,0.0
2011-06-02,91.69999694824219,91.72000122070312,91.69999694824219,91.69999694824219,73.22471618652344,69000,0.0,0.0,0.0
2011-06-03,91.69999694824219,91.72000122070312,91.69999694824219,91.69999694824219,73.22471618652344,62750,0.0,0.0,0.0
2011-06-06,91.72000122070312,91.72000122070312,91.69999694824219,91.69999694824219,73.22471618652344,655250,0.0,0.0,0.0
2011-06-07,91.72000122070312,91.72000122070312,91.69999694824219,91.72000122070312,73.24069213867188,882450,0.0,0.0,0.0
2011-06-08,91.69999694824219,91.72000122070312,91.69999694824219,91.72000122070312,73.24069213867188,64950,0.0,0.0,0.0
2011-06-09,91.72000122070312,91.72000122070312,91.69999694824219,91.69999694824219,73.22471618652344,376350,0.0,0.0,0.0
2011-06-10,91.69999694824219,91.72000122070312,91.69999694824219,91.72000122070312,73.24069213867188,79400,0.0,0.0,0.0
2011-06-13,91.72000122070312,91.72000122070312,91.69999694824219,91.69999694824219,73.22471618652344,94950,0.0,0.0,0.0
2011-06-14,91.69999694824219,91.72000122070312,91.69999694824219,91.72000122070312,73.24069213867188,862400,0.0,0.0,0.0
2011-06-15,91.72000122070312,91.72000122070312,91.69999694824219,91.72000122070312,73.24069213867188,113650,0.0,0.0,0.0
2011-06-16,91.72000122070312,91.72000122070312,91.69999694824219,91.72000122070312,73.24069213867188,101900,0.0,0.0,0.0
2011-06-17,91.72000122070312,91.72000122070312,91.69999694824219,91.72000122070312,73.24069213867188,96750,0.0,0.0,0.0
2011-06-20,91.72000122070312,91.72000122070312,91.69999694824219,91.72000122070312,73.24069213867188,102900,0.0,0.0,0.0
2011-06-21,91.72000122070312,91.72000122070312,91.69999694824219,91.69999694824219,73.22471618652344,433350,0.0,0.0,0.0
2011-06-22,91.69999694824219,91.72000122070312,91.69999694824219,91.72000122070312,73.24069213867188,158700,0.0,0.0,0.0
2011-06-23,91.72000122070312,91.72000122070312,91.69999694824219,91.72000122070312,73.24069213867188,523750,0.0,0.0,0.0
2011-06-24,91.72000122070312,91.72000122070312,91.69999694824219,91.69999694824219,73.22471618652344,357750,0.0,0.0,0.0
2011-06-27,91.72000122070312,91.72000122070312,91.69999694824219,91.69999694824219,73.22471618652344,126950,0.0,0.0,0.0
2011-06-28,91.72000122070312,91.72000122070312,91.69999694824219,91.69999694824219,73.22471618652344,289650,0.0,0.0,0.0
2011-06-29,91.69999694824219,91.72000122070312,91.69999694824219,91.72000122070312,73.24069213867188,1148950,0.0,0.0,0.0
2011-06-30,91.69999694824219,91.72000122070312,91.69999694824219,91.72000122070312,73.24069213867188,1730050,0.0,0.0,0.0
2011-07-01,91.72000122070312,91.72000122070312,91.69999694824219,91.69999694824219,73.22471618652344,496400,0.0,0.0,0.0
2011-07-05,91.72000122070312,91.72000122070312,91.69999694824219,91.69999694824219,73.22471618652344,786700,0.0,0.0,0.0
2011-07-06,91.69999694824219,91.72000122070312,91.69999694824219,91.72000122070312,73.24069213867188,222350,0.0,0.0,0.0
2011-07-07,91.69999694824219,91.72000122070312,91.69999694824219,91.69999694824219,73.22471618652344,158850,0.0,0.0,0.0
2011-07-08,91.69999694824219,91.72000122070312,91.69999694824219,91.69999694824219,73.22471618652344,70650,0.0,0.0,0.0
2011-07-11,91.72000122070312,91.72000122070312,91.68000030517578,91.68000030517578,73.20874786376953,147850,0.0,0.0,0.0
2011-07-12,91.72000122070312,91.72000122070312,91.69999694824219,91.69999694824219,73.22471618652344,1150000,0.0,0.0,0.0
2011-07-13,91.69999694824219,91.72000122070312,91.69999694824219,91.72000122070312,73.24069213867188,1115500,0.0,0.0,0.0
2011-07-14,91.72000122070312,91.72000122070312,91.69999694824219,91.72000122070312,73.24069213867188,216650,0.0,0.0,0.0
2011-07-15,91.69999694824219,91.72000122070312,91.69999694824219,91.72000122070312,73.24069213867188,496050,0.0,0.0,0.0
2011-07-18,91.69999694824219,91.72000122070312,91.69999694824219,91.72000122070312,73.24069213867188,803350,0.0,0.0,0.0
2011-07-19,91.72000122070312,91.72000122070312,91.69999694824219,91.72000122070312,73.24069213867188,790000,0.0,0.0,0.0
2011-07-20,91.69999694824219,91.72000122070312,91.69999694824219,91.69999694824219,73.22471618652344,162650,0.0,0.0,0.0
2011-07-21,91.72000122070312,91.72000122070312,91.69999694824219,91.69999694824219,73.22471618652344,790450,0.0,0.0,0.0
2011-07-22,91.69999694824219,91.72000122070312,91.69999694824219,91.72000122070312,73.24069213867188,162550,0.0,0.0,0.0
2011-07-25,91.72000122070312,91.72000122070312,91.69999694824219,91.72000122070312,73.24069213867188,72300,0.0,0.0,0.0
2011-07-26,91.69999694824219,91.72000122070312,91.69999694824219,91.72000122070312,73.24069213867188,85800,0.0,0.0,0.0
2011-07-27,91.72000122070312,91.72000122070312,91.69999694824219,91.72000122070312,73.24069213867188,906050,0.0,0.0,0.0
2011-07-28,91.69999694824219,91.72000122070312,91.69999694824219,91.72000122070312,73.24069213867188,802800,0.0,0.0,0.0
2011-07-29,91.69999694824219,91.72000122070312,91.69999694824219,91.72000122070312,73.24069213867188,1060950,0.0,0.0,0.0
2011-08-01,91.69999694824219,91.72000122070312,91.68000030517578,91.72000122070312,73.24069213867188,290250,0.0,0.0,0.0
2011-08-02,91.69999694824219,91.72000122070312,91.68000030517578,91.72000122070312,73.24069213867188,1012600,0.0,0.0,0.0
2011-08-03,91.72000122070312,91.72000122070312,91.69999694824219,91.72000122070312,73.24069213867188,681150,0.0,0.0,0.0
2011-08-04,91.72000122070312,91.72000122070312,91.69999694824219,91.72000122070312,73.24069213867188,1335150,0.0,0.0,0.0
2011-08-05,91.72000122070312,91.72000122070312,91.69999694824219,91.72000122070312,73.24069213867188,438750,0.0,0.0,0.0
2011-08-08,91.69999694824219,91.72000122070312,91.69999694824219,91.72000122070312,73.24069213867188,560600,0.0,0.0,0.0
2011-08-09,91.72000122070312,91.72000122070312,91.69999694824219,91.72000122070312,73.24069213867188,658450,0.0,0.0,0.0
2011-08-10,91.69999694824219,91.72000122070312,91.68000030517578,91.72000122070312,73.24069213867188,374150,0.0,0.0,0.0
2011-08-11,91.69999694824219,91.72000122070312,91.68000030517578,91.72000122070312,73.24069213867188,224700,0.0,0.0,0.0
2011-08-12,91.72000122070312,91.72000122070312,91.69999694824219,91.72000122070312,73.24069213867188,779850,0.0,0.0,0.0
2011-08-15,91.69999694824219,91.72000122070312,91.69999694824219,91.72000122070312,73.24069213867188,9127350,0.0,0.0,0.0
2011-08-16,91.72000122070312,91.72000122070312,91.69999694824219,91.72000122070312,73.24069213867188,368100,0.0,0.0,0.0
2011-08-17,91.72000122070312,91.72000122070312,91.69999694824219,91.72000122070312,73.24069213867188,331200,0.0,0.0,0.0
2011-08-18,91.72000122070312,91.72000122070312,91.68000030517578,91.68000030517578,73.20874786376953,525450,0.0,0.0,0.0
2011-08-19,91.72000122070312,91.72000122070312,91.69999694824219,91.72000122070312,73.24069213867188,941750,0.0,0.0,0.0
2011-08-22,91.69999694824219,91.72000122070312,91.68000030517578,91.68000030517578,73.20874786376953,247900,0.0,0.0,0.0
2011-08-23,91.69999694824219,91.72000122070312,91.69999694824219,91.72000122070312,73.24069213867188,709250,0.0,0.0,0.0
2011-08-24,91.72000122070312,91.72000122070312,91.69999694824219,91.72000122070312,73.24069213867188,190750,0.0,0.0,0.0
2011-08-25,91.72000122070312,91.72000122070312,91.68000030517578,91.68000030517578,73.20874786376953,334800,0.0,0.0,0.0
2011-08-26,91.72000122070312,91.72000122070312,91.69999694824219,91.72000122070312,73.24069213867188,247950,0.0,0.0,0.0
2011-08-29,91.72000122070312,91.72000122070312,91.69999694824219,91.72000122070312,73.24069213867188,11294400,0.0,0.0,0.0
2011-08-30,91.69999694824219,91.72000122070312,91.69999694824219,91.72000122070312,73.24069213867188,952000,0.0,0.0,0.0
2011-08-31,91.72000122070312,91.72000122070312,91.69999694824219,91.72000122070312,73.24069213867188,523750,0.0,0.0,0.0
2011-09-01,91.69999694824219,91.72000122070312,91.68000030517578,91.72000122070312,73.24069213867188,1048100,0.0,0.0,0.0
2011-09-02,91.72000122070312,91.72000122070312,91.69999694824219,91.72000122070312,73.24069213867188,479450,0.0,0.0,0.0
2011-09-06,91.69999694824219,91.72000122070312,91.68000030517578,91.69999694824219,73.22471618652344,8617200,0.0,0.0,0.0
2011-09-07,91.69999694824219,91.69999694824219,91.68000030517578,91.68000030517578,73.20874786376953,367950,0.0,0.0,0.0
2011-09-08,91.68000030517578,91.69999694824219,91.68000030517578,91.68000030517578,73.20874786376953,698000,0.0,0.0,0.0
2011-09-09,91.68000030517578,91.72000122070312,91.68000030517578,91.69999694824219,73.22471618652344,731050,0.0,0.0,0.0
2011-09-12,91.68000030517578,91.69999694824219,91.68000030517578,91.69999694824219,73.22471618652344,287700,0.0,0.0,0.0
2011-09-13,91.69999694824219,91.69999694824219,91.68000030517578,91.68000030517578,73.20874786376953,568550,0.0,0.0,0.0
2011-09-14,91.69999694824219,91.69999694824219,91.68000030517578,91.68000030517578,73.20874786376953,308000,0.0,0.0,0.0
2011-09-15,91.69999694824219,91.72000122070312,91.68000030517578,91.68000030517578,73.20874786376953,923750,0.0,0.0,0.0
2011-09-16,91.69999694824219,91.69999694824219,91.68000030517578,91.68000030517578,73.20874786376953,276450,0.0,0.0,0.0
2011-09-19,91.69999694824219,91.69999694824219,91.68000030517578,91.69999694824219,73.22471618652344,517100,0.0,0.0,0.0
2011-09-20,91.68000030517578,91.69999694824219,91.68000030517578,91.69999694824219,73.22471618652344,373000,0.0,0.0,0.0
2011-09-21,91.69999694824219,91.69999694824219,91.68000030517578,91.69999694824219,73.22471618652344,314150,0.0,0.0,0.0
2011-09-22,91.68000030517578,91.69999694824219,91.68000030517578,91.68000030517578,73.20874786376953,1011650,0.0,0.0,0.0
2011-09-23,91.69999694824219,91.69999694824219,91.68000030517578,91.69999694824219,73.22471618652344,604150,0.0,0.0,0.0
2011-09-26,91.69999694824219,91.69999694824219,91.68000030517578,91.69999694824219,73.22471618652344,497400,0.0,0.0,0.0
2011-09-27,91.68000030517578,91.69999694824219,91.68000030517578,91.68000030517578,73.20874786376953,404150,0.0,0.0,0.0
2011-09-28,91.69999694824219,91.69999694824219,91.68000030517578,91.69999694824219,73.22471618652344,383650,0.0,0.0,0.0
2011-09-29,91.69999694824219,91.69999694824219,91.68000030517578,91.69999694824219,73.22471618652344,451650,0.0,0.0,0.0
2011-09-30,91.69999694824219,91.69999694824219,91.68000030517578,91.69999694824219,73.22471618652344,611450,0.0,0.0,0.0
2011-10-03,91.69999694824219,91.69999694824219,91.68000030517578,91.69999694824219,73.22471618652344,13151250,0.0,0.0,0.0
2011-10-04,91.69999694824219,91.69999694824219,91.68000030517578,91.69999694824219,73.22471618652344,691050,0.0,0.0,0.0
2011-10-05,91.69999694824219,91.69999694824219,91.68000030517578,91.69999694824219,73.22471618652344,689300,0.0,0.0,0.0
2011-10-06,91.69999694824219,91.69999694824219,91.68000030517578,91.68000030517578,73.20874786376953,353400,0.0,0.0,0.0
2011-10-07,91.68000030517578,91.69999694824219,91.68000030517578,91.69999694824219,73.22471618652344,750650,0.0,0.0,0.0
2011-10-10,91.68000030517578,91.69999694824219,91.66000366210938,91.68000030517578,73.20874786376953,1657350,0.0,0.0,0.0
2011-10-11,91.68000030517578,91.69999694824219,91.68000030517578,91.69999694824219,73.22471618652344,562550,0.0,0.0,0.0
2011-10-12,91.69999694824219,91.69999694824219,91.68000030517578,91.68000030517578,73.20874786376953,383000,0.0,0.0,0.0
2011-10-13,91.68000030517578,91.69999694824219,91.68000030517578,91.69999694824219,73.22471618652344,494050,0.0,0.0,0.0
2011-10-14,91.69999694824219,91.69999694824219,91.68000030517578,91.68000030517578,73.20874786376953,459250,0.0,0.0,0.0
2011-10-17,91.68000030517578,91.69999694824219,91.68000030517578,91.68000030517578,73.20874786376953,12224600,0.0,0.0,0.0
2011-10-18,91.68000030517578,91.69999694824219,91.68000030517578,91.69999694824219,73.22471618652344,350650,0.0,0.0,0.0
2011-10-19,91.68000030517578,91.69999694824219,91.68000030517578,91.69999694824219,73.22471618652344,294450,0.0,0.0,0.0
2011-10-20,91.68000030517578,91.69999694824219,91.68000030517578,91.69999694824219,73.22471618652344,1126100,0.0,0.0,0.0
2011-10-21,91.68000030517578,91.69999694824219,91.68000030517578,91.68000030517578,73.20874786376953,583750,0.0,0.0,0.0
2011-10-24,91.68000030517578,91.69999694824219,91.68000030517578,91.68000030517578,73.20874786376953,8779750,0.0,0.0,0.0
2011-10-25,91.68000030517578,91.69999694824219,91.68000030517578,91.69999694824219,73.22471618652344,482500,0.0,0.0,0.0
2011-10-26,91.68000030517578,91.69999694824219,91.68000030517578,91.69999694824219,73.22471618652344,239450,0.0,0.0,0.0
2011-10-27,91.68000030517578,91.69999694824219,91.68000030517578,91.68000030517578,73.20874786376953,1490300,0.0,0.0,0.0
2011-10-28,91.68000030517578,91.69999694824219,91.68000030517578,91.68000030517578,73.20874786376953,404400,0.0,0.0,0.0
2011-10-31,91.69999694824219,91.69999694824219,91.66000366210938,91.66000366210938,73.19281005859375,3112450,0.0,0.0,0.0
2011-11-01,91.69999694824219,91.69999694824219,91.68000030517578,91.69999694824219,73.22471618652344,1423150,0.0,0.0,0.0
2011-11-02,91.69999694824219,91.69999694824219,91.68000030517578,91.68000030517578,73.20874786376953,284650,0.0,0.0,0.0
2011-11-03,91.69999694824219,91.69999694824219,91.66000366210938,91.66000366210938,73.19281005859375,326800,0.0,0.0,0.0
2011-11-04,91.69999694824219,91.69999694824219,91.68000030517578,91.68000030517578,73.20874786376953,203000,0.0,0.0,0.0
2011-11-07,91.68000030517578,91.69999694824219,91.68000030517578,91.69999694824219,73.22471618652344,197600,0.0,0.0,0.0
2011-11-08,91.68000030517578,91.69999694824219,91.68000030517578,91.69999694824219,73.22471618652344,537300,0.0,0.0,0.0
2011-11-09,91.69999694824219,91.69999694824219,91.68000030517578,91.68000030517578,73.20874786376953,174200,0.0,0.0,0.0
2011-11-10,91.68000030517578,91.69999694824219,91.68000030517578,91.69999694824219,73.22471618652344,362150,0.0,0.0,0.0
2011-11-11,91.68000030517578,91.72000122070312,91.68000030517578,91.68000030517578,73.20874786376953,344400,0.0,0.0,0.0
2011-11-14,91.69999694824219,91.69999694824219,91.68000030517578,91.69999694824219,73.22471618652344,649000,0.0,0.0,0.0
2011-11-15,91.69999694824219,91.69999694824219,91.68000030517578,91.68000030517578,73.20874786376953,232900,0.0,0.0,0.0
2011-11-16,91.68000030517578,91.69999694824219,91.68000030517578,91.69999694824219,73.22471618652344,341300,0.0,0.0,0.0
2011-11-17,91.68000030517578,91.69999694824219,91.68000030517578,91.69999694824219,73.22471618652344,843800,0.0,0.0,0.0
2011-11-18,91.69999694824219,91.69999694824219,91.68000030517578,91.69999694824219,73.22471618652344,274700,0.0,0.0,0.0
2011-11-21,91.69999694824219,91.69999694824219,91.68000030517578,91.69999694824219,73.22471618652344,2169100,0.0,0.0,0.0
2011-11-22,91.69999694824219,91.69999694824219,91.68000030517578,91.68000030517578,73.20874786376953,631450,0.0,0.0,0.0
2011-11-23,91.69999694824219,91.69999694824219,91.66000366210938,91.69999694824219,73.22471618652344,877150,0.0,0.0,0.0
2011-11-25,91.69999694824219,91.69999694824219,91.68000030517578,91.69999694824219,73.22471618652344,268300,0.0,0.0,0.0
2011-11-28,91.68000030517578,91.69999694824219,91.68000030517578,91.69999694824219,73.22471618652344,467550,0.0,0.0,0.0
2011-11-29,91.68000030517578,91.69999694824219,91.66000366210938,91.66000366210938,73.19281005859375,537700,0.0,0.0,0.0
2011-11-30,91.68000030517578,91.68000030517578,91.66000366210938,91.68000030517578,73.20874786376953,1701850,0.0,0.0,0.0
2011-12-01,91.66000366210938,91.68000030517578,91.66000366210938,91.66000366210938,73.19281005859375,2137000,0.0,0.0,0.0
2011-12-02,91.68000030517578,91.68000030517578,91.66000366210938,91.68000030517578,73.20874786376953,353750,0.0,0.0,0.0
2011-12-05,91.68000030517578,91.68000030517578,91.66000366210938,91.68000030517578,73.20874786376953,2240550,0.0,0.0,0.0
2011-12-06,91.66000366210938,91.72000122070312,91.66000366210938,91.69999694824219,73.22471618652344,211150,0.0,0.0,0.0
2011-12-07,91.68000030517578,91.68000030517578,91.66000366210938,91.68000030517578,73.20874786376953,259950,0.0,0.0,0.0
2011-12-08,91.68000030517578,91.68000030517578,91.66000366210938,91.68000030517578,73.20874786376953,248050,0.0,0.0,0.0
2011-12-09,91.66000366210938,91.68000030517578,91.66000366210938,91.66000366210938,73.19281005859375,199800,0.0,0.0,0.0
2011-12-12,91.66000366210938,91.68000030517578,91.66000366210938,91.66000366210938,73.19281005859375,11094100,0.0,0.0,0.0
2011-12-13,91.66000366210938,91.68000030517578,91.66000366210938,91.66000366210938,73.19281005859375,399150,0.0,0.0,0.0
2011-12-14,91.66000366210938,91.68000030517578,91.66000366210938,91.68000030517578,73.20874786376953,1237650,0.0,0.0,0.0
2011-12-15,91.68000030517578,91.68000030517578,91.66000366210938,91.66000366210938,73.19281005859375,535050,0.0,0.0,0.0
2011-12-16,91.68000030517578,91.68000030517578,91.66000366210938,91.68000030517578,73.20874786376953,264200,0.0,0.0,0.0
2011-12-19,91.66000366210938,91.68000030517578,91.66000366210938,91.68000030517578,73.20874786376953,348500,0.0,0.0,0.0
2011-12-20,91.68000030517578,91.68000030517578,91.66000366210938,91.68000030517578,73.20874786376953,235500,0.0,0.0,0.0
2011-12-21,91.68000030517578,91.68000030517578,91.66000366210938,91.68000030517578,73.20874786376953,299450,0.0,0.0,0.0
2011-12-22,91.68000030517578,91.68000030517578,91.66000366210938,91.68000030517578,73.20874786376953,141850,0.0,0.0,0.0
2011-12-23,91.68000030517578,91.68000030517578,91.5199966430664,91.68000030517578,73.20874786376953,508300,0.0,0.0,0.0
2011-12-27,91.66000366210938,91.68000030517578,91.66000366210938,91.66000366210938,73.19281005859375,158500,0.0,0.0,0.0
2011-12-28,91.66000366210938,91.68000030517578,91.66000366210938,91.66000366210938,73.19599151611328,273600,0.004,0.0,0.0
2011-12-29,91.66000366210938,91.68000030517578,91.66000366210938,91.66000366210938,73.19599151611328,196900,0.0,0.0,0.0
2011-12-30,91.66000366210938,91.68000030517578,91.66000366210938,91.66000366210938,73.19599151611328,200350,0.0,0.0,0.0
2012-01-03,91.66000366210938,91.68000030517578,91.63999938964844,91.63999938964844,73.18000030517578,4246650,0.0,0.0,0.0
2012-01-04,91.66000366210938,91.66000366210938,91.63999938964844,91.63999938964844,73.18000030517578,443250,0.0,0.0,0.0
2012-01-05,91.63999938964844,91.66000366210938,91.63999938964844,91.63999938964844,73.18000030517578,489350,0.0,0.0,0.0
2012-01-06,91.63999938964844,91.66000366210938,91.63999938964844,91.63999938964844,73.18000030517578,476800,0.0,0.0,0.0
2012-01-09,91.66000366210938,91.66000366210938,91.63999938964844,91.66000366210938,73.19599151611328,490300,0.0,0.0,0.0
2012-01-10,91.63999938964844,91.66000366210938,91.63999938964844,91.66000366210938,73.19599151611328,352250,0.0,0.0,0.0
2012-01-11,91.66000366210938,91.66000366210938,91.63999938964844,91.63999938964844,73.18000030517578,402000,0.0,0.0,0.0
2012-01-12,91.63999938964844,91.66000366210938,91.63999938964844,91.63999938964844,73.18000030517578,344250,0.0,0.0,0.0
2012-01-13,91.63999938964844,91.66000366210938,91.63999938964844,91.63999938964844,73.18000030517578,581600,0.0,0.0,0.0
2012-01-17,91.63999938964844,91.66000366210938,91.63999938964844,91.63999938964844,73.18000030517578,210850,0.0,0.0,0.0
2012-01-18,91.63999938964844,91.66000366210938,91.63999938964844,91.63999938964844,73.18000030517578,1529650,0.0,0.0,0.0
2012-01-19,91.63999938964844,91.66000366210938,91.63999938964844,91.63999938964844,73.18000030517578,728100,0.0,0.0,0.0
2012-01-20,91.63999938964844,91.66000366210938,91.63999938964844,91.63999938964844,73.18000030517578,211400,0.0,0.0,0.0
2012-01-23,91.66000366210938,91.66000366210938,91.63999938964844,91.63999938964844,73.18000030517578,224350,0.0,0.0,0.0
2012-01-24,91.63999938964844,91.66000366210938,91.63999938964844,91.63999938964844,73.18000030517578,216150,0.0,0.0,0.0
2012-01-25,91.63999938964844,91.66000366210938,91.63999938964844,91.63999938964844,73.18000030517578,269800,0.0,0.0,0.0
2012-01-26,91.66000366210938,91.66000366210938,91.63999938964844,91.63999938964844,73.18000030517578,182200,0.0,0.0,0.0
2012-01-27,91.63999938964844,91.66000366210938,91.63999938964844,91.63999938964844,73.18000030517578,153850,0.0,0.0,0.0
2012-01-30,91.63999938964844,91.66000366210938,91.63999938964844,91.66000366210938,73.19599151611328,256050,0.0,0.0,0.0
2012-01-31,91.66000366210938,91.66000366210938,91.63999938964844,91.63999938964844,73.18000030517578,416800,0.0,0.0,0.0
2012-02-01,91.63999938964844,91.66000366210938,91.63999938964844,91.63999938964844,73.18000030517578,362600,0.0,0.0,0.0
2012-02-02,91.63999938964844,91.66000366210938,91.63999938964844,91.63999938964844,73.18000030517578,119000,0.0,0.0,0.0
2012-02-03,91.63999938964844,91.66000366210938,91.63999938964844,91.63999938964844,73.18000030517578,365200,0.0,0.0,0.0
2012-02-06,91.63999938964844,91.66000366210938,91.63999938964844,91.66000366210938,73.19599151611328,184900,0.0,0.0,0.0
2012-02-07,91.63999938964844,91.66000366210938,91.63999938964844,91.63999938964844,73.18000030517578,189500,0.0,0.0,0.0
2012-02-08,91.63999938964844,91.66000366210938,91.63999938964844,91.66000366210938,73.19599151611328,450500,0.0,0.0,0.0
2012-02-09,91.63999938964844,91.66000366210938,91.63999938964844,91.63999938964844,73.18000030517578,130150,0.0,0.0,0.0
2012-02-10,91.66000366210938,91.66000366210938,91.63999938964844,91.66000366210938,73.19599151611328,521300,0.0,0.0,0.0
2012-02-13,91.63999938964844,91.66000366210938,91.63999938964844,91.63999938964844,73.18000030517578,638600,0.0,0.0,0.0
2012-02-14,91.63999938964844,91.66000366210938,91.63999938964844,91.66000366210938,73.19599151611328,173950,0.0,0.0,0.0
2012-02-15,91.66000366210938,91.66000366210938,91.63999938964844,91.63999938964844,73.18000030517578,103650,0.0,0.0,0.0
2012-02-16,91.66000366210938,91.66000366210938,91.63999938964844,91.66000366210938,73.19599151611328,442200,0.0,0.0,0.0
2012-02-17,91.63999938964844,91.66000366210938,91.63999938964844,91.63999938964844,73.18000030517578,81400,0.0,0.0,0.0
2012-02-21,91.63999938964844,91.66000366210938,91.63999938964844,91.63999938964844,73.18000030517578,154750,0.0,0.0,0.0
2012-02-22,91.63999938964844,91.66000366210938,91.63999938964844,91.63999938964844,73.18000030517578,105350,0.0,0.0,0.0
2012-02-23,91.66000366210938,91.66000366210938,91.63999938964844,91.63999938964844,73.18000030517578,156300,0.0,0.0,0.0
2012-02-24,91.63999938964844,91.66000366210938,91.63999938964844,91.66000366210938,73.19599151611328,186550,0.0,0.0,0.0
2012-02-27,91.66000366210938,91.66000366210938,91.63999938964844,91.63999938964844,73.18000030517578,956000,0.0,0.0,0.0
2012-02-28,91.66000366210938,91.66000366210938,91.63999938964844,91.63999938964844,73.18000030517578,132050,0.0,0.0,0.0
2012-02-29,91.63999938964844,91.66000366210938,91.63999938964844,91.66000366210938,73.19599151611328,453600,0.0,0.0,0.0
2012-03-01,91.63999938964844,91.63999938964844,91.62000274658203,91.63999938964844,73.18000030517578,218300,0.0,0.0,0.0
2012-03-02,91.63999938964844,91.63999938964844,91.62000274658203,91.63999938964844,73.18000030517578,186600,0.0,0.0,0.0
2012-03-05,91.62000274658203,91.63999938964844,91.62000274658203,91.63999938964844,73.18000030517578,248900,0.0,0.0,0.0
2012-03-06,91.63999938964844,91.63999938964844,91.62000274658203,91.63999938964844,73.18000030517578,179750,0.0,0.0,0.0
2012-03-07,91.63999938964844,91.66000366210938,91.63999938964844,91.63999938964844,73.18000030517578,125400,0.0,0.0,0.0
2012-03-08,91.63999938964844,91.66000366210938,91.63999938964844,91.66000366210938,73.19599151611328,711300,0.0,0.0,0.0
2012-03-09,91.63999938964844,91.66000366210938,91.63999938964844,91.66000366210938,73.19599151611328,194300,0.0,0.0,0.0
2012-03-12,91.66000366210938,91.66000366210938,91.63999938964844,91.66000366210938,73.19599151611328,124850,0.0,0.0,0.0
2012-03-13,91.66000366210938,91.66000366210938,91.63999938964844,91.66000366210938,73.19599151611328,205350,0.0,0.0,0.0
2012-03-14,91.63999938964844,91.66000366210938,91.63999938964844,91.63999938964844,73.18000030517578,127050,0.0,0.0,0.0
2012-03-15,91.66000366210938,91.66000366210938,91.63999938964844,91.63999938964844,73.18000030517578,468050,0.0,0.0,0.0
2012-03-16,91.63999938964844,91.66000366210938,91.63999938964844,91.63999938964844,73.18000030517578,501150,0.0,0.0,0.0
2012-03-19,91.66000366210938,91.66000366210938,91.63999938964844,91.66000366210938,73.19599151611328,105150,0.0,0.0,0.0
2012-03-20,91.63999938964844,91.66000366210938,91.63999938964844,91.66000366210938,73.19599151611328,117250,0.0,0.0,0.0
2012-03-21,91.63999938964844,91.66000366210938,91.63999938964844,91.66000366210938,73.19599151611328,65800,0.0,0.0,0.0
2012-03-22,91.66000366210938,91.66000366210938,91.63999938964844,91.66000366210938,73.19599151611328,106150,0.0,0.0,0.0
2012-03-23,91.63999938964844,91.66000366210938,91.63999938964844,91.66000366210938,73.19599151611328,103250,0.0,0.0,0.0
2012-03-26,91.66000366210938,91.66000366210938,91.63999938964844,91.66000366210938,73.19599151611328,1261300,0.0,0.0,0.0
2012-03-27,91.66000366210938,91.66000366210938,91.63999938964844,91.63999938964844,73.18000030517578,185050,0.0,0.0,0.0
2012-03-28,91.63999938964844,91.66000366210938,91.63999938964844,91.66000366210938,73.19599151611328,55800,0.0,0.0,0.0
2012-03-29,91.63999938964844,91.66000366210938,91.63999938964844,91.63999938964844,73.18000030517578,131050,0.0,0.0,0.0
2012-03-30,91.63999938964844,91.66000366210938,91.63999938964844,91.63999938964844,73.18000030517578,102250,0.0,0.0,0.0
2012-04-02,91.63999938964844,91.66000366210938,91.62000274658203,91.62000274658203,73.16403198242188,778250,0.0,0.0,0.0
2012-04-03,91.62000274658203,91.63999938964844,91.62000274658203,91.63999938964844,73.18000030517578,871100,0.0,0.0,0.0
2012-04-04,91.63999938964844,91.63999938964844,91.62000274658203,91.62000274658203,73.16403198242188,319850,0.0,0.0,0.0
2012-04-05,91.63999938964844,91.66000366210938,91.63999938964844,91.63999938964844,73.18000030517578,381100,0.0,0.0,0.0
2012-04-09,91.63999938964844,91.66000366210938,91.63999938964844,91.66000366210938,73.19599151611328,1136000,0.0,0.0,0.0
2012-04-10,91.63999938964844,91.66000366210938,91.63999938964844,91.66000366210938,73.19599151611328,520200,0.0,0.0,0.0
2012-04-11,91.63999938964844,91.66000366210938,91.63999938964844,91.66000366210938,73.19599151611328,1014250,0.0,0.0,0.0
2012-04-12,91.66000366210938,91.66000366210938,91.63999938964844,91.63999938964844,73.18000030517578,1015400,0.0,0.0,0.0
2012-04-13,91.62000274658203,91.63999938964844,91.62000274658203,91.62000274658203,73.16403198242188,148550,0.0,0.0,0.0
2012-04-16,91.63999938964844,91.66000366210938,91.62000274658203,91.63999938964844,73.18000030517578,617250,0.0,0.0,0.0
2012-04-17,91.63999938964844,91.66000366210938,91.63999938964844,91.63999938964844,73.18000030517578,174500,0.0,0.0,0.0
2012-04-18,91.63999938964844,91.66000366210938,91.63999938964844,91.63999938964844,73.18000030517578,77500,0.0,0.0,0.0
2012-04-19,91.63999938964844,91.66000366210938,91.63999938964844,91.66000366210938,73.19599151611328,38300,0.0,0.0,0.0
2012-04-20,91.66000366210938,91.66000366210938,91.63999938964844,91.63999938964844,73.18000030517578,58400,0.0,0.0,0.0
2012-04-23,91.63999938964844,91.66000366210938,91.63999938964844,91.66000366210938,73.19599151611328,1436350,0.0,0.0,0.0
2012-04-24,91.66000366210938,91.66000366210938,91.63999938964844,91.66000366210938,73.19599151611328,271500,0.0,0.0,0.0
2012-04-25,91.63999938964844,91.66000366210938,91.63999938964844,91.63999938964844,73.18000030517578,415800,0.0,0.0,0.0
2012-04-26,91.66000366210938,91.66000366210938,91.63999938964844,91.66000366210938,73.19599151611328,68450,0.0,0.0,0.0
2012-04-27,91.63999938964844,91.66000366210938,91.63999938964844,91.63999938964844,73.18000030517578,100150,0.0,0.0,0.0
2012-04-30,91.63999938964844,91.66000366210938,91.63999938964844,91.66000366210938,73.19599151611328,85900,0.0,0.0,0.0
2012-05-01,91.63999938964844,91.66000366210938,91.63999938964844,91.66000366210938,73.19599151611328,219500,0.0,0.0,0.0
2012-05-02,91.63999938964844,91.66000366210938,91.63999938964844,91.66000366210938,73.19599151611328,123300,0.0,0.0,0.0
2012-05-03,91.63999938964844,91.66000366210938,91.63999938964844,91.63999938964844,73.18000030517578,84800,0.0,0.0,0.0
2012-05-04,91.63999938964844,91.66000366210938,91.63999938964844,91.63999938964844,73.18000030517578,111350,0.0,0.0,0.0
2012-05-07,91.63999938964844,91.66000366210938,91.63999938964844,91.66000366210938,73.19599151611328,257750,0.0,0.0,0.0
2012-05-08,91.66000366210938,91.66000366210938,91.63999938964844,91.66000366210938,73.19599151611328,282950,0.0,0.0,0.0
2012-05-09,91.63999938964844,91.66000366210938,91.63999938964844,91.66000366210938,73.19599151611328,921250,0.0,0.0,0.0
2012-05-10,91.63999938964844,91.66000366210938,91.63999938964844,91.66000366210938,73.19599151611328,457000,0.0,0.0,0.0
2012-05-11,91.66000366210938,91.66000366210938,91.63999938964844,91.66000366210938,73.19599151611328,128000,0.0,0.0,0.0
2012-05-14,91.63999938964844,91.66000366210938,91.63999938964844,91.66000366210938,73.19599151611328,221050,0.0,0.0,0.0
2012-05-15,91.63999938964844,91.66000366210938,91.63999938964844,91.66000366210938,73.19599151611328,528650,0.0,0.0,0.0
2012-05-16,91.66000366210938,91.66000366210938,91.63999938964844,91.66000366210938,73.19599151611328,103950,0.0,0.0,0.0
2012-05-17,91.66000366210938,91.66000366210938,91.63999938964844,91.66000366210938,73.19599151611328,346500,0.0,0.0,0.0
2012-05-18,91.63999938964844,91.66000366210938,91.63999938964844,91.66000366210938,73.19599151611328,575400,0.0,0.0,0.0
2012-05-21,91.63999938964844,91.66000366210938,91.63999938964844,91.66000366210938,73.19599151611328,1054000,0.0,0.0,0.0
2012-05-22,91.63999938964844,91.66000366210938,91.62000274658203,91.62000274658203,73.16403198242188,649100,0.0,0.0,0.0
2012-05-23,91.62000274658203,91.63999938964844,91.62000274658203,91.62000274658203,73.16403198242188,128000,0.0,0.0,0.0
2012-05-24,91.62000274658203,91.66000366210938,91.62000274658203,91.66000366210938,73.19599151611328,1778900,0.0,0.0,0.0
2012-05-25,91.63999938964844,91.66000366210938,91.63999938964844,91.66000366210938,73.19599151611328,730250,0.0,0.0,0.0
2012-05-29,91.66000366210938,91.66000366210938,91.63999938964844,91.66000366210938,73.19599151611328,150950,0.0,0.0,0.0
2012-05-30,91.66000366210938,91.66000366210938,91.63999938964844,91.66000366210938,73.19599151611328,433500,0.0,0.0,0.0
2012-05-31,91.66000366210938,91.66000366210938,91.63999938964844,91.66000366210938,73.19599151611328,292550,0.0,0.0,0.0
2012-06-01,91.66000366210938,91.66000366210938,91.63999938964844,91.66000366210938,73.19599151611328,290650,0.0,0.0,0.0
2012-06-04,91.66000366210938,91.66000366210938,91.63999938964844,91.66000366210938,73.19599151611328,518200,0.0,0.0,0.0
2012-06-05,91.63999938964844,91.66000366210938,91.63999938964844,91.66000366210938,73.19599151611328,383300,0.0,0.0,0.0
2012-06-06,91.66000366210938,91.66000366210938,91.62000274658203,91.63999938964844,73.18000030517578,753350,0.0,0.0,0.0
2012-06-07,91.66000366210938,91.66000366210938,91.62000274658203,91.63999938964844,73.18000030517578,441500,0.0,0.0,0.0
2012-06-08,91.63999938964844,91.66000366210938,91.63999938964844,91.63999938964844,73.18000030517578,158900,0.0,0.0,0.0
2012-06-11,91.63999938964844,91.66000366210938,91.63999938964844,91.63999938964844,73.18000030517578,119800,0.0,0.0,0.0
2012-06-12,91.66000366210938,91.66000366210938,91.63999938964844,91.66000366210938,73.19599151611328,245950,0.0,0.0,0.0
2012-06-13,91.63999938964844,91.66000366210938,91.63999938964844,91.66000366210938,73.19599151611328,59550,0.0,0.0,0.0
2012-06-14,91.63999938964844,91.66000366210938,91.63999938964844,91.66000366210938,73.19599151611328,169450,0.0,0.0,0.0
2012-06-15,91.63999938964844,91.66000366210938,91.63999938964844,91.63999938964844,73.18000030517578,107400,0.0,0.0,0.0
2012-06-18,91.66000366210938,91.66000366210938,91.63999938964844,91.66000366210938,73.19599151611328,132300,0.0,0.0,0.0
2012-06-19,91.66000366210938,91.66000366210938,91.62000274658203,91.62000274658203,73.16403198242188,831750,0.0,0.0,0.0
2012-06-20,91.62000274658203,91.63999938964844,91.62000274658203,91.62000274658203,73.16403198242188,124100,0.0,0.0,0.0
2012-06-21,91.62000274658203,91.66000366210938,91.62000274658203,91.66000366210938,73.19599151611328,918100,0.0,0.0,0.0
2012-06-22,91.63999938964844,91.66000366210938,91.63999938964844,91.63999938964844,73.18000030517578,66950,0.0,0.0,0.0
2012-06-25,91.63999938964844,91.66000366210938,91.63999938964844,91.66000366210938,73.19599151611328,788250,0.0,0.0,0.0
2012-06-26,91.63999938964844,91.66000366210938,91.63999938964844,91.66000366210938,73.19599151611328,127900,0.0,0.0,0.0
2012-06-27,91.63999938964844,91.66000366210938,91.63999938964844,91.63999938964844,73.18000030517578,118550,0.0,0.0,0.0
2012-06-28,91.66000366210938,91.66000366210938,91.63999938964844,91.66000366210938,73.19599151611328,348850,0.0,0.0,0.0
2012-06-29,91.63999938964844,91.66000366210938,91.62000274658203,91.62000274658203,73.16403198242188,1110950,0.0,0.0,0.0
2012-07-02,91.62000274658203,91.63999938964844,91.62000274658203,91.62000274658203,73.16403198242188,873900,0.0,0.0,0.0
2012-07-03,91.62000274658203,91.63999938964844,91.62000274658203,91.62000274658203,73.16403198242188,313050,0.0,0.0,0.0
2012-07-05,91.62000274658203,91.63999938964844,91.62000274658203,91.62000274658203,73.16403198242188,1299200,0.0,0.0,0.0
2012-07-06,91.63999938964844,91.63999938964844,91.62000274658203,91.62000274658203,73.16403198242188,134750,0.0,0.0,0.0
2012-07-09,91.63999938964844,91.63999938964844,91.62000274658203,91.62000274658203,73.16403198242188,417400,0.0,0.0,0.0
2012-07-10,91.62000274658203,91.63999938964844,91.62000274658203,91.62000274658203,73.16403198242188,451450,0.0,0.0,0.0
2012-07-11,91.62000274658203,91.63999938964844,91.62000274658203,91.62000274658203,73.16403198242188,124950,0.0,0.0,0.0
2012-07-12,91.62000274658203,91.63999938964844,91.62000274658203,91.62000274658203,73.16403198242188,260700,0.0,0.0,0.0
2012-07-13,91.62000274658203,91.63999938964844,91.62000274658203,91.63999938964844,73.18000030517578,159750,0.0,0.0,0.0
2012-07-16,91.62000274658203,91.63999938964844,91.62000274658203,91.62000274658203,73.16403198242188,98000,0.0,0.0,0.0
2012-07-17,91.62000274658203,91.63999938964844,91.62000274658203,91.62000274658203,73.16403198242188,46550,0.0,0.0,0.0
2012-07-18,91.63999938964844,91.63999938964844,91.62000274658203,91.62000274658203,73.16403198242188,108500,0.0,0.0,0.0
2012-07-19,91.63999938964844,91.63999938964844,91.62000274658203,91.63999938964844,73.18000030517578,160350,0.0,0.0,0.0
2012-07-20,91.62000274658203,91.63999938964844,91.62000274658203,91.62000274658203,73.16403198242188,121750,0.0,0.0,0.0
2012-07-23,91.63999938964844,91.63999938964844,91.62000274658203,91.62000274658203,73.16403198242188,144550,0.0,0.0,0.0
2012-07-24,91.62000274658203,91.63999938964844,91.62000274658203,91.63999938964844,73.18000030517578,225300,0.0,0.0,0.0
2012-07-25,91.63999938964844,91.66000366210938,91.62000274658203,91.66000366210938,73.19599151611328,1505750,0.0,0.0,0.0
2012-07-26,91.63999938964844,91.66000366210938,91.63999938964844,91.63999938964844,73.18000030517578,424850,0.0,0.0,0.0
2012-07-27,91.63999938964844,91.66000366210938,91.63999938964844,91.66000366210938,73.19599151611328,179400,0.0,0.0,0.0
2012-07-30,91.66000366210938,91.66000366210938,91.63999938964844,91.66000366210938,73.19599151611328,372150,0.0,0.0,0.0
2012-07-31,91.62000274658203,91.63999938964844,91.62000274658203,91.62000274658203,73.16403198242188,150900,0.0,0.0,0.0
2012-08-01,91.66000366210938,91.66000366210938,91.63999938964844,91.63999938964844,73.18000030517578,699750,0.0,0.0,0.0
2012-08-02,91.63999938964844,91.66000366210938,91.63999938964844,91.63999938964844,73.18000030517578,105600,0.0,0.0,0.0
2012-08-03,91.63999938964844,91.66000366210938,91.63999938964844,91.63999938964844,73.18000030517578,123350,0.0,0.0,0.0
2012-08-06,91.63999938964844,91.66000366210938,91.63999938964844,91.66000366210938,73.19599151611328,208550,0.0,0.0,0.0
2012-08-07,91.63999938964844,91.66000366210938,91.62000274658203,91.63999938964844,73.18000030517578,545300,0.0,0.0,0.0
2012-08-08,91.63999938964844,91.63999938964844,91.62000274658203,91.62000274658203,73.16403198242188,205650,0.0,0.0,0.0
2012-08-09,91.62000274658203,91.63999938964844,91.62000274658203,91.62000274658203,73.16403198242188,65400,0.0,0.0,0.0
2012-08-10,91.62000274658203,91.63999938964844,91.62000274658203,91.62000274658203,73.16403198242188,246800,0.0,0.0,0.0
2012-08-13,91.63999938964844,91.63999938964844,91.62000274658203,91.62000274658203,73.16403198242188,1007900,0.0,0.0,0.0
2012-08-14,91.62000274658203,91.63999938964844,91.62000274658203,91.62000274658203,73.16403198242188,179250,0.0,0.0,0.0
2012-08-15,91.62000274658203,91.63999938964844,91.62000274658203,91.62000274658203,73.16403198242188,85150,0.0,0.0,0.0
2012-08-16,91.62000274658203,91.63999938964844,91.62000274658203,91.62000274658203,73.16403198242188,538500,0.0,0.0,0.0
2012-08-17,91.62000274658203,91.63999938964844,91.62000274658203,91.62000274658203,73.16403198242188,190050,0.0,0.0,0.0
2012-08-20,91.62000274658203,91.63999938964844,91.62000274658203,91.62000274658203,73.16403198242188,116400,0.0,0.0,0.0
2012-08-21,91.62000274658203,91.63999938964844,91.62000274658203,91.62000274658203,73.16403198242188,152550,0.0,0.0,0.0
2012-08-22,91.62000274658203,91.63999938964844,91.62000274658203,91.62000274658203,73.16403198242188,102850,0.0,0.0,0.0
2012-08-23,91.62000274658203,91.63999938964844,91.62000274658203,91.62000274658203,73.16403198242188,134200,0.0,0.0,0.0
2012-08-24,91.63999938964844,91.63999938964844,91.62000274658203,91.62000274658203,73.16403198242188,131200,0.0,0.0,0.0
2012-08-27,91.62000274658203,91.63999938964844,91.62000274658203,91.62000274658203,73.16403198242188,101300,0.0,0.0,0.0
2012-08-28,91.62000274658203,91.63999938964844,91.62000274658203,91.62000274658203,73.16403198242188,99500,0.0,0.0,0.0
2012-08-29,91.62000274658203,91.63999938964844,91.62000274658203,91.62000274658203,73.16403198242188,72350,0.0,0.0,0.0
2012-08-30,91.63999938964844,91.63999938964844,91.62000274658203,91.62000274658203,73.16403198242188,137300,0.0,0.0,0.0
2012-08-31,91.62000274658203,91.63999938964844,91.62000274658203,91.62000274658203,73.16403198242188,183450,0.0,0.0,0.0
2012-09-04,91.62000274658203,91.63999938964844,91.62000274658203,91.62000274658203,73.16403198242188,122850,0.0,0.0,0.0
2012-09-05,91.63999938964844,91.63999938964844,91.62000274658203,91.63999938964844,73.18000030517578,357800,0.0,0.0,0.0
2012-09-06,91.62000274658203,91.63999938964844,91.62000274658203,91.63999938964844,73.18000030517578,133550,0.0,0.0,0.0
2012-09-07,91.62000274658203,91.63999938964844,91.62000274658203,91.62000274658203,73.16403198242188,580850,0.0,0.0,0.0
2012-09-10,91.62000274658203,91.63999938964844,91.62000274658203,91.62000274658203,73.16403198242188,430700,0.0,0.0,0.0
2012-09-11,91.63999938964844,91.63999938964844,91.62000274658203,91.62000274658203,73.16403198242188,49900,0.0,0.0,0.0
2012-09-12,91.62000274658203,91.63999938964844,91.62000274658203,91.62000274658203,73.16403198242188,192750,0.0,0.0,0.0
2012-09-13,91.62000274658203,91.63999938964844,91.62000274658203,91.62000274658203,73.16403198242188,553050,0.0,0.0,0.0
2012-09-14,91.62000274658203,91.63999938964844,91.62000274658203,91.62000274658203,73.16403198242188,97100,0.0,0.0,0.0
2012-09-17,91.62000274658203,91.63999938964844,91.62000274658203,91.62000274658203,73.16403198242188,141700,0.0,0.0,0.0
2012-09-18,91.63999938964844,91.63999938964844,91.62000274658203,91.62000274658203,73.16403198242188,1879300,0.0,0.0,0.0
2012-09-19,91.62000274658203,91.63999938964844,91.62000274658203,91.62000274658203,73.16403198242188,178100,0.0,0.0,0.0
2012-09-20,91.62000274658203,91.63999938964844,91.62000274658203,91.62000274658203,73.16403198242188,229500,0.0,0.0,0.0
2012-09-21,91.62000274658203,91.63999938964844,91.62000274658203,91.62000274658203,73.16403198242188,1148750,0.0,0.0,0.0
2012-09-24,91.63999938964844,91.63999938964844,91.62000274658203,91.62000274658203,73.16403198242188,123950,0.0,0.0,0.0
2012-09-25,91.62000274658203,91.63999938964844,91.62000274658203,91.62000274658203,73.16403198242188,276650,0.0,0.0,0.0
2012-09-26,91.62000274658203,91.63999938964844,91.62000274658203,91.62000274658203,73.16403198242188,150900,0.0,0.0,0.0
2012-09-27,91.62000274658203,91.63999938964844,91.62000274658203,91.63999938964844,73.18000030517578,138000,0.0,0.0,0.0
2012-09-28,91.63999938964844,91.63999938964844,91.62000274658203,91.62000274658203,73.16403198242188,165650,0.0,0.0,0.0
2012-10-01,91.62000274658203,91.63999938964844,91.62000274658203,91.62000274658203,73.16403198242188,165100,0.0,0.0,0.0
2012-10-02,91.62000274658203,91.63999938964844,91.62000274658203,91.63999938964844,73.18000030517578,92950,0.0,0.0,0.0
2012-10-03,91.62000274658203,91.63999938964844,91.62000274658203,91.62000274658203,73.16403198242188,138500,0.0,0.0,0.0
2012-10-04,91.62000274658203,91.63999938964844,91.62000274658203,91.62000274658203,73.16403198242188,738550,0.0,0.0,0.0
2012-10-05,91.63999938964844,91.63999938964844,91.62000274658203,91.62000274658203,73.16403198242188,541650,0.0,0.0,0.0
2012-10-08,91.63999938964844,91.63999938964844,91.62000274658203,91.62000274658203,73.16403198242188,273800,0.0,0.0,0.0
2012-10-09,91.62000274658203,91.63999938964844,91.62000274658203,91.62000274658203,73.16403198242188,287450,0.0,0.0,0.0
2012-10-10,91.62000274658203,91.63999938964844,91.62000274658203,91.63999938964844,73.18000030517578,253600,0.0,0.0,0.0
2012-10-11,91.62000274658203,91.63999938964844,91.62000274658203,91.63999938964844,73.18000030517578,69900,0.0,0.0,0.0
2012-10-12,91.63999938964844,91.63999938964844,91.62000274658203,91.62000274658203,73.16403198242188,189650,0.0,0.0,0.0
2012-10-15,91.62000274658203,91.63999938964844,91.62000274658203,91.63999938964844,73.18000030517578,131800,0.0,0.0,0.0
2012-10-16,91.62000274658203,91.63999938964844,91.62000274658203,91.62000274658203,73.16403198242188,134800,0.0,0.0,0.0
2012-10-17,91.62000274658203,91.63999938964844,91.62000274658203,91.63999938964844,73.18000030517578,48650,0.0,0.0,0.0
2012-10-18,91.62000274658203,91.63999938964844,91.62000274658203,91.62000274658203,73.16403198242188,97000,0.0,0.0,0.0
2012-10-19,91.63999938964844,91.63999938964844,91.62000274658203,91.62000274658203,73.16403198242188,199500,0.0,0.0,0.0
2012-10-22,91.62000274658203,91.63999938964844,91.62000274658203,91.62000274658203,73.16403198242188,78600,0.0,0.0,0.0
2012-10-23,91.63999938964844,91.63999938964844,91.62000274658203,91.63999938964844,73.18000030517578,965650,0.0,0.0,0.0
2012-10-24,91.62000274658203,91.63999938964844,91.62000274658203,91.63999938964844,73.18000030517578,183450,0.0,0.0,0.0
2012-10-25,91.62000274658203,91.63999938964844,91.62000274658203,91.62000274658203,73.16403198242188,223350,0.0,0.0,0.0
2012-10-26,91.63999938964844,91.63999938964844,91.62000274658203,91.62000274658203,73.16403198242188,45600,0.0,0.0,0.0
2012-10-31,91.62000274658203,91.63999938964844,91.62000274658203,91.63999938964844,73.18000030517578,395350,0.0,0.0,0.0
2012-11-01,91.63999938964844,91.63999938964844,91.62000274658203,91.63999938964844,73.18000030517578,66550,0.0,0.0,0.0
2012-11-02,91.63999938964844,91.63999938964844,91.62000274658203,91.63999938964844,73.18000030517578,378400,0.0,0.0,0.0
2012-11-05,91.62000274658203,91.63999938964844,91.62000274658203,91.62000274658203,73.16403198242188,528000,0.0,0.0,0.0
2012-11-06,91.62000274658203,91.63999938964844,91.62000274658203,91.62000274658203,73.16403198242188,106500,0.0,0.0,0.0
2012-11-07,91.62000274658203,91.63999938964844,91.62000274658203,91.63999938964844,73.18000030517578,1984650,0.0,0.0,0.0
2012-11-08,91.63999938964844,91.63999938964844,91.62000274658203,91.63999938964844,73.18000030517578,452750,0.0,0.0,0.0
2012-11-09,91.62000274658203,91.63999938964844,91.62000274658203,91.63999938964844,73.18000030517578,1463250,0.0,0.0,0.0
2012-11-12,91.63999938964844,91.63999938964844,91.62000274658203,91.63999938964844,73.18000030517578,376650,0.0,0.0,0.0
2012-11-13,91.62000274658203,91.63999938964844,91.62000274658203,91.63999938964844,73.18000030517578,2435000,0.0,0.0,0.0
2012-11-14,91.62000274658203,91.63999938964844,91.62000274658203,91.63999938964844,73.18000030517578,312900,0.0,0.0,0.0
2012-11-15,91.62000274658203,91.63999938964844,91.62000274658203,91.63999938964844,73.18000030517578,304450,0.0,0.0,0.0
2012-11-16,91.62000274658203,91.63999938964844,91.62000274658203,91.63999938964844,73.18000030517578,148600,0.0,0.0,0.0
2012-11-19,91.62000274658203,91.63999938964844,91.62000274658203,91.63999938964844,73.18000030517578,133650,0.0,0.0,0.0
2012-11-20,91.62000274658203,91.63999938964844,91.62000274658203,91.62000274658203,73.16403198242188,64900,0.0,0.0,0.0
2012-11-21,91.62000274658203,91.63999938964844,91.62000274658203,91.62000274658203,73.16403198242188,69800,0.0,0.0,0.0
2012-11-23,91.62000274658203,91.63999938964844,91.62000274658203,91.62000274658203,73.16403198242188,52900,0.0,0.0,0.0
2012-11-26,91.62000274658203,91.63999938964844,91.62000274658203,91.62000274658203,73.16403198242188,594700,0.0,0.0,0.0
2012-11-27,91.62000274658203,91.63999938964844,91.62000274658203,91.62000274658203,73.16403198242188,213150,0.0,0.0,0.0
2012-11-28,91.62000274658203,91.63999938964844,91.62000274658203,91.62000274658203,73.16403198242188,63950,0.0,0.0,0.0
2012-11-29,91.62000274658203,91.63999938964844,91.62000274658203,91.62000274658203,73.16403198242188,1176750,0.0,0.0,0.0
2012-11-30,91.63999938964844,91.63999938964844,91.62000274658203,91.62000274658203,73.16403198242188,701350,0.0,0.0,0.0
2012-12-03,91.62000274658203,91.63999938964844,91.62000274658203,91.62000274658203,73.16403198242188,694000,0.0,0.0,0.0
2012-12-04,91.63999938964844,91.63999938964844,91.62000274658203,91.62000274658203,73.16403198242188,217150,0.0,0.0,0.0
2012-12-05,91.62000274658203,91.63999938964844,91.62000274658203,91.62000274658203,73.16403198242188,141750,0.0,0.0,0.0
2012-12-06,91.62000274658203,91.63999938964844,91.62000274658203,91.62000274658203,73.16403198242188,137200,0.0,0.0,0.0
2012-12-07,91.62000274658203,91.63999938964844,91.62000274658203,91.62000274658203,73.16403198242188,376400,0.0,0.0,0.0
2012-12-10,91.62000274658203,91.63999938964844,91.62000274658203,91.62000274658203,73.16403198242188,356500,0.0,0.0,0.0
2012-12-11,91.62000274658203,91.63999938964844,91.62000274658203,91.62000274658203,73.16403198242188,308800,0.0,0.0,0.0
2012-12-12,91.62000274658203,91.63999938964844,91.62000274658203,91.62000274658203,73.16403198242188,269950,0.0,0.0,0.0
2012-12-13,91.62000274658203,91.63999938964844,91.62000274658203,91.62000274658203,73.16403198242188,151700,0.0,0.0,0.0
2012-12-14,91.63999938964844,91.63999938964844,91.62000274658203,91.62000274658203,73.16403198242188,163350,0.0,0.0,0.0
2012-12-17,91.62000274658203,91.63999938964844,91.62000274658203,91.62000274658203,73.16403198242188,665300,0.0,0.0,0.0
2012-12-18,91.62000274658203,91.63999938964844,91.62000274658203,91.63999938964844,73.18000030517578,254200,0.0,0.0,0.0
2012-12-19,91.62000274658203,91.63999938964844,91.62000274658203,91.62000274658203,73.16403198242188,150550,0.0,0.0,0.0
2012-12-20,91.62000274658203,91.63999938964844,91.62000274658203,91.62000274658203,73.16403198242188,189600,0.0,0.0,0.0
2012-12-21,91.62000274658203,91.63999938964844,91.62000274658203,91.62000274658203,73.16403198242188,153400,0.0,0.0,0.0
2012-12-24,91.63999938964844,91.63999938964844,91.62000274658203,91.62000274658203,73.16403198242188,107450,0.0,0.0,0.0
2012-12-26,91.62000274658203,91.63999938964844,91.62000274658203,91.62000274658203,73.16403198242188,85000,0.0,0.0,0.0
2012-12-27,91.63999938964844,91.63999938964844,91.62000274658203,91.62000274658203,73.16403198242188,62100,0.0,0.0,0.0
2012-12-28,91.62000274658203,91.63999938964844,91.62000274658203,91.63999938964844,73.18000030517578,213250,0.0,0.0,0.0
2012-12-31,91.63999938964844,91.63999938964844,91.62000274658203,91.62000274658203,73.16403198242188,373700,0.0,0.0,0.0
2013-01-02,91.62000274658203,91.63999938964844,91.62000274658203,91.62000274658203,73.16403198242188,1277900,0.0,0.0,0.0
2013-01-03,91.63999938964844,91.63999938964844,91.62000274658203,91.62000274658203,73.16403198242188,294500,0.0,0.0,0.0
2013-01-04,91.62000274658203,91.63999938964844,91.62000274658203,91.63999938964844,73.18000030517578,192700,0.0,0.0,0.0
2013-01-07,91.5999984741211,91.62000274658203,91.5999984741211,91.5999984741211,73.1480941772461,179650,0.0,0.0,0.0
2013-01-08,91.62000274658203,91.62000274658203,91.5999984741211,91.5999984741211,73.1480941772461,106650,0.0,0.0,0.0
2013-01-09,91.5999984741211,91.62000274658203,91.5999984741211,91.5999984741211,73.1480941772461,197400,0.0,0.0,0.0
2013-01-10,91.5999984741211,91.62000274658203,91.5999984741211,91.5999984741211,73.1480941772461,81100,0.0,0.0,0.0
2013-01-11,91.62000274658203,91.62000274658203,91.5999984741211,91.5999984741211,73.1480941772461,58750,0.0,0.0,0.0
2013-01-14,91.62000274658203,91.62000274658203,91.5999984741211,91.5999984741211,73.1480941772461,87250,0.0,0.0,0.0
2013-01-15,91.5999984741211,91.62000274658203,91.5999984741211,91.5999984741211,73.1480941772461,72400,0.0,0.0,0.0
2013-01-16,91.5999984741211,91.62000274658203,91.5999984741211,91.5999984741211,73.1480941772461,417550,0.0,0.0,0.0
2013-01-17,91.5999984741211,91.62000274658203,91.5999984741211,91.62000274658203,73.16403198242188,739550,0.0,0.0,0.0
2013-01-18,91.62000274658203,91.62000274658203,91.5999984741211,91.5999984741211,73.1480941772461,279400,0.0,0.0,0.0
2013-01-22,91.5999984741211,91.62000274658203,91.5999984741211,91.5999984741211,73.1480941772461,139500,0.0,0.0,0.0
2013-01-23,91.5999984741211,91.62000274658203,91.5999984741211,91.5999984741211,73.1480941772461,150250,0.0,0.0,0.0
2013-01-24,91.5999984741211,91.62000274658203,91.5999984741211,91.62000274658203,73.16403198242188,2557850,0.0,0.0,0.0
2013-01-25,91.5999984741211,91.62000274658203,91.5999984741211,91.5999984741211,73.1480941772461,188800,0.0,0.0,0.0
2013-01-28,91.5999984741211,91.62000274658203,91.5999984741211,91.5999984741211,73.1480941772461,285500,0.0,0.0,0.0
2013-01-29,91.62000274658203,91.62000274658203,91.5999984741211,91.5999984741211,73.1480941772461,85300,0.0,0.0,0.0
2013-01-30,91.5999984741211,91.62000274658203,91.5999984741211,91.5999984741211,73.1480941772461,160750,0.0,0.0,0.0
2013-01-31,91.62000274658203,91.62000274658203,91.5999984741211,91.62000274658203,73.16403198242188,168450,0.0,0.0,0.0
2013-02-01,91.5999984741211,91.62000274658203,91.5999984741211,91.5999984741211,73.1480941772461,171650,0.0,0.0,0.0
2013-02-04,91.5999984741211,91.62000274658203,91.5999984741211,91.5999984741211,73.1480941772461,112550,0.0,0.0,0.0
2013-02-05,91.5999984741211,91.62000274658203,91.5999984741211,91.62000274658203,73.16403198242188,165500,0.0,0.0,0.0
2013-02-06,91.62000274658203,91.62000274658203,91.5999984741211,91.62000274658203,73.16403198242188,282550,0.0,0.0,0.0
2013-02-07,91.5999984741211,91.62000274658203,91.5999984741211,91.62000274658203,73.16403198242188,50900,0.0,0.0,0.0
2013-02-08,91.62000274658203,91.62000274658203,91.5999984741211,91.62000274658203,73.16403198242188,579750,0.0,0.0,0.0
2013-02-11,91.5999984741211,91.62000274658203,91.5999984741211,91.62000274658203,73.16403198242188,205000,0.0,0.0,0.0
2013-02-12,91.62000274658203,91.62000274658203,91.5999984741211,91.62000274658203,73.16403198242188,195600,0.0,0.0,0.0
2013-02-13,91.62000274658203,91.62000274658203,91.5999984741211,91.5999984741211,73.1480941772461,98300,0.0,0.0,0.0
2013-02-14,91.5999984741211,91.62000274658203,91.5999984741211,91.62000274658203,73.16403198242188,116500,0.0,0.0,0.0
2013-02-15,91.62000274658203,91.62000274658203,91.5999984741211,91.5999984741211,73.1480941772461,51900,0.0,0.0,0.0
2013-02-19,91.62000274658203,91.62000274658203,91.5999984741211,91.5999984741211,73.1480941772461,89200,0.0,0.0,0.0
2013-02-20,91.62000274658203,91.62000274658203,91.5999984741211,91.62000274658203,73.16403198242188,110450,0.0,0.0,0.0
2013-02-21,91.62000274658203,91.62000274658203,91.5999984741211,91.5999984741211,73.1480941772461,290850,0.0,0.0,0.0
2013-02-22,91.5999984741211,91.62000274658203,91.5999984741211,91.62000274658203,73.16403198242188,70800,0.0,0.0,0.0
2013-02-25,91.62000274658203,91.62000274658203,91.5999984741211,91.5999984741211,73.1480941772461,125400,0.0,0.0,0.0
2013-02-26,91.5999984741211,91.62000274658203,91.5999984741211,91.5999984741211,73.1480941772461,145250,0.0,0.0,0.0
2013-02-27,91.5999984741211,91.62000274658203,91.5999984741211,91.62000274658203,73.16403198242188,101600,0.0,0.0,0.0
2013-02-28,91.62000274658203,91.62000274658203,91.5999984741211,91.62000274658203,73.16403198242188,328500,0.0,0.0,0.0
2013-03-01,91.62000274658203,91.62000274658203,91.5999984741211,91.62000274658203,73.16403198242188,67500,0.0,0.0,0.0
2013-03-04,91.5999984741211,91.62000274658203,91.5999984741211,91.5999984741211,73.1480941772461,86700,0.0,0.0,0.0
2013-03-05,91.5999984741211,91.62000274658203,91.5999984741211,91.62000274658203,73.16403198242188,133700,0.0,0.0,0.0
2013-03-06,91.5999984741211,91.62000274658203,91.5999984741211,91.5999984741211,73.1480941772461,186800,0.0,0.0,0.0
2013-03-07,91.5999984741211,91.62000274658203,91.5999984741211,91.62000274658203,73.16403198242188,58250,0.0,0.0,0.0
2013-03-08,91.62000274658203,91.62000274658203,91.5999984741211,91.5999984741211,73.1480941772461,291400,0.0,0.0,0.0
2013-03-11,91.5999984741211,91.62000274658203,91.5999984741211,91.62000274658203,73.16403198242188,126700,0.0,0.0,0.0
2013-03-12,91.5999984741211,91.62000274658203,91.5999984741211,91.5999984741211,73.1480941772461,159950,0.0,0.0,0.0
2013-03-13,91.5999984741211,91.62000274658203,91.5999984741211,91.62000274658203,73.16403198242188,161300,0.0,0.0,0.0
2013-03-14,91.62000274658203,91.62000274658203,91.5999984741211,91.62000274658203,73.16403198242188,105100,0.0,0.0,0.0
2013-03-15,91.5999984741211,91.62000274658203,91.5999984741211,91.62000274658203,73.16403198242188,176800,0.0,0.0,0.0
2013-03-18,91.62000274658203,91.62000274658203,91.5999984741211,91.5999984741211,73.1480941772461,2238950,0.0,0.0,0.0
2013-03-19,91.5999984741211,91.62000274658203,91.5999984741211,91.5999984741211,73.1480941772461,93550,0.0,0.0,0.0
2013-03-20,91.5999984741211,91.62000274658203,91.5999984741211,91.5999984741211,73.1480941772461,140850,0.0,0.0,0.0
2013-03-21,91.5999984741211,91.62000274658203,91.5999984741211,91.5999984741211,73.1480941772461,61650,0.0,0.0,0.0
2013-03-22,91.5999984741211,91.62000274658203,91.5999984741211,91.62000274658203,73.16403198242188,83900,0.0,0.0,0.0
2013-03-25,91.5999984741211,91.62000274658203,91.5999984741211,91.5999984741211,73.1480941772461,338550,0.0,0.0,0.0
2013-03-26,91.62000274658203,91.62000274658203,91.5999984741211,91.62000274658203,73.16403198242188,119100,0.0,0.0,0.0
2013-03-27,91.5999984741211,91.62000274658203,91.5999984741211,91.5999984741211,73.1480941772461,262850,0.0,0.0,0.0
2013-03-28,91.5999984741211,91.62000274658203,91.5999984741211,91.62000274658203,73.16403198242188,97800,0.0,0.0,0.0
2013-04-01,91.62000274658203,91.62000274658203,91.5999984741211,91.5999984741211,73.1480941772461,182100,0.0,0.0,0.0
2013-04-02,91.62000274658203,91.62000274658203,91.5999984741211,91.62000274658203,73.16403198242188,139900,0.0,0.0,0.0
2013-04-03,91.62000274658203,91.62000274658203,91.5999984741211,91.5999984741211,73.1480941772461,143350,0.0,0.0,0.0
2013-04-04,91.5999984741211,91.62000274658203,91.5999984741211,91.5999984741211,73.1480941772461,91800,0.0,0.0,0.0
2013-04-05,91.5999984741211,91.62000274658203,91.5999984741211,91.62000274658203,73.16403198242188,182250,0.0,0.0,0.0
2013-04-08,91.62000274658203,91.62000274658203,91.5999984741211,91.62000274658203,73.16403198242188,113900,0.0,0.0,0.0
2013-04-09,91.62000274658203,91.62000274658203,91.5999984741211,91.62000274658203,73.16403198242188,82300,0.0,0.0,0.0
2013-04-10,91.62000274658203,91.62000274658203,91.5999984741211,91.62000274658203,73.16403198242188,74250,0.0,0.0,0.0
2013-04-11,91.62000274658203,91.62000274658203,91.5999984741211,91.5999984741211,73.1480941772461,281900,0.0,0.0,0.0
2013-04-12,91.62000274658203,91.62000274658203,91.5999984741211,91.62000274658203,73.16403198242188,91650,0.0,0.0,0.0
2013-04-15,91.5999984741211,91.62000274658203,91.5999984741211,91.62000274658203,73.16403198242188,146050,0.0,0.0,0.0
2013-04-16,91.62000274658203,91.62000274658203,91.5999984741211,91.62000274658203,73.16403198242188,90350,0.0,0.0,0.0
2013-04-17,91.5999984741211,91.62000274658203,91.5999984741211,91.62000274658203,73.16403198242188,73450,0.0,0.0,0.0
2013-04-18,91.5999984741211,91.62000274658203,91.5999984741211,91.5999984741211,73.1480941772461,247100,0.0,0.0,0.0
2013-04-19,91.62000274658203,91.62000274658203,91.5999984741211,91.62000274658203,73.16403198242188,90300,0.0,0.0,0.0
2013-04-22,91.5999984741211,91.62000274658203,91.5999984741211,91.62000274658203,73.16403198242188,57250,0.0,0.0,0.0
2013-04-23,91.5999984741211,91.62000274658203,91.5999984741211,91.62000274658203,73.16403198242188,355500,0.0,0.0,0.0
2013-04-24,91.62000274658203,91.62000274658203,91.5999984741211,91.62000274658203,73.16403198242188,159900,0.0,0.0,0.0
2013-04-25,91.5999984741211,91.62000274658203,91.5999984741211,91.5999984741211,73.1480941772461,104750,0.0,0.0,0.0
2013-04-26,91.5999984741211,91.62000274658203,91.5999984741211,91.5999984741211,73.1480941772461,81500,0.0,0.0,0.0
2013-04-29,91.62000274658203,91.62000274658203,91.5999984741211,91.5999984741211,73.1480941772461,117850,0.0,0.0,0.0
2013-04-30,91.62000274658203,91.62000274658203,91.5999984741211,91.5999984741211,73.1480941772461,184450,0.0,0.0,0.0
2013-05-01,91.5999984741211,91.62000274658203,91.5999984741211,91.5999984741211,73.1480941772461,704750,0.0,0.0,0.0
2013-05-02,91.62000274658203,91.62000274658203,91.5999984741211,91.62000274658203,73.16403198242188,71800,0.0,0.0,0.0
2013-05-03,91.62000274658203,91.62000274658203,91.5999984741211,91.5999984741211,73.1480941772461,263600,0.0,0.0,0.0
2013-05-06,91.5999984741211,91.62000274658203,91.5999984741211,91.5999984741211,73.1480941772461,117300,0.0,0.0,0.0
2013-05-07,91.5999984741211,91.62000274658203,91.5999984741211,91.5999984741211,73.1480941772461,51250,0.0,0.0,0.0
2013-05-08,91.5999984741211,91.62000274658203,91.5999984741211,91.62000274658203,73.16403198242188,186750,0.0,0.0,0.0
2013-05-09,91.5999984741211,91.62000274658203,91.5999984741211,91.62000274658203,73.16403198242188,59800,0.0,0.0,0.0
2013-05-10,91.5999984741211,91.62000274658203,91.5999984741211,91.5999984741211,73.1480941772461,77150,0.0,0.0,0.0
2013-05-13,91.62000274658203,91.62000274658203,91.5999984741211,91.62000274658203,73.16403198242188,90700,0.0,0.0,0.0
2013-05-14,91.62000274658203,91.62000274658203,91.5999984741211,91.5999984741211,73.1480941772461,441750,0.0,0.0,0.0
2013-05-15,91.5999984741211,91.62000274658203,91.5999984741211,91.5999984741211,73.1480941772461,110150,0.0,0.0,0.0
2013-05-16,91.62000274658203,91.62000274658203,91.5999984741211,91.5999984741211,73.1480941772461,163650,0.0,0.0,0.0
2013-05-17,91.5999984741211,91.62000274658203,91.5999984741211,91.62000274658203,73.16403198242188,181600,0.0,0.0,0.0
2013-05-20,91.5999984741211,91.62000274658203,91.5999984741211,91.5999984741211,73.1480941772461,239050,0.0,0.0,0.0
2013-05-21,91.62000274658203,91.62000274658203,91.5999984741211,91.62000274658203,73.16403198242188,113100,0.0,0.0,0.0
2013-05-22,91.5999984741211,91.62000274658203,91.5999984741211,91.62000274658203,73.16403198242188,121000,0.0,0.0,0.0
2013-05-23,91.62000274658203,91.62000274658203,91.5999984741211,91.62000274658203,73.16403198242188,434350,0.0,0.0,0.0
2013-05-24,91.62000274658203,91.62000274658203,91.5999984741211,91.62000274658203,73.16403198242188,55200,0.0,0.0,0.0
2013-05-28,91.5999984741211,91.62000274658203,91.5999984741211,91.5999984741211,73.1480941772461,110300,0.0,0.0,0.0
2013-05-29,91.62000274658203,91.62000274658203,91.5999984741211,91.62000274658203,73.16403198242188,230750,0.0,0.0,0.0
2013-05-30,91.5999984741211,91.62000274658203,91.5999984741211,91.5999984741211,73.1480941772461,92450,0.0,0.0,0.0
2013-05-31,91.5999984741211,91.62000274658203,91.5999984741211,91.62000274658203,73.16403198242188,1031050,0.0,0.0,0.0
2013-06-03,91.5999984741211,91.62000274658203,91.5999984741211,91.62000274658203,73.16403198242188,453450,0.0,0.0,0.0
2013-06-04,91.5999984741211,91.62000274658203,91.5999984741211,91.62000274658203,73.16403198242188,147200,0.0,0.0,0.0
2013-06-05,91.5999984741211,91.62000274658203,91.5999984741211,91.62000274658203,73.16403198242188,123150,0.0,0.0,0.0
2013-06-06,91.62000274658203,91.62000274658203,91.58000183105469,91.5999984741211,73.1480941772461,2841800,0.0,0.0,0.0
2013-06-07,91.58000183105469,91.62000274658203,91.58000183105469,91.62000274658203,73.16403198242188,275000,0.0,0.0,0.0
2013-06-10,91.62000274658203,91.62000274658203,91.5999984741211,91.5999984741211,73.1480941772461,212800,0.0,0.0,0.0
2013-06-11,91.62000274658203,91.62000274658203,91.5999984741211,91.62000274658203,73.16403198242188,160350,0.0,0.0,0.0
2013-06-12,91.62000274658203,91.62000274658203,91.5999984741211,91.5999984741211,73.1480941772461,490050,0.0,0.0,0.0
2013-06-13,91.5999984741211,91.62000274658203,91.5999984741211,91.62000274658203,73.16403198242188,2133200,0.0,0.0,0.0
2013-06-14,91.5999984741211,91.62000274658203,91.5999984741211,91.5999984741211,73.1480941772461,350350,0.0,0.0,0.0
2013-06-17,91.5999984741211,91.62000274658203,91.5999984741211,91.5999984741211,73.1480941772461,105150,0.0,0.0,0.0
2013-06-18,91.5999984741211,91.62000274658203,91.5999984741211,91.5999984741211,73.1480941772461,169700,0.0,0.0,0.0
2013-06-19,91.62000274658203,91.62000274658203,91.5999984741211,91.5999984741211,73.1480941772461,116200,0.0,0.0,0.0
2013-06-20,91.62000274658203,91.62000274658203,91.5999984741211,91.5999984741211,73.1480941772461,1520400,0.0,0.0,0.0
2013-06-21,91.62000274658203,91.62000274658203,91.5999984741211,91.62000274658203,73.16403198242188,444100,0.0,0.0,0.0
2013-06-24,91.5999984741211,91.62000274658203,91.5999984741211,91.62000274658203,73.16403198242188,384500,0.0,0.0,0.0
2013-06-25,91.5999984741211,91.62000274658203,91.5999984741211,91.62000274658203,73.16403198242188,3208500,0.0,0.0,0.0
2013-06-26,91.5999984741211,91.62000274658203,91.5999984741211,91.62000274658203,73.16403198242188,473600,0.0,0.0,0.0
2013-06-27,91.62000274658203,91.62000274658203,91.5999984741211,91.5999984741211,73.1480941772461,185250,0.0,0.0,0.0
2013-06-28,91.62000274658203,91.62000274658203,91.58000183105469,91.5999984741211,73.1480941772461,1420750,0.0,0.0,0.0
2013-07-01,91.5999984741211,91.62000274658203,91.5999984741211,91.62000274658203,73.16403198242188,437200,0.0,0.0,0.0
2013-07-02,91.62000274658203,91.62000274658203,91.5999984741211,91.5999984741211,73.1480941772461,378300,0.0,0.0,0.0
2013-07-03,91.62000274658203,91.62000274658203,91.5999984741211,91.62000274658203,73.16403198242188,208100,0.0,0.0,0.0
2013-07-05,91.62000274658203,91.62000274658203,91.5999984741211,91.62000274658203,73.16403198242188,342300,0.0,0.0,0.0
2013-07-08,91.5999984741211,91.62000274658203,91.58000183105469,91.58000183105469,73.132080078125,152300,0.0,0.0,0.0
2013-07-09,91.58000183105469,91.62000274658203,91.58000183105469,91.58000183105469,73.132080078125,631600,0.0,0.0,0.0
2013-07-10,91.58000183105469,91.5999984741211,91.58000183105469,91.58000183105469,73.132080078125,239350,0.0,0.0,0.0
2013-07-11,91.58000183105469,91.5999984741211,91.58000183105469,91.58000183105469,73.132080078125,790050,0.0,0.0,0.0
2013-07-12,91.58000183105469,91.5999984741211,91.58000183105469,91.58000183105469,73.132080078125,254550,0.0,0.0,0.0
2013-07-15,91.58000183105469,91.5999984741211,91.58000183105469,91.58000183105469,73.132080078125,298700,0.0,0.0,0.0
2013-07-16,91.5999984741211,91.5999984741211,91.58000183105469,91.58000183105469,73.132080078125,146050,0.0,0.0,0.0
2013-07-17,91.5999984741211,91.5999984741211,91.58000183105469,91.58000183105469,73.132080078125,156600,0.0,0.0,0.0
2013-07-18,91.5999984741211,91.5999984741211,91.58000183105469,91.5999984741211,73.1480941772461,168700,0.0,0.0,0.0
2013-07-19,91.58000183105469,91.5999984741211,91.58000183105469,91.5999984741211,73.1480941772461,85550,0.0,0.0,0.0
2013-07-22,91.5999984741211,91.5999984741211,91.58000183105469,91.5999984741211,73.1480941772461,421550,0.0,0.0,0.0
2013-07-23,91.58000183105469,91.5999984741211,91.58000183105469,91.5999984741211,73.1480941772461,92900,0.0,0.0,0.0
2013-07-24,91.5999984741211,91.62000274658203,91.58000183105469,91.62000274658203,73.16403198242188,747200,0.0,0.0,0.0
2013-07-25,91.5999984741211,91.62000274658203,91.58000183105469,91.58000183105469,73.132080078125,149550,0.0,0.0,0.0
2013-07-26,91.62000274658203,91.62000274658203,91.58000183105469,91.58000183105469,73.132080078125,378550,0.0,0.0,0.0
2013-07-29,91.58000183105469,91.5999984741211,91.58000183105469,91.5999984741211,73.1480941772461,160600,0.0,0.0,0.0
2013-07-30,91.58000183105469,91.5999984741211,91.58000183105469,91.58000183105469,73.132080078125,172400,0.0,0.0,0.0
2013-07-31,91.5999984741211,91.5999984741211,91.58000183105469,91.5999984741211,73.1480941772461,238800,0.0,0.0,0.0
2013-08-01,91.58000183105469,91.5999984741211,91.58000183105469,91.58000183105469,73.132080078125,207450,0.0,0.0,0.0
2013-08-02,91.58000183105469,91.5999984741211,91.58000183105469,91.5999984741211,73.1480941772461,273800,0.0,0.0,0.0
2013-08-05,91.5999984741211,91.5999984741211,91.58000183105469,91.5999984741211,73.1480941772461,149900,0.0,0.0,0.0
2013-08-06,91.5999984741211,91.5999984741211,91.58000183105469,91.5999984741211,73.1480941772461,89300,0.0,0.0,0.0
2013-08-07,91.5999984741211,91.5999984741211,91.58000183105469,91.58000183105469,73.132080078125,97100,0.0,0.0,0.0
2013-08-08,91.58000183105469,91.5999984741211,91.58000183105469,91.58000183105469,73.132080078125,112050,0.0,0.0,0.0
2013-08-09,91.58000183105469,91.5999984741211,91.58000183105469,91.5999984741211,73.1480941772461,172650,0.0,0.0,0.0
2013-08-12,91.5999984741211,91.5999984741211,91.58000183105469,91.5999984741211,73.1480941772461,118550,0.0,0.0,0.0
2013-08-13,91.5999984741211,91.5999984741211,91.58000183105469,91.5999984741211,73.1480941772461,60500,0.0,0.0,0.0
2013-08-14,91.58000183105469,91.5999984741211,91.58000183105469,91.5999984741211,73.1480941772461,131400,0.0,0.0,0.0
2013-08-15,91.5999984741211,91.5999984741211,91.58000183105469,91.5999984741211,73.1480941772461,668500,0.0,0.0,0.0
2013-08-16,91.5999984741211,91.5999984741211,91.58000183105469,91.5999984741211,73.1480941772461,491950,0.0,0.0,0.0
2013-08-19,91.5999984741211,91.5999984741211,91.58000183105469,91.58000183105469,73.132080078125,233600,0.0,0.0,0.0
2013-08-20,91.5999984741211,91.5999984741211,91.58000183105469,91.5999984741211,73.1480941772461,207650,0.0,0.0,0.0
2013-08-21,91.58000183105469,91.5999984741211,91.58000183105469,91.5999984741211,73.1480941772461,244300,0.0,0.0,0.0
2013-08-22,91.5999984741211,91.5999984741211,91.58000183105469,91.58000183105469,73.132080078125,240850,0.0,0.0,0.0
2013-08-23,91.5999984741211,91.5999984741211,91.58000183105469,91.5999984741211,73.1480941772461,86050,0.0,0.0,0.0
2013-08-26,91.58000183105469,91.5999984741211,91.58000183105469,91.58000183105469,73.132080078125,249800,0.0,0.0,0.0
2013-08-27,91.5999984741211,91.5999984741211,91.58000183105469,91.58000183105469,73.132080078125,231250,0.0,0.0,0.0
2013-08-28,91.58000183105469,91.5999984741211,91.58000183105469,91.58000183105469,73.132080078125,77950,0.0,0.0,0.0
2013-08-29,91.5999984741211,91.5999984741211,91.58000183105469,91.5999984741211,73.1480941772461,133950,0.0,0.0,0.0
2013-08-30,91.58000183105469,91.5999984741211,91.58000183105469,91.5999984741211,73.1480941772461,500900,0.0,0.0,0.0
2013-09-03,91.58000183105469,91.5999984741211,91.58000183105469,91.5999984741211,73.1480941772461,370900,0.0,0.0,0.0
2013-09-04,91.58000183105469,91.5999984741211,91.58000183105469,91.5999984741211,73.1480941772461,206500,0.0,0.0,0.0
2013-09-05,91.58000183105469,91.5999984741211,91.58000183105469,91.5999984741211,73.1480941772461,527000,0.0,0.0,0.0
2013-09-06,91.58000183105469,91.5999984741211,91.58000183105469,91.5999984741211,73.1480941772461,265500,0.0,0.0,0.0
2013-09-09,91.5999984741211,91.5999984741211,91.55999755859375,91.55999755859375,73.11613464355469,903150,0.0,0.0,0.0
2013-09-10,91.5999984741211,91.5999984741211,91.58000183105469,91.58000183105469,73.132080078125,275950,0.0,0.0,0.0
2013-09-11,91.5999984741211,91.5999984741211,91.58000183105469,91.58000183105469,73.132080078125,417200,0.0,0.0,0.0
2013-09-12,91.5999984741211,91.5999984741211,91.58000183105469,91.58000183105469,73.132080078125,97150,0.0,0.0,0.0
2013-09-13,91.5999984741211,91.5999984741211,91.58000183105469,91.5999984741211,73.1480941772461,355250,0.0,0.0,0.0
2013-09-16,91.58000183105469,91.5999984741211,91.58000183105469,91.58000183105469,73.132080078125,185150,0.0,0.0,0.0
2013-09-17,91.58000183105469,91.5999984741211,91.58000183105469,91.58000183105469,73.132080078125,158050,0.0,0.0,0.0
2013-09-18,91.58000183105469,91.5999984741211,91.58000183105469,91.5999984741211,73.1480941772461,295750,0.0,0.0,0.0
2013-09-19,91.58000183105469,91.5999984741211,91.58000183105469,91.5999984741211,73.1480941772461,206200,0.0,0.0,0.0
2013-09-20,91.5999984741211,91.5999984741211,91.58000183105469,91.58000183105469,73.132080078125,647550,0.0,0.0,0.0
2013-09-23,91.58000183105469,91.5999984741211,91.58000183105469,91.58000183105469,73.132080078125,191300,0.0,0.0,0.0
2013-09-24,91.5999984741211,91.5999984741211,91.58000183105469,91.58000183105469,73.132080078125,160600,0.0,0.0,0.0
2013-09-25,91.58000183105469,91.5999984741211,91.58000183105469,91.58000183105469,73.132080078125,83150,0.0,0.0,0.0
2013-09-26,91.5999984741211,91.5999984741211,91.58000183105469,91.58000183105469,73.132080078125,102050,0.0,0.0,0.0
2013-09-27,91.58000183105469,91.5999984741211,91.58000183105469,91.58000183105469,73.132080078125,247300,0.0,0.0,0.0
2013-09-30,91.58000183105469,91.5999984741211,91.58000183105469,91.58000183105469,73.132080078125,480950,0.0,0.0,0.0
2013-10-01,91.5999984741211,91.5999984741211,91.55999755859375,91.5999984741211,73.1480941772461,2340450,0.0,0.0,0.0
2013-10-02,91.5999984741211,91.5999984741211,91.58000183105469,91.5999984741211,73.1480941772461,185000,0.0,0.0,0.0
2013-10-03,91.5999984741211,91.5999984741211,91.58000183105469,91.5999984741211,73.1480941772461,1240550,0.0,0.0,0.0
2013-10-04,91.58000183105469,91.5999984741211,91.58000183105469,91.5999984741211,73.1480941772461,283800,0.0,0.0,0.0
2013-10-07,91.5999984741211,91.5999984741211,91.58000183105469,91.5999984741211,73.1480941772461,203000,0.0,0.0,0.0
2013-10-08,91.58000183105469,91.5999984741211,91.58000183105469,91.5999984741211,73.1480941772461,215850,0.0,0.0,0.0
2013-10-09,91.55999755859375,91.58000183105469,91.55999755859375,91.58000183105469,73.132080078125,325100,0.0,0.0,0.0
2013-10-10,91.55999755859375,91.58000183105469,91.55999755859375,91.55999755859375,73.11613464355469,939600,0.0,0.0,0.0
2013-10-11,91.58000183105469,91.58000183105469,91.54000091552734,91.54000091552734,73.10012817382812,6366750,0.0,0.0,0.0
2013-10-14,91.54000091552734,91.55999755859375,91.54000091552734,91.54000091552734,73.10012817382812,150500,0.0,0.0,0.0
2013-10-15,91.55999755859375,91.55999755859375,91.54000091552734,91.54000091552734,73.10012817382812,562650,0.0,0.0,0.0
2013-10-16,91.54000091552734,91.58000183105469,91.54000091552734,91.55999755859375,73.11613464355469,945500,0.0,0.0,0.0
2013-10-17,91.58000183105469,91.58000183105469,91.55999755859375,91.55999755859375,73.11613464355469,140350,0.0,0.0,0.0
2013-10-18,91.55999755859375,91.58000183105469,91.55999755859375,91.58000183105469,73.132080078125,197450,0.0,0.0,0.0
2013-10-21,91.58000183105469,91.58000183105469,91.55999755859375,91.58000183105469,73.132080078125,215550,0.0,0.0,0.0
2013-10-22,91.55999755859375,91.58000183105469,91.55999755859375,91.58000183105469,73.132080078125,100200,0.0,0.0,0.0
2013-10-23,91.58000183105469,91.58000183105469,91.55999755859375,91.58000183105469,73.132080078125,259950,0.0,0.0,0.0
2013-10-24,91.55999755859375,91.58000183105469,91.55999755859375,91.55999755859375,73.11613464355469,149050,0.0,0.0,0.0
2013-10-25,91.55999755859375,91.58000183105469,91.55999755859375,91.58000183105469,73.132080078125,69650,0.0,0.0,0.0
2013-10-28,91.55999755859375,91.58000183105469,91.55999755859375,91.58000183105469,73.132080078125,88300,0.0,0.0,0.0
2013-10-29,91.55999755859375,91.58000183105469,91.55999755859375,91.55999755859375,73.11613464355469,873700,0.0,0.0,0.0
2013-10-30,91.55999755859375,91.58000183105469,91.55999755859375,91.55999755859375,73.11613464355469,399450,0.0,0.0,0.0
2013-10-31,91.58000183105469,91.58000183105469,91.55999755859375,91.55999755859375,73.11613464355469,143900,0.0,0.0,0.0
2013-11-01,91.58000183105469,91.58000183105469,91.55999755859375,91.55999755859375,73.11613464355469,539750,0.0,0.0,0.0
2013-11-04,91.55999755859375,91.58000183105469,91.55999755859375,91.55999755859375,73.11613464355469,138100,0.0,0.0,0.0
2013-11-05,91.58000183105469,91.58000183105469,91.55999755859375,91.55999755859375,73.11613464355469,85150,0.0,0.0,0.0
2013-11-06,91.58000183105469,91.58000183105469,91.55999755859375,91.58000183105469,73.132080078125,502800,0.0,0.0,0.0
2013-11-07,91.55999755859375,91.58000183105469,91.55999755859375,91.55999755859375,73.11613464355469,156350,0.0,0.0,0.0
2013-11-08,91.58000183105469,91.58000183105469,91.55999755859375,91.55999755859375,73.11613464355469,296000,0.0,0.0,0.0
2013-11-11,91.55999755859375,91.58000183105469,91.55999755859375,91.58000183105469,73.132080078125,125500,0.0,0.0,0.0
2013-11-12,91.58000183105469,91.58000183105469,91.55999755859375,91.58000183105469,73.132080078125,129600,0.0,0.0,0.0
2013-11-13,91.55999755859375,91.58000183105469,91.55999755859375,91.58000183105469,73.132080078125,117500,0.0,0.0,0.0
2013-11-14,91.58000183105469,91.58000183105469,91.55999755859375,91.55999755859375,73.11613464355469,156700,0.0,0.0,0.0
2013-11-15,91.58000183105469,91.58000183105469,91.55999755859375,91.55999755859375,73.11613464355469,91950,0.0,0.0,0.0
2013-11-18,91.55999755859375,91.58000183105469,91.55999755859375,91.55999755859375,73.11613464355469,180200,0.0,0.0,0.0
2013-11-19,91.55999755859375,91.58000183105469,91.55999755859375,91.55999755859375,73.11613464355469,93750,0.0,0.0,0.0
2013-11-20,91.58000183105469,91.58000183105469,91.55999755859375,91.55999755859375,73.11613464355469,108300,0.0,0.0,0.0
2013-11-21,91.58000183105469,91.58000183105469,91.55999755859375,91.58000183105469,73.132080078125,287750,0.0,0.0,0.0
2013-11-22,91.55999755859375,91.58000183105469,91.55999755859375,91.55999755859375,73.11613464355469,385000,0.0,0.0,0.0
2013-11-25,91.58000183105469,91.58000183105469,91.55999755859375,91.55999755859375,73.11613464355469,630850,0.0,0.0,0.0
2013-11-26,91.55999755859375,91.58000183105469,91.55999755859375,91.55999755859375,73.11613464355469,62550,0.0,0.0,0.0
2013-11-27,91.58000183105469,91.58000183105469,91.55999755859375,91.58000183105469,73.132080078125,145900,0.0,0.0,0.0
2013-11-29,91.58000183105469,91.58000183105469,91.54000091552734,91.54000091552734,73.10012817382812,465750,0.0,0.0,0.0
2013-12-02,91.55999755859375,91.58000183105469,91.55999755859375,91.55999755859375,73.11613464355469,187800,0.0,0.0,0.0
2013-12-03,91.55999755859375,91.58000183105469,91.55999755859375,91.58000183105469,73.132080078125,312850,0.0,0.0,0.0
2013-12-04,91.58000183105469,91.58000183105469,91.55999755859375,91.58000183105469,73.132080078125,329300,0.0,0.0,0.0
2013-12-05,91.58000183105469,91.58000183105469,91.55999755859375,91.58000183105469,73.132080078125,139800,0.0,0.0,0.0
2013-12-06,91.58000183105469,91.58000183105469,91.55999755859375,91.58000183105469,73.132080078125,188750,0.0,0.0,0.0
2013-12-09,91.55999755859375,91.58000183105469,91.55999755859375,91.58000183105469,73.132080078125,224250,0.0,0.0,0.0
2013-12-10,91.55999755859375,91.58000183105469,91.55999755859375,91.55999755859375,73.11613464355469,66400,0.0,0.0,0.0
2013-12-11,91.55999755859375,91.58000183105469,91.55999755859375,91.58000183105469,73.132080078125,95000,0.0,0.0,0.0
2013-12-12,91.58000183105469,91.58000183105469,91.55999755859375,91.58000183105469,73.132080078125,1124650,0.0,0.0,0.0
2013-12-13,91.58000183105469,91.58000183105469,91.55999755859375,91.58000183105469,73.132080078125,75850,0.0,0.0,0.0
2013-12-16,91.58000183105469,91.58000183105469,91.55999755859375,91.55999755859375,73.11613464355469,412600,0.0,0.0,0.0
2013-12-17,91.55999755859375,91.58000183105469,91.55999755859375,91.55999755859375,73.11613464355469,112400,0.0,0.0,0.0
2013-12-18,91.55999755859375,91.58000183105469,91.55999755859375,91.58000183105469,73.132080078125,114400,0.0,0.0,0.0
2013-12-19,91.55999755859375,91.58000183105469,91.55999755859375,91.58000183105469,73.132080078125,1356750,0.0,0.0,0.0
2013-12-20,91.58000183105469,91.58000183105469,91.54000091552734,91.55999755859375,73.11613464355469,715800,0.0,0.0,0.0
2013-12-23,91.55999755859375,91.58000183105469,91.55999755859375,91.55999755859375,73.11613464355469,284700,0.0,0.0,0.0
2013-12-24,91.54000091552734,91.55999755859375,91.54000091552734,91.55999755859375,73.11613464355469,111300,0.0,0.0,0.0
2013-12-26,91.58000183105469,91.58000183105469,91.55999755859375,91.55999755859375,73.11613464355469,81300,0.0,0.0,0.0
2013-12-27,91.58000183105469,91.58000183105469,91.55999755859375,91.58000183105469,73.132080078125,150600,0.0,0.0,0.0
2013-12-30,91.58000183105469,91.58000183105469,91.55999755859375,91.58000183105469,73.132080078125,83650,0.0,0.0,0.0
2013-12-31,91.54000091552734,91.58000183105469,91.54000091552734,91.54000091552734,73.10012817382812,209300,0.0,0.0,0.0
2014-01-02,91.54000091552734,91.55999755859375,91.54000091552734,91.54000091552734,73.10012817382812,265900,0.0,0.0,0.0
2014-01-03,91.55999755859375,91.55999755859375,91.54000091552734,91.55999755859375,73.11613464355469,85850,0.0,0.0,0.0
2014-01-06,91.54000091552734,91.55999755859375,91.54000091552734,91.54000091552734,73.10012817382812,166200,0.0,0.0,0.0
2014-01-07,91.54000091552734,91.55999755859375,91.54000091552734,91.55999755859375,73.11613464355469,214700,0.0,0.0,0.0
2014-01-08,91.55999755859375,91.55999755859375,91.54000091552734,91.55999755859375,73.11613464355469,120550,0.0,0.0,0.0
2014-01-09,91.54000091552734,91.55999755859375,91.54000091552734,91.54000091552734,73.10012817382812,140700,0.0,0.0,0.0
2014-01-10,91.55999755859375,91.55999755859375,91.54000091552734,91.55999755859375,73.11613464355469,100050,0.0,0.0,0.0
2014-01-13,91.55999755859375,91.55999755859375,91.54000091552734,91.55999755859375,73.11613464355469,173550,0.0,0.0,0.0
2014-01-14,91.54000091552734,91.55999755859375,91.54000091552734,91.55999755859375,73.11613464355469,188500,0.0,0.0,0.0
2014-01-15,91.54000091552734,91.55999755859375,91.54000091552734,91.55999755859375,73.11613464355469,121500,0.0,0.0,0.0
2014-01-16,91.55999755859375,91.55999755859375,91.54000091552734,91.55999755859375,73.11613464355469,176250,0.0,0.0,0.0
2014-01-17,91.55999755859375,91.55999755859375,91.54000091552734,91.54000091552734,73.10012817382812,600450,0.0,0.0,0.0
2014-01-21,91.54000091552734,91.55999755859375,91.54000091552734,91.55999755859375,73.11613464355469,216350,0.0,0.0,0.0
2014-01-22,91.54000091552734,91.55999755859375,91.54000091552734,91.55999755859375,73.11613464355469,154400,0.0,0.0,0.0
2014-01-23,91.54000091552734,91.55999755859375,91.54000091552734,91.55999755859375,73.11613464355469,174600,0.0,0.0,0.0
2014-01-24,91.54000091552734,91.55999755859375,91.54000091552734,91.54000091552734,73.10012817382812,142100,0.0,0.0,0.0
2014-01-27,91.54000091552734,91.55999755859375,91.54000091552734,91.54000091552734,73.10012817382812,332700,0.0,0.0,0.0
2014-01-28,91.55999755859375,91.55999755859375,91.54000091552734,91.54000091552734,73.10012817382812,480150,0.0,0.0,0.0
2014-01-29,91.54000091552734,91.55999755859375,91.54000091552734,91.55999755859375,73.11613464355469,146350,0.0,0.0,0.0
2014-01-30,91.55999755859375,91.55999755859375,91.54000091552734,91.55999755859375,73.11613464355469,170050,0.0,0.0,0.0
2014-01-31,91.55999755859375,91.55999755859375,91.54000091552734,91.54000091552734,73.10012817382812,336200,0.0,0.0,0.0
2014-02-03,91.55999755859375,91.55999755859375,91.54000091552734,91.54000091552734,73.10012817382812,1180450,0.0,0.0,0.0
2014-02-04,91.55999755859375,91.55999755859375,91.54000091552734,91.55999755859375,73.11613464355469,1322350,0.0,0.0,0.0
2014-02-05,91.54000091552734,91.55999755859375,91.54000091552734,91.54000091552734,73.10012817382812,157650,0.0,0.0,0.0
2014-02-06,91.54000091552734,91.55999755859375,91.54000091552734,91.54000091552734,73.10012817382812,253150,0.0,0.0,0.0
2014-02-07,91.54000091552734,91.55999755859375,91.54000091552734,91.55999755859375,73.11613464355469,433800,0.0,0.0,0.0
2014-02-10,91.54000091552734,91.55999755859375,91.5199966430664,91.54000091552734,73.10012817382812,1369150,0.0,0.0,0.0
2014-02-11,91.5199966430664,91.55999755859375,91.5199966430664,91.54000091552734,73.10012817382812,915250,0.0,0.0,0.0
2014-02-12,91.54000091552734,91.55999755859375,91.54000091552734,91.55999755859375,73.11613464355469,148050,0.0,0.0,0.0
2014-02-13,91.54000091552734,91.55999755859375,91.54000091552734,91.55999755859375,73.11613464355469,471650,0.0,0.0,0.0
2014-02-14,91.54000091552734,91.55999755859375,91.54000091552734,91.55999755859375,73.11613464355469,139650,0.0,0.0,0.0
2014-02-18,91.55999755859375,91.55999755859375,91.54000091552734,91.54000091552734,73.10012817382812,303550,0.0,0.0,0.0
2014-02-19,91.55999755859375,91.55999755859375,91.54000091552734,91.55999755859375,73.11613464355469,140100,0.0,0.0,0.0
2014-02-20,91.54000091552734,91.55999755859375,91.54000091552734,91.55999755859375,73.11613464355469,240750,0.0,0.0,0.0
2014-02-21,91.54000091552734,91.55999755859375,91.54000091552734,91.54000091552734,73.10012817382812,298050,0.0,0.0,0.0
2014-02-24,91.54000091552734,91.55999755859375,91.54000091552734,91.55999755859375,73.11613464355469,613700,0.0,0.0,0.0
2014-02-25,91.55999755859375,91.55999755859375,91.54000091552734,91.55999755859375,73.11613464355469,178000,0.0,0.0,0.0
2014-02-26,91.54000091552734,91.55999755859375,91.54000091552734,91.55999755859375,73.11613464355469,87700,0.0,0.0,0.0
2014-02-27,91.54000091552734,91.55999755859375,91.54000091552734,91.54000091552734,73.10012817382812,95300,0.0,0.0,0.0
2014-02-28,91.54000091552734,91.55999755859375,91.54000091552734,91.55999755859375,73.11613464355469,167350,0.0,0.0,0.0
2014-03-03,91.54000091552734,91.55999755859375,91.54000091552734,91.55999755859375,73.11613464355469,858450,0.0,0.0,0.0
2014-03-04,91.54000091552734,91.55999755859375,91.54000091552734,91.54000091552734,73.10012817382812,490100,0.0,0.0,0.0
2014-03-05,91.54000091552734,91.55999755859375,91.54000091552734,91.55999755859375,73.11613464355469,163600,0.0,0.0,0.0
2014-03-06,91.54000091552734,91.55999755859375,91.54000091552734,91.55999755859375,73.11613464355469,159550,0.0,0.0,0.0
2014-03-07,91.54000091552734,91.55999755859375,91.54000091552734,91.54000091552734,73.10012817382812,90550,0.0,0.0,0.0
2014-03-10,91.54000091552734,91.55999755859375,91.54000091552734,91.54000091552734,73.10012817382812,293450,0.0,0.0,0.0
2014-03-11,91.54000091552734,91.55999755859375,91.54000091552734,91.54000091552734,73.10012817382812,42250,0.0,0.0,0.0
2014-03-12,91.54000091552734,91.55999755859375,91.54000091552734,91.54000091552734,73.10012817382812,115050,0.0,0.0,0.0
2014-03-13,91.54000091552734,91.55999755859375,91.54000091552734,91.54000091552734,73.10012817382812,74750,0.0,0.0,0.0
2014-03-14,91.54000091552734,91.55999755859375,91.54000091552734,91.54000091552734,73.10012817382812,1176050,0.0,0.0,0.0
2014-03-17,91.54000091552734,91.55999755859375,91.54000091552734,91.54000091552734,73.10012817382812,504750,0.0,0.0,0.0
2014-03-18,91.54000091552734,91.55999755859375,91.54000091552734,91.54000091552734,73.10012817382812,106400,0.0,0.0,0.0
2014-03-19,91.54000091552734,91.55999755859375,91.54000091552734,91.55999755859375,73.11613464355469,97950,0.0,0.0,0.0
2014-03-20,91.54000091552734,91.55999755859375,91.54000091552734,91.54000091552734,73.10012817382812,71650,0.0,0.0,0.0
2014-03-21,91.55999755859375,91.55999755859375,91.54000091552734,91.55999755859375,73.11613464355469,138200,0.0,0.0,0.0
2014-03-24,91.54000091552734,91.55999755859375,91.54000091552734,91.55999755859375,73.11613464355469,254350,0.0,0.0,0.0
2014-03-25,91.55999755859375,91.55999755859375,91.54000091552734,91.55999755859375,73.11613464355469,73600,0.0,0.0,0.0
2014-03-26,91.55999755859375,91.55999755859375,91.54000091552734,91.54000091552734,73.10012817382812,874300,0.0,0.0,0.0
2014-03-27,91.54000091552734,91.55999755859375,91.54000091552734,91.54000091552734,73.10012817382812,66100,0.0,0.0,0.0
2014-03-28,91.54000091552734,91.55999755859375,91.54000091552734,91.54000091552734,73.10012817382812,195500,0.0,0.0,0.0
2014-03-31,91.55999755859375,91.55999755859375,91.54000091552734,91.54000091552734,73.10012817382812,425900,0.0,0.0,0.0
2014-04-01,91.54000091552734,91.55999755859375,91.54000091552734,91.54000091552734,73.10012817382812,1279350,0.0,0.0,0.0
2014-04-02,91.54000091552734,91.55999755859375,91.54000091552734,91.54000091552734,73.10012817382812,455200,0.0,0.0,0.0
2014-04-03,91.54000091552734,91.55999755859375,91.54000091552734,91.55999755859375,73.11613464355469,131750,0.0,0.0,0.0
2014-04-04,91.54000091552734,91.55999755859375,91.54000091552734,91.54000091552734,73.10012817382812,80750,0.0,0.0,0.0
2014-04-07,91.54000091552734,91.55999755859375,91.54000091552734,91.54000091552734,73.10012817382812,1296300,0.0,0.0,0.0
2014-04-08,91.55999755859375,91.55999755859375,91.54000091552734,91.54000091552734,73.10012817382812,402050,0.0,0.0,0.0
2014-04-09,91.54000091552734,91.55999755859375,91.54000091552734,91.54000091552734,73.10012817382812,99600,0.0,0.0,0.0
2014-04-10,91.54000091552734,91.55999755859375,91.54000091552734,91.54000091552734,73.10012817382812,66000,0.0,0.0,0.0
2014-04-11,91.54000091552734,91.55999755859375,91.54000091552734,91.54000091552734,73.10012817382812,166600,0.0,0.0,0.0
2014-04-14,91.54000091552734,91.55999755859375,91.54000091552734,91.54000091552734,73.10012817382812,299600,0.0,0.0,0.0
2014-04-15,91.54000091552734,91.55999755859375,91.54000091552734,91.54000091552734,73.10012817382812,226800,0.0,0.0,0.0
2014-04-16,91.54000091552734,91.55999755859375,91.54000091552734,91.54000091552734,73.10012817382812,88350,0.0,0.0,0.0
2014-04-17,91.55999755859375,91.55999755859375,91.54000091552734,91.55999755859375,73.11613464355469,136850,0.0,0.0,0.0
2014-04-21,91.5199966430664,91.54000091552734,91.5199966430664,91.54000091552734,73.10012817382812,127050,0.0,0.0,0.0
2014-04-22,91.5199966430664,91.54000091552734,91.5199966430664,91.5199966430664,73.08415985107422,92550,0.0,0.0,0.0
2014-04-23,91.54000091552734,91.54000091552734,91.5199966430664,91.54000091552734,73.10012817382812,188500,0.0,0.0,0.0
2014-04-24,91.5199966430664,91.54000091552734,91.5199966430664,91.54000091552734,73.10012817382812,262250,0.0,0.0,0.0
2014-04-25,91.5199966430664,91.54000091552734,91.5199966430664,91.54000091552734,73.10012817382812,110900,0.0,0.0,0.0
2014-04-28,91.54000091552734,91.55999755859375,91.54000091552734,91.54000091552734,73.10012817382812,81100,0.0,0.0,0.0
2014-04-29,91.55999755859375,91.55999755859375,91.54000091552734,91.54000091552734,73.10012817382812,101050,0.0,0.0,0.0
2014-04-30,91.54000091552734,91.55999755859375,91.54000091552734,91.54000091552734,73.10012817382812,230600,0.0,0.0,0.0
2014-05-01,91.54000091552734,91.54000091552734,91.5199966430664,91.5199966430664,73.08415985107422,152950,0.0,0.0,0.0
2014-05-02,91.5199966430664,91.54000091552734,91.5199966430664,91.54000091552734,73.10012817382812,71850,0.0,0.0,0.0
2014-05-05,91.5199966430664,91.54000091552734,91.5199966430664,91.54000091552734,73.10012817382812,164600,0.0,0.0,0.0
2014-05-06,91.54000091552734,91.54000091552734,91.5199966430664,91.5199966430664,73.08415985107422,74800,0.0,0.0,0.0
2014-05-07,91.5199966430664,91.54000091552734,91.5199966430664,91.5199966430664,73.08415985107422,75900,0.0,0.0,0.0
2014-05-08,91.54000091552734,91.54000091552734,91.5199966430664,91.5199966430664,73.08415985107422,125300,0.0,0.0,0.0
2014-05-09,91.5199966430664,91.54000091552734,91.5199966430664,91.54000091552734,73.10012817382812,71650,0.0,0.0,0.0
2014-05-12,91.5199966430664,91.54000091552734,91.5199966430664,91.5199966430664,73.08415985107422,896250,0.0,0.0,0.0
2014-05-13,91.5199966430664,91.54000091552734,91.5199966430664,91.54000091552734,73.10012817382812,173450,0.0,0.0,0.0
2014-05-14,91.5199966430664,91.54000091552734,91.5199966430664,91.54000091552734,73.10012817382812,217900,0.0,0.0,0.0
2014-05-15,91.5199966430664,91.54000091552734,91.5199966430664,91.54000091552734,73.10012817382812,193000,0.0,0.0,0.0
2014-05-16,91.5199966430664,91.54000091552734,91.5199966430664,91.54000091552734,73.10012817382812,62550,0.0,0.0,0.0
2014-05-19,91.5199966430664,91.54000091552734,91.5199966430664,91.54000091552734,73.10012817382812,265750,0.0,0.0,0.0
2014-05-20,91.5199966430664,91.54000091552734,91.5199966430664,91.54000091552734,73.10012817382812,94850,0.0,0.0,0.0
2014-05-21,91.54000091552734,91.54000091552734,91.5199966430664,91.5199966430664,73.08415985107422,65450,0.0,0.0,0.0
2014-05-22,91.5199966430664,91.54000091552734,91.5199966430664,91.5199966430664,73.08415985107422,130950,0.0,0.0,0.0
2014-05-23,91.54000091552734,91.54000091552734,91.5199966430664,91.54000091552734,73.10012817382812,101500,0.0,0.0,0.0
2014-05-27,91.5199966430664,91.54000091552734,91.5199966430664,91.5199966430664,73.08415985107422,87000,0.0,0.0,0.0
2014-05-28,91.54000091552734,91.54000091552734,91.5199966430664,91.54000091552734,73.10012817382812,89300,0.0,0.0,0.0
2014-05-29,91.54000091552734,91.54000091552734,91.5199966430664,91.5199966430664,73.08415985107422,90150,0.0,0.0,0.0
2014-05-30,91.5199966430664,91.54000091552734,91.5199966430664,91.54000091552734,73.10012817382812,213000,0.0,0.0,0.0
2014-06-02,91.5199966430664,91.54000091552734,91.5199966430664,91.5199966430664,73.08415985107422,66000,0.0,0.0,0.0
2014-06-03,91.5199966430664,91.54000091552734,91.5199966430664,91.5199966430664,73.08415985107422,135950,0.0,0.0,0.0
2014-06-04,91.54000091552734,91.54000091552734,91.5199966430664,91.5199966430664,73.08415985107422,158000,0.0,0.0,0.0
2014-06-05,91.54000091552734,91.54000091552734,91.5199966430664,91.5199966430664,73.08415985107422,148000,0.0,0.0,0.0
2014-06-06,91.54000091552734,91.54000091552734,91.5199966430664,91.5199966430664,73.08415985107422,142950,0.0,0.0,0.0
2014-06-09,91.5199966430664,91.54000091552734,91.5199966430664,91.54000091552734,73.10012817382812,80650,0.0,0.0,0.0
2014-06-10,91.5199966430664,91.54000091552734,91.5199966430664,91.54000091552734,73.10012817382812,153750,0.0,0.0,0.0
2014-06-11,91.5199966430664,91.54000091552734,91.5199966430664,91.5199966430664,73.08415985107422,64100,0.0,0.0,0.0
2014-06-12,91.5199966430664,91.54000091552734,91.5199966430664,91.54000091552734,73.10012817382812,96350,0.0,0.0,0.0
2014-06-13,91.5,91.5199966430664,91.5,91.5199966430664,73.08415985107422,382650,0.0,0.0,0.0
2014-06-16,91.5,91.54000091552734,91.5,91.54000091552734,73.10012817382812,601050,0.0,0.0,0.0
2014-06-17,91.5199966430664,91.54000091552734,91.5199966430664,91.5199966430664,73.08415985107422,108500,0.0,0.0,0.0
2014-06-18,91.5199966430664,91.54000091552734,91.5199966430664,91.54000091552734,73.10012817382812,205950,0.0,0.0,0.0
2014-06-19,91.5199966430664,91.54000091552734,91.5199966430664,91.54000091552734,73.10012817382812,75700,0.0,0.0,0.0
2014-06-20,91.54000091552734,91.54000091552734,91.5199966430664,91.54000091552734,73.10012817382812,116850,0.0,0.0,0.0
2014-06-23,91.5199966430664,91.54000091552734,91.5199966430664,91.54000091552734,73.10012817382812,143400,0.0,0.0,0.0
2014-06-24,91.54000091552734,91.54000091552734,91.5199966430664,91.54000091552734,73.10012817382812,86900,0.0,0.0,0.0
2014-06-25,91.5199966430664,91.54000091552734,91.5199966430664,91.5199966430664,73.08415985107422,56800,0.0,0.0,0.0
2014-06-26,91.54000091552734,91.54000091552734,91.5199966430664,91.5199966430664,73.08415985107422,120600,0.0,0.0,0.0
2014-06-27,91.54000091552734,91.54000091552734,91.5199966430664,91.54000091552734,73.10012817382812,210550,0.0,0.0,0.0
2014-06-30,91.5199966430664,91.54000091552734,91.5199966430664,91.5199966430664,73.08415985107422,89300,0.0,0.0,0.0
2014-07-01,91.5199966430664,91.54000091552734,91.5199966430664,91.54000091552734,73.10012817382812,145650,0.0,0.0,0.0
2014-07-02,91.5199966430664,91.54000091552734,91.5199966430664,91.54000091552734,73.10012817382812,217800,0.0,0.0,0.0
2014-07-03,91.5199966430664,91.54000091552734,91.5199966430664,91.5199966430664,73.08415985107422,74100,0.0,0.0,0.0
2014-07-07,91.5199966430664,91.54000091552734,91.5199966430664,91.54000091552734,73.10012817382812,357200,0.0,0.0,0.0
2014-07-08,91.54000091552734,91.54000091552734,91.5199966430664,91.54000091552734,73.10012817382812,230900,0.0,0.0,0.0
2014-07-09,91.54000091552734,91.54000091552734,91.5199966430664,91.5199966430664,73.08415985107422,84150,0.0,0.0,0.0
2014-07-10,91.5199966430664,91.54000091552734,91.5199966430664,91.5199966430664,73.08415985107422,444400,0.0,0.0,0.0
2014-07-11,91.5199966430664,91.54000091552734,91.5,91.5199966430664,73.08415985107422,63350,0.0,0.0,0.0
2014-07-14,91.5199966430664,91.5199966430664,91.5,91.5199966430664,73.08415985107422,137450,0.0,0.0,0.0
2014-07-15,91.5,91.5199966430664,91.5,91.5199966430664,73.08415985107422,122150,0.0,0.0,0.0
2014-07-16,91.5,91.5199966430664,91.5,91.5199966430664,73.08415985107422,89250,0.0,0.0,0.0
2014-07-17,91.5,91.5199966430664,91.5,91.5199966430664,73.08415985107422,69450,0.0,0.0,0.0
2014-07-18,91.5199966430664,91.5199966430664,91.5,91.5,73.0682144165039,99150,0.0,0.0,0.0
2014-07-21,91.5,91.5199966430664,91.5,91.5199966430664,73.08415985107422,190300,0.0,0.0,0.0
2014-07-22,91.5199966430664,91.5199966430664,91.5,91.5,73.0682144165039,347500,0.0,0.0,0.0
2014-07-23,91.5,91.5199966430664,91.5,91.5199966430664,73.08415985107422,167400,0.0,0.0,0.0
2014-07-24,91.5199966430664,91.5199966430664,91.5,91.5199966430664,73.08415985107422,441050,0.0,0.0,0.0
2014-07-25,91.5,91.5199966430664,91.5,91.5199966430664,73.08415985107422,73150,0.0,0.0,0.0
2014-07-28,91.5,91.5199966430664,91.5,91.5199966430664,73.08415985107422,73150,0.0,0.0,0.0
2014-07-29,91.5199966430664,91.5199966430664,91.5,91.5199966430664,73.08415985107422,123900,0.0,0.0,0.0
2014-07-30,91.5199966430664,91.5199966430664,91.5,91.5199966430664,73.08415985107422,48500,0.0,0.0,0.0
2014-07-31,91.5199966430664,91.5199966430664,91.5,91.5,73.0682144165039,185050,0.0,0.0,0.0
2014-08-01,91.5199966430664,91.5199966430664,91.5,91.5199966430664,73.08415985107422,809650,0.0,0.0,0.0
2014-08-04,91.5,91.5199966430664,91.5,91.5199966430664,73.08415985107422,385750,0.0,0.0,0.0
2014-08-05,91.5,91.5199966430664,91.5,91.5,73.0682144165039,175300,0.0,0.0,0.0
2014-08-06,91.5,91.5199966430664,91.5,91.5,73.0682144165039,108550,0.0,0.0,0.0
2014-08-07,91.5,91.5199966430664,91.5,91.5199966430664,73.08415985107422,115550,0.0,0.0,0.0
2014-08-08,91.5199966430664,91.5199966430664,91.5,91.5,73.0682144165039,351600,0.0,0.0,0.0
2014-08-11,91.5199966430664,91.5199966430664,91.5,91.5,73.0682144165039,475700,0.0,0.0,0.0
2014-08-12,91.5,91.5199966430664,91.5,91.5,73.0682144165039,103950,0.0,0.0,0.0
2014-08-13,91.5,91.5199966430664,91.5,91.5199966430664,73.08415985107422,234700,0.0,0.0,0.0
2014-08-14,91.5199966430664,91.5199966430664,91.5,91.5,73.0682144165039,463700,0.0,0.0,0.0
2014-08-15,91.5199966430664,91.5199966430664,91.5,91.5199966430664,73.08415985107422,223000,0.0,0.0,0.0
2014-08-18,91.5,91.5199966430664,91.5,91.5,73.0682144165039,526850,0.0,0.0,0.0
2014-08-19,91.5,91.5199966430664,91.5,91.5199966430664,73.08415985107422,502550,0.0,0.0,0.0
2014-08-20,91.5,91.5199966430664,91.5,91.5,73.0682144165039,63650,0.0,0.0,0.0
2014-08-21,91.5,91.5199966430664,91.5,91.5199966430664,73.08415985107422,214700,0.0,0.0,0.0
2014-08-22,91.5199966430664,91.5199966430664,91.5,91.5199966430664,73.08415985107422,84050,0.0,0.0,0.0
2014-08-25,91.5,91.5199966430664,91.5,91.5199966430664,73.08415985107422,587300,0.0,0.0,0.0
2014-08-26,91.5,91.5199966430664,91.5,91.5199966430664,73.08415985107422,100350,0.0,0.0,0.0
2014-08-27,91.5,91.5199966430664,91.5,91.5,73.0682144165039,348050,0.0,0.0,0.0
2014-08-28,91.5,91.5199966430664,91.5,91.5199966430664,73.08415985107422,145100,0.0,0.0,0.0
2014-08-29,91.5,91.5199966430664,91.5,91.5199966430664,73.08415985107422,66950,0.0,0.0,0.0
2014-09-02,91.5,91.5199966430664,91.5,91.5,73.0682144165039,598400,0.0,0.0,0.0
2014-09-03,91.5,91.5199966430664,91.5,91.5199966430664,73.08415985107422,39450,0.0,0.0,0.0
2014-09-04,91.5,91.5199966430664,91.5,91.5,73.0682144165039,105250,0.0,0.0,0.0
2014-09-05,91.5199966430664,91.5199966430664,91.5,91.5199966430664,73.08415985107422,105200,0.0,0.0,0.0
2014-09-08,91.5199966430664,91.5199966430664,91.5,91.5,73.0682144165039,116700,0.0,0.0,0.0
2014-09-09,91.5,91.5199966430664,91.5,91.5,73.0682144165039,64600,0.0,0.0,0.0
2014-09-10,91.5,91.5199966430664,91.5,91.5199966430664,73.08415985107422,78350,0.0,0.0,0.0
2014-09-11,91.5,91.5199966430664,91.5,91.5,73.0682144165039,70400,0.0,0.0,0.0
2014-09-12,91.5,91.5199966430664,91.5,91.5,73.0682144165039,163750,0.0,0.0,0.0
2014-09-15,91.5,91.5199966430664,91.5,91.5,73.0682144165039,143250,0.0,0.0,0.0
2014-09-16,91.5199966430664,91.5199966430664,91.5,91.5,73.0682144165039,115400,0.0,0.0,0.0
2014-09-17,91.5199966430664,91.5199966430664,91.5,91.5,73.0682144165039,359300,0.0,0.0,0.0
2014-09-18,91.5199966430664,91.5199966430664,91.5,91.5199966430664,73.08415985107422,92100,0.0,0.0,0.0
2014-09-19,91.5,91.5199966430664,91.5,91.5199966430664,73.08415985107422,146050,0.0,0.0,0.0
2014-09-22,91.5,91.5199966430664,91.5,91.5199966430664,73.08415985107422,1013800,0.0,0.0,0.0
2014-09-23,91.5,91.5199966430664,91.5,91.5199966430664,73.08415985107422,112100,0.0,0.0,0.0
2014-09-24,91.5199966430664,91.5199966430664,91.5,91.5199966430664,73.08415985107422,65150,0.0,0.0,0.0
2014-09-25,91.5,91.5199966430664,91.5,91.5199966430664,73.08415985107422,109700,0.0,0.0,0.0
2014-09-26,91.5,91.5199966430664,91.5,91.5199966430664,73.08415985107422,54750,0.0,0.0,0.0
2014-09-29,91.5199966430664,91.5199966430664,91.5,91.5,73.0682144165039,139600,0.0,0.0,0.0
2014-09-30,91.5,91.5199966430664,91.5,91.5199966430664,73.08415985107422,251150,0.0,0.0,0.0
2014-10-01,91.5199966430664,91.5199966430664,91.5,91.5199966430664,73.08415985107422,663450,0.0,0.0,0.0
2014-10-02,91.5,91.5199966430664,91.5,91.5199966430664,73.08415985107422,269900,0.0,0.0,0.0
2014-10-03,91.5199966430664,91.5199966430664,91.4800033569336,91.4800033569336,73.05219268798828,650100,0.0,0.0,0.0
2014-10-06,91.4800033569336,91.5,91.4800033569336,91.4800033569336,73.05219268798828,237100,0.0,0.0,0.0
2014-10-07,91.5,91.5,91.4800033569336,91.5,73.0682144165039,134150,0.0,0.0,0.0
2014-10-08,91.5,91.5,91.4800033569336,91.5,73.0682144165039,147550,0.0,0.0,0.0
2014-10-09,91.4800033569336,91.5,91.4800033569336,91.5,73.0682144165039,978250,0.0,0.0,0.0
2014-10-10,91.4800033569336,91.5,91.4800033569336,91.5,73.0682144165039,581100,0.0,0.0,0.0
2014-10-13,91.5,91.5,91.4800033569336,91.5,73.0682144165039,722250,0.0,0.0,0.0
2014-10-14,91.4800033569336,91.5,91.4800033569336,91.4800033569336,73.05219268798828,424150,0.0,0.0,0.0
2014-10-15,91.4800033569336,91.5,91.4800033569336,91.4800033569336,73.05219268798828,369600,0.0,0.0,0.0
2014-10-16,91.5,91.5,91.4800033569336,91.5,73.0682144165039,601100,0.0,0.0,0.0
2014-10-17,91.5,91.5,91.4800033569336,91.5,73.0682144165039,683350,0.0,0.0,0.0
2014-10-20,91.5,91.5199966430664,91.4800033569336,91.5,73.0682144165039,4556600,0.0,0.0,0.0
2014-10-21,91.5,91.5,91.4800033569336,91.4800033569336,73.05219268798828,2076600,0.0,0.0,0.0
2014-10-22,91.4800033569336,91.5,91.4800033569336,91.5,73.0682144165039,1261150,0.0,0.0,0.0
2014-10-23,91.4800033569336,91.5,91.4800033569336,91.4800033569336,73.05219268798828,218100,0.0,0.0,0.0
2014-10-24,91.4800033569336,91.5,91.4800033569336,91.4800033569336,73.05219268798828,197200,0.0,0.0,0.0
2014-10-27,91.4800033569336,91.5,91.4800033569336,91.4800033569336,73.05219268798828,1660850,0.0,0.0,0.0
2014-10-28,91.5,91.5,91.4800033569336,91.4800033569336,73.05219268798828,2536000,0.0,0.0,0.0
2014-10-29,91.5,91.5,91.4800033569336,91.5,73.0682144165039,725950,0.0,0.0,0.0
2014-10-30,91.4800033569336,91.5,91.4800033569336,91.4800033569336,73.05219268798828,284950,0.0,0.0,0.0
2014-10-31,91.4800033569336,91.5,91.4800033569336,91.5,73.0682144165039,1133200,0.0,0.0,0.0
2014-11-03,91.5,91.5,91.4800033569336,91.4800033569336,73.05219268798828,9501200,0.0,0.0,0.0
2014-11-04,91.4800033569336,91.5,91.4800033569336,91.5,73.0682144165039,322350,0.0,0.0,0.0
2014-11-05,91.5,91.5,91.4800033569336,91.4800033569336,73.05219268798828,663100,0.0,0.0,0.0
2014-11-06,91.5,91.5,91.4800033569336,91.5,73.0682144165039,407200,0.0,0.0,0.0
2014-11-07,91.5,91.5,91.4800033569336,91.4800033569336,73.05219268798828,114000,0.0,0.0,0.0
2014-11-10,91.5,91.5,91.4800033569336,91.5,73.0682144165039,185550,0.0,0.0,0.0
2014-11-11,91.4800033569336,91.5,91.4800033569336,91.5,73.0682144165039,128400,0.0,0.0,0.0
2014-11-12,91.5,91.5,91.4800033569336,91.5,73.0682144165039,645000,0.0,0.0,0.0
2014-11-13,91.5,91.5,91.4800033569336,91.4800033569336,73.05219268798828,245250,0.0,0.0,0.0
2014-11-14,91.4800033569336,91.5,91.4800033569336,91.4800033569336,73.05219268798828,231900,0.0,0.0,0.0
2014-11-17,91.5,91.5,91.4800033569336,91.5,73.0682144165039,126500,0.0,0.0,0.0
2014-11-18,91.4800033569336,91.5,91.4800033569336,91.4800033569336,73.05219268798828,794700,0.0,0.0,0.0
2014-11-19,91.5,91.5,91.4800033569336,91.4800033569336,73.05219268798828,272750,0.0,0.0,0.0
2014-11-20,91.4800033569336,91.5,91.4800033569336,91.4800033569336,73.05219268798828,276000,0.0,0.0,0.0
2014-11-21,91.4800033569336,91.5,91.4800033569336,91.4800033569336,73.05219268798828,292700,0.0,0.0,0.0
2014-11-24,91.4800033569336,91.5,91.4800033569336,91.5,73.0682144165039,891550,0.0,0.0,0.0
2014-11-25,91.4800033569336,91.5,91.4800033569336,91.5,73.0682144165039,209000,0.0,0.0,0.0
2014-11-26,91.4800033569336,91.5,91.4800033569336,91.4800033569336,73.05219268798828,897100,0.0,0.0,0.0
2014-11-28,91.4800033569336,91.5,91.4800033569336,91.5,73.0682144165039,383200,0.0,0.0,0.0
2014-12-01,91.4800033569336,91.5,91.4800033569336,91.4800033569336,73.05219268798828,424600,0.0,0.0,0.0
2014-12-02,91.5,91.5,91.4800033569336,91.4800033569336,73.05219268798828,179150,0.0,0.0,0.0
2014-12-03,91.4800033569336,91.5,91.4800033569336,91.4800033569336,73.05219268798828,685850,0.0,0.0,0.0
2014-12-04,91.4800033569336,91.4800033569336,91.45999908447266,91.4800033569336,73.05219268798828,298650,0.0,0.0,0.0
2014-12-05,91.4800033569336,91.5,91.45999908447266,91.5,73.0682144165039,540700,0.0,0.0,0.0
2014-12-08,91.5,91.5,91.4800033569336,91.5,73.0682144165039,511500,0.0,0.0,0.0
2014-12-09,91.5,91.5,91.4800033569336,91.4800033569336,73.05219268798828,672150,0.0,0.0,0.0
2014-12-10,91.4800033569336,91.5,91.4800033569336,91.4800033569336,73.05219268798828,1242800,0.0,0.0,0.0
2014-12-11,91.4800033569336,91.5,91.4800033569336,91.4800033569336,73.05219268798828,409400,0.0,0.0,0.0
2014-12-12,91.4800033569336,91.5,91.45999908447266,91.5,73.0682144165039,1708100,0.0,0.0,0.0
2014-12-15,91.5,91.5,91.45999908447266,91.45999908447266,73.03623962402344,1886200,0.0,0.0,0.0
2014-12-16,91.4800033569336,91.4800033569336,91.45999908447266,91.45999908447266,73.03623962402344,1782450,0.0,0.0,0.0
2014-12-17,91.5,91.5,91.45999908447266,91.45999908447266,73.03623962402344,2119950,0.0,0.0,0.0
2014-12-18,91.45999908447266,91.4800033569336,91.45999908447266,91.4800033569336,73.05219268798828,3397250,0.0,0.0,0.0
2014-12-19,91.45999908447266,91.4800033569336,91.45999908447266,91.45999908447266,73.03623962402344,692250,0.0,0.0,0.0
2014-12-22,91.45999908447266,91.4800033569336,91.45999908447266,91.45999908447266,73.03623962402344,5710200,0.0,0.0,0.0
2014-12-23,91.4800033569336,91.4800033569336,91.45999908447266,91.45999908447266,73.03623962402344,1548400,0.0,0.0,0.0
2014-12-24,91.45999908447266,91.4800033569336,91.45999908447266,91.4800033569336,73.05219268798828,769050,0.0,0.0,0.0
2014-12-26,91.45999908447266,91.4800033569336,91.45999908447266,91.45999908447266,73.03623962402344,147500,0.0,0.0,0.0
2014-12-29,91.45999908447266,91.4800033569336,91.45999908447266,91.45999908447266,73.03623962402344,1374000,0.0,0.0,0.0
2014-12-30,91.4800033569336,91.4800033569336,91.45999908447266,91.45999908447266,73.03623962402344,1417950,0.0,0.0,0.0
2014-12-31,91.4800033569336,91.4800033569336,91.45999908447266,91.4800033569336,73.05219268798828,348100,0.0,0.0,0.0
2015-01-02,91.45999908447266,91.4800033569336,91.45999908447266,91.45999908447266,73.03623962402344,341000,0.0,0.0,0.0
2015-01-05,91.45999908447266,91.4800033569336,91.45999908447266,91.4800033569336,73.05219268798828,2518350,0.0,0.0,0.0
2015-01-06,91.45999908447266,91.4800033569336,91.45999908447266,91.45999908447266,73.03623962402344,541250,0.0,0.0,0.0
2015-01-07,91.4800033569336,91.4800033569336,91.45999908447266,91.45999908447266,73.03623962402344,153800,0.0,0.0,0.0
2015-01-08,91.4800033569336,91.4800033569336,91.45999908447266,91.45999908447266,73.03623962402344,236450,0.0,0.0,0.0
2015-01-09,91.4800033569336,91.4800033569336,91.45999908447266,91.45999908447266,73.03623962402344,109650,0.0,0.0,0.0
2015-01-12,91.45999908447266,91.4800033569336,91.45999908447266,91.45999908447266,73.03623962402344,221000,0.0,0.0,0.0
2015-01-13,91.4800033569336,91.4800033569336,91.45999908447266,91.45999908447266,73.03623962402344,517300,0.0,0.0,0.0
2015-01-14,91.45999908447266,91.4800033569336,91.45999908447266,91.45999908447266,73.03623962402344,57500,0.0,0.0,0.0
2015-01-15,91.45999908447266,91.4800033569336,91.45999908447266,91.45999908447266,73.03623962402344,270150,0.0,0.0,0.0
2015-01-16,91.45999908447266,91.4800033569336,91.45999908447266,91.45999908447266,73.03623962402344,738950,0.0,0.0,0.0
2015-01-20,91.45999908447266,91.4800033569336,91.45999908447266,91.45999908447266,73.03623962402344,629400,0.0,0.0,0.0
2015-01-21,91.45999908447266,91.4800033569336,91.45999908447266,91.4800033569336,73.05219268798828,952400,0.0,0.0,0.0
2015-01-22,91.45999908447266,91.4800033569336,91.45999908447266,91.45999908447266,73.03623962402344,1430950,0.0,0.0,0.0
2015-01-23,91.45999908447266,91.4800033569336,91.45999908447266,91.4800033569336,73.05219268798828,508000,0.0,0.0,0.0
2015-01-26,91.4800033569336,91.4800033569336,91.45999908447266,91.4800033569336,73.05219268798828,320600,0.0,0.0,0.0
2015-01-27,91.45999908447266,91.4800033569336,91.45999908447266,91.4800033569336,73.05219268798828,191400,0.0,0.0,0.0
2015-01-28,91.45999908447266,91.4800033569336,91.45999908447266,91.45999908447266,73.03623962402344,268900,0.0,0.0,0.0
2015-01-29,91.44000244140625,91.4800033569336,91.44000244140625,91.45999908447266,73.03623962402344,554550,0.0,0.0,0.0
2015-01-30,91.45999908447266,91.4800033569336,91.45999908447266,91.45999908447266,73.03623962402344,205700,0.0,0.0,0.0
2015-02-02,91.4800033569336,91.4800033569336,91.45999908447266,91.45999908447266,73.03623962402344,3557500,0.0,0.0,0.0
2015-02-03,91.45999908447266,91.4800033569336,91.45999908447266,91.4800033569336,73.05219268798828,266100,0.0,0.0,0.0
2015-02-04,91.45999908447266,91.4800033569336,91.45999908447266,91.45999908447266,73.03623962402344,214200,0.0,0.0,0.0
2015-02-05,91.45999908447266,91.4800033569336,91.45999908447266,91.45999908447266,73.03623962402344,414800,0.0,0.0,0.0
2015-02-06,91.4800033569336,91.4800033569336,91.45999908447266,91.45999908447266,73.03623962402344,291750,0.0,0.0,0.0
2015-02-09,91.45999908447266,91.45999908447266,91.44000244140625,91.44000244140625,73.02027893066406,147050,0.0,0.0,0.0
2015-02-10,91.45999908447266,91.45999908447266,91.44000244140625,91.45999908447266,73.03623962402344,170450,0.0,0.0,0.0
2015-02-11,91.44000244140625,91.45999908447266,91.44000244140625,91.44000244140625,73.02027893066406,493200,0.0,0.0,0.0
2015-02-12,91.44000244140625,91.45999908447266,91.44000244140625,91.44000244140625,73.02027893066406,87100,0.0,0.0,0.0
2015-02-13,91.44000244140625,91.45999908447266,91.44000244140625,91.45999908447266,73.03623962402344,383100,0.0,0.0,0.0
2015-02-17,91.45999908447266,91.45999908447266,91.44000244140625,91.45999908447266,73.03623962402344,402400,0.0,0.0,0.0
2015-02-18,91.45999908447266,91.45999908447266,91.44000244140625,91.45999908447266,73.03623962402344,143050,0.0,0.0,0.0
2015-02-19,91.44000244140625,91.45999908447266,91.44000244140625,91.45999908447266,73.03623962402344,167200,0.0,0.0,0.0
2015-02-20,91.44000244140625,91.45999908447266,91.44000244140625,91.44000244140625,73.02027893066406,145450,0.0,0.0,0.0
2015-02-23,91.45999908447266,91.45999908447266,91.44000244140625,91.45999908447266,73.03623962402344,607650,0.0,0.0,0.0
2015-02-24,91.44000244140625,91.45999908447266,91.44000244140625,91.44000244140625,73.02027893066406,330250,0.0,0.0,0.0
2015-02-25,91.44000244140625,91.45999908447266,91.44000244140625,91.45999908447266,73.03623962402344,522850,0.0,0.0,0.0
2015-02-26,91.44000244140625,91.45999908447266,91.44000244140625,91.44000244140625,73.02027893066406,167000,0.0,0.0,0.0
2015-02-27,91.45999908447266,91.45999908447266,91.44000244140625,91.45999908447266,73.03623962402344,200450,0.0,0.0,0.0
2015-03-02,91.44000244140625,91.45999908447266,91.44000244140625,91.44000244140625,73.02027893066406,462650,0.0,0.0,0.0
2015-03-03,91.45999908447266,91.45999908447266,91.44000244140625,91.45999908447266,73.03623962402344,503200,0.0,0.0,0.0
2015-03-04,91.44000244140625,91.45999908447266,91.44000244140625,91.45999908447266,73.03623962402344,124500,0.0,0.0,0.0
2015-03-05,91.44000244140625,91.45999908447266,91.44000244140625,91.45999908447266,73.03623962402344,130450,0.0,0.0,0.0
2015-03-06,91.44000244140625,91.45999908447266,91.44000244140625,91.44000244140625,73.02027893066406,262500,0.0,0.0,0.0
2015-03-09,91.45999908447266,91.45999908447266,91.44000244140625,91.45999908447266,73.03623962402344,986450,0.0,0.0,0.0
2015-03-10,91.45999908447266,91.45999908447266,91.44000244140625,91.45999908447266,73.03623962402344,232150,0.0,0.0,0.0
2015-03-11,91.44000244140625,91.45999908447266,91.44000244140625,91.45999908447266,73.03623962402344,170050,0.0,0.0,0.0
2015-03-12,91.45999908447266,91.45999908447266,91.44000244140625,91.44000244140625,73.02027893066406,812300,0.0,0.0,0.0
2015-03-13,91.44000244140625,91.45999908447266,91.44000244140625,91.45999908447266,73.03623962402344,415650,0.0,0.0,0.0
2015-03-16,91.44000244140625,91.45999908447266,91.44000244140625,91.45999908447266,73.03623962402344,491350,0.0,0.0,0.0
2015-03-17,91.44000244140625,91.45999908447266,91.44000244140625,91.45999908447266,73.03623962402344,429350,0.0,0.0,0.0
2015-03-18,91.44000244140625,91.45999908447266,91.44000244140625,91.45999908447266,73.03623962402344,672550,0.0,0.0,0.0
2015-03-19,91.44000244140625,91.45999908447266,91.44000244140625,91.45999908447266,73.03623962402344,459750,0.0,0.0,0.0
2015-03-20,91.44000244140625,91.45999908447266,91.44000244140625,91.45999908447266,73.03623962402344,183450,0.0,0.0,0.0
2015-03-23,91.44000244140625,91.45999908447266,91.44000244140625,91.44000244140625,73.02027893066406,552400,0.0,0.0,0.0
2015-03-24,91.44000244140625,91.45999908447266,91.44000244140625,91.45999908447266,73.03623962402344,590450,0.0,0.0,0.0
2015-03-25,91.44000244140625,91.45999908447266,91.44000244140625,91.44000244140625,73.02027893066406,983250,0.0,0.0,0.0
2015-03-26,91.44000244140625,91.45999908447266,91.44000244140625,91.44000244140625,73.02027893066406,782950,0.0,0.0,0.0
2015-03-27,91.44000244140625,91.45999908447266,91.44000244140625,91.44000244140625,73.02027893066406,254350,0.0,0.0,0.0
2015-03-30,91.45999908447266,91.45999908447266,91.41999816894531,91.41999816894531,73.0042953491211,648400,0.0,0.0,0.0
2015-03-31,91.41999816894531,91.45999908447266,91.41999816894531,91.45999908447266,73.03623962402344,704400,0.0,0.0,0.0
2015-04-01,91.44000244140625,91.44000244140625,91.41999816894531,91.41999816894531,73.0042953491211,598050,0.0,0.0,0.0
2015-04-02,91.41999816894531,91.44000244140625,91.41999816894531,91.44000244140625,73.02027893066406,126500,0.0,0.0,0.0
2015-04-06,91.44000244140625,91.44000244140625,91.41999816894531,91.44000244140625,73.02027893066406,302550,0.0,0.0,0.0
2015-04-07,91.45999908447266,91.45999908447266,91.44000244140625,91.45999908447266,73.03623962402344,128100,0.0,0.0,0.0
2015-04-08,91.45999908447266,91.45999908447266,91.44000244140625,91.45999908447266,73.03623962402344,244900,0.0,0.0,0.0
2015-04-09,91.44000244140625,91.45999908447266,91.41999816894531,91.44000244140625,73.02027893066406,257750,0.0,0.0,0.0
2015-04-10,91.41999816894531,91.44000244140625,91.41999816894531,91.44000244140625,73.02027893066406,159800,0.0,0.0,0.0
2015-04-13,91.41999816894531,91.44000244140625,91.41999816894531,91.41999816894531,73.0042953491211,84550,0.0,0.0,0.0
2015-04-14,91.44000244140625,91.44000244140625,91.41999816894531,91.44000244140625,73.02027893066406,72500,0.0,0.0,0.0
2015-04-15,91.41999816894531,91.44000244140625,91.41999816894531,91.41999816894531,73.0042953491211,105950,0.0,0.0,0.0
2015-04-16,91.41999816894531,91.44000244140625,91.41999816894531,91.44000244140625,73.02027893066406,187450,0.0,0.0,0.0
2015-04-17,91.41999816894531,91.44000244140625,91.41999816894531,91.41999816894531,73.0042953491211,182550,0.0,0.0,0.0
2015-04-20,91.44000244140625,91.44000244140625,91.41999816894531,91.41999816894531,73.0042953491211,130500,0.0,0.0,0.0
2015-04-21,91.41999816894531,91.44000244140625,91.41999816894531,91.44000244140625,73.02027893066406,125850,0.0,0.0,0.0
2015-04-22,91.44000244140625,91.44000244140625,91.41999816894531,91.41999816894531,73.0042953491211,186350,0.0,0.0,0.0
2015-04-23,91.41999816894531,91.44000244140625,91.41999816894531,91.41999816894531,73.0042953491211,132150,0.0,0.0,0.0
2015-04-24,91.41999816894531,91.44000244140625,91.41999816894531,91.41999816894531,73.0042953491211,119600,0.0,0.0,0.0
2015-04-27,91.41999816894531,91.44000244140625,91.41999816894531,91.44000244140625,73.02027893066406,79500,0.0,0.0,0.0
2015-04-28,91.41999816894531,91.44000244140625,91.41999816894531,91.44000244140625,73.02027893066406,79650,0.0,0.0,0.0
2015-04-29,91.44000244140625,91.44000244140625,91.41999816894531,91.44000244140625,73.02027893066406,182600,0.0,0.0,0.0
2015-04-30,91.41999816894531,91.44000244140625,91.41999816894531,91.44000244140625,73.02027893066406,388650,0.0,0.0,0.0
2015-05-01,91.41999816894531,91.44000244140625,91.41999816894531,91.41999816894531,73.0042953491211,365700,0.0,0.0,0.0
2015-05-04,91.44000244140625,91.44000244140625,91.41999816894531,91.44000244140625,73.02027893066406,296250,0.0,0.0,0.0
2015-05-05,91.44000244140625,91.44000244140625,91.41999816894531,91.44000244140625,73.02027893066406,326750,0.0,0.0,0.0
2015-05-06,91.44000244140625,91.44000244140625,91.41999816894531,91.44000244140625,73.02027893066406,442550,0.0,0.0,0.0
2015-05-07,91.44000244140625,91.44000244140625,91.41999816894531,91.41999816894531,73.0042953491211,112850,0.0,0.0,0.0
2015-05-08,91.41999816894531,91.44000244140625,91.41999816894531,91.44000244140625,73.02027893066406,289750,0.0,0.0,0.0
2015-05-11,91.41999816894531,91.44000244140625,91.41999816894531,91.41999816894531,73.0042953491211,1544150,0.0,0.0,0.0
2015-05-12,91.41999816894531,91.44000244140625,91.41999816894531,91.44000244140625,73.02027893066406,72450,0.0,0.0,0.0
2015-05-13,91.41999816894531,91.44000244140625,91.41999816894531,91.44000244140625,73.02027893066406,173600,0.0,0.0,0.0
2015-05-14,91.41999816894531,91.44000244140625,91.41999816894531,91.41999816894531,73.0042953491211,175950,0.0,0.0,0.0
2015-05-15,91.44000244140625,91.44000244140625,91.41999816894531,91.41999816894531,73.0042953491211,101650,0.0,0.0,0.0
2015-05-18,91.44000244140625,91.44000244140625,91.41999816894531,91.41999816894531,73.0042953491211,135000,0.0,0.0,0.0
2015-05-19,91.44000244140625,91.44000244140625,91.41999816894531,91.41999816894531,73.0042953491211,470250,0.0,0.0,0.0
2015-05-20,91.41999816894531,91.44000244140625,91.41999816894531,91.41999816894531,73.0042953491211,119050,0.0,0.0,0.0
2015-05-21,91.41999816894531,91.44000244140625,91.41999816894531,91.44000244140625,73.02027893066406,651750,0.0,0.0,0.0
2015-05-22,91.41999816894531,91.44000244140625,91.41999816894531,91.44000244140625,73.02027893066406,152300,0.0,0.0,0.0
2015-05-26,91.44000244140625,91.44000244140625,91.41999816894531,91.44000244140625,73.02027893066406,503600,0.0,0.0,0.0
2015-05-27,91.41999816894531,91.44000244140625,91.41999816894531,91.44000244140625,73.02027893066406,351200,0.0,0.0,0.0
2015-05-28,91.44000244140625,91.44000244140625,91.41999816894531,91.41999816894531,73.0042953491211,148950,0.0,0.0,0.0
2015-05-29,91.44000244140625,91.44000244140625,91.41999816894531,91.41999816894531,73.0042953491211,181050,0.0,0.0,0.0
2015-06-01,91.44000244140625,91.44000244140625,91.41999816894531,91.41999816894531,73.0042953491211,352100,0.0,0.0,0.0
2015-06-02,91.44000244140625,91.44000244140625,91.41999816894531,91.44000244140625,73.02027893066406,169700,0.0,0.0,0.0
2015-06-03,91.44000244140625,91.44000244140625,91.41999816894531,91.44000244140625,73.02027893066406,2925700,0.0,0.0,0.0
2015-06-04,91.44000244140625,91.44000244140625,91.41999816894531,91.41999816894531,73.0042953491211,241400,0.0,0.0,0.0
2015-06-05,91.44000244140625,91.44000244140625,91.4000015258789,91.41999816894531,73.0042953491211,360750,0.0,0.0,0.0
2015-06-08,91.41999816894531,91.41999816894531,91.4000015258789,91.4000015258789,72.98837280273438,209150,0.0,0.0,0.0
2015-06-09,91.41999816894531,91.41999816894531,91.4000015258789,91.4000015258789,72.98837280273438,143850,0.0,0.0,0.0
2015-06-10,91.4000015258789,91.41999816894531,91.4000015258789,91.41999816894531,73.0042953491211,664400,0.0,0.0,0.0
2015-06-11,91.41999816894531,91.44000244140625,91.41999816894531,91.44000244140625,73.02027893066406,330100,0.0,0.0,0.0
2015-06-12,91.44000244140625,91.44000244140625,91.41999816894531,91.41999816894531,73.0042953491211,66900,0.0,0.0,0.0
2015-06-15,91.44000244140625,91.44000244140625,91.41999816894531,91.44000244140625,73.02027893066406,170800,0.0,0.0,0.0
2015-06-16,91.4000015258789,91.41999816894531,91.4000015258789,91.4000015258789,72.98837280273438,177700,0.0,0.0,0.0
2015-06-17,91.41999816894531,91.44000244140625,91.41999816894531,91.44000244140625,73.02027893066406,315600,0.0,0.0,0.0
2015-06-18,91.44000244140625,91.44000244140625,91.4000015258789,91.4000015258789,72.98837280273438,208000,0.0,0.0,0.0
2015-06-19,91.41999816894531,91.41999816894531,91.4000015258789,91.4000015258789,72.98837280273438,59050,0.0,0.0,0.0
2015-06-22,91.4000015258789,91.41999816894531,91.4000015258789,91.41999816894531,73.0042953491211,253550,0.0,0.0,0.0
2015-06-23,91.4000015258789,91.41999816894531,91.4000015258789,91.4000015258789,72.98837280273438,423750,0.0,0.0,0.0
2015-06-24,91.41999816894531,91.41999816894531,91.4000015258789,91.4000015258789,72.98837280273438,60750,0.0,0.0,0.0
2015-06-25,91.41999816894531,91.41999816894531,91.4000015258789,91.41999816894531,73.0042953491211,240050,0.0,0.0,0.0
2015-06-26,91.4000015258789,91.44000244140625,91.4000015258789,91.4000015258789,72.98837280273438,113450,0.0,0.0,0.0
2015-06-29,91.4000015258789,91.41999816894531,91.4000015258789,91.41999816894531,73.0042953491211,2018150,0.0,0.0,0.0
2015-06-30,91.41999816894531,91.41999816894531,91.4000015258789,91.41999816894531,73.0042953491211,363000,0.0,0.0,0.0
2015-07-01,91.41999816894531,91.41999816894531,91.4000015258789,91.41999816894531,73.0042953491211,555650,0.0,0.0,0.0
2015-07-02,91.41999816894531,91.41999816894531,91.4000015258789,91.41999816894531,73.0042953491211,623300,0.0,0.0,0.0
2015-07-06,91.4000015258789,91.41999816894531,91.4000015258789,91.41999816894531,73.0042953491211,178400,0.0,0.0,0.0
2015-07-07,91.4000015258789,91.41999816894531,91.4000015258789,91.4000015258789,72.98837280273438,430250,0.0,0.0,0.0
2015-07-08,91.41999816894531,91.41999816894531,91.4000015258789,91.4000015258789,72.98837280273438,408150,0.0,0.0,0.0
2015-07-09,91.4000015258789,91.41999816894531,91.4000015258789,91.4000015258789,72.98837280273438,228900,0.0,0.0,0.0
2015-07-10,91.41999816894531,91.41999816894531,91.4000015258789,91.4000015258789,72.98837280273438,208650,0.0,0.0,0.0
2015-07-13,91.4000015258789,91.41999816894531,91.4000015258789,91.4000015258789,72.98837280273438,438200,0.0,0.0,0.0
2015-07-14,91.4000015258789,91.41999816894531,91.4000015258789,91.41999816894531,73.0042953491211,482900,0.0,0.0,0.0
2015-07-15,91.41999816894531,91.41999816894531,91.4000015258789,91.4000015258789,72.98837280273438,77250,0.0,0.0,0.0
2015-07-16,91.4000015258789,91.41999816894531,91.4000015258789,91.4000015258789,72.98837280273438,680000,0.0,0.0,0.0
2015-07-17,91.41999816894531,91.41999816894531,91.4000015258789,91.41999816894531,73.0042953491211,347200,0.0,0.0,0.0
2015-07-20,91.4000015258789,91.41999816894531,91.4000015258789,91.4000015258789,72.98837280273438,299400,0.0,0.0,0.0
2015-07-21,91.41999816894531,91.41999816894531,91.4000015258789,91.41999816894531,73.0042953491211,530500,0.0,0.0,0.0
2015-07-22,91.41999816894531,91.41999816894531,91.4000015258789,91.4000015258789,72.98837280273438,941000,0.0,0.0,0.0
2015-07-23,91.4000015258789,91.41999816894531,91.4000015258789,91.4000015258789,72.98837280273438,111100,0.0,0.0,0.0
2015-07-24,91.4000015258789,91.41999816894531,91.4000015258789,91.41999816894531,73.0042953491211,148250,0.0,0.0,0.0
2015-07-27,91.4000015258789,91.41999816894531,91.4000015258789,91.4000015258789,72.98837280273438,436900,0.0,0.0,0.0
2015-07-28,91.41999816894531,91.41999816894531,91.4000015258789,91.4000015258789,72.98837280273438,471900,0.0,0.0,0.0
2015-07-29,91.41999816894531,91.41999816894531,91.4000015258789,91.41999816894531,73.0042953491211,264400,0.0,0.0,0.0
2015-07-30,91.4000015258789,91.41999816894531,91.4000015258789,91.41999816894531,73.0042953491211,125550,0.0,0.0,0.0
2015-07-31,91.4000015258789,91.41999816894531,91.4000015258789,91.41999816894531,73.0042953491211,788850,0.0,0.0,0.0
2015-08-03,91.41999816894531,91.41999816894531,91.4000015258789,91.41999816894531,73.0042953491211,501750,0.0,0.0,0.0
2015-08-04,91.4000015258789,91.41999816894531,91.4000015258789,91.4000015258789,72.98837280273438,2544550,0.0,0.0,0.0
2015-08-05,91.4000015258789,91.41999816894531,91.4000015258789,91.4000015258789,72.98837280273438,235700,0.0,0.0,0.0
2015-08-06,91.41999816894531,91.41999816894531,91.4000015258789,91.4000015258789,72.98837280273438,147700,0.0,0.0,0.0
2015-08-07,91.41999816894531,91.41999816894531,91.4000015258789,91.4000015258789,72.98837280273438,86700,0.0,0.0,0.0
2015-08-10,91.4000015258789,91.41999816894531,91.4000015258789,91.41999816894531,73.0042953491211,396250,0.0,0.0,0.0
2015-08-11,91.4000015258789,91.41999816894531,91.4000015258789,91.4000015258789,72.98837280273438,31100,0.0,0.0,0.0
2015-08-12,91.41999816894531,91.41999816894531,91.4000015258789,91.4000015258789,72.98837280273438,258300,0.0,0.0,0.0
2015-08-13,91.41999816894531,91.41999816894531,91.4000015258789,91.4000015258789,72.98837280273438,57450,0.0,0.0,0.0
2015-08-14,91.4000015258789,91.4000015258789,91.37999725341797,91.37999725341797,72.97236633300781,275200,0.0,0.0,0.0
2015-08-17,91.37999725341797,91.4000015258789,91.37999725341797,91.37999725341797,72.97236633300781,198950,0.0,0.0,0.0
2015-08-18,91.37999725341797,91.41999816894531,91.37999725341797,91.4000015258789,72.98837280273438,196700,0.0,0.0,0.0
2015-08-19,91.4000015258789,91.41999816894531,91.4000015258789,91.41999816894531,73.0042953491211,219200,0.0,0.0,0.0
2015-08-20,91.37999725341797,91.4000015258789,91.37999725341797,91.4000015258789,72.98837280273438,117100,0.0,0.0,0.0
2015-08-21,91.41999816894531,91.41999816894531,91.4000015258789,91.4000015258789,72.98837280273438,1321450,0.0,0.0,0.0
2015-08-24,91.41999816894531,91.44000244140625,91.4000015258789,91.4000015258789,72.98837280273438,3923250,0.0,0.0,0.0
2015-08-25,91.4000015258789,91.41999816894531,91.4000015258789,91.4000015258789,72.98837280273438,3951700,0.0,0.0,0.0
2015-08-26,91.4000015258789,91.41999816894531,91.4000015258789,91.41999816894531,73.0042953491211,1379650,0.0,0.0,0.0
2015-08-27,91.41999816894531,91.41999816894531,91.4000015258789,91.4000015258789,72.98837280273438,303350,0.0,0.0,0.0
2015-08-28,91.41999816894531,91.41999816894531,91.4000015258789,91.41999816894531,73.0042953491211,2947150,0.0,0.0,0.0
2015-08-31,91.41999816894531,91.41999816894531,91.4000015258789,91.41999816894531,73.0042953491211,2775450,0.0,0.0,0.0
2015-09-01,91.41999816894531,91.41999816894531,91.4000015258789,91.41999816894531,73.0042953491211,1368350,0.0,0.0,0.0
2015-09-02,91.4000015258789,91.41999816894531,91.4000015258789,91.4000015258789,72.98837280273438,610700,0.0,0.0,0.0
2015-09-03,91.41999816894531,91.41999816894531,91.4000015258789,91.41999816894531,73.0042953491211,313500,0.0,0.0,0.0
2015-09-04,91.4000015258789,91.41999816894531,91.4000015258789,91.4000015258789,72.98837280273438,461550,0.0,0.0,0.0
2015-09-08,91.4000015258789,91.41999816894531,91.4000015258789,91.4000015258789,72.98837280273438,1896250,0.0,0.0,0.0
2015-09-09,91.4000015258789,91.41999816894531,91.4000015258789,91.4000015258789,72.98837280273438,223500,0.0,0.0,0.0
2015-09-10,91.4000015258789,91.41999816894531,91.37999725341797,91.37999725341797,72.97236633300781,432750,0.0,0.0,0.0
2015-09-11,91.37999725341797,91.4000015258789,91.37999725341797,91.4000015258789,72.98837280273438,273400,0.0,0.0,0.0
2015-09-14,91.37999725341797,91.4000015258789,91.37999725341797,91.4000015258789,72.98837280273438,457050,0.0,0.0,0.0
2015-09-15,91.41999816894531,91.41999816894531,91.37999725341797,91.37999725341797,72.97236633300781,201950,0.0,0.0,0.0
2015-09-16,91.37999725341797,91.4000015258789,91.37999725341797,91.37999725341797,72.97236633300781,321450,0.0,0.0,0.0
2015-09-17,91.37999725341797,91.4000015258789,91.37999725341797,91.37999725341797,72.97236633300781,425000,0.0,0.0,0.0
2015-09-18,91.4000015258789,91.4000015258789,91.37999725341797,91.37999725341797,72.97236633300781,390500,0.0,0.0,0.0
2015-09-21,91.37999725341797,91.4000015258789,91.37999725341797,91.4000015258789,72.98837280273438,281400,0.0,0.0,0.0
2015-09-22,91.4000015258789,91.4000015258789,91.37999725341797,91.4000015258789,72.98837280273438,180850,0.0,0.0,0.0
2015-09-23,91.4000015258789,91.4000015258789,91.37999725341797,91.37999725341797,72.97236633300781,223500,0.0,0.0,0.0
2015-09-24,91.4000015258789,91.4000015258789,91.37999725341797,91.37999725341797,72.97236633300781,462750,0.0,0.0,0.0
2015-09-25,91.37999725341797,91.4000015258789,91.37999725341797,91.37999725341797,72.97236633300781,554550,0.0,0.0,0.0
2015-09-28,91.4000015258789,91.4000015258789,91.37999725341797,91.4000015258789,72.98837280273438,267100,0.0,0.0,0.0
2015-09-29,91.37999725341797,91.4000015258789,91.37999725341797,91.4000015258789,72.98837280273438,1344350,0.0,0.0,0.0
2015-09-30,91.4000015258789,91.4000015258789,91.37999725341797,91.37999725341797,72.97236633300781,494800,0.0,0.0,0.0
2015-10-01,91.37999725341797,91.4000015258789,91.37999725341797,91.4000015258789,72.98837280273438,2686650,0.0,0.0,0.0
2015-10-02,91.4000015258789,91.4000015258789,91.37999725341797,91.4000015258789,72.98837280273438,2358450,0.0,0.0,0.0
2015-10-05,91.37999725341797,91.4000015258789,91.37999725341797,91.37999725341797,72.97236633300781,696850,0.0,0.0,0.0
2015-10-06,91.37999725341797,91.4000015258789,91.37999725341797,91.37999725341797,72.97236633300781,1357750,0.0,0.0,0.0
2015-10-07,91.37999725341797,91.4000015258789,91.37999725341797,91.37999725341797,72.97236633300781,716550,0.0,0.0,0.0
2015-10-08,91.37999725341797,91.4000015258789,91.37999725341797,91.37999725341797,72.97236633300781,275100,0.0,0.0,0.0
2015-10-09,91.37999725341797,91.4000015258789,91.37999725341797,91.37999725341797,72.97236633300781,774950,0.0,0.0,0.0
2015-10-12,91.4000015258789,91.4000015258789,91.36000061035156,91.37999725341797,72.97236633300781,3216300,0.0,0.0,0.0
2015-10-13,91.37999725341797,91.37999725341797,91.36000061035156,91.37999725341797,72.97236633300781,736400,0.0,0.0,0.0
2015-10-14,91.37999725341797,91.37999725341797,91.36000061035156,91.37999725341797,72.97236633300781,370550,0.0,0.0,0.0
2015-10-15,91.37999725341797,91.4000015258789,91.37999725341797,91.37999725341797,72.97236633300781,151850,0.0,0.0,0.0
2015-10-16,91.4000015258789,91.4000015258789,91.37999725341797,91.37999725341797,72.97236633300781,577950,0.0,0.0,0.0
2015-10-19,91.37999725341797,91.4000015258789,91.36000061035156,91.37999725341797,72.97236633300781,917200,0.0,0.0,0.0
2015-10-20,91.37999725341797,91.37999725341797,91.36000061035156,91.36000061035156,72.95636749267578,546750,0.0,0.0,0.0
2015-10-21,91.36000061035156,91.37999725341797,91.36000061035156,91.37999725341797,72.97236633300781,277100,0.0,0.0,0.0
2015-10-22,91.37999725341797,91.37999725341797,91.36000061035156,91.37999725341797,72.97236633300781,327100,0.0,0.0,0.0
2015-10-23,91.36000061035156,91.37999725341797,91.36000061035156,91.37999725341797,72.97236633300781,743550,0.0,0.0,0.0
2015-10-26,91.37999725341797,91.37999725341797,91.36000061035156,91.36000061035156,72.95636749267578,1571850,0.0,0.0,0.0
2015-10-27,91.36000061035156,91.37999725341797,91.36000061035156,91.36000061035156,72.95636749267578,231450,0.0,0.0,0.0
2015-10-28,91.36000061035156,91.37999725341797,91.36000061035156,91.36000061035156,72.95636749267578,817900,0.0,0.0,0.0
2015-10-29,91.37999725341797,91.37999725341797,91.36000061035156,91.36000061035156,72.95636749267578,429000,0.0,0.0,0.0
2015-10-30,91.36000061035156,91.37999725341797,91.36000061035156,91.36000061035156,72.95636749267578,697900,0.0,0.0,0.0
2015-11-02,91.36000061035156,91.37999725341797,91.33999633789062,91.36000061035156,72.95636749267578,8863450,0.0,0.0,0.0
2015-11-03,91.37999725341797,91.37999725341797,91.36000061035156,91.37999725341797,72.97236633300781,532200,0.0,0.0,0.0
2015-11-04,91.36000061035156,91.37999725341797,91.36000061035156,91.36000061035156,72.95636749267578,1298100,0.0,0.0,0.0
2015-11-05,91.36000061035156,91.37999725341797,91.36000061035156,91.36000061035156,72.95636749267578,156000,0.0,0.0,0.0
2015-11-06,91.36000061035156,91.37999725341797,91.36000061035156,91.36000061035156,72.95636749267578,956000,0.0,0.0,0.0
2015-11-09,91.36000061035156,91.37999725341797,91.36000061035156,91.37999725341797,72.97236633300781,341650,0.0,0.0,0.0
2015-11-10,91.37999725341797,91.37999725341797,91.36000061035156,91.36000061035156,72.95636749267578,1268400,0.0,0.0,0.0
2015-11-11,91.36000061035156,91.37999725341797,91.36000061035156,91.37999725341797,72.97236633300781,268400,0.0,0.0,0.0
2015-11-12,91.36000061035156,91.37999725341797,91.36000061035156,91.37999725341797,72.97236633300781,107150,0.0,0.0,0.0
2015-11-13,91.37999725341797,91.37999725341797,91.36000061035156,91.36000061035156,72.95636749267578,357700,0.0,0.0,0.0
2015-11-16,91.37999725341797,91.37999725341797,91.36000061035156,91.37999725341797,72.97236633300781,1754800,0.0,0.0,0.0
2015-11-17,91.36000061035156,91.37999725341797,91.36000061035156,91.36000061035156,72.95636749267578,230100,0.0,0.0,0.0
2015-11-18,91.36000061035156,91.37999725341797,91.36000061035156,91.36000061035156,72.95636749267578,454100,0.0,0.0,0.0
2015-11-19,91.37999725341797,91.37999725341797,91.36000061035156,91.37999725341797,72.97236633300781,116100,0.0,0.0,0.0
2015-11-20,91.37999725341797,91.37999725341797,91.36000061035156,91.36000061035156,72.95636749267578,536200,0.0,0.0,0.0
2015-11-23,91.36000061035156,91.37999725341797,91.36000061035156,91.37999725341797,72.97236633300781,1124550,0.0,0.0,0.0
2015-11-24,91.36000061035156,91.37999725341797,91.36000061035156,91.36000061035156,72.95636749267578,686550,0.0,0.0,0.0
2015-11-25,91.36000061035156,91.37999725341797,91.36000061035156,91.36000061035156,72.95636749267578,695700,0.0,0.0,0.0
2015-11-27,91.36000061035156,91.37999725341797,91.36000061035156,91.37999725341797,72.97236633300781,3610850,0.0,0.0,0.0
2015-11-30,91.37999725341797,91.37999725341797,91.36000061035156,91.37999725341797,72.97236633300781,153550,0.0,0.0,0.0
2015-12-01,91.37999725341797,91.37999725341797,91.36000061035156,91.36000061035156,72.95636749267578,183750,0.0,0.0,0.0
2015-12-02,91.37999725341797,91.37999725341797,91.36000061035156,91.36000061035156,72.95636749267578,520800,0.0,0.0,0.0
2015-12-03,91.37999725341797,91.37999725341797,91.36000061035156,91.37999725341797,72.97236633300781,529300,0.0,0.0,0.0
2015-12-04,91.37999725341797,91.37999725341797,91.36000061035156,91.37999725341797,72.97236633300781,398850,0.0,0.0,0.0
2015-12-07,91.36000061035156,91.37999725341797,91.36000061035156,91.37999725341797,72.97236633300781,239750,0.0,0.0,0.0
2015-12-08,91.37999725341797,91.37999725341797,91.36000061035156,91.36000061035156,72.95636749267578,101150,0.0,0.0,0.0
2015-12-09,91.36000061035156,91.36000061035156,91.33999633789062,91.33999633789062,72.94046020507812,411700,0.0,0.0,0.0
2015-12-10,91.37999725341797,91.37999725341797,91.36000061035156,91.36000061035156,72.95636749267578,581700,0.0,0.0,0.0
2015-12-11,91.36000061035156,91.37999725341797,91.36000061035156,91.37999725341797,72.97236633300781,673250,0.0,0.0,0.0
2015-12-14,91.36000061035156,91.37999725341797,91.36000061035156,91.37999725341797,72.97236633300781,4853350,0.0,0.0,0.0
2015-12-15,91.36000061035156,91.37999725341797,91.36000061035156,91.36000061035156,72.95636749267578,2550350,0.0,0.0,0.0
2015-12-16,91.37999725341797,91.37999725341797,91.36000061035156,91.37999725341797,72.97236633300781,623400,0.0,0.0,0.0
2015-12-17,91.36000061035156,91.37999725341797,91.36000061035156,91.36000061035156,72.95636749267578,1134550,0.0,0.0,0.0
2015-12-18,91.36000061035156,91.37999725341797,91.36000061035156,91.37999725341797,72.97236633300781,877500,0.0,0.0,0.0
2015-12-21,91.36000061035156,91.37999725341797,91.36000061035156,91.36000061035156,72.95636749267578,1594500,0.0,0.0,0.0
2015-12-22,91.36000061035156,91.37999725341797,91.36000061035156,91.36000061035156,72.95636749267578,988400,0.0,0.0,0.0
2015-12-23,91.37999725341797,91.37999725341797,91.36000061035156,91.36000061035156,72.95636749267578,247900,0.0,0.0,0.0
2015-12-24,91.36000061035156,91.37999725341797,91.36000061035156,91.37999725341797,72.97236633300781,521050,0.0,0.0,0.0
2015-12-28,91.37999725341797,91.37999725341797,91.36000061035156,91.36000061035156,72.95636749267578,243750,0.0,0.0,0.0
2015-12-29,91.37999725341797,91.37999725341797,91.36000061035156,91.36000061035156,72.95636749267578,173050,0.0,0.0,0.0
2015-12-30,91.37999725341797,91.37999725341797,91.36000061035156,91.37999725341797,72.97236633300781,299100,0.0,0.0,0.0
2015-12-31,91.37999725341797,91.37999725341797,91.36000061035156,91.36000061035156,72.95636749267578,447800,0.0,0.0,0.0
2016-01-04,91.37999725341797,91.37999725341797,91.36000061035156,91.37999725341797,72.97236633300781,1065800,0.0,0.0,0.0
2016-01-05,91.36000061035156,91.37999725341797,91.36000061035156,91.37999725341797,72.97236633300781,4878450,0.0,0.0,0.0
2016-01-06,91.36000061035156,91.36000061035156,91.33999633789062,91.33999633789062,72.94046020507812,377400,0.0,0.0,0.0
2016-01-07,91.37999725341797,91.37999725341797,91.36000061035156,91.36000061035156,72.95636749267578,651350,0.0,0.0,0.0
2016-01-08,91.36000061035156,91.37999725341797,91.36000061035156,91.36000061035156,72.95636749267578,585650,0.0,0.0,0.0
2016-01-11,91.36000061035156,91.37999725341797,91.36000061035156,91.36000061035156,72.95636749267578,1457550,0.0,0.0,0.0
2016-01-12,91.33999633789062,91.37999725341797,91.33999633789062,91.37999725341797,72.97236633300781,441900,0.0,0.0,0.0
2016-01-13,91.36000061035156,91.37999725341797,91.33999633789062,91.36000061035156,72.95636749267578,2031450,0.0,0.0,0.0
2016-01-14,91.37999725341797,91.37999725341797,91.33999633789062,91.33999633789062,72.94046020507812,1757450,0.0,0.0,0.0
2016-01-15,91.33999633789062,91.36000061035156,91.33999633789062,91.33999633789062,72.94046020507812,601550,0.0,0.0,0.0
2016-01-19,91.36000061035156,91.36000061035156,91.33999633789062,91.36000061035156,72.95636749267578,4424450,0.0,0.0,0.0
2016-01-20,91.36000061035156,91.37999725341797,91.36000061035156,91.36000061035156,72.95636749267578,738700,0.0,0.0,0.0
2016-01-21,91.36000061035156,91.37999725341797,91.36000061035156,91.37999725341797,72.97236633300781,1290650,0.0,0.0,0.0
2016-01-22,91.37999725341797,91.37999725341797,91.33999633789062,91.33999633789062,72.94046020507812,1004350,0.0,0.0,0.0
2016-01-25,91.36000061035156,91.36000061035156,91.33999633789062,91.36000061035156,72.95636749267578,605250,0.0,0.0,0.0
2016-01-26,91.36000061035156,91.36000061035156,91.33999633789062,91.33999633789062,72.94046020507812,311800,0.0,0.0,0.0
2016-01-27,91.36000061035156,91.36000061035156,91.33999633789062,91.36000061035156,72.95636749267578,1668300,0.0,0.0,0.0
2016-01-28,91.33999633789062,91.36000061035156,91.33999633789062,91.36000061035156,72.95636749267578,163800,0.0,0.0,0.0
2016-01-29,91.33999633789062,91.37999725341797,91.33999633789062,91.37999725341797,72.97236633300781,793200,0.0,0.0,0.0
2016-02-01,91.36000061035156,91.37999725341797,91.33999633789062,91.33999633789062,72.94046020507812,844900,0.0,0.0,0.0
2016-02-02,91.33999633789062,91.36000061035156,91.33999633789062,91.33999633789062,72.94046020507812,1627300,0.0,0.0,0.0
2016-02-03,91.36000061035156,91.37999725341797,91.33999633789062,91.36000061035156,72.95636749267578,2395650,0.0,0.0,0.0
2016-02-04,91.36000061035156,91.37999725341797,91.36000061035156,91.37999725341797,72.97236633300781,275450,0.0,0.0,0.0
2016-02-05,91.37999725341797,91.37999725341797,91.36000061035156,91.37999725341797,72.97236633300781,324200,0.0,0.0,0.0
2016-02-08,91.37999725341797,91.37999725341797,91.36000061035156,91.36000061035156,72.95636749267578,599450,0.0,0.0,0.0
2016-02-09,91.37999725341797,91.37999725341797,91.36000061035156,91.37999725341797,72.97236633300781,869550,0.0,0.0,0.0
2016-02-10,91.36000061035156,91.37999725341797,91.36000061035156,91.36000061035156,72.95636749267578,610950,0.0,0.0,0.0
2016-02-11,91.37999725341797,91.37999725341797,91.36000061035156,91.37999725341797,72.97236633300781,465450,0.0,0.0,0.0
2016-02-12,91.37999725341797,91.37999725341797,91.36000061035156,91.36000061035156,72.95636749267578,438850,0.0,0.0,0.0
2016-02-16,91.37999725341797,91.37999725341797,91.36000061035156,91.36000061035156,72.95636749267578,392650,0.0,0.0,0.0
2016-02-17,91.37999725341797,91.37999725341797,91.36000061035156,91.36000061035156,72.95636749267578,1282250,0.0,0.0,0.0
2016-02-18,91.37999725341797,91.37999725341797,91.36000061035156,91.37999725341797,72.97236633300781,712250,0.0,0.0,0.0
2016-02-19,91.37999725341797,91.37999725341797,91.36000061035156,91.37999725341797,72.97236633300781,911150,0.0,0.0,0.0
2016-02-22,91.37999725341797,91.37999725341797,91.36000061035156,91.37999725341797,72.97236633300781,201600,0.0,0.0,0.0
2016-02-23,91.37999725341797,91.37999725341797,91.36000061035156,91.36000061035156,72.95636749267578,1000450,0.0,0.0,0.0
2016-02-24,91.37999725341797,91.37999725341797,91.36000061035156,91.37999725341797,72.97236633300781,664950,0.0,0.0,0.0
2016-02-25,91.36000061035156,91.37999725341797,91.36000061035156,91.36000061035156,72.95636749267578,1243200,0.0,0.0,0.0
2016-02-26,91.36000061035156,91.37999725341797,91.36000061035156,91.36000061035156,72.95636749267578,883250,0.0,0.0,0.0
2016-02-29,91.37999725341797,91.37999725341797,91.36000061035156,91.37999725341797,72.97236633300781,1613200,0.0,0.0,0.0
2016-03-01,91.36000061035156,91.37999725341797,91.36000061035156,91.37999725341797,72.97236633300781,630600,0.0,0.0,0.0
2016-03-02,91.37999725341797,91.37999725341797,91.36000061035156,91.36000061035156,72.95636749267578,1869950,0.0,0.0,0.0
2016-03-03,91.36000061035156,91.37999725341797,91.36000061035156,91.37999725341797,72.97236633300781,1296950,0.0,0.0,0.0
2016-03-04,91.37999725341797,91.37999725341797,91.36000061035156,91.37999725341797,72.97236633300781,2205550,0.0,0.0,0.0
2016-03-07,91.37999725341797,91.37999725341797,91.36000061035156,91.37999725341797,72.97236633300781,908700,0.0,0.0,0.0
2016-03-08,91.36000061035156,91.37999725341797,91.36000061035156,91.36000061035156,72.95636749267578,542200,0.0,0.0,0.0
2016-03-09,91.36000061035156,91.37999725341797,91.36000061035156,91.37999725341797,72.97236633300781,661400,0.0,0.0,0.0
2016-03-10,91.36000061035156,91.37999725341797,91.36000061035156,91.37999725341797,72.97236633300781,198500,0.0,0.0,0.0
2016-03-11,91.36000061035156,91.37999725341797,91.36000061035156,91.36000061035156,72.95636749267578,383600,0.0,0.0,0.0
2016-03-14,91.36000061035156,91.37999725341797,91.36000061035156,91.36000061035156,72.95636749267578,292700,0.0,0.0,0.0
2016-03-15,91.37999725341797,91.37999725341797,91.36000061035156,91.36000061035156,72.95636749267578,2669300,0.0,0.0,0.0
2016-03-16,91.36000061035156,91.37999725341797,91.36000061035156,91.37999725341797,72.97236633300781,306250,0.0,0.0,0.0
2016-03-17,91.37999725341797,91.4000015258789,91.36000061035156,91.36000061035156,72.95636749267578,199450,0.0,0.0,0.0
2016-03-18,91.37999725341797,91.37999725341797,91.36000061035156,91.36000061035156,72.95636749267578,598800,0.0,0.0,0.0
2016-03-21,91.36000061035156,91.37999725341797,91.36000061035156,91.37999725341797,72.97236633300781,1510600,0.0,0.0,0.0
2016-03-22,91.36000061035156,91.37999725341797,91.36000061035156,91.37999725341797,72.97236633300781,286650,0.0,0.0,0.0
2016-03-23,91.36000061035156,91.37999725341797,91.36000061035156,91.36000061035156,72.95636749267578,260400,0.0,0.0,0.0
2016-03-24,91.36000061035156,91.37999725341797,91.36000061035156,91.37999725341797,72.97236633300781,711350,0.0,0.0,0.0
2016-03-28,91.37999725341797,91.4000015258789,91.37999725341797,91.37999725341797,72.97236633300781,347950,0.0,0.0,0.0
2016-03-29,91.37999725341797,91.4000015258789,91.37999725341797,91.37999725341797,72.97236633300781,631250,0.0,0.0,0.0
2016-03-30,91.4000015258789,91.4000015258789,91.37999725341797,91.37999725341797,72.97236633300781,264000,0.0,0.0,0.0
2016-03-31,91.37999725341797,91.4000015258789,91.37999725341797,91.37999725341797,72.97236633300781,2956800,0.0,0.0,0.0
2016-04-01,91.37999725341797,91.4000015258789,91.37999725341797,91.37999725341797,72.97236633300781,942500,0.0,0.0,0.0
2016-04-04,91.37999725341797,91.4000015258789,91.37999725341797,91.37999725341797,72.97236633300781,1619200,0.0,0.0,0.0
2016-04-05,91.4000015258789,91.4000015258789,91.37999725341797,91.4000015258789,72.98837280273438,1829950,0.0,0.0,0.0
2016-04-06,91.37999725341797,91.4000015258789,91.37999725341797,91.4000015258789,72.98837280273438,1081800,0.0,0.0,0.0
2016-04-07,91.37999725341797,91.4000015258789,91.37999725341797,91.37999725341797,72.97236633300781,1307000,0.0,0.0,0.0
2016-04-08,91.37999725341797,91.4000015258789,91.37999725341797,91.4000015258789,72.98837280273438,191950,0.0,0.0,0.0
2016-04-11,91.37999725341797,91.4000015258789,91.37999725341797,91.37999725341797,72.97236633300781,587150,0.0,0.0,0.0
2016-04-12,91.4000015258789,91.4000015258789,91.37999725341797,91.37999725341797,72.97236633300781,169600,0.0,0.0,0.0
2016-04-13,91.37999725341797,91.4000015258789,91.37999725341797,91.4000015258789,72.98837280273438,182400,0.0,0.0,0.0
2016-04-14,91.37999725341797,91.4000015258789,91.37999725341797,91.4000015258789,72.98837280273438,143950,0.0,0.0,0.0
2016-04-15,91.4000015258789,91.4000015258789,91.37999725341797,91.37999725341797,72.97236633300781,219000,0.0,0.0,0.0
2016-04-18,91.37999725341797,91.4000015258789,91.37999725341797,91.4000015258789,72.98837280273438,1972050,0.0,0.0,0.0
2016-04-19,91.37999725341797,91.4000015258789,91.37999725341797,91.4000015258789,72.98837280273438,138400,0.0,0.0,0.0
2016-04-20,91.4000015258789,91.4000015258789,91.37999725341797,91.4000015258789,72.98837280273438,199350,0.0,0.0,0.0
2016-04-21,91.4000015258789,91.4000015258789,91.37999725341797,91.37999725341797,72.97236633300781,446300,0.0,0.0,0.0
2016-04-22,91.4000015258789,91.4000015258789,91.37999725341797,91.4000015258789,72.98837280273438,388450,0.0,0.0,0.0
2016-04-25,91.37999725341797,91.4000015258789,91.37999725341797,91.37999725341797,72.97236633300781,515350,0.0,0.0,0.0
2016-04-26,91.37999725341797,91.4000015258789,91.37999725341797,91.4000015258789,72.98837280273438,250000,0.0,0.0,0.0
2016-04-27,91.4000015258789,91.4000015258789,91.37999725341797,91.4000015258789,72.98837280273438,104050,0.0,0.0,0.0
2016-04-28,91.37999725341797,91.4000015258789,91.37999725341797,91.4000015258789,72.98837280273438,274200,0.0,0.0,0.0
2016-04-29,91.4000015258789,91.41999816894531,91.4000015258789,91.41999816894531,73.0042953491211,722100,0.0,0.0,0.0
2016-05-02,91.41999816894531,91.41999816894531,91.4000015258789,91.4000015258789,72.98837280273438,370050,0.0,0.0,0.0
2016-05-03,91.4000015258789,91.41999816894531,91.4000015258789,91.41999816894531,73.0042953491211,665850,0.0,0.0,0.0
2016-05-04,91.4000015258789,91.41999816894531,91.4000015258789,91.4000015258789,72.98837280273438,700400,0.0,0.0,0.0
2016-05-05,91.4000015258789,91.41999816894531,91.4000015258789,91.4000015258789,72.98837280273438,578500,0.0,0.0,0.0
2016-05-06,91.4000015258789,91.41999816894531,91.4000015258789,91.41999816894531,73.0042953491211,2157200,0.0,0.0,0.0
2016-05-09,91.41999816894531,91.41999816894531,91.4000015258789,91.41999816894531,73.0042953491211,108850,0.0,0.0,0.0
2016-05-10,91.4000015258789,91.41999816894531,91.4000015258789,91.41999816894531,73.0042953491211,875050,0.0,0.0,0.0
2016-05-11,91.4000015258789,91.4000015258789,91.37999725341797,91.37999725341797,72.97236633300781,156800,0.0,0.0,0.0
2016-05-12,91.4000015258789,91.4000015258789,91.37999725341797,91.37999725341797,72.97236633300781,189900,0.0,0.0,0.0
2016-05-13,91.37999725341797,91.4000015258789,91.37999725341797,91.37999725341797,72.97236633300781,512850,0.0,0.0,0.0
2016-05-16,91.37999725341797,91.4000015258789,91.37999725341797,91.37999725341797,72.97236633300781,184500,0.0,0.0,0.0
2016-05-17,91.4000015258789,91.4000015258789,91.37999725341797,91.37999725341797,72.97236633300781,410200,0.0,0.0,0.0
2016-05-18,91.4000015258789,91.41999816894531,91.4000015258789,91.4000015258789,72.98837280273438,1319700,0.0,0.0,0.0
2016-05-19,91.37999725341797,91.4000015258789,91.37999725341797,91.37999725341797,72.97236633300781,122150,0.0,0.0,0.0
2016-05-20,91.4000015258789,91.41999816894531,91.37999725341797,91.4000015258789,72.98837280273438,389400,0.0,0.0,0.0
2016-05-23,91.4000015258789,91.41999816894531,91.37999725341797,91.41999816894531,73.0042953491211,827400,0.0,0.0,0.0
2016-05-24,91.4000015258789,91.41999816894531,91.37999725341797,91.37999725341797,72.97236633300781,612800,0.0,0.0,0.0
2016-05-25,91.4000015258789,91.4000015258789,91.37999725341797,91.4000015258789,72.98837280273438,242100,0.0,0.0,0.0
2016-05-26,91.4000015258789,91.41999816894531,91.37999725341797,91.4000015258789,72.98837280273438,284150,0.0,0.0,0.0
2016-05-27,91.4000015258789,91.41999816894531,91.4000015258789,91.41999816894531,73.0042953491211,270350,0.0,0.0,0.0
2016-05-31,91.41999816894531,91.41999816894531,91.37999725341797,91.41999816894531,73.0042953491211,498850,0.0,0.0,0.0
2016-06-01,91.4000015258789,91.41999816894531,91.4000015258789,91.41999816894531,73.0042953491211,578400,0.0,0.0,0.0
2016-06-02,91.4000015258789,91.41999816894531,91.4000015258789,91.4000015258789,72.98837280273438,175600,0.0,0.0,0.0
2016-06-03,91.41999816894531,91.44000244140625,91.4000015258789,91.41999816894531,73.0042953491211,735650,0.0,0.0,0.0
2016-06-06,91.41999816894531,91.44000244140625,91.41999816894531,91.44000244140625,73.02027893066406,365550,0.0,0.0,0.0
2016-06-07,91.41999816894531,91.44000244140625,91.41999816894531,91.44000244140625,73.02027893066406,154600,0.0,0.0,0.0
2016-06-08,91.41999816894531,91.44000244140625,91.41999816894531,91.44000244140625,73.02027893066406,250550,0.0,0.0,0.0
2016-06-09,91.44000244140625,91.44000244140625,91.4000015258789,91.4000015258789,72.98837280273438,1767200,0.0,0.0,0.0
2016-06-10,91.4000015258789,91.41999816894531,91.4000015258789,91.4000015258789,72.98837280273438,278100,0.0,0.0,0.0
2016-06-13,91.41999816894531,91.41999816894531,91.4000015258789,91.4000015258789,72.98837280273438,159100,0.0,0.0,0.0
2016-06-14,91.4000015258789,91.41999816894531,91.4000015258789,91.4000015258789,72.98837280273438,771300,0.0,0.0,0.0
2016-06-15,91.41999816894531,91.41999816894531,91.4000015258789,91.4000015258789,72.98837280273438,683100,0.0,0.0,0.0
2016-06-16,91.41999816894531,91.44000244140625,91.4000015258789,91.41999816894531,73.0042953491211,876400,0.0,0.0,0.0
2016-06-17,91.41999816894531,91.44000244140625,91.4000015258789,91.4000015258789,72.98837280273438,463250,0.0,0.0,0.0
2016-06-20,91.4000015258789,91.41999816894531,91.4000015258789,91.41999816894531,73.0042953491211,130900,0.0,0.0,0.0
2016-06-21,91.41999816894531,91.44000244140625,91.4000015258789,91.41999816894531,73.0042953491211,965700,0.0,0.0,0.0
2016-06-22,91.41999816894531,91.41999816894531,91.4000015258789,91.41999816894531,73.0042953491211,171250,0.0,0.0,0.0
2016-06-23,91.4000015258789,91.41999816894531,91.4000015258789,91.41999816894531,73.0042953491211,1232700,0.0,0.0,0.0
2016-06-24,91.4000015258789,91.41999816894531,91.4000015258789,91.4000015258789,72.98837280273438,640800,0.0,0.0,0.0
2016-06-27,91.4000015258789,91.44000244140625,91.4000015258789,91.4000015258789,72.98837280273438,3124250,0.0,0.0,0.0
2016-06-28,91.41999816894531,91.44000244140625,91.4000015258789,91.4000015258789,72.98837280273438,794050,0.0,0.0,0.0
2016-06-29,91.44000244140625,91.44000244140625,91.4000015258789,91.4000015258789,72.98837280273438,1667550,0.0,0.0,0.0
2016-06-30,91.41999816894531,91.44000244140625,91.4000015258789,91.4000015258789,72.98837280273438,690150,0.0,0.0,0.0
2016-07-01,91.41999816894531,91.44000244140625,91.4000015258789,91.44000244140625,73.02027893066406,511550,0.0,0.0,0.0
2016-07-05,91.41999816894531,91.44000244140625,91.4000015258789,91.44000244140625,73.02027893066406,1129200,0.0,0.0,0.0
2016-07-06,91.44000244140625,91.44000244140625,91.4000015258789,91.41999816894531,73.0042953491211,734450,0.0,0.0,0.0
2016-07-07,91.41999816894531,91.44000244140625,91.41999816894531,91.44000244140625,73.02027893066406,199950,0.0,0.0,0.0
2016-07-08,91.44000244140625,91.44000244140625,91.4000015258789,91.41999816894531,73.0042953491211,724150,0.0,0.0,0.0
2016-07-11,91.44000244140625,91.44000244140625,91.4000015258789,91.44000244140625,73.02027893066406,580150,0.0,0.0,0.0
2016-07-12,91.41999816894531,91.41999816894531,91.4000015258789,91.4000015258789,72.98837280273438,1158200,0.0,0.0,0.0
2016-07-13,91.4000015258789,91.41999816894531,91.4000015258789,91.41999816894531,73.0042953491211,422500,0.0,0.0,0.0
2016-07-14,91.41999816894531,91.44000244140625,91.4000015258789,91.44000244140625,73.02027893066406,2044250,0.0,0.0,0.0
2016-07-15,91.41999816894531,91.44000244140625,91.41999816894531,91.41999816894531,73.0042953491211,93400,0.0,0.0,0.0
2016-07-18,91.41999816894531,91.44000244140625,91.41999816894531,91.41999816894531,73.0042953491211,167100,0.0,0.0,0.0
2016-07-19,91.41999816894531,91.44000244140625,91.41999816894531,91.44000244140625,73.02027893066406,447400,0.0,0.0,0.0
2016-07-20,91.41999816894531,91.44000244140625,91.41999816894531,91.44000244140625,73.02027893066406,167500,0.0,0.0,0.0
2016-07-21,91.41999816894531,91.44000244140625,91.41999816894531,91.44000244140625,73.02027893066406,116700,0.0,0.0,0.0
2016-07-22,91.41999816894531,91.44000244140625,91.41999816894531,91.44000244140625,73.02027893066406,180450,0.0,0.0,0.0
2016-07-25,91.41999816894531,91.44000244140625,91.41999816894531,91.41999816894531,73.0042953491211,129050,0.0,0.0,0.0
2016-07-26,91.41999816894531,91.44000244140625,91.41999816894531,91.41999816894531,73.0042953491211,180700,0.0,0.0,0.0
2016-07-27,91.44000244140625,91.44000244140625,91.41999816894531,91.44000244140625,73.02027893066406,220300,0.0,0.0,0.0
2016-07-28,91.41999816894531,91.44000244140625,91.41999816894531,91.41999816894531,73.0042953491211,136700,0.0,0.0,0.0
2016-07-29,91.44000244140625,91.44000244140625,91.41999816894531,91.44000244140625,73.02027893066406,84000,0.0,0.0,0.0
2016-08-01,91.41999816894531,91.44000244140625,91.41999816894531,91.41999816894531,73.0042953491211,97000,0.0,0.0,0.0
2016-08-02,91.41999816894531,91.44000244140625,91.41999816894531,91.44000244140625,73.02027893066406,267100,0.0,0.0,0.0
2016-08-03,91.41999816894531,91.44000244140625,91.41999816894531,91.41999816894531,73.0042953491211,658950,0.0,0.0,0.0
2016-08-04,91.41999816894531,91.44000244140625,91.41999816894531,91.41999816894531,73.0042953491211,128750,0.0,0.0,0.0
2016-08-05,91.41999816894531,91.44000244140625,91.41999816894531,91.41999816894531,73.0042953491211,192100,0.0,0.0,0.0
2016-08-08,91.41999816894531,91.44000244140625,91.41999816894531,91.41999816894531,73.0042953491211,161400,0.0,0.0,0.0
2016-08-09,91.44000244140625,91.44000244140625,91.41999816894531,91.41999816894531,73.0042953491211,1148800,0.0,0.0,0.0
2016-08-10,91.41999816894531,91.44000244140625,91.41999816894531,91.41999816894531,73.0042953491211,100450,0.0,0.0,0.0
2016-08-11,91.41999816894531,91.44000244140625,91.41999816894531,91.41999816894531,73.0042953491211,98900,0.0,0.0,0.0
2016-08-12,91.44000244140625,91.44000244140625,91.41999816894531,91.41999816894531,73.0042953491211,101150,0.0,0.0,0.0
2016-08-15,91.41999816894531,91.44000244140625,91.41999816894531,91.41999816894531,73.0042953491211,296650,0.0,0.0,0.0
2016-08-16,91.41999816894531,91.44000244140625,91.41999816894531,91.41999816894531,73.0042953491211,101000,0.0,0.0,0.0
2016-08-17,91.41999816894531,91.44000244140625,91.41999816894531,91.41999816894531,73.0042953491211,342800,0.0,0.0,0.0
2016-08-18,91.41999816894531,91.44000244140625,91.41999816894531,91.44000244140625,73.02027893066406,109350,0.0,0.0,0.0
2016-08-19,91.41999816894531,91.44000244140625,91.41999816894531,91.41999816894531,73.0042953491211,120200,0.0,0.0,0.0
2016-08-22,91.41999816894531,91.44000244140625,91.41999816894531,91.41999816894531,73.0042953491211,1466200,0.0,0.0,0.0
2016-08-23,91.44000244140625,91.44000244140625,91.41999816894531,91.41999816894531,73.0042953491211,124250,0.0,0.0,0.0
2016-08-24,91.41999816894531,91.44000244140625,91.41999816894531,91.44000244140625,73.02027893066406,85100,0.0,0.0,0.0
2016-08-25,91.44000244140625,91.44000244140625,91.41999816894531,91.41999816894531,73.0042953491211,154050,0.0,0.0,0.0
2016-08-26,91.41999816894531,91.44000244140625,91.41999816894531,91.41999816894531,73.0042953491211,182050,0.0,0.0,0.0
2016-08-29,91.44000244140625,91.45999908447266,91.41999816894531,91.44000244140625,73.02027893066406,330350,0.0,0.0,0.0
2016-08-30,91.44000244140625,91.45999908447266,91.41999816894531,91.44000244140625,73.02027893066406,299450,0.0,0.0,0.0
2016-08-31,91.44000244140625,91.45999908447266,91.41999816894531,91.44000244140625,73.02027893066406,190000,0.0,0.0,0.0
2016-09-01,91.44000244140625,91.45999908447266,91.41999816894531,91.44000244140625,73.02027893066406,174350,0.0,0.0,0.0
2016-09-02,91.44000244140625,91.45999908447266,91.44000244140625,91.45999908447266,73.03623962402344,307000,0.0,0.0,0.0
2016-09-06,91.44000244140625,91.45999908447266,91.44000244140625,91.45999908447266,73.03623962402344,352500,0.0,0.0,0.0
2016-09-07,91.45999908447266,91.45999908447266,91.44000244140625,91.44000244140625,73.02027893066406,790650,0.0,0.0,0.0
2016-09-08,91.44000244140625,91.45999908447266,91.41999816894531,91.44000244140625,73.02027893066406,497150,0.0,0.0,0.0
2016-09-09,91.45999908447266,91.45999908447266,91.44000244140625,91.45999908447266,73.03623962402344,342800,0.0,0.0,0.0
2016-09-12,91.45999908447266,91.45999908447266,91.41999816894531,91.41999816894531,73.0042953491211,725000,0.0,0.0,0.0
2016-09-13,91.45999908447266,91.45999908447266,91.41999816894531,91.44000244140625,73.02027893066406,264650,0.0,0.0,0.0
2016-09-14,91.45999908447266,91.45999908447266,91.44000244140625,91.44000244140625,73.02027893066406,202550,0.0,0.0,0.0
2016-09-15,91.44000244140625,91.45999908447266,91.41999816894531,91.44000244140625,73.02027893066406,374150,0.0,0.0,0.0
2016-09-16,91.45999908447266,91.45999908447266,91.44000244140625,91.44000244140625,73.02027893066406,425950,0.0,0.0,0.0
2016-09-19,91.45999908447266,91.45999908447266,91.44000244140625,91.44000244140625,73.02027893066406,1269550,0.0,0.0,0.0
2016-09-20,91.44000244140625,91.45999908447266,91.44000244140625,91.44000244140625,73.02027893066406,706800,0.0,0.0,0.0
2016-09-21,91.44000244140625,91.45999908447266,91.44000244140625,91.44000244140625,73.02027893066406,536150,0.0,0.0,0.0
2016-09-22,91.45999908447266,91.45999908447266,91.44000244140625,91.45999908447266,73.03623962402344,514950,0.0,0.0,0.0
2016-09-23,91.45999908447266,91.4800033569336,91.44000244140625,91.45999908447266,73.03623962402344,369250,0.0,0.0,0.0
2016-09-26,91.44000244140625,91.45999908447266,91.44000244140625,91.45999908447266,73.03623962402344,433400,0.0,0.0,0.0
2016-09-27,91.45999908447266,91.45999908447266,91.44000244140625,91.44000244140625,73.02027893066406,453800,0.0,0.0,0.0
2016-09-28,91.44000244140625,91.45999908447266,91.44000244140625,91.44000244140625,73.02027893066406,481200,0.0,0.0,0.0
2016-09-29,91.44000244140625,91.45999908447266,91.44000244140625,91.44000244140625,73.02027893066406,878100,0.0,0.0,0.0
2016-09-30,91.44000244140625,91.45999908447266,91.44000244140625,91.45999908447266,73.03623962402344,458350,0.0,0.0,0.0
2016-10-03,91.45999908447266,91.45999908447266,91.44000244140625,91.44000244140625,73.02027893066406,231800,0.0,0.0,0.0
2016-10-04,91.44000244140625,91.45999908447266,91.44000244140625,91.45999908447266,73.03623962402344,392400,0.0,0.0,0.0
2016-10-05,91.44000244140625,91.45999908447266,91.44000244140625,91.45999908447266,73.03623962402344,518500,0.0,0.0,0.0
2016-10-06,91.45999908447266,91.45999908447266,91.44000244140625,91.45999908447266,73.03623962402344,193850,0.0,0.0,0.0
2016-10-07,91.45999908447266,91.45999908447266,91.44000244140625,91.45999908447266,73.03623962402344,139550,0.0,0.0,0.0
2016-10-10,91.45999908447266,91.45999908447266,91.44000244140625,91.45999908447266,73.03623962402344,67050,0.0,0.0,0.0
2016-10-11,91.45999908447266,91.45999908447266,91.44000244140625,91.44000244140625,73.02027893066406,374900,0.0,0.0,0.0
2016-10-12,91.44000244140625,91.45999908447266,91.44000244140625,91.45999908447266,73.03623962402344,411550,0.0,0.0,0.0
2016-10-13,91.45999908447266,91.45999908447266,91.44000244140625,91.44000244140625,73.02027893066406,156250,0.0,0.0,0.0
2016-10-14,91.44000244140625,91.45999908447266,91.44000244140625,91.44000244140625,73.02027893066406,130100,0.0,0.0,0.0
2016-10-17,91.45999908447266,91.45999908447266,91.44000244140625,91.44000244140625,73.02027893066406,237750,0.0,0.0,0.0
2016-10-18,91.44000244140625,91.45999908447266,91.44000244140625,91.44000244140625,73.02027893066406,180350,0.0,0.0,0.0
2016-10-19,91.44000244140625,91.45999908447266,91.44000244140625,91.45999908447266,73.03623962402344,138150,0.0,0.0,0.0
2016-10-20,91.45999908447266,91.45999908447266,91.44000244140625,91.44000244140625,73.02027893066406,261900,0.0,0.0,0.0
2016-10-21,91.44000244140625,91.45999908447266,91.44000244140625,91.44000244140625,73.02027893066406,424150,0.0,0.0,0.0
2016-10-24,91.45999908447266,91.45999908447266,91.44000244140625,91.44000244140625,73.02027893066406,106800,0.0,0.0,0.0
2016-10-25,91.45999908447266,91.45999908447266,91.44000244140625,91.44000244140625,73.02027893066406,175350,0.0,0.0,0.0
2016-10-26,91.44000244140625,91.45999908447266,91.44000244140625,91.45999908447266,73.03623962402344,200900,0.0,0.0,0.0
2016-10-27,91.45999908447266,91.45999908447266,91.44000244140625,91.44000244140625,73.02027893066406,184200,0.0,0.0,0.0
2016-10-28,91.4800033569336,91.4800033569336,91.44000244140625,91.45999908447266,73.03623962402344,546550,0.0,0.0,0.0
2016-10-31,91.45999908447266,91.4800033569336,91.45999908447266,91.4800033569336,73.05219268798828,735450,0.0,0.0,0.0
2016-11-01,91.4800033569336,91.4800033569336,91.45999908447266,91.45999908447266,73.03623962402344,1208600,0.0,0.0,0.0
2016-11-02,91.4800033569336,91.4800033569336,91.45999908447266,91.4800033569336,73.05219268798828,499750,0.0,0.0,0.0
2016-11-03,91.4800033569336,91.4800033569336,91.45999908447266,91.45999908447266,73.03623962402344,212400,0.0,0.0,0.0
2016-11-04,91.45999908447266,91.4800033569336,91.45999908447266,91.4800033569336,73.05219268798828,554100,0.0,0.0,0.0
2016-11-07,91.4800033569336,91.4800033569336,91.45999908447266,91.45999908447266,73.03623962402344,1122200,0.0,0.0,0.0
2016-11-08,91.45999908447266,91.4800033569336,91.45999908447266,91.4800033569336,73.05219268798828,360450,0.0,0.0,0.0
2016-11-09,91.45999908447266,91.4800033569336,91.44000244140625,91.44000244140625,73.02027893066406,596850,0.0,0.0,0.0
2016-11-10,91.44000244140625,91.45999908447266,91.44000244140625,91.44000244140625,73.02027893066406,966300,0.0,0.0,0.0
2016-11-11,91.45999908447266,91.45999908447266,91.4000015258789,91.4000015258789,72.98837280273438,1164250,0.0,0.0,0.0
2016-11-14,91.44000244140625,91.45999908447266,91.44000244140625,91.44000244140625,73.02027893066406,735500,0.0,0.0,0.0
2016-11-15,91.45999908447266,91.45999908447266,91.44000244140625,91.45999908447266,73.03623962402344,1437100,0.0,0.0,0.0
2016-11-16,91.45999908447266,91.45999908447266,91.44000244140625,91.45999908447266,73.03623962402344,611850,0.0,0.0,0.0
2016-11-17,91.45999908447266,91.4800033569336,91.44000244140625,91.4800033569336,73.05219268798828,906650,0.0,0.0,0.0
2016-11-18,91.45999908447266,91.4800033569336,91.45999908447266,91.45999908447266,73.03623962402344,554550,0.0,0.0,0.0
2016-11-21,91.45999908447266,91.4800033569336,91.44000244140625,91.44000244140625,73.02027893066406,234800,0.0,0.0,0.0
2016-11-22,91.45999908447266,91.45999908447266,91.44000244140625,91.44000244140625,73.02027893066406,1102700,0.0,0.0,0.0
2016-11-23,91.44000244140625,91.45999908447266,91.44000244140625,91.44000244140625,73.02027893066406,454950,0.0,0.0,0.0
2016-11-25,91.45999908447266,91.45999908447266,91.44000244140625,91.45999908447266,73.03623962402344,171350,0.0,0.0,0.0
2016-11-28,91.4800033569336,91.4800033569336,91.44000244140625,91.44000244140625,73.02027893066406,122900,0.0,0.0,0.0
2016-11-29,91.45999908447266,91.4800033569336,91.44000244140625,91.44000244140625,73.02027893066406,122450,0.0,0.0,0.0
2016-11-30,91.44000244140625,91.45999908447266,91.44000244140625,91.44000244140625,73.02027893066406,503150,0.0,0.0,0.0
2016-12-01,91.4000015258789,91.44000244140625,91.4000015258789,91.44000244140625,73.05384826660156,2137550,0.042,0.0,0.0
2016-12-02,91.44000244140625,91.44000244140625,91.41999816894531,91.41999816894531,73.0378646850586,411650,0.0,0.0,0.0
2016-12-05,91.44000244140625,91.44000244140625,91.41999816894531,91.41999816894531,73.0378646850586,897100,0.0,0.0,0.0
2016-12-06,91.41999816894531,91.44000244140625,91.41999816894531,91.44000244140625,73.05384826660156,278850,0.0,0.0,0.0
2016-12-07,91.41999816894531,91.44000244140625,91.41999816894531,91.44000244140625,73.05384826660156,431450,0.0,0.0,0.0
2016-12-08,91.41999816894531,91.44000244140625,91.41999816894531,91.44000244140625,73.05384826660156,463700,0.0,0.0,0.0
2016-12-09,91.44000244140625,91.44000244140625,91.41999816894531,91.44000244140625,73.05384826660156,390000,0.0,0.0,0.0
2016-12-12,91.41999816894531,91.44000244140625,91.41999816894531,91.41999816894531,73.0378646850586,212850,0.0,0.0,0.0
2016-12-13,91.4000015258789,91.44000244140625,91.4000015258789,91.44000244140625,73.05384826660156,531850,0.0,0.0,0.0
2016-12-14,91.44000244140625,91.44000244140625,91.41999816894531,91.44000244140625,73.05384826660156,219150,0.0,0.0,0.0
2016-12-15,91.44000244140625,91.44000244140625,91.41999816894531,91.44000244140625,73.05384826660156,221850,0.0,0.0,0.0
2016-12-16,91.44000244140625,91.44000244140625,91.41999816894531,91.41999816894531,73.0378646850586,220900,0.0,0.0,0.0
2016-12-19,91.41999816894531,91.44000244140625,91.41999816894531,91.44000244140625,73.05384826660156,188700,0.0,0.0,0.0
2016-12-20,91.41999816894531,91.44000244140625,91.41999816894531,91.41999816894531,73.0378646850586,308100,0.0,0.0,0.0
2016-12-21,91.44000244140625,91.44000244140625,91.41999816894531,91.44000244140625,73.05384826660156,217850,0.0,0.0,0.0
2016-12-22,91.44000244140625,91.44000244140625,91.41999816894531,91.41999816894531,73.0378646850586,263050,0.0,0.0,0.0
2016-12-23,91.41999816894531,91.44000244140625,91.41999816894531,91.41999816894531,73.0378646850586,238000,0.0,0.0,0.0
2016-12-27,91.41999816894531,91.44000244140625,91.41999816894531,91.44000244140625,73.05384826660156,231850,0.0,0.0,0.0
2016-12-28,91.41999816894531,91.41999816894531,91.4000015258789,91.41999816894531,73.05223083496094,190200,0.018,0.0,0.0
2016-12-29,91.44000244140625,91.44000244140625,91.4000015258789,91.44000244140625,73.06822967529297,286650,0.0,0.0,0.0
2016-12-30,91.41999816894531,91.41999816894531,91.4000015258789,91.4000015258789,73.03627014160156,156600,0.0,0.0,0.0
2017-01-03,91.44000244140625,91.44000244140625,91.41999816894531,91.44000244140625,73.06822967529297,1769500,0.0,0.0,0.0
2017-01-04,91.44000244140625,91.44000244140625,91.41999816894531,91.44000244140625,73.06822967529297,522750,0.0,0.0,0.0
2017-01-05,91.44000244140625,91.44000244140625,91.41999816894531,91.41999816894531,73.05223083496094,627500,0.0,0.0,0.0
2017-01-06,91.44000244140625,91.44000244140625,91.41999816894531,91.44000244140625,73.06822967529297,321550,0.0,0.0,0.0
2017-01-09,91.41999816894531,91.44000244140625,91.41999816894531,91.44000244140625,73.06822967529297,198600,0.0,0.0,0.0
2017-01-10,91.44000244140625,91.44000244140625,91.41999816894531,91.41999816894531,73.05223083496094,139000,0.0,0.0,0.0
2017-01-11,91.41999816894531,91.44000244140625,91.41999816894531,91.44000244140625,73.06822967529297,707250,0.0,0.0,0.0
2017-01-12,91.41999816894531,91.44000244140625,91.41999816894531,91.44000244140625,73.06822967529297,221350,0.0,0.0,0.0
2017-01-13,91.41999816894531,91.44000244140625,91.41999816894531,91.44000244140625,73.06822967529297,159800,0.0,0.0,0.0
2017-01-17,91.41999816894531,91.44000244140625,91.41999816894531,91.44000244140625,73.06822967529297,353250,0.0,0.0,0.0
2017-01-18,91.41999816894531,91.44000244140625,91.41999816894531,91.41999816894531,73.05223083496094,235400,0.0,0.0,0.0
2017-01-19,91.44000244140625,91.44000244140625,91.41999816894531,91.41999816894531,73.05223083496094,188700,0.0,0.0,0.0
2017-01-20,91.41999816894531,91.44000244140625,91.41999816894531,91.44000244140625,73.06822967529297,153650,0.0,0.0,0.0
2017-01-23,91.41999816894531,91.44000244140625,91.41999816894531,91.41999816894531,73.05223083496094,507200,0.0,0.0,0.0
2017-01-24,91.41999816894531,91.44000244140625,91.41999816894531,91.41999816894531,73.05223083496094,588300,0.0,0.0,0.0
2017-01-25,91.41999816894531,91.44000244140625,91.41999816894531,91.44000244140625,73.06822967529297,440100,0.0,0.0,0.0
2017-01-26,91.44000244140625,91.45999908447266,91.41999816894531,91.45999908447266,73.0842056274414,357350,0.0,0.0,0.0
2017-01-27,91.44000244140625,91.45999908447266,91.41999816894531,91.41999816894531,73.05223083496094,228000,0.0,0.0,0.0
2017-01-30,91.41999816894531,91.45999908447266,91.41999816894531,91.45999908447266,73.0842056274414,272650,0.0,0.0,0.0
2017-01-31,91.44000244140625,91.45999908447266,91.44000244140625,91.44000244140625,73.06822967529297,173800,0.0,0.0,0.0
2017-02-01,91.4000015258789,91.44000244140625,91.4000015258789,91.41999816894531,73.07302856445312,264050,0.026,0.0,0.0
2017-02-02,91.4000015258789,91.44000244140625,91.4000015258789,91.41999816894531,73.07302856445312,288000,0.0,0.0,0.0
2017-02-03,91.41999816894531,91.44000244140625,91.4000015258789,91.4000015258789,73.05705261230469,414700,0.0,0.0,0.0
2017-02-06,91.41999816894531,91.44000244140625,91.4000015258789,91.44000244140625,73.0890121459961,206550,0.0,0.0,0.0
2017-02-07,91.44000244140625,91.44000244140625,91.41999816894531,91.44000244140625,73.0890121459961,446850,0.0,0.0,0.0
2017-02-08,91.41999816894531,91.44000244140625,91.41999816894531,91.44000244140625,73.0890121459961,265100,0.0,0.0,0.0
2017-02-09,91.41999816894531,91.44000244140625,91.41999816894531,91.44000244140625,73.0890121459961,336550,0.0,0.0,0.0
2017-02-10,91.44000244140625,91.44000244140625,91.41999816894531,91.41999816894531,73.07302856445312,566050,0.0,0.0,0.0
2017-02-13,91.41999816894531,91.44000244140625,91.41999816894531,91.41999816894531,73.07302856445312,191000,0.0,0.0,0.0
2017-02-14,91.44000244140625,91.44000244140625,91.41999816894531,91.44000244140625,73.0890121459961,124500,0.0,0.0,0.0
2017-02-15,91.44000244140625,91.44000244140625,91.41999816894531,91.41999816894531,73.07302856445312,374350,0.0,0.0,0.0
2017-02-16,91.41999816894531,91.44000244140625,91.41999816894531,91.41999816894531,73.07302856445312,122400,0.0,0.0,0.0
2017-02-17,91.44000244140625,91.44000244140625,91.41999816894531,91.44000244140625,73.0890121459961,154300,0.0,0.0,0.0
2017-02-21,91.41999816894531,91.44000244140625,91.41999816894531,91.41999816894531,73.07302856445312,297000,0.0,0.0,0.0
2017-02-22,91.41999816894531,91.44000244140625,91.41999816894531,91.41999816894531,73.07302856445312,270350,0.0,0.0,0.0
2017-02-23,91.41999816894531,91.44000244140625,91.41999816894531,91.41999816894531,73.07302856445312,402350,0.0,0.0,0.0
2017-02-24,91.41999816894531,91.45999908447266,91.41999816894531,91.41999816894531,73.07302856445312,725450,0.0,0.0,0.0
2017-02-27,91.41999816894531,91.45999908447266,91.41999816894531,91.41999816894531,73.07302856445312,177650,0.0,0.0,0.0
2017-02-28,91.45999908447266,91.45999908447266,91.44000244140625,91.45999908447266,73.10497283935547,175150,0.0,0.0,0.0
2017-03-01,91.4000015258789,91.41999816894531,91.4000015258789,91.4000015258789,73.07620239257812,230950,0.024,0.0,0.0
2017-03-02,91.4000015258789,91.41999816894531,91.4000015258789,91.4000015258789,73.07620239257812,185850,0.0,0.0,0.0
2017-03-03,91.41999816894531,91.41999816894531,91.4000015258789,91.41999816894531,73.09217834472656,332050,0.0,0.0,0.0
2017-03-06,91.4000015258789,91.44000244140625,91.4000015258789,91.44000244140625,73.1081771850586,193950,0.0,0.0,0.0
2017-03-07,91.44000244140625,91.44000244140625,91.4000015258789,91.4000015258789,73.07620239257812,95600,0.0,0.0,0.0
2017-03-08,91.41999816894531,91.41999816894531,91.4000015258789,91.4000015258789,73.07620239257812,179950,0.0,0.0,0.0
2017-03-09,91.4000015258789,91.41999816894531,91.4000015258789,91.4000015258789,73.07620239257812,298200,0.0,0.0,0.0
2017-03-10,91.41999816894531,91.41999816894531,91.4000015258789,91.41999816894531,73.09217834472656,423800,0.0,0.0,0.0
2017-03-13,91.41999816894531,91.41999816894531,91.4000015258789,91.4000015258789,73.07620239257812,300950,0.0,0.0,0.0
2017-03-14,91.4000015258789,91.41999816894531,91.4000015258789,91.4000015258789,73.07620239257812,350700,0.0,0.0,0.0
2017-03-15,91.4000015258789,91.41999816894531,91.4000015258789,91.41999816894531,73.09217834472656,740300,0.0,0.0,0.0
2017-03-16,91.4000015258789,91.44000244140625,91.4000015258789,91.44000244140625,73.1081771850586,298300,0.0,0.0,0.0
2017-03-17,91.4000015258789,91.44000244140625,91.4000015258789,91.44000244140625,73.1081771850586,182950,0.0,0.0,0.0
2017-03-20,91.4000015258789,91.44000244140625,91.4000015258789,91.41999816894531,73.09217834472656,147200,0.0,0.0,0.0
2017-03-21,91.44000244140625,91.44000244140625,91.4000015258789,91.44000244140625,73.1081771850586,650300,0.0,0.0,0.0
2017-03-22,91.4000015258789,91.44000244140625,91.4000015258789,91.44000244140625,73.1081771850586,555550,0.0,0.0,0.0
2017-03-23,91.44000244140625,91.44000244140625,91.41999816894531,91.41999816894531,73.09217834472656,339550,0.0,0.0,0.0
2017-03-24,91.41999816894531,91.44000244140625,91.41999816894531,91.44000244140625,73.1081771850586,184750,0.0,0.0,0.0
2017-03-27,91.4000015258789,91.44000244140625,91.4000015258789,91.44000244140625,73.1081771850586,386850,0.0,0.0,0.0
2017-03-28,91.44000244140625,91.44000244140625,91.41999816894531,91.44000244140625,73.1081771850586,894350,0.0,0.0,0.0
2017-03-29,91.44000244140625,91.44000244140625,91.41999816894531,91.44000244140625,73.1081771850586,83400,0.0,0.0,0.0
2017-03-30,91.44000244140625,91.44000244140625,91.41999816894531,91.44000244140625,73.1081771850586,539400,0.0,0.0,0.0
2017-03-31,91.45999908447266,91.45999908447266,91.41999816894531,91.41999816894531,73.09217834472656,526650,0.0,0.0,0.0
2017-04-03,91.37999725341797,91.41999816894531,91.37999725341797,91.4000015258789,73.0986099243164,2097900,0.028,0.0,0.0
2017-04-04,91.4000015258789,91.41999816894531,91.4000015258789,91.4000015258789,73.0986099243164,714500,0.0,0.0,0.0
2017-04-05,91.41999816894531,91.41999816894531,91.4000015258789,91.4000015258789,73.0986099243164,581750,0.0,0.0,0.0
2017-04-06,91.4000015258789,91.41999816894531,91.4000015258789,91.4000015258789,73.0986099243164,246550,0.0,0.0,0.0
2017-04-07,91.41999816894531,91.41999816894531,91.4000015258789,91.4000015258789,73.0986099243164,129300,0.0,0.0,0.0
2017-04-10,91.44000244140625,91.44000244140625,91.4000015258789,91.4000015258789,73.0986099243164,429050,0.0,0.0,0.0
2017-04-11,91.41999816894531,91.41999816894531,91.4000015258789,91.41999816894531,73.11457061767578,161050,0.0,0.0,0.0
2017-04-12,91.44000244140625,91.44000244140625,91.4000015258789,91.4000015258789,73.0986099243164,270500,0.0,0.0,0.0
2017-04-13,91.4000015258789,91.44000244140625,91.4000015258789,91.41999816894531,73.11457061767578,953350,0.0,0.0,0.0
2017-04-17,91.4000015258789,91.44000244140625,91.4000015258789,91.41999816894531,73.11457061767578,753200,0.0,0.0,0.0
2017-04-18,91.41999816894531,91.44000244140625,91.41999816894531,91.44000244140625,73.13057708740234,100450,0.0,0.0,0.0
2017-04-19,91.41999816894531,91.44000244140625,91.41999816894531,91.44000244140625,73.13057708740234,114100,0.0,0.0,0.0
2017-04-20,91.41999816894531,91.44000244140625,91.41999816894531,91.44000244140625,73.13057708740234,243750,0.0,0.0,0.0
2017-04-21,91.44000244140625,91.45999908447266,91.44000244140625,91.44000244140625,73.13057708740234,250700,0.0,0.0,0.0
2017-04-24,91.44000244140625,91.44000244140625,91.41999816894531,91.41999816894531,73.11457061767578,479150,0.0,0.0,0.0
2017-04-25,91.44000244140625,91.44000244140625,91.41999816894531,91.41999816894531,73.11457061767578,405750,0.0,0.0,0.0
2017-04-26,91.41999816894531,91.44000244140625,91.41999816894531,91.44000244140625,73.13057708740234,355450,0.0,0.0,0.0
2017-04-27,91.41999816894531,91.44000244140625,91.41999816894531,91.41999816894531,73.11457061767578,376900,0.0,0.0,0.0
2017-04-28,91.44000244140625,91.45999908447266,91.41999816894531,91.45999908447266,73.14657592773438,212300,0.0,0.0,0.0
2017-05-01,91.44000244140625,91.44000244140625,91.4000015258789,91.41999816894531,73.14179229736328,390250,0.034,0.0,0.0
2017-05-02,91.4000015258789,91.41999816894531,91.4000015258789,91.4000015258789,73.12580108642578,70900,0.0,0.0,0.0
2017-05-03,91.4000015258789,91.41999816894531,91.4000015258789,91.4000015258789,73.12580108642578,226500,0.0,0.0,0.0
2017-05-04,91.4000015258789,91.41999816894531,91.4000015258789,91.41999816894531,73.14179229736328,163450,0.0,0.0,0.0
2017-05-05,91.4000015258789,91.41999816894531,91.4000015258789,91.4000015258789,73.12580108642578,254050,0.0,0.0,0.0
2017-05-08,91.41999816894531,91.44000244140625,91.4000015258789,91.41999816894531,73.14179229736328,217500,0.0,0.0,0.0
2017-05-09,91.44000244140625,91.44000244140625,91.41999816894531,91.41999816894531,73.14179229736328,493400,0.0,0.0,0.0
2017-05-10,91.44000244140625,91.44000244140625,91.41999816894531,91.44000244140625,73.15777587890625,309450,0.0,0.0,0.0
2017-05-11,91.41999816894531,91.45999908447266,91.41999816894531,91.44000244140625,73.15777587890625,397200,0.0,0.0,0.0
2017-05-12,91.44000244140625,91.45999908447266,91.41999816894531,91.41999816894531,73.14179229736328,129250,0.0,0.0,0.0
2017-05-15,91.44000244140625,91.45999908447266,91.44000244140625,91.44000244140625,73.15777587890625,376600,0.0,0.0,0.0
2017-05-16,91.44000244140625,91.45999908447266,91.44000244140625,91.44000244140625,73.15777587890625,166200,0.0,0.0,0.0
2017-05-17,91.44000244140625,91.45999908447266,91.44000244140625,91.45999908447266,73.17377471923828,1395300,0.0,0.0,0.0
2017-05-18,91.44000244140625,91.45999908447266,91.44000244140625,91.45999908447266,73.17377471923828,1384900,0.0,0.0,0.0
2017-05-19,91.44000244140625,91.45999908447266,91.44000244140625,91.44000244140625,73.15777587890625,106700,0.0,0.0,0.0
2017-05-22,91.44000244140625,91.45999908447266,91.44000244140625,91.45999908447266,73.17377471923828,63900,0.0,0.0,0.0
2017-05-23,91.44000244140625,91.45999908447266,91.44000244140625,91.45999908447266,73.17377471923828,195150,0.0,0.0,0.0
2017-05-24,91.44000244140625,91.45999908447266,91.44000244140625,91.44000244140625,73.15777587890625,307000,0.0,0.0,0.0
2017-05-25,91.44000244140625,91.45999908447266,91.44000244140625,91.45999908447266,73.17377471923828,136350,0.0,0.0,0.0
2017-05-26,91.44000244140625,91.4800033569336,91.44000244140625,91.4800033569336,73.18978118896484,143650,0.0,0.0,0.0
2017-05-30,91.45999908447266,91.4800033569336,91.44000244140625,91.44000244140625,73.15777587890625,190450,0.0,0.0,0.0
2017-05-31,91.45999908447266,91.45999908447266,91.44000244140625,91.44000244140625,73.15777587890625,319600,0.0,0.0,0.0
2017-06-01,91.4000015258789,91.41999816894531,91.4000015258789,91.41999816894531,73.18500518798828,225100,0.054,0.0,0.0
2017-06-02,91.4000015258789,91.41999816894531,91.4000015258789,91.4000015258789,73.16899108886719,417900,0.0,0.0,0.0
2017-06-05,91.4000015258789,91.41999816894531,91.4000015258789,91.41999816894531,73.18500518798828,275800,0.0,0.0,0.0
2017-06-06,91.4000015258789,91.41999816894531,91.4000015258789,91.4000015258789,73.16899108886719,136350,0.0,0.0,0.0
2017-06-07,91.4000015258789,91.44000244140625,91.4000015258789,91.44000244140625,73.20103454589844,257750,0.0,0.0,0.0
2017-06-08,91.44000244140625,91.44000244140625,91.41999816894531,91.41999816894531,73.18500518798828,252500,0.0,0.0,0.0
2017-06-09,91.41999816894531,91.44000244140625,91.41999816894531,91.44000244140625,73.20103454589844,184700,0.0,0.0,0.0
2017-06-12,91.44000244140625,91.44000244140625,91.41999816894531,91.41999816894531,73.18500518798828,199600,0.0,0.0,0.0
2017-06-13,91.41999816894531,91.44000244140625,91.41999816894531,91.44000244140625,73.20103454589844,552550,0.0,0.0,0.0
2017-06-14,91.44000244140625,91.45999908447266,91.41999816894531,91.41999816894531,73.18500518798828,64350,0.0,0.0,0.0
2017-06-15,91.41999816894531,91.44000244140625,91.41999816894531,91.41999816894531,73.18500518798828,380800,0.0,0.0,0.0
2017-06-16,91.41999816894531,91.45999908447266,91.41999816894531,91.45999908447266,73.21702575683594,502600,0.0,0.0,0.0
2017-06-19,91.44000244140625,91.45999908447266,91.44000244140625,91.44000244140625,73.20103454589844,289700,0.0,0.0,0.0
2017-06-20,91.45999908447266,91.45999908447266,91.44000244140625,91.44000244140625,73.20103454589844,121050,0.0,0.0,0.0
2017-06-21,91.45999908447266,91.45999908447266,91.45999908447266,91.45999908447266,73.21702575683594,140600,0.0,0.0,0.0
2017-06-22,91.45999908447266,91.4800033569336,91.44000244140625,91.4800033569336,73.2330551147461,220000,0.0,0.0,0.0
2017-06-23,91.4800033569336,91.4800033569336,91.45999908447266,91.45999908447266,73.21702575683594,67200,0.0,0.0,0.0
2017-06-26,91.44000244140625,91.4800033569336,91.44000244140625,91.44000244140625,73.20103454589844,297850,0.0,0.0,0.0
2017-06-27,91.45999908447266,91.45999908447266,91.44000244140625,91.44000244140625,73.20103454589844,125000,0.0,0.0,0.0
2017-06-28,91.45999908447266,91.4800033569336,91.44000244140625,91.4800033569336,73.2330551147461,179200,0.0,0.0,0.0
2017-06-29,91.44000244140625,91.4800033569336,91.44000244140625,91.45999908447266,73.21702575683594,466100,0.0,0.0,0.0
2017-06-30,91.45999908447266,91.5,91.45999908447266,91.4800033569336,73.2330551147461,615300,0.0,0.0,0.0
2017-07-03,91.41999816894531,91.44000244140625,91.41999816894531,91.44000244140625,73.24107360839844,186100,0.05,0.0,0.0
2017-07-05,91.44000244140625,91.44000244140625,91.41999816894531,91.41999816894531,73.22504425048828,369400,0.0,0.0,0.0
2017-07-06,91.41999816894531,91.44000244140625,91.41999816894531,91.44000244140625,73.24107360839844,445500,0.0,0.0,0.0
2017-07-07,91.41999816894531,91.44000244140625,91.41999816894531,91.44000244140625,73.24107360839844,140950,0.0,0.0,0.0
2017-07-10,91.41999816894531,91.44000244140625,91.41999816894531,91.44000244140625,73.24107360839844,185600,0.0,0.0,0.0
2017-07-11,91.44000244140625,91.44000244140625,91.41999816894531,91.44000244140625,73.24107360839844,136900,0.0,0.0,0.0
2017-07-12,91.41999816894531,91.44000244140625,91.41999816894531,91.41999816894531,73.22504425048828,403200,0.0,0.0,0.0
2017-07-13,91.44000244140625,91.45999908447266,91.41999816894531,91.41999816894531,73.22504425048828,137300,0.0,0.0,0.0
2017-07-14,91.41999816894531,91.45999908447266,91.41999816894531,91.45999908447266,73.25704956054688,255950,0.0,0.0,0.0
2017-07-17,91.44000244140625,91.45999908447266,91.44000244140625,91.44000244140625,73.24107360839844,588900,0.0,0.0,0.0
2017-07-18,91.44000244140625,91.45999908447266,91.44000244140625,91.44000244140625,73.24107360839844,61150,0.0,0.0,0.0
2017-07-19,91.44000244140625,91.45999908447266,91.44000244140625,91.44000244140625,73.24107360839844,99350,0.0,0.0,0.0
2017-07-20,91.44000244140625,91.45999908447266,91.44000244140625,91.44000244140625,73.24107360839844,71950,0.0,0.0,0.0
2017-07-21,91.44000244140625,91.45999908447266,91.44000244140625,91.44000244140625,73.24107360839844,211000,0.0,0.0,0.0
2017-07-24,91.44000244140625,91.45999908447266,91.44000244140625,91.44000244140625,73.24107360839844,140600,0.0,0.0,0.0
2017-07-25,91.44000244140625,91.4800033569336,91.44000244140625,91.44000244140625,73.24107360839844,265850,0.0,0.0,0.0
2017-07-26,91.44000244140625,91.4800033569336,91.44000244140625,91.45999908447266,73.25704956054688,232100,0.0,0.0,0.0
2017-07-27,91.4800033569336,91.4800033569336,91.45999908447266,91.4800033569336,73.27307891845703,221700,0.0,0.0,0.0
2017-07-28,91.45999908447266,91.4800033569336,91.45999908447266,91.45999908447266,73.25704956054688,159600,0.0,0.0,0.0
2017-07-31,91.5,91.5,91.45999908447266,91.45999908447266,73.25704956054688,449600,0.0,0.0,0.0
2017-08-01,91.4000015258789,91.41999816894531,91.4000015258789,91.41999816894531,73.27629852294922,315600,0.064,0.0,0.0
2017-08-02,91.41999816894531,91.44000244140625,91.4000015258789,91.44000244140625,73.2923583984375,263800,0.0,0.0,0.0
2017-08-03,91.4000015258789,91.44000244140625,91.4000015258789,91.44000244140625,73.2923583984375,158400,0.0,0.0,0.0
2017-08-04,91.41999816894531,91.44000244140625,91.4000015258789,91.44000244140625,73.2923583984375,350700,0.0,0.0,0.0
2017-08-07,91.4000015258789,91.44000244140625,91.4000015258789,91.44000244140625,73.2923583984375,130400,0.0,0.0,0.0
2017-08-08,91.44000244140625,91.44000244140625,91.41999816894531,91.44000244140625,73.2923583984375,309800,0.0,0.0,0.0
2017-08-09,91.44000244140625,91.44000244140625,91.41999816894531,91.44000244140625,73.2923583984375,142200,0.0,0.0,0.0
2017-08-10,91.41999816894531,91.44000244140625,91.41999816894531,91.44000244140625,73.2923583984375,111150,0.0,0.0,0.0
2017-08-11,91.44000244140625,91.45999908447266,91.41999816894531,91.45999908447266,73.3083267211914,211350,0.0,0.0,0.0
2017-08-14,91.45999908447266,91.45999908447266,91.44000244140625,91.44000244140625,73.2923583984375,331150,0.0,0.0,0.0
2017-08-15,91.44000244140625,91.45999908447266,91.44000244140625,91.45999908447266,73.3083267211914,192600,0.0,0.0,0.0
2017-08-16,91.45999908447266,91.45999908447266,91.44000244140625,91.44000244140625,73.2923583984375,141250,0.0,0.0,0.0
2017-08-17,91.44000244140625,91.45999908447266,91.44000244140625,91.45999908447266,73.3083267211914,363050,0.0,0.0,0.0
2017-08-18,91.45999908447266,91.45999908447266,91.44000244140625,91.44000244140625,73.2923583984375,230900,0.0,0.0,0.0
2017-08-21,91.45999908447266,91.4800033569336,91.45999908447266,91.45999908447266,73.3083267211914,483800,0.0,0.0,0.0
2017-08-22,91.45999908447266,91.4800033569336,91.45999908447266,91.4800033569336,73.32437133789062,208800,0.0,0.0,0.0
2017-08-23,91.4800033569336,91.4800033569336,91.45999908447266,91.4800033569336,73.32437133789062,292750,0.0,0.0,0.0
2017-08-24,91.45999908447266,91.4800033569336,91.45999908447266,91.4800033569336,73.32437133789062,1055500,0.0,0.0,0.0
2017-08-25,91.45999908447266,91.4800033569336,91.45999908447266,91.45999908447266,73.3083267211914,310550,0.0,0.0,0.0
2017-08-28,91.4800033569336,91.4800033569336,91.45999908447266,91.4800033569336,73.32437133789062,102050,0.0,0.0,0.0
2017-08-29,91.4800033569336,91.5,91.45999908447266,91.4800033569336,73.32437133789062,130450,0.0,0.0,0.0
2017-08-30,91.4800033569336,91.5,91.4800033569336,91.4800033569336,73.32437133789062,291150,0.0,0.0,0.0
2017-08-31,91.4800033569336,91.5,91.4800033569336,91.5,73.34040069580078,1212850,0.0,0.0,0.0
2017-09-01,91.44000244140625,91.44000244140625,91.41999816894531,91.44000244140625,73.34526062011719,373450,0.066,0.0,0.0
2017-09-05,91.44000244140625,91.44000244140625,91.4000015258789,91.4000015258789,73.31315612792969,437850,0.0,0.0,0.0
2017-09-06,91.41999816894531,91.44000244140625,91.41999816894531,91.44000244140625,73.34526062011719,927900,0.0,0.0,0.0
2017-09-07,91.44000244140625,91.44000244140625,91.41999816894531,91.44000244140625,73.34526062011719,159400,0.0,0.0,0.0
2017-09-08,91.41999816894531,91.44000244140625,91.41999816894531,91.41999816894531,73.32917785644531,514550,0.0,0.0,0.0
2017-09-11,91.44000244140625,91.44000244140625,91.41999816894531,91.41999816894531,73.32917785644531,130950,0.0,0.0,0.0
2017-09-12,91.41999816894531,91.45999908447266,91.41999816894531,91.45999908447266,73.36126708984375,257950,0.0,0.0,0.0
2017-09-13,91.44000244140625,91.45999908447266,91.44000244140625,91.45999908447266,73.36126708984375,438200,0.0,0.0,0.0
2017-09-14,91.44000244140625,91.45999908447266,91.44000244140625,91.44000244140625,73.34526062011719,238800,0.0,0.0,0.0
2017-09-15,91.45999908447266,91.45999908447266,91.44000244140625,91.44000244140625,73.34526062011719,96500,0.0,0.0,0.0
2017-09-18,91.45999908447266,91.4800033569336,91.44000244140625,91.44000244140625,73.34526062011719,276400,0.0,0.0,0.0
2017-09-19,91.45999908447266,91.4800033569336,91.44000244140625,91.4800033569336,73.37730407714844,61300,0.0,0.0,0.0
2017-09-20,91.4800033569336,91.4800033569336,91.45999908447266,91.4800033569336,73.37730407714844,129400,0.0,0.0,0.0
2017-09-21,91.45999908447266,91.4800033569336,91.45999908447266,91.4800033569336,73.37730407714844,108000,0.0,0.0,0.0
2017-09-22,91.4800033569336,91.4800033569336,91.45999908447266,91.4800033569336,73.37730407714844,133300,0.0,0.0,0.0
2017-09-25,91.4800033569336,91.4800033569336,91.45999908447266,91.4800033569336,73.37730407714844,158200,0.0,0.0,0.0
2017-09-26,91.45999908447266,91.4800033569336,91.45999908447266,91.4800033569336,73.37730407714844,255800,0.0,0.0,0.0
2017-09-27,91.4800033569336,91.4800033569336,91.45999908447266,91.4800033569336,73.37730407714844,229300,0.0,0.0,0.0
2017-09-28,91.45999908447266,91.4800033569336,91.45999908447266,91.45999908447266,73.36126708984375,76550,0.0,0.0,0.0
2017-09-29,91.4800033569336,91.5,91.45999908447266,91.5,73.39335632324219,173100,0.0,0.0,0.0
2017-10-02,91.44000244140625,91.44000244140625,91.41999816894531,91.44000244140625,73.39661407470703,158800,0.064,0.0,0.0
2017-10-03,91.41999816894531,91.44000244140625,91.41999816894531,91.44000244140625,73.39661407470703,429250,0.0,0.0,0.0
2017-10-04,91.41999816894531,91.44000244140625,91.41999816894531,91.41999816894531,73.3805160522461,1119400,0.0,0.0,0.0
2017-10-05,91.41999816894531,91.44000244140625,91.41999816894531,91.44000244140625,73.39661407470703,186250,0.0,0.0,0.0
2017-10-06,91.44000244140625,91.44000244140625,91.41999816894531,91.41999816894531,73.3805160522461,205400,0.0,0.0,0.0
2017-10-09,91.41999816894531,91.44000244140625,91.41999816894531,91.41999816894531,73.3805160522461,141250,0.0,0.0,0.0
2017-10-10,91.41999816894531,91.44000244140625,91.41999816894531,91.41999816894531,73.3805160522461,264050,0.0,0.0,0.0
2017-10-11,91.44000244140625,91.44000244140625,91.41999816894531,91.41999816894531,73.3805160522461,148300,0.0,0.0,0.0
2017-10-12,91.44000244140625,91.45999908447266,91.41999816894531,91.45999908447266,73.41258239746094,244300,0.0,0.0,0.0
2017-10-13,91.45999908447266,91.45999908447266,91.44000244140625,91.45999908447266,73.41258239746094,78450,0.0,0.0,0.0
2017-10-16,91.44000244140625,91.45999908447266,91.44000244140625,91.44000244140625,73.39661407470703,189900,0.0,0.0,0.0
2017-10-17,91.44000244140625,91.4800033569336,91.44000244140625,91.45999908447266,73.41258239746094,227500,0.0,0.0,0.0
2017-10-18,91.45999908447266,91.4800033569336,91.45999908447266,91.45999908447266,73.41258239746094,64150,0.0,0.0,0.0
2017-10-19,91.45999908447266,91.4800033569336,91.44000244140625,91.45999908447266,73.41258239746094,199850,0.0,0.0,0.0
2017-10-20,91.45999908447266,91.4800033569336,91.45999908447266,91.4800033569336,73.4286880493164,57150,0.0,0.0,0.0
2017-10-23,91.4800033569336,91.4800033569336,91.45999908447266,91.45999908447266,73.41258239746094,136250,0.0,0.0,0.0
2017-10-24,91.45999908447266,91.5,91.45999908447266,91.5,73.44473266601562,157350,0.0,0.0,0.0
2017-10-25,91.4800033569336,91.5,91.4800033569336,91.5,73.44473266601562,293900,0.0,0.0,0.0
2017-10-26,91.4800033569336,91.5,91.4800033569336,91.5,73.44473266601562,301050,0.0,0.0,0.0
2017-10-27,91.4800033569336,91.5,91.4800033569336,91.5,73.44473266601562,1063500,0.0,0.0,0.0
2017-10-30,91.4800033569336,91.5,91.4800033569336,91.4800033569336,73.4286880493164,286950,0.0,0.0,0.0
2017-10-31,91.4800033569336,91.5,91.4800033569336,91.5,73.44473266601562,430350,0.0,0.0,0.0
2017-11-01,91.44000244140625,91.44000244140625,91.41999816894531,91.44000244140625,73.45278930664062,586100,0.07,0.0,0.0
2017-11-02,91.44000244140625,91.44000244140625,91.41999816894531,91.41999816894531,73.43672180175781,137250,0.0,0.0,0.0
2017-11-03,91.41999816894531,91.44000244140625,91.41999816894531,91.41999816894531,73.43672180175781,222550,0.0,0.0,0.0
2017-11-06,91.41999816894531,91.44000244140625,91.41999816894531,91.44000244140625,73.45278930664062,95200,0.0,0.0,0.0
2017-11-07,91.41999816894531,91.44000244140625,91.41999816894531,91.44000244140625,73.45278930664062,89950,0.0,0.0,0.0
2017-11-08,91.44000244140625,91.44000244140625,91.41999816894531,91.44000244140625,73.45278930664062,238750,0.0,0.0,0.0
2017-11-09,91.44000244140625,91.44000244140625,91.41999816894531,91.41999816894531,73.43672180175781,518050,0.0,0.0,0.0
2017-11-10,91.44000244140625,91.45999908447266,91.41999816894531,91.44000244140625,73.45278930664062,278000,0.0,0.0,0.0
2017-11-13,91.45999908447266,91.45999908447266,91.44000244140625,91.44000244140625,73.45278930664062,229800,0.0,0.0,0.0
2017-11-14,91.45999908447266,91.45999908447266,91.44000244140625,91.44000244140625,73.45278930664062,119450,0.0,0.0,0.0
2017-11-15,91.44000244140625,91.45999908447266,91.44000244140625,91.44000244140625,73.45278930664062,278750,0.0,0.0,0.0
2017-11-16,91.44000244140625,91.45999908447266,91.44000244140625,91.45999908447266,73.46881866455078,232900,0.0,0.0,0.0
2017-11-17,91.44000244140625,91.45999908447266,91.44000244140625,91.44000244140625,73.45278930664062,164550,0.0,0.0,0.0
2017-11-20,91.44000244140625,91.4800033569336,91.44000244140625,91.45999908447266,73.46881866455078,372450,0.0,0.0,0.0
2017-11-21,91.45999908447266,91.4800033569336,91.44000244140625,91.4800033569336,73.48490142822266,259000,0.0,0.0,0.0
2017-11-22,91.45999908447266,91.4800033569336,91.45999908447266,91.4800033569336,73.48490142822266,153600,0.0,0.0,0.0
2017-11-24,91.4800033569336,91.5,91.45999908447266,91.45999908447266,73.46881866455078,577050,0.0,0.0,0.0
2017-11-27,91.45999908447266,91.4800033569336,91.45999908447266,91.45999908447266,73.46881866455078,373900,0.0,0.0,0.0
2017-11-28,91.45999908447266,91.5,91.45999908447266,91.5,73.50096130371094,244700,0.0,0.0,0.0
2017-11-29,91.4800033569336,91.5,91.45999908447266,91.4800033569336,73.48490142822266,366300,0.0,0.0,0.0
2017-11-30,91.5,91.5,91.4800033569336,91.4800033569336,73.48490142822266,288000,0.0,0.5,0.0
2017-12-01,91.43000030517578,91.43000030517578,91.41999816894531,91.41999816894531,73.48975372314453,283200,0.066,0.0,0.0
2017-12-04,91.41999816894531,91.43000030517578,91.41999816894531,91.43000030517578,73.49776458740234,142700,0.0,0.0,0.0
2017-12-05,91.43000030517578,91.44000244140625,91.41999816894531,91.44000244140625,73.50580596923828,532500,0.0,0.0,0.0
2017-12-06,91.44000244140625,91.44000244140625,91.43000030517578,91.43000030517578,73.49776458740234,544900,0.0,0.0,0.0
2017-12-07,91.43000030517578,91.44000244140625,91.43000030517578,91.44000244140625,73.50580596923828,145100,0.0,0.0,0.0
2017-12-08,91.44000244140625,91.44999694824219,91.43000030517578,91.44999694824219,73.51383209228516,196100,0.0,0.0,0.0
2017-12-11,91.44999694824219,91.44999694824219,91.44000244140625,91.44000244140625,73.50580596923828,138900,0.0,0.0,0.0
2017-12-12,91.45999908447266,91.45999908447266,91.44000244140625,91.44999694824219,73.51383209228516,184900,0.0,0.0,0.0
2017-12-13,91.44999694824219,91.44999694824219,91.44000244140625,91.44000244140625,73.50580596923828,375100,0.0,0.0,0.0
2017-12-14,91.44999694824219,91.45999908447266,91.44000244140625,91.44999694824219,73.51383209228516,143000,0.0,0.0,0.0
2017-12-15,91.44999694824219,91.45999908447266,91.44999694824219,91.45999908447266,73.52188110351562,389600,0.0,0.0,0.0
2017-12-18,91.44999694824219,91.47000122070312,91.44999694824219,91.47000122070312,73.52989959716797,288500,0.0,0.0,0.0
2017-12-19,91.37999725341797,91.38999938964844,91.37000274658203,91.38999938964844,73.53150939941406,287600,0.082,0.0,0.0
2017-12-20,91.37000274658203,91.38999938964844,91.37000274658203,91.38999938964844,73.53150939941406,614200,0.0,0.0,0.0
2017-12-21,91.37999725341797,91.4000015258789,91.37999725341797,91.38999938964844,73.53150939941406,233500,0.0,0.0,0.0
2017-12-22,91.4000015258789,91.41000366210938,91.38999938964844,91.41000366210938,73.54761505126953,1997600,0.0,0.0,0.0
2017-12-26,91.41000366210938,91.41000366210938,91.4000015258789,91.4000015258789,73.5395736694336,498300,0.0,0.0,0.0
2017-12-27,91.41000366210938,91.41999816894531,91.4000015258789,91.41999816894531,73.55569458007812,320100,0.0,0.0,0.0
2017-12-28,91.41000366210938,91.41999816894531,91.41000366210938,91.41999816894531,73.55569458007812,366100,0.0,0.0,0.0
2017-12-29,91.41000366210938,91.43000030517578,91.4000015258789,91.4000015258789,73.5395736694336,414600,0.0,0.0,0.0
2018-01-02,91.41000366210938,91.43000030517578,91.41000366210938,91.41000366210938,73.54761505126953,790000,0.0,0.0,0.0
2018-01-03,91.43000030517578,91.43000030517578,91.41999816894531,91.43000030517578,73.56373596191406,218300,0.0,0.0,0.0
2018-01-04,91.44000244140625,91.44000244140625,91.41999816894531,91.44000244140625,73.57177734375,1098100,0.0,0.0,0.0
2018-01-05,91.43000030517578,91.44000244140625,91.43000030517578,91.44000244140625,73.57177734375,247600,0.0,0.0,0.0
2018-01-08,91.43000030517578,91.44999694824219,91.43000030517578,91.44999694824219,73.57979583740234,199800,0.0,0.0,0.0
2018-01-09,91.43000030517578,91.44999694824219,91.43000030517578,91.44999694824219,73.57979583740234,185900,0.0,0.0,0.0
2018-01-10,91.44000244140625,91.44999694824219,91.44000244140625,91.44999694824219,73.57979583740234,222400,0.0,0.0,0.0
2018-01-11,91.44999694824219,91.45999908447266,91.44000244140625,91.44000244140625,73.57177734375,163800,0.0,0.0,0.0
2018-01-12,91.45999908447266,91.47000122070312,91.44999694824219,91.47000122070312,73.59589385986328,531300,0.0,0.0,0.0
2018-01-16,91.44999694824219,91.45999908447266,91.44999694824219,91.44999694824219,73.57979583740234,280200,0.0,0.0,0.0
2018-01-17,91.44999694824219,91.47000122070312,91.44999694824219,91.47000122070312,73.59589385986328,229000,0.0,0.0,0.0
2018-01-18,91.45999908447266,91.47000122070312,91.45999908447266,91.47000122070312,73.59589385986328,238900,0.0,0.0,0.0
2018-01-19,91.47000122070312,91.4800033569336,91.47000122070312,91.4800033569336,73.60393524169922,273300,0.0,0.0,0.0
2018-01-22,91.48999786376953,91.48999786376953,91.4800033569336,91.48999786376953,73.61200714111328,285200,0.0,0.0,0.0
2018-01-23,91.48999786376953,91.48999786376953,91.4800033569336,91.48999786376953,73.61200714111328,706900,0.0,0.0,0.0
2018-01-24,91.5,91.5,91.4800033569336,91.5,73.6199951171875,214600,0.0,0.0,0.0
2018-01-25,91.5,91.5,91.48999786376953,91.5,73.6199951171875,493200,0.0,0.0,0.0
2018-01-26,91.5,91.5199966430664,91.5,91.5199966430664,73.6361312866211,430600,0.0,0.0,0.0
2018-01-29,91.5199966430664,91.5199966430664,91.5,91.5,73.6199951171875,696400,0.0,0.0,0.0
2018-01-30,91.48999786376953,91.5199966430664,91.48999786376953,91.51000213623047,73.62808990478516,581300,0.0,0.0,0.0
2018-01-31,91.51000213623047,91.5199966430664,91.51000213623047,91.5199966430664,73.6361312866211,258900,0.0,0.0,0.0
2018-02-01,91.41000366210938,91.44000244140625,91.41000366210938,91.43000030517578,73.63292694091797,1016400,0.086,0.0,0.0
2018-02-02,91.44000244140625,91.44000244140625,91.43000030517578,91.44000244140625,73.6409683227539,459100,0.0,0.0,0.0
2018-02-05,91.44999694824219,91.44999694824219,91.43000030517578,91.43000030517578,73.63292694091797,757000,0.0,0.0,0.0
2018-02-06,91.41999816894531,91.44999694824219,91.41999816894531,91.44000244140625,73.6409683227539,1558600,0.0,0.0,0.0
2018-02-07,91.43000030517578,91.5,91.41000366210938,91.44999694824219,73.64903259277344,1294900,0.0,0.0,0.0
2018-02-08,91.43000030517578,91.45999908447266,91.43000030517578,91.44000244140625,73.6409683227539,1547200,0.0,0.0,0.0
2018-02-09,91.43000030517578,91.45999908447266,91.43000030517578,91.45999908447266,73.65705108642578,2932600,0.0,0.0,0.0
2018-02-12,91.45999908447266,91.45999908447266,91.44999694824219,91.45999908447266,73.65705108642578,2039300,0.0,0.0,0.0
2018-02-13,91.44000244140625,91.47000122070312,91.44000244140625,91.45999908447266,73.65705108642578,4352400,0.0,0.0,0.0
2018-02-14,91.44999694824219,91.45999908447266,91.44999694824219,91.45999908447266,73.65705108642578,549700,0.0,0.0,0.0
2018-02-15,91.47000122070312,91.47000122070312,91.44999694824219,91.47000122070312,73.66509246826172,924900,0.0,0.0,0.0
2018-02-16,91.45999908447266,91.4800033569336,91.45999908447266,91.4800033569336,73.67314147949219,920500,0.0,0.0,0.0
2018-02-20,91.47000122070312,91.4800033569336,91.45999908447266,91.4800033569336,73.67314147949219,590100,0.0,0.0,0.0
2018-02-21,91.4800033569336,91.4800033569336,91.47000122070312,91.47000122070312,73.66509246826172,1012400,0.0,0.0,0.0
2018-02-22,91.4800033569336,91.48999786376953,91.47000122070312,91.4800033569336,73.67314147949219,468700,0.0,0.0,0.0
2018-02-23,91.48999786376953,91.5,91.4800033569336,91.5,73.68927001953125,2653500,0.0,0.0,0.0
2018-02-26,91.48999786376953,91.5,91.4800033569336,91.4800033569336,73.67314147949219,2981600,0.0,0.0,0.0
2018-02-27,91.4800033569336,91.5,91.4800033569336,91.5,73.68927001953125,373600,0.0,0.0,0.0
2018-02-28,91.5,91.51000213623047,91.48999786376953,91.51000213623047,73.6973648071289,882200,0.0,0.0,0.0
2018-03-01,91.41999816894531,91.44000244140625,91.41999816894531,91.44000244140625,73.70458984375,1260500,0.079,0.0,0.0
2018-03-02,91.43000030517578,91.44999694824219,91.43000030517578,91.44999694824219,73.712646484375,1353900,0.0,0.0,0.0
2018-03-05,91.44999694824219,91.44999694824219,91.43000030517578,91.44999694824219,73.712646484375,849200,0.0,0.0,0.0
2018-03-06,91.44999694824219,91.44999694824219,91.43000030517578,91.44999694824219,73.712646484375,232700,0.0,0.0,0.0
2018-03-07,91.44000244140625,91.44999694824219,91.44000244140625,91.44999694824219,73.712646484375,978700,0.0,0.0,0.0
2018-03-08,91.44000244140625,91.44999694824219,91.44000244140625,91.44000244140625,73.70458984375,257400,0.0,0.0,0.0
2018-03-09,91.44999694824219,91.47000122070312,91.44999694824219,91.45999908447266,73.7206802368164,596500,0.0,0.0,0.0
2018-03-12,91.47000122070312,91.47000122070312,91.44999694824219,91.47000122070312,73.72874450683594,506300,0.0,0.0,0.0
2018-03-13,91.44999694824219,91.47000122070312,91.44999694824219,91.47000122070312,73.72874450683594,469400,0.0,0.0,0.0
2018-03-14,91.44999694824219,91.47000122070312,91.44999694824219,91.47000122070312,73.72874450683594,245000,0.0,0.0,0.0
2018-03-15,91.47000122070312,91.47000122070312,91.45999908447266,91.45999908447266,73.7206802368164,863800,0.0,0.0,0.0
2018-03-16,91.47000122070312,91.4800033569336,91.47000122070312,91.4800033569336,73.7368392944336,1216900,0.0,0.0,0.0
2018-03-19,91.47000122070312,91.48999786376953,91.47000122070312,91.4800033569336,73.7368392944336,466100,0.0,0.0,0.0
2018-03-20,91.4800033569336,91.48999786376953,91.47000122070312,91.47000122070312,73.72874450683594,444500,0.0,0.0,0.0
2018-03-21,91.4800033569336,91.48999786376953,91.4800033569336,91.48999786376953,73.74488067626953,336300,0.0,0.0,0.0
2018-03-22,91.4800033569336,91.5,91.4800033569336,91.5,73.75296020507812,305600,0.0,0.0,0.0
2018-03-23,91.5,91.51000213623047,91.5,91.51000213623047,73.7610092163086,633100,0.0,0.0,0.0
2018-03-26,91.5,91.51000213623047,91.5,91.5,73.75296020507812,451300,0.0,0.0,0.0
2018-03-27,91.5199966430664,91.5199966430664,91.5,91.5199966430664,73.76908111572266,1357300,0.0,0.0,0.0
2018-03-28,91.5199966430664,91.52999877929688,91.5199966430664,91.52999877929688,73.77713012695312,3030200,0.0,0.0,0.0
2018-03-29,91.52999877929688,91.55000305175781,91.52999877929688,91.55000305175781,73.79327392578125,737400,0.0,0.0,0.0
2018-04-02,91.44000244140625,91.44000244140625,91.41999816894531,91.44000244140625,73.78921508789062,1681600,0.105,0.0,0.0
2018-04-03,91.44000244140625,91.44000244140625,91.43000030517578,91.43000030517578,73.78113555908203,1893300,0.0,0.0,0.0
2018-04-04,91.43000030517578,91.44999694824219,91.43000030517578,91.44999694824219,73.79727935791016,3535400,0.0,0.0,0.0
2018-04-05,91.45999908447266,91.45999908447266,91.44999694824219,91.45999908447266,73.80533599853516,2245800,0.0,0.0,0.0
2018-04-06,91.45999908447266,91.45999908447266,91.44999694824219,91.45999908447266,73.80533599853516,310400,0.0,0.0,0.0
2018-04-09,91.47000122070312,91.47000122070312,91.45999908447266,91.47000122070312,73.81341552734375,238500,0.0,0.0,0.0
2018-04-10,91.47000122070312,91.47000122070312,91.45999908447266,91.45999908447266,73.80533599853516,491300,0.0,0.0,0.0
2018-04-11,91.4800033569336,91.4800033569336,91.47000122070312,91.4800033569336,73.82149505615234,249300,0.0,0.0,0.0
2018-04-12,91.47000122070312,91.4800033569336,91.47000122070312,91.4800033569336,73.82149505615234,8103700,0.0,0.0,0.0
2018-04-13,91.4800033569336,91.48999786376953,91.4800033569336,91.4800033569336,73.82149505615234,287900,0.0,0.0,0.0
2018-04-16,91.5,91.5,91.4800033569336,91.5,73.837646484375,321100,0.0,0.0,0.0
2018-04-17,91.48999786376953,91.5,91.48999786376953,91.5,73.837646484375,3475000,0.0,0.0,0.0
2018-04-18,91.5,91.5,91.48999786376953,91.48999786376953,73.8295669555664,277900,0.0,0.0,0.0
2018-04-19,91.51000213623047,91.51000213623047,91.5,91.51000213623047,73.845703125,473200,0.0,0.0,0.0
2018-04-20,91.5,91.5199966430664,91.5,91.51000213623047,73.845703125,264000,0.0,0.0,0.0
2018-04-23,91.51000213623047,91.5199966430664,91.51000213623047,91.51000213623047,73.845703125,1125900,0.0,0.0,0.0
2018-04-24,91.51000213623047,91.52999877929688,91.51000213623047,91.5199966430664,73.8537826538086,1031600,0.0,0.0,0.0
2018-04-25,91.5199966430664,91.52999877929688,91.5199966430664,91.52999877929688,73.86180877685547,1001600,0.0,0.0,0.0
2018-04-26,91.52999877929688,91.55000305175781,91.52999877929688,91.54000091552734,73.86992645263672,1484300,0.0,0.0,0.0
2018-04-27,91.54000091552734,91.55000305175781,91.54000091552734,91.55000305175781,73.87799072265625,295500,0.0,0.0,0.0
2018-04-30,91.55000305175781,91.55000305175781,91.54000091552734,91.54000091552734,73.86992645263672,325900,0.0,0.0,0.0
2018-05-01,91.43000030517578,91.44999694824219,91.43000030517578,91.44000244140625,73.87557983398438,1429800,0.107,0.0,0.0
2018-05-02,91.44000244140625,91.44999694824219,91.44000244140625,91.44999694824219,73.88365173339844,398200,0.0,0.0,0.0
2018-05-03,91.45999908447266,91.45999908447266,91.44999694824219,91.44999694824219,73.88365173339844,3642700,0.0,0.0,0.0
2018-05-04,91.47000122070312,91.47000122070312,91.45999908447266,91.47000122070312,73.89981079101562,1208100,0.0,0.0,0.0
2018-05-07,91.45999908447266,91.47000122070312,91.45999908447266,91.47000122070312,73.89981079101562,365500,0.0,0.0,0.0
2018-05-08,91.47000122070312,91.4800033569336,91.47000122070312,91.4800033569336,73.90788269042969,432900,0.0,0.0,0.0
2018-05-09,91.45999908447266,91.4800033569336,91.45999908447266,91.4800033569336,73.90788269042969,807900,0.0,0.0,0.0
2018-05-10,91.4800033569336,91.48999786376953,91.4800033569336,91.4800033569336,73.90788269042969,4673600,0.0,0.0,0.0
2018-05-11,91.5,91.5,91.4800033569336,91.4800033569336,73.90788269042969,348900,0.0,0.0,0.0
2018-05-14,91.4800033569336,91.5,91.4800033569336,91.4800033569336,73.90788269042969,897600,0.0,0.0,0.0
2018-05-15,91.48999786376953,91.5,91.48999786376953,91.5,73.92403411865234,1825800,0.0,0.0,0.0
2018-05-16,91.5,91.51000213623047,91.48999786376953,91.51000213623047,73.93212127685547,1147500,0.0,0.0,0.0
2018-05-17,91.51000213623047,91.51000213623047,91.5,91.51000213623047,73.93212127685547,2799200,0.0,0.0,0.0
2018-05-18,91.5199966430664,91.5199966430664,91.51000213623047,91.5199966430664,73.94020080566406,1550100,0.0,0.0,0.0
2018-05-21,91.5199966430664,91.52999877929688,91.51000213623047,91.5199966430664,73.94020080566406,509500,0.0,0.0,0.0
2018-05-22,91.52999877929688,91.52999877929688,91.5199966430664,91.5199966430664,73.94020080566406,587800,0.0,0.0,0.0
2018-05-23,91.54000091552734,91.54000091552734,91.5199966430664,91.52999877929688,73.94828796386719,244900,0.0,0.0,0.0
2018-05-24,91.54000091552734,91.55000305175781,91.54000091552734,91.55000305175781,73.96446228027344,260000,0.0,0.0,0.0
2018-05-25,91.55000305175781,91.55999755859375,91.55000305175781,91.55999755859375,73.97249603271484,479400,0.0,0.0,0.0
2018-05-29,91.55000305175781,91.55999755859375,91.55000305175781,91.55999755859375,73.97249603271484,845400,0.0,0.0,0.0
2018-05-30,91.55000305175781,91.55999755859375,91.55000305175781,91.55000305175781,73.96446228027344,450400,0.0,0.0,0.0
2018-05-31,91.58000183105469,91.58000183105469,91.55999755859375,91.56999969482422,73.98063659667969,901800,0.0,0.0,0.0
2018-06-01,91.44999694824219,91.44999694824219,91.44000244140625,91.44999694824219,73.9854736328125,707400,0.126,0.0,0.0
2018-06-04,91.44999694824219,91.45999908447266,91.44999694824219,91.45999908447266,73.99349975585938,1174100,0.0,0.0,0.0
2018-06-05,91.45999908447266,91.45999908447266,91.44999694824219,91.45999908447266,73.99349975585938,726900,0.0,0.0,0.0
2018-06-06,91.45999908447266,91.45999908447266,91.44999694824219,91.44999694824219,73.9854736328125,594200,0.0,0.0,0.0
2018-06-07,91.45999908447266,91.4800033569336,91.45999908447266,91.45999908447266,73.99349975585938,1595100,0.0,0.0,0.0
2018-06-08,91.4800033569336,91.4800033569336,91.47000122070312,91.4800033569336,74.00973510742188,323200,0.0,0.0,0.0
2018-06-11,91.4800033569336,91.48999786376953,91.47000122070312,91.48999786376953,74.01780700683594,871700,0.0,0.0,0.0
2018-06-12,91.48999786376953,91.48999786376953,91.4800033569336,91.48999786376953,74.01780700683594,1142100,0.0,0.0,0.0
2018-06-13,91.4800033569336,91.5,91.4800033569336,91.4800033569336,74.00973510742188,244100,0.0,0.0,0.0
2018-06-14,91.5,91.51000213623047,91.5,91.51000213623047,74.03398132324219,440900,0.0,0.0,0.0
2018-06-15,91.51000213623047,91.51000213623047,91.5,91.51000213623047,74.03398132324219,255400,0.0,0.0,0.0
2018-06-18,91.5199966430664,91.5199966430664,91.5,91.5,74.02589416503906,1502900,0.0,0.0,0.0
2018-06-19,91.5199966430664,91.5199966430664,91.51000213623047,91.5199966430664,74.04208374023438,207800,0.0,0.0,0.0
2018-06-20,91.52999877929688,91.52999877929688,91.51000213623047,91.51000213623047,74.03398132324219,616100,0.0,0.0,0.0
2018-06-21,91.54000091552734,91.54000091552734,91.5199966430664,91.5199966430664,74.04208374023438,782600,0.0,0.0,0.0
2018-06-22,91.54000091552734,91.54000091552734,91.52999877929688,91.52999877929688,74.05018615722656,289400,0.0,0.0,0.0
2018-06-25,91.55000305175781,91.55000305175781,91.54000091552734,91.55000305175781,74.06637573242188,1069700,0.0,0.0,0.0
2018-06-26,91.54000091552734,91.55999755859375,91.54000091552734,91.54000091552734,74.05825805664062,908600,0.0,0.0,0.0
2018-06-27,91.55999755859375,91.55999755859375,91.55000305175781,91.55999755859375,74.07442474365234,326100,0.0,0.0,0.0
2018-06-28,91.55999755859375,91.56999969482422,91.55999755859375,91.55999755859375,74.07442474365234,467100,0.0,0.0,0.0
2018-06-29,91.58000183105469,91.58000183105469,91.56999969482422,91.58000183105469,74.09063720703125,811600,0.0,0.0,0.0
2018-07-02,91.44999694824219,91.45999908447266,91.44000244140625,91.44000244140625,74.08010864257812,1826900,0.127,0.0,0.0
2018-07-03,91.44999694824219,91.45999908447266,91.44999694824219,91.45999908447266,74.09624481201172,1022400,0.0,0.0,0.0
2018-07-05,91.45999908447266,91.47000122070312,91.45999908447266,91.45999908447266,74.09624481201172,1033600,0.0,0.0,0.0
2018-07-06,91.47000122070312,91.4800033569336,91.47000122070312,91.4800033569336,74.11250305175781,1050600,0.0,0.0,0.0
2018-07-09,91.47000122070312,91.48999786376953,91.47000122070312,91.4800033569336,74.11250305175781,388200,0.0,0.0,0.0
2018-07-10,91.48999786376953,91.48999786376953,91.47000122070312,91.48999786376953,74.12059783935547,468100,0.0,0.0,0.0
2018-07-11,91.4800033569336,91.48999786376953,91.4800033569336,91.48999786376953,74.12059783935547,960700,0.0,0.0,0.0
2018-07-12,91.48999786376953,91.51000213623047,91.48999786376953,91.48999786376953,74.12059783935547,639200,0.0,0.0,0.0
2018-07-13,91.51000213623047,91.51000213623047,91.5,91.5,74.12869262695312,628900,0.0,0.0,0.0
2018-07-16,91.51000213623047,91.51000213623047,91.5,91.51000213623047,74.13679504394531,377800,0.0,0.0,0.0
2018-07-17,91.5199966430664,91.5199966430664,91.5,91.51000213623047,74.13679504394531,862800,0.0,0.0,0.0
2018-07-18,91.51000213623047,91.5199966430664,91.51000213623047,91.5199966430664,74.14488983154297,437400,0.0,0.0,0.0
2018-07-19,91.5199966430664,91.54000091552734,91.5199966430664,91.52999877929688,74.15302276611328,352200,0.0,0.0,0.0
2018-07-20,91.54000091552734,91.54000091552734,91.52999877929688,91.54000091552734,74.1611099243164,1845000,0.0,0.0,0.0
2018-07-23,91.55000305175781,91.55000305175781,91.52999877929688,91.52999877929688,74.15302276611328,293200,0.0,0.0,0.0
2018-07-24,91.54000091552734,91.55000305175781,91.54000091552734,91.55000305175781,74.16922760009766,450100,0.0,0.0,0.0
2018-07-25,91.55000305175781,91.55000305175781,91.54000091552734,91.54000091552734,74.1611099243164,316000,0.0,0.0,0.0
2018-07-26,91.56999969482422,91.56999969482422,91.55000305175781,91.55000305175781,74.16922760009766,269600,0.0,0.0,0.0
2018-07-27,91.56999969482422,91.56999969482422,91.55999755859375,91.56999969482422,74.1854476928711,457400,0.0,0.0,0.0
2018-07-30,91.58000183105469,91.58000183105469,91.55999755859375,91.55999755859375,74.17727661132812,377100,0.0,0.0,0.0
2018-07-31,91.58000183105469,91.58000183105469,91.56999969482422,91.58000183105469,74.19351959228516,778700,0.0,0.0,0.0
2018-08-01,91.44000244140625,91.44999694824219,91.44000244140625,91.44999694824219,74.19759368896484,1117200,0.135,0.0,0.0
2018-08-02,91.45999908447266,91.45999908447266,91.44999694824219,91.45999908447266,74.20563507080078,691800,0.0,0.0,0.0
2018-08-03,91.45999908447266,91.47000122070312,91.44999694824219,91.45999908447266,74.20563507080078,353500,0.0,0.0,0.0
2018-08-06,91.4800033569336,91.4800033569336,91.45999908447266,91.47000122070312,74.21380615234375,710200,0.0,0.0,0.0
2018-08-07,91.4800033569336,91.4800033569336,91.45999908447266,91.4800033569336,74.221923828125,660800,0.0,0.0,0.0
2018-08-08,91.4800033569336,91.4800033569336,91.47000122070312,91.47000122070312,74.21380615234375,741400,0.0,0.0,0.0
2018-08-09,91.4800033569336,91.48999786376953,91.4800033569336,91.4800033569336,74.221923828125,340500,0.0,0.0,0.0
2018-08-10,91.5,91.5,91.48999786376953,91.5,74.23812866210938,287400,0.0,0.0,0.0
2018-08-13,91.51000213623047,91.51000213623047,91.5,91.51000213623047,74.24624633789062,664500,0.0,0.0,0.0
2018-08-14,91.51000213623047,91.51000213623047,91.48999786376953,91.48999786376953,74.23001098632812,339800,0.0,0.0,0.0
2018-08-15,91.5,91.51000213623047,91.5,91.51000213623047,74.24624633789062,533000,0.0,0.0,0.0
2018-08-16,91.5199966430664,91.52999877929688,91.51000213623047,91.51000213623047,74.24624633789062,539800,0.0,0.0,0.0
2018-08-17,91.5199966430664,91.52999877929688,91.5199966430664,91.5199966430664,74.25436401367188,656600,0.0,0.0,0.0
2018-08-20,91.5199966430664,91.52999877929688,91.5199966430664,91.5199966430664,74.25436401367188,600900,0.0,0.0,0.0
2018-08-21,91.54000091552734,91.54000091552734,91.52999877929688,91.52999877929688,74.26249694824219,354100,0.0,0.0,0.0
2018-08-22,91.54000091552734,91.54000091552734,91.52999877929688,91.52999877929688,74.26249694824219,735700,0.0,0.0,0.0
2018-08-23,91.55999755859375,91.55999755859375,91.54000091552734,91.55999755859375,74.28678894042969,1007000,0.0,0.0,0.0
2018-08-24,91.55999755859375,91.55999755859375,91.55000305175781,91.55999755859375,74.28678894042969,229800,0.0,0.0,0.0
2018-08-27,91.55999755859375,91.56999969482422,91.55000305175781,91.56999969482422,74.29496765136719,323800,0.0,0.0,0.0
2018-08-28,91.55999755859375,91.56999969482422,91.55999755859375,91.56999969482422,74.29496765136719,610700,0.0,0.0,0.0
2018-08-29,91.58000183105469,91.58000183105469,91.55999755859375,91.55999755859375,74.28678894042969,908800,0.0,0.0,0.0
2018-08-30,91.58000183105469,91.5999984741211,91.58000183105469,91.5999984741211,74.31929779052734,748500,0.0,0.0,0.0
2018-08-31,91.58999633789062,91.5999984741211,91.58999633789062,91.58999633789062,74.31114959716797,494800,0.0,0.0,0.0
2018-09-04,91.44999694824219,91.45999908447266,91.44999694824219,91.45999908447266,74.31761932373047,973900,0.138,0.0,0.0
2018-09-05,91.45999908447266,91.47000122070312,91.44999694824219,91.44999694824219,74.30953979492188,883300,0.0,0.0,0.0
2018-09-06,91.4800033569336,91.4800033569336,91.47000122070312,91.47000122070312,74.3257827758789,1809500,0.0,0.0,0.0
2018-09-07,91.4800033569336,91.48999786376953,91.4800033569336,91.48999786376953,74.34202575683594,472300,0.0,0.0,0.0
2018-09-10,91.4800033569336,91.48999786376953,91.4800033569336,91.48999786376953,74.34202575683594,593200,0.0,0.0,0.0
2018-09-11,91.4800033569336,91.5,91.4800033569336,91.5,74.35015869140625,1580300,0.0,0.0,0.0
2018-09-12,91.48999786376953,91.5,91.48999786376953,91.5,74.35015869140625,757500,0.0,0.0,0.0
2018-09-13,91.5199966430664,91.5199966430664,91.5,91.5,74.35015869140625,458700,0.0,0.0,0.0
2018-09-14,91.5199966430664,91.5199966430664,91.51000213623047,91.51000213623047,74.35828399658203,1126400,0.0,0.0,0.0
2018-09-17,91.51000213623047,91.52999877929688,91.51000213623047,91.52999877929688,74.37454986572266,639100,0.0,0.0,0.0
2018-09-18,91.52999877929688,91.52999877929688,91.5199966430664,91.52999877929688,74.37454986572266,457500,0.0,0.0,0.0
2018-09-19,91.5199966430664,91.52999877929688,91.5199966430664,91.52999877929688,74.37454986572266,942300,0.0,0.0,0.0
2018-09-20,91.54000091552734,91.55000305175781,91.54000091552734,91.55000305175781,74.39082336425781,448700,0.0,0.0,0.0
2018-09-21,91.54000091552734,91.55000305175781,91.54000091552734,91.55000305175781,74.39082336425781,274400,0.0,0.0,0.0
2018-09-24,91.55000305175781,91.55999755859375,91.55000305175781,91.55999755859375,74.39888763427734,1329600,0.0,0.0,0.0
2018-09-25,91.55000305175781,91.55999755859375,91.55000305175781,91.55999755859375,74.39888763427734,662400,0.0,0.0,0.0
2018-09-26,91.56999969482422,91.56999969482422,91.55999755859375,91.55999755859375,74.39888763427734,256900,0.0,0.0,0.0
2018-09-27,91.58000183105469,91.58000183105469,91.56999969482422,91.58000183105469,74.41516876220703,343000,0.0,0.0,0.0
2018-09-28,91.56999969482422,91.58000183105469,91.56999969482422,91.58000183105469,74.41516876220703,409800,0.0,0.0,0.0
2018-10-01,91.44000244140625,91.44000244140625,91.43000030517578,91.44000244140625,74.4200668334961,3788900,0.146,0.0,0.0
2018-10-02,91.44000244140625,91.44999694824219,91.44000244140625,91.44999694824219,74.42818450927734,584800,0.0,0.0,0.0
2018-10-03,91.44999694824219,91.44999694824219,91.44000244140625,91.44999694824219,74.42818450927734,380100,0.0,0.0,0.0
2018-10-04,91.47000122070312,91.47000122070312,91.45999908447266,91.47000122070312,74.44445037841797,1154500,0.0,0.0,0.0
2018-10-05,91.4800033569336,91.4800033569336,91.47000122070312,91.4800033569336,74.45259857177734,4664400,0.0,0.0,0.0
2018-10-08,91.4800033569336,91.4800033569336,91.47000122070312,91.4800033569336,74.45259857177734,638800,0.0,0.0,0.0
2018-10-09,91.4800033569336,91.4800033569336,91.47000122070312,91.47000122070312,74.44445037841797,506400,0.0,0.0,0.0
2018-10-10,91.48999786376953,91.48999786376953,91.4800033569336,91.48999786376953,74.46076202392578,2091100,0.0,0.0,0.0
2018-10-11,91.5,91.5,91.48999786376953,91.5,74.46890258789062,1687600,0.0,0.0,0.0
2018-10-12,91.5,91.51000213623047,91.5,91.5,74.46890258789062,741500,0.0,0.0,0.0
2018-10-15,91.51000213623047,91.51000213623047,91.5,91.51000213623047,74.47703552246094,4029300,0.0,0.0,0.0
2018-10-16,91.51000213623047,91.5199966430664,91.51000213623047,91.5199966430664,74.48514556884766,1265500,0.0,0.0,0.0
2018-10-17,91.51000213623047,91.5199966430664,91.51000213623047,91.5199966430664,74.48514556884766,6981000,0.0,0.0,0.0
2018-10-18,91.52999877929688,91.52999877929688,91.5199966430664,91.5199966430664,74.48514556884766,733900,0.0,0.0,0.0
2018-10-19,91.52999877929688,91.54000091552734,91.52999877929688,91.52999877929688,74.4932861328125,693400,0.0,0.0,0.0
2018-10-22,91.52999877929688,91.55000305175781,91.52999877929688,91.55000305175781,74.50959777832031,746900,0.0,0.0,0.0
2018-10-23,91.52999877929688,91.55000305175781,91.52999877929688,91.55000305175781,74.50959777832031,1982600,0.0,0.0,0.0
2018-10-24,91.55999755859375,91.55999755859375,91.55000305175781,91.55999755859375,74.51771545410156,1071600,0.0,0.0,0.0
2018-10-25,91.55999755859375,91.58000183105469,91.55999755859375,91.56999969482422,74.52587127685547,3574800,0.0,0.0,0.0
2018-10-26,91.58000183105469,91.58000183105469,91.56999969482422,91.58000183105469,74.53398895263672,6698900,0.0,0.0,0.0
2018-10-29,91.58000183105469,91.58000183105469,91.56999969482422,91.58000183105469,74.53398895263672,1477400,0.0,0.0,0.0
2018-10-30,91.58999633789062,91.58999633789062,91.58000183105469,91.58000183105469,74.53398895263672,1303100,0.0,0.0,0.0
2018-10-31,91.58999633789062,91.58999633789062,91.58000183105469,91.58999633789062,74.54212951660156,2389400,0.0,0.0,0.0
2018-11-01,91.45999908447266,91.45999908447266,91.44999694824219,91.45999908447266,74.55841827392578,2666600,0.15,0.0,0.0
2018-11-02,91.44999694824219,91.45999908447266,91.44999694824219,91.45999908447266,74.55841827392578,2036700,0.0,0.0,0.0
2018-11-05,91.45999908447266,91.47000122070312,91.45999908447266,91.47000122070312,74.56658172607422,2684100,0.0,0.0,0.0
2018-11-06,91.47000122070312,91.47000122070312,91.45999908447266,91.47000122070312,74.56658172607422,1105200,0.0,0.0,0.0
2018-11-07,91.4800033569336,91.4800033569336,91.47000122070312,91.4800033569336,74.5747299194336,1135100,0.0,0.0,0.0
2018-11-08,91.48999786376953,91.51000213623047,91.48999786376953,91.48999786376953,74.58290100097656,1624800,0.0,0.0,0.0
2018-11-09,91.5,91.51000213623047,91.48999786376953,91.51000213623047,74.59921264648438,3348300,0.0,0.0,0.0
2018-11-12,91.51000213623047,91.51000213623047,91.5,91.5,74.59104919433594,601500,0.0,0.0,0.0
2018-11-13,91.5,91.51000213623047,91.5,91.51000213623047,74.59921264648438,802200,0.0,0.0,0.0
2018-11-14,91.51000213623047,91.51000213623047,91.5,91.5,74.59104919433594,2459500,0.0,0.0,0.0
2018-11-15,91.52999877929688,91.52999877929688,91.5199966430664,91.52999877929688,74.6155014038086,1448300,0.0,0.0,0.0
2018-11-16,91.54000091552734,91.54000091552734,91.52999877929688,91.54000091552734,74.62366485595703,7584300,0.0,0.0,0.0
2018-11-19,91.54000091552734,91.54000091552734,91.52999877929688,91.52999877929688,74.6155014038086,1754300,0.0,0.0,0.0
2018-11-20,91.55000305175781,91.55000305175781,91.54000091552734,91.55000305175781,74.63179779052734,5355400,0.0,0.0,0.0
2018-11-21,91.58000183105469,91.58000183105469,91.55999755859375,91.56999969482422,74.64812469482422,1683200,0.0,0.0,0.0
2018-11-23,91.56999969482422,91.58000183105469,91.55999755859375,91.56999969482422,74.64812469482422,544500,0.0,0.0,0.0
2018-11-26,91.58000183105469,91.58000183105469,91.56999969482422,91.58000183105469,74.65626525878906,945300,0.0,0.0,0.0
2018-11-27,91.58000183105469,91.58999633789062,91.56999969482422,91.58000183105469,74.65626525878906,701300,0.0,0.0,0.0
2018-11-28,91.58000183105469,91.58999633789062,91.58000183105469,91.58999633789062,74.66442108154297,1463800,0.0,0.0,0.0
2018-11-29,91.5999984741211,91.61000061035156,91.5999984741211,91.5999984741211,74.67256927490234,5720200,0.0,0.0,0.0
2018-11-30,91.62000274658203,91.62000274658203,91.5999984741211,91.61000061035156,74.68073272705078,1795600,0.0,0.0,0.0
2018-12-03,91.44999694824219,91.45999908447266,91.44999694824219,91.44999694824219,74.67826843261719,2369700,0.157,0.0,0.0
2018-12-04,91.45999908447266,91.45999908447266,91.44999694824219,91.45999908447266,74.68643188476562,1610600,0.0,0.0,0.0
2018-12-06,91.4800033569336,91.48999786376953,91.47000122070312,91.4800033569336,74.70274353027344,4606200,0.0,0.0,0.0
2018-12-07,91.48999786376953,91.48999786376953,91.4800033569336,91.48999786376953,74.71090698242188,1924600,0.0,0.0,0.0
2018-12-10,91.5,91.5,91.48999786376953,91.5,74.71907043457031,1474800,0.0,0.0,0.0
2018-12-11,91.5,91.5,91.48999786376953,91.48999786376953,74.71090698242188,1734600,0.0,0.0,0.0
2018-12-12,91.51000213623047,91.51000213623047,91.5,91.51000213623047,74.7272720336914,959200,0.0,0.0,0.0
2018-12-13,91.5199966430664,91.5199966430664,91.51000213623047,91.5199966430664,74.73543548583984,1410000,0.0,0.0,0.0
2018-12-14,91.5199966430664,91.52999877929688,91.5199966430664,91.52999877929688,74.74358367919922,939300,0.0,0.0,0.0
2018-12-17,91.52999877929688,91.54000091552734,91.5199966430664,91.54000091552734,74.75178527832031,3563400,0.0,0.0,0.0
2018-12-18,91.54000091552734,91.54000091552734,91.52999877929688,91.54000091552734,74.75178527832031,2394700,0.0,0.0,0.0
2018-12-19,91.38999938964844,91.38999938964844,91.37000274658203,91.37000274658203,74.74357604980469,2636300,0.16,0.0,0.0
2018-12-20,91.38999938964844,91.4000015258789,91.38999938964844,91.38999938964844,74.7599105834961,2938700,0.0,0.0,0.0
2018-12-21,91.41000366210938,91.41000366210938,91.4000015258789,91.41000366210938,74.77629852294922,2612300,0.0,0.0,0.0
2018-12-24,91.41999816894531,91.41999816894531,91.41000366210938,91.41999816894531,74.78450012207031,2979200,0.0,0.0,0.0
2018-12-26,91.41999816894531,91.41999816894531,91.41000366210938,91.41000366210938,74.77629852294922,2751600,0.0,0.0,0.0
2018-12-27,91.43000030517578,91.44000244140625,91.43000030517578,91.44000244140625,74.80082702636719,3096100,0.0,0.0,0.0
2018-12-28,91.44999694824219,91.44999694824219,91.44000244140625,91.44999694824219,74.80902099609375,1835800,0.0,0.0,0.0
2018-12-31,91.45999908447266,91.45999908447266,91.44000244140625,91.45999908447266,74.81718444824219,3490000,0.0,0.0,0.0
2019-01-02,91.47000122070312,91.47000122070312,91.44999694824219,91.44999694824219,74.80902099609375,15671600,0.0,0.0,0.0
2019-01-03,91.47000122070312,91.48999786376953,91.47000122070312,91.4800033569336,74.83354187011719,3316200,0.0,0.0,0.0
2019-01-04,91.48999786376953,91.48999786376953,91.47000122070312,91.48999786376953,74.84173583984375,5483000,0.0,0.0,0.0
2019-01-07,91.4800033569336,91.48999786376953,91.4800033569336,91.48999786376953,74.84173583984375,2840200,0.0,0.0,0.0
2019-01-08,91.48999786376953,91.48999786376953,91.4800033569336,91.48999786376953,74.84173583984375,1923100,0.0,0.0,0.0
2019-01-09,91.5,91.5,91.48999786376953,91.48999786376953,74.84173583984375,1486900,0.0,0.0,0.0
2019-01-10,91.5199966430664,91.5199966430664,91.5,91.5,74.84991455078125,1865800,0.0,0.0,0.0
2019-01-11,91.5199966430664,91.5199966430664,91.51000213623047,91.5199966430664,74.86627960205078,1329200,0.0,0.0,0.0
2019-01-14,91.52999877929688,91.52999877929688,91.51000213623047,91.51000213623047,74.85810852050781,1986900,0.0,0.0,0.0
2019-01-15,91.52999877929688,91.52999877929688,91.5199966430664,91.52999877929688,74.87445831298828,1177800,0.0,0.0,0.0
2019-01-16,91.54000091552734,91.54000091552734,91.52999877929688,91.54000091552734,74.88265991210938,1310100,0.0,0.0,0.0
2019-01-17,91.55000305175781,91.55999755859375,91.55000305175781,91.55999755859375,74.8990249633789,809400,0.0,0.0,0.0
2019-01-18,91.55999755859375,91.56999969482422,91.55000305175781,91.55999755859375,74.8990249633789,1950700,0.0,0.0,0.0
2019-01-22,91.55999755859375,91.56999969482422,91.55000305175781,91.56999969482422,74.9072036743164,1930700,0.0,0.0,0.0
2019-01-23,91.58000183105469,91.58000183105469,91.56999969482422,91.56999969482422,74.9072036743164,1637700,0.0,0.0,0.0
2019-01-24,91.58999633789062,91.5999984741211,91.58999633789062,91.5999984741211,74.93174743652344,1200800,0.0,0.0,0.0
2019-01-25,91.58999633789062,91.5999984741211,91.58999633789062,91.58999633789062,74.92355346679688,2123700,0.0,0.0,0.0
2019-01-28,91.61000061035156,91.61000061035156,91.5999984741211,91.5999984741211,74.93174743652344,1286100,0.0,0.0,0.0
2019-01-29,91.5999984741211,91.61000061035156,91.5999984741211,91.5999984741211,74.93174743652344,965000,0.0,0.0,0.0
2019-01-30,91.61000061035156,91.62000274658203,91.61000061035156,91.62000274658203,74.94808959960938,1784900,0.0,0.0,0.0
2019-01-31,91.62000274658203,91.63999938964844,91.62000274658203,91.62000274658203,74.94808959960938,4576700,0.0,0.0,0.0
2019-02-01,91.45999908447266,91.45999908447266,91.44999694824219,91.44999694824219,74.95545959472656,2534500,0.179,0.0,0.0
2019-02-04,91.44999694824219,91.45999908447266,91.44999694824219,91.45999908447266,74.9636459350586,3375400,0.0,0.0,0.0
2019-02-05,91.45999908447266,91.47000122070312,91.45999908447266,91.45999908447266,74.9636459350586,2471300,0.0,0.0,0.0
2019-02-06,91.47000122070312,91.4800033569336,91.47000122070312,91.4800033569336,74.98003387451172,2135400,0.0,0.0,0.0
2019-02-07,91.4800033569336,91.48999786376953,91.4800033569336,91.4800033569336,74.98003387451172,1894000,0.0,0.0,0.0
2019-02-08,91.5,91.5,91.48999786376953,91.5,74.99645233154297,584400,0.0,0.0,0.0
2019-02-11,91.5,91.5,91.48999786376953,91.48999786376953,74.9882583618164,1328200,0.0,0.0,0.0
2019-02-12,91.5,91.51000213623047,91.5,91.51000213623047,75.00463104248047,986400,0.0,0.0,0.0
2019-02-13,91.51000213623047,91.51000213623047,91.5,91.51000213623047,75.00463104248047,818800,0.0,0.0,0.0
2019-02-14,91.52999877929688,91.54000091552734,91.52999877929688,91.52999877929688,75.02101135253906,2038600,0.0,0.0,0.0
2019-02-15,91.54000091552734,91.54000091552734,91.52999877929688,91.52999877929688,75.02101135253906,1547700,0.0,0.0,0.0
2019-02-19,91.55000305175781,91.55000305175781,91.54000091552734,91.55000305175781,75.03742218017578,1858700,0.0,0.0,0.0
2019-02-20,91.55000305175781,91.55000305175781,91.54000091552734,91.55000305175781,75.03742218017578,4086700,0.0,0.0,0.0
2019-02-21,91.56999969482422,91.56999969482422,91.55999755859375,91.55999755859375,75.04563903808594,1288200,0.0,0.0,0.0
2019-02-22,91.56999969482422,91.58000183105469,91.56999969482422,91.58000183105469,75.06201934814453,3265500,0.0,0.0,0.0
2019-02-25,91.58000183105469,91.58000183105469,91.56999969482422,91.56999969482422,75.05379486083984,1026500,0.0,0.0,0.0
2019-02-26,91.58000183105469,91.58999633789062,91.58000183105469,91.58000183105469,75.06201934814453,1202400,0.0,0.0,0.0
2019-02-27,91.58999633789062,91.58999633789062,91.58000183105469,91.58999633789062,75.07019805908203,1260300,0.0,0.0,0.0
2019-02-28,91.5999984741211,91.61000061035156,91.5999984741211,91.61000061035156,75.08660125732422,1073800,0.0,0.0,0.0
2019-03-01,91.44999694824219,91.44999694824219,91.44000244140625,91.44999694824219,75.09479522705078,2044200,0.17,0.0,0.0
2019-03-04,91.44000244140625,91.44999694824219,91.44000244140625,91.44000244140625,75.08660125732422,1554500,0.0,0.0,0.0
2019-03-05,91.44999694824219,91.45999908447266,91.44999694824219,91.44999694824219,75.09479522705078,2614100,0.0,0.0,0.0
2019-03-06,91.45999908447266,91.45999908447266,91.44999694824219,91.45999908447266,75.10298919677734,706100,0.0,0.0,0.0
2019-03-07,91.4800033569336,91.4800033569336,91.47000122070312,91.4800033569336,75.1194076538086,1106400,0.0,0.0,0.0
2019-03-08,91.48999786376953,91.48999786376953,91.4800033569336,91.48999786376953,75.12764739990234,1061100,0.0,0.0,0.0
2019-03-11,91.48999786376953,91.48999786376953,91.4800033569336,91.48999786376953,75.12764739990234,861100,0.0,0.0,0.0
2019-03-12,91.5,91.5,91.48999786376953,91.5,75.1358642578125,938300,0.0,0.0,0.0
2019-03-13,91.51000213623047,91.51000213623047,91.5,91.51000213623047,75.14408874511719,1796500,0.0,0.0,0.0
2019-03-14,91.51000213623047,91.5199966430664,91.51000213623047,91.51000213623047,75.14408874511719,520100,0.0,0.0,0.0
2019-03-15,91.5199966430664,91.52999877929688,91.51000213623047,91.5199966430664,75.15232849121094,1115400,0.0,0.0,0.0
2019-03-18,91.5199966430664,91.52999877929688,91.5199966430664,91.52999877929688,75.16048431396484,1144100,0.0,0.0,0.0
2019-03-19,91.54000091552734,91.54000091552734,91.52999877929688,91.52999877929688,75.16048431396484,3794400,0.0,0.0,0.0
2019-03-20,91.54000091552734,91.54000091552734,91.52999877929688,91.52999877929688,75.16048431396484,1988500,0.0,0.0,0.0
2019-03-21,91.55000305175781,91.55999755859375,91.55000305175781,91.55999755859375,75.1851577758789,1957600,0.0,0.0,0.0
2019-03-22,91.55999755859375,91.55999755859375,91.55000305175781,91.55999755859375,75.1851577758789,2049600,0.0,0.0,0.0
2019-03-25,91.56999969482422,91.56999969482422,91.55999755859375,91.55999755859375,75.1851577758789,1231800,0.0,0.0,0.0
2019-03-26,91.56999969482422,91.58000183105469,91.56999969482422,91.56999969482422,75.19335174560547,661600,0.0,0.0,0.0
2019-03-27,91.56999969482422,91.58000183105469,91.56999969482422,91.58000183105469,75.2015609741211,2214100,0.0,0.0,0.0
2019-03-28,91.5999984741211,91.5999984741211,91.58999633789062,91.5999984741211,75.21800994873047,924100,0.0,0.0,0.0
2019-03-29,91.5999984741211,91.61000061035156,91.5999984741211,91.5999984741211,75.21800994873047,1576100,0.0,0.0,0.0
2019-04-01,91.43000030517578,91.44000244140625,91.43000030517578,91.44000244140625,75.23115539550781,2419200,0.176,0.0,0.0
2019-04-02,91.44000244140625,91.44000244140625,91.43000030517578,91.43000030517578,75.22291564941406,1138800,0.0,0.0,0.0
2019-04-03,91.44000244140625,91.44999694824219,91.44000244140625,91.44000244140625,75.23115539550781,1422400,0.0,0.0,0.0
2019-04-04,91.45999908447266,91.47000122070312,91.45999908447266,91.47000122070312,75.255859375,1208000,0.0,0.0,0.0
2019-04-05,91.45999908447266,91.47000122070312,91.45999908447266,91.47000122070312,75.255859375,655700,0.0,0.0,0.0
2019-04-08,91.4800033569336,91.4800033569336,91.47000122070312,91.47000122070312,75.255859375,1349200,0.0,0.0,0.0
2019-04-09,91.47000122070312,91.4800033569336,91.47000122070312,91.4800033569336,75.26405334472656,1438000,0.0,0.0,0.0
2019-04-10,91.48999786376953,91.48999786376953,91.4800033569336,91.4800033569336,75.26405334472656,2261600,0.0,0.0,0.0
2019-04-11,91.5,91.51000213623047,91.5,91.51000213623047,75.28874206542969,674900,0.0,0.0,0.0
2019-04-12,91.5,91.51000213623047,91.5,91.51000213623047,75.28874206542969,890600,0.0,0.0,0.0
2019-04-15,91.51000213623047,91.5199966430664,91.51000213623047,91.5199966430664,75.29695892333984,1087900,0.0,0.0,0.0
2019-04-16,91.5199966430664,91.5199966430664,91.51000213623047,91.5199966430664,75.29695892333984,767900,0.0,0.0,0.0
2019-04-17,91.54000091552734,91.55000305175781,91.54000091552734,91.54000091552734,75.31343841552734,691500,0.0,0.0,0.0
2019-04-18,91.55000305175781,91.55000305175781,91.54000091552734,91.55000305175781,75.32166290283203,2976400,0.0,0.0,0.0
2019-04-22,91.55000305175781,91.55999755859375,91.55000305175781,91.55000305175781,75.32166290283203,1171400,0.0,0.0,0.0
2019-04-23,91.55000305175781,91.55999755859375,91.55000305175781,91.55000305175781,75.32166290283203,912100,0.0,0.0,0.0
2019-04-24,91.56999969482422,91.56999969482422,91.55999755859375,91.56999969482422,75.33812713623047,1103500,0.0,0.0,0.0
2019-04-25,91.58999633789062,91.58999633789062,91.58000183105469,91.58999633789062,75.35457611083984,1838500,0.0,0.0,0.0
2019-04-26,91.58999633789062,91.58999633789062,91.58000183105469,91.58000183105469,75.34634399414062,2449400,0.0,0.0,0.0
2019-04-29,91.58999633789062,91.5999984741211,91.58999633789062,91.58999633789062,75.35457611083984,667700,0.0,0.0,0.0
2019-04-30,91.5999984741211,91.5999984741211,91.58999633789062,91.5999984741211,75.36285400390625,1161400,0.0,0.0,0.0
2019-05-01,91.43000030517578,91.43000030517578,91.41999816894531,91.43000030517578,75.36608123779297,1237600,0.174,0.0,0.0
2019-05-02,91.44999694824219,91.44999694824219,91.44000244140625,91.44000244140625,75.37435913085938,856100,0.0,0.0,0.0
2019-05-03,91.44999694824219,91.45999908447266,91.44999694824219,91.44999694824219,75.382568359375,1443500,0.0,0.0,0.0
2019-05-06,91.45999908447266,91.45999908447266,91.44999694824219,91.45999908447266,75.39083862304688,879800,0.0,0.0,0.0
2019-05-07,91.47000122070312,91.47000122070312,91.45999908447266,91.47000122070312,75.39907836914062,1217900,0.0,0.0,0.0
2019-05-08,91.47000122070312,91.47000122070312,91.45999908447266,91.47000122070312,75.39907836914062,980900,0.0,0.0,0.0
2019-05-09,91.48999786376953,91.48999786376953,91.4800033569336,91.4800033569336,75.40727233886719,2029800,0.0,0.0,0.0
2019-05-10,91.5,91.5,91.48999786376953,91.5,75.42382049560547,966600,0.0,0.0,0.0
2019-05-13,91.5,91.5,91.48999786376953,91.48999786376953,75.41557312011719,1953000,0.0,0.0,0.0
2019-05-14,91.51000213623047,91.51000213623047,91.5,91.5,75.42382049560547,1097000,0.0,0.0,0.0
2019-05-15,91.51000213623047,91.51000213623047,91.5,91.51000213623047,75.4320068359375,1061900,0.0,0.0,0.0
2019-05-16,91.5199966430664,91.52999877929688,91.5199966430664,91.5199966430664,75.44025421142578,1681600,0.0,0.0,0.0
2019-05-17,91.54000091552734,91.54000091552734,91.52999877929688,91.52999877929688,75.448486328125,339300,0.0,0.0,0.0
2019-05-20,91.55000305175781,91.55000305175781,91.54000091552734,91.54000091552734,75.45679473876953,524300,0.0,0.0,0.0
2019-05-21,91.55000305175781,91.55000305175781,91.54000091552734,91.54000091552734,75.45679473876953,673700,0.0,0.0,0.0
2019-05-22,91.55999755859375,91.55999755859375,91.55000305175781,91.55999755859375,75.47328186035156,1218500,0.0,0.0,0.0
2019-05-23,91.56999969482422,91.58000183105469,91.56999969482422,91.58000183105469,75.48974609375,1198800,0.0,0.0,0.0
2019-05-24,91.58000183105469,91.58999633789062,91.58000183105469,91.58000183105469,75.48974609375,1337100,0.0,0.0,0.0
2019-05-28,91.58999633789062,91.58999633789062,91.58000183105469,91.58999633789062,75.49798583984375,981000,0.0,0.0,0.0
2019-05-29,91.5999984741211,91.5999984741211,91.58999633789062,91.58999633789062,75.49798583984375,4239400,0.0,0.0,0.0
2019-05-30,91.61000061035156,91.62000274658203,91.61000061035156,91.62000274658203,75.52271270751953,1223300,0.0,0.0,0.0
2019-05-31,91.62000274658203,91.62000274658203,91.61000061035156,91.62000274658203,75.52271270751953,2770300,0.0,0.0,0.0
2019-06-03,91.44000244140625,91.44999694824219,91.44000244140625,91.44000244140625,75.51941680908203,3486900,0.176,0.0,0.0
2019-06-04,91.44999694824219,91.45999908447266,91.44999694824219,91.45999908447266,75.53592681884766,9008800,0.0,0.0,0.0
2019-06-05,91.45999908447266,91.45999908447266,91.44999694824219,91.45999908447266,75.53592681884766,2028500,0.0,0.0,0.0
2019-06-06,91.47000122070312,91.48999786376953,91.47000122070312,91.48999786376953,75.5606689453125,7013200,0.0,0.0,0.0
2019-06-07,91.48999786376953,91.48999786376953,91.4800033569336,91.4800033569336,75.55242156982422,2299000,0.0,0.0,0.0
2019-06-10,91.5,91.5,91.48999786376953,91.5,75.56896209716797,2795300,0.0,0.0,0.0
2019-06-11,91.48999786376953,91.5,91.48999786376953,91.48999786376953,75.5606689453125,1563700,0.0,0.0,0.0
2019-06-12,91.5,91.51000213623047,91.5,91.5,75.56896209716797,2308800,0.0,0.0,0.0
2019-06-13,91.5199966430664,91.52999877929688,91.5199966430664,91.52999877929688,75.59374237060547,4044200,0.0,0.0,0.0
2019-06-14,91.54000091552734,91.54000091552734,91.52999877929688,91.54000091552734,75.60199737548828,601300,0.0,0.0,0.0
2019-06-17,91.54000091552734,91.55000305175781,91.54000091552734,91.54000091552734,75.60199737548828,3386000,0.0,0.0,0.0
2019-06-18,91.54000091552734,91.55000305175781,91.54000091552734,91.54000091552734,75.60199737548828,3183100,0.0,0.0,0.0
2019-06-19,91.55000305175781,91.55999755859375,91.55000305175781,91.55999755859375,75.61851501464844,521300,0.0,0.0,0.0
2019-06-20,91.56999969482422,91.58000183105469,91.56999969482422,91.56999969482422,75.62679290771484,2524000,0.0,0.0,0.0
2019-06-21,91.56999969482422,91.58000183105469,91.56999969482422,91.56999969482422,75.62679290771484,2016700,0.0,0.0,0.0
2019-06-24,91.58000183105469,91.58999633789062,91.58000183105469,91.58000183105469,75.6350326538086,1223700,0.0,0.0,0.0
2019-06-25,91.58999633789062,91.58999633789062,91.58000183105469,91.58000183105469,75.6350326538086,826600,0.0,0.0,0.0
2019-06-26,91.58999633789062,91.5999984741211,91.58999633789062,91.5999984741211,75.65155029296875,1006400,0.0,0.0,0.0
2019-06-27,91.5999984741211,91.61000061035156,91.5999984741211,91.5999984741211,75.65155029296875,615800,0.0,0.0,0.0
2019-06-28,91.62000274658203,91.62000274658203,91.61000061035156,91.61000061035156,75.6598129272461,1112800,0.0,0.0,0.0
2019-07-01,91.44999694824219,91.45999908447266,91.44000244140625,91.44000244140625,75.65568542480469,3984100,0.165,0.0,0.0
2019-07-02,91.44999694824219,91.45999908447266,91.44999694824219,91.44999694824219,75.66394805908203,5031700,0.0,0.0,0.0
2019-07-03,91.4800033569336,91.4800033569336,91.47000122070312,91.4800033569336,75.68877410888672,1988600,0.0,0.0,0.0
2019-07-05,91.47000122070312,91.4800033569336,91.47000122070312,91.47000122070312,75.68050384521484,1294500,0.0,0.0,0.0
2019-07-08,91.4800033569336,91.4800033569336,91.47000122070312,91.47000122070312,75.68050384521484,3557000,0.0,0.0,0.0
2019-07-09,91.4800033569336,91.4800033569336,91.47000122070312,91.4800033569336,75.68877410888672,1612400,0.0,0.0,0.0
2019-07-10,91.4800033569336,91.48999786376953,91.4800033569336,91.48999786376953,75.697021484375,1257200,0.0,0.0,0.0
2019-07-11,91.5,91.51000213623047,91.5,91.51000213623047,75.71359252929688,1230400,0.0,0.0,0.0
2019-07-12,91.5199966430664,91.5199966430664,91.51000213623047,91.5199966430664,75.72184753417969,792900,0.0,0.0,0.0
2019-07-15,91.5199966430664,91.5199966430664,91.51000213623047,91.5199966430664,75.72184753417969,521000,0.0,0.0,0.0
2019-07-16,91.5199966430664,91.52999877929688,91.5199966430664,91.52999877929688,75.73011779785156,731500,0.0,0.0,0.0
2019-07-17,91.52999877929688,91.52999877929688,91.5199966430664,91.52999877929688,75.73011779785156,650700,0.0,0.0,0.0
2019-07-18,91.54000091552734,91.55999755859375,91.54000091552734,91.55999755859375,75.75493621826172,1130400,0.0,0.0,0.0
2019-07-19,91.55000305175781,91.55999755859375,91.55000305175781,91.55999755859375,75.75493621826172,1509200,0.0,0.0,0.0
2019-07-22,91.55000305175781,91.55999755859375,91.55000305175781,91.55999755859375,75.75493621826172,524400,0.0,0.0,0.0
2019-07-23,91.55000305175781,91.55999755859375,91.55000305175781,91.55000305175781,75.74669647216797,1703300,0.0,0.0,0.0
2019-07-24,91.55999755859375,91.56999969482422,91.55999755859375,91.56999969482422,75.76325988769531,793900,0.0,0.0,0.0
2019-07-25,91.56999969482422,91.58999633789062,91.56999969482422,91.58999633789062,75.77975463867188,1428400,0.0,0.0,0.0
2019-07-26,91.58999633789062,91.58999633789062,91.58000183105469,91.58000183105469,75.77152252197266,1202800,0.0,0.0,0.0
2019-07-29,91.5999984741211,91.5999984741211,91.58999633789062,91.5999984741211,75.78805541992188,871300,0.0,0.0,0.0
2019-07-30,91.58999633789062,91.5999984741211,91.58999633789062,91.5999984741211,75.78805541992188,2294000,0.0,0.0,0.0
2019-07-31,91.61000061035156,91.61000061035156,91.5999984741211,91.61000061035156,75.79632568359375,3291100,0.0,0.0,0.0
2019-08-01,91.47000122070312,91.4800033569336,91.45999908447266,91.4800033569336,75.81704711914062,5657100,0.155,0.0,0.0
2019-08-02,91.4800033569336,91.4800033569336,91.47000122070312,91.4800033569336,75.81704711914062,5480500,0.0,0.0,0.0
2019-08-05,91.4800033569336,91.48999786376953,91.47000122070312,91.47000122070312,75.80876922607422,2182900,0.0,0.0,0.0
2019-08-06,91.4800033569336,91.48999786376953,91.4800033569336,91.4800033569336,75.81704711914062,4955000,0.0,0.0,0.0
2019-08-07,91.4800033569336,91.5,91.4800033569336,91.5,75.83363342285156,2365100,0.0,0.0,0.0
2019-08-08,91.51000213623047,91.51000213623047,91.5,91.51000213623047,75.84190368652344,1279000,0.0,0.0,0.0
2019-08-09,91.5,91.51000213623047,91.5,91.5,75.83363342285156,2542200,0.0,0.0,0.0
2019-08-12,91.51000213623047,91.5199966430664,91.51000213623047,91.5199966430664,75.85018157958984,2547400,0.0,0.0,0.0
2019-08-13,91.51000213623047,91.52999877929688,91.51000213623047,91.52999877929688,75.85848236083984,904300,0.0,0.0,0.0
2019-08-14,91.52999877929688,91.54000091552734,91.5199966430664,91.5199966430664,75.85018157958984,1988000,0.0,0.0,0.0
2019-08-15,91.55000305175781,91.55999755859375,91.54000091552734,91.55999755859375,75.88336944580078,2998300,0.0,0.0,0.0
2019-08-16,91.55999755859375,91.55999755859375,91.55000305175781,91.55000305175781,75.87506103515625,2471500,0.0,0.0,0.0
2019-08-19,91.56999969482422,91.56999969482422,91.55000305175781,91.55000305175781,75.87506103515625,4949900,0.0,0.0,0.0
2019-08-20,91.55999755859375,91.55999755859375,91.55000305175781,91.55999755859375,75.88336944580078,1675500,0.0,0.0,0.0
2019-08-21,91.55999755859375,91.56999969482422,91.55000305175781,91.55000305175781,75.87506103515625,1433700,0.0,0.0,0.0
2019-08-22,91.56999969482422,91.58000183105469,91.56999969482422,91.58000183105469,75.89991760253906,1162700,0.0,0.0,0.0
2019-08-23,91.58000183105469,91.58000183105469,91.55999755859375,91.56999969482422,75.89163970947266,10788500,0.0,0.0,0.0
2019-08-26,91.58999633789062,91.58999633789062,91.58000183105469,91.58000183105469,75.89991760253906,2234600,0.0,0.0,0.0
2019-08-27,91.58999633789062,91.58999633789062,91.58000183105469,91.58999633789062,75.908203125,1616900,0.0,0.0,0.0
2019-08-28,91.58999633789062,91.58999633789062,91.58000183105469,91.58000183105469,75.89991760253906,3861800,0.0,0.0,0.0
2019-08-29,91.5999984741211,91.61000061035156,91.5999984741211,91.5999984741211,75.91649627685547,2276800,0.0,0.0,0.0
2019-08-30,91.61000061035156,91.62000274658203,91.61000061035156,91.61000061035156,75.92479705810547,3418100,0.0,0.0,0.0
2019-09-03,91.45999908447266,91.45999908447266,91.44999694824219,91.45999908447266,75.939697265625,4842500,0.168,0.0,0.0
2019-09-04,91.45999908447266,91.45999908447266,91.44999694824219,91.44999694824219,75.93142700195312,1895600,0.0,0.0,0.0
2019-09-05,91.47000122070312,91.47000122070312,91.45999908447266,91.45999908447266,75.939697265625,4888800,0.0,0.0,0.0
2019-09-06,91.47000122070312,91.4800033569336,91.45999908447266,91.47000122070312,75.94802856445312,2094700,0.0,0.0,0.0
2019-09-09,91.47000122070312,91.4800033569336,91.47000122070312,91.47000122070312,75.94802856445312,1064400,0.0,0.0,0.0
2019-09-10,91.48999786376953,91.48999786376953,91.4800033569336,91.48999786376953,75.96463012695312,2325200,0.0,0.0,0.0
2019-09-11,91.4800033569336,91.48999786376953,91.4800033569336,91.4800033569336,75.95633697509766,1437400,0.0,0.0,0.0
2019-09-12,91.5,91.51000213623047,91.5,91.5,75.97295379638672,1867500,0.0,0.0,0.0
2019-09-13,91.51000213623047,91.51000213623047,91.5,91.5,75.97295379638672,1638200,0.0,0.0,0.0
2019-09-16,91.51000213623047,91.5199966430664,91.5,91.5,75.97295379638672,1119300,0.0,0.0,0.0
2019-09-17,91.51000213623047,91.5199966430664,91.5,91.51000213623047,75.98124694824219,1032800,0.0,0.0,0.0
2019-09-18,91.5199966430664,91.52999877929688,91.51000213623047,91.52999877929688,75.99784088134766,1094500,0.0,0.0,0.0
2019-09-19,91.55000305175781,91.55000305175781,91.52999877929688,91.52999877929688,75.99784088134766,1980600,0.0,0.0,0.0
2019-09-20,91.54000091552734,91.54000091552734,91.52999877929688,91.54000091552734,76.00617980957031,2298500,0.0,0.0,0.0
2019-09-23,91.54000091552734,91.55999755859375,91.54000091552734,91.55999755859375,76.02275085449219,1669600,0.0,0.0,0.0
2019-09-24,91.55999755859375,91.55999755859375,91.55000305175781,91.55999755859375,76.02275085449219,1661700,0.0,0.0,0.0
2019-09-25,91.55999755859375,91.55999755859375,91.55000305175781,91.55999755859375,76.02275085449219,1362600,0.0,0.0,0.0
2019-09-26,91.56999969482422,91.58000183105469,91.56999969482422,91.58000183105469,76.03939819335938,1741100,0.0,0.0,0.0
2019-09-27,91.58999633789062,91.58999633789062,91.56999969482422,91.58000183105469,76.03939819335938,1033000,0.0,0.0,0.0
2019-09-30,91.58000183105469,91.58999633789062,91.58000183105469,91.58999633789062,76.04766082763672,3144600,0.0,0.0,0.0
2019-10-01,91.45999908447266,91.45999908447266,91.44999694824219,91.44999694824219,76.04517364501953,2016800,0.137,0.0,0.0
2019-10-02,91.45999908447266,91.45999908447266,91.44999694824219,91.44999694824219,76.04517364501953,2410000,0.0,0.0,0.0
2019-10-03,91.47000122070312,91.4800033569336,91.47000122070312,91.4800033569336,76.07010650634766,1101300,0.0,0.0,0.0
2019-10-04,91.47000122070312,91.4800033569336,91.47000122070312,91.4800033569336,76.07010650634766,924300,0.0,0.0,0.0
2019-10-07,91.48999786376953,91.48999786376953,91.4800033569336,91.48999786376953,76.07842254638672,686900,0.0,0.0,0.0
2019-10-08,91.48999786376953,91.48999786376953,91.4800033569336,91.48999786376953,76.07842254638672,1207500,0.0,0.0,0.0
2019-10-09,91.5,91.5,91.48999786376953,91.48999786376953,76.07842254638672,1714000,0.0,0.0,0.0
2019-10-10,91.5199966430664,91.5199966430664,91.51000213623047,91.51000213623047,76.09510040283203,1404600,0.0,0.0,0.0
2019-10-11,91.5199966430664,91.5199966430664,91.51000213623047,91.5199966430664,76.10335540771484,1446100,0.0,0.0,0.0
2019-10-14,91.51000213623047,91.52999877929688,91.44999694824219,91.51000213623047,76.09510040283203,2720500,0.0,0.0,0.0
2019-10-15,91.51000213623047,91.5199966430664,91.51000213623047,91.5199966430664,76.10335540771484,1621300,0.0,0.0,0.0
2019-10-16,91.5199966430664,91.52999877929688,91.5199966430664,91.52999877929688,76.1116943359375,1620400,0.0,0.0,0.0
2019-10-17,91.52999877929688,91.54000091552734,91.52999877929688,91.54000091552734,76.12004852294922,1350600,0.0,0.0,0.0
2019-10-18,91.52999877929688,91.54000091552734,91.52999877929688,91.54000091552734,76.12004852294922,3141500,0.0,0.0,0.0
2019-10-21,91.55000305175781,91.55000305175781,91.54000091552734,91.55000305175781,76.12832641601562,820500,0.0,0.0,0.0
2019-10-22,91.55000305175781,91.55000305175781,91.54000091552734,91.55000305175781,76.12832641601562,1818900,0.0,0.0,0.0
2019-10-23,91.54000091552734,91.55000305175781,91.54000091552734,91.55000305175781,76.12832641601562,707600,0.0,0.0,0.0
2019-10-24,91.55999755859375,91.56999969482422,91.55999755859375,91.56999969482422,76.14497375488281,734400,0.0,0.0,0.0
2019-10-25,91.55999755859375,91.56999969482422,91.55999755859375,91.56999969482422,76.14497375488281,857300,0.0,0.0,0.0
2019-10-28,91.56999969482422,91.56999969482422,91.55999755859375,91.55999755859375,76.13666534423828,1936500,0.0,0.0,0.0
2019-10-29,91.56999969482422,91.58000183105469,91.56999969482422,91.58000183105469,76.15330505371094,486100,0.0,0.0,0.0
2019-10-30,91.58000183105469,91.58999633789062,91.56999969482422,91.58999633789062,76.16157531738281,1025500,0.0,0.0,0.0
2019-10-31,91.58999633789062,91.5999984741211,91.58999633789062,91.5999984741211,76.16989135742188,1240700,0.0,0.0,0.0
2019-11-01,91.45999908447266,91.47000122070312,91.45999908447266,91.45999908447266,76.16908264160156,5615400,0.139,0.0,0.0
2019-11-04,91.45999908447266,91.47000122070312,91.45999908447266,91.47000122070312,76.17741394042969,2305900,0.0,0.0,0.0
2019-11-05,91.45999908447266,91.47000122070312,91.45999908447266,91.45999908447266,76.16908264160156,1253400,0.0,0.0,0.0
2019-11-06,91.47000122070312,91.4800033569336,91.47000122070312,91.47000122070312,76.17741394042969,1095800,0.0,0.0,0.0
2019-11-07,91.4800033569336,91.48999786376953,91.4800033569336,91.48999786376953,76.19403076171875,1334700,0.0,0.0,0.0
2019-11-08,91.48999786376953,91.48999786376953,91.4800033569336,91.48999786376953,76.19403076171875,727700,0.0,0.0,0.0
2019-11-11,91.48999786376953,91.48999786376953,91.4800033569336,91.48999786376953,76.19403076171875,464600,0.0,0.0,0.0
2019-11-12,91.5,91.5,91.48999786376953,91.5,76.202392578125,1818400,0.0,0.0,0.0
2019-11-13,91.5,91.5,91.48999786376953,91.5,76.202392578125,1170700,0.0,0.0,0.0
2019-11-14,91.5,91.51000213623047,91.5,91.51000213623047,76.21073150634766,3100000,0.0,0.0,0.0
2019-11-15,91.51000213623047,91.51000213623047,91.5,91.5,76.202392578125,2225800,0.0,0.0,0.0
2019-11-18,91.51000213623047,91.5199966430664,91.51000213623047,91.5199966430664,76.21903228759766,1610600,0.0,0.0,0.0
2019-11-19,91.5199966430664,91.5199966430664,91.51000213623047,91.51000213623047,76.21073150634766,928000,0.0,0.0,0.0
2019-11-20,91.5199966430664,91.5199966430664,91.51000213623047,91.5199966430664,76.21903228759766,2396400,0.0,0.0,0.0
2019-11-21,91.52999877929688,91.52999877929688,91.5199966430664,91.5199966430664,76.21903228759766,975300,0.0,0.0,0.0
2019-11-22,91.52999877929688,91.54000091552734,91.52999877929688,91.52999877929688,76.22736358642578,1197900,0.0,0.0,0.0
2019-11-25,91.54000091552734,91.54000091552734,91.52999877929688,91.52999877929688,76.22736358642578,955100,0.0,0.0,0.0
2019-11-26,91.54000091552734,91.55000305175781,91.54000091552734,91.54000091552734,76.23572540283203,952000,0.0,0.0,0.0
2019-11-27,91.55000305175781,91.55999755859375,91.55000305175781,91.55999755859375,76.25234985351562,775900,0.0,0.0,0.0
2019-11-29,91.55000305175781,91.55999755859375,91.55000305175781,91.55999755859375,76.25234985351562,687500,0.0,0.0,0.0
2019-12-02,91.44000244140625,91.44999694824219,91.44000244140625,91.44999694824219,76.2581787109375,985300,0.117,0.0,0.0
2019-12-03,91.44999694824219,91.44999694824219,91.44000244140625,91.44000244140625,76.24984741210938,2002400,0.0,0.0,0.0
2019-12-04,91.44999694824219,91.45999908447266,91.44999694824219,91.44999694824219,76.2581787109375,1008000,0.0,0.0,0.0
2019-12-05,91.47000122070312,91.47000122070312,91.45999908447266,91.47000122070312,76.27488708496094,866100,0.0,0.0,0.0
2019-12-06,91.45999908447266,91.47000122070312,91.45999908447266,91.47000122070312,76.27488708496094,1171300,0.0,0.0,0.0
2019-12-09,91.47000122070312,91.4800033569336,91.47000122070312,91.4800033569336,76.28321838378906,776200,0.0,0.0,0.0
2019-12-10,91.4800033569336,91.4800033569336,91.47000122070312,91.4800033569336,76.28321838378906,1040700,0.0,0.0,0.0
2019-12-11,91.4800033569336,91.4800033569336,91.47000122070312,91.4800033569336,76.28321838378906,1288600,0.0,0.0,0.0
2019-12-12,91.5,91.5,91.48999786376953,91.5,76.29988861083984,601800,0.0,0.0,0.0
2019-12-13,91.48999786376953,91.5,91.4800033569336,91.4800033569336,76.28321838378906,753100,0.0,0.0,0.0
2019-12-16,91.48999786376953,91.5,91.48999786376953,91.5,76.29988861083984,702700,0.0,0.0,0.0
2019-12-17,91.5,91.51000213623047,91.48999786376953,91.48999786376953,76.29154968261719,2353000,0.0,0.0,0.0
2019-12-18,91.51000213623047,91.51000213623047,91.5,91.51000213623047,76.30824279785156,1059900,0.0,0.0,0.0
2019-12-19,91.51000213623047,91.5199966430664,91.51000213623047,91.5199966430664,76.31656646728516,1412900,0.0,0.0,0.0
2019-12-20,91.41000366210938,91.41000366210938,91.4000015258789,91.41000366210938,76.32074737548828,1375800,0.115,0.0,0.0
2019-12-23,91.4000015258789,91.41000366210938,91.4000015258789,91.41000366210938,76.32074737548828,2846500,0.0,0.0,0.0
2019-12-24,91.41999816894531,91.41999816894531,91.41000366210938,91.41999816894531,76.32909393310547,1042700,0.0,0.0,0.0
2019-12-26,91.41000366210938,91.43000030517578,91.41000366210938,91.43000030517578,76.33744812011719,956200,0.0,0.0,0.0
2019-12-27,91.41999816894531,91.43000030517578,91.41999816894531,91.41999816894531,76.32909393310547,1325600,0.0,0.0,0.0
2019-12-30,91.44000244140625,91.44000244140625,91.43000030517578,91.43000030517578,76.33744812011719,1381300,0.0,0.0,0.0
2019-12-31,91.44999694824219,91.44999694824219,91.43000030517578,91.43000030517578,76.33744812011719,1406200,0.0,0.0,0.0
2020-01-02,91.44999694824219,91.45999908447266,91.44000244140625,91.45999908447266,76.36251831054688,3167200,0.0,0.0,0.0
2020-01-03,91.45999908447266,91.45999908447266,91.44999694824219,91.45999908447266,76.36251831054688,853200,0.0,0.0,0.0
2020-01-06,91.45999908447266,91.47000122070312,91.44999694824219,91.44999694824219,76.35414123535156,2471900,0.0,0.0,0.0
2020-01-07,91.45999908447266,91.45999908447266,91.44999694824219,91.44999694824219,76.35414123535156,1267300,0.0,0.0,0.0
2020-01-08,91.45999908447266,91.47000122070312,91.45999908447266,91.47000122070312,76.370849609375,1286100,0.0,0.0,0.0
2020-01-09,91.4800033569336,91.4800033569336,91.47000122070312,91.4800033569336,76.37915802001953,984300,0.0,0.0,0.0
2020-01-10,91.47000122070312,91.4800033569336,91.47000122070312,91.4800033569336,76.37915802001953,1137100,0.0,0.0,0.0
2020-01-13,91.4800033569336,91.4800033569336,91.47000122070312,91.4800033569336,76.37915802001953,1459100,0.0,0.0,0.0
2020-01-14,91.4800033569336,91.48999786376953,91.4800033569336,91.4800033569336,76.37915802001953,1055400,0.0,0.0,0.0
2020-01-15,91.48999786376953,91.48999786376953,91.4800033569336,91.48999786376953,76.38751983642578,862300,0.0,0.0,0.0
2020-01-16,91.48999786376953,91.51000213623047,91.48999786376953,91.51000213623047,76.40422058105469,1104100,0.0,0.0,0.0
2020-01-17,91.51000213623047,91.51000213623047,91.5,91.5,76.39590454101562,1323200,0.0,0.0,0.0
2020-01-21,91.51000213623047,91.51000213623047,91.5,91.51000213623047,76.40422058105469,3170700,0.0,0.0,0.0
2020-01-22,91.51000213623047,91.51000213623047,91.5,91.51000213623047,76.40422058105469,1156800,0.0,0.0,0.0
2020-01-23,91.5199966430664,91.52999877929688,91.5199966430664,91.5199966430664,76.4125747680664,893000,0.0,0.0,0.0
2020-01-24,91.52999877929688,91.52999877929688,91.5199966430664,91.5199966430664,76.4125747680664,1243700,0.0,0.0,0.0
2020-01-27,91.5199966430664,91.52999877929688,91.5199966430664,91.52999877929688,76.4209213256836,1463500,0.0,0.0,0.0
2020-01-28,91.52999877929688,91.54000091552734,91.52999877929688,91.52999877929688,76.4209213256836,1708000,0.0,0.0,0.0
2020-01-29,91.52999877929688,91.54000091552734,91.52999877929688,91.54000091552734,76.42926788330078,845200,0.0,0.0,0.0
2020-01-30,91.54000091552734,91.55000305175781,91.54000091552734,91.54000091552734,76.42926788330078,787300,0.0,0.0,0.0
2020-01-31,91.55000305175781,91.55000305175781,91.54000091552734,91.54000091552734,76.42926788330078,1760700,0.0,0.0,0.0
2020-02-03,91.44999694824219,91.44999694824219,91.44000244140625,91.44000244140625,76.43592834472656,1826500,0.108,0.0,0.0
2020-02-04,91.44999694824219,91.44999694824219,91.44000244140625,91.44000244140625,76.43592834472656,1013700,0.0,0.0,0.0
2020-02-05,91.44999694824219,91.45999908447266,91.44000244140625,91.45999908447266,76.45271301269531,1015900,0.0,0.0,0.0
2020-02-06,91.45999908447266,91.47000122070312,91.45999908447266,91.47000122070312,76.46105194091797,1156000,0.0,0.0,0.0
2020-02-07,91.47000122070312,91.47000122070312,91.45999908447266,91.47000122070312,76.46105194091797,873000,0.0,0.0,0.0
2020-02-10,91.47000122070312,91.4800033569336,91.45999908447266,91.45999908447266,76.45271301269531,635800,0.0,0.0,0.0
2020-02-11,91.45999908447266,91.47000122070312,91.45999908447266,91.47000122070312,76.46105194091797,1152900,0.0,0.0,0.0
2020-02-12,91.47000122070312,91.4800033569336,91.47000122070312,91.4800033569336,76.4693832397461,823600,0.0,0.0,0.0
2020-02-13,91.48999786376953,91.48999786376953,91.4800033569336,91.48999786376953,76.47776794433594,1231100,0.0,0.0,0.0
2020-02-14,91.5,91.5,91.4800033569336,91.48999786376953,76.47776794433594,1200800,0.0,0.0,0.0
2020-02-18,91.48999786376953,91.5,91.48999786376953,91.5,76.48613739013672,894900,0.0,0.0,0.0
2020-02-19,91.5,91.5,91.48999786376953,91.5,76.48613739013672,1327300,0.0,0.0,0.0
2020-02-20,91.51000213623047,91.51000213623047,91.5,91.5,76.48613739013672,2327900,0.0,0.0,0.0
2020-02-21,91.51000213623047,91.5199966430664,91.51000213623047,91.5199966430664,76.50285339355469,865100,0.0,0.0,0.0
2020-02-24,91.5199966430664,91.5199966430664,91.51000213623047,91.51000213623047,76.4944839477539,3162600,0.0,0.0,0.0
2020-02-25,91.5199966430664,91.5199966430664,91.51000213623047,91.51000213623047,76.4944839477539,4337200,0.0,0.0,0.0
2020-02-26,91.52999877929688,91.52999877929688,91.5199966430664,91.52999877929688,76.51121520996094,4843100,0.0,0.0,0.0
2020-02-27,91.52999877929688,91.55000305175781,91.52999877929688,91.55000305175781,76.52794647216797,7014300,0.0,0.0,0.0
2020-02-28,91.54000091552734,91.55000305175781,91.54000091552734,91.54000091552734,76.51956939697266,10079400,0.0,0.0,0.0
2020-03-02,91.45999908447266,91.4800033569336,91.45999908447266,91.47000122070312,76.54216003417969,8320700,0.097,0.0,0.0
2020-03-03,91.47000122070312,91.51000213623047,91.45999908447266,91.48999786376953,76.55888366699219,6196300,0.0,0.0,0.0
2020-03-04,91.51000213623047,91.52999877929688,91.5,91.52999877929688,76.59233856201172,7400300,0.0,0.0,0.0
2020-03-05,91.54000091552734,91.55000305175781,91.52999877929688,91.55000305175781,76.60911560058594,4722200,0.0,0.0,0.0
2020-03-06,91.54000091552734,91.56999969482422,91.54000091552734,91.55000305175781,76.60911560058594,4562200,0.0,0.0,0.0
2020-03-09,91.58000183105469,91.62999725341797,91.55999755859375,91.58999633789062,76.64257049560547,14089900,0.0,0.0,0.0
2020-03-10,91.56999969482422,91.61000061035156,91.55999755859375,91.56999969482422,76.62586212158203,10764300,0.0,0.0,0.0
2020-03-11,91.56999969482422,91.61000061035156,91.56999969482422,91.58999633789062,76.64257049560547,19939900,0.0,0.0,0.0
2020-03-12,91.56999969482422,95.97000122070312,91.56999969482422,91.5999984741211,76.65094757080078,20352200,0.0,0.0,0.0
2020-03-13,91.5999984741211,91.62999725341797,91.58999633789062,91.62000274658203,76.66771697998047,11069000,0.0,0.0,0.0
2020-03-16,91.63999938964844,91.63999938964844,91.5999984741211,91.62999725341797,76.67607116699219,11009100,0.0,0.0,0.0
2020-03-17,91.63999938964844,91.63999938964844,91.5999984741211,91.62999725341797,76.67607116699219,10016900,0.0,0.0,0.0
2020-03-18,91.6500015258789,91.66999816894531,91.62000274658203,91.6500015258789,76.69278717041016,11352300,0.0,0.0,0.0
2020-03-19,91.63999938964844,91.6500015258789,91.5999984741211,91.62999725341797,76.67607116699219,10002900,0.0,0.0,0.0
2020-03-20,91.62999725341797,91.66000366210938,91.62000274658203,91.66000366210938,76.70112609863281,14884700,0.0,0.0,0.0
2020-03-23,91.62000274658203,91.63999938964844,91.61000061035156,91.63999938964844,76.68439483642578,7880900,0.0,0.0,0.0
2020-03-24,91.62000274658203,91.63999938964844,91.58000183105469,91.63999938964844,76.68439483642578,7108400,0.0,0.0,0.0
2020-03-25,91.62999725341797,91.63999938964844,91.62000274658203,91.63999938964844,76.68439483642578,6265900,0.0,0.0,0.0
2020-03-26,91.62000274658203,91.63999938964844,91.62000274658203,91.63999938964844,76.68439483642578,5907600,0.0,0.0,0.0
2020-03-27,91.63999938964844,91.63999938964844,91.62000274658203,91.62000274658203,76.66771697998047,5413800,0.0,0.0,0.0
2020-03-30,91.62999725341797,91.62999725341797,91.62000274658203,91.62000274658203,76.66771697998047,4208600,0.0,0.0,0.0
2020-03-31,91.62999725341797,91.62999725341797,91.61000061035156,91.62999725341797,76.67607116699219,6837900,0.0,0.0,0.0
2020-04-01,91.58000183105469,91.58000183105469,91.55999755859375,91.56999969482422,76.66936492919922,3865800,0.052,0.0,0.0
2020-04-02,91.56999969482422,91.58000183105469,91.55999755859375,91.58000183105469,76.67774200439453,4489300,0.0,0.0,0.0
2020-04-03,91.55999755859375,91.56999969482422,91.55000305175781,91.55000305175781,76.65261840820312,4371000,0.0,0.0,0.0
2020-04-06,91.56999969482422,91.56999969482422,91.55000305175781,91.55999755859375,76.66099548339844,3804200,0.0,0.0,0.0
2020-04-07,91.56999969482422,91.56999969482422,91.54000091552734,91.54000091552734,76.64423370361328,4866200,0.0,0.0,0.0
2020-04-08,91.55000305175781,91.55999755859375,91.55000305175781,91.55000305175781,76.65261840820312,3326600,0.0,0.0,0.0
2020-04-09,91.55000305175781,91.55999755859375,91.52999877929688,91.52999877929688,76.6358413696289,7432700,0.0,0.0,0.0
2020-04-13,91.52999877929688,91.55999755859375,91.52999877929688,91.55000305175781,76.65261840820312,4806700,0.0,0.0,0.0
2020-04-14,91.52999877929688,91.55999755859375,91.52999877929688,91.55999755859375,76.66099548339844,7368800,0.0,0.0,0.0
2020-04-15,91.55000305175781,91.55999755859375,91.54000091552734,91.55000305175781,76.65261840820312,5840100,0.0,0.0,0.0
2020-04-16,91.55000305175781,91.55999755859375,91.54000091552734,91.54000091552734,76.64423370361328,5563300,0.0,0.0,0.0
2020-04-17,91.55000305175781,91.55999755859375,91.55000305175781,91.55999755859375,76.66099548339844,4217400,0.0,0.0,0.0
2020-04-20,91.55999755859375,91.55999755859375,91.55000305175781,91.55000305175781,76.65261840820312,5258700,0.0,0.0,0.0
2020-04-21,91.56999969482422,91.56999969482422,91.55000305175781,91.55000305175781,76.65261840820312,3527200,0.0,0.0,0.0
2020-04-22,91.55999755859375,91.55999755859375,91.55000305175781,91.55000305175781,76.65261840820312,2065200,0.0,0.0,0.0
2020-04-23,91.55999755859375,91.55999755859375,91.55000305175781,91.55999755859375,76.66099548339844,1928700,0.0,0.0,0.0
2020-04-24,91.55999755859375,91.55999755859375,91.55000305175781,91.55000305175781,76.65261840820312,1618100,0.0,0.0,0.0
2020-04-27,91.55000305175781,91.55999755859375,91.54000091552734,91.55000305175781,76.65261840820312,2244700,0.0,0.0,0.0
2020-04-28,91.55999755859375,91.55999755859375,91.55000305175781,91.55000305175781,76.65261840820312,2744800,0.0,0.0,0.0
2020-04-29,91.55999755859375,91.55999755859375,91.54000091552734,91.54000091552734,76.64423370361328,5313500,0.0,0.0,0.0
2020-04-30,91.54000091552734,91.55999755859375,91.54000091552734,91.55999755859375,76.66099548339844,7305600,0.0,0.0,0.0
2020-05-01,91.55000305175781,91.55000305175781,91.52999877929688,91.52999877929688,76.64756774902344,3710300,0.014,0.0,0.0
2020-05-04,91.55000305175781,91.55000305175781,91.52999877929688,91.52999877929688,76.64756774902344,5973500,0.0,0.0,0.0
2020-05-05,91.52999877929688,91.55000305175781,91.52999877929688,91.52999877929688,76.64756774902344,2949300,0.0,0.0,0.0
2020-05-06,91.55000305175781,91.55000305175781,91.52999877929688,91.54000091552734,76.65592193603516,1716300,0.0,0.0,0.0
2020-05-07,91.55000305175781,91.55000305175781,91.52999877929688,91.52999877929688,76.64756774902344,2271200,0.0,0.0,0.0
2020-05-08,91.52999877929688,91.55000305175781,91.52999877929688,91.52999877929688,76.64756774902344,3100700,0.0,0.0,0.0
2020-05-11,91.52999877929688,91.54000091552734,91.52999877929688,91.54000091552734,76.65592193603516,3903700,0.0,0.0,0.0
2020-05-12,91.52999877929688,91.54000091552734,91.52999877929688,91.54000091552734,76.65592193603516,3110500,0.0,0.0,0.0
2020-05-13,91.54000091552734,91.54000091552734,91.52999877929688,91.54000091552734,76.65592193603516,3524800,0.0,0.0,0.0
2020-05-14,91.54000091552734,91.55000305175781,91.52999877929688,91.55000305175781,76.66433715820312,4505200,0.0,0.0,0.0
2020-05-15,91.54000091552734,91.54000091552734,91.52999877929688,91.52999877929688,76.64756774902344,2361800,0.0,0.0,0.0
2020-05-18,91.52999877929688,91.54000091552734,91.52999877929688,91.52999877929688,76.64756774902344,2297500,0.0,0.0,0.0
2020-05-19,91.54000091552734,91.54000091552734,91.52999877929688,91.52999877929688,76.64756774902344,6505800,0.0,0.0,0.0
2020-05-20,91.54000091552734,91.54000091552734,91.52999877929688,91.52999877929688,76.64756774902344,1722400,0.0,0.0,0.0
2020-05-21,91.52999877929688,91.54000091552734,91.52999877929688,91.54000091552734,76.65592193603516,2400900,0.0,0.0,0.0
2020-05-22,91.54000091552734,91.54000091552734,91.52999877929688,91.52999877929688,76.64756774902344,1935600,0.0,0.0,0.0
2020-05-26,91.54000091552734,91.54000091552734,91.52999877929688,91.54000091552734,76.65592193603516,4214200,0.0,0.0,0.0
2020-05-27,91.52999877929688,91.54000091552734,91.52999877929688,91.52999877929688,76.64756774902344,3887400,0.0,0.0,0.0
2020-05-28,91.52999877929688,91.54000091552734,91.52999877929688,91.52999877929688,76.64756774902344,5061200,0.0,0.0,0.0
2020-05-29,91.52999877929688,91.54000091552734,91.52999877929688,91.52999877929688,76.64756774902344,3714600,0.0,0.0,0.0
2020-06-01,91.52999877929688,91.54000091552734,91.51000213623047,91.54000091552734,76.65592193603516,2919600,0.0,0.0,0.0
2020-06-02,91.54000091552734,91.54000091552734,91.52999877929688,91.54000091552734,76.65592193603516,4644600,0.0,0.0,0.0
2020-06-03,91.52999877929688,91.54000091552734,91.5199966430664,91.54000091552734,76.65592193603516,5447700,0.0,0.0,0.0
2020-06-04,91.54000091552734,91.54000091552734,91.52999877929688,91.54000091552734,76.65592193603516,3574600,0.0,0.0,0.0
2020-06-05,91.52999877929688,91.54000091552734,91.5199966430664,91.5199966430664,76.63920593261719,4808800,0.0,0.0,0.0
2020-06-08,91.54000091552734,91.54000091552734,91.5199966430664,91.52999877929688,76.64756774902344,3937200,0.0,0.0,0.0
2020-06-09,91.52999877929688,91.54000091552734,91.5199966430664,91.52999877929688,76.64756774902344,8989100,0.0,0.0,0.0
2020-06-10,91.5199966430664,91.54000091552734,91.5199966430664,91.54000091552734,76.65592193603516,3090200,0.0,0.0,0.0
2020-06-11,91.52999877929688,91.54000091552734,91.5199966430664,91.5199966430664,76.63920593261719,10544900,0.0,0.0,0.0
2020-06-12,91.54000091552734,91.54000091552734,91.5199966430664,91.54000091552734,76.65592193603516,8819400,0.0,0.0,0.0
2020-06-15,91.54000091552734,91.54000091552734,91.52999877929688,91.54000091552734,76.65592193603516,3391500,0.0,0.0,0.0
2020-06-16,91.52999877929688,91.54000091552734,91.5199966430664,91.54000091552734,76.65592193603516,2413600,0.0,0.0,0.0
2020-06-17,91.52999877929688,91.54000091552734,91.5199966430664,91.54000091552734,76.65592193603516,3992000,0.0,0.0,0.0
2020-06-18,91.54000091552734,91.54000091552734,91.52999877929688,91.52999877929688,76.64756774902344,1837800,0.0,0.0,0.0
2020-06-19,91.52999877929688,91.54000091552734,91.52999877929688,91.52999877929688,76.64756774902344,3115500,0.0,0.0,0.0
2020-06-22,91.52999877929688,91.54000091552734,91.52999877929688,91.52999877929688,76.64756774902344,3091900,0.0,0.0,0.0
2020-06-23,91.52999877929688,91.54000091552734,91.52999877929688,91.52999877929688,76.64756774902344,2898000,0.0,0.0,0.0
2020-06-24,91.52999877929688,91.54000091552734,91.52999877929688,91.52999877929688,76.64756774902344,3779000,0.0,0.0,0.0
2020-06-25,91.52999877929688,91.54000091552734,91.52999877929688,91.54000091552734,76.65592193603516,1767500,0.0,0.0,0.0
2020-06-26,91.52999877929688,91.54000091552734,91.52999877929688,91.52999877929688,76.64756774902344,1350100,0.0,0.0,0.0
2020-06-29,91.52999877929688,91.54000091552734,91.52999877929688,91.52999877929688,76.64756774902344,2431500,0.0,0.0,0.0
2020-06-30,91.52999877929688,91.54000091552734,91.52999877929688,91.52999877929688,76.64756774902344,3381100,0.0,0.0,0.0
2020-07-01,91.52999877929688,91.54000091552734,91.5199966430664,91.52999877929688,76.64756774902344,3160000,0.0,0.0,0.0
2020-07-02,91.54000091552734,91.54000091552734,91.52999877929688,91.54000091552734,76.65592193603516,2639700,0.0,0.0,0.0
2020-07-06,91.52999877929688,91.54000091552734,91.52999877929688,91.52999877929688,76.64756774902344,4064700,0.0,0.0,0.0
2020-07-07,91.52999877929688,91.54000091552734,91.52999877929688,91.52999877929688,76.64756774902344,2092700,0.0,0.0,0.0
2020-07-08,91.54000091552734,91.54000091552734,91.52999877929688,91.52999877929688,76.64756774902344,4376800,0.0,0.0,0.0
2020-07-09,91.52999877929688,91.54000091552734,91.52999877929688,91.52999877929688,76.64756774902344,1516600,0.0,0.0,0.0
2020-07-10,91.54000091552734,91.54000091552734,91.52999877929688,91.54000091552734,76.65592193603516,1241800,0.0,0.0,0.0
2020-07-13,91.52999877929688,91.54000091552734,91.52999877929688,91.54000091552734,76.65592193603516,2126500,0.0,0.0,0.0
2020-07-14,91.54000091552734,91.54000091552734,91.52999877929688,91.54000091552734,76.65592193603516,1326000,0.0,0.0,0.0
2020-07-15,91.52999877929688,91.54000091552734,91.52999877929688,91.54000091552734,76.65592193603516,2793100,0.0,0.0,0.0
2020-07-16,91.54000091552734,91.54000091552734,91.5199966430664,91.52999877929688,76.64756774902344,2395500,0.0,0.0,0.0
2020-07-17,91.52999877929688,91.54000091552734,91.52999877929688,91.54000091552734,76.65592193603516,2551400,0.0,0.0,0.0
2020-07-20,91.54000091552734,91.54000091552734,91.52999877929688,91.54000091552734,76.65592193603516,1276700,0.0,0.0,0.0
2020-07-21,91.54000091552734,91.54000091552734,91.52999877929688,91.54000091552734,76.65592193603516,1882700,0.0,0.0,0.0
2020-07-22,91.52999877929688,91.54000091552734,91.52999877929688,91.52999877929688,76.64756774902344,1479200,0.0,0.0,0.0
2020-07-23,91.52999877929688,91.54000091552734,91.52999877929688,91.54000091552734,76.65592193603516,1118300,0.0,0.0,0.0
2020-07-24,91.54000091552734,91.54000091552734,91.52999877929688,91.52999877929688,76.64756774902344,1009900,0.0,0.0,0.0
2020-07-27,91.52999877929688,91.54000091552734,91.52999877929688,91.52999877929688,76.64756774902344,1412400,0.0,0.0,0.0
2020-07-28,91.52999877929688,91.54000091552734,91.52999877929688,91.54000091552734,76.65592193603516,2012800,0.0,0.0,0.0
2020-07-29,91.52999877929688,91.54000091552734,91.52999877929688,91.54000091552734,76.65592193603516,1418100,0.0,0.0,0.0
2020-07-30,91.54000091552734,91.54000091552734,91.52999877929688,91.52999877929688,76.64756774902344,2403300,0.0,0.0,0.0
2020-07-31,91.52999877929688,91.54000091552734,91.52999877929688,91.54000091552734,76.65592193603516,1099800,0.0,0.0,0.0
2020-08-03,91.52999877929688,91.55000305175781,91.52999877929688,91.52999877929688,76.64756774902344,1564800,0.0,0.0,0.0
2020-08-04,91.54000091552734,91.54000091552734,91.52999877929688,91.54000091552734,76.65592193603516,1654700,0.0,0.0,0.0
2020-08-05,91.52999877929688,91.54000091552734,91.52999877929688,91.52999877929688,76.64756774902344,1980000,0.0,0.0,0.0
2020-08-06,91.52999877929688,91.54000091552734,91.52999877929688,91.52999877929688,76.64756774902344,1591300,0.0,0.0,0.0
2020-08-07,91.54000091552734,91.54000091552734,91.52999877929688,91.54000091552734,76.65592193603516,2105100,0.0,0.0,0.0
2020-08-10,91.52999877929688,91.54000091552734,91.52999877929688,91.54000091552734,76.65592193603516,887500,0.0,0.0,0.0
2020-08-11,91.52999877929688,91.54000091552734,91.52999877929688,91.52999877929688,76.64756774902344,1734100,0.0,0.0,0.0
2020-08-12,91.52999877929688,91.54000091552734,91.52999877929688,91.52999877929688,76.64756774902344,2876300,0.0,0.0,0.0
2020-08-13,91.54000091552734,91.54000091552734,91.52999877929688,91.54000091552734,76.65592193603516,2350800,0.0,0.0,0.0
2020-08-14,91.52999877929688,91.54000091552734,91.52999877929688,91.52999877929688,76.64756774902344,1206000,0.0,0.0,0.0
2020-08-17,91.54000091552734,91.55000305175781,91.52999877929688,91.52999877929688,76.64756774902344,2250100,0.0,0.0,0.0
2020-08-18,91.54000091552734,91.54000091552734,91.52999877929688,91.54000091552734,76.65592193603516,3536200,0.0,0.0,0.0
2020-08-19,91.54000091552734,91.54000091552734,91.52999877929688,91.54000091552734,76.65592193603516,1785500,0.0,0.0,0.0
2020-08-20,91.52999877929688,91.54000091552734,91.52999877929688,91.54000091552734,76.65592193603516,1091000,0.0,0.0,0.0
2020-08-21,91.54000091552734,91.54000091552734,91.52999877929688,91.54000091552734,76.65592193603516,1877100,0.0,0.0,0.0
2020-08-24,91.52999877929688,91.54000091552734,91.52999877929688,91.54000091552734,76.65592193603516,1276800,0.0,0.0,0.0
2020-08-25,91.52999877929688,91.54000091552734,91.52999877929688,91.52999877929688,76.64756774902344,1318300,0.0,0.0,0.0
2020-08-26,91.52999877929688,91.54000091552734,91.52999877929688,91.52999877929688,76.64756774902344,1058400,0.0,0.0,0.0
2020-08-27,91.52999877929688,91.54000091552734,91.52999877929688,91.52999877929688,76.64756774902344,1314500,0.0,0.0,0.0
2020-08-28,91.52999877929688,91.54000091552734,91.52999877929688,91.54000091552734,76.65592193603516,1023000,0.0,0.0,0.0
2020-08-31,91.52999877929688,91.54000091552734,91.52999877929688,91.54000091552734,76.65592193603516,1467200,0.0,0.0,0.0
2020-09-01,91.54000091552734,91.54000091552734,91.5199966430664,91.54000091552734,76.65592193603516,1091500,0.0,0.0,0.0
2020-09-02,91.54000091552734,91.54000091552734,91.52999877929688,91.54000091552734,76.65592193603516,1550000,0.0,0.0,0.0
2020-09-03,91.54000091552734,91.54000091552734,91.52999877929688,91.52999877929688,76.64756774902344,1942600,0.0,0.0,0.0
2020-09-04,91.52999877929688,91.54000091552734,91.52999877929688,91.54000091552734,76.65592193603516,1946100,0.0,0.0,0.0
2020-09-08,91.52999877929688,91.54000091552734,91.5199966430664,91.54000091552734,76.65592193603516,3647900,0.0,0.0,0.0
2020-09-09,91.54000091552734,91.54000091552734,91.52999877929688,91.52999877929688,76.64756774902344,2260900,0.0,0.0,0.0
2020-09-10,91.52999877929688,91.54000091552734,91.52999877929688,91.52999877929688,76.64756774902344,1667000,0.0,0.0,0.0
2020-09-11,91.54000091552734,91.54000091552734,91.5199966430664,91.5199966430664,76.63920593261719,1213400,0.0,0.0,0.0
2020-09-14,91.52999877929688,91.54000091552734,91.5199966430664,91.54000091552734,76.65592193603516,2103900,0.0,0.0,0.0
2020-09-15,91.52999877929688,91.52999877929688,91.5199966430664,91.5199966430664,76.63920593261719,1512900,0.0,0.0,0.0
2020-09-16,91.5199966430664,91.54000091552734,91.5199966430664,91.54000091552734,76.65592193603516,1248300,0.0,0.0,0.0
2020-09-17,91.52999877929688,91.54000091552734,91.5199966430664,91.54000091552734,76.65592193603516,2402500,0.0,0.0,0.0
2020-09-18,91.52999877929688,91.54000091552734,91.5199966430664,91.5199966430664,76.63920593261719,841400,0.0,0.0,0.0
2020-09-21,91.5199966430664,91.54000091552734,91.5199966430664,91.5199966430664,76.63920593261719,1605700,0.0,0.0,0.0
2020-09-22,91.54000091552734,91.54000091552734,91.5199966430664,91.5199966430664,76.63920593261719,1571600,0.0,0.0,0.0
2020-09-23,91.52999877929688,91.54000091552734,91.5199966430664,91.5199966430664,76.63920593261719,2503300,0.0,0.0,0.0
2020-09-24,91.52999877929688,91.54000091552734,91.52999877929688,91.52999877929688,76.64756774902344,2325600,0.0,0.0,0.0
2020-09-25,91.52999877929688,91.54000091552734,91.5199966430664,91.5199966430664,76.63920593261719,1971200,0.0,0.0,0.0
2020-09-28,91.52999877929688,91.54000091552734,91.5199966430664,91.52999877929688,76.64756774902344,4095200,0.0,0.0,0.0
2020-09-29,91.5199966430664,91.52999877929688,91.5199966430664,91.52999877929688,76.64756774902344,2004100,0.0,0.0,0.0
2020-09-30,91.52999877929688,91.52999877929688,91.5199966430664,91.5199966430664,76.63920593261719,2507800,0.0,0.0,0.0
2020-10-01,91.5199966430664,91.54000091552734,91.51000213623047,91.5199966430664,76.63920593261719,1030700,0.0,0.0,0.0
2020-10-02,91.52999877929688,91.52999877929688,91.5199966430664,91.5199966430664,76.63920593261719,2053700,0.0,0.0,0.0
2020-10-05,91.52999877929688,91.52999877929688,91.5199966430664,91.5199966430664,76.63920593261719,1286100,0.0,0.0,0.0
2020-10-06,91.5199966430664,91.52999877929688,91.5199966430664,91.52999877929688,76.64756774902344,2457600,0.0,0.0,0.0
2020-10-07,91.5199966430664,91.52999877929688,91.5199966430664,91.5199966430664,76.63920593261719,945100,0.0,0.0,0.0
2020-10-08,91.5199966430664,91.52999877929688,91.5199966430664,91.5199966430664,76.63920593261719,832100,0.0,0.0,0.0
2020-10-09,91.5199966430664,91.52999877929688,91.5199966430664,91.5199966430664,76.63920593261719,965400,0.0,0.0,0.0
2020-10-12,91.5199966430664,91.52999877929688,91.5199966430664,91.52999877929688,76.64756774902344,2242500,0.0,0.0,0.0
2020-10-13,91.52999877929688,91.52999877929688,91.5199966430664,91.5199966430664,76.63920593261719,1903900,0.0,0.0,0.0
2020-10-14,91.5199966430664,91.52999877929688,91.5199966430664,91.5199966430664,76.63920593261719,1505200,0.0,0.0,0.0
2020-10-15,91.52999877929688,91.52999877929688,91.5199966430664,91.5199966430664,76.63920593261719,1188800,0.0,0.0,0.0
2020-10-16,91.52999877929688,91.52999877929688,91.5199966430664,91.52999877929688,76.64756774902344,1251400,0.0,0.0,0.0
2020-10-19,91.52999877929688,91.52999877929688,91.5199966430664,91.52999877929688,76.64756774902344,788900,0.0,0.0,0.0
2020-10-20,91.5199966430664,91.52999877929688,91.5199966430664,91.5199966430664,76.63920593261719,1401400,0.0,0.0,0.0
2020-10-21,91.5199966430664,91.52999877929688,91.5199966430664,91.5199966430664,76.63920593261719,1065100,0.0,0.0,0.0
2020-10-22,91.5199966430664,91.52999877929688,91.5199966430664,91.52999877929688,76.64756774902344,926900,0.0,0.0,0.0
2020-10-23,91.52999877929688,91.52999877929688,91.5199966430664,91.52999877929688,76.64756774902344,995700,0.0,0.0,0.0
2020-10-26,91.5199966430664,91.52999877929688,91.5199966430664,91.52999877929688,76.64756774902344,3162400,0.0,0.0,0.0
2020-10-27,91.5199966430664,91.52999877929688,91.5199966430664,91.5199966430664,76.63920593261719,1034700,0.0,0.0,0.0
2020-10-28,91.52999877929688,91.52999877929688,91.5199966430664,91.5199966430664,76.63920593261719,2147600,0.0,0.0,0.0
2020-10-29,91.5199966430664,91.52999877929688,91.5199966430664,91.52999877929688,76.64756774902344,2664200,0.0,0.0,0.0
2020-10-30,91.52999877929688,91.52999877929688,91.5199966430664,91.52999877929688,76.64756774902344,2486300,0.0,0.0,0.0
2020-11-02,91.5199966430664,91.52999877929688,91.5199966430664,91.52999877929688,76.64756774902344,1380500,0.0,0.0,0.0
2020-11-03,91.5199966430664,91.52999877929688,91.5199966430664,91.52999877929688,76.64756774902344,920100,0.0,0.0,0.0
2020-11-04,91.52999877929688,91.52999877929688,91.5199966430664,91.5199966430664,76.63920593261719,2331100,0.0,0.0,0.0
2020-11-05,91.5199966430664,91.52999877929688,91.5199966430664,91.52999877929688,76.64756774902344,2171400,0.0,0.0,0.0
2020-11-06,91.52999877929688,91.52999877929688,91.5199966430664,91.5199966430664,76.63920593261719,1638900,0.0,0.0,0.0
2020-11-09,91.52999877929688,91.52999877929688,91.5199966430664,91.52999877929688,76.64756774902344,3195700,0.0,0.0,0.0
2020-11-10,91.5199966430664,91.52999877929688,91.5199966430664,91.5199966430664,76.63920593261719,2775700,0.0,0.0,0.0
2020-11-11,91.5199966430664,91.52999877929688,91.5199966430664,91.5199966430664,76.63920593261719,960500,0.0,0.0,0.0
2020-11-12,91.52999877929688,91.52999877929688,91.5199966430664,91.5199966430664,76.63920593261719,1124800,0.0,0.0,0.0
2020-11-13,91.5199966430664,91.52999877929688,91.5199966430664,91.52999877929688,76.64756774902344,1039100,0.0,0.0,0.0
2020-11-16,91.5199966430664,91.52999877929688,91.5199966430664,91.52999877929688,76.64756774902344,1092400,0.0,0.0,0.0
2020-11-17,91.5199966430664,91.52999877929688,91.5199966430664,91.52999877929688,76.64756774902344,1679100,0.0,0.0,0.0
2020-11-18,91.52999877929688,91.52999877929688,91.5199966430664,91.52999877929688,76.64756774902344,2600200,0.0,0.0,0.0
2020-11-19,91.52999877929688,91.52999877929688,91.5199966430664,91.52999877929688,76.64756774902344,1110400,0.0,0.0,0.0
2020-11-20,91.5199966430664,91.52999877929688,91.5199966430664,91.52999877929688,76.64756774902344,896200,0.0,0.0,0.0
2020-11-23,91.52999877929688,91.52999877929688,91.5199966430664,91.52999877929688,76.64756774902344,1082400,0.0,0.0,0.0
2020-11-24,91.5199966430664,91.52999877929688,91.5199966430664,91.52999877929688,76.64756774902344,2147000,0.0,0.0,0.0
2020-11-25,91.5199966430664,91.52999877929688,91.5199966430664,91.5199966430664,76.63920593261719,991600,0.0,0.0,0.0
2020-11-27,91.5199966430664,91.52999877929688,91.5199966430664,91.52999877929688,76.64756774902344,525100,0.0,0.0,0.0
2020-11-30,91.5199966430664,91.52999877929688,91.5199966430664,91.5199966430664,76.63920593261719,1224500,0.0,0.0,0.0
2020-12-01,91.51000213623047,91.52999877929688,91.51000213623047,91.51000213623047,76.63333892822266,2887900,0.003,0.0,0.0
2020-12-02,91.51000213623047,91.52999877929688,91.51000213623047,91.5199966430664,76.6417236328125,3397400,0.0,0.0,0.0
2020-12-03,91.5199966430664,91.52999877929688,91.5199966430664,91.5199966430664,76.6417236328125,1342700,0.0,0.0,0.0
2020-12-04,91.5199966430664,91.52999877929688,91.5199966430664,91.52999877929688,76.65009307861328,1283000,0.0,0.0,0.0
2020-12-07,91.5199966430664,91.52999877929688,91.51000213623047,91.51000213623047,76.63333892822266,1714900,0.0,0.0,0.0
2020-12-08,91.51000213623047,91.52999877929688,91.51000213623047,91.51000213623047,76.63333892822266,2136200,0.0,0.0,0.0
2020-12-09,91.5199966430664,91.5199966430664,91.51000213623047,91.51000213623047,76.63333892822266,2411300,0.0,0.0,0.0
2020-12-10,91.5199966430664,91.5199966430664,91.51000213623047,91.51000213623047,76.63333892822266,802800,0.0,0.0,0.0
2020-12-11,91.51000213623047,91.5199966430664,91.51000213623047,91.5199966430664,76.6417236328125,807400,0.0,0.0,0.0
2020-12-14,91.51000213623047,91.5199966430664,91.51000213623047,91.51000213623047,76.63333892822266,1270300,0.0,0.0,0.0
2020-12-15,91.51000213623047,91.5199966430664,91.51000213623047,91.51000213623047,76.63333892822266,1235300,0.0,0.0,0.0
2020-12-16,91.51000213623047,91.5199966430664,91.51000213623047,91.5199966430664,76.6417236328125,1036600,0.0,0.0,0.0
2020-12-17,91.51000213623047,91.5199966430664,91.51000213623047,91.5199966430664,76.6417236328125,1051500,0.0,0.0,0.0
2020-12-18,91.5199966430664,91.5199966430664,91.51000213623047,91.5199966430664,76.6417236328125,1041400,0.0,0.0,0.0
2020-12-21,91.51000213623047,91.5199966430664,91.51000213623047,91.5199966430664,76.6417236328125,1352900,0.0,0.0,0.0
2020-12-22,91.5199966430664,91.5199966430664,91.51000213623047,91.5199966430664,76.6417236328125,1140800,0.0,0.0,0.0
2020-12-23,91.51000213623047,91.5199966430664,91.51000213623047,91.51000213623047,76.63333892822266,1066100,0.0,0.0,0.0
2020-12-24,91.5199966430664,91.5199966430664,91.51000213623047,91.5199966430664,76.6417236328125,580500,0.0,0.0,0.0
2020-12-28,91.51000213623047,91.5199966430664,91.51000213623047,91.5199966430664,76.6417236328125,794600,0.0,0.0,0.0
2020-12-29,91.5199966430664,91.5199966430664,91.51000213623047,91.5199966430664,76.6417236328125,1590400,0.0,0.0,0.0
2020-12-30,91.51000213623047,91.5199966430664,91.51000213623047,91.51000213623047,76.63333892822266,1219400,0.0,0.0,0.0
2020-12-31,91.51000213623047,91.5199966430664,91.51000213623047,91.5199966430664,76.6417236328125,1343900,0.0,0.0,0.0
2021-01-04,91.5199966430664,91.5199966430664,91.51000213623047,91.5199966430664,76.6417236328125,1588000,0.0,0.0,0.0
2021-01-05,91.51000213623047,91.5199966430664,91.51000213623047,91.51000213623047,76.63333892822266,940300,0.0,0.0,0.0
2021-01-06,91.51000213623047,91.5199966430664,91.51000213623047,91.5199966430664,76.6417236328125,1710800,0.0,0.0,0.0
2021-01-07,91.51000213623047,91.5199966430664,91.51000213623047,91.5199966430664,76.6417236328125,1249400,0.0,0.0,0.0
2021-01-08,91.51000213623047,91.5199966430664,91.51000213623047,91.51000213623047,76.63333892822266,1767600,0.0,0.0,0.0
2021-01-11,91.51000213623047,91.5199966430664,91.51000213623047,91.5199966430664,76.6417236328125,1128800,0.0,0.0,0.0
2021-01-12,91.5199966430664,91.5199966430664,91.51000213623047,91.51000213623047,76.63333892822266,6770200,0.0,0.0,0.0
2021-01-13,91.51000213623047,91.5199966430664,91.51000213623047,91.51000213623047,76.63333892822266,3257300,0.0,0.0,0.0
2021-01-14,91.51000213623047,91.5199966430664,91.51000213623047,91.5199966430664,76.6417236328125,2009300,0.0,0.0,0.0
2021-01-15,91.51000213623047,91.5199966430664,91.51000213623047,91.5199966430664,76.6417236328125,2250400,0.0,0.0,0.0
2021-01-19,91.51000213623047,91.5199966430664,91.51000213623047,91.5199966430664,76.6417236328125,1974300,0.0,0.0,0.0
2021-01-20,91.51000213623047,91.5199966430664,91.51000213623047,91.5199966430664,76.6417236328125,641900,0.0,0.0,0.0
2021-01-21,91.51000213623047,91.5199966430664,91.51000213623047,91.5199966430664,76.6417236328125,867000,0.0,0.0,0.0
2021-01-22,91.51000213623047,91.5199966430664,91.51000213623047,91.51000213623047,76.63333892822266,780900,0.0,0.0,0.0
2021-01-25,91.51000213623047,91.5199966430664,91.51000213623047,91.5199966430664,76.6417236328125,921400,0.0,0.0,0.0
2021-01-26,91.51000213623047,91.5199966430664,91.51000213623047,91.51000213623047,76.63333892822266,1878400,0.0,0.0,0.0
2021-01-27,91.5199966430664,91.5199966430664,91.51000213623047,91.51000213623047,76.63333892822266,1615100,0.0,0.0,0.0
2021-01-28,91.51000213623047,91.5199966430664,91.51000213623047,91.5199966430664,76.6417236328125,1965600,0.0,0.0,0.0
2021-01-29,91.51000213623047,91.5199966430664,91.51000213623047,91.5199966430664,76.6417236328125,3702300,0.0,0.0,0.0
2021-02-01,91.5199966430664,91.52999877929688,91.51000213623047,91.5199966430664,76.6417236328125,1563000,0.0,0.0,0.0
2021-02-02,91.51000213623047,91.5199966430664,91.51000213623047,91.51000213623047,76.63333892822266,1099500,0.0,0.0,0.0
2021-02-03,91.5199966430664,91.5199966430664,91.51000213623047,91.51000213623047,76.63333892822266,1207900,0.0,0.0,0.0
2021-02-04,91.51000213623047,91.5199966430664,91.51000213623047,91.5199966430664,76.6417236328125,944000,0.0,0.0,0.0
2021-02-05,91.5199966430664,91.5199966430664,91.51000213623047,91.5199966430664,76.6417236328125,726400,0.0,0.0,0.0
2021-02-08,91.51000213623047,91.5199966430664,91.51000213623047,91.5199966430664,76.6417236328125,1505100,0.0,0.0,0.0
2021-02-09,91.51000213623047,91.5199966430664,91.51000213623047,91.5199966430664,76.6417236328125,1270000,0.0,0.0,0.0
2021-02-10,91.5199966430664,91.5199966430664,91.51000213623047,91.51000213623047,76.63333892822266,1424400,0.0,0.0,0.0
2021-02-11,91.51000213623047,91.5199966430664,91.51000213623047,91.5199966430664,76.6417236328125,696900,0.0,0.0,0.0
2021-02-12,91.51000213623047,91.5199966430664,91.51000213623047,91.51000213623047,76.63333892822266,900900,0.0,0.0,0.0
2021-02-16,91.51000213623047,91.5199966430664,91.51000213623047,91.5199966430664,76.6417236328125,1026200,0.0,0.0,0.0
2021-02-17,91.51000213623047,91.5199966430664,91.51000213623047,91.5199966430664,76.6417236328125,781400,0.0,0.0,0.0
2021-02-18,91.51000213623047,91.5199966430664,91.51000213623047,91.51000213623047,76.63333892822266,1406500,0.0,0.0,0.0
2021-02-19,91.51000213623047,91.5199966430664,91.51000213623047,91.5199966430664,76.6417236328125,805200,0.0,0.0,0.0
2021-02-22,91.51000213623047,91.5199966430664,91.51000213623047,91.51000213623047,76.63333892822266,1284500,0.0,0.0,0.0
2021-02-23,91.51000213623047,91.5199966430664,91.51000213623047,91.51000213623047,76.63333892822266,1169800,0.0,0.0,0.0
2021-02-24,91.51000213623047,91.51000213623047,91.5,91.5,76.62498474121094,861500,0.0,0.0,0.0
2021-02-25,91.5,91.51000213623047,91.5,91.51000213623047,76.63333892822266,1371000,0.0,0.0,0.0
2021-02-26,91.51000213623047,91.51000213623047,91.5,91.51000213623047,76.63333892822266,1971100,0.0,0.0,0.0
2021-03-01,91.51000213623047,91.51000213623047,91.5,91.5,76.62498474121094,1287100,0.0,0.0,0.0
2021-03-02,91.51000213623047,91.51000213623047,91.5,91.5,76.62498474121094,1588400,0.0,0.0,0.0
2021-03-03,91.5,91.51000213623047,91.5,91.51000213623047,76.63333892822266,1801400,0.0,0.0,0.0
2021-03-04,91.51000213623047,91.51000213623047,91.5,91.51000213623047,76.63333892822266,1452400,0.0,0.0,0.0
2021-03-05,91.5,91.51000213623047,91.5,91.51000213623047,76.63333892822266,1249000,0.0,0.0,0.0
2021-03-08,91.5,91.51000213623047,91.5,91.5,76.62498474121094,1075500,0.0,0.0,0.0
2021-03-09,91.5,91.51000213623047,91.5,91.5,76.62498474121094,1518600,0.0,0.0,0.0
2021-03-10,91.5,91.51000213623047,91.5,91.5,76.62498474121094,1100600,0.0,0.0,0.0
2021-03-11,91.5,91.51000213623047,91.5,91.51000213623047,76.63333892822266,659400,0.0,0.0,0.0
2021-03-12,91.5,91.51000213623047,91.5,91.5,76.62498474121094,737700,0.0,0.0,0.0
2021-03-15,91.5,91.51000213623047,91.5,91.5,76.62498474121094,976300,0.0,0.0,0.0
2021-03-16,91.5,91.51000213623047,91.5,91.5,76.62498474121094,1145000,0.0,0.0,0.0
2021-03-17,91.5,91.51000213623047,91.5,91.51000213623047,76.63333892822266,1021500,0.0,0.0,0.0
2021-03-18,91.5,91.51000213623047,91.5,91.5,76.62498474121094,955600,0.0,0.0,0.0
2021-03-19,91.51000213623047,91.51000213623047,91.5,91.5,76.62498474121094,704300,0.0,0.0,0.0
2021-03-22,91.5,91.51000213623047,91.5,91.5,76.62498474121094,676600,0.0,0.0,0.0
2021-03-23,91.51000213623047,91.51000213623047,91.5,91.51000213623047,76.63333892822266,1691300,0.0,0.0,0.0
2021-03-24,91.5,91.51000213623047,91.5,91.5,76.62498474121094,510200,0.0,0.0,0.0
2021-03-25,91.5,91.51000213623047,91.5,91.5,76.62498474121094,1224000,0.0,0.0,0.0
2021-03-26,91.5,91.51000213623047,91.5,91.5,76.62498474121094,797900,0.0,0.0,0.0
2021-03-29,91.5,91.51000213623047,91.5,91.5,76.62498474121094,925500,0.0,0.0,0.0
2021-03-30,91.5,91.51000213623047,91.5,91.51000213623047,76.63333892822266,606500,0.0,0.0,0.0
2021-03-31,91.5,91.51000213623047,91.5,91.5,76.62498474121094,882400,0.0,0.0,0.0
2021-04-01,91.51000213623047,91.51000213623047,91.48999786376953,91.51000213623047,76.63333892822266,2289200,0.0,0.0,0.0
2021-04-05,91.5,91.5,91.48999786376953,91.5,76.62498474121094,1014800,0.0,0.0,0.0
2021-04-06,91.48999786376953,91.5,91.48999786376953,91.48999786376953,76.61656188964844,672100,0.0,0.0,0.0
2021-04-07,91.5,91.5,91.48999786376953,91.48999786376953,76.61656188964844,1039700,0.0,0.0,0.0
2021-04-08,91.48999786376953,91.5,91.48999786376953,91.5,76.62498474121094,2910500,0.0,0.0,0.0
2021-04-09,91.48999786376953,91.5,91.48999786376953,91.48999786376953,76.61656188964844,735800,0.0,0.0,0.0
2021-04-12,91.48999786376953,91.5,91.48999786376953,91.48999786376953,76.61656188964844,866900,0.0,0.0,0.0
2021-04-13,91.5,91.5,91.48999786376953,91.48999786376953,76.61656188964844,2840800,0.0,0.0,0.0
2021-04-14,91.48999786376953,91.5,91.48999786376953,91.48999786376953,76.61656188964844,645200,0.0,0.0,0.0
2021-04-15,91.5,91.5,91.48999786376953,91.5,76.62498474121094,794100,0.0,0.0,0.0
2021-04-16,91.48999786376953,91.5,91.48999786376953,91.5,76.62498474121094,2055200,0.0,0.0,0.0
2021-04-19,91.48999786376953,91.5,91.48999786376953,91.48999786376953,76.61656188964844,754300,0.0,0.0,0.0
2021-04-20,91.48999786376953,91.5,91.48999786376953,91.48999786376953,76.61656188964844,1548600,0.0,0.0,0.0
2021-04-21,91.48999786376953,91.5,91.48999786376953,91.48999786376953,76.61656188964844,980000,0.0,0.0,0.0
2021-04-22,91.48999786376953,91.5,91.48999786376953,91.5,76.62498474121094,1226600,0.0,0.0,0.0
2021-04-23,91.5,91.5,91.48999786376953,91.5,76.62498474121094,495500,0.0,0.0,0.0
2021-04-26,91.48999786376953,91.5,91.48999786376953,91.48999786376953,76.61656188964844,1061300,0.0,0.0,0.0
2021-04-27,91.48999786376953,91.5,91.48999786376953,91.5,76.62498474121094,787900,0.0,0.0,0.0
2021-04-28,91.48999786376953,91.5,91.48999786376953,91.48999786376953,76.61656188964844,999200,0.0,0.0,0.0
2021-04-29,91.48999786376953,91.5,91.48999786376953,91.48999786376953,76.61656188964844,899800,0.0,0.0,0.0
2021-04-30,91.48999786376953,91.5,91.48999786376953,91.5,76.62498474121094,1064300,0.0,0.0,0.0
2021-05-03,91.48999786376953,91.5,91.48999786376953,91.5,76.62498474121094,1169100,0.0,0.0,0.0
2021-05-04,91.48999786376953,91.5,91.48999786376953,91.48999786376953,76.61656188964844,2178200,0.0,0.0,0.0
2021-05-05,91.48999786376953,91.5,91.48999786376953,91.5,76.62498474121094,553500,0.0,0.0,0.0
2021-05-06,91.48999786376953,91.5,91.48999786376953,91.5,76.62498474121094,1066600,0.0,0.0,0.0
2021-05-07,91.4800033569336,91.48999786376953,91.4800033569336,91.48999786376953,76.61656188964844,1829300,0.0,0.0,0.0
2021-05-10,91.4800033569336,91.48999786376953,91.4800033569336,91.48999786376953,76.61656188964844,723700,0.0,0.0,0.0
2021-05-11,91.4800033569336,91.48999786376953,91.4800033569336,91.48999786376953,76.61656188964844,1157100,0.0,0.0,0.0
2021-05-12,91.48999786376953,91.48999786376953,91.4800033569336,91.4800033569336,76.60820007324219,915700,0.0,0.0,0.0
2021-05-13,91.4800033569336,91.5,91.4800033569336,91.4800033569336,76.60820007324219,5954600,0.0,0.0,0.0
2021-05-14,91.4800033569336,91.48999786376953,91.4800033569336,91.4800033569336,76.60820007324219,1662900,0.0,0.0,0.0
2021-05-17,91.4800033569336,91.48999786376953,91.4800033569336,91.48999786376953,76.61656188964844,867100,0.0,0.0,0.0
2021-05-18,91.48999786376953,91.48999786376953,91.4800033569336,91.48999786376953,76.61656188964844,1047800,0.0,0.0,0.0
2021-05-19,91.4800033569336,91.48999786376953,91.4800033569336,91.4800033569336,76.60820007324219,1675300,0.0,0.0,0.0
2021-05-20,91.4800033569336,91.48999786376953,91.4800033569336,91.4800033569336,76.60820007324219,852400,0.0,0.0,0.0
2021-05-21,91.4800033569336,91.48999786376953,91.4800033569336,91.48999786376953,76.61656188964844,785900,0.0,0.0,0.0
2021-05-24,91.4800033569336,91.48999786376953,91.4800033569336,91.4800033569336,76.60820007324219,1014300,0.0,0.0,0.0
2021-05-25,91.4800033569336,91.48999786376953,91.4800033569336,91.4800033569336,76.60820007324219,686900,0.0,0.0,0.0
2021-05-26,91.48999786376953,91.48999786376953,91.4800033569336,91.4800033569336,76.60820007324219,998100,0.0,0.0,0.0
2021-05-27,91.4800033569336,91.48999786376953,91.4800033569336,91.48999786376953,76.61656188964844,675600,0.0,0.0,0.0
2021-05-28,91.4800033569336,91.48999786376953,91.4800033569336,91.48999786376953,76.61656188964844,927900,0.0,0.0,0.0
2021-06-01,91.4800033569336,91.48999786376953,91.4800033569336,91.4800033569336,76.60820007324219,1121200,0.0,0.0,0.0
2021-06-02,91.48999786376953,91.48999786376953,91.4800033569336,91.4800033569336,76.60820007324219,1752700,0.0,0.0,0.0
2021-06-03,91.4800033569336,91.48999786376953,91.4800033569336,91.4800033569336,76.60820007324219,517400,0.0,0.0,0.0
2021-06-04,91.4800033569336,91.48999786376953,91.4800033569336,91.48999786376953,76.61656188964844,962300,0.0,0.0,0.0
2021-06-07,91.4800033569336,91.48999786376953,91.47000122070312,91.47000122070312,76.59982299804688,983600,0.0,0.0,0.0
2021-06-08,91.47000122070312,91.4800033569336,91.47000122070312,91.47000122070312,76.59982299804688,833500,0.0,0.0,0.0
2021-06-09,91.4800033569336,91.4800033569336,91.47000122070312,91.47000122070312,76.59982299804688,1122600,0.0,0.0,0.0
2021-06-10,91.47000122070312,91.4800033569336,91.47000122070312,91.47000122070312,76.59982299804688,858000,0.0,0.0,0.0
2021-06-11,91.47000122070312,91.4800033569336,91.47000122070312,91.4800033569336,76.60820007324219,732300,0.0,0.0,0.0
2021-06-14,91.47000122070312,91.4800033569336,91.47000122070312,91.47000122070312,76.59982299804688,439100,0.0,0.0,0.0
2021-06-15,91.47000122070312,91.4800033569336,91.47000122070312,91.47000122070312,76.59982299804688,1008600,0.0,0.0,0.0
2021-06-16,91.47000122070312,91.4800033569336,91.47000122070312,91.4800033569336,76.60820007324219,575400,0.0,0.0,0.0
2021-06-17,91.4800033569336,91.4800033569336,91.47000122070312,91.47000122070312,76.59982299804688,1458900,0.0,0.0,0.0
2021-06-18,91.47000122070312,91.4800033569336,91.47000122070312,91.4800033569336,76.60820007324219,885300,0.0,0.0,0.0
2021-06-21,91.4800033569336,91.4800033569336,91.47000122070312,91.47000122070312,76.59982299804688,846700,0.0,0.0,0.0
2021-06-22,91.47000122070312,91.4800033569336,91.47000122070312,91.47000122070312,76.59982299804688,386000,0.0,0.0,0.0
2021-06-23,91.47000122070312,91.4800033569336,91.47000122070312,91.47000122070312,76.59982299804688,651800,0.0,0.0,0.0
2021-06-24,91.47000122070312,91.4800033569336,91.47000122070312,91.4800033569336,76.60820007324219,912400,0.0,0.0,0.0
2021-06-25,91.47000122070312,91.4800033569336,91.47000122070312,91.4800033569336,76.60820007324219,1276500,0.0,0.0,0.0
2021-06-28,91.4800033569336,91.4800033569336,91.47000122070312,91.47000122070312,76.59982299804688,592700,0.0,0.0,0.0
2021-06-29,91.47000122070312,91.4800033569336,91.47000122070312,91.47000122070312,76.59982299804688,887100,0.0,0.0,0.0
2021-06-30,91.4800033569336,91.4800033569336,91.47000122070312,91.47000122070312,76.59982299804688,555300,0.0,0.0,0.0
2021-07-01,91.47000122070312,91.4800033569336,91.47000122070312,91.4800033569336,76.60820007324219,584000,0.0,0.0,0.0
2021-07-02,91.47000122070312,91.47000122070312,91.45999908447266,91.47000122070312,76.59982299804688,638800,0.0,0.0,0.0
2021-07-06,91.45999908447266,91.47000122070312,91.45999908447266,91.45999908447266,76.59146881103516,654200,0.0,0.0,0.0
2021-07-07,91.45999908447266,91.47000122070312,91.45999908447266,91.45999908447266,76.59146881103516,820700,0.0,0.0,0.0
2021-07-08,91.45999908447266,91.47000122070312,91.45999908447266,91.47000122070312,76.59982299804688,934200,0.0,0.0,0.0
2021-07-09,91.47000122070312,91.47000122070312,91.45999908447266,91.47000122070312,76.59982299804688,632900,0.0,0.0,0.0
2021-07-12,91.45999908447266,91.47000122070312,91.45999908447266,91.47000122070312,76.59982299804688,709400,0.0,0.0,0.0
2021-07-13,91.45999908447266,91.47000122070312,91.45999908447266,91.47000122070312,76.59982299804688,1037700,0.0,0.0,0.0
2021-07-14,91.45999908447266,91.47000122070312,91.45999908447266,91.45999908447266,76.59146881103516,583500,0.0,0.0,0.0
2021-07-15,91.45999908447266,91.47000122070312,91.45999908447266,91.47000122070312,76.59982299804688,961800,0.0,0.0,0.0
2021-07-16,91.45999908447266,91.47000122070312,91.45999908447266,91.47000122070312,76.59982299804688,618600,0.0,0.0,0.0
2021-07-19,91.45999908447266,91.47000122070312,91.45999908447266,91.45999908447266,76.59146881103516,2751000,0.0,0.0,0.0
2021-07-20,91.45999908447266,91.47000122070312,91.45999908447266,91.45999908447266,76.59146881103516,1726400,0.0,0.0,0.0
2021-07-21,91.45999908447266,91.47000122070312,91.45999908447266,91.45999908447266,76.59146881103516,1123100,0.0,0.0,0.0
2021-07-22,91.45999908447266,91.47000122070312,91.45999908447266,91.47000122070312,76.59982299804688,680500,0.0,0.0,0.0
2021-07-23,91.45999908447266,91.47000122070312,91.45999908447266,91.45999908447266,76.59146881103516,1078300,0.0,0.0,0.0
2021-07-26,91.45999908447266,91.47000122070312,91.45999908447266,91.47000122070312,76.59982299804688,712500,0.0,0.0,0.0
2021-07-27,91.47000122070312,91.47000122070312,91.45999908447266,91.45999908447266,76.59146881103516,878600,0.0,0.0,0.0
2021-07-28,91.45999908447266,91.47000122070312,91.45999908447266,91.45999908447266,76.59146881103516,1342100,0.0,0.0,0.0
2021-07-29,91.45999908447266,91.47000122070312,91.45999908447266,91.47000122070312,76.59982299804688,903400,0.0,0.0,0.0
2021-07-30,91.45999908447266,91.47000122070312,91.45999908447266,91.45999908447266,76.59146881103516,410800,0.0,0.0,0.0
2021-08-02,91.45999908447266,91.47000122070312,91.45999908447266,91.45999908447266,76.59146881103516,597700,0.0,0.0,0.0
2021-08-03,91.45999908447266,91.47000122070312,91.45999908447266,91.45999908447266,76.59146881103516,745100,0.0,0.0,0.0
2021-08-04,91.45999908447266,91.47000122070312,91.45999908447266,91.45999908447266,76.59146881103516,1067700,0.0,0.0,0.0
2021-08-05,91.45999908447266,91.47000122070312,91.45999908447266,91.45999908447266,76.59146881103516,488300,0.0,0.0,0.0
2021-08-06,91.45999908447266,91.47000122070312,91.45999908447266,91.47000122070312,76.59982299804688,694200,0.0,0.0,0.0
2021-08-09,91.45999908447266,91.47000122070312,91.45999908447266,91.47000122070312,76.59982299804688,1642900,0.0,0.0,0.0
2021-08-10,91.47000122070312,91.47000122070312,91.45999908447266,91.45999908447266,76.59146881103516,937200,0.0,0.0,0.0
2021-08-11,91.45999908447266,91.47000122070312,91.45999908447266,91.45999908447266,76.59146881103516,1080500,0.0,0.0,0.0
2021-08-12,91.45999908447266,91.47000122070312,91.45999908447266,91.45999908447266,76.59146881103516,616500,0.0,0.0,0.0
2021-08-13,91.47000122070312,91.47000122070312,91.45999908447266,91.47000122070312,76.59982299804688,1124700,0.0,0.0,0.0
2021-08-16,91.45999908447266,91.47000122070312,91.44999694824219,91.44999694824219,76.58309173583984,1689700,0.0,0.0,0.0
2021-08-17,91.47000122070312,91.47000122070312,91.44999694824219,91.44999694824219,76.58309173583984,1564100,0.0,0.0,0.0
2021-08-18,91.44999694824219,91.47000122070312,91.44999694824219,91.44999694824219,76.58309173583984,925700,0.0,0.0,0.0
2021-08-19,91.44999694824219,91.47000122070312,91.44999694824219,91.47000122070312,76.59982299804688,1720600,0.0,0.0,0.0
2021-08-20,91.45999908447266,91.47000122070312,91.44999694824219,91.47000122070312,76.59982299804688,796200,0.0,0.0,0.0
2021-08-23,91.45999908447266,91.45999908447266,91.44999694824219,91.44999694824219,76.58309173583984,470700,0.0,0.0,0.0
2021-08-24,91.44999694824219,91.45999908447266,91.44999694824219,91.44999694824219,76.58309173583984,808200,0.0,0.0,0.0
2021-08-25,91.44999694824219,91.45999908447266,91.44999694824219,91.44999694824219,76.58309173583984,555200,0.0,0.0,0.0
2021-08-26,91.45999908447266,91.45999908447266,91.44999694824219,91.45999908447266,76.59146881103516,785600,0.0,0.0,0.0
2021-08-27,91.45999908447266,91.45999908447266,91.44999694824219,91.45999908447266,76.59146881103516,479900,0.0,0.0,0.0
2021-08-30,91.45999908447266,91.45999908447266,91.44999694824219,91.45999908447266,76.59146881103516,617900,0.0,0.0,0.0
2021-08-31,91.44999694824219,91.45999908447266,91.44999694824219,91.44999694824219,76.58309173583984,1021300,0.0,0.0,0.0
2021-09-01,91.45999908447266,91.45999908447266,91.44999694824219,91.44999694824219,76.58309173583984,1076800,0.0,0.0,0.0
2021-09-02,91.44999694824219,91.47000122070312,91.44999694824219,91.47000122070312,76.59982299804688,673800,0.0,0.0,0.0
2021-09-03,91.45999908447266,91.45999908447266,91.44999694824219,91.44999694824219,76.58309173583984,496300,0.0,0.0,0.0
2021-09-07,91.45999908447266,91.45999908447266,91.44999694824219,91.44999694824219,76.58309173583984,1597100,0.0,0.0,0.0
2021-09-08,91.44999694824219,91.45999908447266,91.44999694824219,91.44999694824219,76.58309173583984,1053500,0.0,0.0,0.0
2021-09-09,91.44999694824219,91.45999908447266,91.44999694824219,91.44999694824219,76.58309173583984,735500,0.0,0.0,0.0
2021-09-10,91.44999694824219,91.45999908447266,91.44999694824219,91.45999908447266,76.59146881103516,521700,0.0,0.0,0.0
2021-09-13,91.44999694824219,91.45999908447266,91.44999694824219,91.45999908447266,76.59146881103516,5164600,0.0,0.0,0.0
2021-09-14,91.45999908447266,91.45999908447266,91.44999694824219,91.44999694824219,76.58309173583984,4534300,0.0,0.0,0.0
2021-09-15,91.44999694824219,91.45999908447266,91.44999694824219,91.44999694824219,76.58309173583984,1465500,0.0,0.0,0.0
2021-09-16,91.45999908447266,91.45999908447266,91.44999694824219,91.45999908447266,76.59146881103516,1322600,0.0,0.0,0.0
2021-09-17,91.44999694824219,91.45999908447266,91.44999694824219,91.44999694824219,76.58309173583984,810900,0.0,0.0,0.0
2021-09-20,91.44999694824219,91.45999908447266,91.44999694824219,91.45999908447266,76.59146881103516,1087100,0.0,0.0,0.0
2021-09-21,91.44999694824219,91.45999908447266,91.44999694824219,91.44999694824219,76.58309173583984,1462300,0.0,0.0,0.0
2021-09-22,91.44999694824219,91.45999908447266,91.44999694824219,91.44999694824219,76.58309173583984,1062200,0.0,0.0,0.0
2021-09-23,91.44999694824219,91.45999908447266,91.44999694824219,91.45999908447266,76.59146881103516,1108400,0.0,0.0,0.0
2021-09-24,91.45999908447266,91.45999908447266,91.44999694824219,91.44999694824219,76.58309173583984,1912100,0.0,0.0,0.0
2021-09-27,91.45999908447266,91.45999908447266,91.44000244140625,91.44999694824219,76.58309173583984,2605900,0.0,0.0,0.0
2021-09-28,91.45999908447266,91.45999908447266,91.44000244140625,91.44999694824219,76.58309173583984,978800,0.0,0.0,0.0
2021-09-29,91.44999694824219,91.45999908447266,91.44999694824219,91.45999908447266,76.59146881103516,787600,0.0,0.0,0.0
2021-09-30,91.44999694824219,91.45999908447266,91.44999694824219,91.45999908447266,76.59146881103516,777700,0.0,0.0,0.0
2021-10-01,91.45999908447266,91.45999908447266,91.44000244140625,91.45999908447266,76.59146881103516,1484700,0.0,0.0,0.0
2021-10-04,91.44999694824219,91.44999694824219,91.44000244140625,91.44000244140625,76.57469940185547,757500,0.0,0.0,0.0
2021-10-05,91.44000244140625,91.44999694824219,91.44000244140625,91.44999694824219,76.58309173583984,537800,0.0,0.0,0.0
2021-10-06,91.44000244140625,91.44999694824219,91.44000244140625,91.44999694824219,76.58309173583984,1394800,0.0,0.0,0.0
2021-10-07,91.44000244140625,91.44999694824219,91.44000244140625,91.44999694824219,76.58309173583984,775400,0.0,0.0,0.0
2021-10-08,91.44999694824219,91.44999694824219,91.44000244140625,91.44999694824219,76.58309173583984,487600,0.0,0.0,0.0
2021-10-11,91.44000244140625,91.44999694824219,91.44000244140625,91.44999694824219,76.58309173583984,622200,0.0,0.0,0.0
2021-10-12,91.44000244140625,91.44999694824219,91.44000244140625,91.44999694824219,76.58309173583984,580200,0.0,0.0,0.0
2021-10-13,91.44000244140625,91.44999694824219,91.44000244140625,91.44999694824219,76.58309173583984,934200,0.0,0.0,0.0
2021-10-14,91.44999694824219,91.44999694824219,91.44000244140625,91.44000244140625,76.57469940185547,610500,0.0,0.0,0.0
2021-10-15,91.44000244140625,91.44999694824219,91.44000244140625,91.44999694824219,76.58309173583984,798700,0.0,0.0,0.0
2021-10-18,91.44000244140625,91.44999694824219,91.44000244140625,91.44000244140625,76.57469940185547,650100,0.0,0.0,0.0
2021-10-19,91.44000244140625,91.44999694824219,91.44000244140625,91.44000244140625,76.57469940185547,585400,0.0,0.0,0.0
2021-10-20,91.44999694824219,91.44999694824219,91.44000244140625,91.44000244140625,76.57469940185547,2241500,0.0,0.0,0.0
2021-10-21,91.44000244140625,91.44999694824219,91.44000244140625,91.44000244140625,76.57469940185547,733500,0.0,0.0,0.0
2021-10-22,91.44000244140625,91.44999694824219,91.43000030517578,91.44000244140625,76.57469940185547,721000,0.0,0.0,0.0
2021-10-25,91.44999694824219,91.44999694824219,91.44000244140625,91.44999694824219,76.58309173583984,674100,0.0,0.0,0.0
2021-10-26,91.44000244140625,91.44999694824219,91.43000030517578,91.43000030517578,76.56634521484375,1092600,0.0,0.0,0.0
2021-10-27,91.44000244140625,91.44999694824219,91.43000030517578,91.43000030517578,76.56634521484375,779600,0.0,0.0,0.0
2021-10-28,91.44000244140625,91.44999694824219,91.44000244140625,91.44999694824219,76.58309173583984,663800,0.0,0.0,0.0
2021-10-29,91.44000244140625,91.44999694824219,91.43000030517578,91.44999694824219,76.58309173583984,886900,0.0,0.0,0.0
2021-11-01,91.44000244140625,91.44999694824219,91.44000244140625,91.44999694824219,76.58309173583984,1121800,0.0,0.0,0.0
2021-11-02,91.44000244140625,91.44999694824219,91.43000030517578,91.43000030517578,76.56634521484375,699200,0.0,0.0,0.0
2021-11-03,91.44000244140625,91.44000244140625,91.43000030517578,91.43000030517578,76.56634521484375,1099500,0.0,0.0,0.0
2021-11-04,91.44000244140625,91.44999694824219,91.43000030517578,91.44000244140625,76.57469940185547,791500,0.0,0.0,0.0
2021-11-05,91.44000244140625,91.44000244140625,91.43000030517578,91.44000244140625,76.57469940185547,829100,0.0,0.0,0.0
2021-11-08,91.44000244140625,91.44999694824219,91.43000030517578,91.44999694824219,76.58309173583984,1379300,0.0,0.0,0.0
2021-11-09,91.44000244140625,91.44000244140625,91.43000030517578,91.43000030517578,76.56634521484375,962800,0.0,0.0,0.0
2021-11-10,91.44000244140625,91.44999694824219,91.43000030517578,91.43000030517578,76.56634521484375,1147600,0.0,0.0,0.0
2021-11-11,91.44000244140625,91.44000244140625,91.43000030517578,91.44000244140625,76.57469940185547,789300,0.0,0.0,0.0
2021-11-12,91.43000030517578,91.44000244140625,91.43000030517578,91.44000244140625,76.57469940185547,558600,0.0,0.0,0.0
2021-11-15,91.44000244140625,91.44000244140625,91.43000030517578,91.44000244140625,76.57469940185547,670800,0.0,0.0,0.0
2021-11-16,91.44000244140625,91.44000244140625,91.43000030517578,91.43000030517578,76.56634521484375,1105900,0.0,0.0,0.0
2021-11-17,91.43000030517578,91.44000244140625,91.43000030517578,91.43000030517578,76.56634521484375,1197200,0.0,0.0,0.0
2021-11-18,91.43000030517578,91.44000244140625,91.43000030517578,91.44000244140625,76.57469940185547,801900,0.0,0.0,0.0
2021-11-19,91.44000244140625,91.44000244140625,91.43000030517578,91.44000244140625,76.57469940185547,1430300,0.0,0.0,0.0
2021-11-22,91.43000030517578,91.44000244140625,91.43000030517578,91.44000244140625,76.57469940185547,778900,0.0,0.0,0.0
2021-11-23,91.43000030517578,91.44000244140625,91.43000030517578,91.43000030517578,76.56634521484375,771400,0.0,0.0,0.0
2021-11-24,91.43000030517578,91.44000244140625,91.43000030517578,91.44000244140625,76.57469940185547,677000,0.0,0.0,0.0
2021-11-26,91.43000030517578,91.44000244140625,91.43000030517578,91.43000030517578,76.56634521484375,735800,0.0,0.0,0.0
2021-11-29,91.43000030517578,91.44000244140625,91.43000030517578,91.44000244140625,76.57469940185547,1067100,0.0,0.0,0.0
2021-11-30,91.44000244140625,91.44000244140625,91.43000030517578,91.43000030517578,76.56634521484375,2554800,0.0,0.0,0.0
2021-12-01,91.44000244140625,91.44000244140625,91.43000030517578,91.44000244140625,76.57469940185547,1989400,0.0,0.0,0.0
2021-12-02,91.44000244140625,91.44000244140625,91.43000030517578,91.44000244140625,76.57469940185547,1502400,0.0,0.0,0.0
2021-12-03,91.44000244140625,91.44000244140625,91.43000030517578,91.43000030517578,76.56634521484375,717900,0.0,0.0,0.0
2021-12-06,91.44000244140625,91.44000244140625,91.43000030517578,91.43000030517578,76.56634521484375,796700,0.0,0.0,0.0
2021-12-07,91.44000244140625,91.44000244140625,91.43000030517578,91.43000030517578,76.56634521484375,617900,0.0,0.0,0.0
2021-12-08,91.43000030517578,91.44000244140625,91.43000030517578,91.44000244140625,76.57469940185547,1446600,0.0,0.0,0.0
2021-12-09,91.43000030517578,91.44000244140625,91.43000030517578,91.43000030517578,76.56634521484375,1110700,0.0,0.0,0.0
2021-12-10,91.44000244140625,91.44000244140625,91.43000030517578,91.44000244140625,76.57469940185547,935300,0.0,0.0,0.0
2021-12-13,91.43000030517578,91.44000244140625,91.43000030517578,91.44000244140625,76.57469940185547,462600,0.0,0.0,0.0
2021-12-14,91.44000244140625,91.44000244140625,91.43000030517578,91.44000244140625,76.57469940185547,817200,0.0,0.0,0.0
2021-12-15,91.43000030517578,91.44000244140625,91.43000030517578,91.44000244140625,76.57469940185547,1653900,0.0,0.0,0.0
2021-12-16,91.43000030517578,91.44000244140625,91.43000030517578,91.43000030517578,76.56634521484375,809600,0.0,0.0,0.0
2021-12-17,91.44000244140625,91.44000244140625,91.43000030517578,91.44000244140625,76.57469940185547,1063900,0.0,0.0,0.0
2021-12-20,91.43000030517578,91.44000244140625,91.43000030517578,91.43000030517578,76.56634521484375,2235100,0.0,0.0,0.0
2021-12-21,91.43000030517578,91.44000244140625,91.41999816894531,91.41999816894531,76.55794525146484,2372300,0.0,0.0,0.0
2021-12-22,91.43000030517578,91.44000244140625,91.41999816894531,91.41999816894531,76.55794525146484,1001900,0.0,0.0,0.0
2021-12-23,91.41999816894531,91.43000030517578,91.41999816894531,91.41999816894531,76.55794525146484,571400,0.0,0.0,0.0
2021-12-27,91.41999816894531,91.43000030517578,91.41999816894531,91.43000030517578,76.56634521484375,730400,0.0,0.0,0.0
2021-12-28,91.43000030517578,91.43000030517578,91.41999816894531,91.41999816894531,76.55794525146484,1933000,0.0,0.0,0.0
2021-12-29,91.41999816894531,91.43000030517578,91.41999816894531,91.41999816894531,76.55794525146484,1246300,0.0,0.0,0.0
2021-12-30,91.41999816894531,91.43000030517578,91.41999816894531,91.43000030517578,76.56634521484375,837000,0.0,0.0,0.0
2021-12-31,91.41999816894531,91.43000030517578,91.41999816894531,91.43000030517578,76.56634521484375,871400,0.0,0.0,0.0
2022-01-03,91.43000030517578,91.43000030517578,91.41999816894531,91.41999816894531,76.55794525146484,1764000,0.0,0.0,0.0
2022-01-04,91.41999816894531,91.43000030517578,91.41999816894531,91.43000030517578,76.56634521484375,2511800,0.0,0.0,0.0
2022-01-05,91.43000030517578,91.43000030517578,91.41999816894531,91.43000030517578,76.56634521484375,1637300,0.0,0.0,0.0
2022-01-06,91.43000030517578,91.43000030517578,91.41999816894531,91.43000030517578,76.56634521484375,1077900,0.0,0.0,0.0
2022-01-07,91.43000030517578,91.43000030517578,91.41999816894531,91.43000030517578,76.56634521484375,766900,0.0,0.0,0.0
2022-01-10,91.41999816894531,91.43000030517578,91.41999816894531,91.41999816894531,76.55794525146484,1846800,0.0,0.0,0.0
2022-01-11,91.41999816894531,91.41999816894531,91.41000366210938,91.41000366210938,76.54957580566406,1847500,0.0,0.0,0.0
2022-01-12,91.41999816894531,91.43000030517578,91.41999816894531,91.41999816894531,76.55794525146484,959700,0.0,0.0,0.0
2022-01-13,91.41999816894531,91.43000030517578,91.41999816894531,91.43000030517578,76.56634521484375,1056500,0.0,0.0,0.0
2022-01-14,91.41999816894531,91.43000030517578,91.41999816894531,91.43000030517578,76.56634521484375,564000,0.0,0.0,0.0
2022-01-18,91.43000030517578,91.43000030517578,91.41000366210938,91.41000366210938,76.54957580566406,3068100,0.0,0.0,0.0
2022-01-19,91.43000030517578,91.43000030517578,91.41999816894531,91.43000030517578,76.56634521484375,2074900,0.0,0.0,0.0
2022-01-20,91.43000030517578,91.43000030517578,91.41999816894531,91.43000030517578,76.56634521484375,1628700,0.0,0.0,0.0
2022-01-21,91.41999816894531,91.43000030517578,91.41000366210938,91.41999816894531,76.55794525146484,2937600,0.0,0.0,0.0
2022-01-24,91.41000366210938,91.43000030517578,91.41000366210938,91.43000030517578,76.56634521484375,4854900,0.0,0.0,0.0
2022-01-25,91.41999816894531,91.43000030517578,91.41000366210938,91.41000366210938,76.54957580566406,4776800,0.0,0.0,0.0
2022-01-26,91.41000366210938,91.43000030517578,91.41000366210938,91.41999816894531,76.55794525146484,3694400,0.0,0.0,0.0
2022-01-27,91.41000366210938,91.43000030517578,91.41000366210938,91.43000030517578,76.56634521484375,6218700,0.0,0.0,0.0
2022-01-28,91.41999816894531,91.43000030517578,91.41000366210938,91.41000366210938,76.54957580566406,4811100,0.0,0.0,0.0
2022-01-31,91.41999816894531,91.43000030517578,91.41000366210938,91.43000030517578,76.56634521484375,26333300,0.0,0.0,0.0
2022-02-01,91.41000366210938,91.43000030517578,91.41000366210938,91.41999816894531,76.55794525146484,6452700,0.0,0.0,0.0
2022-02-02,91.41999816894531,91.43000030517578,91.41999816894531,91.43000030517578,76.56634521484375,2119800,0.0,0.0,0.0
2022-02-03,91.41999816894531,91.43000030517578,91.41000366210938,91.43000030517578,76.56634521484375,2323000,0.0,0.0,0.0
2022-02-04,91.41999816894531,91.41999816894531,91.41000366210938,91.41000366210938,76.54957580566406,6726000,0.0,0.0,0.0
2022-02-07,91.41999816894531,91.41999816894531,91.41000366210938,91.41000366210938,76.54957580566406,1667500,0.0,0.0,0.0
2022-02-08,91.41999816894531,91.41999816894531,91.41000366210938,91.41999816894531,76.55794525146484,24173900,0.0,0.0,0.0
2022-02-09,91.41000366210938,91.41999816894531,91.41000366210938,91.41000366210938,76.54957580566406,4386800,0.0,0.0,0.0
2022-02-10,91.41000366210938,91.41999816894531,91.4000015258789,91.41000366210938,76.54957580566406,6107100,0.0,0.0,0.0
2022-02-11,91.41000366210938,91.41999816894531,91.4000015258789,91.41000366210938,76.54957580566406,3164600,0.0,0.0,0.0
2022-02-14,91.41000366210938,91.41999816894531,91.4000015258789,91.4000015258789,76.54122924804688,1876400,0.0,0.0,0.0
2022-02-15,91.41000366210938,91.41999816894531,91.41000366210938,91.41999816894531,76.55794525146484,923100,0.0,0.0,0.0
2022-02-16,91.41999816894531,91.41999816894531,91.41000366210938,91.41999816894531,76.55794525146484,1057500,0.0,0.0,0.0
2022-02-17,91.41999816894531,91.41999816894531,91.41000366210938,91.41000366210938,76.54957580566406,2324900,0.0,0.0,0.0
2022-02-18,91.41999816894531,91.41999816894531,91.41000366210938,91.41999816894531,76.55794525146484,1485300,0.0,0.0,0.0
2022-02-22,91.41000366210938,91.41999816894531,91.41000366210938,91.41999816894531,76.55794525146484,2188500,0.0,0.0,0.0
2022-02-23,91.41000366210938,91.41999816894531,91.41000366210938,91.41000366210938,76.54957580566406,11535000,0.0,0.0,0.0
2022-02-24,91.41999816894531,91.43000030517578,91.41000366210938,91.41000366210938,76.54957580566406,8393400,0.0,0.0,0.0
2022-02-25,91.41999816894531,91.41999816894531,91.41000366210938,91.41000366210938,76.54957580566406,1846500,0.0,0.0,0.0
2022-02-28,91.41999816894531,91.41999816894531,91.41000366210938,91.41000366210938,76.54957580566406,1769300,0.0,0.0,0.0
2022-03-01,91.41999816894531,91.41999816894531,91.41000366210938,91.41000366210938,76.56803131103516,4195900,0.022,0.0,0.0
2022-03-02,91.41999816894531,91.41999816894531,91.41000366210938,91.41000366210938,76.56803131103516,2298700,0.0,0.0,0.0
2022-03-03,91.41999816894531,91.41999816894531,91.41000366210938,91.41999816894531,76.5763931274414,2265500,0.0,0.0,0.0
2022-03-04,91.41000366210938,91.41999816894531,91.41000366210938,91.41999816894531,76.5763931274414,1231700,0.0,0.0,0.0
2022-03-07,91.4000015258789,91.41999816894531,91.4000015258789,91.41999816894531,76.5763931274414,15932100,0.0,0.0,0.0
2022-03-08,91.41999816894531,91.41999816894531,91.41000366210938,91.41999816894531,76.5763931274414,7738700,0.0,0.0,0.0
2022-03-09,91.41999816894531,91.41999816894531,91.41000366210938,91.41999816894531,76.5763931274414,2580700,0.0,0.0,0.0
2022-03-10,91.41999816894531,91.41999816894531,91.41000366210938,91.41999816894531,76.5763931274414,2353100,0.0,0.0,0.0
2022-03-11,91.41999816894531,91.41999816894531,91.41000366210938,91.41000366210938,76.56803131103516,805100,0.0,0.0,0.0
2022-03-14,91.41000366210938,91.41999816894531,91.41000366210938,91.41999816894531,76.5763931274414,3886800,0.0,0.0,0.0
2022-03-15,91.41999816894531,91.41999816894531,91.4000015258789,91.4000015258789,76.55964660644531,6259700,0.0,0.0,0.0
2022-03-16,91.41000366210938,91.41999816894531,91.4000015258789,91.41999816894531,76.5763931274414,1773200,0.0,0.0,0.0
2022-03-17,91.41000366210938,91.41999816894531,91.41000366210938,91.41999816894531,76.5763931274414,5463400,0.0,0.0,0.0
2022-03-18,91.41999816894531,91.41999816894531,91.41000366210938,91.41000366210938,76.56803131103516,3115300,0.0,0.0,0.0
2022-03-21,91.41000366210938,91.41999816894531,91.41000366210938,91.41000366210938,76.56803131103516,3961400,0.0,0.0,0.0
2022-03-22,91.41999816894531,91.41999816894531,91.41000366210938,91.41000366210938,76.56803131103516,3440100,0.0,0.0,0.0
2022-03-23,91.41000366210938,91.43000030517578,91.41000366210938,91.43000030517578,76.58478546142578,2205600,0.0,0.0,0.0
2022-03-24,91.41999816894531,91.43000030517578,91.41999816894531,91.43000030517578,76.58478546142578,1749600,0.0,0.0,0.0
2022-03-25,91.43000030517578,91.43000030517578,91.41000366210938,91.41000366210938,76.56803131103516,2840100,0.0,0.0,0.0
2022-03-28,91.41999816894531,91.41999816894531,91.41000366210938,91.41000366210938,76.56803131103516,2839400,0.0,0.0,0.0
2022-03-29,91.41999816894531,91.43000030517578,91.41000366210938,91.41000366210938,76.56803131103516,4356400,0.0,0.0,0.0
2022-03-30,91.41000366210938,91.43000030517578,91.41000366210938,91.43000030517578,76.58478546142578,5278400,0.0,0.0,0.0
2022-03-31,91.43000030517578,91.43000030517578,91.41999816894531,91.43000030517578,76.58478546142578,4311600,0.0,0.0,0.0
2022-04-01,91.41999816894531,91.43000030517578,91.41000366210938,91.43000030517578,76.58478546142578,2302500,0.0,0.0,0.0
2022-04-04,91.41000366210938,91.41999816894531,91.41000366210938,91.41999816894531,76.5763931274414,2478600,0.0,0.0,0.0
2022-04-05,91.41000366210938,91.41999816894531,91.41000366210938,91.41000366210938,76.56803131103516,2060900,0.0,0.0,0.0
2022-04-06,91.41999816894531,91.41999816894531,91.41000366210938,91.41999816894531,76.5763931274414,2698700,0.0,0.0,0.0
2022-04-07,91.41000366210938,91.41999816894531,91.41000366210938,91.41999816894531,76.5763931274414,2615000,0.0,0.0,0.0
2022-04-08,91.41000366210938,91.41999816894531,91.41000366210938,91.41000366210938,76.56803131103516,4726200,0.0,0.0,0.0
2022-04-11,91.41999816894531,91.41999816894531,91.41000366210938,91.41999816894531,76.5763931274414,3597100,0.0,0.0,0.0
2022-04-12,91.41000366210938,91.41999816894531,91.41000366210938,91.41999816894531,76.5763931274414,5780400,0.0,0.0,0.0
2022-04-13,91.41000366210938,91.41999816894531,91.41000366210938,91.41999816894531,76.5763931274414,3719200,0.0,0.0,0.0
2022-04-14,91.41000366210938,91.41999816894531,91.41000366210938,91.41000366210938,76.56803131103516,1612700,0.0,0.0,0.0
2022-04-18,91.41000366210938,91.41999816894531,91.41000366210938,91.41999816894531,76.5763931274414,2689000,0.0,0.0,0.0
2022-04-19,91.41000366210938,91.41999816894531,91.41000366210938,91.41000366210938,76.56803131103516,3194900,0.0,0.0,0.0
2022-04-20,91.41000366210938,91.43000030517578,91.41000366210938,91.43000030517578,76.58478546142578,1901700,0.0,0.0,0.0
2022-04-21,91.43000030517578,91.43000030517578,91.41999816894531,91.43000030517578,76.58478546142578,3573700,0.0,0.0,0.0
2022-04-22,91.41000366210938,91.43000030517578,91.41000366210938,91.41999816894531,76.5763931274414,2183300,0.0,0.0,0.0
2022-04-25,91.41000366210938,91.43000030517578,91.41000366210938,91.43000030517578,76.58478546142578,10561900,0.0,0.0,0.0
2022-04-26,91.41999816894531,91.43000030517578,91.41999816894531,91.41999816894531,76.5763931274414,4266900,0.0,0.0,0.0
2022-04-27,91.41999816894531,91.43000030517578,91.41999816894531,91.41999816894531,76.5763931274414,7534800,0.0,0.0,0.0
2022-04-28,91.41999816894531,91.44000244140625,91.41999816894531,91.44000244140625,76.59314727783203,5876900,0.0,0.0,0.0
2022-04-29,91.43000030517578,91.43000030517578,91.41999816894531,91.41999816894531,76.5763931274414,2678700,0.0,0.0,0.0
2022-05-02,91.44000244140625,91.44000244140625,91.41999816894531,91.43000030517578,76.58478546142578,7420800,0.0,0.0,0.0
2022-05-03,91.44000244140625,91.44000244140625,91.41999816894531,91.41999816894531,76.5763931274414,5964300,0.0,0.0,0.0
2022-05-04,91.41999816894531,91.44000244140625,91.41999816894531,91.44000244140625,76.59314727783203,3019400,0.0,0.0,0.0
2022-05-05,91.44000244140625,91.44000244140625,91.43000030517578,91.44000244140625,76.59314727783203,4886800,0.0,0.0,0.0
2022-05-06,91.43000030517578,91.44000244140625,91.43000030517578,91.44000244140625,76.59314727783203,4785800,0.0,0.0,0.0
2022-05-09,91.44999694824219,91.44999694824219,91.43000030517578,91.43000030517578,76.58478546142578,8826900,0.0,0.0,0.0
2022-05-10,91.44000244140625,91.44999694824219,91.43000030517578,91.43000030517578,76.58478546142578,8261200,0.0,0.0,0.0
2022-05-11,91.43000030517578,91.44999694824219,91.43000030517578,91.43000030517578,76.58478546142578,6387100,0.0,0.0,0.0
2022-05-12,91.44000244140625,91.44999694824219,91.43000030517578,91.44000244140625,76.59314727783203,9010900,0.0,0.0,0.0
2022-05-13,91.43000030517578,91.44999694824219,91.43000030517578,91.44999694824219,76.60155487060547,14920600,0.0,0.0,0.0
2022-05-16,91.44000244140625,91.44000244140625,91.43000030517578,91.44000244140625,76.59314727783203,2700400,0.0,0.0,0.0
2022-05-17,91.43000030517578,91.44999694824219,91.43000030517578,91.44000244140625,76.59314727783203,2456600,0.0,0.0,0.0
2022-05-18,91.44000244140625,91.44999694824219,91.43000030517578,91.44000244140625,76.59314727783203,4456300,0.0,0.0,0.0
2022-05-19,91.44999694824219,91.45999908447266,91.44000244140625,91.45999908447266,76.60989379882812,4009000,0.0,0.0,0.0
2022-05-20,91.44999694824219,91.45999908447266,91.44000244140625,91.45999908447266,76.60989379882812,3051600,0.0,0.0,0.0
2022-05-23,91.44999694824219,91.45999908447266,91.44999694824219,91.45999908447266,76.60989379882812,2073200,0.0,0.0,0.0
2022-05-24,91.45999908447266,91.45999908447266,91.44999694824219,91.44999694824219,76.60155487060547,3355300,0.0,0.0,0.0
2022-05-25,91.44999694824219,91.45999908447266,91.44999694824219,91.45999908447266,76.60989379882812,1700700,0.0,0.0,0.0
2022-05-26,91.44999694824219,91.4800033569336,91.44999694824219,91.4800033569336,76.62666320800781,3220500,0.0,0.0,0.0
2022-05-27,91.47000122070312,91.47000122070312,91.44999694824219,91.45999908447266,76.60989379882812,2958500,0.0,0.0,0.0
2022-05-31,91.47000122070312,91.47000122070312,91.44000244140625,91.44999694824219,76.60155487060547,19779300,0.0,0.0,0.0
2022-06-01,91.44000244140625,91.44000244140625,91.41999816894531,91.41999816894531,76.60235595703125,18526200,0.031,0.0,0.0
2022-06-02,91.43000030517578,91.44000244140625,91.41999816894531,91.44000244140625,76.6191177368164,1281900,0.0,0.0,0.0
2022-06-03,91.43000030517578,91.44000244140625,91.41999816894531,91.41999816894531,76.60235595703125,3104000,0.0,0.0,0.0
2022-06-06,91.43000030517578,91.43000030517578,91.41999816894531,91.43000030517578,76.61074829101562,1593400,0.0,0.0,0.0
2022-06-07,91.43000030517578,91.44000244140625,91.41999816894531,91.41999816894531,76.60235595703125,1682100,0.0,0.0,0.0
2022-06-08,91.44000244140625,91.44000244140625,91.43000030517578,91.43000030517578,76.61074829101562,2004600,0.0,0.0,0.0
2022-06-09,91.44000244140625,91.44000244140625,91.43000030517578,91.44000244140625,76.6191177368164,1762500,0.0,0.0,0.0
2022-06-10,91.44000244140625,91.44000244140625,91.41999816894531,91.41999816894531,76.60235595703125,7140300,0.0,0.0,0.0
2022-06-13,91.43000030517578,91.43000030517578,91.41999816894531,91.43000030517578,76.61074829101562,37231500,0.0,0.0,0.0
2022-06-14,91.41999816894531,91.41999816894531,91.41000366210938,91.41999816894531,76.60235595703125,8434200,0.0,0.0,0.0
2022-06-15,91.41999816894531,91.43000030517578,91.41000366210938,91.43000030517578,76.61074829101562,2895100,0.0,0.0,0.0
2022-06-16,91.43000030517578,91.44999694824219,91.41999816894531,91.44999694824219,76.62752532958984,5284100,0.0,0.0,0.0
2022-06-17,91.44000244140625,91.44999694824219,91.44000244140625,91.44000244140625,76.6191177368164,3422300,0.0,0.0,0.0
2022-06-21,91.44999694824219,91.45999908447266,91.44000244140625,91.45999908447266,76.6358871459961,5266300,0.0,0.0,0.0
2022-06-22,91.45999908447266,91.47000122070312,91.44999694824219,91.47000122070312,76.64427185058594,2871200,0.0,0.0,0.0
2022-06-23,91.47000122070312,91.47000122070312,91.45999908447266,91.47000122070312,76.64427185058594,4669500,0.0,0.0,0.0
2022-06-24,91.47000122070312,91.47000122070312,91.44999694824219,91.44999694824219,76.62752532958984,3544200,0.0,0.0,0.0
2022-06-27,91.45999908447266,91.45999908447266,91.44999694824219,91.44999694824219,76.62752532958984,7641900,0.0,0.0,0.0
2022-06-28,91.45999908447266,91.47000122070312,91.45999908447266,91.47000122070312,76.64427185058594,2885300,0.0,0.0,0.0
2022-06-29,91.44999694824219,91.4800033569336,91.44999694824219,91.4800033569336,76.65264129638672,1893500,0.0,0.0,0.0
2022-06-30,91.4800033569336,91.48999786376953,91.47000122070312,91.48999786376953,76.6610336303711,4423500,0.0,0.0,0.0
2022-07-01,91.43000030517578,91.44000244140625,91.41000366210938,91.43000030517578,76.65514373779297,35879400,0.053,0.0,0.0
2022-07-05,91.43000030517578,91.43000030517578,91.41999816894531,91.43000030517578,76.65514373779297,9036600,0.0,0.0,0.0
2022-07-06,91.43000030517578,91.43000030517578,91.41999816894531,91.43000030517578,76.65514373779297,3783200,0.0,0.0,0.0
2022-07-07,91.44000244140625,91.44000244140625,91.41999816894531,91.43000030517578,76.65514373779297,1840500,0.0,0.0,0.0
2022-07-08,91.43000030517578,91.43000030517578,91.41999816894531,91.41999816894531,76.64677429199219,1363900,0.0,0.0,0.0
2022-07-11,91.41999816894531,91.43000030517578,91.41999816894531,91.43000030517578,76.65514373779297,2316900,0.0,0.0,0.0
2022-07-12,91.43000030517578,91.43000030517578,91.41999816894531,91.41999816894531,76.64677429199219,15559600,0.0,0.0,0.0
2022-07-13,91.41999816894531,91.43000030517578,91.4000015258789,91.41999816894531,76.64677429199219,12606500,0.0,0.0,0.0
2022-07-14,91.41000366210938,91.43000030517578,91.41000366210938,91.43000030517578,76.65514373779297,5037600,0.0,0.0,0.0
2022-07-15,91.43000030517578,91.43000030517578,91.41999816894531,91.41999816894531,76.64677429199219,6939500,0.0,0.0,0.0
2022-07-18,91.41999816894531,91.43000030517578,91.41000366210938,91.41999816894531,76.64677429199219,3639500,0.0,0.0,0.0
2022-07-19,91.43000030517578,91.43000030517578,91.41999816894531,91.41999816894531,76.64677429199219,6771200,0.0,0.0,0.0
2022-07-20,91.43000030517578,91.44000244140625,91.41999816894531,91.41999816894531,76.64677429199219,4695800,0.0,0.0,0.0
2022-07-21,91.43000030517578,91.44999694824219,91.41999816894531,91.44999694824219,76.67192077636719,3627900,0.0,0.0,0.0
2022-07-22,91.44999694824219,91.45999908447266,91.44000244140625,91.45999908447266,76.68032836914062,3511300,0.0,0.0,0.0
2022-07-25,91.44999694824219,91.44999694824219,91.44000244140625,91.44999694824219,76.67192077636719,3172000,0.0,0.0,0.0
2022-07-26,91.44999694824219,91.44999694824219,91.44000244140625,91.44999694824219,76.67192077636719,1477200,0.0,0.0,0.0
2022-07-27,91.44999694824219,91.45999908447266,91.44000244140625,91.44999694824219,76.67192077636719,2611200,0.0,0.0,0.0
2022-07-28,91.45999908447266,91.47000122070312,91.45999908447266,91.45999908447266,76.68032836914062,7732500,0.0,0.0,0.0
2022-07-29,91.45999908447266,91.4800033569336,91.45999908447266,91.47000122070312,76.68870544433594,6626600,0.0,0.0,0.0
2022-08-01,91.37000274658203,91.38999938964844,91.37000274658203,91.37999725341797,76.69456481933594,10760700,0.097,0.0,0.0
2022-08-02,91.37999725341797,91.38999938964844,91.37999725341797,91.38999938964844,76.7029800415039,3115600,0.0,0.0,0.0
2022-08-03,91.4000015258789,91.4000015258789,91.37999725341797,91.37999725341797,76.69456481933594,4216500,0.0,0.0,0.0
2022-08-04,91.41000366210938,91.41999816894531,91.4000015258789,91.4000015258789,76.71134185791016,6491000,0.0,0.0,0.0
2022-08-05,91.41999816894531,91.41999816894531,91.41000366210938,91.41999816894531,76.7281494140625,1852700,0.0,0.0,0.0
2022-08-08,91.41000366210938,91.43000030517578,91.41000366210938,91.43000030517578,76.73653411865234,2745500,0.0,0.0,0.0
2022-08-09,91.41000366210938,91.43000030517578,91.41000366210938,91.41999816894531,76.7281494140625,3834300,0.0,0.0,0.0
2022-08-10,91.41999816894531,91.44000244140625,91.41999816894531,91.43000030517578,76.73653411865234,3782000,0.0,0.0,0.0
2022-08-11,91.44000244140625,91.44999694824219,91.43000030517578,91.43000030517578,76.73653411865234,6543700,0.0,0.0,0.0
2022-08-12,91.44000244140625,91.44999694824219,91.44000244140625,91.44999694824219,76.75333404541016,2110900,0.0,0.0,0.0
2022-08-15,91.44000244140625,91.44999694824219,91.44000244140625,91.44000244140625,76.74491882324219,5605700,0.0,0.0,0.0
2022-08-16,91.45999908447266,91.45999908447266,91.44999694824219,91.44999694824219,76.75333404541016,4336300,0.0,0.0,0.0
2022-08-17,91.45999908447266,91.47000122070312,91.44999694824219,91.44999694824219,76.75333404541016,3673500,0.0,0.0,0.0
2022-08-18,91.4800033569336,91.48999786376953,91.47000122070312,91.48999786376953,76.78688049316406,2227900,0.0,0.0,0.0
2022-08-19,91.4800033569336,91.48999786376953,91.47000122070312,91.48999786376953,76.78688049316406,4136800,0.0,0.0,0.0
2022-08-22,91.4800033569336,91.5,91.4800033569336,91.5,76.7952880859375,5597500,0.0,0.0,0.0
2022-08-23,91.5,91.5,91.4800033569336,91.4800033569336,76.77848815917969,6860300,0.0,0.0,0.0
2022-08-24,91.5,91.51000213623047,91.48999786376953,91.51000213623047,76.80364990234375,2585800,0.0,0.0,0.0
2022-08-25,91.51000213623047,91.5199966430664,91.51000213623047,91.5199966430664,76.81205749511719,3997700,0.0,0.0,0.0
2022-08-26,91.51000213623047,91.52999877929688,91.51000213623047,91.5199966430664,76.81205749511719,5442900,0.0,0.0,0.0
2022-08-29,91.5199966430664,91.52999877929688,91.5199966430664,91.5199966430664,76.81205749511719,7337600,0.0,0.0,0.0
2022-08-30,91.52999877929688,91.54000091552734,91.5199966430664,91.52999877929688,76.82042694091797,32133200,0.0,0.0,0.0
2022-08-31,91.54000091552734,91.55000305175781,91.52999877929688,91.55000305175781,76.83724975585938,9405200,0.0,0.0,0.0
2022-09-01,91.43000030517578,91.43000030517578,91.41999816894531,91.43000030517578,76.85321044921875,8174900,0.139,0.0,0.0
2022-09-02,91.43000030517578,91.44000244140625,91.41999816894531,91.44000244140625,76.86162567138672,5871700,0.0,0.0,0.0
2022-09-06,91.43000030517578,91.44000244140625,91.43000030517578,91.44000244140625,76.86162567138672,7990900,0.0,0.0,0.0
2022-09-07,91.43000030517578,91.44999694824219,91.43000030517578,91.44999694824219,76.8700180053711,5180700,0.0,0.0,0.0
2022-09-08,91.47000122070312,91.47000122070312,91.44999694824219,91.47000122070312,76.8868408203125,4564500,0.0,0.0,0.0
2022-09-09,91.45999908447266,91.47000122070312,91.45999908447266,91.47000122070312,76.8868408203125,1905300,0.0,0.0,0.0
2022-09-12,91.47000122070312,91.4800033569336,91.45999908447266,91.45999908447266,76.87843322753906,5377000,0.0,0.0,0.0
2022-09-13,91.45999908447266,91.4800033569336,91.45999908447266,91.4800033569336,76.8952407836914,6223300,0.0,0.0,0.0
2022-09-14,91.4800033569336,91.4800033569336,91.47000122070312,91.4800033569336,76.8952407836914,4226700,0.0,0.0,0.0
2022-09-15,91.48999786376953,91.51000213623047,91.48999786376953,91.51000213623047,76.92044830322266,5787100,0.0,0.0,0.0
2022-09-16,91.51000213623047,91.51000213623047,91.5,91.51000213623047,76.92044830322266,3512300,0.0,0.0,0.0
2022-09-19,91.51000213623047,91.5199966430664,91.5,91.51000213623047,76.92044830322266,5158100,0.0,0.0,0.0
2022-09-20,91.5199966430664,91.5199966430664,91.5,91.5,76.91206359863281,3792700,0.0,0.0,0.0
2022-09-21,91.51000213623047,91.52999877929688,91.51000213623047,91.5199966430664,76.92886352539062,3739800,0.0,0.0,0.0
2022-09-22,91.54000091552734,91.55999755859375,91.52999877929688,91.55999755859375,76.9625015258789,10975000,0.0,0.0,0.0
2022-09-23,91.55000305175781,91.55999755859375,91.54000091552734,91.55999755859375,76.9625015258789,15103200,0.0,0.0,0.0
2022-09-26,91.55999755859375,91.55999755859375,91.54000091552734,91.54000091552734,76.9456787109375,7695700,0.0,0.0,0.0
2022-09-27,91.55999755859375,91.56999969482422,91.55999755859375,91.56999969482422,76.97090148925781,5871100,0.0,0.0,0.0
2022-09-28,91.56999969482422,91.58000183105469,91.55999755859375,91.58000183105469,76.97931671142578,6709900,0.0,0.0,0.0
2022-09-29,91.5999984741211,91.5999984741211,91.58999633789062,91.5999984741211,76.99610137939453,5973300,0.0,0.0,0.0
2022-09-30,91.5999984741211,91.5999984741211,91.58000183105469,91.5999984741211,76.99610137939453,9858400,0.0,0.0,0.0
2022-10-03,91.44999694824219,91.44999694824219,91.41999816894531,91.41999816894531,76.97506713867188,7300900,0.155,0.0,0.0
2022-10-04,91.44999694824219,91.44999694824219,91.43000030517578,91.44999694824219,77.00032806396484,6583100,0.0,0.0,0.0
2022-10-05,91.44999694824219,91.45999908447266,91.44000244140625,91.44999694824219,77.00032806396484,6425800,0.0,0.0,0.0
2022-10-06,91.4800033569336,91.4800033569336,91.47000122070312,91.47000122070312,77.01715087890625,3415600,0.0,0.0,0.0
2022-10-07,91.47000122070312,91.4800033569336,91.47000122070312,91.47000122070312,77.01715087890625,5033700,0.0,0.0,0.0
2022-10-10,91.48999786376953,91.48999786376953,91.4800033569336,91.4800033569336,77.02558135986328,5591100,0.0,0.0,0.0
2022-10-11,91.4800033569336,91.48999786376953,91.4800033569336,91.4800033569336,77.02558135986328,7847100,0.0,0.0,0.0
2022-10-12,91.48999786376953,91.48999786376953,91.4800033569336,91.4800033569336,77.02558135986328,4389200,0.0,0.0,0.0
2022-10-13,91.5,91.51000213623047,91.5,91.51000213623047,77.05083465576172,5012800,0.0,0.0,0.0
2022-10-14,91.51000213623047,91.51000213623047,91.5,91.51000213623047,77.05083465576172,3121700,0.0,0.0,0.0
2022-10-17,91.5199966430664,91.5199966430664,91.51000213623047,91.51000213623047,77.05083465576172,6373200,0.0,0.0,0.0
2022-10-18,91.51000213623047,91.5199966430664,91.51000213623047,91.51000213623047,77.05083465576172,4985900,0.0,0.0,0.0
2022-10-19,91.5199966430664,91.5199966430664,91.51000213623047,91.51000213623047,77.05083465576172,4334600,0.0,0.0,0.0
2022-10-20,91.52999877929688,91.55000305175781,91.52999877929688,91.55000305175781,77.08453369140625,4561800,0.0,0.0,0.0
2022-10-21,91.55000305175781,91.55999755859375,91.54000091552734,91.55999755859375,77.09295654296875,4658600,0.0,0.0,0.0
2022-10-24,91.55000305175781,91.55999755859375,91.55000305175781,91.55000305175781,77.08453369140625,2286700,0.0,0.0,0.0
2022-10-25,91.55000305175781,91.56999969482422,91.55000305175781,91.55000305175781,77.08453369140625,7035300,0.0,0.0,0.0
2022-10-26,91.55999755859375,91.56999969482422,91.55999755859375,91.56999969482422,77.10137176513672,8136300,0.0,0.0,0.0
2022-10-27,91.58999633789062,91.5999984741211,91.58000183105469,91.5999984741211,77.12662506103516,4473800,0.0,0.0,0.0
2022-10-28,91.5999984741211,91.5999984741211,91.58999633789062,91.58999633789062,77.11817932128906,25494400,0.0,0.0,0.0
2022-10-31,91.5999984741211,91.61000061035156,91.58999633789062,91.58999633789062,77.11817932128906,6145800,0.0,0.0,0.0
2022-11-01,91.41000366210938,91.41000366210938,91.38999938964844,91.38999938964844,77.1249771118164,6054500,0.208,0.0,0.0
2022-11-02,91.41999816894531,91.41999816894531,91.41000366210938,91.41999816894531,77.1502685546875,3264900,0.0,0.0,0.0
2022-11-03,91.44000244140625,91.44999694824219,91.43000030517578,91.44999694824219,77.17557525634766,8957600,0.0,0.0,0.0
2022-11-04,91.45999908447266,91.47000122070312,91.44999694824219,91.47000122070312,77.19246673583984,9427700,0.0,0.0,0.0
2022-11-07,91.47000122070312,91.47000122070312,91.45999908447266,91.45999908447266,77.18402862548828,6503900,0.0,0.0,0.0
2022-11-08,91.47000122070312,91.4800033569336,91.47000122070312,91.47000122070312,77.19246673583984,5843000,0.0,0.0,0.0
2022-11-09,91.51000213623047,91.5199966430664,91.5,91.5199966430664,77.23466491699219,3602500,0.0,0.0,0.0
2022-11-10,91.5199966430664,91.52999877929688,91.5199966430664,91.52999877929688,77.24308013916016,5835600,0.0,0.0,0.0
2022-11-11,91.52999877929688,91.52999877929688,91.5199966430664,91.5199966430664,77.23466491699219,6645400,0.0,0.0,0.0
2022-11-14,91.54000091552734,91.54000091552734,91.5199966430664,91.5199966430664,77.23466491699219,10464400,0.0,0.0,0.0
2022-11-15,91.54000091552734,91.54000091552734,91.52999877929688,91.54000091552734,77.25154113769531,9800800,0.0,0.0,0.0
2022-11-16,91.54000091552734,91.55000305175781,91.54000091552734,91.55000305175781,77.25999450683594,7824100,0.0,0.0,0.0
2022-11-17,91.56999969482422,91.58000183105469,91.56999969482422,91.58000183105469,77.28531646728516,4772400,0.0,0.0,0.0
2022-11-18,91.56999969482422,91.58000183105469,91.56999969482422,91.58000183105469,77.28531646728516,7062900,0.0,0.0,0.0
2022-11-21,91.58999633789062,91.58999633789062,91.58000183105469,91.58999633789062,77.29370880126953,3437100,0.0,0.0,0.0
2022-11-22,91.58999633789062,91.61000061035156,91.58999633789062,91.61000061035156,77.31060791015625,5261000,0.0,0.0,0.0
2022-11-23,91.62000274658203,91.63999938964844,91.62000274658203,91.62999725341797,77.32752990722656,4144300,0.0,0.0,0.0
2022-11-25,91.63999938964844,91.63999938964844,91.62999725341797,91.62999725341797,77.32752990722656,2543100,0.0,0.0,0.0
2022-11-28,91.63999938964844,91.6500015258789,91.63999938964844,91.63999938964844,77.33594512939453,4455700,0.0,0.0,0.0
2022-11-29,91.66000366210938,91.66999816894531,91.6500015258789,91.66999816894531,77.36125946044922,3754700,0.0,0.0,0.0
2022-11-30,91.66000366210938,91.66999816894531,91.66000366210938,91.66999816894531,77.36125946044922,5418300,0.0,0.0,0.0
2022-12-01,91.43000030517578,91.44000244140625,91.43000030517578,91.43000030517578,77.37818145751953,10968000,0.26,0.0,0.0
2022-12-02,91.44999694824219,91.44999694824219,91.44000244140625,91.44000244140625,77.38662719726562,10316300,0.0,0.0,0.0
2022-12-05,91.44999694824219,91.45999908447266,91.44999694824219,91.44999694824219,77.39513397216797,8943700,0.0,0.0,0.0
2022-12-06,91.47000122070312,91.4800033569336,91.45999908447266,91.4800033569336,77.42050170898438,9646800,0.0,0.0,0.0
2022-12-07,91.48999786376953,91.5,91.4800033569336,91.4800033569336,77.42050170898438,9798600,0.0,0.0,0.0
2022-12-08,91.51000213623047,91.54000091552734,91.51000213623047,91.54000091552734,77.4712905883789,3855900,0.0,0.0,0.0
2022-12-09,91.52999877929688,91.54000091552734,91.52999877929688,91.52999877929688,77.46279907226562,7718900,0.0,0.0,0.0
2022-12-12,91.55000305175781,91.55000305175781,91.54000091552734,91.54000091552734,77.4712905883789,4383600,0.0,0.0,0.0
2022-12-13,91.55000305175781,91.55999755859375,91.54000091552734,91.54000091552734,77.4712905883789,6645800,0.0,0.0,0.0
2022-12-14,91.55999755859375,91.56999969482422,91.54000091552734,91.56999969482422,77.4966812133789,6898400,0.0,0.0,0.0
2022-12-15,91.58000183105469,91.58999633789062,91.58000183105469,91.58999633789062,77.51358032226562,7768100,0.0,0.0,0.0
2022-12-16,91.5999984741211,91.5999984741211,91.58999633789062,91.58999633789062,77.51358032226562,4121700,0.0,0.0,0.0
2022-12-19,91.33999633789062,91.33999633789062,91.33000183105469,91.33000183105469,77.52294158935547,8627100,0.271,0.0,0.0
2022-12-20,91.3499984741211,91.3499984741211,91.33999633789062,91.33999633789062,77.53140258789062,5204300,0.0,0.0,0.0
2022-12-21,91.36000061035156,91.36000061035156,91.3499984741211,91.3499984741211,77.53990936279297,6471800,0.0,0.0,0.0
2022-12-22,91.38999938964844,91.41000366210938,91.38999938964844,91.41000366210938,77.59085083007812,6592400,0.0,0.0,0.0
2022-12-23,91.4000015258789,91.41000366210938,91.4000015258789,91.41000366210938,77.59085083007812,3683100,0.0,0.0,0.0
2022-12-27,91.41000366210938,91.41999816894531,91.41000366210938,91.41000366210938,77.59085083007812,4267900,0.0,0.0,0.0
2022-12-28,91.44000244140625,91.44000244140625,91.41999816894531,91.44000244140625,77.61627197265625,4123200,0.0,0.0,0.0
2022-12-29,91.47000122070312,91.4800033569336,91.47000122070312,91.4800033569336,77.6502456665039,5637400,0.0,0.0,0.0
2022-12-30,91.47000122070312,91.47000122070312,91.45999908447266,91.47000122070312,77.64178466796875,6537000,0.0,0.0,0.0
2023-01-03,91.4800033569336,91.4800033569336,91.47000122070312,91.4800033569336,77.6502456665039,12503100,0.0,0.0,0.0
2023-01-04,91.4800033569336,91.48999786376953,91.47000122070312,91.47000122070312,77.64178466796875,9074500,0.0,0.0,0.0
2023-01-05,91.5,91.51000213623047,91.48999786376953,91.5,77.667236328125,6454100,0.0,0.0,0.0
2023-01-06,91.5,91.51000213623047,91.48999786376953,91.48999786376953,77.65873718261719,4623500,0.0,0.0,0.0
2023-01-09,91.5,91.51000213623047,91.5,91.51000213623047,77.67572784423828,9734500,0.0,0.0,0.0
2023-01-10,91.51000213623047,91.5199966430664,91.5,91.5,77.667236328125,5606700,0.0,0.0,0.0
2023-01-11,91.51000213623047,91.5199966430664,91.5,91.5,77.667236328125,8601300,0.0,0.0,0.0
2023-01-12,91.55999755859375,91.56999969482422,91.55999755859375,91.56999969482422,77.7266616821289,8086900,0.0,0.0,0.0
2023-01-13,91.56999969482422,91.58000183105469,91.56999969482422,91.58000183105469,77.73512268066406,5501700,0.0,0.0,0.0
2023-01-17,91.58000183105469,91.58999633789062,91.58000183105469,91.58000183105469,77.73512268066406,9495400,0.0,0.0,0.0
2023-01-18,91.58999633789062,91.5999984741211,91.58999633789062,91.58999633789062,77.74361419677734,4944800,0.0,0.0,0.0
2023-01-19,91.62000274658203,91.62999725341797,91.62000274658203,91.62999725341797,77.77759552001953,6491300,0.0,0.0,0.0
2023-01-20,91.63999938964844,91.63999938964844,91.62999725341797,91.63999938964844,77.78607177734375,4532400,0.0,0.0,0.0
2023-01-23,91.6500015258789,91.6500015258789,91.63999938964844,91.63999938964844,77.78607177734375,9166400,0.0,0.0,0.0
2023-01-24,91.66000366210938,91.66000366210938,91.6500015258789,91.6500015258789,77.79457092285156,5073700,0.0,0.0,0.0
2023-01-25,91.66999816894531,91.68000030517578,91.66000366210938,91.66000366210938,77.80306243896484,7570300,0.0,0.0,0.0
2023-01-26,91.69999694824219,91.70999908447266,91.69999694824219,91.70999908447266,77.8454818725586,5116500,0.0,0.0,0.0
2023-01-27,91.72000122070312,91.72000122070312,91.70999908447266,91.72000122070312,77.85397338867188,5232100,0.0,0.0,0.0
2023-01-30,91.72000122070312,91.7300033569336,91.72000122070312,91.72000122070312,77.85397338867188,4281500,0.0,0.0,0.0
2023-01-31,91.7300033569336,91.73999786376953,91.7300033569336,91.7300033569336,77.86245727539062,7362600,0.0,0.0,0.0
2023-02-01,91.41999816894531,91.41999816894531,91.4000015258789,91.4000015258789,77.86756134033203,9424000,0.336,0.0,0.0
2023-02-02,91.44000244140625,91.44999694824219,91.44000244140625,91.44000244140625,77.90162658691406,11984500,0.0,0.0,0.0
2023-02-03,91.45999908447266,91.45999908447266,91.44999694824219,91.45999908447266,77.91869354248047,8934700,0.0,0.0,0.0
2023-02-06,91.47000122070312,91.47000122070312,91.45999908447266,91.47000122070312,77.92720794677734,5928200,0.0,0.0,0.0
2023-02-07,91.4800033569336,91.4800033569336,91.47000122070312,91.4800033569336,77.93572235107422,4283200,0.0,0.0,0.0
2023-02-08,91.48999786376953,91.48999786376953,91.4800033569336,91.4800033569336,77.93572235107422,4101500,0.0,0.0,0.0
2023-02-09,91.51000213623047,91.5199966430664,91.51000213623047,91.51000213623047,77.9612808227539,4909400,0.0,0.0,0.0
2023-02-10,91.5199966430664,91.52999877929688,91.5199966430664,91.5199966430664,77.96977996826172,4580800,0.0,0.0,0.0
2023-02-13,91.54000091552734,91.54000091552734,91.52999877929688,91.54000091552734,77.98685455322266,8904000,0.0,0.0,0.0
2023-02-14,91.54000091552734,91.55000305175781,91.54000091552734,91.54000091552734,77.98685455322266,4056600,0.0,0.0,0.0
2023-02-15,91.55999755859375,91.55999755859375,91.55000305175781,91.55999755859375,78.00390625,4895700,0.0,0.0,0.0
2023-02-16,91.61000061035156,91.61000061035156,91.5999984741211,91.61000061035156,78.04647064208984,5556400,0.0,0.0,0.0
2023-02-17,91.62000274658203,91.62000274658203,91.61000061035156,91.62000274658203,78.05500030517578,4398600,0.0,0.0,0.0
2023-02-21,91.62999725341797,91.63999938964844,91.62000274658203,91.62000274658203,78.05500030517578,17021300,0.0,0.0,0.0
2023-02-22,91.62999725341797,91.6500015258789,91.62999725341797,91.6500015258789,78.08056640625,18697200,0.0,0.0,0.0
2023-02-23,91.68000030517578,91.68000030517578,91.66999816894531,91.68000030517578,78.10611724853516,4863200,0.0,0.0,0.0
2023-02-24,91.69000244140625,91.69000244140625,91.68000030517578,91.69000244140625,78.11463165283203,7735500,0.0,0.0,0.0
2023-02-27,91.69000244140625,91.69999694824219,91.69000244140625,91.69999694824219,78.12315368652344,7477400,0.0,0.0,0.0
2023-02-28,91.70999908447266,91.70999908447266,91.69999694824219,91.70999908447266,78.1316909790039,8086900,0.0,0.0,0.0
2023-03-01,91.47000122070312,91.47000122070312,91.45999908447266,91.45999908447266,78.13594818115234,11005600,0.255,0.0,0.0
2023-03-02,91.5,91.5,91.48999786376953,91.48999786376953,78.16156768798828,9631700,0.0,0.0,0.0
2023-03-03,91.5,91.51000213623047,91.5,91.51000213623047,78.17865753173828,7068300,0.0,0.0,0.0
2023-03-06,91.5199966430664,91.5199966430664,91.51000213623047,91.5199966430664,78.18717956542969,6131200,0.0,0.0,0.0
2023-03-07,91.52999877929688,91.54000091552734,91.5199966430664,91.5199966430664,78.18717956542969,4330700,0.0,0.0,0.0
2023-03-08,91.54000091552734,91.54000091552734,91.52999877929688,91.54000091552734,78.20430755615234,8207000,0.0,0.0,0.0
2023-03-09,91.55999755859375,91.56999969482422,91.55999755859375,91.55999755859375,78.22139739990234,6450500,0.0,0.0,0.0
2023-03-10,91.58000183105469,91.58999633789062,91.58000183105469,91.58000183105469,78.23845672607422,13475700,0.0,0.0,0.0
2023-03-13,91.62999725341797,91.62999725341797,91.5999984741211,91.5999984741211,78.25553894042969,21685200,0.0,0.0,0.0
2023-03-14,91.62000274658203,91.62999725341797,91.61000061035156,91.61000061035156,78.26408386230469,35715200,0.0,0.0,0.0
2023-03-15,91.6500015258789,91.66000366210938,91.63999938964844,91.66000366210938,78.30683135986328,11411700,0.0,0.0,0.0
2023-03-16,91.69000244140625,91.69999694824219,91.69000244140625,91.69999694824219,78.34097290039062,9320200,0.0,0.0,0.0
2023-03-17,91.69000244140625,91.72000122070312,91.69000244140625,91.72000122070312,78.35806274414062,8580300,0.0,0.0,0.0
2023-03-20,91.72000122070312,91.7300033569336,91.70999908447266,91.7300033569336,78.36661529541016,8169600,0.0,0.0,0.0
2023-03-21,91.72000122070312,91.73999786376953,91.72000122070312,91.7300033569336,78.36661529541016,7888500,0.0,0.0,0.0
2023-03-22,91.73999786376953,91.75,91.73999786376953,91.75,78.3836898803711,8202600,0.0,0.0,0.0
2023-03-23,91.7699966430664,91.79000091552734,91.7699966430664,91.79000091552734,78.41787719726562,5769500,0.0,0.0,0.0
2023-03-24,91.80000305175781,91.80999755859375,91.79000091552734,91.80999755859375,78.4349594116211,7374800,0.0,0.0,0.0
2023-03-27,91.80000305175781,91.80999755859375,91.80000305175781,91.80000305175781,78.4264144897461,6188600,0.0,0.0,0.0
2023-03-28,91.81999969482422,91.83000183105469,91.81999969482422,91.81999969482422,78.4434814453125,6215000,0.0,0.0,0.0
2023-03-29,91.81999969482422,91.83999633789062,91.81999969482422,91.81999969482422,78.4434814453125,4705700,0.0,0.0,0.0
2023-03-30,91.83999633789062,91.8499984741211,91.81999969482422,91.83999633789062,78.46056365966797,9284700,0.0,0.0,0.0
2023-03-31,91.83999633789062,91.83999633789062,91.81999969482422,91.81999969482422,78.4434814453125,11615500,0.0,0.0,0.0
2023-04-03,91.4800033569336,91.4800033569336,91.47000122070312,91.47000122070312,78.46237182617188,12494900,0.372,0.0,0.0
2023-04-04,91.4800033569336,91.48999786376953,91.4800033569336,91.4800033569336,78.47093963623047,10265800,0.0,0.0,0.0
2023-04-05,91.52999877929688,91.54000091552734,91.52999877929688,91.52999877929688,78.51382446289062,6913900,0.0,0.0,0.0
2023-04-06,91.55000305175781,91.55000305175781,91.54000091552734,91.54000091552734,78.52241516113281,4941400,0.0,0.0,0.0
2023-04-10,91.55999755859375,91.55999755859375,91.55000305175781,91.55000305175781,78.5309829711914,5741900,0.0,0.0,0.0
2023-04-11,91.55999755859375,91.56999969482422,91.55999755859375,91.55999755859375,78.5395736694336,7722600,0.0,0.0,0.0
2023-04-12,91.58000183105469,91.58999633789062,91.56999969482422,91.58000183105469,78.55673217773438,8786200,0.0,0.0,0.0
2023-04-13,91.62000274658203,91.62999725341797,91.62000274658203,91.62999725341797,78.5996322631836,8673900,0.0,0.0,0.0
2023-04-14,91.62999725341797,91.63999938964844,91.62000274658203,91.62999725341797,78.5996322631836,9391100,0.0,0.0,0.0
2023-04-17,91.63999938964844,91.6500015258789,91.63999938964844,91.6500015258789,78.61676788330078,5173800,0.0,0.0,0.0
2023-04-18,91.6500015258789,91.66999816894531,91.6500015258789,91.66000366210938,78.6253433227539,4540700,0.0,0.0,0.0
2023-04-19,91.68000030517578,91.68000030517578,91.66999816894531,91.66999816894531,78.63391876220703,5901900,0.0,0.0,0.0
2023-04-20,91.72000122070312,91.73999786376953,91.70999908447266,91.73999786376953,78.69395446777344,6034400,0.0,0.0,0.0
2023-04-21,91.7300033569336,91.7300033569336,91.72000122070312,91.7300033569336,78.68538665771484,5880900,0.0,0.0,0.0
2023-04-24,91.75,91.75,91.7300033569336,91.73999786376953,78.69395446777344,8195900,0.0,0.0,0.0
2023-04-25,91.73999786376953,91.75,91.7300033569336,91.7300033569336,78.68538665771484,4222500,0.0,0.0,0.0
2023-04-26,91.73999786376953,91.75,91.73999786376953,91.75,78.70254516601562,7365200,0.0,0.0,0.0
2023-04-27,91.77999877929688,91.79000091552734,91.7699966430664,91.77999877929688,78.72828674316406,5585400,0.0,0.0,0.0
2023-04-28,91.7699966430664,91.77999877929688,91.7699966430664,91.77999877929688,78.72828674316406,6539100,0.0,0.0,0.0
2023-05-01,91.44000244140625,91.44999694824219,91.43000030517578,91.43000030517578,78.7308578491211,11273300,0.353,0.0,0.0
2023-05-02,91.44000244140625,91.44000244140625,91.41000366210938,91.41000366210938,78.7136459350586,5495900,0.0,0.0,0.0
2023-05-03,91.43000030517578,91.43000030517578,91.41999816894531,91.41999816894531,78.7222671508789,5533100,0.0,0.0,0.0
2023-05-04,91.45999908447266,91.45999908447266,91.44000244140625,91.44999694824219,78.74808502197266,8052700,0.0,0.0,0.0
2023-05-05,91.47000122070312,91.48999786376953,91.45999908447266,91.47000122070312,78.76532745361328,7170200,0.0,0.0,0.0
2023-05-08,91.4800033569336,91.48999786376953,91.4800033569336,91.4800033569336,78.77392578125,5508600,0.0,0.0,0.0
2023-05-09,91.5,91.5,91.48999786376953,91.48999786376953,78.78252410888672,6850300,0.0,0.0,0.0
2023-05-10,91.51000213623047,91.5199966430664,91.5,91.5,78.79114532470703,4831800,0.0,0.0,0.0
2023-05-11,91.55999755859375,91.56999969482422,91.55000305175781,91.55999755859375,78.84281158447266,6159800,0.0,0.0,0.0
2023-05-12,91.58000183105469,91.58000183105469,91.56999969482422,91.58000183105469,78.86001586914062,4328600,0.0,0.0,0.0
2023-05-15,91.58000183105469,91.58999633789062,91.58000183105469,91.58999633789062,78.8686294555664,4056100,0.0,0.0,0.0
2023-05-16,91.58999633789062,91.5999984741211,91.58000183105469,91.58000183105469,78.86001586914062,8530400,0.0,0.0,0.0
2023-05-17,91.5999984741211,91.61000061035156,91.5999984741211,91.5999984741211,78.87726593017578,5415400,0.0,0.0,0.0
2023-05-18,91.63999938964844,91.6500015258789,91.62999725341797,91.6500015258789,78.92030334472656,6434000,0.0,0.0,0.0
2023-05-19,91.66000366210938,91.66000366210938,91.63999938964844,91.6500015258789,78.92030334472656,6447400,0.0,0.0,0.0
2023-05-22,91.66000366210938,91.66000366210938,91.6500015258789,91.66000366210938,78.92891693115234,8404900,0.0,0.0,0.0
2023-05-23,91.66000366210938,91.66999816894531,91.66000366210938,91.66000366210938,78.92891693115234,5050500,0.0,0.0,0.0
2023-05-24,91.66999816894531,91.68000030517578,91.66000366210938,91.66000366210938,78.92891693115234,4762100,0.0,0.0,0.0
2023-05-25,91.7300033569336,91.7300033569336,91.72000122070312,91.72000122070312,78.9805908203125,5264000,0.0,0.0,0.0
2023-05-26,91.75,91.76000213623047,91.73999786376953,91.73999786376953,78.99781036376953,5923200,0.0,0.0,0.0
2023-05-30,91.76000213623047,91.7699966430664,91.75,91.75,79.00642395019531,11529300,0.0,0.0,0.0
2023-05-31,91.7699966430664,91.77999877929688,91.7699966430664,91.7699966430664,79.02365112304688,9807400,0.0,0.0,0.0
2023-06-01,91.44999694824219,91.44999694824219,91.44000244140625,91.44999694824219,79.06773376464844,10700500,0.371,0.0,0.0
2023-06-02,91.45999908447266,91.45999908447266,91.44000244140625,91.45999908447266,79.07638549804688,10257500,0.0,0.0,0.0
2023-06-05,91.47000122070312,91.47000122070312,91.44999694824219,91.45999908447266,79.07638549804688,9596600,0.0,0.0,0.0
2023-06-06,91.4800033569336,91.48999786376953,91.47000122070312,91.4800033569336,79.09368133544922,6120900,0.0,0.0,0.0
2023-06-07,91.48999786376953,91.51000213623047,91.48999786376953,91.48999786376953,79.10232543945312,6483100,0.0,0.0,0.0
2023-06-08,91.52999877929688,91.54000091552734,91.52999877929688,91.54000091552734,79.14557647705078,8802000,0.0,0.0,0.0
2023-06-09,91.54000091552734,91.55000305175781,91.54000091552734,91.55000305175781,79.1541976928711,6452300,0.0,0.0,0.0
2023-06-12,91.55999755859375,91.56999969482422,91.55999755859375,91.55999755859375,79.16285705566406,3776900,0.0,0.0,0.0
2023-06-13,91.56999969482422,91.58000183105469,91.56999969482422,91.58000183105469,79.18013763427734,6784200,0.0,0.0,0.0
2023-06-14,91.58999633789062,91.5999984741211,91.58000183105469,91.5999984741211,79.19744873046875,5756300,0.0,0.0,0.0
2023-06-15,91.63999938964844,91.6500015258789,91.63999938964844,91.63999938964844,79.23201751708984,9827300,0.0,0.0,0.0
2023-06-16,91.66000366210938,91.66000366210938,91.6500015258789,91.6500015258789,79.24064636230469,4765300,0.0,0.0,0.0
2023-06-20,91.66000366210938,91.66999816894531,91.66000366210938,91.66999816894531,79.2579345703125,6174300,0.0,0.0,0.0
2023-06-21,91.68000030517578,91.69000244140625,91.66999816894531,91.66999816894531,79.2579345703125,4945300,0.0,0.0,0.0
2023-06-22,91.70999908447266,91.72000122070312,91.70999908447266,91.70999908447266,79.29254150390625,4698400,0.0,0.0,0.0
2023-06-23,91.72000122070312,91.7300033569336,91.72000122070312,91.72000122070312,79.30119323730469,3851500,0.0,0.0,0.0
2023-06-26,91.73999786376953,91.75,91.7300033569336,91.7300033569336,79.30982208251953,7241300,0.0,0.0,0.0
2023-06-27,91.75,91.76000213623047,91.75,91.75,79.32711791992188,5476300,0.0,0.0,0.0
2023-06-28,91.7699966430664,91.7699966430664,91.76000213623047,91.76000213623047,79.33577728271484,4486800,0.0,0.0,0.0
2023-06-29,91.80000305175781,91.80999755859375,91.79000091552734,91.79000091552734,79.36170196533203,5728000,0.0,0.0,0.0
2023-06-30,91.81999969482422,91.83000183105469,91.81999969482422,91.81999969482422,79.38764190673828,8054800,0.0,0.0,0.0
2023-07-03,91.45999908447266,91.47000122070312,91.45999908447266,91.47000122070312,79.4075927734375,7158200,0.373,0.0,0.0
2023-07-05,91.4800033569336,91.48999786376953,91.47000122070312,91.4800033569336,79.41626739501953,7981500,0.0,0.0,0.0
2023-07-06,91.51000213623047,91.5199966430664,91.51000213623047,91.51000213623047,79.44230651855469,7570000,0.0,0.0,0.0
2023-07-07,91.5199966430664,91.52999877929688,91.5199966430664,91.5199966430664,79.45101928710938,6491000,0.0,0.0,0.0
2023-07-10,91.52999877929688,91.54000091552734,91.52999877929688,91.54000091552734,79.46836853027344,4186000,0.0,0.0,0.0
2023-07-11,91.55000305175781,91.55999755859375,91.55000305175781,91.55000305175781,79.47705841064453,5567400,0.0,0.0,0.0
2023-07-12,91.55999755859375,91.56999969482422,91.55999755859375,91.56999969482422,79.49443054199219,7188100,0.0,0.0,0.0
2023-07-13,91.5999984741211,91.61000061035156,91.5999984741211,91.61000061035156,79.52915954589844,5902600,0.0,0.0,0.0
2023-07-14,91.61000061035156,91.62000274658203,91.61000061035156,91.62000274658203,79.537841796875,6505800,0.0,0.0,0.0
2023-07-17,91.62999725341797,91.62999725341797,91.62000274658203,91.62999725341797,79.5465087890625,3932600,0.0,0.0,0.0
2023-07-18,91.63999938964844,91.63999938964844,91.62999725341797,91.62999725341797,79.5465087890625,4775800,0.0,0.0,0.0
2023-07-19,91.6500015258789,91.66000366210938,91.6500015258789,91.6500015258789,79.56385803222656,5132100,0.0,0.0,0.0
2023-07-20,91.69000244140625,91.69999694824219,91.68000030517578,91.69999694824219,79.60728454589844,5047600,0.0,0.0,0.0
2023-07-21,91.69999694824219,91.70999908447266,91.69999694824219,91.69999694824219,79.60728454589844,4087100,0.0,0.0,0.0
2023-07-24,91.70999908447266,91.72000122070312,91.70999908447266,91.70999908447266,79.61593627929688,3752400,0.0,0.0,0.0
2023-07-25,91.7300033569336,91.7300033569336,91.72000122070312,91.72000122070312,79.6246337890625,4170500,0.0,0.0,0.0
2023-07-26,91.73999786376953,91.73999786376953,91.7300033569336,91.7300033569336,79.63330841064453,4700000,0.0,0.0,0.0
2023-07-27,91.7699966430664,91.77999877929688,91.7699966430664,91.77999877929688,79.67671966552734,4727800,0.0,0.0,0.0
2023-07-28,91.79000091552734,91.80000305175781,91.79000091552734,91.79000091552734,79.6854019165039,3709200,0.0,0.0,0.0
2023-07-31,91.80000305175781,91.80999755859375,91.80000305175781,91.80000305175781,79.6940689086914,6716600,0.0,0.0,0.0
2023-08-01,91.43000030517578,91.43000030517578,91.41999816894531,91.43000030517578,79.71500396728516,13360200,0.394,0.0,0.0
2023-08-02,91.44000244140625,91.44000244140625,91.43000030517578,91.44000244140625,79.72374725341797,8208300,0.0,0.0,0.0
2023-08-03,91.4800033569336,91.4800033569336,91.47000122070312,91.4800033569336,79.75860595703125,5681100,0.0,0.0,0.0
2023-08-04,91.48999786376953,91.5,91.48999786376953,91.5,79.77604675292969,6200000,0.0,0.0,0.0
2023-08-07,91.51000213623047,91.51000213623047,91.5,91.5,79.77604675292969,5978000,0.0,0.0,0.0
2023-08-08,91.5199966430664,91.5199966430664,91.51000213623047,91.5199966430664,79.79346466064453,6517900,0.0,0.0,0.0
2023-08-09,91.52999877929688,91.54000091552734,91.52999877929688,91.52999877929688,79.80219268798828,4293000,0.0,0.0,0.0
2023-08-10,91.55999755859375,91.58000183105469,91.55999755859375,91.58000183105469,79.84579467773438,5120600,0.0,0.0,0.0
2023-08-11,91.58000183105469,91.58999633789062,91.58000183105469,91.58999633789062,79.85449981689453,3669100,0.0,0.0,0.0
2023-08-14,91.58999633789062,91.5999984741211,91.58999633789062,91.5999984741211,79.86325073242188,6596100,0.0,0.0,0.0
2023-08-15,91.5999984741211,91.61000061035156,91.5999984741211,91.61000061035156,79.8719482421875,4853100,0.0,0.0,0.0
2023-08-16,91.62000274658203,91.62999725341797,91.62000274658203,91.62999725341797,79.88941192626953,7890300,0.0,0.0,0.0
2023-08-17,91.66000366210938,91.66999816894531,91.66000366210938,91.66999816894531,79.92427825927734,5621700,0.0,0.0,0.0
2023-08-18,91.68000030517578,91.68000030517578,91.66999816894531,91.68000030517578,79.93299102783203,6774400,0.0,0.0,0.0
2023-08-21,91.69000244140625,91.69000244140625,91.68000030517578,91.69000244140625,79.94170379638672,5959700,0.0,0.0,0.0
2023-08-22,91.70999908447266,91.70999908447266,91.69999694824219,91.69999694824219,79.95042419433594,5775600,0.0,0.0,0.0
2023-08-23,91.70999908447266,91.72000122070312,91.70999908447266,91.72000122070312,79.96784973144531,9529300,0.0,0.0,0.0
2023-08-24,91.75,91.76000213623047,91.75,91.75,79.99401092529297,6746700,0.0,0.0,0.0
2023-08-25,91.76000213623047,91.7699966430664,91.76000213623047,91.7699966430664,80.01142883300781,4883000,0.0,0.0,0.0
2023-08-28,91.77999877929688,91.79000091552734,91.77999877929688,91.79000091552734,80.02887725830078,4264100,0.0,0.0,0.0
2023-08-29,91.80000305175781,91.80000305175781,91.77999877929688,91.77999877929688,80.02017211914062,9168200,0.0,0.0,0.0
2023-08-30,91.80000305175781,91.80999755859375,91.79000091552734,91.80000305175781,80.03760528564453,6427000,0.0,0.0,0.0
2023-08-31,91.8499984741211,91.86000061035156,91.8499984741211,91.86000061035156,80.08991241455078,7771500,0.0,0.0,0.0
2023-09-01,91.47000122070312,91.47000122070312,91.45999908447266,91.47000122070312,80.10304260253906,21540500,0.405,0.0,0.0
2023-09-05,91.48999786376953,91.48999786376953,91.4800033569336,91.48999786376953,80.12057495117188,8316300,0.0,0.0,0.0
2023-09-06,91.5,91.5,91.48999786376953,91.48999786376953,80.12057495117188,6524800,0.0,0.0,0.0
2023-09-07,91.52999877929688,91.54000091552734,91.52999877929688,91.54000091552734,80.16434478759766,6808100,0.0,0.0,0.0
2023-09-08,91.54000091552734,91.55000305175781,91.54000091552734,91.55000305175781,80.17312622070312,6393300,0.0,0.0,0.0
2023-09-11,91.56999969482422,91.56999969482422,91.55000305175781,91.55000305175781,80.17312622070312,8027100,0.0,0.0,0.0
2023-09-12,91.56999969482422,91.58000183105469,91.56999969482422,91.58000183105469,80.19937896728516,9948400,0.0,0.0,0.0
2023-09-13,91.58000183105469,91.58999633789062,91.58000183105469,91.58999633789062,80.20813751220703,4696200,0.0,0.0,0.0
2023-09-14,91.62000274658203,91.62999725341797,91.62000274658203,91.62000274658203,80.23442840576172,4214800,0.0,0.0,0.0
2023-09-15,91.63999938964844,91.63999938964844,91.62999725341797,91.63999938964844,80.2519302368164,4688800,0.0,0.0,0.0
2023-09-18,91.66000366210938,91.66000366210938,91.6500015258789,91.6500015258789,80.26068878173828,7376200,0.0,0.0,0.0
2023-09-19,91.66000366210938,91.66999816894531,91.66000366210938,91.66000366210938,80.2694320678711,4357400,0.0,0.0,0.0
2023-09-20,91.66999816894531,91.68000030517578,91.66999816894531,91.66999816894531,80.27820587158203,5946200,0.0,0.0,0.0
2023-09-21,91.70999908447266,91.72000122070312,91.70999908447266,91.72000122070312,80.3219985961914,7522700,0.0,0.0,0.0
2023-09-22,91.7300033569336,91.73999786376953,91.7300033569336,91.7300033569336,80.33074188232422,15684400,0.0,0.0,0.0
2023-09-25,91.75,91.75,91.73999786376953,91.73999786376953,80.33948516845703,7492000,0.0,0.0,0.0
2023-09-26,91.75,91.76000213623047,91.75,91.75,80.3482666015625,7130600,0.0,0.0,0.0
2023-09-27,91.77999877929688,91.77999877929688,91.76000213623047,91.77999877929688,80.3745346069336,7669700,0.0,0.0,0.0
2023-09-28,91.80000305175781,91.81999969482422,91.80000305175781,91.80999755859375,80.40081024169922,8426400,0.0,0.0,0.0
2023-09-29,91.81999969482422,91.83000183105469,91.81999969482422,91.81999969482422,80.40958404541016,9081500,0.0,0.0,0.0
2023-10-02,91.44999694824219,91.44999694824219,91.44000244140625,91.44000244140625,80.421875,22550400,0.394,0.0,0.0
2023-10-03,91.45999908447266,91.45999908447266,91.44999694824219,91.45999908447266,80.43946075439453,10648800,0.0,0.0,0.0
2023-10-04,91.45999908447266,91.47000122070312,91.45999908447266,91.47000122070312,80.4482421875,26575700,0.0,0.0,0.0
2023-10-05,91.5199966430664,91.52999877929688,91.5199966430664,91.52999877929688,80.50104522705078,8295300,0.0,0.0,0.0
2023-10-06,91.54000091552734,91.54000091552734,91.52999877929688,91.52999877929688,80.50104522705078,9856100,0.0,0.0,0.0
2023-10-09,91.54000091552734,91.55000305175781,91.52999877929688,91.54000091552734,80.50982666015625,5972300,0.0,0.0,0.0
2023-10-10,91.55000305175781,91.55999755859375,91.54000091552734,91.54000091552734,80.50982666015625,8463700,0.0,0.0,0.0
2023-10-11,91.55000305175781,91.55999755859375,91.55000305175781,91.55999755859375,80.52742767333984,6839400,0.0,0.0,0.0
2023-10-12,91.5999984741211,91.5999984741211,91.58999633789062,91.5999984741211,80.56260681152344,7528700,0.0,0.0,0.0
2023-10-13,91.61000061035156,91.62000274658203,91.61000061035156,91.62000274658203,80.58020782470703,15013900,0.0,0.0,0.0
2023-10-16,91.63999938964844,91.63999938964844,91.62000274658203,91.62999725341797,80.5889892578125,8181800,0.0,0.0,0.0
2023-10-17,91.63999938964844,91.6500015258789,91.63999938964844,91.63999938964844,80.5977783203125,5363200,0.0,0.0,0.0
2023-10-18,91.6500015258789,91.66000366210938,91.6500015258789,91.6500015258789,80.60658264160156,6069500,0.0,0.0,0.0
2023-10-19,91.69000244140625,91.69999694824219,91.69000244140625,91.69000244140625,80.64173889160156,4551500,0.0,0.0,0.0
2023-10-20,91.70999908447266,91.70999908447266,91.69999694824219,91.70999908447266,80.65936279296875,4887100,0.0,0.0,0.0
2023-10-23,91.7300033569336,91.7300033569336,91.72000122070312,91.72000122070312,80.66812896728516,14352700,0.0,0.0,0.0
2023-10-24,91.73999786376953,91.73999786376953,91.7300033569336,91.7300033569336,80.67691040039062,12544200,0.0,0.0,0.0
2023-10-25,91.75,91.75,91.73999786376953,91.73999786376953,80.68572998046875,12376000,0.0,0.0,0.0
2023-10-26,91.79000091552734,91.79000091552734,91.77999877929688,91.77999877929688,80.72090911865234,9920000,0.0,0.0,0.0
2023-10-27,91.80000305175781,91.81999969482422,91.80000305175781,91.80999755859375,80.74729919433594,28351200,0.0,0.0,0.0
2023-10-30,91.80999755859375,91.81999969482422,91.80999755859375,91.81999969482422,80.75608825683594,25136900,0.0,0.0,0.0
2023-10-31,91.81999969482422,91.83000183105469,91.81999969482422,91.81999969482422,80.75608825683594,16748400,0.0,0.0,0.0
2023-11-01,91.44000244140625,91.44000244140625,91.43000030517578,91.44000244140625,80.78082275390625,25791900,0.408,0.0,0.0
2023-11-02,91.47000122070312,91.4800033569336,91.47000122070312,91.47000122070312,80.80730438232422,11970800,0.0,0.0,0.0
2023-11-03,91.4800033569336,91.48999786376953,91.4800033569336,91.4800033569336,80.81615447998047,13721100,0.0,0.0,0.0
2023-11-06,91.5,91.5,91.48999786376953,91.48999786376953,80.8249740600586,28039200,0.0,0.0,0.0
2023-11-07,91.51000213623047,91.5199966430664,91.51000213623047,91.51000213623047,80.84265899658203,6951000,0.0,0.0,0.0
2023-11-08,91.52999877929688,91.52999877929688,91.5199966430664,91.5199966430664,80.85148620605469,9180800,0.0,0.0,0.0
2023-11-09,91.55999755859375,91.56999969482422,91.55999755859375,91.56999969482422,80.89566802978516,11886800,0.0,0.0,0.0
2023-11-10,91.58000183105469,91.58999633789062,91.58000183105469,91.58000183105469,80.90451049804688,5556400,0.0,0.0,0.0
2023-11-13,91.58999633789062,91.5999984741211,91.58999633789062,91.58999633789062,80.91332244873047,6166700,0.0,0.0,0.0
2023-11-14,91.5999984741211,91.61000061035156,91.5999984741211,91.5999984741211,80.92218017578125,11126500,0.0,0.0,0.0
2023-11-15,91.62999725341797,91.62999725341797,91.62000274658203,91.62000274658203,80.93986511230469,10552700,0.0,0.0,0.0
2023-11-16,91.66000366210938,91.66999816894531,91.66000366210938,91.66000366210938,80.97516632080078,7802900,0.0,0.0,0.0
2023-11-17,91.66999816894531,91.68000030517578,91.66999816894531,91.68000030517578,80.99282836914062,6783200,0.0,0.0,0.0
2023-11-20,91.69000244140625,91.69000244140625,91.68000030517578,91.68000030517578,80.99282836914062,8494100,0.0,0.0,0.0
2023-11-21,91.72000122070312,91.72000122070312,91.70999908447266,91.70999908447266,81.01936340332031,13067100,0.0,0.0,0.0
2023-11-22,91.76000213623047,91.76000213623047,91.75,91.75,81.0546875,7626700,0.0,0.0,0.0
2023-11-24,91.76000213623047,91.7699966430664,91.76000213623047,91.76000213623047,81.0634994506836,2839000,0.0,0.0,0.0
2023-11-27,91.7699966430664,91.77999877929688,91.7699966430664,91.7699966430664,81.07233428955078,9166000,0.0,0.0,0.0
2023-11-28,91.79000091552734,91.80000305175781,91.79000091552734,91.79000091552734,81.09002685546875,7244700,0.0,0.0,0.0
2023-11-29,91.80000305175781,91.80999755859375,91.80000305175781,91.80000305175781,81.09886932373047,6942200,0.0,0.0,0.0
2023-11-30,91.83999633789062,91.8499984741211,91.83999633789062,91.83999633789062,81.13420104980469,18629900,0.0,0.0,0.0
2023-12-01,91.44999694824219,91.44999694824219,91.44000244140625,91.44000244140625,81.15105438232422,21247800,0.419,0.0,0.0
2023-12-04,91.44999694824219,91.45999908447266,91.44000244140625,91.44000244140625,81.15105438232422,15503000,0.0,0.0,0.0
2023-12-05,91.47000122070312,91.47000122070312,91.45999908447266,91.45999908447266,81.1688003540039,6463400,0.0,0.0,0.0
2023-12-06,91.47000122070312,91.4800033569336,91.47000122070312,91.47000122070312,81.17765808105469,6941700,0.0,0.0,0.0
2023-12-07,91.51000213623047,91.5199966430664,91.51000213623047,91.51000213623047,81.21316528320312,7369300,0.0,0.0,0.0
2023-12-08,91.52999877929688,91.54000091552734,91.52999877929688,91.52999877929688,81.2309341430664,5730100,0.0,0.0,0.0
2023-12-11,91.55000305175781,91.55000305175781,91.54000091552734,91.55000305175781,81.24869537353516,5613500,0.0,0.0,0.0
2023-12-12,91.55999755859375,91.55999755859375,91.55000305175781,91.55000305175781,81.24869537353516,7885900,0.0,0.0,0.0
2023-12-13,91.55999755859375,91.56999969482422,91.55999755859375,91.55999755859375,81.25756072998047,6781800,0.0,0.0,0.0
2023-12-14,91.5999984741211,91.61000061035156,91.5999984741211,91.5999984741211,81.29305267333984,13475400,0.0,0.0,0.0
2023-12-15,91.62000274658203,91.62999725341797,91.62000274658203,91.62999725341797,81.31968688964844,6917600,0.0,0.0,0.0
2023-12-18,91.22000122070312,91.22000122070312,91.20999908447266,91.22000122070312,81.3294906616211,8910900,0.421,0.0,0.0
2023-12-19,91.2300033569336,91.23999786376953,91.22000122070312,91.22000122070312,81.3294906616211,6977300,0.0,0.0,0.0
2023-12-20,91.23999786376953,91.25,91.23999786376953,91.23999786376953,81.34732818603516,8098700,0.0,0.0,0.0
2023-12-21,91.29000091552734,91.30000305175781,91.29000091552734,91.30000305175781,81.40082550048828,5055200,0.0,0.0,0.0
2023-12-22,91.30000305175781,91.30999755859375,91.30000305175781,91.30999755859375,81.40972900390625,7471600,0.0,0.0,0.0
2023-12-26,91.33000183105469,91.33000183105469,91.31999969482422,91.33000183105469,81.42756652832031,4638800,0.0,0.0,0.0
2023-12-27,91.33000183105469,91.33999633789062,91.33000183105469,91.33000183105469,81.42756652832031,4717700,0.0,0.0,0.0
2023-12-28,91.37999725341797,91.38999938964844,91.37999725341797,91.38999938964844,81.48104858398438,5605100,0.0,0.0,0.0
2023-12-29,91.4000015258789,91.4000015258789,91.38999938964844,91.38999938964844,81.48104858398438,5588600,0.0,0.0,0.0
2024-01-02,91.4000015258789,91.41000366210938,91.4000015258789,91.4000015258789,81.48995971679688,9445500,0.0,0.0,0.0
2024-01-03,91.41000366210938,91.43000030517578,91.41000366210938,91.43000030517578,81.51673126220703,6793500,0.0,0.0,0.0
2024-01-04,91.45999908447266,91.47000122070312,91.45999908447266,91.45999908447266,81.54345703125,5840200,0.0,0.0,0.0
2024-01-05,91.4800033569336,91.4800033569336,91.47000122070312,91.47000122070312,81.55237579345703,4991800,0.0,0.0,0.0
2024-01-08,91.4800033569336,91.48999786376953,91.4800033569336,91.4800033569336,81.56126403808594,4889900,0.0,0.0,0.0
2024-01-09,91.5,91.5,91.48999786376953,91.48999786376953,81.57022094726562,5080800,0.0,0.0,0.0
2024-01-10,91.51000213623047,91.5199966430664,91.51000213623047,91.51000213623047,81.5880126953125,8798600,0.0,0.0,0.0
2024-01-11,91.55999755859375,91.56999969482422,91.55999755859375,91.55999755859375,81.63261413574219,5947100,0.0,0.0,0.0
2024-01-12,91.56999969482422,91.58000183105469,91.56999969482422,91.58000183105469,81.65044403076172,5049200,0.0,0.0,0.0
2024-01-16,91.58999633789062,91.5999984741211,91.58999633789062,91.58999633789062,81.65935516357422,6485200,0.0,0.0,0.0
2024-01-17,91.5999984741211,91.61000061035156,91.5999984741211,91.61000061035156,81.67716979980469,5915700,0.0,0.0,0.0
2024-01-18,91.63999938964844,91.6500015258789,91.63999938964844,91.6500015258789,81.71287536621094,5270500,0.0,0.0,0.0
2024-01-19,91.66000366210938,91.66000366210938,91.6500015258789,91.66000366210938,81.72177124023438,5444600,0.0,0.0,0.0
2024-01-22,91.66999816894531,91.68000030517578,91.66999816894531,91.66999816894531,81.73068237304688,6114000,0.0,0.0,0.0
2024-01-23,91.68000030517578,91.69000244140625,91.68000030517578,91.68000030517578,81.73960876464844,4961800,0.0,0.0,0.0
2024-01-24,91.69000244140625,91.69999694824219,91.69000244140625,91.69000244140625,81.74851989746094,6486100,0.0,0.0,0.0
2024-01-25,91.73999786376953,91.73999786376953,91.7300033569336,91.73999786376953,81.7930908203125,6059500,0.0,0.0,0.0
2024-01-26,91.75,91.75,91.73999786376953,91.75,81.80203247070312,5612900,0.0,0.0,0.0
2024-01-29,91.76000213623047,91.7699966430664,91.76000213623047,91.76000213623047,81.81092071533203,5646100,0.0,0.0,0.0
2024-01-30,91.7699966430664,91.77999877929688,91.7699966430664,91.7699966430664,81.81983947753906,30704200,0.0,0.0,0.0
2024-01-31,91.79000091552734,91.79000091552734,91.77999877929688,91.77999877929688,81.82877349853516,10964400,0.0,0.0,0.0
2024-02-01,91.41999816894531,91.43000030517578,91.41999816894531,91.41999816894531,81.86995697021484,14759200,0.406,0.0,0.0
2024-02-02,91.44000244140625,91.44000244140625,91.43000030517578,91.44000244140625,81.88787078857422,8157700,0.0,0.0,0.0
2024-02-05,91.44999694824219,91.44999694824219,91.44000244140625,91.44000244140625,81.88787078857422,6923400,0.0,0.0,0.0
2024-02-06,91.45999908447266,91.45999908447266,91.44999694824219,91.45999908447266,81.90579223632812,5037900,0.0,0.0,0.0
2024-02-07,91.4800033569336,91.4800033569336,91.47000122070312,91.47000122070312,81.91472625732422,8475400,0.0,0.0,0.0
2024-02-08,91.5199966430664,91.5199966430664,91.51000213623047,91.51000213623047,81.9505615234375,5406300,0.0,0.0,0.0
2024-02-09,91.5199966430664,91.52999877929688,91.5199966430664,91.5199966430664,81.95952606201172,5087000,0.0,0.0,0.0
2024-02-12,91.54000091552734,91.54000091552734,91.52999877929688,91.54000091552734,81.9774398803711,7216800,0.0,0.0,0.0
2024-02-13,91.54000091552734,91.55000305175781,91.54000091552734,91.54000091552734,81.9774398803711,7655100,0.0,0.0,0.0
2024-02-14,91.55999755859375,91.56999969482422,91.55999755859375,91.55999755859375,81.99531555175781,6028000,0.0,0.0,0.0
2024-02-15,91.62000274658203,91.62000274658203,91.61000061035156,91.61000061035156,82.04010009765625,4800600,0.0,0.0,0.0
2024-02-16,91.62000274658203,91.62999725341797,91.62000274658203,91.62999725341797,82.05802154541016,6052600,0.0,0.0,0.0
2024-02-20,91.6500015258789,91.6500015258789,91.63999938964844,91.63999938964844,82.0669937133789,4841100,0.0,0.0,0.0
2024-02-21,91.6500015258789,91.66000366210938,91.6500015258789,91.6500015258789,82.0759506225586,5127600,0.0,0.0,0.0
2024-02-22,91.69000244140625,91.69999694824219,91.69000244140625,91.69999694824219,82.1207046508789,7474000,0.0,0.0,0.0
2024-02-23,91.69999694824219,91.70999908447266,91.69999694824219,91.70999908447266,82.12965393066406,5608600,0.0,0.0,0.0
2024-02-26,91.72000122070312,91.72000122070312,91.70999908447266,91.70999908447266,82.12965393066406,4644800,0.0,0.0,0.0
2024-02-27,91.7300033569336,91.73999786376953,91.7300033569336,91.7300033569336,82.14755249023438,6027500,0.0,0.0,0.0
2024-02-28,91.73999786376953,91.75,91.73999786376953,91.73999786376953,82.1565170288086,3917600,0.0,0.0,0.0
2024-02-29,91.77999877929688,91.79000091552734,91.77999877929688,91.77999877929688,82.19235229492188,13028900,0.0,0.0,0.0
2024-03-01,91.44000244140625,91.44999694824219,91.44000244140625,91.44999694824219,82.2148208618164,13095400,0.355,0.0,0.0
2024-03-04,91.45999908447266,91.45999908447266,91.44999694824219,91.45999908447266,82.22380828857422,8628300,0.0,0.0,0.0
2024-03-05,91.47000122070312,91.47000122070312,91.45999908447266,91.45999908447266,82.22380828857422,10329500,0.0,0.0,0.0
2024-03-06,91.48999786376953,91.48999786376953,91.4800033569336,91.4800033569336,82.2417984008789,6752000,0.0,0.0,0.0
2024-03-07,91.52999877929688,91.52999877929688,91.5199966430664,91.5199966430664,82.27774047851562,4388600,0.0,0.0,0.0
2024-03-08,91.52999877929688,91.54000091552734,91.52999877929688,91.52999877929688,82.28675079345703,4298900,0.0,0.0,0.0
2024-03-11,91.55000305175781,91.55000305175781,91.54000091552734,91.54000091552734,82.29574584960938,5117900,0.0,0.0,0.0
2024-03-12,91.55999755859375,91.56999969482422,91.55999755859375,91.56999969482422,82.32270812988281,4136600,0.0,0.0,0.0
2024-03-13,91.58000183105469,91.58000183105469,91.56999969482422,91.56999969482422,82.32270812988281,4478400,0.0,0.0,0.0
2024-03-14,91.61000061035156,91.62000274658203,91.61000061035156,91.61000061035156,82.35865783691406,4603000,0.0,0.0,0.0
2024-03-15,91.62999725341797,91.62999725341797,91.62000274658203,91.62999725341797,82.37664794921875,4445600,0.0,0.0,0.0
2024-03-18,91.63999938964844,91.63999938964844,91.62999725341797,91.63999938964844,82.3856430053711,5594400,0.0,0.0,0.0
2024-03-19,91.6500015258789,91.66000366210938,91.6500015258789,91.66000366210938,82.40361785888672,5681900,0.0,0.0,0.0
2024-03-20,91.66000366210938,91.66999816894531,91.66000366210938,91.66999816894531,82.41259765625,4398200,0.0,0.0,0.0
2024-03-21,91.69999694824219,91.70999908447266,91.69999694824219,91.69999694824219,82.43955993652344,7534900,0.0,0.0,0.0
2024-03-22,91.70999908447266,91.72000122070312,91.70999908447266,91.70999908447266,82.44857025146484,4686400,0.0,0.0,0.0
2024-03-25,91.73999786376953,91.73999786376953,91.7300033569336,91.7300033569336,82.466552734375,4050000,0.0,0.0,0.0
2024-03-26,91.73999786376953,91.75,91.73999786376953,91.73999786376953,82.47552490234375,4276000,0.0,0.0,0.0
2024-03-27,91.79000091552734,91.80000305175781,91.79000091552734,91.80000305175781,82.52949523925781,5350700,0.0,0.0,0.0
2024-03-28,91.80000305175781,91.80999755859375,91.80000305175781,91.80000305175781,82.52949523925781,10199200,0.0,0.0,0.0
2024-04-01,91.41999816894531,91.43000030517578,91.41999816894531,91.41999816894531,82.55204010009766,14208200,0.405,0.0,0.0
2024-04-02,91.44000244140625,91.44000244140625,91.43000030517578,91.44000244140625,82.57009887695312,8902500,0.0,0.0,0.0
2024-04-03,91.44999694824219,91.44999694824219,91.44000244140625,91.44000244140625,82.57009887695312,8433900,0.0,0.0,0.0
2024-04-04,91.4800033569336,91.48999786376953,91.4800033569336,91.4800033569336,82.60623168945312,6620400,0.0,0.0,0.0
2024-04-05,91.5,91.5,91.48999786376953,91.5,82.62427520751953,5463200,0.0,0.0,0.0
2024-04-08,91.5199966430664,91.5199966430664,91.51000213623047,91.51000213623047,82.63333129882812,4983800,0.0,0.0,0.0
2024-04-09,91.5199966430664,91.52999877929688,91.5199966430664,91.5199966430664,82.64234161376953,5562500,0.0,0.0,0.0
2024-04-10,91.52999877929688,91.54000091552734,91.52999877929688,91.54000091552734,82.66043090820312,4799700,0.0,0.0,0.0
2024-04-11,91.56999969482422,91.58000183105469,91.56999969482422,91.56999969482422,82.68750762939453,5081500,0.0,0.0,0.0
2024-04-12,91.58000183105469,91.58999633789062,91.58000183105469,91.58000183105469,82.696533203125,7030200,0.0,0.0,0.0
2024-04-15,91.58999633789062,91.5999984741211,91.58999633789062,91.5999984741211,82.7145767211914,7376700,0.0,0.0,0.0
2024-04-16,91.62000274658203,91.62000274658203,91.61000061035156,91.61000061035156,82.72360229492188,8427000,0.0,0.0,0.0
2024-04-17,91.62999725341797,91.62999725341797,91.62000274658203,91.62000274658203,82.732666015625,10975300,0.0,0.0,0.0
2024-04-18,91.66000366210938,91.66999816894531,91.66000366210938,91.66999816894531,82.77779388427734,7379200,0.0,0.0,0.0
2024-04-19,91.68000030517578,91.68000030517578,91.66999816894531,91.68000030517578,82.7868423461914,6855100,0.0,0.0,0.0
2024-04-22,91.69999694824219,91.69999694824219,91.69000244140625,91.69999694824219,82.80487060546875,6628400,0.0,0.0,0.0
2024-04-23,91.70999908447266,91.70999908447266,91.69999694824219,91.70999908447266,82.81392669677734,5991900,0.0,0.0,0.0
2024-04-24,91.70999908447266,91.72000122070312,91.70999908447266,91.70999908447266,82.81392669677734,7103500,0.0,0.0,0.0
2024-04-25,91.76000213623047,91.76000213623047,91.75,91.76000213623047,82.85908508300781,5351100,0.0,0.0,0.0
2024-04-26,91.7699966430664,91.7699966430664,91.76000213623047,91.76000213623047,82.85908508300781,6842800,0.0,0.0,0.0
2024-04-29,91.77999877929688,91.79000091552734,91.77999877929688,91.77999877929688,82.87711334228516,7880000,0.0,0.0,0.0
2024-04-30,91.79000091552734,91.80000305175781,91.79000091552734,91.79000091552734,82.88616943359375,13723600,0.0,0.0,0.0
2024-05-01,91.43000030517578,91.43000030517578,91.41999816894531,91.41999816894531,82.90249633789062,13814700,0.388,0.0,0.0
2024-05-02,91.47000122070312,91.47000122070312,91.45999908447266,91.47000122070312,82.94783020019531,8928200,0.0,0.0,0.0
2024-05-03,91.4800033569336,91.4800033569336,91.47000122070312,91.4800033569336,82.9568862915039,7417900,0.0,0.0,0.0
2024-05-06,91.48999786376953,91.48999786376953,91.4800033569336,91.4800033569336,82.9568862915039,8051000,0.0,0.0,0.0
2024-05-07,91.5,91.5,91.48999786376953,91.48999786376953,82.9659652709961,5471700,0.0,0.0,0.0
2024-05-08,91.51000213623047,91.5199966430664,91.51000213623047,91.51000213623047,82.98410034179688,4992500,0.0,0.0,0.0
2024-05-09,91.55000305175781,91.55999755859375,91.55000305175781,91.55999755859375,83.02942657470703,5300400,0.0,0.0,0.0
2024-05-10,91.55999755859375,91.56999969482422,91.55999755859375,91.55999755859375,83.02942657470703,4157600,0.0,0.0,0.0
2024-05-13,91.56999969482422,91.58000183105469,91.56999969482422,91.58000183105469,83.0475845336914,4583700,0.0,0.0,0.0
2024-05-14,91.5999984741211,91.5999984741211,91.58999633789062,91.58999633789062,83.05663299560547,6834400,0.0,0.0,0.0
2024-05-15,91.61000061035156,91.61000061035156,91.5999984741211,91.5999984741211,83.06571197509766,6416100,0.0,0.0,0.0
2024-05-16,91.6500015258789,91.6500015258789,91.63999938964844,91.63999938964844,83.10198974609375,8627400,0.0,0.0,0.0
2024-05-17,91.66000366210938,91.66000366210938,91.6500015258789,91.6500015258789,83.11103820800781,4260500,0.0,0.0,0.0
2024-05-20,91.66999816894531,91.68000030517578,91.66999816894531,91.66999816894531,83.12919616699219,4460500,0.0,0.0,0.0
2024-05-21,91.69000244140625,91.69000244140625,91.68000030517578,91.68000030517578,83.13825988769531,3358400,0.0,0.0,0.0
2024-05-22,91.69999694824219,91.70999908447266,91.69000244140625,91.69999694824219,83.1563949584961,5629600,0.0,0.0,0.0
2024-05-23,91.75,91.76000213623047,91.75,91.76000213623047,83.21083068847656,5210000,0.0,0.0,0.0
2024-05-24,91.76000213623047,91.7699966430664,91.76000213623047,91.7699966430664,83.21986389160156,4187400,0.0,0.0,0.0
2024-05-28,91.76000213623047,91.7699966430664,91.76000213623047,91.76000213623047,83.21083068847656,4940900,0.0,0.0,0.0
2024-05-29,91.7699966430664,91.77999877929688,91.7699966430664,91.77999877929688,83.22893524169922,4961200,0.0,0.0,0.0
2024-05-30,91.79000091552734,91.80000305175781,91.79000091552734,91.80000305175781,83.24710083007812,5711700,0.0,0.0,0.0
2024-05-31,91.81999969482422,91.83000183105469,91.81999969482422,91.81999969482422,83.26521301269531,12454800,0.0,0.0,0.0
2024-06-03,91.44999694824219,91.44999694824219,91.43000030517578,91.43000030517578,83.27886962890625,15275200,0.405,0.0,0.0
2024-06-04,91.44999694824219,91.45999908447266,91.44000244140625,91.44999694824219,83.29711151123047,8302300,0.0,0.0,0.0
2024-06-05,91.47000122070312,91.47000122070312,91.45999908447266,91.45999908447266,83.30620574951172,8099300,0.0,0.0,0.0
2024-06-06,91.4800033569336,91.4800033569336,91.47000122070312,91.47000122070312,83.3153076171875,4720800,0.0,0.0,0.0
2024-06-07,91.51000213623047,91.5199966430664,91.51000213623047,91.51000213623047,83.35173034667969,5032600,0.0,0.0,0.0
2024-06-10,91.5199966430664,91.52999877929688,91.5199966430664,91.52999877929688,83.36996459960938,4087500,0.0,0.0,0.0
2024-06-11,91.55000305175781,91.55000305175781,91.54000091552734,91.54000091552734,83.37906646728516,4831700,0.0,0.0,0.0
2024-06-12,91.55999755859375,91.55999755859375,91.55000305175781,91.55999755859375,83.39727020263672,6373600,0.0,0.0,0.0
2024-06-13,91.58000183105469,91.58000183105469,91.56999969482422,91.56999969482422,83.40640258789062,5132600,0.0,0.0,0.0
2024-06-14,91.5999984741211,91.62000274658203,91.5999984741211,91.62000274658203,83.45193481445312,5226500,0.0,0.0,0.0
2024-06-17,91.62999725341797,91.62999725341797,91.62000274658203,91.62999725341797,83.46102142333984,5347500,0.0,0.0,0.0
2024-06-18,91.63999938964844,91.6500015258789,91.63999938964844,91.6500015258789,83.479248046875,6273200,0.0,0.0,0.0
2024-06-20,91.66000366210938,91.66999816894531,91.66000366210938,91.66999816894531,83.49748992919922,5238800,0.0,0.0,0.0
2024-06-21,91.69999694824219,91.70999908447266,91.69999694824219,91.69999694824219,83.5248031616211,5343800,0.0,0.0,0.0
2024-06-24,91.72000122070312,91.72000122070312,91.70999908447266,91.72000122070312,83.54302978515625,5280400,0.0,0.0,0.0
2024-06-25,91.7300033569336,91.73999786376953,91.72000122070312,91.72000122070312,83.54302978515625,3518000,0.0,0.0,0.0
2024-06-26,91.7300033569336,91.73999786376953,91.7300033569336,91.7300033569336,83.5521469116211,4098100,0.0,0.0,0.0
2024-06-27,91.75,91.76000213623047,91.75,91.75,83.57035827636719,4487200,0.0,0.0,0.0
2024-06-28,91.77999877929688,91.79000091552734,91.77999877929688,91.77999877929688,83.59765625,10410800,0.0,0.0,0.0
2024-07-01,91.41999816894531,91.41999816894531,91.41000366210938,91.41999816894531,83.626953125,11882700,0.392,0.0,0.0
2024-07-02,91.43000030517578,91.43000030517578,91.41999816894531,91.43000030517578,83.6360855102539,8228100,0.0,0.0,0.0
2024-07-03,91.45999908447266,91.45999908447266,91.44999694824219,91.45999908447266,83.66354370117188,4240100,0.0,0.0,0.0
2024-07-05,91.5,91.5,91.48999786376953,91.48999786376953,83.69099426269531,4316500,0.0,0.0,0.0
2024-07-08,91.5,91.5199966430664,91.5,91.51000213623047,83.70925903320312,4748100,0.0,0.0,0.0
2024-07-09,91.5199966430664,91.52999877929688,91.51000213623047,91.51000213623047,83.70925903320312,4311500,0.0,0.0,0.0
2024-07-10,91.54000091552734,91.54000091552734,91.5199966430664,91.52999877929688,83.72756958007812,4653500,0.0,0.0,0.0
2024-07-11,91.54000091552734,91.55000305175781,91.54000091552734,91.54000091552734,83.7367172241211,5960300,0.0,0.0,0.0
2024-07-12,91.58000183105469,91.58999633789062,91.58000183105469,91.58000183105469,83.77330780029297,5872000,0.0,0.0,0.0
2024-07-15,91.58999633789062,91.5999984741211,91.58999633789062,91.5999984741211,83.7916030883789,6130500,0.0,0.0,0.0
2024-07-16,91.61000061035156,91.61000061035156,91.5999984741211,91.5999984741211,83.7916030883789,5457000,0.0,0.0,0.0
2024-07-17,91.62000274658203,91.62999725341797,91.61000061035156,91.62999725341797,83.81902313232422,7883400,0.0,0.0,0.0
2024-07-18,91.62999725341797,91.63999938964844,91.62000274658203,91.63999938964844,83.82820129394531,5746000,0.0,0.0,0.0
2024-07-19,91.68000030517578,91.68000030517578,91.66999816894531,91.66999816894531,83.85564422607422,4604900,0.0,0.0,0.0
2024-07-22,91.68000030517578,91.69000244140625,91.68000030517578,91.69000244140625,83.87390899658203,6777700,0.0,0.0,0.0
2024-07-23,91.69000244140625,91.70999908447266,91.69000244140625,91.69000244140625,83.87390899658203,8687900,0.0,0.0,0.0
2024-07-24,91.72000122070312,91.72000122070312,91.70999908447266,91.72000122070312,83.90138244628906,5548000,0.0,0.0,0.0
2024-07-25,91.72000122070312,91.7300033569336,91.72000122070312,91.72000122070312,83.90138244628906,5926500,0.0,0.0,0.0
2024-07-26,91.7699966430664,91.7699966430664,91.75,91.7699966430664,83.94709777832031,4299300,0.0,0.0,0.0
2024-07-29,91.77999877929688,91.77999877929688,91.7699966430664,91.7699966430664,83.94709777832031,4097400,0.0,0.0,0.0
2024-07-30,91.79000091552734,91.79000091552734,91.77999877929688,91.77999877929688,83.95623779296875,6748000,0.0,0.0,0.0
2024-07-31,91.79000091552734,91.80000305175781,91.79000091552734,91.80000305175781,83.97457122802734,12395000,0.0,0.0,0.0
2024-08-01,91.41000366210938,91.41999816894531,91.41000366210938,91.41999816894531,83.99478149414062,18244900,0.402,0.0,0.0
2024-08-02,91.45999908447266,91.47000122070312,91.44999694824219,91.47000122070312,84.04071807861328,14492000,0.0,0.0,0.0
2024-08-05,91.47000122070312,91.4800033569336,91.47000122070312,91.47000122070312,84.04071807861328,21054200,0.0,0.0,0.0
2024-08-06,91.4800033569336,91.48999786376953,91.4800033569336,91.48999786376953,84.05908966064453,9774300,0.0,0.0,0.0
2024-08-07,91.5,91.51000213623047,91.48999786376953,91.51000213623047,84.07745361328125,14277100,0.0,0.0,0.0
2024-08-08,91.51000213623047,91.5199966430664,91.51000213623047,91.5199966430664,84.08665466308594,6946000,0.0,0.0,0.0
2024-08-09,91.54000091552734,91.55000305175781,91.54000091552734,91.54000091552734,84.10501861572266,7714500,0.0,0.0,0.0
2024-08-12,91.55000305175781,91.56999969482422,91.55000305175781,91.56999969482422,84.13258361816406,6167100,0.0,0.0,0.0
2024-08-13,91.56999969482422,91.58000183105469,91.56999969482422,91.58000183105469,84.14178466796875,7486700,0.0,0.0,0.0
2024-08-14,91.58000183105469,91.5999984741211,91.58000183105469,91.58999633789062,84.15094757080078,5103800,0.0,0.0,0.0
2024-08-15,91.5999984741211,91.61000061035156,91.58999633789062,91.5999984741211,84.16014099121094,6865000,0.0,0.0,0.0
2024-08-16,91.62999725341797,91.6500015258789,91.62999725341797,91.6500015258789,84.2060775756836,8828900,0.0,0.0,0.0
2024-08-19,91.66000366210938,91.66000366210938,91.6500015258789,91.6500015258789,84.2060775756836,5960000,0.0,0.0,0.0
2024-08-20,91.66000366210938,91.66999816894531,91.66000366210938,91.66999816894531,84.2244644165039,5868900,0.0,0.0,0.0
2024-08-21,91.69000244140625,91.69000244140625,91.68000030517578,91.69000244140625,84.24282836914062,4315700,0.0,0.0,0.0
2024-08-22,91.69000244140625,91.69999694824219,91.69000244140625,91.69000244140625,84.24282836914062,5644000,0.0,0.0,0.0
2024-08-23,91.7300033569336,91.73999786376953,91.7300033569336,91.7300033569336,84.27960968017578,6458000,0.0,0.0,0.0
2024-08-26,91.73999786376953,91.75,91.73999786376953,91.73999786376953,84.28876495361328,6712300,0.0,0.0,0.0
2024-08-27,91.76000213623047,91.76000213623047,91.75,91.76000213623047,84.30716705322266,6549600,0.0,0.0,0.0
2024-08-28,91.7699966430664,91.7699966430664,91.76000213623047,91.7699966430664,84.31631469726562,6373600,0.0,0.0,0.0
2024-08-29,91.77999877929688,91.79000091552734,91.7699966430664,91.7699966430664,84.31631469726562,4766800,0.0,0.0,0.0
2024-08-30,91.83000183105469,91.83000183105469,91.81999969482422,91.81999969482422,84.36227416992188,12422200,0.0,0.0,0.0
2024-09-03,91.44999694824219,91.45999908447266,91.44000244140625,91.45999908447266,84.3955078125,18003300,0.396,0.0,0.0
2024-09-04,91.47000122070312,91.47000122070312,91.45999908447266,91.47000122070312,84.40473175048828,6427400,0.0,0.0,0.0
2024-09-05,91.4800033569336,91.48999786376953,91.47000122070312,91.4800033569336,84.41394805908203,7293000,0.0,0.0,0.0
2024-09-06,91.52999877929688,91.52999877929688,91.5199966430664,91.52999877929688,84.46009826660156,7105200,0.0,0.0,0.0
2024-09-09,91.54000091552734,91.54000091552734,91.52999877929688,91.52999877929688,84.46009826660156,5391800,0.0,0.0,0.0
2024-09-10,91.54000091552734,91.55999755859375,91.54000091552734,91.55999755859375,84.48777770996094,4815300,0.0,0.0,0.0
2024-09-11,91.55999755859375,91.56999969482422,91.55999755859375,91.55999755859375,84.48777770996094,7429500,0.0,0.0,0.0
2024-09-12,91.56999969482422,91.58000183105469,91.56999969482422,91.56999969482422,84.49700927734375,5170200,0.0,0.0,0.0
2024-09-13,91.61000061035156,91.62000274658203,91.61000061035156,91.62000274658203,84.54313659667969,8183500,0.0,0.0,0.0
2024-09-16,91.62999725341797,91.63999938964844,91.62999725341797,91.63999938964844,84.56160736083984,6037400,0.0,0.0,0.0
2024-09-17,91.66000366210938,91.66000366210938,91.6500015258789,91.6500015258789,84.57081604003906,9658200,0.0,0.0,0.0
2024-09-18,91.66000366210938,91.68000030517578,91.66000366210938,91.66999816894531,84.58927917480469,7621200,0.0,0.0,0.0
2024-09-19,91.68000030517578,91.69000244140625,91.68000030517578,91.69000244140625,84.60772705078125,8001100,0.0,0.0,0.0
2024-09-20,91.72000122070312,91.7300033569336,91.72000122070312,91.7300033569336,84.64466857910156,6438700,0.0,0.0,0.0
2024-09-23,91.73999786376953,91.73999786376953,91.7300033569336,91.73999786376953,84.65386199951172,6998800,0.0,0.0,0.0
2024-09-24,91.75,91.76000213623047,91.75,91.75,84.66311645507812,11580200,0.0,0.0,0.0
2024-09-25,91.76000213623047,91.7699966430664,91.76000213623047,91.7699966430664,84.68153381347656,5875800,0.0,0.0,0.0
2024-09-26,91.7699966430664,91.77999877929688,91.7699966430664,91.7699966430664,84.68153381347656,4937700,0.0,0.0,0.0
2024-09-27,91.80000305175781,91.80999755859375,91.80000305175781,91.80000305175781,84.70925903320312,8616700,0.0,0.0,0.0
2024-09-30,91.80999755859375,91.81999969482422,91.80999755859375,91.80999755859375,84.71846771240234,11327400,0.0,0.0,0.0
2024-10-01,91.45999908447266,91.45999908447266,91.44999694824219,91.45999908447266,84.73793029785156,13695700,0.371,0.0,0.0
2024-10-02,91.47000122070312,91.47000122070312,91.45999908447266,91.47000122070312,84.7471923828125,7391800,0.0,0.0,0.0
2024-10-03,91.4800033569336,91.48999786376953,91.4800033569336,91.48999786376953,84.7657241821289,5394900,0.0,0.0,0.0
2024-10-04,91.5199966430664,91.5199966430664,91.51000213623047,91.51000213623047,84.78424072265625,6208000,0.0,0.0,0.0
2024-10-07,91.5199966430664,91.52999877929688,91.5199966430664,91.52999877929688,84.80278015136719,6735500,0.0,0.0,0.0
2024-10-08,91.54000091552734,91.54000091552734,91.52999877929688,91.52999877929688,84.80278015136719,5266500,0.0,0.0,0.0
2024-10-09,91.54000091552734,91.55000305175781,91.54000091552734,91.54000091552734,84.81202697753906,6200800,0.0,0.0,0.0
2024-10-10,91.55999755859375,91.55999755859375,91.55000305175781,91.55000305175781,84.82133483886719,4717800,0.0,0.0,0.0
2024-10-11,91.5999984741211,91.5999984741211,91.58999633789062,91.5999984741211,84.86763763427734,6011000,0.0,0.0,0.0
2024-10-14,91.5999984741211,91.61000061035156,91.58999633789062,91.58999633789062,84.85836791992188,4174900,0.0,0.0,0.0
2024-10-15,91.61000061035156,91.62000274658203,91.5999984741211,91.62000274658203,84.88615417480469,5906400,0.0,0.0,0.0
2024-10-16,91.62999725341797,91.62999725341797,91.62000274658203,91.62000274658203,84.88615417480469,5757300,0.0,0.0,0.0
2024-10-17,91.63999938964844,91.63999938964844,91.62999725341797,91.63999938964844,84.90470123291016,4395800,0.0,0.0,0.0
2024-10-18,91.68000030517578,91.68000030517578,91.66000366210938,91.66999816894531,84.93248748779297,5286800,0.0,0.0,0.0
2024-10-21,91.68000030517578,91.69000244140625,91.66999816894531,91.69000244140625,84.95101165771484,5874700,0.0,0.0,0.0
2024-10-22,91.69999694824219,91.69999694824219,91.69000244140625,91.69999694824219,84.96027374267578,4191500,0.0,0.0,0.0
2024-10-23,91.70999908447266,91.70999908447266,91.69999694824219,91.69999694824219,84.96027374267578,5462300,0.0,0.0,0.0
2024-10-24,91.72000122070312,91.72000122070312,91.70999908447266,91.70999908447266,84.96955871582031,4689000,0.0,0.0,0.0
2024-10-25,91.73999786376953,91.75,91.73999786376953,91.75,85.00662231445312,6048400,0.0,0.0,0.0
2024-10-28,91.76000213623047,91.76000213623047,91.75,91.75,85.00662231445312,5718600,0.0,0.0,0.0
2024-10-29,91.7699966430664,91.77999877929688,91.76000213623047,91.7699966430664,85.02511596679688,4704800,0.0,0.0,0.0
2024-10-30,91.77999877929688,91.79000091552734,91.77999877929688,91.77999877929688,85.03439331054688,4965800,0.0,0.0,0.0
2024-10-31,91.79000091552734,91.80000305175781,91.79000091552734,91.80000305175781,85.0529556274414,12141700,0.0,0.0,0.0
2024-11-01,91.4800033569336,91.4800033569336,91.47000122070312,91.4800033569336,85.08920288085938,15201500,0.359,0.0,0.0
2024-11-04,91.5,91.5,91.48999786376953,91.5,85.1078109741211,9477100,0.0,0.0,0.0
2024-11-05,91.5,91.51000213623047,91.5,91.5,85.1078109741211,4689500,0.0,0.0,0.0
2024-11-06,91.51000213623047,91.5199966430664,91.51000213623047,91.5199966430664,85.12641906738281,9978200,0.0,0.0,0.0
2024-11-07,91.5199966430664,91.52999877929688,91.5199966430664,91.52999877929688,85.1357192993164,7827900,0.0,0.0,0.0
2024-11-08,91.56999969482422,91.58000183105469,91.55999755859375,91.58000183105469,85.1822509765625,8280900,0.0,0.0,0.0
2024-11-11,91.56999969482422,91.58000183105469,91.56999969482422,91.56999969482422,85.17292022705078,8165700,0.0,0.0,0.0
2024-11-12,91.58000183105469,91.58999633789062,91.58000183105469,91.58000183105469,85.1822509765625,5526300,0.0,0.0,0.0
2024-11-13,91.58999633789062,91.5999984741211,91.58999633789062,91.5999984741211,85.2008285522461,4860500,0.0,0.0,0.0
2024-11-14,91.61000061035156,91.61000061035156,91.5999984741211,91.5999984741211,85.2008285522461,6138400,0.0,0.0,0.0
2024-11-15,91.63999938964844,91.63999938964844,91.62999725341797,91.62999725341797,85.22871398925781,9715700,0.0,0.0,0.0
2024-11-18,91.6500015258789,91.66000366210938,91.63999938964844,91.63999938964844,85.238037109375,7387900,0.0,0.0,0.0
2024-11-19,91.66000366210938,91.66999816894531,91.6500015258789,91.66999816894531,85.26593780517578,7470700,0.0,0.0,0.0
2024-11-20,91.66999816894531,91.68000030517578,91.66999816894531,91.68000030517578,85.27523803710938,5538200,0.0,0.0,0.0
2024-11-21,91.69000244140625,91.69000244140625,91.68000030517578,91.69000244140625,85.2845230102539,5889700,0.0,0.0,0.0
2024-11-22,91.70999908447266,91.72000122070312,91.70999908447266,91.72000122070312,85.31244659423828,6694300,0.0,0.0,0.0
2024-11-25,91.72000122070312,91.7300033569336,91.72000122070312,91.7300033569336,85.32176208496094,5107700,0.0,0.0,0.0
2024-11-26,91.7300033569336,91.73999786376953,91.7300033569336,91.7300033569336,85.32176208496094,6692000,0.0,0.0,0.0
2024-11-27,91.75,91.76000213623047,91.75,91.76000213623047,85.34966278076172,6120700,0.0,0.0,0.0
2024-11-29,91.77999877929688,91.80000305175781,91.77999877929688,91.77999877929688,85.36823272705078,9410500,0.0,0.0,0.0
2024-12-02,91.47000122070312,91.47000122070312,91.45999908447266,91.47000122070312,85.39160919189453,12973900,0.335,0.0,0.0
2024-12-03,91.4800033569336,91.48999786376953,91.4800033569336,91.48999786376953,85.4102554321289,5673500,0.0,0.0,0.0
2024-12-04,91.51000213623047,91.51000213623047,91.5,91.5,85.4195785522461,5963400,0.0,0.0,0.0
2024-12-05,91.5199966430664,91.5199966430664,91.51000213623047,91.51000213623047,85.4289321899414,5880200,0.0,0.0,0.0
2024-12-06,91.55000305175781,91.55000305175781,91.54000091552734,91.55000305175781,85.46627044677734,5706600,0.0,0.0,0.0
2024-12-09,91.55999755859375,91.56999969482422,91.55999755859375,91.55999755859375,85.4756088256836,8793100,0.0,0.0,0.0
2024-12-10,91.56999969482422,91.58000183105469,91.56999969482422,91.58000183105469,85.49427795410156,5400300,0.0,0.0,0.0
2024-12-11,91.58000183105469,91.58999633789062,91.58000183105469,91.58999633789062,85.50360870361328,5845900,0.0,0.0,0.0
2024-12-12,91.5999984741211,91.61000061035156,91.5999984741211,91.61000061035156,85.52227020263672,4770200,0.0,0.0,0.0
2024-12-13,91.63999938964844,91.63999938964844,91.62999725341797,91.63999938964844,85.55027770996094,6271900,0.0,0.0,0.0
2024-12-16,91.6500015258789,91.6500015258789,91.63999938964844,91.6500015258789,85.55963897705078,6761700,0.0,0.0,0.0
2024-12-17,91.66000366210938,91.66000366210938,91.6500015258789,91.66000366210938,85.56896209716797,5827400,0.0,0.0,0.0
2024-12-18,91.66000366210938,91.66999816894531,91.66000366210938,91.66000366210938,85.56896209716797,9268200,0.0,0.0,0.0
2024-12-19,91.30000305175781,91.30000305175781,91.29000091552734,91.29000091552734,85.58114624023438,13876400,0.383,0.0,0.0
2024-12-20,91.31999969482422,91.33000183105469,91.31999969482422,91.33000183105469,85.61865997314453,12690000,0.0,0.0,0.0
2024-12-23,91.33000183105469,91.33999633789062,91.33000183105469,91.33000183105469,85.61865997314453,6572800,0.0,0.0,0.0
2024-12-24,91.3499984741211,91.36000061035156,91.3499984741211,91.3499984741211,85.63737487792969,4145600,0.0,0.0,0.0
2024-12-26,91.37000274658203,91.37000274658203,91.36000061035156,91.37000274658203,85.65614318847656,6192000,0.0,0.0,0.0
2024-12-27,91.41000366210938,91.41000366210938,91.4000015258789,91.41000366210938,85.69364166259766,6143500,0.0,0.0,0.0
2024-12-30,91.41000366210938,91.41999816894531,91.41000366210938,91.41000366210938,85.69364166259766,8990100,0.0,0.0,0.0
2024-12-31,91.44000244140625,91.44000244140625,91.43000030517578,91.43000030517578,85.71239471435547,7301500,0.0,0.0,0.0
2025-01-02,91.44999694824219,91.44999694824219,91.44000244140625,91.44999694824219,85.73113250732422,10756900,0.0,0.0,0.0
2025-01-03,91.4800033569336,91.4800033569336,91.45999908447266,91.45999908447266,85.7405014038086,7837900,0.0,0.0,0.0
2025-01-06,91.47000122070312,91.4800033569336,91.47000122070312,91.47000122070312,85.7499008178711,7827100,0.0,0.0,0.0
2025-01-07,91.48999786376953,91.5,91.4800033569336,91.48999786376953,85.76863861083984,6956800,0.0,0.0,0.0
2025-01-08,91.51000213623047,91.51000213623047,91.5,91.51000213623047,85.78738403320312,6673100,0.0,0.0,0.0
2025-01-10,91.55000305175781,91.55000305175781,91.54000091552734,91.54000091552734,85.8155288696289,10112200,0.0,0.0,0.0
2025-01-13,91.55000305175781,91.55999755859375,91.55000305175781,91.55000305175781,85.82488250732422,7854400,0.0,0.0,0.0
2025-01-14,91.55999755859375,91.56999969482422,91.55999755859375,91.56999969482422,85.8436279296875,6078300,0.0,0.0,0.0
2025-01-15,91.58000183105469,91.58000183105469,91.56999969482422,91.58000183105469,85.85302734375,7253800,0.0,0.0,0.0
2025-01-16,91.58999633789062,91.58999633789062,91.58000183105469,91.58000183105469,85.85302734375,6997800,0.0,0.0,0.0
2025-01-17,91.62000274658203,91.62999725341797,91.62000274658203,91.62999725341797,85.89989471435547,7745500,0.0,0.0,0.0
2025-01-21,91.62999725341797,91.63999938964844,91.62999725341797,91.62999725341797,85.89989471435547,10266200,0.0,0.0,0.0
2025-01-22,91.63999938964844,91.6500015258789,91.63999938964844,91.6500015258789,85.91864776611328,6019200,0.0,0.0,0.0
2025-01-23,91.66000366210938,91.66000366210938,91.6500015258789,91.6500015258789,85.91864776611328,6561500,0.0,0.0,0.0
2025-01-24,91.69000244140625,91.69000244140625,91.68000030517578,91.69000244140625,85.95612335205078,7242200,0.0,0.0,0.0
2025-01-27,91.69000244140625,91.69999694824219,91.69000244140625,91.69999694824219,85.96550750732422,7909600,0.0,0.0,0.0
2025-01-28,91.70999908447266,91.70999908447266,91.69999694824219,91.69999694824219,85.96550750732422,6485500,0.0,0.0,0.0
2025-01-29,91.72000122070312,91.72000122070312,91.70999908447266,91.70999908447266,85.97489166259766,5688800,0.0,0.0,0.0
2025-01-30,91.7300033569336,91.7300033569336,91.72000122070312,91.72000122070312,85.98424530029297,7369900,0.0,0.0,0.0
2025-01-31,91.75,91.76000213623047,91.75,91.75,86.01237487792969,13634400,0.0,0.0,0.0
2025-02-03,91.44999694824219,91.44999694824219,91.44000244140625,91.44999694824219,86.03683471679688,17508900,0.326,0.0,0.0
2025-02-04,91.45999908447266,91.45999908447266,91.44999694824219,91.44999694824219,86.03683471679688,9295900,0.0,0.0,0.0
2025-02-05,91.45999908447266,91.47000122070312,91.45999908447266,91.45999908447266,86.0462417602539,6249600,0.0,0.0,0.0
2025-02-06,91.4800033569336,91.4800033569336,91.47000122070312,91.4800033569336,86.06507873535156,8308300,0.0,0.0,0.0
2025-02-07,91.51000213623047,91.51000213623047,91.5,91.5,86.08386993408203,6391100,0.0,0.0,0.0
2025-02-10,91.5199966430664,91.5199966430664,91.51000213623047,91.51000213623047,86.0932846069336,5466500,0.0,0.0,0.0
2025-02-11,91.5199966430664,91.52999877929688,91.5199966430664,91.5199966430664,86.10269927978516,6959400,0.0,0.0,0.0
2025-02-12,91.52999877929688,91.54000091552734,91.52999877929688,91.52999877929688,86.11211395263672,6275700,0.0,0.0,0.0
2025-02-13,91.55000305175781,91.55000305175781,91.54000091552734,91.55000305175781,86.13092041015625,6340500,0.0,0.0,0.0
2025-02-14,91.58000183105469,91.58999633789062,91.58000183105469,91.58000183105469,86.15916442871094,6058900,0.0,0.0,0.0
2025-02-18,91.58999633789062,91.5999984741211,91.58999633789062,91.5999984741211,86.177978515625,8777200,0.0,0.0,0.0
2025-02-19,91.61000061035156,91.61000061035156,91.5999984741211,91.61000061035156,86.18736267089844,5685800,0.0,0.0,0.0
2025-02-20,91.62000274658203,91.62999725341797,91.62000274658203,91.62999725341797,86.20620727539062,5454900,0.0,0.0,0.0
2025-02-21,91.6500015258789,91.66000366210938,91.6500015258789,91.66000366210938,86.23440551757812,7185900,0.0,0.0,0.0
2025-02-24,91.66999816894531,91.66999816894531,91.66000366210938,91.66999816894531,86.24382019042969,9061400,0.0,0.0,0.0
2025-02-25,91.68000030517578,91.68000030517578,91.66999816894531,91.66999816894531,86.24382019042969,8348300,0.0,0.0,0.0
2025-02-26,91.69000244140625,91.69000244140625,91.68000030517578,91.69000244140625,86.26263427734375,8610600,0.0,0.0,0.0
2025-02-27,91.69999694824219,91.69999694824219,91.69000244140625,91.69999694824219,86.27203369140625,6620600,0.0,0.0,0.0
2025-02-28,91.72000122070312,91.7300033569336,91.72000122070312,91.72000122070312,86.29085540771484,13721500,0.0,0.0,0.0
2025-03-03,91.44999694824219,91.44999694824219,91.44000244140625,91.44999694824219,86.30879211425781,17874400,0.289,0.0,0.0
2025-03-04,91.45999908447266,91.45999908447266,91.44999694824219,91.44999694824219,86.30879211425781,12187400,0.0,0.0,0.0
2025-03-05,91.45999908447266,91.47000122070312,91.45999908447266,91.45999908447266,86.3182144165039,11850800,0.0,0.0,0.0
2025-03-06,91.4800033569336,91.4800033569336,91.47000122070312,91.47000122070312,86.32767486572266,10301700,0.0,0.0,0.0
2025-03-07,91.5,91.51000213623047,91.5,91.51000213623047,86.36540985107422,10375700,0.0,0.0,0.0
2025-03-10,91.51000213623047,91.5199966430664,91.51000213623047,91.5199966430664,86.37483978271484,29759000,0.0,0.0,0.0
2025-03-11,91.5199966430664,91.52999877929688,91.5199966430664,91.52999877929688,86.38430786132812,19163000,0.0,0.0,0.0
2025-03-12,91.54000091552734,91.54000091552734,91.52999877929688,91.54000091552734,86.39373779296875,20095800,0.0,0.0,0.0
2025-03-13,91.54000091552734,91.55999755859375,91.54000091552734,91.55999755859375,86.41261291503906,14549100,0.0,0.0,0.0
2025-03-14,91.58000183105469,91.58999633789062,91.58000183105469,91.58000183105469,86.43148803710938,15909000,0.0,0.0,0.0
2025-03-17,91.5999984741211,91.5999984741211,91.58999633789062,91.5999984741211,86.45035552978516,9386400,0.0,0.0,0.0
2025-03-18,91.5999984741211,91.61000061035156,91.5999984741211,91.5999984741211,86.45035552978516,8773100,0.0,0.0,0.0
2025-03-19,91.61000061035156,91.62000274658203,91.61000061035156,91.61000061035156,86.45979309082031,8833200,0.0,0.0,0.0
2025-03-20,91.62000274658203,91.62999725341797,91.62000274658203,91.62999725341797,86.47866821289062,8491000,0.0,0.0,0.0
2025-03-21,91.66000366210938,91.66000366210938,91.6500015258789,91.66000366210938,86.50699615478516,6544300,0.0,0.0,0.0
2025-03-24,91.66999816894531,91.66999816894531,91.66000366210938,91.66000366210938,86.50699615478516,8056300,0.0,0.0,0.0
2025-03-25,91.66999816894531,91.68000030517578,91.66999816894531,91.66999816894531,86.51643371582031,18837100,0.0,0.0,0.0
2025-03-26,91.69000244140625,91.69000244140625,91.68000030517578,91.68000030517578,86.52586364746094,7171300,0.0,0.0,0.0
2025-03-27,91.69000244140625,91.69999694824219,91.69000244140625,91.69999694824219,86.54473114013672,8399300,0.0,0.0,0.0
2025-03-28,91.72000122070312,91.7300033569336,91.72000122070312,91.7300033569336,86.57305145263672,10052200,0.0,0.0,0.0
2025-03-31,91.7300033569336,91.73999786376953,91.7300033569336,91.7300033569336,86.57305145263672,22045800,0.0,0.0,0.0
2025-04-01,91.43000030517578,91.43000030517578,91.41999816894531,91.43000030517578,86.59293365478516,19110200,0.321,0.0,0.0
2025-04-02,91.43000030517578,91.44000244140625,91.43000030517578,91.44000244140625,86.60240173339844,9035500,0.0,0.0,0.0
2025-04-03,91.44999694824219,91.44999694824219,91.44000244140625,91.44999694824219,86.61187744140625,24029500,0.0,0.0,0.0
2025-04-04,91.4800033569336,91.48999786376953,91.47000122070312,91.4800033569336,86.64029693603516,33920200,0.0,0.0,0.0
2025-04-07,91.5,91.5,91.4800033569336,91.48999786376953,86.64976501464844,37206000,0.0,0.0,0.0
2025-04-08,91.48999786376953,91.5199966430664,91.48999786376953,91.51000213623047,86.66869354248047,21800900,0.0,0.0,0.0
2025-04-09,91.5,91.51000213623047,91.5,91.51000213623047,86.66869354248047,22907000,0.0,0.0,0.0
2025-04-10,91.51000213623047,91.5199966430664,91.51000213623047,91.5199966430664,86.67816162109375,23678100,0.0,0.0,0.0
2025-04-11,91.55000305175781,91.55999755859375,91.54000091552734,91.55999755859375,86.716064453125,34807600,0.0,0.0,0.0
2025-04-14,91.55999755859375,91.55999755859375,91.55000305175781,91.55999755859375,86.716064453125,18027100,0.0,0.0,0.0
2025-04-15,91.56999969482422,91.58000183105469,91.55999755859375,91.58000183105469,86.73501586914062,10082100,0.0,0.0,0.0
2025-04-16,91.58000183105469,91.58999633789062,91.58000183105469,91.58999633789062,86.74447631835938,12016200,0.0,0.0,0.0
2025-04-17,91.62999725341797,91.63999938964844,91.62000274658203,91.62999725341797,86.7823486328125,8243800,0.0,0.0,0.0
2025-04-21,91.62999725341797,91.63999938964844,91.62999725341797,91.63999938964844,86.79182434082031,10032200,0.0,0.0,0.0
2025-04-22,91.63999938964844,91.6500015258789,91.63999938964844,91.63999938964844,86.79182434082031,9201200,0.0,0.0,0.0
2025-04-23,91.66000366210938,91.66000366210938,91.6500015258789,91.66000366210938,86.81077575683594,8478500,0.0,0.0,0.0
2025-04-24,91.66000366210938,91.66999816894531,91.66000366210938,91.66000366210938,86.81077575683594,20381700,0.0,0.0,0.0
2025-04-25,91.69000244140625,91.69999694824219,91.69000244140625,91.69999694824219,86.84864807128906,11894100,0.0,0.0,0.0
2025-04-28,91.69999694824219,91.70999908447266,91.69999694824219,91.70999908447266,86.8581314086914,9934400,0.0,0.0,0.0
2025-04-29,91.70999908447266,91.72000122070312,91.70999908447266,91.70999908447266,86.8581314086914,19478900,0.0,0.0,0.0
2025-04-30,91.72000122070312,91.7300033569336,91.72000122070312,91.72000122070312,86.86758422851562,17498400,0.0,0.0,0.0
2025-05-01,91.43000030517578,91.43000030517578,91.41999816894531,91.43000030517578,86.88849639892578,15747600,0.312,0.0,0.0
2025-05-02,91.44999694824219,91.45999908447266,91.44999694824219,91.45999908447266,86.91699981689453,14267400,0.0,0.0,0.0
2025-05-05,91.47000122070312,91.47000122070312,91.45999908447266,91.45999908447266,86.91699981689453,26580800,0.0,0.0,0.0
2025-05-06,91.47000122070312,91.4800033569336,91.47000122070312,91.4800033569336,86.93601989746094,8429300,0.0,0.0,0.0
2025-05-07,91.4800033569336,91.48999786376953,91.4800033569336,91.4800033569336,86.93601989746094,6212900,0.0,0.0,0.0
2025-05-08,91.48999786376953,91.5,91.48999786376953,91.5,86.95502471923828,9354600,0.0,0.0,0.0
2025-05-09,91.52999877929688,91.52999877929688,91.5199966430664,91.52999877929688,86.98355102539062,9062400,0.0,0.0,0.0
2025-05-12,91.52999877929688,91.54000091552734,91.52999877929688,91.52999877929688,86.98355102539062,14492000,0.0,0.0,0.0
2025-05-13,91.55000305175781,91.55000305175781,91.54000091552734,91.55000305175781,87.0025405883789,23455700,0.0,0.0,0.0
2025-05-14,91.55000305175781,91.55999755859375,91.55000305175781,91.55000305175781,87.0025405883789,9141900,0.0,0.0,0.0
2025-05-15,91.56999969482422,91.56999969482422,91.55999755859375,91.55999755859375,87.01204681396484,6657100,0.0,0.0,0.0
2025-05-16,91.5999984741211,91.5999984741211,91.58999633789062,91.5999984741211,87.050048828125,8756000,0.0,0.0,0.0
2025-05-19,91.5999984741211,91.61000061035156,91.5999984741211,91.5999984741211,87.050048828125,7618200,0.0,0.0,0.0
2025-05-20,91.61000061035156,91.62000274658203,91.61000061035156,91.62000274658203,87.06908416748047,7925400,0.0,0.0,0.0
2025-05-21,91.62999725341797,91.63999938964844,91.62999725341797,91.62999725341797,87.07855987548828,12007400,0.0,0.0,0.0
2025-05-22,91.63999938964844,91.6500015258789,91.63999938964844,91.6500015258789,87.09757995605469,7876500,0.0,0.0,0.0
2025-05-23,91.68000030517578,91.69000244140625,91.68000030517578,91.69000244140625,87.13558197021484,14805900,0.0,0.0,0.0
2025-05-27,91.69000244140625,91.69999694824219,91.69000244140625,91.69000244140625,87.13558197021484,8996500,0.0,0.0,0.0
2025-05-28,91.69999694824219,91.70999908447266,91.69999694824219,91.69999694824219,87.14509582519531,9887600,0.0,0.0,0.0
2025-05-29,91.70999908447266,91.72000122070312,91.70999908447266,91.70999908447266,87.15460968017578,7477700,0.0,0.0,0.0
2025-05-30,91.73999786376953,91.75,91.73999786376953,91.73999786376953,87.18310546875,19202100,0.0,0.0,0.0
2025-06-02,91.44999694824219,91.44999694824219,91.44000244140625,91.44000244140625,87.19835662841797,17013900,0.316,0.0,0.0
2025-06-03,91.44999694824219,91.45999908447266,91.44999694824219,91.45999908447266,87.21741485595703,8454700,0.0,0.0,0.0
2025-06-04,91.45999908447266,91.47000122070312,91.45999908447266,91.45999908447266,87.21741485595703,14872200,0.0,0.0,0.0
2025-06-05,91.47000122070312,91.4800033569336,91.47000122070312,91.47000122070312,87.22695922851562,7780200,0.0,0.0,0.0
2025-06-06,91.5,91.51000213623047,91.5,91.5,87.25557708740234,7582100,0.0,0.0,0.0
2025-06-09,91.51000213623047,91.5199966430664,91.51000213623047,91.5199966430664,87.2746353149414,8128000,0.0,0.0,0.0
2025-06-10,91.5199966430664,91.52999877929688,91.5199966430664,91.52999877929688,87.28419494628906,9514600,0.0,0.0,0.0
2025-06-11,91.52999877929688,91.54000091552734,91.52999877929688,91.52999877929688,87.28419494628906,7435700,0.0,0.0,0.0
2025-06-12,91.54000091552734,91.55000305175781,91.54000091552734,91.54000091552734,87.29371643066406,5315900,0.0,0.0,0.0
2025-06-13,91.58000183105469,91.58000183105469,91.56999969482422,91.58000183105469,87.33187103271484,6221300,0.0,0.0,0.0
2025-06-16,91.58999633789062,91.58999633789062,91.58000183105469,91.58000183105469,87.33187103271484,8456900,0.0,0.0,0.0
2025-06-17,91.58999633789062,91.5999984741211,91.58999633789062,91.5999984741211,87.3509292602539,5518300,0.0,0.0,0.0
2025-06-18,91.61000061035156,91.62000274658203,91.61000061035156,91.62000274658203,87.37002563476562,5063800,0.0,0.0,0.0
2025-06-20,91.6500015258789,91.6500015258789,91.63999938964844,91.63999938964844,87.38906860351562,6516900,0.0,0.0,0.0
2025-06-23,91.6500015258789,91.66000366210938,91.6500015258789,91.66000366210938,87.40815734863281,6474200,0.0,0.0,0.0
2025-06-24,91.66000366210938,91.66999816894531,91.66000366210938,91.66000366210938,87.40815734863281,16266600,0.0,0.0,0.0
2025-06-25,91.68000030517578,91.68000030517578,91.66999816894531,91.66999816894531,87.41768646240234,7119500,0.0,0.0,0.0
2025-06-26,91.68000030517578,91.69000244140625,91.68000030517578,91.68000030517578,87.42723083496094,7976100,0.0,0.0,0.0
2025-06-27,91.72000122070312,91.7300033569336,91.72000122070312,91.72000122070312,87.4653549194336,6878900,0.0,0.0,0.0
2025-06-30,91.73999786376953,91.73999786376953,91.7300033569336,91.7300033569336,87.47489166259766,16763400,0.0,0.0,0.0
2025-07-01,91.44000244140625,91.44000244140625,91.43000030517578,91.44000244140625,87.49021911621094,18374200,0.306,0.0,0.0
2025-07-02,91.44999694824219,91.44999694824219,91.44000244140625,91.44999694824219,87.49978637695312,6569200,0.0,0.0,0.0
2025-07-03,91.48999786376953,91.51000213623047,91.48999786376953,91.5,87.54762268066406,4860800,0.0,0.0,0.0
2025-07-07,91.5,91.51000213623047,91.5,91.51000213623047,87.55719757080078,11518400,0.0,0.0,0.0
2025-07-08,91.51000213623047,91.5199966430664,91.51000213623047,91.51000213623047,87.55719757080078,10532400,0.0,0.0,0.0
2025-07-09,91.5199966430664,91.52999877929688,91.5199966430664,91.5199966430664,87.56675720214844,10322900,0.0,0.0,0.0
2025-07-10,91.52999877929688,91.54000091552734,91.52999877929688,91.54000091552734,87.58589935302734,9514400,0.0,0.0,0.0
2025-07-11,91.55999755859375,91.56999969482422,91.55999755859375,91.55999755859375,87.60503387451172,5713900,0.0,0.0,0.0
2025-07-14,91.58000183105469,91.58000183105469,91.56999969482422,91.56999969482422,87.61459350585938,6587100,0.0,0.0,0.0
2025-07-15,91.58000183105469,91.58999633789062,91.58000183105469,91.58000183105469,87.62418365478516,6166500,0.0,0.0,0.0
2025-07-16,91.58999633789062,91.5999984741211,91.58999633789062,91.5999984741211,87.64330291748047,6745200,0.0,0.0,0.0
2025-07-17,91.61000061035156,91.61000061035156,91.5999984741211,91.5999984741211,87.64330291748047,6559900,0.0,0.0,0.0
2025-07-18,91.62999725341797,91.6500015258789,91.62999725341797,91.63999938964844,87.68157196044922,6681400,0.0,0.0,0.0
2025-07-21,91.66000366210938,91.66000366210938,91.6500015258789,91.66000366210938,87.70071411132812,6678700,0.0,0.0,0.0
2025-07-22,91.66999816894531,91.66999816894531,91.66000366210938,91.66999816894531,87.71028900146484,4792100,0.0,0.0,0.0
2025-07-23,91.66999816894531,91.68000030517578,91.66999816894531,91.68000030517578,87.71985626220703,6437300,0.0,0.0,0.0
2025-07-24,91.68000030517578,91.69000244140625,91.68000030517578,91.68000030517578,87.71985626220703,4807700,0.0,0.0,0.0
2025-07-25,91.70999908447266,91.72000122070312,91.70999908447266,91.70999908447266,87.74856567382812,5153900,0.0,0.0,0.0
2025-07-28,91.7300033569336,91.7300033569336,91.72000122070312,91.72000122070312,87.75810241699219,6305300,0.0,0.0,0.0
2025-07-29,91.7300033569336,91.73999786376953,91.7300033569336,91.7300033569336,87.7676773071289,7664300,0.0,0.0,0.0
2025-07-30,91.73999786376953,91.75,91.73999786376953,91.73999786376953,87.77725982666016,6895100,0.0,0.0,0.0
2025-07-31,91.75,91.76000213623047,91.75,91.75,87.78683471679688,11795100,0.0,0.0,0.0
2025-08-01,91.47000122070312,91.47000122070312,91.45999908447266,91.47000122070312,87.82427978515625,20144800,0.319,0.0,0.0
2025-08-04,91.4800033569336,91.4800033569336,91.47000122070312,91.4800033569336,87.83387756347656,20328000,0.0,0.0,0.0
2025-08-05,91.48999786376953,91.48999786376953,91.4800033569336,91.4800033569336,87.83387756347656,8588400,0.0,0.0,0.0
2025-08-06,91.5,91.51000213623047,91.48999786376953,91.51000213623047,87.86267852783203,7208800,0.0,0.0,0.0
2025-08-07,91.51000213623047,91.5199966430664,91.51000213623047,91.51000213623047,87.86267852783203,7157900,0.0,0.0,0.0
2025-08-08,91.55000305175781,91.55000305175781,91.54000091552734,91.54000091552734,87.89148712158203,6243500,0.0,0.0,0.0
2025-08-11,91.55000305175781,91.55999755859375,91.55000305175781,91.55000305175781,87.90107727050781,8361400,0.0,0.0,0.0
2025-08-12,91.55999755859375,91.56999969482422,91.55999755859375,91.55999755859375,87.91068267822266,6571900,0.0,0.0,0.0
2025-08-13,91.56999969482422,91.58000183105469,91.56999969482422,91.56999969482422,87.92028045654297,6791500,0.0,0.0,0.0
2025-08-14,91.58999633789062,91.58999633789062,91.58000183105469,91.58000183105469,87.92990112304688,6475800,0.0,0.0,0.0
2025-08-15,91.62000274658203,91.62000274658203,91.61000061035156,91.62000274658203,87.96829986572266,5354600,0.0,0.0,0.0
2025-08-18,91.62000274658203,91.62999725341797,91.62000274658203,91.62000274658203,87.96829986572266,15606200,0.0,0.0,0.0
2025-08-19,91.63999938964844,91.63999938964844,91.62999725341797,91.63999938964844,87.98749542236328,11862700,0.0,0.0,0.0
2025-08-20,91.6500015258789,91.66000366210938,91.6500015258789,91.66000366210938,88.00670623779297,6916000,0.0,0.0,0.0
2025-08-21,91.66000366210938,91.66999816894531,91.66000366210938,91.66000366210938,88.00670623779297,4656000,0.0,0.0,0.0
2025-08-22,91.69999694824219,91.69999694824219,91.69000244140625,91.69000244140625,88.03551483154297,7468100,0.0,0.0,0.0
2025-08-25,91.69999694824219,91.70999908447266,91.69999694824219,91.69999694824219,88.04511260986328,7319800,0.0,0.0,0.0
2025-08-26,91.72000122070312,91.72000122070312,91.70999908447266,91.70999908447266,88.05471801757812,8729600,0.0,0.0,0.0
2025-08-27,91.72000122070312,91.7300033569336,91.72000122070312,91.72000122070312,88.06429290771484,4919400,0.0,0.0,0.0
2025-08-28,91.7300033569336,91.73999786376953,91.7300033569336,91.7300033569336,88.07389831542969,5490300,0.0,0.0,0.0
2025-08-29,91.7699966430664,91.77999877929688,91.7699966430664,91.7699966430664,88.11231231689453,11546500,0.0,0.0,0.0
2025-09-02,91.47000122070312,91.47000122070312,91.45999908447266,91.47000122070312,88.13351440429688,13477100,0.322,0.0,0.0
2025-09-03,91.4800033569336,91.4800033569336,91.47000122070312,91.4800033569336,88.14315032958984,7040700,0.0,0.0,0.0
2025-09-04,91.48999786376953,91.5,91.4800033569336,91.5,88.16240692138672,9180600,0.0,0.0,0.0
2025-09-05,91.5199966430664,91.52999877929688,91.5199966430664,91.52999877929688,88.19132995605469,10223000,0.0,0.0,0.0
2025-09-08,91.54000091552734,91.55000305175781,91.54000091552734,91.54000091552734,88.20095825195312,9201200,0.0,0.0,0.0
2025-09-09,91.55000305175781,91.55000305175781,91.54000091552734,91.55000305175781,88.2105941772461,8740800,0.0,0.0,0.0
2025-09-10,91.55000305175781,91.55999755859375,91.55000305175781,91.55999755859375,88.2202377319336,9027200,0.0,0.0,0.0
2025-09-11,91.56999969482422,91.56999969482422,91.55999755859375,91.56999969482422,88.2298583984375,9714300,0.0,0.0,0.0
2025-09-12,91.58999633789062,91.5999984741211,91.58999633789062,91.5999984741211,88.25877380371094,7154200,0.0,0.0,0.0
2025-09-15,91.5999984741211,91.61000061035156,91.5999984741211,91.61000061035156,88.26840209960938,8876200,0.0,0.0,0.0
2025-09-16,91.62000274658203,91.62999725341797,91.62000274658203,91.62000274658203,88.27803802490234,7036400,0.0,0.0,0.0
2025-09-17,91.62999725341797,91.63999938964844,91.62999725341797,91.62999725341797,88.28767395019531,5395900,0.0,0.0,0.0
2025-09-18,91.6500015258789,91.6500015258789,91.63999938964844,91.63999938964844,88.29730224609375,6032900,0.0,0.0,0.0
2025-09-19,91.68000030517578,91.68000030517578,91.66999816894531,91.68000030517578,88.33584594726562,6689800,0.0,0.0,0.0
2025-09-22,91.68000030517578,91.69000244140625,91.68000030517578,91.69000244140625,88.34548950195312,6255200,0.0,0.0,0.0
2025-09-23,91.69000244140625,91.69999694824219,91.69000244140625,91.69000244140625,88.34548950195312,7854700,0.0,0.0,0.0
2025-09-24,91.69999694824219,91.70999908447266,91.69999694824219,91.70999908447266,88.36476135253906,6711500,0.0,0.0,0.0
2025-09-25,91.70999908447266,91.72000122070312,91.70999908447266,91.70999908447266,88.36476135253906,11455100,0.0,0.0,0.0
2025-09-26,91.73999786376953,91.73999786376953,91.7300033569336,91.73999786376953,88.39366149902344,7888800,0.0,0.0,0.0
2025-09-29,91.73999786376953,91.75,91.73999786376953,91.75,88.40331268310547,6928500,0.0,0.0,0.0
2025-09-30,91.75,91.76000213623047,91.75,91.75,88.40331268310547,14165800,0.0,0.0,0.0
2025-10-01,91.45999908447266,91.45999908447266,91.44999694824219,91.45999908447266,88.42359161376953,15501400,0.311,0.0,0.0
2025-10-02,91.47000122070312,91.47000122070312,91.45999908447266,91.47000122070312,88.43328094482422,7225200,0.0,0.0,0.0
2025-10-03,91.5,91.5,91.48999786376953,91.48999786376953,88.45260620117188,6177600,0.0,0.0,0.0
2025-10-06,91.51000213623047,91.51000213623047,91.5,91.51000213623047,88.47193908691406,7041200,0.0,0.0,0.0
2025-10-07,91.51000213623047,91.5199966430664,91.51000213623047,91.51000213623047,88.47193908691406,7071900,0.0,0.0,0.0
2025-10-08,91.52999877929688,91.52999877929688,91.5199966430664,91.52999877929688,88.49127960205078,7236300,0.0,0.0,0.0
2025-10-09,91.52999877929688,91.54000091552734,91.52999877929688,91.52999877929688,88.49127960205078,9389800,0.0,0.0,0.0
2025-10-10,91.55999755859375,91.56999969482422,91.55999755859375,91.56999969482422,88.52993774414062,14648000,0.0,0.0,0.0
2025-10-13,91.56999969482422,91.58000183105469,91.55999755859375,91.58000183105469,88.53962707519531,13286000,0.0,0.0,0.0
2025-10-14,91.58999633789062,91.58999633789062,91.58000183105469,91.58000183105469,88.53962707519531,8281800,0.0,0.0,0.0
2025-10-15,91.5999984741211,91.5999984741211,91.58999633789062,91.58999633789062,88.5492935180664,11747900,0.0,0.0,0.0
2025-10-16,91.5999984741211,91.5999984741211,91.58999633789062,91.5999984741211,88.55895233154297,7811800,0.0,0.0,0.0
2025-10-17,91.62999725341797,91.62999725341797,91.62000274658203,91.62000274658203,88.57829284667969,10183500,0.0,0.0,0.0
2025-10-20,91.63999938964844,91.63999938964844,91.62999725341797,91.63999938964844,88.59762573242188,8215400,0.0,0.0,0.0
2025-10-21,91.6500015258789,91.6500015258789,91.63999938964844,91.63999938964844,88.59762573242188,6989600,0.0,0.0,0.0
2025-10-22,91.66000366210938,91.66000366210938,91.6500015258789,91.66000366210938,88.6169662475586,13191400,0.0,0.0,0.0
2025-10-23,91.66000366210938,91.66999816894531,91.66000366210938,91.66999816894531,88.62662506103516,7399500,0.0,0.0,0.0
2025-10-24,91.69999694824219,91.69999694824219,91.69000244140625,91.69999694824219,88.65563201904297,8743100,0.0,0.0,0.0
2025-10-27,91.69999694824219,91.70999908447266,91.69999694824219,91.69999694824219,88.65563201904297,11472400,0.0,0.0,0.0
2025-10-28,91.72000122070312,91.72000122070312,91.70999908447266,91.70999908447266,88.66529846191406,13039400,0.0,0.0,0.0
2025-10-29,91.72000122070312,91.73999786376953,91.72000122070312,91.73999786376953,88.6943130493164,13416300,0.0,0.0,0.0
2025-10-30,91.73999786376953,91.75,91.73999786376953,91.73999786376953,88.6943130493164,7897200,0.0,0.0,0.0
2025-10-31,91.76000213623047,91.7699966430664,91.76000213623047,91.76000213623047,88.71366119384766,14371000,0.0,0.0,0.0
2025-11-03,91.47000122070312,91.47000122070312,91.47000122070312,91.47000122070312,88.72626495361328,17922800,0.303,0.0,0.0
2025-11-04,91.4800033569336,91.4800033569336,91.47000122070312,91.4800033569336,88.7359619140625,12162100,0.0,0.0,0.0
2025-11-05,91.5,91.5,91.48999786376953,91.48999786376953,88.74565124511719,7973200,0.0,0.0,0.0
2025-11-06,91.5,91.51000213623047,91.5,91.5,88.75534057617188,15915800,0.0,0.0,0.0
2025-11-07,91.52999877929688,91.54000091552734,91.52999877929688,91.52999877929688,88.78445434570312,11525000,0.0,0.0,0.0
2025-11-10,91.55000305175781,91.55000305175781,91.54000091552734,91.55000305175781,88.80384826660156,13043700,0.0,0.0,0.0
2025-11-11,91.55000305175781,91.55000305175781,91.54000091552734,91.54000091552734,88.79415130615234,6181200,0.0,0.0,0.0
2025-11-12,91.55000305175781,91.55999755859375,91.55000305175781,91.55000305175781,88.80384826660156,6371200,0.0,0.0,0.0
2025-11-13,91.55999755859375,91.56999969482422,91.55999755859375,91.55999755859375,88.81355285644531,6625900,0.0,0.0,0.0
2025-11-14,91.5999984741211,91.5999984741211,91.58999633789062,91.5999984741211,88.85234832763672,10192200,0.0,0.0,0.0
2025-11-17,91.5999984741211,91.61000061035156,91.5999984741211,91.5999984741211,88.85234832763672,9767000,0.0,0.0,0.0
2025-11-18,91.62000274658203,91.62000274658203,91.61000061035156,91.62000274658203,88.87175750732422,9642600,0.0,0.0,0.0
2025-11-19,91.62999725341797,91.62999725341797,91.62000274658203,91.62000274658203,88.87175750732422,6206200,0.0,0.0,0.0
2025-11-20,91.62999725341797,91.63999938964844,91.62000274658203,91.63999938964844,88.89115142822266,10933900,0.0,0.0,0.0
2025-11-21,91.66000366210938,91.66000366210938,91.66000366210938,91.66000366210938,88.91056060791016,9431800,0.0,0.0,0.0
2025-11-24,91.66000366210938,91.66999816894531,91.66000366210938,91.66000366210938,88.91056060791016,7347100,0.0,0.0,0.0
2025-11-25,91.68000030517578,91.68000030517578,91.66999816894531,91.68000030517578,88.92993927001953,8992400,0.0,0.0,0.0
2025-11-26,91.69999694824219,91.69999694824219,91.69000244140625,91.69000244140625,88.93965911865234,6749500,0.0,0.0,0.0
2025-11-28,91.72000122070312,91.7300033569336,91.72000122070312,91.72000122070312,88.96875,10775200,0.0,0.0,0.0
2025-12-01,91.45999908447266,91.45999908447266,91.44999694824219,91.44999694824219,88.97945404052734,16856800,0.281,0.0,0.0
2025-12-02,91.47000122070312,91.4800033569336,91.45999908447266,91.4800033569336,89.00865173339844,7403400,0.0,0.0,0.0
2025-12-03,91.4800033569336,91.48999786376953,91.4800033569336,91.48999786376953,89.01837158203125,6530900,0.0,0.0,0.0
2025-12-04,91.5,91.51000213623047,91.5,91.5,89.0280990600586,7236700,0.0,0.0,0.0
2025-12-05,91.52999877929688,91.52999877929688,91.5199966430664,91.5199966430664,89.04756927490234,7308400,0.0,0.0,0.0
2025-12-08,91.52999877929688,91.54000091552734,91.52999877929688,91.52999877929688,89.05729675292969,7579000,0.0,0.0,0.0
2025-12-09,91.55000305175781,91.55000305175781,91.54000091552734,91.55000305175781,89.07675170898438,9285600,0.0,0.0,0.0
2025-12-10,91.55000305175781,91.55999755859375,91.55000305175781,91.55000305175781,89.07675170898438,6974200,0.0,0.0,0.0
2025-12-11,91.55999755859375,91.56999969482422,91.55999755859375,91.55999755859375,89.08648681640625,7144500,0.0,0.0,0.0
2025-12-12,91.5999984741211,91.5999984741211,91.58999633789062,91.5999984741211,89.12539672851562,6040700,0.0,0.0,0.0
2025-12-15,91.5999984741211,91.61000061035156,91.5999984741211,91.5999984741211,89.12539672851562,6058100,0.0,0.0,0.0
2025-12-16,91.61000061035156,91.62000274658203,91.61000061035156,91.61000061035156,89.13512420654297,7212200,0.0,0.0,0.0
2025-12-17,91.62000274658203,91.62999725341797,91.62000274658203,91.62000274658203,89.14486694335938,9641200,0.0,0.0,0.0
2025-12-18,91.2699966430664,91.2699966430664,91.26000213623047,91.2699966430664,89.15950775146484,10277300,0.365,0.0,0.0
2025-12-19,91.29000091552734,91.30000305175781,91.29000091552734,91.30000305175781,89.18883514404297,7581800,0.0,0.0,0.0
2025-12-22,91.30000305175781,91.30999755859375,91.30000305175781,91.30000305175781,89.18883514404297,11026900,0.0,0.0,0.0
2025-12-23,91.30999755859375,91.30999755859375,91.30000305175781,91.30000305175781,89.18883514404297,7111200,0.0,0.0,0.0
2025-12-24,91.33000183105469,91.33000183105469,91.31999969482422,91.33000183105469,89.21813201904297,5073500,0.0,0.0,0.0
2025-12-26,91.3499984741211,91.36000061035156,91.3499984741211,91.36000061035156,89.2474365234375,5588900,0.0,0.0,0.0
2025-12-29,91.36000061035156,91.37000274658203,91.36000061035156,91.36000061035156,89.2474365234375,7988900,0.0,0.0,0.0
2025-12-30,91.37000274658203,91.37999725341797,91.37000274658203,91.37000274658203,89.25721740722656,7852900,0.0,0.0,0.0
2025-12-31,91.38999938964844,91.38999938964844,91.37999725341797,91.37999725341797,89.26697540283203,11225900,0.0,0.0,0.0
2026-01-02,91.41999816894531,91.41999816894531,91.41000366210938,91.41999816894531,89.3060531616211,8517900,0.0,0.0,0.0
2026-01-05,91.41999816894531,91.43000030517578,91.41999816894531,91.41999816894531,89.3060531616211,11770200,0.0,0.0,0.0
2026-01-06,91.43000030517578,91.44000244140625,91.43000030517578,91.43000030517578,89.31582641601562,9135800,0.0,0.0,0.0
2026-01-07,91.44000244140625,91.44999694824219,91.44000244140625,91.44999694824219,89.3353500366211,8767200,0.0,0.0,0.0
2026-01-08,91.44999694824219,91.44999694824219,91.44999694824219,91.44999694824219,89.3353500366211,7116500,0.0,0.0,0.0
2026-01-09,91.47000122070312,91.4800033569336,91.47000122070312,91.47000122070312,89.35489654541016,7776600,0.0,0.0,0.0
2026-01-12,91.4800033569336,91.48999786376953,91.4800033569336,91.4800033569336,89.36466979980469,6189700,0.0,0.0,0.0
2026-01-13,91.48999786376953,91.5,91.48999786376953,91.48999786376953,89.37442779541016,7777400,0.0,0.0,0.0
2026-01-14,91.5,91.5,91.48999786376953,91.5,89.38419342041016,8005900,0.0,0.0,0.0
2026-01-15,91.51000213623047,91.51000213623047,91.5,91.5,89.38419342041016,8938400,0.0,0.0,0.0
2026-01-16,91.54000091552734,91.54000091552734,91.54000091552734,91.54000091552734,89.42327880859375,7648200,0.0,0.0,0.0
2026-01-20,91.55000305175781,91.55999755859375,91.54000091552734,91.54000091552734,89.42327880859375,9335100,0.0,0.0,0.0
2026-01-21,91.55999755859375,91.55999755859375,91.55000305175781,91.55000305175781,89.43304443359375,8153800,0.0,0.0,0.0
2026-01-22,91.56999969482422,91.56999969482422,91.55999755859375,91.55999755859375,89.44281005859375,7679200,0.0,0.0,0.0
2026-01-23,91.58999633789062,91.5999984741211,91.58999633789062,91.58999633789062,89.47211456298828,8147700,0.0,0.0,0.0
2026-01-26,91.5999984741211,91.61000061035156,91.58999633789062,91.58999633789062,89.47211456298828,10052800,0.0,0.0,0.0
2026-01-27,91.5999984741211,91.61000061035156,91.5999984741211,91.5999984741211,89.48188018798828,8178400,0.0,0.0,0.0
2026-01-28,91.61000061035156,91.62000274658203,91.61000061035156,91.61000061035156,89.49165344238281,6265500,0.0,0.0,0.0
2026-01-29,91.62000274658203,91.62999725341797,91.62000274658203,91.62999725341797,89.51119232177734,10237300,0.0,0.0,0.0
2026-01-30,91.63999938964844,91.6500015258789,91.63999938964844,91.6500015258789,89.5307388305664,14545800,0.0,0.0,0.0
2026-02-02,91.38999938964844,91.38999938964844,91.37999725341797,91.38999938964844,89.54444122314453,21391700,0.274,0.0,0.0
2026-02-03,91.38999938964844,91.4000015258789,91.38999938964844,91.38999938964844,89.54444122314453,11836100,0.0,0.0,0.0
2026-02-04,91.4000015258789,91.41000366210938,91.4000015258789,91.41000366210938,89.56405639648438,9216600,0.0,0.0,0.0
2026-02-05,91.41000366210938,91.41999816894531,91.41000366210938,91.41000366210938,89.56405639648438,9393900,0.0,0.0,0.0
2026-02-06,91.44000244140625,91.44000244140625,91.44000244140625,91.44000244140625,89.59343719482422,12369800,0.0,0.0,0.0
2026-02-09,91.44000244140625,91.44999694824219,91.44000244140625,91.44000244140625,89.59343719482422,9180300,0.0,0.0,0.0
2026-02-10,91.45999908447266,91.45999908447266,91.44999694824219,91.44999694824219,89.60323333740234,7085300,0.0,0.0,0.0
2026-02-11,91.45999908447266,91.47000122070312,91.45999908447266,91.47000122070312,89.62284088134766,5732300,0.0,0.0,0.0
2026-02-12,91.4800033569336,91.4800033569336,91.47000122070312,91.47000122070312,89.62284088134766,6366300,0.0,0.0,0.0
2026-02-13,91.5,91.51000213623047,91.5,91.51000213623047,89.66203308105469,9832500,0.0,0.0,0.0
2026-02-17,91.5199966430664,91.5199966430664,91.51000213623047,91.5199966430664,89.67182159423828,6710000,0.0,0.0,0.0
2026-02-18,91.5199966430664,91.52999877929688,91.5199966430664,91.52999877929688,89.6816177368164,8752800,0.0,0.0,0.0
2026-02-19,91.52999877929688,91.54000091552734,91.52999877929688,91.52999877929688,89.6816177368164,4941800,0.0,0.0,0.0
2026-02-20,91.56999969482422,91.56999969482422,91.55999755859375,91.55999755859375,89.71101379394531,6518200,0.0,0.0,0.0
2026-02-23,91.56999969482422,91.56999969482422,91.55999755859375,91.55999755859375,89.71101379394531,7714900,0.0,0.0,0.0
2026-02-24,91.58000183105469,91.58000183105469,91.56999969482422,91.58000183105469,89.73062896728516,5476100,0.0,0.0,0.0
2026-02-25,91.58999633789062,91.58999633789062,91.58000183105469,91.58999633789062,89.74040985107422,6009100,0.0,0.0,0.0
2026-02-26,91.58999633789062,91.5999984741211,91.58999633789062,91.5999984741211,89.75020599365234,6447700,0.0,0.0,0.0
2026-02-27,91.62000274658203,91.62999725341797,91.62000274658203,91.62000274658203,89.76980590820312,11530600,0.0,0.0,0.0
2026-03-02,91.38999938964844,91.38999938964844,91.37999725341797,91.38999938964844,89.78258514404297,15489300,0.243,0.0,0.0
2026-03-03,91.4000015258789,91.4000015258789,91.38999938964844,91.4000015258789,89.79240417480469,11602900,0.0,0.0,0.0
2026-03-04,91.41000366210938,91.41000366210938,91.4000015258789,91.41000366210938,89.80223846435547,9932500,0.0,0.0,0.0
2026-03-05,91.41999816894531,91.41999816894531,91.41000366210938,91.41999816894531,89.81204986572266,9249000,0.0,0.0,0.0
2026-03-06,91.44999694824219,91.44999694824219,91.44000244140625,91.44000244140625,89.83169555664062,8733200,0.0,0.0,0.0
2026-03-09,91.45999908447266,91.45999908447266,91.44999694824219,91.44999694824219,89.84152221679688,13422900,0.0,0.0,0.0
2026-03-10,91.45999908447266,91.45999908447266,91.44999694824219,91.45999908447266,89.85134887695312,9226800,0.0,0.0,0.0
2026-03-11,91.45999908447266,91.47000122070312,91.45999908447266,91.45999908447266,89.85134887695312,6613400,0.0,0.0,0.0
2026-03-12,91.47000122070312,91.4800033569336,91.47000122070312,91.4800033569336,89.87100219726562,10138900,0.0,0.0,0.0
2026-03-13,91.51000213623047,91.51000213623047,91.5,91.51000213623047,89.90046691894531,11182000,0.0,0.0,0.0
2026-03-16,91.5199966430664,91.5199966430664,91.51000213623047,91.51000213623047,89.90046691894531,8509100,0.0,0.0,0.0
2026-03-17,91.52999877929688,91.52999877929688,91.5199966430664,91.5199966430664,89.91028594970703,7548300,0.0,0.0,0.0
2026-03-18,91.52999877929688,91.54000091552734,91.52999877929688,91.54000091552734,89.92993927001953,15874000,0.0,0.0,0.0
2026-03-19,91.54000091552734,91.54000091552734,91.52999877929688,91.54000091552734,89.92993927001953,14921000,0.0,0.0,0.0
2026-03-20,91.56999969482422,91.56999969482422,91.55999755859375,91.56999969482422,89.95941925048828,14839100,0.0,0.0,0.0
2026-03-23,91.58000183105469,91.58000183105469,91.56999969482422,91.58000183105469,89.96924591064453,30253900,0.0,0.0,0.0
2026-03-24,91.58000183105469,91.58999633789062,91.58000183105469,91.58999633789062,89.97905731201172,17380200,0.0,0.0,0.0
2026-03-25,91.58999633789062,91.5999984741211,91.58000183105469,91.58000183105469,89.96924591064453,16949500,0.0,0.0,0.0
2026-03-26,91.5999984741211,91.5999984741211,91.58999633789062,91.5999984741211,89.98888397216797,13198900,0.0,0.0,0.0
2026-03-27,91.62000274658203,91.62999725341797,91.62000274658203,91.62999725341797,90.01835632324219,11244000,0.0,0.0,0.0
2026-03-30,91.62999725341797,91.63999938964844,91.62999725341797,91.63999938964844,90.02818298339844,12480000,0.0,0.0,0.0
2026-03-31,91.63999938964844,91.6500015258789,91.63999938964844,91.63999938964844,90.02818298339844,20279800,0.0,0.0,0.0
2026-04-01,91.4000015258789,91.4000015258789,91.38999938964844,91.4000015258789,90.05182647705078,22095200,0.264,0.0,0.0
2026-04-02,91.43000030517578,91.44000244140625,91.41999816894531,91.41999816894531,90.07152557373047,11510300,0.0,0.0,0.0
2026-04-06,91.43000030517578,91.44000244140625,91.43000030517578,91.44000244140625,90.09123229980469,17291500,0.0,0.0,0.0
2026-04-07,91.44999694824219,91.44999694824219,91.44000244140625,91.44999694824219,90.10108184814453,9231600,0.0,0.0,0.0
2026-04-08,91.45999908447266,91.45999908447266,91.44999694824219,91.44999694824219,90.10108184814453,13839400,0.0,0.0,0.0
2026-04-09,91.45999908447266,91.47000122070312,91.45999908447266,91.45999908447266,90.1109390258789,15586500,0.0,0.0,0.0
2026-04-10,91.48999786376953,91.5,91.48999786376953,91.48999786376953,90.14049530029297,10595200,0.0,0.0,0.0
2026-04-13,91.5,91.51000213623047,91.48999786376953,91.48999786376953,90.14049530029297,9906200,0.0,0.0,0.0
2026-04-14,91.5,91.51000213623047,91.5,91.5,90.15034484863281,21667600,0.0,0.0,0.0
2026-04-15,91.51000213623047,91.5199966430664,91.51000213623047,91.51000213623047,90.16020202636719,18583600,0.0,0.0,0.0
2026-04-16,91.5199966430664,91.52999877929688,91.5199966430664,91.5199966430664,90.17005920410156,17779800,0.0,0.0,0.0
2026-04-17,91.55000305175781,91.55999755859375,91.54000091552734,91.55000305175781,90.1996078491211,13604100,0.0,0.0,0.0
2026-04-20,91.55999755859375,91.55999755859375,91.55000305175781,91.55999755859375,90.20946502685547,7961400,0.0,0.0,0.0
2026-04-21,91.56999969482422,91.56999969482422,91.55999755859375,91.56999969482422,90.21932220458984,8177600,0.0,0.0,0.0
2026-04-22,91.56999969482422,91.58000183105469,91.56999969482422,91.56999969482422,90.21932220458984,9669300,0.0,0.0,0.0
2026-04-23,91.58000183105469,91.58999633789062,91.58000183105469,91.58999633789062,90.23902130126953,6741000,0.0,0.0,0.0
2026-04-24,91.62000274658203,91.62000274658203,91.61000061035156,91.61000061035156,90.25872802734375,7270200,0.0,0.0,0.0
2026-04-27,91.62000274658203,91.62999725341797,91.62000274658203,91.62000274658203,90.26858520507812,8616000,0.0,0.0,0.0
2026-04-28,91.62999725341797,91.63999938964844,91.62999725341797,91.62999725341797,90.27843475341797,6500500,0.0,0.0,0.0
2026-04-29,91.63999938964844,91.63999938964844,91.62999725341797,91.62999725341797,90.27843475341797,9227100,0.0,0.0,0.0
2026-04-30,91.63999938964844,91.6500015258789,91.63999938964844,91.63999938964844,90.28828430175781,14975100,0.0,0.0,0.0
2026-05-01,91.41000366210938,91.41000366210938,91.4000015258789,91.4000015258789,90.31793212890625,14126100,0.27,0.0,0.0
2026-05-04,91.41000366210938,91.41999816894531,91.41000366210938,91.41999816894531,90.33769226074219,10297700,0.0,0.0,0.0
2026-05-05,91.43000030517578,91.43000030517578,91.41999816894531,91.43000030517578,90.34757232666016,9783300,0.0,0.0,0.0
2026-05-06,91.41999816894531,91.43000030517578,91.41999816894531,91.41999816894531,90.33769226074219,8293500,0.0,0.0,0.0
2026-05-07,91.44000244140625,91.44000244140625,91.43000030517578,91.44000244140625,90.35746002197266,8040800,0.0,0.0,0.0
2026-05-08,91.45999908447266,91.47000122070312,91.45999908447266,91.45999908447266,90.3772201538086,8043400,0.0,0.0,0.0
2026-05-11,91.4800033569336,91.4800033569336,91.47000122070312,91.4800033569336,90.39698791503906,6150400,0.0,0.0,0.0
2026-05-12,91.48999786376953,91.48999786376953,91.4800033569336,91.48999786376953,90.40686798095703,7332100,0.0,0.0,0.0
2026-05-13,91.48999786376953,91.5,91.48999786376953,91.48999786376953,90.40686798095703,7467300,0.0,0.0,0.0
2026-05-14,91.5,91.51000213623047,91.5,91.51000213623047,90.42662811279297,6764000,0.0,0.0,0.0
2026-05-15,91.52999877929688,91.54000091552734,91.52999877929688,91.52999877929688,90.4463882446289,9441200,0.0,0.0,0.0
2026-05-18,91.54000091552734,91.55000305175781,91.52999877929688,91.52999877929688,90.4463882446289,7274100,0.0,0.0,0.0
2026-05-19,91.55000305175781,91.55999755859375,91.54000091552734,91.55000305175781,90.46615600585938,9718100,0.0,0.0,0.0
2026-05-20,91.55999755859375,91.56999969482422,91.55999755859375,91.56999969482422,90.48591613769531,8725700,0.0,0.0,0.0
2026-05-21,91.58000183105469,91.58000183105469,91.55999755859375,91.56999969482422,90.48591613769531,7791400,0.0,0.0,0.0
2026-05-22,91.5999984741211,91.5999984741211,91.58999633789062,91.58999633789062,90.50568389892578,10871600,0.0,0.0,0.0
2026-05-26,91.5999984741211,91.61000061035156,91.5999984741211,91.61000061035156,90.52544403076172,9903700,0.0,0.0,0.0
2026-05-27,91.62000274658203,91.62000274658203,91.61000061035156,91.62000274658203,90.53532409667969,6672200,0.0,0.0,0.0
2026-05-28,91.62000274658203,91.62999725341797,91.62000274658203,91.62999725341797,90.54520416259766,10206000,0.0,0.0,0.0
2026-05-29,91.6500015258789,91.66000366210938,91.63999938964844,91.66000366210938,90.57485961914062,16056500,0.0,0.0,0.0
2026-06-01,91.4000015258789,91.4000015258789,91.38999938964844,91.4000015258789,90.58377838134766,17997300,0.269,0.0,0.0
2026-06-02,91.4000015258789,91.4000015258789,91.38999938964844,91.38999938964844,90.57386016845703,9532600,0.0,0.0,0.0
2026-06-03,91.41000366210938,91.41000366210938,91.4000015258789,91.41000366210938,90.59368896484375,14556600,0.0,0.0,0.0
2026-06-04,91.41999816894531,91.41999816894531,91.41000366210938,91.41000366210938,90.59368896484375,7054600,0.0,0.0,0.0
2026-06-05,91.44999694824219,91.44999694824219,91.44000244140625,91.44999694824219,90.6333236694336,12908000,0.0,0.0,0.0
2026-06-08,91.45999908447266,91.45999908447266,91.44999694824219,91.45999908447266,90.64323425292969,11085900,0.0,0.0,0.0
2026-06-09,91.45999908447266,91.47000122070312,91.45999908447266,91.45999908447266,90.64323425292969,10442600,0.0,0.0,0.0
2026-06-10,91.4800033569336,91.4800033569336,91.47000122070312,91.47000122070312,90.65315246582031,8003200,0.0,0.0,0.0
2026-06-11,91.4800033569336,91.4800033569336,91.47000122070312,91.4800033569336,90.6630630493164,8700900,0.0,0.0,0.0
2026-06-12,91.51000213623047,91.51000213623047,91.5,91.51000213623047,90.69279479980469,18789500,0.0,0.0,0.0
2026-06-15,91.5199966430664,91.5199966430664,91.51000213623047,91.51000213623047,90.69279479980469,11772000,0.0,0.0,0.0
2026-06-16,91.52999877929688,91.52999877929688,91.5199966430664,91.5199966430664,90.70269775390625,10456500,0.0,0.0,0.0
2026-06-17,91.54000091552734,91.54000091552734,91.52999877929688,91.52999877929688,90.71260833740234,8300100,0.0,0.0,0.0
2026-06-18,91.55999755859375,91.56999969482422,91.55999755859375,91.56999969482422,90.75225830078125,7807800,0.0,0.0,0.0
2026-06-22,91.58000183105469,91.58000183105469,91.56999969482422,91.56999969482422,90.75225830078125,10548900,0.0,0.0,0.0
2026-06-23,91.58999633789062,91.58999633789062,91.58000183105469,91.58000183105469,90.76216888427734,10017000,0.0,0.0,0.0
2026-06-24,91.5999984741211,91.5999984741211,91.58999633789062,91.58999633789062,90.7720718383789,10144800,0.0,0.0,0.0
2026-06-25,91.5999984741211,91.61000061035156,91.5999984741211,91.5999984741211,90.781982421875,8417600,0.0,0.0,0.0
2026-06-26,91.62999725341797,91.62999725341797,91.62000274658203,91.62999725341797,90.81171417236328,7481100,0.0,0.0,0.0
2026-06-29,91.63999938964844,91.63999938964844,91.62999725341797,91.63999938964844,90.82162475585938,11999700,0.0,0.0,0.0
2026-06-30,91.63999938964844,91.6500015258789,91.63999938964844,91.63999938964844,90.82162475585938,15835700,0.0,0.0,0.0
2026-07-01,91.4000015258789,91.4000015258789,91.38999938964844,91.4000015258789,90.8494644165039,17069100,0.268,0.0,0.0
2026-07-02,91.43000030517578,91.44000244140625,91.41999816894531,91.44000244140625,90.88922119140625,10375000,0.0,0.0,0.0
2026-07-06,91.44999694824219,91.44999694824219,91.43000030517578,91.43000030517578,90.87928009033203,14905000,0.0,0.0,0.0
2026-07-07,91.44999694824219,91.44999694824219,91.44000244140625,91.44999694824219,90.89915466308594,9221700,0.0,0.0,0.0
2026-07-08,91.45999908447266,91.45999908447266,91.44999694824219,91.44999694824219,90.89915466308594,8696000,0.0,0.0,0.0
2026-07-09,91.45999908447266,91.47000122070312,91.45999908447266,91.45999908447266,90.90909576416016,6627200,0.0,0.0,0.0
2026-07-10,91.48999786376953,91.5,91.48999786376953,91.5,90.94886016845703,8434300,0.0,0.0,0.0
2026-07-13,91.51000213623047,91.51000213623047,91.5,91.5,90.94886016845703,6733000,0.0,0.0,0.0
2026-07-14,91.5,91.51000213623047,91.5,91.51000213623047,90.95880126953125,6089100,0.0,0.0,0.0
2026-07-15,91.5199966430664,91.5199966430664,91.51000213623047,91.5199966430664,90.96873474121094,11497200,0.0,0.0,0.0
2026-07-16,91.5199966430664,91.52999877929688,91.5199966430664,91.52999877929688,90.97867584228516,9655200,0.0,0.0,0.0
2026-07-17,91.55000305175781,91.55999755859375,91.54000091552734,91.55000305175781,90.9985580444336,15104600,0.0,0.0,0.0
2026-07-20,91.55999755859375,91.56999969482422,91.55999755859375,91.55999755859375,91.00849914550781,7275600,0.0,0.0,0.0
2026-07-21,91.56999969482422,91.56999969482422,91.55999755859375,91.55999755859375,91.00849914550781,6698400,0.0,0.0,0.0
2026-07-22,91.58000183105469,91.58000183105469,91.56999969482422,91.58000183105469,91.02838134765625,6641700,0.0,0.0,0.0
2026-07-23,91.58999633789062,91.58999633789062,91.58000183105469,91.58000183105469,91.02838134765625,8378500,0.0,0.0,0.0
2026-07-24,91.61000061035156,91.61000061035156,91.5999984741211,91.61000061035156,91.05819702148438,6415000,0.0,0.0,0.0
2026-07-27,91.61000061035156,91.62000274658203,91.61000061035156,91.62000274658203,91.0681381225586,9280900,0.0,0.0,0.0
2026-07-28,91.62999725341797,91.62999725341797,91.62000274658203,91.62999725341797,91.07807159423828,8817000,0.0,0.0,0.0
2026-07-29,91.62999725341797,91.63999938964844,91.62999725341797,91.63999938964844,91.0880126953125,6755100,0.0,0.0,0.0
2026-07-30,91.66000366210938,91.66000366210938,91.6500015258789,91.6500015258789,91.09796142578125,10448400,0.0,0.0,0.0
2026-07-31,91.68000030517578,91.69000244140625,91.66999816894531,91.68000030517578,91.12777709960938,14721100,0.0,0.0,0.0
2026-08-03,91.41999816894531,91.43000030517578,91.41000366210938,91.41999816894531,91.14073181152344,21920400,0.273,0.0,0.0
2026-08-04,91.41999816894531,91.43000030517578,91.41999816894531,91.41999816894531,91.14073181152344,12643800,0.0,0.0,0.0
2026-08-05,91.43000030517578,91.44000244140625,91.43000030517578,91.43000030517578,91.15070343017578,10380600,0.0,0.0,0.0
2026-08-06,91.44999694824219,91.44999694824219,91.44000244140625,91.44999694824219,91.17063903808594,7547300,0.0,0.0,0.0
2026-08-07,91.47000122070312,91.4800033569336,91.45999908447266,91.4800033569336,91.20055389404297,8262900,0.0,0.0,0.0
2026-08-10,91.48999786376953,91.48999786376953,91.4800033569336,91.4800033569336,91.20055389404297,7700400,0.0,0.0,0.0
2026-08-11,91.5,91.5,91.4800033569336,91.48999786376953,91.21051788330078,7396000,0.0,0.0,0.0
2026-08-12,91.5,91.51000213623047,91.48999786376953,91.51000213623047,91.23046112060547,8753600,0.0,0.0,0.0
2026-08-13,91.51000213623047,91.51000213623047,91.5,91.51000213623047,91.23046112060547,6803700,0.0,0.0,0.0
2026-08-14,91.54000091552734,91.54000091552734,91.52999877929688,91.52999877929688,91.25039672851562,6063300,0.0,0.0,0.0
2026-08-17,91.54000091552734,91.55000305175781,91.54000091552734,91.55000305175781,91.27033996582031,7166600,0.0,0.0,0.0
2026-08-18,91.55999755859375,91.55999755859375,91.55000305175781,91.55999755859375,91.28030395507812,8747400,0.0,0.0,0.0
2026-08-19,91.55999755859375,91.56999969482422,91.55999755859375,91.56999969482422,91.29027557373047,8441000,0.0,0.0,0.0
2026-08-20,91.56999969482422,91.58000183105469,91.56999969482422,91.56999969482422,91.29027557373047,6654700,0.0,0.0,0.0
2026-08-21,91.58999633789062,91.5999984741211,91.58999633789062,91.5999984741211,91.32018280029297,7324100,0.0,0.0,0.0
2026-08-24,91.61000061035156,91.61000061035156,91.5999984741211,91.61000061035156,91.33015441894531,6038500,0.0,0.0,0.0
2026-08-25,91.61000061035156,91.62000274658203,91.61000061035156,91.62000274658203,91.34012603759766,7515700,0.0,0.0,0.0
2026-08-26,91.62000274658203,91.62999725341797,91.62000274658203,91.62999725341797,91.35009002685547,7363500,0.0,0.0,0.0
2026-08-27,91.62999725341797,91.63999938964844,91.62999725341797,91.62999725341797,91.35009002685547,7762000,0.0,0.0,0.0
2026-08-28,91.66000366210938,91.66000366210938,91.6500015258789,91.6500015258789,91.37003326416016,7214300,0.0,0.0,0.0
2026-08-31,91.66000366210938,91.66999816894531,91.66000366210938,91.66000366210938,91.3800048828125,13829300,0.0,0.0,0.0
