Date,Open,High,Low,Close,Adj Close,Volume,Dividends,Stock Splits,Capital Gains
2003-04-14,11.144444465637207,11.222222328186035,11.144444465637207,11.222222328186035,7.199283123016357,93600,0.0,0.0,0.0
2003-04-15,11.29111099243164,11.38888931274414,11.29111099243164,11.355555534362793,7.28481912612915,421200,0.0,0.0,0.0
2003-04-16,11.477778434753418,11.533332824707031,11.477778434753418,11.486666679382324,7.368930339813232,9000,0.0,0.0,0.0
2003-04-17,11.550000190734863,11.572221755981445,11.529999732971191,11.568888664245605,7.4216766357421875,17100,0.0,0.0,0.0
2003-04-21,11.582221984863281,11.583333015441895,11.555556297302246,11.564443588256836,7.418825149536133,72900,0.0,0.0,0.0
2003-04-22,11.563332557678223,11.603333473205566,11.527777671813965,11.603333473205566,7.443772792816162,19800,0.0,0.0,0.0
2003-04-23,11.61111068725586,11.657777786254883,11.572221755981445,11.657777786254883,7.478702068328857,31500,0.0,0.0,0.0
2003-04-24,11.566666603088379,11.566666603088379,11.399999618530273,11.427778244018555,7.3311543464660645,90000,0.0,0.0,0.0
2003-04-25,11.267778396606445,11.267778396606445,11.222222328186035,11.23888874053955,7.209975719451904,102600,0.0,0.0,0.0
2003-04-28,11.267778396606445,11.424444198608398,11.266667366027832,11.424444198608398,7.329009532928467,91800,0.0,0.0,0.0
2003-04-29,11.60111141204834,11.755556106567383,11.60111141204834,11.75,7.537864685058594,76500,0.0,0.0,0.0
2003-04-30,11.722222328186035,11.732221603393555,11.686667442321777,11.716667175292969,7.516478538513184,228600,0.0,0.0,0.0
2003-05-01,11.683333396911621,11.729999542236328,11.666666984558105,11.671111106872559,7.4872541427612305,234900,0.0,0.0,0.0
2003-05-02,11.70888900756836,11.850000381469727,11.70888900756836,11.850000381469727,7.602015972137451,67500,0.0,0.0,0.0
2003-05-05,11.894444465637207,11.979999542236328,11.894444465637207,11.977778434753418,7.683988571166992,47700,0.0,0.0,0.0
2003-05-06,11.977778434753418,12.053333282470703,11.966667175292969,12.038888931274414,7.723191261291504,109800,0.0,0.0,0.0
2003-05-07,11.98888874053955,12.018889427185059,11.978889465332031,12.016667366027832,7.708934783935547,313200,0.0,0.0,0.0
2003-05-08,11.944443702697754,11.95111083984375,11.899999618530273,11.911110877990723,7.641220569610596,417600,0.0,0.0,0.0
2003-05-09,11.927778244018555,12.0600004196167,11.927778244018555,12.051111221313477,7.7310333251953125,63000,0.0,0.0,0.0
2003-05-12,12.105555534362793,12.218889236450195,12.100000381469727,12.218889236450195,7.838662147521973,752400,0.0,0.0,0.0
2003-05-13,12.175556182861328,12.175556182861328,12.116666793823242,12.149999618530273,7.794471263885498,276300,0.0,0.0,0.0
2003-05-14,12.149999618530273,12.149999618530273,12.065555572509766,12.088889122009277,7.7552666664123535,206100,0.0,0.0,0.0
2003-05-15,12.113332748413086,12.113332748413086,12.083333015441895,12.113332748413086,7.770946502685547,337500,0.0,0.0,0.0
2003-05-16,12.144444465637207,12.166666984558105,12.088889122009277,12.122221946716309,7.776651382446289,256500,0.0,0.0,0.0
2003-05-19,12.04444408416748,12.04444408416748,11.788888931274414,11.833333015441895,7.5913238525390625,128700,0.0,0.0,0.0
2003-05-20,11.86111068725586,11.90666675567627,11.827777862548828,11.89222240447998,7.6291046142578125,53100,0.0,0.0,0.0
2003-05-21,11.871110916137695,11.905555725097656,11.808889389038086,11.9022216796875,7.635517597198486,45900,0.0,0.0,0.0
2003-05-22,11.905555725097656,12.010000228881836,11.905555725097656,12.010000228881836,7.704659938812256,84600,0.0,0.0,0.0
2003-05-23,12.094444274902344,12.162221908569336,12.094444274902344,12.133333206176758,7.783780097961426,74700,0.0,0.0,0.0
2003-05-27,12.162221908569336,12.575555801391602,12.162221908569336,12.567777633666992,8.062483787536621,864000,0.0,0.0,0.0
2003-05-28,12.567777633666992,12.640000343322754,12.567777633666992,12.622221946716309,8.097410202026367,396000,0.0,0.0,0.0
2003-05-29,12.61111068725586,12.664443969726562,12.588889122009277,12.63888931274414,8.10810375213623,306900,0.0,0.0,0.0
2003-05-30,12.666666984558105,12.785555839538574,12.641111373901367,12.785555839538574,8.202195167541504,368100,0.0,0.0,0.0
2003-06-02,12.822221755981445,13.022221565246582,12.822221755981445,12.877778053283691,8.261359214782715,587700,0.0,0.0,0.0
2003-06-03,12.88888931274414,12.88888931274414,12.674444198608398,12.779999732971191,8.198630332946777,244800,0.0,0.0,0.0
2003-06-04,12.777777671813965,12.945555686950684,12.777777671813965,12.944443702697754,8.304123878479004,241200,0.0,0.0,0.0
2003-06-05,12.991110801696777,12.991110801696777,12.873332977294922,12.957777976989746,8.312675476074219,509400,0.0,0.0,0.0
2003-06-06,13.027777671813965,13.211111068725586,13.026666641235352,13.078888893127441,8.390371322631836,608400,0.0,0.0,0.0
2003-06-09,13.095556259155273,13.095556259155273,12.925556182861328,12.966667175292969,8.318381309509277,208800,0.0,0.0,0.0
2003-06-10,12.971111297607422,13.100000381469727,12.971111297607422,13.100000381469727,8.403913497924805,233100,0.0,0.0,0.0
2003-06-11,13.094444274902344,13.121110916137695,13.0,13.11111068725586,8.411046028137207,294300,0.0,0.0,0.0
2003-06-12,13.133333206176758,13.210000038146973,13.123332977294922,13.210000038146973,8.474482536315918,402300,0.0,0.0,0.0
2003-06-13,13.178889274597168,13.216667175292969,13.168889045715332,13.20555591583252,8.471632957458496,694800,0.0,0.0,0.0
2003-06-16,13.244443893432617,13.348889350891113,13.227778434753418,13.3477783203125,8.562870979309082,163800,0.0,0.0,0.0
2003-06-17,13.484443664550781,13.633333206176758,13.484443664550781,13.622221946716309,8.738931655883789,352800,0.0,0.0,0.0
2003-06-18,13.585556030273438,13.64888858795166,13.542222023010254,13.572221755981445,8.706852912902832,171900,0.0,0.0,0.0
2003-06-19,13.683333396911621,13.70555591583252,13.555556297302246,13.572221755981445,8.706852912902832,225900,0.0,0.0,0.0
2003-06-20,13.61111068725586,13.633333206176758,13.533332824707031,13.572221755981445,8.706852912902832,300600,0.0,0.0,0.0
2003-06-23,13.527777671813965,13.527777671813965,13.235555648803711,13.23888874053955,8.493016242980957,332100,0.0,0.0,0.0
2003-06-24,13.183333396911621,13.183333396911621,13.066666603088379,13.141111373901367,8.430291175842285,188100,0.0,0.0,0.0
2003-06-25,13.174444198608398,13.331110954284668,13.174444198608398,13.25,8.500147819519043,1045800,0.0,0.0,0.0
2003-06-26,13.313332557678223,13.399999618530273,13.289999961853027,13.393333435058594,8.59209156036377,210600,0.0,0.0,0.0
2003-06-27,13.411110877990723,13.416666984558105,13.297778129577637,13.331110954284668,8.552176475524902,373500,0.0,0.0,0.0
2003-06-30,13.368888854980469,13.368888854980469,13.300000190734863,13.322221755981445,8.546473503112793,279900,0.0,0.0,0.0
2003-07-01,13.372221946716309,13.477778434753418,13.333333015441895,13.466667175292969,8.639140129089355,679500,0.0,0.0,0.0
2003-07-02,13.616666793823242,13.793333053588867,13.616666793823242,13.783332824707031,8.842287063598633,1129500,0.0,0.0,0.0
2003-07-03,13.822221755981445,13.828888893127441,13.79444408416748,13.822221755981445,8.86723518371582,110700,0.0,0.0,0.0
2003-07-07,13.966667175292969,14.164443969726562,13.966667175292969,14.164443969726562,9.08678150177002,569700,0.0,0.0,0.0
2003-07-08,14.191110610961914,14.229999542236328,14.13888931274414,14.20444393157959,9.112439155578613,347400,0.0,0.0,0.0
2003-07-09,14.194443702697754,14.194443702697754,14.11111068725586,14.171111106872559,9.091056823730469,472500,0.0,0.0,0.0
2003-07-10,14.09333324432373,14.09333324432373,13.877778053283691,13.922222137451172,8.931386947631836,1603800,0.0,0.0,0.0
2003-07-11,13.922222137451172,14.038888931274414,13.922222137451172,14.038888931274414,9.006231307983398,212400,0.0,0.0,0.0
2003-07-14,14.194443702697754,14.344444274902344,14.194443702697754,14.285555839538574,9.164473533630371,683100,0.0,0.0,0.0
2003-07-15,14.355555534362793,14.355555534362793,14.105555534362793,14.105555534362793,9.048996925354004,2222100,0.0,0.0,0.0
2003-07-16,14.077777862548828,14.155555725097656,14.036666870117188,14.116666793823242,9.05612850189209,828000,0.0,0.0,0.0
2003-07-17,14.027777671813965,14.027777671813965,13.747777938842773,13.747777938842773,8.819478034973145,367200,0.0,0.0,0.0
2003-07-18,13.772221565246582,13.931111335754395,13.772221565246582,13.931111335754395,8.937088966369629,205200,0.0,0.0,0.0
2003-07-21,13.876667022705078,13.876667022705078,13.728889465332031,13.74666690826416,8.818764686584473,2148300,0.0,0.0,0.0
2003-07-22,13.782221794128418,13.928889274597168,13.766667366027832,13.911110877990723,8.924261093139648,1022400,0.0,0.0,0.0
2003-07-23,13.866666793823242,13.866666793823242,13.739999771118164,13.822221755981445,8.86723518371582,904500,0.0,0.0,0.0
2003-07-24,13.916666984558105,14.010000228881836,13.88888931274414,13.88888931274414,8.910004615783691,749700,0.0,0.0,0.0
2003-07-25,13.991110801696777,14.116666793823242,13.972222328186035,14.116666793823242,9.05612850189209,212400,0.0,0.0,0.0
2003-07-28,14.199999809265137,14.23888874053955,14.155555725097656,14.194443702697754,9.106024742126465,1040400,0.0,0.0,0.0
2003-07-29,14.216667175292969,14.223333358764648,14.100000381469727,14.1144437789917,9.05470085144043,805500,0.0,0.0,0.0
2003-07-30,14.081110954284668,14.083333015441895,13.983332633972168,14.01111125946045,8.988412857055664,56700,0.0,0.0,0.0
2003-07-31,14.033332824707031,14.121110916137695,14.033332824707031,14.077777862548828,9.031177520751953,339300,0.0,0.0,0.0
2003-08-01,14.105555534362793,14.133333206176758,14.09000015258789,14.108888626098633,9.051137924194336,441000,0.0,0.0,0.0
2003-08-04,14.127778053283691,14.1355562210083,14.0,14.046667098999023,9.011223793029785,394200,0.0,0.0,0.0
2003-08-05,14.046667098999023,14.046667098999023,13.895556449890137,13.895556449890137,8.91427993774414,290700,0.0,0.0,0.0
2003-08-06,13.89222240447998,13.907777786254883,13.797778129577637,13.833333015441895,8.87436294555664,371700,0.0,0.0,0.0
2003-08-07,13.933333396911621,13.976667404174805,13.899999618530273,13.934444427490234,8.939227104187012,288900,0.0,0.0,0.0
2003-08-08,14.050000190734863,14.055556297302246,13.993332862854004,14.027777671813965,8.999103546142578,153000,0.0,0.0,0.0
2003-08-11,14.11111068725586,14.13888931274414,14.055556297302246,14.088889122009277,9.038307189941406,665100,0.0,0.0,0.0
2003-08-12,14.1144437789917,14.15666675567627,14.094444274902344,14.144444465637207,9.073945999145508,727200,0.0,0.0,0.0
2003-08-13,14.318888664245605,14.38888931274414,14.25333309173584,14.344444274902344,9.202251434326172,721800,0.0,0.0,0.0
2003-08-14,14.353333473205566,14.543333053588867,14.353333473205566,14.533332824707031,9.323427200317383,404100,0.0,0.0,0.0
2003-08-15,14.38888931274414,14.38888931274414,14.38888931274414,14.38888931274414,9.230766296386719,48600,0.0,0.0,0.0
2003-08-18,14.522221565246582,14.69777774810791,14.50777816772461,14.695555686950684,9.427498817443848,1189800,0.0,0.0,0.0
2003-08-19,14.777777671813965,14.777777671813965,14.677778244018555,14.767778396606445,9.473827362060547,453600,0.0,0.0,0.0
2003-08-20,14.733332633972168,14.770000457763672,14.680000305175781,14.770000457763672,9.475255012512207,1125000,0.0,0.0,0.0
2003-08-21,14.890000343322754,15.046667098999023,14.872221946716309,15.04111099243164,9.649178504943848,1083600,0.0,0.0,0.0
2003-08-22,15.222222328186035,15.222222328186035,15.072221755981445,15.117777824401855,9.69836139678955,1008000,0.0,0.0,0.0
2003-08-25,15.096667289733887,15.096667289733887,14.984443664550781,15.0,9.622802734375,391500,0.0,0.0,0.0
2003-08-26,14.938888549804688,14.938888549804688,14.727778434753418,14.816666603088379,9.5051908493042,1186200,0.0,0.0,0.0
2003-08-27,14.84000015258789,14.98888874053955,14.786666870117188,14.98888874053955,9.615676879882812,632700,0.0,0.0,0.0
2003-08-28,15.04111099243164,15.09333324432373,14.952221870422363,15.09333324432373,9.6826810836792,441900,0.0,0.0,0.0
2003-08-29,15.188888549804688,15.233332633972168,15.188888549804688,15.202221870422363,9.752534866333008,417600,0.0,0.0,0.0
2003-09-02,15.333333015441895,15.430000305175781,15.311111450195312,15.427778244018555,9.897231101989746,1471500,0.0,0.0,0.0
2003-09-03,15.63888931274414,15.63888931274414,15.538888931274414,15.550000190734863,9.975640296936035,887400,0.0,0.0,0.0
2003-09-04,15.56222152709961,15.627778053283691,15.54555606842041,15.605555534362793,10.011283874511719,458100,0.0,0.0,0.0
2003-09-05,15.633333206176758,15.633333206176758,15.561111450195312,15.591111183166504,10.002015113830566,532800,0.0,0.0,0.0
2003-09-08,15.745555877685547,15.905555725097656,15.745555877685547,15.886667251586914,10.191617965698242,659700,0.0,0.0,0.0
2003-09-09,15.920000076293945,15.920000076293945,15.58666706085205,15.61111068725586,10.014842987060547,387900,0.0,0.0,0.0
2003-09-10,15.58666706085205,15.58666706085205,15.271110534667969,15.35111141204834,9.848052024841309,569700,0.0,0.0,0.0
2003-09-11,15.356666564941406,15.485555648803711,15.333333015441895,15.333333015441895,9.836645126342773,1097100,0.0,0.0,0.0
2003-09-12,15.383333206176758,15.442221641540527,15.277777671813965,15.442221641540527,9.906497955322266,948600,0.0,0.0,0.0
2003-09-15,15.464444160461426,15.464444160461426,15.166666984558105,15.214444160461426,9.760374069213867,809100,0.0,0.0,0.0
2003-09-16,15.366666793823242,15.527777671813965,15.332221984863281,15.527777671813965,9.961385726928711,1987200,0.0,0.0,0.0
2003-09-17,15.554444313049316,15.568888664245605,15.45111083984375,15.461111068725586,9.918615341186523,982800,0.0,0.0,0.0
2003-09-18,15.498888969421387,15.666666984558105,15.444443702697754,15.63888931274414,10.032666206359863,762300,0.0,0.0,0.0
2003-09-19,15.661110877990723,15.661110877990723,15.532221794128418,15.566666603088379,9.986333847045898,466200,0.0,0.0,0.0
2003-09-22,15.49666690826416,15.49666690826416,15.245555877685547,15.31222152709961,9.823100090026855,4203900,0.0,0.0,0.0
2003-09-23,15.328888893127441,15.36111068725586,15.308889389038086,15.350000381469727,9.847335815429688,453600,0.0,0.0,0.0
2003-09-24,15.546667098999023,15.576666831970215,15.366666793823242,15.377778053283691,9.865153312683105,789300,0.0,0.0,0.0
2003-09-25,15.377778053283691,15.377778053283691,15.149999618530273,15.149999618530273,9.719033241271973,530100,0.0,0.0,0.0
2003-09-26,15.149999618530273,15.149999618530273,15.04444408416748,15.04444408416748,9.651315689086914,2994300,0.0,0.0,0.0
2003-09-29,15.068888664245605,15.164443969726562,15.055556297302246,15.151110649108887,9.719742774963379,1071000,0.0,0.0,0.0
2003-09-30,15.245555877685547,15.245555877685547,15.055556297302246,15.103333473205566,9.689096450805664,2218500,0.0,0.0,0.0
2003-10-01,15.31222152709961,15.504444122314453,15.301111221313477,15.5,9.943563461303711,1123200,0.0,0.0,0.0
2003-10-02,15.645556449890137,15.75,15.61111068725586,15.722222328186035,10.086125373840332,1017900,0.0,0.0,0.0
2003-10-03,15.944443702697754,15.94777774810791,15.85111141204834,15.877778053283691,10.185918807983398,2016900,0.0,0.0,0.0
2003-10-06,15.957777976989746,15.973333358764648,15.89222240447998,15.938888549804688,10.225120544433594,356400,0.0,0.0,0.0
2003-10-07,15.98888874053955,15.98888874053955,15.88888931274414,15.922222137451172,10.214426040649414,529200,0.0,0.0,0.0
2003-10-08,16.06222152709961,16.072221755981445,16.02111053466797,16.04111099243164,10.290699005126953,351000,0.0,0.0,0.0
2003-10-09,16.29777717590332,16.38888931274414,16.27777862548828,16.311111450195312,10.463907241821289,987300,0.0,0.0,0.0
2003-10-10,16.397777557373047,16.51555633544922,16.397777557373047,16.511110305786133,10.592211723327637,1278000,0.0,0.0,0.0
2003-10-13,16.61111068725586,16.77666664123535,16.61111068725586,16.761110305786133,10.752593040466309,1638000,0.0,0.0,0.0
2003-10-14,16.713333129882812,16.713333129882812,16.433332443237305,16.441110610961914,10.547307014465332,1341000,0.0,0.0,0.0
2003-10-15,16.63888931274414,16.700000762939453,16.600000381469727,16.639999389648438,10.674896240234375,2833200,0.0,0.0,0.0
2003-10-16,16.639999389648438,16.677778244018555,16.61111068725586,16.635555267333984,10.672046661376953,284400,0.0,0.0,0.0
2003-10-17,16.642221450805664,16.642221450805664,16.5,16.53444480895996,10.607183456420898,273600,0.0,0.0,0.0
2003-10-20,16.657777786254883,16.676666259765625,16.60555648803711,16.626667022705078,10.666343688964844,448200,0.0,0.0,0.0
2003-10-21,16.665555953979492,16.709999084472656,16.64444351196289,16.709999084472656,10.719804763793945,977400,0.0,0.0,0.0
2003-10-22,16.677778244018555,16.677778244018555,16.39666748046875,16.46444320678711,10.562274932861328,1390500,0.0,0.0,0.0
2003-10-23,16.22222137451172,16.22222137451172,16.113332748413086,16.22222137451172,10.406886100769043,849600,0.0,0.0,0.0
2003-10-24,16.11111068725586,16.136667251586914,16.05666732788086,16.136667251586914,10.351999282836914,1303200,0.0,0.0,0.0
2003-10-27,16.244443893432617,16.333332061767578,16.244443893432617,16.322221755981445,10.471035957336426,1175400,0.0,0.0,0.0
2003-10-28,16.53333282470703,16.565555572509766,16.488889694213867,16.545555114746094,10.61430835723877,625500,0.0,0.0,0.0
2003-10-29,16.600000381469727,16.688888549804688,16.566667556762695,16.683332443237305,10.702692985534668,775800,0.0,0.0,0.0
2003-10-30,16.75777816772461,16.7722225189209,16.622222900390625,16.623332977294922,10.664206504821777,603900,0.0,0.0,0.0
2003-10-31,16.636667251586914,16.64666748046875,16.468889236450195,16.489999771118164,10.578669548034668,305100,0.0,0.0,0.0
2003-11-03,16.77777862548828,16.88888931274414,16.755556106567383,16.883333206176758,10.830999374389648,1420200,0.0,0.0,0.0
2003-11-04,16.996667861938477,17.0,16.904443740844727,16.93000030517578,10.860939979553223,923400,0.0,0.0,0.0
2003-11-05,16.969999313354492,16.996667861938477,16.89555549621582,16.95222282409668,10.875194549560547,1408500,0.0,0.0,0.0
2003-11-06,16.883333206176758,16.883333206176758,16.745555877685547,16.831111907958984,10.79749870300293,745200,0.0,0.0,0.0
2003-11-07,16.84666633605957,16.90999984741211,16.827777862548828,16.848888397216797,10.808906555175781,659700,0.0,0.0,0.0
2003-11-10,16.81222152709961,16.81222152709961,16.60555648803711,16.616666793823242,10.659928321838379,644400,0.0,0.0,0.0
2003-11-11,16.494443893432617,16.494443893432617,16.344444274902344,16.40333366394043,10.523069381713867,731700,0.0,0.0,0.0
2003-11-12,16.508888244628906,16.71555519104004,16.48555564880371,16.695556640625,10.710537910461426,657900,0.0,0.0,0.0
2003-11-13,16.814443588256836,16.8255558013916,16.681110382080078,16.824443817138672,10.793220520019531,972900,0.0,0.0,0.0
2003-11-14,16.786666870117188,16.842222213745117,16.681110382080078,16.738889694213867,10.7383394241333,451800,0.0,0.0,0.0
2003-11-17,16.61111068725586,16.61111068725586,16.31333351135254,16.412221908569336,10.528775215148926,1896300,0.0,0.0,0.0
2003-11-18,16.516666412353516,16.561111450195312,16.44444465637207,16.44444465637207,10.549443244934082,1236600,0.0,0.0,0.0
2003-11-19,16.38888931274414,16.38888931274414,16.28444480895996,16.337778091430664,10.481013298034668,1089900,0.0,0.0,0.0
2003-11-20,16.19444465637207,16.21666717529297,16.11111068725586,16.126667022705078,10.345582008361816,505800,0.0,0.0,0.0
2003-11-21,16.182222366333008,16.266666412353516,16.182222366333008,16.266666412353516,10.435395240783691,363600,0.0,0.0,0.0
2003-11-24,16.266666412353516,16.450000762939453,16.238889694213867,16.44333267211914,10.548731803894043,1182600,0.0,0.0,0.0
2003-11-25,16.49333381652832,16.544443130493164,16.44444465637207,16.5,10.585084915161133,2041200,0.0,0.0,0.0
2003-11-26,16.64555549621582,16.651111602783203,16.561111450195312,16.651111602783203,10.682027816772461,1207800,0.0,0.0,0.0
2003-11-28,16.665555953979492,16.8477783203125,16.64444351196289,16.799999237060547,10.77754020690918,619200,0.0,0.0,0.0
2003-12-01,17.044443130493164,17.281110763549805,17.044443130493164,17.281110763549805,11.08617877960205,1340100,0.0,0.0,0.0
2003-12-02,17.281110763549805,17.281110763549805,17.183332443237305,17.204444885253906,11.036999702453613,2511900,0.0,0.0,0.0
2003-12-03,17.29111099243164,17.30555534362793,17.14444351196289,17.14444351196289,10.998510360717773,824400,0.0,0.0,0.0
2003-12-04,17.14444351196289,17.14444351196289,16.97222137451172,17.02666664123535,10.922954559326172,709200,0.0,0.0,0.0
2003-12-05,17.003332138061523,17.04111099243164,16.908889770507812,16.994443893432617,10.902281761169434,1263600,0.0,0.0,0.0
2003-12-08,16.97222137451172,17.044443130493164,16.962221145629883,17.02777862548828,10.923666000366211,753300,0.0,0.0,0.0
2003-12-09,17.122222900390625,17.149999618530273,16.956666946411133,16.956666946411133,10.878044128417969,1598400,0.0,0.0,0.0
2003-12-10,17.044443130493164,17.05555534362793,16.85555648803711,16.88888931274414,10.834565162658691,561600,0.0,0.0,0.0
2003-12-11,17.038888931274414,17.206666946411133,17.0222225189209,17.196666717529297,11.032011985778809,819000,0.0,0.0,0.0
2003-12-12,17.275556564331055,17.27777862548828,17.22333335876465,17.275556564331055,11.082616806030273,1101600,0.0,0.0,0.0
2003-12-15,17.420000076293945,17.446666717529297,17.244443893432617,17.288888931274414,11.091172218322754,1232100,0.0,0.0,0.0
2003-12-16,17.30555534362793,17.30555534362793,17.135555267333984,17.21666717529297,11.044845581054688,669600,0.0,0.0,0.0
2003-12-17,17.106666564941406,17.106666564941406,16.975555419921875,17.016666412353516,10.916535377502441,1114200,0.0,0.0,0.0
2003-12-18,17.086666107177734,17.29111099243164,17.086666107177734,17.29111099243164,11.092597961425781,657900,0.0,0.0,0.0
2003-12-19,17.25,17.356666564941406,17.25,17.333332061767578,11.119685173034668,559800,0.0,0.0,0.0
2003-12-22,17.322221755981445,17.5,17.28333282470703,17.5,11.276698112487793,1562400,0.077,0.0,0.0
2003-12-23,17.5,17.54777717590332,17.463333129882812,17.54777717590332,11.307487487792969,1328400,0.0,0.0,0.0
2003-12-24,17.602222442626953,17.633333206176758,17.566667556762695,17.60444450378418,11.344002723693848,279000,0.0,0.0,0.0
2003-12-26,17.666667938232422,17.666667938232422,17.634443283081055,17.648889541625977,11.372641563415527,216900,0.0,0.0,0.0
2003-12-29,17.77777862548828,17.915555953979492,17.755556106567383,17.915555953979492,11.544479370117188,1450800,0.0,0.0,0.0
2003-12-30,18.02111053466797,18.094444274902344,17.995555877685547,18.001110076904297,11.59960651397705,1374300,0.0,0.0,0.0
2003-12-31,18.08888816833496,18.233333587646484,18.08888816833496,18.21444320678711,11.745847702026367,979200,0.013444,0.0,0.0
2004-01-02,18.344444274902344,18.709999084472656,18.344444274902344,18.6200008392334,12.007377624511719,1845000,0.0,0.0,0.0
2004-01-05,19.133333206176758,19.273332595825195,19.0,19.273332595825195,12.428688049316406,2981700,0.0,0.0,0.0
2004-01-06,19.273332595825195,19.273332595825195,19.02777862548828,19.05555534362793,12.288250923156738,3776400,0.0,0.0,0.0
2004-01-07,18.94444465637207,19.100000381469727,18.94444465637207,19.100000381469727,12.316913604736328,1075500,0.0,0.0,0.0
2004-01-08,19.14555549621582,19.211111068725586,19.008888244628906,19.172222137451172,12.363485336303711,1148400,0.0,0.0,0.0
2004-01-09,19.18777847290039,19.29111099243164,19.127777099609375,19.13777732849121,12.341275215148926,1143900,0.0,0.0,0.0
2004-01-12,19.183332443237305,19.205556869506836,19.04777717590332,19.121110916137695,12.330523490905762,1753200,0.0,0.0,0.0
2004-01-13,19.16111183166504,19.177778244018555,18.950000762939453,19.012222290039062,12.260306358337402,1361700,0.0,0.0,0.0
2004-01-14,18.945556640625,19.073333740234375,18.938888549804688,19.042221069335938,12.279653549194336,1150200,0.0,0.0,0.0
2004-01-15,18.96666717529297,18.967777252197266,18.627777099609375,18.65333366394043,12.028873443603516,1397700,0.0,0.0,0.0
2004-01-16,18.63888931274414,18.73666763305664,18.61111068725586,18.733333587646484,12.080463409423828,1698300,0.0,0.0,0.0
2004-01-20,19.11111068725586,19.294443130493164,19.074443817138672,19.27777862548828,12.43155574798584,1243800,0.0,0.0,0.0
2004-01-21,19.274444580078125,19.372222900390625,19.166667938232422,19.303333282470703,12.448030471801758,1260000,0.0,0.0,0.0
2004-01-22,19.238889694213867,19.304443359375,19.0977783203125,19.254444122314453,12.416504859924316,1600200,0.0,0.0,0.0
2004-01-23,19.278888702392578,19.288888931274414,19.177778244018555,19.22222137451172,12.39572525024414,811800,0.0,0.0,0.0
2004-01-26,19.274444580078125,19.350000381469727,19.191110610961914,19.350000381469727,12.478127479553223,1946700,0.0,0.0,0.0
2004-01-27,19.38888931274414,19.447778701782227,19.22222137451172,19.252222061157227,12.415074348449707,2822400,0.0,0.0,0.0
2004-01-28,19.35555648803711,19.384443283081055,18.955556869506836,18.979999542236328,12.239527702331543,2428200,0.0,0.0,0.0
2004-01-29,18.904443740844727,18.94333267211914,18.367778778076172,18.681110382080078,12.046784400939941,3085200,0.0,0.0,0.0
2004-01-30,18.55555534362793,18.658889770507812,18.516666412353516,18.655555725097656,12.030303001403809,1413900,0.0,0.0,0.0
2004-02-02,18.68000030517578,18.684444427490234,18.577777862548828,18.65999984741211,12.033172607421875,1466100,0.0,0.0,0.0
2004-02-03,18.672222137451172,18.672222137451172,18.52666664123535,18.55555534362793,11.96581745147705,941400,0.0,0.0,0.0
2004-02-04,18.455556869506836,18.483333587646484,18.38888931274414,18.38888931274414,11.858342170715332,1133100,0.0,0.0,0.0
2004-02-05,18.334444046020508,18.41777801513672,18.30555534362793,18.383333206176758,11.854757308959961,1764000,0.0,0.0,0.0
2004-02-06,18.574443817138672,18.851110458374023,18.557777404785156,18.802221298217773,12.12488842010498,1868400,0.0,0.0,0.0
2004-02-09,19.0,19.165555953979492,18.88888931274414,19.073333740234375,12.299717903137207,882000,0.0,0.0,0.0
2004-02-10,19.079999923706055,19.0977783203125,19.012222290039062,19.05666732788086,12.28896713256836,665100,0.0,0.0,0.0
2004-02-11,19.115556716918945,19.376667022705078,19.059999465942383,19.352222442626953,12.479557991027832,2990700,0.0,0.0,0.0
2004-02-12,19.441110610961914,19.441110610961914,19.299999237060547,19.342222213745117,12.473112106323242,2559600,0.0,0.0,0.0
2004-02-13,19.561111450195312,19.572221755981445,19.343332290649414,19.35555648803711,12.481709480285645,1157400,0.0,0.0,0.0
2004-02-17,19.622222900390625,19.744443893432617,19.53555679321289,19.744443893432617,12.732490539550781,2004300,0.0,0.0,0.0
2004-02-18,19.767778396606445,19.767778396606445,19.456666946411133,19.475555419921875,12.559093475341797,894600,0.0,0.0,0.0
2004-02-19,19.47888946533203,19.530000686645508,19.30555534362793,19.30555534362793,12.449470520019531,1216800,0.0,0.0,0.0
2004-02-20,19.11111068725586,19.133333206176758,18.92888832092285,19.08888816833496,12.309746742248535,2828700,0.0,0.0,0.0
2004-02-23,19.200000762939453,19.232221603393555,18.897777557373047,18.922222137451172,12.202271461486816,1368000,0.0,0.0,0.0
2004-02-24,18.8799991607666,18.8799991607666,18.77777862548828,18.822221755981445,12.137781143188477,950400,0.0,0.0,0.0
2004-02-25,18.886667251586914,19.031110763549805,18.860000610351562,19.02777862548828,12.27033519744873,752400,0.0,0.0,0.0
2004-02-26,19.12555694580078,19.12555694580078,19.042221069335938,19.122222900390625,12.331246376037598,1440000,0.0,0.0,0.0
2004-02-27,19.341110229492188,19.434444427490234,19.288888931274414,19.393333435058594,12.506070137023926,2112300,0.0,0.0,0.0
2004-03-01,19.537778854370117,19.85444450378418,19.525556564331055,19.835556030273438,12.791241645812988,1488600,0.0,0.0,0.0
2004-03-02,19.857778549194336,19.857778549194336,19.675556182861328,19.677778244018555,12.689498901367188,1095300,0.0,0.0,0.0
2004-03-03,19.554443359375,19.56999969482422,19.422222137451172,19.55555534362793,12.61068344116211,2036700,0.0,0.0,0.0
2004-03-04,19.61111068725586,19.69444465637207,19.587778091430664,19.688888549804688,12.69666576385498,837900,0.0,0.0,0.0
2004-03-05,19.688888549804688,19.79111099243164,19.61111068725586,19.761110305786133,12.743239402770996,1043100,0.0,0.0,0.0
2004-03-08,19.844444274902344,19.88888931274414,19.572221755981445,19.572221755981445,12.621430397033691,1356300,0.0,0.0,0.0
2004-03-09,19.633333206176758,19.633333206176758,19.334444046020508,19.44444465637207,12.539030075073242,1146600,0.0,0.0,0.0
2004-03-10,19.46666717529297,19.46666717529297,18.961111068725586,19.0,12.252422332763672,3870900,0.0,0.0,0.0
2004-03-11,18.755556106567383,18.803333282470703,18.58888816833496,18.58888816833496,11.987311363220215,3832200,0.0,0.0,0.0
2004-03-12,18.61111068725586,18.788888931274414,18.61111068725586,18.744443893432617,12.087623596191406,1795500,0.0,0.0,0.0
2004-03-15,18.600000381469727,18.63888931274414,18.39444351196289,18.39444351196289,11.861921310424805,2127600,0.0,0.0,0.0
2004-03-16,18.488889694213867,18.627777099609375,18.4777774810791,18.622222900390625,12.008810043334961,2355300,0.0,0.0,0.0
2004-03-17,18.833332061767578,18.908889770507812,18.79111099243164,18.877777099609375,12.173609733581543,3899700,0.0,0.0,0.0
2004-03-18,18.931110382080078,18.99222183227539,18.834444046020508,18.988889694213867,12.245259284973145,1188000,0.0,0.0,0.0
2004-03-19,19.06333351135254,19.06333351135254,18.738889694213867,18.738889694213867,12.084040641784668,2424600,0.0,0.0,0.0
2004-03-22,18.867778778076172,18.867778778076172,18.33222198486328,18.438888549804688,11.890588760375977,3333600,0.0,0.0,0.0
2004-03-23,18.554443359375,18.643333435058594,18.554443359375,18.62444305419922,12.010242462158203,1305000,0.0,0.0,0.0
2004-03-24,18.696666717529297,18.726667404174805,18.616666793823242,18.63888931274414,12.01955795288086,889200,0.0,0.0,0.0
2004-03-25,18.68666648864746,18.827777862548828,18.666667938232422,18.82111167907715,12.137064933776855,1724400,0.0,0.0,0.0
2004-03-26,18.822221755981445,18.871110916137695,18.78333282470703,18.786666870117188,12.114851951599121,1903500,0.0,0.0,0.0
2004-03-29,19.05555534362793,19.077777862548828,19.018888473510742,19.02777862548828,12.27033519744873,1031400,0.0,0.0,0.0
2004-03-30,19.163333892822266,19.275556564331055,19.13888931274414,19.261110305786133,12.420806884765625,2089800,0.0,0.0,0.0
2004-03-31,19.433332443237305,19.5,19.391111373901367,19.5,12.574853897094727,1773900,0.0,0.0,0.0
2004-04-01,19.543333053588867,19.671110153198242,19.54111099243164,19.658889770507812,12.677319526672363,1648800,0.0,0.0,0.0
2004-04-02,19.883333206176758,19.899999618530273,19.814443588256836,19.85555648803711,12.804140090942383,4001400,0.0,0.0,0.0
2004-04-05,20.020000457763672,20.020000457763672,19.955556869506836,19.994443893432617,12.893707275390625,1177200,0.0,0.0,0.0
2004-04-06,20.002222061157227,20.11111068725586,19.994443893432617,20.10555648803711,12.965357780456543,721800,0.0,0.0,0.0
2004-04-07,20.211111068725586,20.217777252197266,19.94444465637207,20.03333282470703,12.91878604888916,1936800,0.0,0.0,0.0
2004-04-08,20.225555419921875,20.233333587646484,19.998889923095703,20.049999237060547,12.92953109741211,802800,0.0,0.0,0.0
2004-04-12,20.200000762939453,20.266666412353516,20.15999984741211,20.204444885253906,13.029126167297363,1048500,0.0,0.0,0.0
2004-04-13,20.21666717529297,20.21666717529297,19.926666259765625,19.968889236450195,12.877224922180176,1538100,0.0,0.0,0.0
2004-04-14,19.81999969482422,19.81999969482422,19.658889770507812,19.6744441986084,12.687350273132324,2323800,0.0,0.0,0.0
2004-04-15,19.683332443237305,19.683332443237305,19.391111373901367,19.511110305786133,12.58202075958252,1017000,0.0,0.0,0.0
2004-04-16,19.572221755981445,19.688888549804688,19.491111755371094,19.655555725097656,12.675167083740234,1371600,0.0,0.0,0.0
2004-04-19,19.65333366394043,19.688888549804688,19.59666633605957,19.688888549804688,12.69666576385498,1085400,0.0,0.0,0.0
2004-04-20,19.775556564331055,19.775556564331055,19.455556869506836,19.516666412353516,12.585603713989258,2962800,0.0,0.0,0.0
2004-04-21,19.49333381652832,19.49333381652832,19.345556259155273,19.372222900390625,12.492459297180176,1021500,0.0,0.0,0.0
2004-04-22,19.200000762939453,19.37555694580078,19.14666748046875,19.366666793823242,12.488874435424805,3693600,0.0,0.0,0.0
2004-04-23,19.44444465637207,19.627777099609375,19.44444465637207,19.511110305786133,12.58202075958252,1196100,0.0,0.0,0.0
2004-04-26,19.516666412353516,19.516666412353516,19.2277774810791,19.233333587646484,12.40289306640625,1556100,0.0,0.0,0.0
2004-04-27,19.327777862548828,19.33222198486328,19.13111114501953,19.13111114501953,12.336971282958984,837000,0.0,0.0,0.0
2004-04-28,19.09000015258789,19.09000015258789,18.557777404785156,18.583332061767578,11.983729362487793,3704400,0.0,0.0,0.0
2004-04-29,18.333332061767578,18.333332061767578,17.920000076293945,17.971111297607422,11.588930130004883,5024700,0.0,0.0,0.0
2004-04-30,17.80555534362793,17.90333366394043,17.565555572509766,17.58888816833496,11.342452049255371,4438800,0.0,0.0,0.0
2004-05-03,17.642221450805664,17.766666412353516,17.6200008392334,17.76555633544922,11.456377983093262,2169900,0.0,0.0,0.0
2004-05-04,18.136667251586914,18.21444320678711,17.969999313354492,18.113332748413086,11.680643081665039,1849500,0.0,0.0,0.0
2004-05-05,18.176666259765625,18.247777938842773,18.06999969482422,18.157777786254883,11.709306716918945,1089900,0.0,0.0,0.0
2004-05-06,17.88888931274414,17.908889770507812,17.74222183227539,17.781110763549805,11.466404914855957,3132000,0.0,0.0,0.0
2004-05-07,17.566667556762695,17.566667556762695,17.254444122314453,17.38111114501953,11.208460807800293,5904900,0.0,0.0,0.0
2004-05-10,16.670000076293945,16.788888931274414,16.528888702392578,16.542221069335938,10.667490005493164,4054500,0.0,0.0,0.0
2004-05-11,16.835556030273438,17.05555534362793,16.827777862548828,17.03333282470703,10.98419189453125,3686400,0.0,0.0,0.0
2004-05-12,17.06999969482422,17.14444351196289,16.577777862548828,17.038888931274414,10.987772941589355,7226100,0.0,0.0,0.0
2004-05-13,16.822221755981445,17.092222213745117,16.799999237060547,16.994443893432617,10.959115028381348,3628800,0.0,0.0,0.0
2004-05-14,16.841110229492188,16.8700008392334,16.376667022705078,16.546667098999023,10.670357704162598,7549200,0.0,0.0,0.0
2004-05-17,15.88888931274414,16.331111907958984,15.883333206176758,15.884444236755371,10.243314743041992,4436100,0.0,0.0,0.0
2004-05-18,16.41111183166504,16.498889923095703,16.205556869506836,16.356666564941406,10.547833442687988,2379600,0.0,0.0,0.0
2004-05-19,17.28333282470703,17.28555679321289,16.790000915527344,16.808889389038086,10.83945369720459,4035600,0.0,0.0,0.0
2004-05-20,16.84666633605957,16.87555694580078,16.6744441986084,16.705556869506836,10.772817611694336,3769200,0.0,0.0,0.0
2004-05-21,17.003332138061523,17.14444351196289,16.979999542236328,16.979999542236328,10.949801445007324,3830400,0.0,0.0,0.0
2004-05-24,17.498889923095703,17.498889923095703,17.094444274902344,17.244443893432617,11.120329856872559,2328300,0.0,0.0,0.0
2004-05-25,17.219999313354492,17.655555725097656,17.11111068725586,17.62444305419922,11.365377426147461,3232800,0.0,0.0,0.0
2004-05-26,17.755556106567383,17.755556106567383,17.523332595825195,17.55555534362793,11.320950508117676,1452600,0.0,0.0,0.0
2004-05-27,17.876667022705078,17.907777786254883,17.73444366455078,17.833332061767578,11.500082969665527,1737000,0.0,0.0,0.0
2004-05-28,18.0222225189209,18.0222225189209,17.733333587646484,17.794443130493164,11.475004196166992,847800,0.0,0.0,0.0
2004-06-01,17.811111450195312,17.811111450195312,17.616666793823242,17.671110153198242,11.395469665527344,2627100,0.0,0.0,0.0
2004-06-02,17.649999618530273,17.719999313354492,17.488889694213867,17.671110153198242,11.395469665527344,2570400,0.0,0.0,0.0
2004-06-03,17.316667556762695,17.401111602783203,17.26333236694336,17.278888702392578,11.142541885375977,2385000,0.0,0.0,0.0
2004-06-04,17.45888900756836,17.60444450378418,17.44444465637207,17.53333282470703,11.306621551513672,2214900,0.0,0.0,0.0
2004-06-07,17.877777099609375,18.16111183166504,17.711111068725586,18.13888931274414,11.697124481201172,2310300,0.0,0.0,0.0
2004-06-08,18.05555534362793,18.05555534362793,17.77777862548828,17.886667251586914,11.534475326538086,3527100,0.0,0.0,0.0
2004-06-09,17.737777709960938,17.737777709960938,17.469999313354492,17.482221603393555,11.273664474487305,1899000,0.0,0.0,0.0
2004-06-10,17.456666946411133,17.53333282470703,17.43666648864746,17.502222061157227,11.286561965942383,1696500,0.0,0.0,0.0
2004-06-14,17.016666412353516,17.02111053466797,16.827777862548828,16.827777862548828,10.85163688659668,3090600,0.0,0.0,0.0
2004-06-15,17.132221221923828,17.27777862548828,17.079999923706055,17.15333366394043,11.061575889587402,1977300,0.0,0.0,0.0
2004-06-16,17.162221908569336,17.162221908569336,16.90333366394043,16.92333221435547,10.913253784179688,2049300,0.0,0.0,0.0
2004-06-17,16.915555953979492,17.092222213745117,16.889999389648438,17.00777816772461,10.967711448669434,2328300,0.0,0.0,0.0
2004-06-18,17.184444427490234,17.184444427490234,16.77777862548828,16.91111183166504,10.905373573303223,2426400,0.0,0.0,0.0
2004-06-21,17.20888900756836,17.20888900756836,16.98666763305664,16.988889694213867,10.955531120300293,876600,0.0,0.0,0.0
2004-06-22,17.074443817138672,17.21444320678711,17.016666412353516,17.168888092041016,11.071603775024414,971100,0.0,0.0,0.0
2004-06-23,17.177778244018555,17.494443893432617,17.100000381469727,17.474443435668945,11.268649101257324,1182600,0.0,0.0,0.0
2004-06-24,17.752222061157227,17.753332138061523,17.542221069335938,17.544443130493164,11.313786506652832,1177200,0.0,0.0,0.0
2004-06-25,17.71444320678711,17.792221069335938,17.697778701782227,17.72222137451172,11.42843246459961,845100,0.0,0.0,0.0
2004-06-28,17.899999618530273,17.899999618530273,17.56222152709961,17.57111167907715,11.33098316192627,1017900,0.0,0.0,0.0
2004-06-29,17.55555534362793,17.72222137451172,17.55555534362793,17.705556869506836,11.417683601379395,727200,0.0,0.0,0.0
2004-06-30,17.83888816833496,18.043333053588867,17.68777847290039,17.95888900756836,11.581048011779785,3212100,0.0,0.0,0.0
2004-07-01,17.834444046020508,17.865556716918945,17.698888778686523,17.73444366455078,11.436311721801758,2195100,0.0,0.0,0.0
2004-07-02,17.77777862548828,17.83888816833496,17.724443435668945,17.733333587646484,11.435595512390137,1892700,0.0,0.0,0.0
2004-07-06,17.788888931274414,17.794443130493164,17.543333053588867,17.543333053588867,11.313069343566895,1564200,0.0,0.0,0.0
2004-07-07,17.577777862548828,17.872222900390625,17.577777862548828,17.7722225189209,11.46066951751709,1983600,0.0,0.0,0.0
2004-07-08,17.666667938232422,17.695556640625,17.518888473510742,17.518888473510742,11.297308921813965,1692900,0.0,0.0,0.0
2004-07-09,17.61111068725586,17.747777938842773,17.581111907958984,17.61222267150879,11.35749340057373,1484100,0.0,0.0,0.0
2004-07-12,17.565555572509766,17.60333251953125,17.44444465637207,17.566667556762695,11.328119277954102,1049400,0.0,0.0,0.0
2004-07-13,17.648889541625977,17.67888832092285,17.543333053588867,17.64666748046875,11.37971019744873,1014300,0.0,0.0,0.0
2004-07-14,17.557777404785156,17.63777732849121,17.4777774810791,17.4777774810791,11.270796775817871,1017900,0.0,0.0,0.0
2004-07-15,17.392221450805664,17.448888778686523,17.299999237060547,17.386667251586914,11.212039947509766,3766500,0.0,0.0,0.0
2004-07-16,17.639999389648438,17.665555953979492,17.55555534362793,17.577777862548828,11.335282325744629,983700,0.0,0.0,0.0
2004-07-19,17.594444274902344,17.6744441986084,17.462221145629883,17.551111221313477,11.318089485168457,995400,0.0,0.0,0.0
2004-07-20,17.566667556762695,17.62555694580078,17.481111526489258,17.62555694580078,11.36609172821045,1849500,0.0,0.0,0.0
2004-07-21,17.77666664123535,17.77666664123535,17.35444450378418,17.422222137451172,11.234972953796387,1780200,0.0,0.0,0.0
2004-07-22,17.267778396606445,17.422222137451172,17.200000762939453,17.422222137451172,11.234972953796387,3069000,0.0,0.0,0.0
2004-07-23,17.37555694580078,17.37555694580078,17.04888916015625,17.122222900390625,11.041512489318848,1970100,0.0,0.0,0.0
2004-07-26,17.09666633605957,17.168888092041016,16.922222137451172,16.963333129882812,10.939051628112793,1141200,0.0,0.0,0.0
2004-07-27,17.0,17.286666870117188,17.0,17.286666870117188,11.14755916595459,1133100,0.0,0.0,0.0
2004-07-28,17.221111297607422,17.28333282470703,17.083332061767578,17.281110763549805,11.143969535827637,1314000,0.0,0.0,0.0
2004-07-29,17.258888244628906,17.38888931274414,17.20222282409668,17.38888931274414,11.21347713470459,2531700,0.0,0.0,0.0
2004-07-30,17.397777557373047,17.421110153198242,17.281110763549805,17.30555534362793,11.159738540649414,2052900,0.0,0.0,0.0
2004-08-02,17.224443435668945,17.251110076904297,17.17888832092285,17.218889236450195,11.103849411010742,2377800,0.0,0.0,0.0
2004-08-03,17.218889236450195,17.35444450378418,17.204444885253906,17.238889694213867,11.116745948791504,2743200,0.0,0.0,0.0
2004-08-04,17.205556869506836,17.255556106567383,17.08888816833496,17.255556106567383,11.127496719360352,2527200,0.0,0.0,0.0
2004-08-05,17.511110305786133,17.5222225189209,17.143333435058594,17.14444351196289,11.055841445922852,2399400,0.0,0.0,0.0
2004-08-06,17.197778701782227,17.200000762939453,17.0,17.020000457763672,10.975593566894531,1493100,0.0,0.0,0.0
2004-08-09,17.22222137451172,17.27777862548828,17.162221908569336,17.162221908569336,11.067307472229004,726300,0.0,0.0,0.0
2004-08-10,17.149999618530273,17.378889083862305,17.149999618530273,17.35555648803711,11.191983222961426,963900,0.0,0.0,0.0
2004-08-11,17.177778244018555,17.207778930664062,17.025556564331055,17.19444465637207,11.08808708190918,1772100,0.0,0.0,0.0
2004-08-12,17.166667938232422,17.177778244018555,17.002222061157227,17.002222061157227,10.964129447937012,736200,0.0,0.0,0.0
2004-08-13,17.21666717529297,17.219999313354492,17.004444122314453,17.028888702392578,10.981327056884766,1442700,0.0,0.0,0.0
2004-08-16,17.038888931274414,17.288888931274414,17.038888931274414,17.261110305786133,11.13107681274414,1655100,0.0,0.0,0.0
2004-08-17,17.318889617919922,17.4244441986084,17.27666664123535,17.376667022705078,11.205596923828125,1665000,0.0,0.0,0.0
2004-08-18,17.34000015258789,17.583332061767578,17.281110763549805,17.58222198486328,11.338150978088379,1214100,0.0,0.0,0.0
2004-08-19,17.7722225189209,17.7722225189209,17.540000915527344,17.601110458374023,11.350329399108887,1306800,0.0,0.0,0.0
2004-08-20,17.627777099609375,17.77111053466797,17.600000381469727,17.688888549804688,11.40693473815918,1683000,0.0,0.0,0.0
2004-08-23,17.712221145629883,17.835556030273438,17.58888816833496,17.78444480895996,11.468557357788086,2262600,0.0,0.0,0.0
2004-08-24,17.738889694213867,17.818889617919922,17.711111068725586,17.733333587646484,11.435595512390137,881100,0.0,0.0,0.0
2004-08-25,17.77777862548828,17.950000762939453,17.755556106567383,17.94444465637207,11.571732521057129,1098900,0.0,0.0,0.0
2004-08-26,18.011110305786133,18.011110305786133,17.931110382080078,17.968889236450195,11.587496757507324,1036800,0.0,0.0,0.0
2004-08-27,18.016666412353516,18.017778396606445,17.93000030517578,17.935556411743164,11.566004753112793,1988100,0.0,0.0,0.0
2004-08-30,17.877777099609375,17.877777099609375,17.799999237060547,17.83888816833496,11.503665924072266,738900,0.0,0.0,0.0
2004-08-31,17.86111068725586,17.93777847290039,17.78444480895996,17.916667938232422,11.55382251739502,2889000,0.0,0.0,0.0
2004-09-01,18.054443359375,18.064443588256836,17.922222137451172,18.064443588256836,11.649118423461914,3053700,0.0,0.0,0.0
2004-09-02,18.133333206176758,18.316667556762695,18.053333282470703,18.288888931274414,11.793853759765625,2511900,0.0,0.0,0.0
2004-09-03,18.211111068725586,18.211111068725586,18.044443130493164,18.094444274902344,11.668461799621582,2269800,0.0,0.0,0.0
2004-09-07,18.139999389648438,18.2722225189209,18.13888931274414,18.233333587646484,11.758028984069824,2881800,0.0,0.0,0.0
2004-09-08,18.083332061767578,18.30555534362793,18.083332061767578,18.22222137451172,11.750859260559082,1415700,0.0,0.0,0.0
2004-09-09,18.155555725097656,18.315555572509766,18.155555725097656,18.27777862548828,11.786690711975098,2348100,0.0,0.0,0.0
2004-09-10,18.350000381469727,18.517778396606445,18.333332061767578,18.45111083984375,11.898465156555176,851400,0.0,0.0,0.0
2004-09-13,18.594444274902344,18.688888549804688,18.583332061767578,18.6200008392334,12.007377624511719,1343700,0.0,0.0,0.0
2004-09-14,18.72222137451172,18.72222137451172,18.600000381469727,18.613332748413086,12.00307846069336,1825200,0.0,0.0,0.0
2004-09-15,18.641111373901367,18.649999618530273,18.495555877685547,18.531110763549805,11.950055122375488,1323000,0.0,0.0,0.0
2004-09-16,18.744443893432617,18.822221755981445,18.69444465637207,18.76333236694336,12.099807739257812,1190700,0.0,0.0,0.0
2004-09-17,18.70888900756836,18.988889694213867,18.705556869506836,18.88888931274414,12.180774688720703,1954800,0.0,0.0,0.0
2004-09-20,18.918888092041016,18.94444465637207,18.705556869506836,18.907777786254883,12.192955017089844,1203300,0.0,0.0,0.0
2004-09-21,19.0,19.197778701782227,18.988889694213867,19.10555648803711,12.320493698120117,2047500,0.0,0.0,0.0
2004-09-22,19.0,19.018888473510742,18.814443588256836,18.816667556762695,12.134198188781738,1795500,0.0,0.0,0.0
2004-09-23,18.711111068725586,18.905555725097656,18.706666946411133,18.899999618530273,12.187936782836914,1719900,0.0,0.0,0.0
2004-09-24,18.85444450378418,18.866666793823242,18.77666664123535,18.84666633605957,12.153545379638672,1989900,0.0,0.0,0.0
2004-09-27,18.83222198486328,18.83222198486328,18.649999618530273,18.73444366455078,12.08117961883545,2089800,0.0,0.0,0.0
2004-09-28,18.774444580078125,18.997777938842773,18.774444580078125,18.96666717529297,12.23093032836914,1298700,0.0,0.0,0.0
2004-09-29,18.922222137451172,19.077777862548828,18.891111373901367,19.066667556762695,12.295413970947266,530100,0.0,0.0,0.0
2004-09-30,19.08888816833496,19.166667938232422,19.0222225189209,19.166667938232422,12.359906196594238,1413900,0.0,0.0,0.0
2004-10-01,19.286666870117188,19.55555534362793,19.255556106567383,19.53333282470703,12.596352577209473,2111400,0.0,0.0,0.0
2004-10-04,19.733333587646484,19.906667709350586,19.692222595214844,19.866666793823242,12.81130313873291,2671200,0.0,0.0,0.0
2004-10-05,19.67333221435547,19.81222152709961,19.622222900390625,19.719999313354492,12.716727256774902,2332800,0.0,0.0,0.0
2004-10-06,19.744443893432617,19.947778701782227,19.707778930664062,19.947778701782227,12.863612174987793,2286000,0.0,0.0,0.0
2004-10-07,19.866666793823242,19.8700008392334,19.72222137451172,19.77777862548828,12.753988265991211,3072600,0.0,0.0,0.0
2004-10-08,19.755556106567383,19.833332061767578,19.586666107177734,19.633333206176758,12.66084098815918,1929600,0.0,0.0,0.0
2004-10-11,19.726667404174805,19.747777938842773,19.666667938232422,19.73555564880371,12.726758003234863,1278000,0.0,0.0,0.0
2004-10-12,19.38888931274414,19.431110382080078,19.266666412353516,19.4244441986084,12.526131629943848,3061800,0.0,0.0,0.0
2004-10-13,19.401111602783203,19.401111602783203,19.03444480895996,19.16111183166504,12.356318473815918,4212900,0.0,0.0,0.0
2004-10-14,19.083332061767578,19.13777732849121,18.872222900390625,18.899999618530273,12.187936782836914,1920600,0.0,0.0,0.0
2004-10-15,18.91777801513672,19.21666717529297,18.91777801513672,19.1522216796875,12.350587844848633,775800,0.0,0.0,0.0
2004-10-18,19.22888946533203,19.382221221923828,19.200000762939453,19.35555648803711,12.481709480285645,1413900,0.0,0.0,0.0
2004-10-19,19.516666412353516,19.60333251953125,19.262222290039062,19.262222290039062,12.421524047851562,1402200,0.0,0.0,0.0
2004-10-20,19.231111526489258,19.245555877685547,19.068889617919922,19.141111373901367,12.343425750732422,3414600,0.0,0.0,0.0
2004-10-21,19.244443893432617,19.416667938232422,19.22222137451172,19.416667938232422,12.521116256713867,1761300,0.0,0.0,0.0
2004-10-22,19.47222137451172,19.47222137451172,19.255556106567383,19.27777862548828,12.43155574798584,1204200,0.0,0.0,0.0
2004-10-25,19.22222137451172,19.329999923706055,19.1200008392334,19.329999923706055,12.465229988098145,3783600,0.0,0.0,0.0
2004-10-26,19.322221755981445,19.422222137451172,19.287778854370117,19.399999618530273,12.510369300842285,2438100,0.0,0.0,0.0
2004-10-27,19.496667861938477,19.77777862548828,19.457778930664062,19.733333587646484,12.725325584411621,3141000,0.0,0.0,0.0
2004-10-28,19.63888931274414,19.77777862548828,19.530000686645508,19.635555267333984,12.662270545959473,3662100,0.0,0.0,0.0
2004-10-29,19.672222137451172,19.744443893432617,19.628889083862305,19.712221145629883,12.711709022521973,4755600,0.0,0.0,0.0
2004-11-01,19.88111114501953,19.89444351196289,19.76333236694336,19.858888626098633,12.806290626525879,1892700,0.0,0.0,0.0
2004-11-02,19.94444465637207,20.095556259155273,19.88888931274414,19.904443740844727,12.835667610168457,1888200,0.0,0.0,0.0
2004-11-03,20.35555648803711,20.38888931274414,20.17333221435547,20.19444465637207,13.022680282592773,2423700,0.0,0.0,0.0
2004-11-04,20.211111068725586,20.573333740234375,20.184444427490234,20.5,13.219718933105469,7040700,0.0,0.0,0.0
2004-11-05,20.61111068725586,20.616666793823242,20.5222225189209,20.577777862548828,13.269875526428223,5571000,0.0,0.0,0.0
2004-11-08,20.455556869506836,20.4777774810791,20.334444046020508,20.345556259155273,13.120125770568848,1092600,0.0,0.0,0.0
2004-11-09,20.44444465637207,20.483333587646484,20.413333892822266,20.476667404174805,13.20467758178711,1039500,0.0,0.0,0.0
2004-11-10,20.61111068725586,20.616666793823242,20.48555564880371,20.5,13.219718933105469,1553400,0.0,0.0,0.0
2004-11-11,20.55555534362793,20.773332595825195,20.52666664123535,20.733333587646484,13.370192527770996,1473300,0.0,0.0,0.0
2004-11-12,20.816667556762695,21.107778549194336,20.691110610961914,21.083332061767578,13.595890045166016,3261600,0.0,0.0,0.0
2004-11-15,21.188888549804688,21.191110610961914,21.011110305786133,21.10333251953125,13.608789443969727,2475900,0.0,0.0,0.0
2004-11-16,21.116666793823242,21.116666793823242,20.844444274902344,20.86222267150879,13.453307151794434,964800,0.0,0.0,0.0
2004-11-17,21.27777862548828,21.453332901000977,21.218889236450195,21.333332061767578,13.757109642028809,4002300,0.0,0.0,0.0
2004-11-18,21.207778930664062,21.512222290039062,21.207778930664062,21.372222900390625,13.782191276550293,1527300,0.0,0.0,0.0
2004-11-19,21.33888816833496,21.344444274902344,21.066667556762695,21.066667556762695,13.585142135620117,1489500,0.0,0.0,0.0
2004-11-22,21.059999465942383,21.211111068725586,20.88888931274414,21.148889541625977,13.638166427612305,2629800,0.0,0.0,0.0
2004-11-23,21.106666564941406,21.2722225189209,21.100000381469727,21.185556411743164,13.66181468963623,2463300,0.0,0.0,0.0
2004-11-24,21.399999618530273,21.435556411743164,21.334444046020508,21.41111183166504,13.807267189025879,2287800,0.0,0.0,0.0
2004-11-26,21.52777862548828,21.782222747802734,21.497777938842773,21.766666412353516,14.036548614501953,1315800,0.0,0.0,0.0
2004-11-29,21.788888931274414,21.790000915527344,21.633333206176758,21.633333206176758,13.950570106506348,5048100,0.0,0.0,0.0
2004-11-30,21.811111450195312,21.811111450195312,21.658889770507812,21.67333221435547,13.976360321044922,3993300,0.0,0.0,0.0
2004-12-01,21.799999237060547,21.872222900390625,21.738889694213867,21.83888816833496,14.08311939239502,6652800,0.0,0.0,0.0
2004-12-02,22.0,22.0,21.788888931274414,21.80666732788086,14.062344551086426,2802600,0.0,0.0,0.0
2004-12-03,21.793333053588867,21.91111183166504,21.744443893432617,21.905555725097656,14.126111030578613,1987200,0.0,0.0,0.0
2004-12-06,21.88888931274414,21.88888931274414,21.72222137451172,21.87444305419922,14.106048583984375,1561500,0.0,0.0,0.0
2004-12-07,21.833332061767578,21.833332061767578,21.456666946411133,21.538888931274414,13.889662742614746,2119500,0.0,0.0,0.0
2004-12-08,21.46666717529297,21.46666717529297,21.248889923095703,21.425556182861328,13.816580772399902,2682000,0.0,0.0,0.0
2004-12-09,21.05555534362793,21.195556640625,20.920000076293945,21.07666778564453,13.591594696044922,3485700,0.0,0.0,0.0
2004-12-10,20.899999618530273,21.072221755981445,20.80666732788086,21.05555534362793,13.57797622680664,2543400,0.0,0.0,0.0
2004-12-13,21.266666412353516,21.37555694580078,21.149999618530273,21.37555694580078,13.78433609008789,2016000,0.0,0.0,0.0
2004-12-14,21.441110610961914,21.58888816833496,21.41111183166504,21.572221755981445,13.911158561706543,2101500,0.0,0.0,0.0
2004-12-15,21.788888931274414,21.871110916137695,21.733333587646484,21.871110916137695,14.103898048400879,2272500,0.0,0.0,0.0
2004-12-16,21.925556182861328,21.925556182861328,21.60333251953125,21.761110305786133,14.03296947479248,1358100,0.0,0.0,0.0
2004-12-17,21.801111221313477,21.850000381469727,21.666667938232422,21.711111068725586,14.000727653503418,2043000,0.0,0.0,0.0
2004-12-20,21.94444465637207,21.996667861938477,21.7277774810791,21.994443893432617,14.183431625366211,1858500,0.0,0.0,0.0
2004-12-21,22.05555534362793,22.207778930664062,21.94444465637207,22.205556869506836,14.319571495056152,2205900,0.0,0.0,0.0
2004-12-22,22.229999542236328,22.266666412353516,22.1522216796875,22.200000762939453,14.315990447998047,3082500,0.0,0.0,0.0
2004-12-23,22.121110916137695,22.121110916137695,21.96444320678711,22.081111907958984,14.413394927978516,2463300,0.268111,0.0,0.0
2004-12-27,22.14444351196289,22.162221908569336,22.028888702392578,22.064443588256836,14.402512550354004,1151100,0.0,0.0,0.0
2004-12-28,22.170000076293945,22.218889236450195,22.151111602783203,22.17888832092285,14.477216720581055,1299600,0.0,0.0,0.0
2004-12-29,22.252222061157227,22.301111221313477,22.19444465637207,22.301111221313477,14.557000160217285,1217700,0.0,0.0,0.0
2004-12-30,22.36111068725586,22.378889083862305,22.231111526489258,22.244443893432617,14.520014762878418,2145600,0.0,0.0,0.0
2004-12-31,22.433332443237305,22.433332443237305,22.329999923706055,22.427778244018555,14.63968276977539,1507500,0.0,0.0,0.0
2005-01-03,22.41111183166504,22.494443893432617,22.15333366394043,22.19444465637207,14.487378120422363,4275000,0.0,0.0,0.0
2005-01-04,22.13888931274414,22.149999618530273,21.511110305786133,21.511110305786133,14.041327476501465,4205700,0.0,0.0,0.0
2005-01-05,21.488889694213867,21.530000686645508,21.244443893432617,21.247777938842773,13.869441986083984,3006900,0.0,0.0,0.0
2005-01-06,21.316667556762695,21.34666633605957,21.12555694580078,21.233333587646484,13.860010147094727,2268000,0.0,0.0,0.0
2005-01-07,21.377777099609375,21.41777801513672,21.166667938232422,21.274444580078125,13.88684368133545,4920300,0.0,0.0,0.0
2005-01-10,21.399999618530273,21.512222290039062,21.294443130493164,21.301111221313477,13.904252052307129,2007000,0.0,0.0,0.0
2005-01-11,21.399999618530273,21.405555725097656,21.22333335876465,21.261110305786133,13.878141403198242,2440800,0.0,0.0,0.0
2005-01-12,21.399999618530273,21.523332595825195,21.241111755371094,21.5222225189209,14.048578262329102,3574800,0.0,0.0,0.0
2005-01-13,21.587778091430664,21.600000381469727,21.416667938232422,21.433332443237305,13.990557670593262,2884500,0.0,0.0,0.0
2005-01-14,21.666667938232422,21.816667556762695,21.333332061767578,21.816667556762695,14.240777015686035,4399200,0.0,0.0,0.0
2005-01-18,21.804443359375,21.804443359375,21.649999618530273,21.77777862548828,14.215396881103516,2329200,0.0,0.0,0.0
2005-01-19,21.886667251586914,21.886667251586914,21.4777774810791,21.4777774810791,14.019573211669922,2631600,0.0,0.0,0.0
2005-01-20,21.5,21.524444580078125,21.211111068725586,21.211111068725586,13.845501899719238,4074300,0.0,0.0,0.0
2005-01-21,21.61111068725586,21.63888931274414,21.416667938232422,21.5,14.034076690673828,3189600,0.0,0.0,0.0
2005-01-24,21.76333236694336,21.766666412353516,21.445556640625,21.46666717529297,14.012317657470703,4424400,0.0,0.0,0.0
2005-01-25,21.61111068725586,21.788888931274414,21.58888816833496,21.66111183166504,14.139241218566895,2938500,0.0,0.0,0.0
2005-01-26,22.0,22.0,21.77777862548828,21.9777774810791,14.345940589904785,3998700,0.0,0.0,0.0
2005-01-27,21.98555564880371,22.02777862548828,21.92333221435547,21.998889923095703,14.35972785949707,2467800,0.0,0.0,0.0
2005-01-28,22.049999237060547,22.072221755981445,21.925556182861328,22.018888473510742,14.37277889251709,1911600,0.0,0.0,0.0
2005-01-31,22.22222137451172,22.416667938232422,22.217777252197266,22.308889389038086,14.5620756149292,3035700,0.0,0.0,0.0
2005-02-01,22.442222595214844,22.544443130493164,22.364444732666016,22.5,14.686823844909668,4391100,0.0,0.0,0.0
2005-02-02,22.502222061157227,22.57111167907715,22.44444465637207,22.57111167907715,14.733240127563477,2074500,0.0,0.0,0.0
2005-02-03,22.5,22.56999969482422,22.435556411743164,22.54777717590332,14.718009948730469,1639800,0.0,0.0,0.0
2005-02-04,22.681110382080078,22.933332443237305,22.622222900390625,22.899999618530273,14.947922706604004,2437200,0.0,0.0,0.0
2005-02-07,22.933332443237305,23.00777816772461,22.933332443237305,22.97222137451172,14.995062828063965,3883500,0.0,0.0,0.0
2005-02-08,23.016666412353516,23.049999237060547,22.935556411743164,23.016666412353516,15.024078369140625,3652200,0.0,0.0,0.0
2005-02-09,23.072221755981445,23.086666107177734,22.90999984741211,22.942222595214844,14.975483894348145,1933200,0.0,0.0,0.0
2005-02-10,22.86111068725586,23.054443359375,22.834444046020508,23.053333282470703,15.04801082611084,1835100,0.0,0.0,0.0
2005-02-11,23.102222442626953,23.386667251586914,23.011110305786133,23.27777862548828,15.194520950317383,3395700,0.0,0.0,0.0
2005-02-14,23.44444465637207,23.49222183227539,23.377777099609375,23.44444465637207,15.30331039428711,2181600,0.0,0.0,0.0
2005-02-15,23.516666412353516,23.61111068725586,23.422222137451172,23.5,15.339574813842773,2188800,0.0,0.0,0.0
2005-02-16,23.5,23.50777816772461,23.365556716918945,23.427778244018555,15.292428970336914,2810700,0.0,0.0,0.0
2005-02-17,23.516666412353516,23.54777717590332,23.38888931274414,23.38888931274414,15.267043113708496,2733300,0.0,0.0,0.0
2005-02-18,23.511110305786133,23.70888900756836,23.5,23.676666259765625,15.454890251159668,2485800,0.0,0.0,0.0
2005-02-22,23.799999237060547,23.933332443237305,23.544443130493164,23.59000015258789,15.398316383361816,3030300,0.0,0.0,0.0
2005-02-23,23.833332061767578,23.833332061767578,23.655555725097656,23.698888778686523,15.469395637512207,3665700,0.0,0.0,0.0
2005-02-24,23.955556869506836,24.106666564941406,23.816667556762695,24.066667556762695,15.709468841552734,4342500,0.0,0.0,0.0
2005-02-25,24.27777862548828,24.561111450195312,24.184444427490234,24.510000228881836,15.998847007751465,3551400,0.0,0.0,0.0
2005-02-28,24.72222137451172,24.725555419921875,24.364444732666016,24.468889236450195,15.972007751464844,3399300,0.0,0.0,0.0
2005-03-01,24.503332138061523,24.55555534362793,24.415555953979492,24.537778854370117,16.016983032226562,2586600,0.0,0.0,0.0
2005-03-02,24.334444046020508,24.363332748413086,24.11111068725586,24.133333206176758,15.752981185913086,4113900,0.0,0.0,0.0
2005-03-03,24.333332061767578,24.333332061767578,24.05555534362793,24.200000762939453,15.796500205993652,3303000,0.0,0.0,0.0
2005-03-04,24.441110610961914,24.54111099243164,24.39444351196289,24.488889694213867,15.985069274902344,2894400,0.0,0.0,0.0
2005-03-07,24.557777404785156,24.711111068725586,24.54777717590332,24.649999618530273,16.09023094177246,6369300,0.0,0.0,0.0
2005-03-08,24.666667938232422,24.666667938232422,24.457778930664062,24.462221145629883,15.967659950256348,4140000,0.0,0.0,0.0
2005-03-09,24.5,24.58888816833496,24.278888702392578,24.322221755981445,15.876275062561035,9405900,0.0,0.0,0.0
2005-03-10,24.166667938232422,24.27777862548828,24.03444480895996,24.08888816833496,15.723968505859375,6785100,0.0,0.0,0.0
2005-03-11,24.110000610351562,24.27777862548828,23.92333221435547,23.953332901000977,15.635488510131836,7883100,0.0,0.0,0.0
2005-03-14,23.889999389648438,24.016666412353516,23.677778244018555,23.770000457763672,15.515813827514648,5286600,0.0,0.0,0.0
2005-03-15,23.733333587646484,23.733333587646484,23.155555725097656,23.177778244018555,15.129241943359375,10213200,0.0,0.0,0.0
2005-03-16,23.05555534362793,23.275556564331055,22.891111373901367,22.981111526489258,15.000869750976562,9432900,0.0,0.0,0.0
2005-03-17,22.981111526489258,23.427778244018555,22.96555519104004,23.399999618530273,15.274295806884766,5334300,0.0,0.0,0.0
2005-03-18,23.55555534362793,23.55555534362793,23.22333335876465,23.294443130493164,15.205395698547363,3633300,0.0,0.0,0.0
2005-03-21,23.303333282470703,23.30666732788086,22.89444351196289,22.957778930664062,14.985638618469238,7577100,0.0,0.0,0.0
2005-03-22,22.922222137451172,23.21444320678711,22.467777252197266,22.53333282470703,14.708586692810059,9414000,0.0,0.0,0.0
2005-03-23,22.233333587646484,22.57666778564453,22.22222137451172,22.247777938842773,14.522187232971191,9893700,0.0,0.0,0.0
2005-03-24,22.333332061767578,22.61111068725586,22.22222137451172,22.22333335876465,14.506235122680664,7579800,0.0,0.0,0.0
2005-03-28,22.544443130493164,22.544443130493164,22.252222061157227,22.376667022705078,14.606321334838867,4377600,0.0,0.0,0.0
2005-03-29,22.288888931274414,22.288888931274414,21.761110305786133,21.79777717590332,14.228446006774902,9969300,0.0,0.0,0.0
2005-03-30,22.11111068725586,22.38888931274414,21.955556869506836,22.294443130493164,14.552644729614258,7332300,0.0,0.0,0.0
2005-03-31,22.23444366455078,22.61111068725586,22.23444366455078,22.53333282470703,14.708586692810059,8780400,0.0,0.0,0.0
2005-04-01,22.61111068725586,23.191110610961914,22.61111068725586,22.666667938232422,14.79561996459961,16286400,0.0,0.0,0.0
2005-04-04,22.761110305786133,22.761110305786133,22.45111083984375,22.71666717529297,14.828254699707031,6831000,0.0,0.0,0.0
2005-04-05,22.72222137451172,22.88888931274414,22.68666648864746,22.711111068725586,14.824627876281738,6283800,0.0,0.0,0.0
2005-04-06,22.88888931274414,23.287778854370117,22.88888931274414,23.0222225189209,15.027705192565918,7750800,0.0,0.0,0.0
2005-04-07,23.122222900390625,23.27777862548828,23.05555534362793,23.254444122314453,15.179286003112793,7542900,0.0,0.0,0.0
2005-04-08,23.200000762939453,23.225555419921875,23.10555648803711,23.14444351196289,15.107487678527832,4489200,0.0,0.0,0.0
2005-04-11,23.058889389038086,23.07666778564453,22.721111297607422,22.922222137451172,14.962424278259277,4360500,0.0,0.0,0.0
2005-04-12,22.922222137451172,23.211111068725586,22.566667556762695,23.211111068725586,15.151001930236816,9810000,0.0,0.0,0.0
2005-04-13,23.08888816833496,23.08888816833496,22.748889923095703,22.748889923095703,14.849287033081055,8005500,0.0,0.0,0.0
2005-04-14,22.666667938232422,22.666667938232422,22.14555549621582,22.166667938232422,14.469242095947266,11493000,0.0,0.0,0.0
2005-04-15,22.05555534362793,22.20111083984375,21.666667938232422,21.700000762939453,14.164626121520996,10748700,0.0,0.0,0.0
2005-04-18,21.55555534362793,21.956666946411133,21.530000686645508,21.956666946411133,14.33216667175293,8464500,0.0,0.0,0.0
2005-04-19,22.083332061767578,22.33222198486328,22.083332061767578,22.324443817138672,14.572229385375977,10558800,0.0,0.0,0.0
2005-04-20,22.344444274902344,22.344444274902344,21.79777717590332,21.79777717590332,14.228446006774902,5861700,0.0,0.0,0.0
2005-04-21,22.03333282470703,22.43666648864746,22.001110076904297,22.425556182861328,14.63823413848877,8097300,0.0,0.0,0.0
2005-04-22,22.35555648803711,22.382221221923828,22.0,22.177778244018555,14.476497650146484,3726900,0.0,0.0,0.0
2005-04-25,22.311111450195312,22.621110916137695,22.2722225189209,22.5977783203125,14.750650405883789,5287500,0.0,0.0,0.0
2005-04-26,22.44444465637207,22.586666107177734,22.307777404785156,22.366666793823242,14.59979248046875,7710300,0.0,0.0,0.0
2005-04-27,22.211111068725586,22.307777404785156,22.0222225189209,22.164443969726562,14.46778392791748,5884200,0.0,0.0,0.0
2005-04-28,22.05555534362793,22.05555534362793,21.770000457763672,21.811111450195312,14.237152099609375,5853600,0.0,0.0,0.0
2005-04-29,22.05555534362793,22.29777717590332,21.834444046020508,22.252222061157227,14.5250825881958,8967600,0.0,0.0,0.0
2005-05-02,22.36111068725586,22.666667938232422,22.22222137451172,22.399999618530273,14.62154769897461,8076600,0.0,0.0,0.0
2005-05-03,22.38888931274414,22.474443435668945,22.295555114746094,22.378889083862305,14.607770919799805,4197600,0.0,0.0,0.0
2005-05-04,22.44444465637207,23.06333351135254,22.44444465637207,22.988889694213867,15.005946159362793,13998600,0.0,0.0,0.0
2005-05-05,23.05555534362793,23.262222290039062,22.822221755981445,23.110000610351562,15.085005760192871,8592300,0.0,0.0,0.0
2005-05-06,23.077777862548828,23.261110305786133,23.077777862548828,23.172222137451172,15.1256103515625,5188500,0.0,0.0,0.0
2005-05-09,23.0,23.258888244628906,23.0,23.19333267211914,15.13939094543457,2353500,0.0,0.0,0.0
2005-05-10,22.91111183166504,22.98666763305664,22.666667938232422,22.672222137451172,14.79924201965332,11310300,0.0,0.0,0.0
2005-05-11,22.77777862548828,22.802221298217773,22.49333381652832,22.77777862548828,14.868144989013672,4614300,0.0,0.0,0.0
2005-05-12,22.7277774810791,22.788888931274414,22.333332061767578,22.38888931274414,14.614297866821289,7258500,0.0,0.0,0.0
2005-05-13,22.44444465637207,22.45111083984375,22.113332748413086,22.158889770507812,14.464164733886719,14046300,0.0,0.0,0.0
2005-05-16,22.27777862548828,22.422222137451172,22.149999618530273,22.422222137451172,14.636051177978516,6050700,0.0,0.0,0.0
2005-05-17,22.26555633544922,22.497777938842773,22.203332901000977,22.427778244018555,14.63968276977539,5792400,0.0,0.0,0.0
2005-05-18,22.5,23.0,22.5,22.87444305419922,14.931241035461426,9004500,0.0,0.0,0.0
2005-05-19,22.935556411743164,23.011110305786133,22.86111068725586,22.957778930664062,14.985638618469238,4374900,0.0,0.0,0.0
2005-05-20,22.871110916137695,22.91111183166504,22.729999542236328,22.899999618530273,14.947922706604004,3003300,0.0,0.0,0.0
2005-05-23,22.811111450195312,23.0222225189209,22.786666870117188,22.975555419921875,14.997246742248535,4296600,0.0,0.0,0.0
2005-05-24,22.863332748413086,22.908889770507812,22.822221755981445,22.908889770507812,14.953723907470703,2808000,0.0,0.0,0.0
2005-05-25,22.863332748413086,22.863332748413086,22.72222137451172,22.744443893432617,14.846381187438965,2107800,0.0,0.0,0.0
2005-05-26,22.86111068725586,23.054443359375,22.85555648803711,23.0,15.013198852539062,2253600,0.0,0.0,0.0
2005-05-27,23.100000381469727,23.185556411743164,23.051111221313477,23.155555725097656,15.114738464355469,1422900,0.0,0.0,0.0
2005-05-31,23.11111068725586,23.11111068725586,22.927778244018555,22.955556869506836,14.984187126159668,2979000,0.0,0.0,0.0
2005-06-01,22.88888931274414,23.244443893432617,22.87555694580078,23.226667404174805,15.16115665435791,12789000,0.0,0.0,0.0
2005-06-02,23.200000762939453,23.40999984741211,23.177778244018555,23.40333366394043,15.276472091674805,4039200,0.0,0.0,0.0
2005-06-03,23.40999984741211,23.498889923095703,23.239999771118164,23.282222747802734,15.197419166564941,5648400,0.0,0.0,0.0
2005-06-06,23.334444046020508,23.52111053466797,23.288888931274414,23.516666412353516,15.350452423095703,3159900,0.0,0.0,0.0
2005-06-07,23.468889236450195,23.615556716918945,23.366666793823242,23.399999618530273,15.274295806884766,5063400,0.0,0.0,0.0
2005-06-08,23.48444366455078,23.546667098999023,23.307777404785156,23.311111450195312,15.216270446777344,3300300,0.0,0.0,0.0
2005-06-09,23.299999237060547,23.700000762939453,23.136667251586914,23.433332443237305,15.29605484008789,2521200,0.0,3.0,0.0
2005-06-10,24.03333282470703,24.03333282470703,23.34000015258789,23.5,15.339574813842773,1604100,0.0,0.0,0.0
2005-06-13,23.53333282470703,23.666667938232422,23.433332443237305,23.593332290649414,15.400492668151855,2461200,0.0,0.0,0.0
2005-06-14,23.643333435058594,23.69333267211914,23.549999237060547,23.690000534057617,15.463595390319824,3508500,0.0,0.0,0.0
2005-06-15,23.690000534057617,23.866666793823242,23.610000610351562,23.866666793823242,15.578912734985352,4562400,0.0,0.0,0.0
2005-06-16,23.833332061767578,24.116666793823242,23.833332061767578,24.079999923706055,15.718164443969727,7155300,0.0,0.0,0.0
2005-06-17,24.133333206176758,24.393333435058594,24.133333206176758,24.3700008392334,15.90746784210205,9405000,0.0,0.0,0.0
2005-06-20,24.133333206176758,24.213333129882812,23.979999542236328,24.149999618530273,15.763858795166016,3104400,0.0,0.0,0.0
2005-06-21,24.100000381469727,24.100000381469727,24.0,24.03333282470703,15.687704086303711,1580100,0.0,0.0,0.0
2005-06-22,24.333332061767578,24.343332290649414,24.10333251953125,24.260000228881836,15.835659980773926,1702500,0.0,0.0,0.0
2005-06-23,24.266666412353516,24.266666412353516,23.803333282470703,23.833332061767578,15.557153701782227,3368400,0.0,0.0,0.0
2005-06-24,23.803333282470703,23.850000381469727,23.700000762939453,23.75,15.502758026123047,2401500,0.0,0.0,0.0
2005-06-27,23.77666664123535,24.03333282470703,23.703332901000977,23.899999618530273,15.600675582885742,2256000,0.0,0.0,0.0
2005-06-28,23.916667938232422,24.116666793823242,23.899999618530273,24.079999923706055,15.718164443969727,2268000,0.0,0.0,0.0
2005-06-29,24.133333206176758,24.133333206176758,23.906667709350586,23.940000534057617,15.626782417297363,2398800,0.0,0.0,0.0
2005-06-30,24.31333351135254,24.31333351135254,23.376667022705078,23.866666793823242,15.578912734985352,6049800,0.0,0.0,0.0
2005-07-01,24.079999923706055,24.10333251953125,23.883333206176758,23.953332901000977,15.635488510131836,3820200,0.0,0.0,0.0
2005-07-05,23.833332061767578,24.059999465942383,23.799999237060547,24.059999465942383,15.705113410949707,4650300,0.0,0.0,0.0
2005-07-06,23.809999465942383,24.066667556762695,23.809999465942383,23.94333267211914,15.628963470458984,3660600,0.0,0.0,0.0
2005-07-07,23.666667938232422,24.016666412353516,23.666667938232422,24.01333236694336,15.674652099609375,2380200,0.0,0.0,0.0
2005-07-08,24.03333282470703,24.280000686645508,24.01333236694336,24.26333236694336,15.837839126586914,3537300,0.0,0.0,0.0
2005-07-11,24.329999923706055,24.633333206176758,24.329999923706055,24.633333206176758,16.079357147216797,4310400,0.0,0.0,0.0
2005-07-12,24.733333587646484,24.963333129882812,24.67333221435547,24.926666259765625,16.270822525024414,2952900,0.0,0.0,0.0
2005-07-13,25.0,25.0,24.843332290649414,24.90999984741211,16.25994873046875,9842700,0.0,0.0,0.0
2005-07-14,25.333332061767578,25.333332061767578,25.003332138061523,25.053333282470703,16.353504180908203,9327300,0.0,0.0,0.0
2005-07-15,25.163333892822266,25.163333892822266,24.833332061767578,24.916667938232422,16.264297485351562,2388000,0.0,0.0,0.0
2005-07-18,24.916667938232422,24.916667938232422,24.766666412353516,24.84000015258789,16.214256286621094,3743100,0.0,0.0,0.0
2005-07-19,24.899999618530273,25.1299991607666,24.8700008392334,25.123332977294922,16.399202346801758,5014500,0.0,0.0,0.0
2005-07-20,25.083332061767578,25.183332443237305,24.950000762939453,25.126667022705078,16.4013729095459,5917800,0.0,0.0,0.0
2005-07-21,25.17333221435547,25.450000762939453,25.163333892822266,25.399999618530273,16.57979393005371,4680900,0.0,0.0,0.0
2005-07-22,25.399999618530273,25.40999984741211,25.309999465942383,25.34000015258789,16.54062843322754,2613000,0.0,0.0,0.0
2005-07-25,25.40999984741211,25.483333587646484,25.1200008392334,25.1200008392334,16.39702606201172,4800900,0.0,0.0,0.0
2005-07-26,25.18000030517578,25.26333236694336,25.020000457763672,25.26333236694336,16.490583419799805,5155800,0.0,0.0,0.0
2005-07-27,25.28333282470703,25.549999237060547,25.21666717529297,25.399999618530273,16.57979393005371,5392500,0.0,0.0,0.0
2005-07-28,25.5,25.799999237060547,25.483333587646484,25.71666717529297,16.786497116088867,7756800,0.0,0.0,0.0
2005-07-29,25.74333381652832,25.803333282470703,25.670000076293945,25.700000762939453,16.775619506835938,4639200,0.0,0.0,0.0
2005-08-01,25.899999618530273,26.1200008392334,25.899999618530273,26.1200008392334,17.049766540527344,5386200,0.0,0.0,0.0
2005-08-02,26.450000762939453,26.583332061767578,26.25,26.583332061767578,17.35220718383789,4568100,0.0,0.0,0.0
2005-08-03,26.600000381469727,26.623332977294922,26.3700008392334,26.516666412353516,17.308692932128906,3892500,0.0,0.0,0.0
2005-08-04,26.459999084472656,26.496667861938477,26.21666717529297,26.28333282470703,17.156389236450195,5318400,0.0,0.0,0.0
2005-08-05,26.280000686645508,26.28333282470703,25.67333221435547,25.799999237060547,16.840898513793945,7166400,0.0,0.0,0.0
2005-08-08,25.816667556762695,26.133333206176758,25.816667556762695,25.976667404174805,16.95621109008789,6216900,0.0,0.0,0.0
2005-08-09,26.03333282470703,26.530000686645508,26.03333282470703,26.5,17.29782485961914,3804600,0.0,0.0,0.0
2005-08-10,26.790000915527344,26.926666259765625,26.553333282470703,26.78333282470703,17.482757568359375,6550200,0.0,0.0,0.0
2005-08-11,26.850000381469727,26.850000381469727,26.503332138061523,26.633333206176758,17.384845733642578,4969200,0.0,0.0,0.0
2005-08-12,26.600000381469727,26.600000381469727,26.083332061767578,26.350000381469727,17.19990348815918,4800600,0.0,0.0,0.0
2005-08-15,26.5,26.59666633605957,26.373332977294922,26.53333282470703,17.31957244873047,4788300,0.0,0.0,0.0
2005-08-16,26.52666664123535,26.530000686645508,26.073333740234375,26.073333740234375,17.019309997558594,4863300,0.0,0.0,0.0
2005-08-17,26.156667709350586,26.213333129882812,26.0,26.09000015258789,17.030189514160156,5755200,0.0,0.0,0.0
2005-08-18,25.75,25.816667556762695,25.553333282470703,25.610000610351562,16.71686553955078,7233000,0.0,0.0,0.0
2005-08-19,25.733333587646484,25.766666412353516,25.46666717529297,25.510000228881836,16.651596069335938,3652200,0.0,0.0,0.0
2005-08-22,25.916667938232422,26.100000381469727,25.75,25.82666778564453,16.858299255371094,6493500,0.0,0.0,0.0
2005-08-23,25.82666778564453,25.82666778564453,25.566667556762695,25.583332061767578,16.699462890625,8372100,0.0,0.0,0.0
2005-08-24,25.613332748413086,25.613332748413086,25.25,25.25,16.481887817382812,6586500,0.0,0.0,0.0
2005-08-25,25.46666717529297,25.633333206176758,25.3700008392334,25.53333282470703,16.666818618774414,5783700,0.0,0.0,0.0
2005-08-26,25.636667251586914,25.666667938232422,25.413333892822266,25.5,16.645065307617188,6064800,0.0,0.0,0.0
2005-08-29,25.446666717529297,25.78333282470703,25.3799991607666,25.780000686645508,16.827835083007812,6831300,0.0,0.0,0.0
2005-08-30,25.76333236694336,25.766666412353516,25.510000228881836,25.510000228881836,16.651596069335938,7609500,0.0,0.0,0.0
2005-08-31,25.666667938232422,26.05666732788086,25.666667938232422,26.040000915527344,16.99755096435547,5673000,0.0,0.0,0.0
2005-09-01,26.166667938232422,26.43666648864746,26.166667938232422,26.399999618530273,17.232540130615234,3919800,0.0,0.0,0.0
2005-09-02,26.450000762939453,26.666667938232422,26.450000762939453,26.633333206176758,17.384845733642578,3695100,0.0,0.0,0.0
2005-09-06,26.833332061767578,27.049999237060547,26.73666763305664,26.96666717529297,17.602426528930664,5546700,0.0,0.0,0.0
2005-09-07,27.100000381469727,27.100000381469727,26.84000015258789,27.0,17.624183654785156,5695800,0.0,0.0,0.0
2005-09-08,26.703332901000977,27.046667098999023,26.703332901000977,26.956666946411133,17.595901489257812,3900600,0.0,0.0,0.0
2005-09-09,27.049999237060547,27.40333366394043,27.049999237060547,27.35333251953125,17.854820251464844,4093800,0.0,0.0,0.0
2005-09-12,27.666667938232422,27.666667938232422,27.286666870117188,27.31333351135254,17.828718185424805,3704400,0.0,0.0,0.0
2005-09-13,27.10333251953125,27.290000915527344,26.989999771118164,27.00666618347168,17.6285400390625,3419400,0.0,0.0,0.0
2005-09-14,27.133333206176758,27.133333206176758,26.833332061767578,26.90999984741211,17.565441131591797,4386000,0.0,0.0,0.0
2005-09-15,27.166667938232422,27.19333267211914,27.053333282470703,27.066667556762695,17.667705535888672,3421800,0.0,0.0,0.0
2005-09-16,27.23666763305664,27.489999771118164,27.23666763305664,27.483333587646484,17.939687728881836,2344200,0.0,0.0,0.0
2005-09-19,27.566667556762695,27.583332061767578,27.40999984741211,27.44333267211914,17.913572311401367,2944200,0.0,0.0,0.0
2005-09-20,27.700000762939453,27.74333381652832,27.433332443237305,27.516666412353516,17.961442947387695,5556900,0.0,0.0,0.0
2005-09-21,27.790000915527344,27.799999237060547,27.25,27.77666664123535,18.131160736083984,7039500,0.0,0.0,0.0
2005-09-22,28.01333236694336,28.01333236694336,27.303333282470703,27.5,17.950563430786133,13828800,0.0,0.0,0.0
2005-09-23,27.399999618530273,27.52666664123535,27.270000457763672,27.476667404174805,17.935335159301758,3488400,0.0,0.0,0.0
2005-09-26,27.43666648864746,27.760000228881836,27.43666648864746,27.719999313354492,18.094167709350586,5961300,0.0,0.0,0.0
2005-09-27,27.75,27.75,27.49333381652832,27.536666870117188,17.97449493408203,5322000,0.0,0.0,0.0
2005-09-28,27.676666259765625,27.860000610351562,27.649999618530273,27.850000381469727,18.17902374267578,2720400,0.0,0.0,0.0
2005-09-29,28.0,28.3799991607666,27.866666793823242,28.34000015258789,18.49886703491211,5568300,0.0,0.0,0.0
2005-09-30,28.32666778564453,28.333332061767578,28.15333366394043,28.293333053588867,18.468412399291992,5457600,0.0,0.0,0.0
2005-10-03,28.416667938232422,28.540000915527344,28.293333053588867,28.47333335876465,18.58590316772461,11126100,0.0,0.0,0.0
2005-10-04,28.633333206176758,28.639999389648438,28.1200008392334,28.206666946411133,18.411836624145508,5229600,0.0,0.0,0.0
2005-10-05,28.0,28.43666648864746,27.333332061767578,27.350000381469727,17.852649688720703,9299700,0.0,0.0,0.0
2005-10-06,27.170000076293945,27.170000076293945,26.126667022705078,26.393333435058594,17.228193283081055,16650600,0.0,0.0,0.0
2005-10-07,26.666667938232422,27.15999984741211,26.666667938232422,27.046667098999023,17.65464973449707,11688900,0.0,0.0,0.0
2005-10-10,27.06999969482422,27.49333381652832,26.93000030517578,26.956666946411133,17.595901489257812,6595500,0.0,0.0,0.0
2005-10-11,27.333332061767578,27.46666717529297,27.003332138061523,27.073333740234375,17.672056198120117,7642500,0.0,0.0,0.0
2005-10-12,26.96666717529297,27.03333282470703,26.149999618530273,26.24333381652832,17.13027572631836,18120300,0.0,0.0,0.0
2005-10-13,25.96666717529297,26.100000381469727,25.53333282470703,26.079999923706055,17.023658752441406,10996200,0.0,0.0,0.0
2005-10-14,26.163333892822266,26.183332443237305,25.516666412353516,25.979999542236328,16.958383560180664,8911800,0.0,0.0,0.0
2005-10-17,26.016666412353516,26.433332443237305,26.016666412353516,26.266666412353516,17.145509719848633,10719000,0.0,0.0,0.0
2005-10-18,26.290000915527344,26.290000915527344,25.600000381469727,25.600000381469727,16.710344314575195,7567500,0.0,0.0,0.0
2005-10-19,25.083332061767578,26.143333435058594,25.01333236694336,26.100000381469727,17.036718368530273,15258000,0.0,0.0,0.0
2005-10-20,26.066667556762695,26.229999542236328,24.950000762939453,25.049999237060547,16.351335525512695,8560800,0.0,0.0,0.0
2005-10-21,25.416667938232422,25.78333282470703,25.299999237060547,25.71666717529297,16.786497116088867,5144700,0.0,0.0,0.0
2005-10-24,25.833332061767578,26.433332443237305,25.799999237060547,26.40999984741211,17.23906707763672,11245800,0.0,0.0,0.0
2005-10-25,26.333332061767578,26.366666793823242,25.753332138061523,25.889999389648438,16.899639129638672,8218500,0.0,0.0,0.0
2005-10-26,26.270000457763672,26.363332748413086,25.553333282470703,25.983333587646484,16.960561752319336,6779400,0.0,0.0,0.0
2005-10-27,26.03333282470703,26.066667556762695,25.299999237060547,25.366666793823242,16.558034896850586,8886000,0.0,0.0,0.0
2005-10-28,25.616666793823242,26.059999465942383,25.46666717529297,26.03333282470703,16.993200302124023,12135300,0.0,0.0,0.0
2005-10-31,26.149999618530273,26.733333587646484,26.149999618530273,26.5,17.29782485961914,15594000,0.0,0.0,0.0
2005-11-01,26.549999237060547,26.99333381652832,26.549999237060547,26.96666717529297,17.602426528930664,12283800,0.0,0.0,0.0
2005-11-02,27.0,27.483333587646484,26.950000762939453,27.383333206176758,17.874406814575195,8200500,0.0,0.0,0.0
2005-11-03,27.5,27.78333282470703,27.333332061767578,27.413333892822266,17.893991470336914,11960400,0.0,0.0,0.0
2005-11-04,27.49333381652832,27.49333381652832,26.850000381469727,27.356666564941406,17.85700225830078,7893600,0.0,0.0,0.0
2005-11-07,27.366666793823242,27.383333206176758,27.03333282470703,27.376667022705078,17.87005615234375,4339200,0.0,0.0,0.0
2005-11-08,26.98666763305664,27.293333053588867,26.950000762939453,27.1200008392334,17.7025203704834,5464500,0.0,0.0,0.0
2005-11-09,27.133333206176758,27.56333351135254,27.086666107177734,27.52666664123535,17.967967987060547,6615600,0.0,0.0,0.0
2005-11-10,27.5,27.616666793823242,27.116666793823242,27.56999969482422,17.99625587463379,10086300,0.0,0.0,0.0
2005-11-11,27.566667556762695,27.656667709350586,27.433332443237305,27.6299991607666,18.03542137145996,3302100,0.0,0.0,0.0
2005-11-14,27.530000686645508,27.579999923706055,27.270000457763672,27.55666732788086,17.987558364868164,3023100,0.0,0.0,0.0
2005-11-15,27.536666870117188,27.663333892822266,27.30666732788086,27.399999618530273,17.885286331176758,6796800,0.0,0.0,0.0
2005-11-16,27.48666763305664,27.633333206176758,27.303333282470703,27.633333206176758,18.037595748901367,5853900,0.0,0.0,0.0
2005-11-17,27.833332061767578,28.126667022705078,27.80666732788086,28.040000915527344,18.30304718017578,10072200,0.0,0.0,0.0
2005-11-18,28.066667556762695,28.356666564941406,27.933332443237305,28.116666793823242,18.35308837890625,9530400,0.0,0.0,0.0
2005-11-21,28.136667251586914,28.233333587646484,27.959999084472656,28.133333206176758,18.363969802856445,7098000,0.0,0.0,0.0
2005-11-22,27.71666717529297,28.133333206176758,27.6299991607666,28.1200008392334,18.355266571044922,4916400,0.0,0.0,0.0
2005-11-23,28.200000762939453,28.549999237060547,28.166667938232422,28.416667938232422,18.548913955688477,5970300,0.0,0.0,0.0
2005-11-25,28.43000030517578,28.483333587646484,28.366666793823242,28.39666748046875,18.53586196899414,1453200,0.0,0.0,0.0
2005-11-28,28.459999084472656,28.57666778564453,28.149999618530273,28.21666717529297,18.418373107910156,6867300,0.0,0.0,0.0
2005-11-29,28.333332061767578,28.446666717529297,27.959999084472656,27.96666717529297,18.255178451538086,9563100,0.0,0.0,0.0
2005-11-30,28.020000457763672,28.28333282470703,28.020000457763672,28.03333282470703,18.298696517944336,7608600,0.0,0.0,0.0
2005-12-01,28.28333282470703,28.833332061767578,28.28333282470703,28.766666412353516,18.777376174926758,7673100,0.0,0.0,0.0
2005-12-02,28.81333351135254,28.96666717529297,28.706666946411133,28.733333587646484,18.755619049072266,7122000,0.0,0.0,0.0
2005-12-05,28.99333381652832,29.016666412353516,28.766666412353516,28.96666717529297,18.907926559448242,4209300,0.0,0.0,0.0
2005-12-06,29.149999618530273,29.350000381469727,29.083332061767578,29.233333587646484,19.08199119567871,6533400,0.0,0.0,0.0
2005-12-07,29.43000030517578,29.46666717529297,28.893333435058594,28.956666946411133,18.90140151977539,7268400,0.0,0.0,0.0
2005-12-08,28.799999237060547,29.059999465942383,28.666667938232422,28.739999771118164,18.75997543334961,6384000,0.0,0.0,0.0
2005-12-09,28.829999923706055,29.053333282470703,28.75,29.03333282470703,18.951440811157227,2322900,0.0,0.0,0.0
2005-12-12,29.07666778564453,29.446666717529297,29.07666778564453,29.200000762939453,19.060232162475586,4220400,0.0,0.0,0.0
2005-12-13,29.366666793823242,29.610000610351562,29.136667251586914,29.583332061767578,19.310453414916992,9045000,0.0,0.0,0.0
2005-12-14,29.600000381469727,29.600000381469727,29.260000228881836,29.386667251586914,19.18208122253418,6297600,0.0,0.0,0.0
2005-12-15,29.583332061767578,29.583332061767578,29.183332443237305,29.266666412353516,19.10375213623047,6546900,0.0,0.0,0.0
2005-12-16,29.166667938232422,29.333332061767578,29.15999984741211,29.166667938232422,19.03848648071289,4561200,0.0,0.0,0.0
2005-12-19,29.416667938232422,29.51333236694336,29.083332061767578,29.100000381469727,18.994956970214844,8100000,0.0,0.0,0.0
2005-12-20,29.333332061767578,29.399999618530273,29.166667938232422,29.350000381469727,19.158145904541016,4222200,0.0,0.0,0.0
2005-12-21,29.566667556762695,29.850000381469727,29.46666717529297,29.82666778564453,19.46929168701172,9747900,0.0,0.0,0.0
2005-12-22,29.780000686645508,29.96666717529297,29.71666717529297,29.833332061767578,19.4736385345459,5450700,0.0,0.0,0.0
2005-12-23,29.633333206176758,29.770000457763672,29.53333282470703,29.68000030517578,19.58980369567871,2106000,0.329333,0.0,0.0
2005-12-27,29.53333282470703,30.0,29.350000381469727,29.350000381469727,19.37199592590332,3692400,0.0,0.0,0.0
2005-12-28,29.5,29.5,29.299999237060547,29.43000030517578,19.42479705810547,3779100,0.0,0.0,0.0
2005-12-29,29.643333435058594,29.643333435058594,29.416667938232422,29.433332443237305,19.426998138427734,4242300,0.0,0.0,0.0
2005-12-30,29.433332443237305,29.52666664123535,29.083332061767578,29.416667938232422,19.415996551513672,5410500,0.0,0.0,0.0
2006-01-03,30.059999465942383,30.583332061767578,30.0,30.516666412353516,20.14203643798828,20919600,0.0,0.0,0.0
2006-01-04,30.666667938232422,30.886667251586914,30.666667938232422,30.793333053588867,20.32463836669922,9089400,0.0,0.0,0.0
2006-01-05,30.639999389648438,30.950000762939453,30.639999389648438,30.950000762939453,20.428050994873047,4833600,0.0,0.0,0.0
2006-01-06,31.350000381469727,31.656667709350586,31.116666793823242,31.59666633605957,20.854867935180664,6328800,0.0,0.0,0.0
2006-01-09,31.833332061767578,31.969999313354492,31.483333587646484,31.906667709350586,21.059486389160156,6943800,0.0,0.0,0.0
2006-01-10,31.593332290649414,31.666667938232422,31.260000228881836,31.523332595825195,20.80647850036621,6392700,0.0,0.0,0.0
2006-01-11,31.600000381469727,31.89666748046875,31.333332061767578,31.893333435058594,21.050682067871094,7186200,0.0,0.0,0.0
2006-01-12,31.96666717529297,31.96666717529297,31.40333366394043,31.450000762939453,20.758066177368164,8059500,0.0,0.0,0.0
2006-01-13,31.53333282470703,31.649999618530273,31.383333206176758,31.483333587646484,20.780073165893555,5502300,0.0,0.0,0.0
2006-01-17,31.15999984741211,31.333332061767578,30.836666107177734,30.933332443237305,20.417041778564453,16205700,0.0,0.0,0.0
2006-01-18,30.416667938232422,31.229999542236328,30.413333892822266,30.916667938232422,20.406049728393555,16159200,0.0,0.0,0.0
2006-01-19,31.333332061767578,31.959999084472656,31.333332061767578,31.916667938232422,21.066083908081055,13730700,0.0,0.0,0.0
2006-01-20,31.959999084472656,32.116668701171875,30.96666717529297,30.96666717529297,20.439050674438477,17342400,0.0,0.0,0.0
2006-01-23,31.34000015258789,31.866666793823242,31.266666412353516,31.866666793823242,21.033077239990234,13689900,0.0,0.0,0.0
2006-01-24,31.803333282470703,32.369998931884766,31.803333282470703,32.366668701171875,21.363101959228516,10876500,0.0,0.0,0.0
2006-01-25,32.68000030517578,32.779998779296875,32.25,32.383331298828125,21.374095916748047,7494300,0.0,0.0,0.0
2006-01-26,32.573333740234375,33.150001525878906,32.563331604003906,33.150001525878906,21.880123138427734,7874700,0.0,0.0,0.0
2006-01-27,33.33333206176758,33.79666519165039,33.206668853759766,33.529998779296875,22.130931854248047,11523600,0.0,0.0,0.0
2006-01-30,33.233333587646484,33.483333587646484,33.233333587646484,33.37333297729492,22.02753257751465,8699400,0.0,0.0,0.0
2006-01-31,33.43333435058594,33.630001068115234,33.16999816894531,33.59333419799805,22.17273712158203,10566900,0.0,0.0,0.0
2006-02-01,33.633331298828125,33.66666793823242,33.38666534423828,33.57666778564453,22.16173553466797,9951600,0.0,0.0,0.0
2006-02-02,33.349998474121094,33.38999938964844,32.51333236694336,32.71333312988281,21.591909408569336,14202900,0.0,0.0,0.0
2006-02-03,32.16666793823242,32.71333312988281,31.899999618530273,32.266666412353516,21.29709815979004,13244400,0.0,0.0,0.0
2006-02-06,32.793331146240234,33.03333282470703,32.59000015258789,33.03333282470703,21.803117752075195,7114500,0.0,0.0,0.0
2006-02-07,32.66666793823242,32.79999923706055,32.0533332824707,32.16666793823242,21.231094360351562,12815700,0.0,0.0,0.0
2006-02-08,31.84000015258789,32.46333312988281,31.84000015258789,32.266666412353516,21.29709815979004,13062600,0.0,0.0,0.0
2006-02-09,32.5,32.779998779296875,32.31666564941406,32.349998474121094,21.352088928222656,9540600,0.0,0.0,0.0
2006-02-10,32.70000076293945,32.70000076293945,31.963333129882812,32.29999923706055,21.319089889526367,10590300,0.0,0.0,0.0
2006-02-13,32.03333282470703,32.106666564941406,31.5,31.503332138061523,20.79326820373535,13001100,0.0,0.0,0.0
2006-02-14,31.809999465942383,32.33333206176758,31.399999618530273,32.29999923706055,21.319089889526367,14792700,0.0,0.0,0.0
2006-02-15,32.233333587646484,32.66666793823242,31.836666107177734,32.133331298828125,21.209089279174805,18738600,0.0,0.0,0.0
2006-02-16,32.46333312988281,32.973331451416016,32.33333206176758,32.96666717529297,21.759122848510742,10565400,0.0,0.0,0.0
2006-02-17,32.970001220703125,33.060001373291016,32.83333206176758,32.92333221435547,21.730514526367188,6347700,0.0,0.0,0.0
2006-02-21,33.25,33.25,32.633331298828125,32.633331298828125,21.539100646972656,9556800,0.0,0.0,0.0
2006-02-22,32.9033317565918,33.06999969482422,32.65999984741211,32.810001373291016,21.65571403503418,8539200,0.0,0.0,0.0
2006-02-23,33.02333450317383,33.06666564941406,32.720001220703125,32.79999923706055,21.64910888671875,8505900,0.0,0.0,0.0
2006-02-24,32.883331298828125,33.04999923706055,32.79999923706055,32.86333465576172,21.690914154052734,7235700,0.0,0.0,0.0
2006-02-27,33.189998626708984,33.27333450317383,32.90666580200195,33.163333892822266,21.88892364501953,5115000,0.0,0.0,0.0
2006-02-28,33.05666732788086,33.05666732788086,32.233333587646484,32.29999923706055,21.319089889526367,20988300,0.0,0.0,0.0
2006-03-01,32.630001068115234,33.606666564941406,32.43000030517578,33.19333267211914,21.90872573852539,9530100,0.0,0.0,0.0
2006-03-02,33.086666107177734,33.25,32.93000030517578,33.220001220703125,21.926321029663086,10189200,0.0,0.0,0.0
2006-03-03,32.823333740234375,33.06666564941406,32.63666534423828,32.66666793823242,21.56110954284668,15171600,0.0,0.0,0.0
2006-03-06,32.93333435058594,32.93333435058594,32.06999969482422,32.16666793823242,21.231094360351562,13545300,0.0,0.0,0.0
2006-03-07,31.613332748413086,31.649999618530273,30.883333206176758,31.03333282470703,20.483055114746094,32533800,0.0,0.0,0.0
2006-03-08,31.030000686645508,31.270000457763672,30.5,31.21666717529297,20.604053497314453,32375100,0.0,0.0,0.0
2006-03-09,31.399999618530273,31.683332443237305,30.799999237060547,30.899999618530273,20.39504623413086,20971200,0.0,0.0,0.0
2006-03-10,31.483333587646484,31.663333892822266,30.996667861938477,31.549999237060547,20.824073791503906,18543600,0.0,0.0,0.0
2006-03-13,31.64666748046875,31.96666717529297,31.489999771118164,31.516666412353516,20.802066802978516,19936800,0.0,0.0,0.0
2006-03-14,31.440000534057617,32.5,31.440000534057617,32.5,21.45110511779785,20653200,0.0,0.0,0.0
2006-03-15,32.4033317565918,32.87666702270508,32.356666564941406,32.87666702270508,21.699716567993164,14973900,0.0,0.0,0.0
2006-03-16,32.86333465576172,32.893333435058594,32.56666564941406,32.58333206176758,21.506105422973633,17170200,0.0,0.0,0.0
2006-03-17,32.813331604003906,33.18000030517578,32.60333251953125,32.813331604003906,21.657913208007812,5374200,0.0,0.0,0.0
2006-03-20,32.956668853759766,33.143333435058594,32.813331604003906,33.0,21.78112030029297,8230200,0.0,0.0,0.0
2006-03-21,32.996665954589844,32.996665954589844,32.16666793823242,32.33333206176758,21.341096878051758,17346300,0.0,0.0,0.0
2006-03-22,32.063331604003906,32.766666412353516,32.063331604003906,32.689998626708984,21.576509475708008,11249100,0.0,0.0,0.0
2006-03-23,32.689998626708984,32.87666702270508,32.36333465576172,32.38666534423828,21.37630271911621,10087200,0.0,0.0,0.0
2006-03-24,32.31666564941406,32.90999984741211,32.31666564941406,32.66666793823242,21.56110954284668,7353900,0.0,0.0,0.0
2006-03-27,32.66666793823242,32.913333892822266,32.56666564941406,32.866668701171875,21.693113327026367,7625100,0.0,0.0,0.0
2006-03-28,32.56666564941406,32.766666412353516,32.16999816894531,32.266666412353516,21.29709815979004,15700200,0.0,0.0,0.0
2006-03-29,32.5099983215332,32.92333221435547,32.29999923706055,32.883331298828125,21.70411491394043,11307600,0.0,0.0,0.0
2006-03-30,32.91666793823242,33.46333312988281,32.733333587646484,33.04999923706055,21.814119338989258,16846200,0.0,0.0,0.0
2006-03-31,33.19333267211914,33.47999954223633,32.83333206176758,33.0,21.78112030029297,18236100,0.0,0.0,0.0
2006-04-03,33.426666259765625,34.06666564941406,33.41666793823242,33.93333435058594,22.397151947021484,17877300,0.0,0.0,0.0
2006-04-04,34.24333190917969,34.24333190917969,33.849998474121094,34.133331298828125,22.529157638549805,12881400,0.0,0.0,0.0
2006-04-05,34.1966667175293,34.483333587646484,34.133331298828125,34.483333587646484,22.760169982910156,12655500,0.0,0.0,0.0
2006-04-06,34.369998931884766,34.53333282470703,33.93333435058594,34.30666732788086,22.64356231689453,21627900,0.0,0.0,0.0
2006-04-07,34.41666793823242,34.5,33.70000076293945,33.78333282470703,22.298141479492188,12541200,0.0,0.0,0.0
2006-04-10,33.93333435058594,34.266666412353516,33.630001068115234,33.66666793823242,22.221145629882812,10635600,0.0,0.0,0.0
2006-04-11,34.08000183105469,34.08000183105469,33.33333206176758,33.380001068115234,22.03192901611328,17663700,0.0,0.0,0.0
2006-04-12,33.41999816894531,33.599998474121094,33.366668701171875,33.573333740234375,22.15953826904297,7422600,0.0,0.0,0.0
2006-04-13,33.849998474121094,33.849998474121094,33.383331298828125,33.733333587646484,22.26514434814453,9084900,0.0,0.0,0.0
2006-04-17,33.959999084472656,34.276668548583984,33.939998626708984,34.133331298828125,22.529157638549805,12517500,0.0,0.0,0.0
2006-04-18,34.59333419799805,35.293331146240234,34.48666763305664,35.266666412353516,23.27719497680664,22776900,0.0,0.0,0.0
2006-04-19,35.32666778564453,35.516666412353516,34.983333587646484,35.483333587646484,23.420202255249023,11622600,0.0,0.0,0.0
2006-04-20,35.663333892822266,35.66666793823242,35.026668548583984,35.356666564941406,23.33660316467285,12247800,0.0,0.0,0.0
2006-04-21,35.99333190917969,35.99333190917969,35.383331298828125,35.633331298828125,23.519210815429688,7167600,0.0,0.0,0.0
2006-04-24,35.4900016784668,35.4900016784668,34.91666793823242,35.16666793823242,23.211198806762695,9843000,0.0,0.0,0.0
2006-04-25,35.043331146240234,35.31999969482422,34.633331298828125,34.68333435058594,22.892175674438477,12576600,0.0,0.0,0.0
2006-04-26,35.01333236694336,35.41666793823242,34.95000076293945,35.366668701171875,23.34319305419922,10150200,0.0,0.0,0.0
2006-04-27,34.66666793823242,35.233333587646484,34.61333465576172,34.810001373291016,22.975780487060547,12132900,0.0,0.0,0.0
2006-04-28,34.883331298828125,35.20333480834961,34.733333587646484,35.150001525878906,23.2001895904541,8287500,0.0,0.0,0.0
2006-05-01,35.313331604003906,35.540000915527344,35.133331298828125,35.13999938964844,23.193586349487305,7207500,0.0,0.0,0.0
2006-05-02,35.5,35.82666778564453,35.33333206176758,35.7599983215332,23.602811813354492,8359800,0.0,0.0,0.0
2006-05-03,35.96333312988281,35.983333587646484,35.53666687011719,35.79999923706055,23.62921714782715,9237600,0.0,0.0,0.0
2006-05-04,35.866668701171875,36.33000183105469,35.866668701171875,36.150001525878906,23.860219955444336,8972700,0.0,0.0,0.0
2006-05-05,36.4033317565918,36.733333587646484,36.383331298828125,36.733333587646484,24.245243072509766,9864600,0.0,0.0,0.0
2006-05-08,36.7400016784668,37.08333206176758,36.733333587646484,37.0,24.421247482299805,9239700,0.0,0.0,0.0
2006-05-09,36.900001525878906,37.07666778564453,36.81999969482422,37.03333282470703,24.443256378173828,4636500,0.0,0.0,0.0
2006-05-10,37.0533332824707,37.0533332824707,36.50666809082031,36.633331298828125,24.179241180419922,11206200,0.0,0.0,0.0
2006-05-11,36.72999954223633,36.733333587646484,35.689998626708984,35.70000076293945,23.56321144104004,17960100,0.0,0.0,0.0
2006-05-12,35.599998474121094,35.630001068115234,34.616668701171875,34.766666412353516,22.947174072265625,22257600,0.0,0.0,0.0
2006-05-15,34.33333206176758,34.33333206176758,32.746665954589844,33.93333435058594,22.397151947021484,24311100,0.0,0.0,0.0
2006-05-16,33.93333435058594,34.383331298828125,33.883331298828125,34.10333251953125,22.509357452392578,15832800,0.0,0.0,0.0
2006-05-17,33.516666412353516,34.16666793823242,32.79999923706055,32.93333435058594,21.737117767333984,30187800,0.0,0.0,0.0
2006-05-18,33.13999938964844,33.34333419799805,32.16666793823242,32.29999923706055,21.319089889526367,28706100,0.0,0.0,0.0
2006-05-19,32.753334045410156,32.996665954589844,31.899999618530273,32.996665954589844,21.778919219970703,27077400,0.0,0.0,0.0
2006-05-22,31.666667938232422,31.69333267211914,30.833332061767578,31.44333267211914,20.7536678314209,36723000,0.0,0.0,0.0
2006-05-23,32.0966682434082,32.599998474121094,31.03333282470703,31.100000381469727,20.527053833007812,23924100,0.0,0.0,0.0
2006-05-24,31.39666748046875,31.616666793823242,30.21666717529297,30.883333206176758,20.384052276611328,40896900,0.0,0.0,0.0
2006-05-25,31.30666732788086,32.66666793823242,31.273332595825195,32.1966667175293,21.25088882446289,27125400,0.0,0.0,0.0
2006-05-26,32.41666793823242,32.43333435058594,31.636667251586914,32.099998474121094,21.187091827392578,21078600,0.0,0.0,0.0
2006-05-30,31.950000762939453,31.96666717529297,30.636667251586914,30.71666717529297,20.274044036865234,21595500,0.0,0.0,0.0
2006-05-31,31.0,31.53333282470703,30.816667556762695,31.233333587646484,20.615062713623047,21795000,0.0,0.0,0.0
2006-06-01,31.309999465942383,31.933332443237305,31.0,31.873332977294922,21.037479400634766,21657900,0.0,0.0,0.0
2006-06-02,32.33333206176758,32.52333450317383,31.78333282470703,32.20000076293945,21.253093719482422,21639000,0.0,0.0,0.0
2006-06-05,31.876667022705078,32.0,30.829999923706055,30.833332061767578,20.351037979125977,21981600,0.0,0.0,0.0
2006-06-06,31.03333282470703,31.06333351135254,29.700000762939453,30.606666564941406,20.20143699645996,32128500,0.0,0.0,0.0
2006-06-07,30.35333251953125,30.96666717529297,29.899999618530273,29.933332443237305,19.75701332092285,25623900,0.0,0.0,0.0
2006-06-08,29.18666648864746,29.549999237060547,28.299999237060547,29.399999618530273,19.40499496459961,53812500,0.0,0.0,0.0
2006-06-09,29.690000534057617,29.863332748413086,28.93000030517578,29.016666412353516,19.15198516845703,17875800,0.0,0.0,0.0
2006-06-12,29.016666412353516,29.143333435058594,27.93666648864746,27.93666648864746,18.43915367126465,23369400,0.0,0.0,0.0
2006-06-13,27.366666793823242,27.886667251586914,27.116666793823242,27.316667556762695,18.029932022094727,39589800,0.0,0.0,0.0
2006-06-14,27.719999313354492,28.100000381469727,27.366666793823242,28.100000381469727,18.546951293945312,36358200,0.0,0.0,0.0
2006-06-15,28.68666648864746,29.753332138061523,28.666667938232422,29.73666763305664,19.62721061706543,41565600,0.0,0.0,0.0
2006-06-16,29.479999542236328,29.799999237060547,29.100000381469727,29.566667556762695,19.514997482299805,28824000,0.0,0.0,0.0
2006-06-19,29.616666793823242,29.666667938232422,28.46666717529297,28.46666717529297,18.78896141052246,20487600,0.0,0.0,0.0
2006-06-20,28.733333587646484,29.116666793823242,28.600000381469727,28.816667556762695,19.019983291625977,19972800,0.0,0.0,0.0
2006-06-21,28.780000686645508,29.860000610351562,28.73666763305664,29.75,19.63600730895996,21750900,0.0,0.0,0.0
2006-06-22,29.583332061767578,29.583332061767578,29.003332138061523,29.21666717529297,19.283992767333984,10948800,0.0,0.0,0.0
2006-06-23,29.209999084472656,29.32666778564453,28.666667938232422,29.166667938232422,19.251001358032227,12987600,0.0,0.0,0.0
2006-06-26,29.10333251953125,29.296667098999023,28.92333221435547,29.166667938232422,19.251001358032227,6643800,0.0,0.0,0.0
2006-06-27,29.333332061767578,29.636667251586914,28.616666793823242,28.616666793823242,18.88796615600586,17815200,0.0,0.0,0.0
2006-06-28,29.233333587646484,29.523332595825195,29.0,29.51333236694336,19.479801177978516,16581900,0.0,0.0,0.0
2006-06-29,29.84666633605957,31.266666412353516,29.80666732788086,31.266666412353516,20.637060165405273,36345000,0.0,0.0,0.0
2006-06-30,31.393333435058594,31.600000381469727,30.983333587646484,31.299999237060547,20.6590633392334,16226700,0.0,0.0,0.0
2006-07-03,31.866666793823242,32.029998779296875,31.649999618530273,31.99333381652832,21.116682052612305,9471900,0.0,0.0,0.0
2006-07-05,31.59000015258789,31.59666633605957,30.89666748046875,31.0,20.461048126220703,14130900,0.0,0.0,0.0
2006-07-06,31.24333381652832,31.649999618530273,31.10333251953125,31.633333206176758,20.87907600402832,13339200,0.0,0.0,0.0
2006-07-07,31.383333206176758,31.53333282470703,30.883333206176758,31.03333282470703,20.483055114746094,14808000,0.0,0.0,0.0
2006-07-10,31.203332901000977,31.633333206176758,31.09000015258789,31.28333282470703,20.64806365966797,14485800,0.0,0.0,0.0
2006-07-11,31.03333282470703,31.5,30.760000228881836,31.433332443237305,20.747060775756836,19364100,0.0,0.0,0.0
2006-07-12,31.166667938232422,31.43000030517578,30.733333587646484,30.733333587646484,20.28504180908203,13653900,0.0,0.0,0.0
2006-07-13,30.139999389648438,30.479999542236328,29.516666412353516,29.516666412353516,19.482004165649414,29471700,0.0,0.0,0.0
2006-07-14,29.703332901000977,29.833332061767578,29.246667861938477,29.666667938232422,19.581010818481445,26451300,0.0,0.0,0.0
2006-07-17,29.60333251953125,29.71666717529297,29.09666633605957,29.200000762939453,19.272987365722656,14676600,0.0,0.0,0.0
2006-07-18,29.566667556762695,29.75,29.023332595825195,29.606666564941406,19.54140281677246,28726800,0.0,0.0,0.0
2006-07-19,29.82666778564453,31.433332443237305,29.676666259765625,31.433332443237305,20.747060775756836,45463500,0.0,0.0,0.0
2006-07-20,31.399999618530273,31.399999618530273,30.376667022705078,30.530000686645508,20.15083122253418,26586900,0.0,0.0,0.0
2006-07-21,30.616666793823242,30.766666412353516,29.799999237060547,29.93666648864746,19.75921058654785,17352000,0.0,0.0,0.0
2006-07-24,30.666667938232422,31.416667938232422,30.416667938232422,31.28333282470703,20.64806365966797,29593800,0.0,0.0,0.0
2006-07-25,31.040000915527344,31.553333282470703,30.93666648864746,31.366666793823242,20.703060150146484,24092100,0.0,0.0,0.0
2006-07-26,31.133333206176758,31.360000610351562,30.933332443237305,31.233333587646484,20.615062713623047,21140400,0.0,0.0,0.0
2006-07-27,31.573333740234375,32.18333435058594,31.446666717529297,31.663333892822266,20.89887809753418,26686200,0.0,0.0,0.0
2006-07-28,31.799999237060547,32.42333221435547,31.700000762939453,32.34333419799805,21.347694396972656,19556400,0.0,0.0,0.0
2006-07-31,31.959999084472656,32.1533317565918,31.816667556762695,32.03333282470703,21.143091201782227,12055500,0.0,0.0,0.0
2006-08-01,31.916667938232422,31.916667938232422,31.3700008392334,31.516666412353516,20.802066802978516,12905700,0.0,0.0,0.0
2006-08-02,31.860000610351562,32.20000076293945,31.76333236694336,31.933332443237305,21.07707977294922,11765400,0.0,0.0,0.0
2006-08-03,31.696666717529297,32.00666809082031,31.566667556762695,31.899999618530273,21.055086135864258,20232600,0.0,0.0,0.0
2006-08-04,32.35333251953125,32.586666107177734,31.78333282470703,31.96666717529297,21.09908676147461,13248300,0.0,0.0,0.0
2006-08-07,31.92333221435547,32.186668395996094,31.666667938232422,31.766666412353516,20.967077255249023,10211100,0.0,0.0,0.0
2006-08-08,31.96666717529297,32.383331298828125,31.753332138061523,31.766666412353516,20.967077255249023,21186600,0.0,0.0,0.0
2006-08-09,32.46333312988281,32.496665954589844,31.856666564941406,31.886667251586914,21.046279907226562,16465500,0.0,0.0,0.0
2006-08-10,31.803333282470703,32.21333312988281,31.786666870117188,32.21333312988281,21.26189422607422,16806000,0.0,0.0,0.0
2006-08-11,32.029998779296875,32.11333465576172,31.77666664123535,31.823333740234375,21.004478454589844,10008000,0.0,0.0,0.0
2006-08-14,32.16666793823242,32.36000061035156,31.84000015258789,31.950000762939453,21.088085174560547,13225200,0.0,0.0,0.0
2006-08-15,32.43333435058594,32.75,32.28333282470703,32.733333587646484,21.60511016845703,15625800,0.0,0.0,0.0
2006-08-16,32.9900016784668,33.143333435058594,32.83333206176758,33.0533332824707,21.81632423400879,16954200,0.0,0.0,0.0
2006-08-17,32.93333435058594,33.33333206176758,32.900001525878906,33.099998474121094,21.847122192382812,14195700,0.0,0.0,0.0
2006-08-18,33.03333282470703,33.03333282470703,32.516666412353516,32.78666687011719,21.64031219482422,15367800,0.0,0.0,0.0
2006-08-21,32.503334045410156,32.616668701171875,32.43000030517578,32.616668701171875,21.528104782104492,8211900,0.0,0.0,0.0
2006-08-22,32.599998474121094,32.78333282470703,32.413333892822266,32.606666564941406,21.521501541137695,13214100,0.0,0.0,0.0
2006-08-23,32.599998474121094,32.68000030517578,31.983333587646484,32.016666412353516,21.132089614868164,16609800,0.0,0.0,0.0
2006-08-24,32.209999084472656,32.209999084472656,31.809999465942383,31.93000030517578,21.07488441467285,19815600,0.0,0.0,0.0
2006-08-25,31.933332443237305,32.25,31.916667938232422,32.02000045776367,21.134288787841797,15732000,0.0,0.0,0.0
2006-08-28,32.003334045410156,32.383331298828125,31.893333435058594,32.383331298828125,21.374095916748047,12025500,0.0,0.0,0.0
2006-08-29,32.436668395996094,32.516666412353516,32.16666793823242,32.49333190917969,21.44670295715332,13001400,0.0,0.0,0.0
2006-08-30,32.470001220703125,32.66666793823242,32.44333267211914,32.633331298828125,21.539100646972656,9975900,0.0,0.0,0.0
2006-08-31,32.6533317565918,32.709999084472656,32.45333480834961,32.540000915527344,21.477506637573242,6705300,0.0,0.0,0.0
2006-09-01,32.599998474121094,32.99333190917969,32.560001373291016,32.9033317565918,21.71731948852539,10823100,0.0,0.0,0.0
2006-09-05,33.086666107177734,33.20000076293945,33.040000915527344,33.08333206176758,21.83612632751465,11867100,0.0,0.0,0.0
2006-09-06,32.86333465576172,32.86333465576172,32.133331298828125,32.133331298828125,21.209089279174805,15465600,0.0,0.0,0.0
2006-09-07,32.0,32.12666702270508,31.683332443237305,31.766666412353516,20.967077255249023,22688400,0.0,0.0,0.0
2006-09-08,31.950000762939453,32.08333206176758,31.916667938232422,32.026668548583984,21.138687133789062,10068300,0.0,0.0,0.0
2006-09-11,31.6200008392334,31.666667938232422,31.106666564941406,31.336666107177734,20.683259963989258,28418400,0.0,0.0,0.0
2006-09-12,31.543333053588867,31.963333129882812,31.503332138061523,31.873332977294922,21.037479400634766,17313600,0.0,0.0,0.0
2006-09-13,31.799999237060547,32.439998626708984,31.799999237060547,32.349998474121094,21.352088928222656,17062500,0.0,0.0,0.0
2006-09-14,32.29999923706055,32.29999923706055,32.073333740234375,32.08333206176758,21.17608642578125,13438500,0.0,0.0,0.0
2006-09-15,32.33333206176758,32.439998626708984,32.06999969482422,32.27333450317383,21.301494598388672,17227500,0.0,0.0,0.0
2006-09-18,32.41666793823242,32.88999938964844,32.369998931884766,32.63666534423828,21.541309356689453,17154300,0.0,0.0,0.0
2006-09-19,32.63999938964844,32.709999084472656,31.649999618530273,32.133331298828125,21.209089279174805,35435700,0.0,0.0,0.0
2006-09-20,32.31666564941406,32.866668701171875,32.31666564941406,32.793331146240234,21.644710540771484,39691800,0.0,0.0,0.0
2006-09-21,32.68333435058594,32.75,31.916667938232422,31.99333381652832,21.116682052612305,40404300,0.0,0.0,0.0
2006-09-22,31.75,31.80666732788086,31.456666946411133,31.586666107177734,20.848276138305664,25682100,0.0,0.0,0.0
2006-09-25,31.739999771118164,31.953332901000977,31.190000534057617,31.953332901000977,21.090282440185547,29428800,0.0,0.0,0.0
2006-09-26,31.85333251953125,32.336666107177734,31.766666412353516,32.33000183105469,21.338895797729492,23627700,0.0,0.0,0.0
2006-09-27,32.336666107177734,32.366668701171875,32.063331604003906,32.25666809082031,21.29049301147461,30248400,0.0,0.0,0.0
2006-09-28,32.380001068115234,32.516666412353516,32.206668853759766,32.516666412353516,21.46210479736328,17789400,0.0,0.0,0.0
2006-09-29,32.383331298828125,32.483333587646484,32.21666717529297,32.25666809082031,21.29049301147461,14059800,0.0,0.0,0.0
2006-10-02,32.116668701171875,32.59000015258789,32.0,32.20333480834961,21.255285263061523,14692200,0.0,0.0,0.0
2006-10-03,32.02000045776367,32.10333251953125,31.766666412353516,31.766666412353516,20.967077255249023,26399400,0.0,0.0,0.0
2006-10-04,31.633333206176758,32.66666793823242,31.633333206176758,32.616668701171875,21.528104782104492,32286300,0.0,0.0,0.0
2006-10-05,32.619998931884766,33.34333419799805,32.619998931884766,33.04999923706055,21.814119338989258,23440200,0.0,0.0,0.0
2006-10-06,32.913333892822266,33.04666519165039,32.73666763305664,32.96666717529297,21.759122848510742,22264500,0.0,0.0,0.0
2006-10-09,32.66999816894531,33.04666519165039,32.643333435058594,32.84333419799805,21.677719116210938,14041500,0.0,0.0,0.0
2006-10-10,32.83333206176758,33.13999938964844,32.81999969482422,33.13999938964844,21.87352752685547,10648500,0.0,0.0,0.0
2006-10-11,32.93333435058594,33.223331451416016,32.849998474121094,32.96333312988281,21.756921768188477,14990100,0.0,0.0,0.0
2006-10-12,33.043331146240234,33.83333206176758,33.043331146240234,33.766666412353516,22.287141799926758,29405400,0.0,0.0,0.0
2006-10-13,33.79999923706055,34.116668701171875,33.766666412353516,33.96666717529297,22.419157028198242,20139600,0.0,0.0,0.0
2006-10-16,34.016666412353516,34.15666580200195,33.96333312988281,34.060001373291016,22.48076057434082,12192600,0.0,0.0,0.0
2006-10-17,33.766666412353516,33.913333892822266,33.439998626708984,33.61333465576172,22.185935974121094,22278300,0.0,0.0,0.0
2006-10-18,34.0,35.266666412353516,33.74333190917969,33.94333267211914,22.403745651245117,13058100,0.0,0.0,0.0
2006-10-19,33.93333435058594,34.12333297729492,33.776668548583984,34.09333419799805,22.50275421142578,17712900,0.0,0.0,0.0
2006-10-20,34.20333480834961,34.20333480834961,33.81666564941406,33.93333435058594,22.397151947021484,8516100,0.0,0.0,0.0
2006-10-23,33.883331298828125,34.0,33.62666702270508,33.9033317565918,22.377347946166992,10940100,0.0,0.0,0.0
2006-10-24,33.9466667175293,34.0966682434082,33.8466682434082,34.0966682434082,22.504953384399414,13887300,0.0,0.0,0.0
2006-10-25,34.18333435058594,34.49333190917969,34.11000061035156,34.49333190917969,22.766765594482422,13429500,0.0,0.0,0.0
2006-10-26,34.66666793823242,34.676666259765625,34.369998931884766,34.57666778564453,22.821779251098633,14022600,0.0,0.0,0.0
2006-10-27,34.323333740234375,34.45000076293945,33.98666763305664,34.0,22.441146850585938,16726200,0.0,0.0,0.0
2006-10-30,33.883331298828125,33.883331298828125,33.52000045776367,33.883331298828125,22.36414909362793,13016100,0.0,0.0,0.0
2006-10-31,34.15999984741211,34.53333282470703,33.970001220703125,34.53333282470703,22.793163299560547,15638700,0.0,0.0,0.0
2006-11-01,34.630001068115234,34.776668548583984,34.186668395996094,34.186668395996094,22.56435775756836,21519900,0.0,0.0,0.0
2006-11-02,34.186668395996094,34.413333892822266,34.116668701171875,34.293331146240234,22.6347599029541,11107500,0.0,0.0,0.0
2006-11-03,34.47999954223633,35.33333206176758,34.34333419799805,34.400001525878906,22.70516586303711,14080500,0.0,0.0,0.0
2006-11-06,34.67333221435547,35.25,34.67333221435547,35.21666717529297,23.24419593811035,17758200,0.0,0.0,0.0
2006-11-07,35.25,35.393333435058594,35.040000915527344,35.06666564941406,23.145187377929688,17495400,0.0,0.0,0.0
2006-11-08,34.836666107177734,35.28666687011719,34.766666412353516,35.15666580200195,23.204587936401367,13207500,0.0,0.0,0.0
2006-11-09,35.383331298828125,35.66666793823242,35.246665954589844,35.276668548583984,23.28380012512207,13462800,0.0,0.0,0.0
2006-11-10,35.40999984741211,35.5,35.21666717529297,35.32666778564453,23.316802978515625,7724700,0.0,0.0,0.0
2006-11-13,35.26333236694336,35.46333312988281,35.16666793823242,35.4466667175293,23.39600372314453,7749600,0.0,0.0,0.0
2006-11-14,35.663333892822266,36.03666687011719,35.619998931884766,36.0,23.761220932006836,13497900,0.0,0.0,0.0
2006-11-15,35.96666717529297,36.10333251953125,35.79999923706055,36.06666564941406,23.80522918701172,9692700,0.0,0.0,0.0
2006-11-16,36.150001525878906,36.16666793823242,35.689998626708984,35.70333480834961,23.565412521362305,18023400,0.0,0.0,0.0
2006-11-17,35.560001373291016,35.663333892822266,35.37666702270508,35.663333892822266,23.53900909423828,16318800,0.0,0.0,0.0
2006-11-20,35.45000076293945,35.7400016784668,35.383331298828125,35.52333450317383,23.446605682373047,19312500,0.0,0.0,0.0
2006-11-21,35.66666793823242,36.09000015258789,35.66666793823242,36.09000015258789,23.820621490478516,19997400,0.0,0.0,0.0
2006-11-22,36.20000076293945,36.456668853759766,36.06999969482422,36.34333419799805,23.987836837768555,18803400,0.0,0.0,0.0
2006-11-24,36.130001068115234,36.439998626708984,36.116668701171875,36.336666107177734,23.98343276977539,6264900,0.0,0.0,0.0
2006-11-27,36.619998931884766,36.619998931884766,35.650001525878906,35.650001525878906,23.53021812438965,26716200,0.0,0.0,0.0
2006-11-28,35.650001525878906,35.856666564941406,35.383331298828125,35.856666564941406,23.666614532470703,28599900,0.0,0.0,0.0
2006-11-29,36.0966682434082,36.59000015258789,36.0966682434082,36.436668395996094,24.0494441986084,22907400,0.0,0.0,0.0
2006-11-30,36.560001373291016,36.856666564941406,36.400001525878906,36.599998474121094,24.157238006591797,13969500,0.0,0.0,0.0
2006-12-01,36.753334045410156,36.8466682434082,36.16666793823242,36.45000076293945,24.0582332611084,29047200,0.0,0.0,0.0
2006-12-04,36.66666793823242,37.290000915527344,36.599998474121094,37.209999084472656,24.559856414794922,16613100,0.0,0.0,0.0
2006-12-05,37.3466682434082,37.880001068115234,37.27333450317383,37.86000061035156,24.988887786865234,32339400,0.0,0.0,0.0
2006-12-06,37.50666809082031,37.776668548583984,37.46666717529297,37.599998474121094,24.817277908325195,11058000,0.0,0.0,0.0
2006-12-07,37.599998474121094,37.75,37.29666519165039,37.46666717529297,24.72927474975586,15916500,0.0,0.0,0.0
2006-12-08,37.366668701171875,37.573333740234375,37.17333221435547,37.29999923706055,24.619272232055664,11158500,0.0,0.0,0.0
2006-12-11,37.366668701171875,37.393333435058594,37.16999816894531,37.31666564941406,24.630268096923828,6801900,0.0,0.0,0.0
2006-12-12,37.08333206176758,37.133331298828125,36.62666702270508,36.866668701171875,24.333251953125,17909100,0.0,0.0,0.0
2006-12-13,36.96333312988281,37.116668701171875,36.90999984741211,37.06666564941406,24.465255737304688,9894000,0.0,0.0,0.0
2006-12-14,37.27333450317383,37.72666549682617,37.266666412353516,37.70000076293945,24.883281707763672,11988300,0.0,0.0,0.0
2006-12-15,37.97999954223633,37.983333587646484,37.733333587646484,37.866668701171875,24.9932861328125,11638500,0.0,0.0,0.0
2006-12-18,37.900001525878906,38.119998931884766,37.56666564941406,37.60333251953125,24.819469451904297,12088800,0.0,0.0,0.0
2006-12-19,37.20000076293945,37.503334045410156,36.866668701171875,37.366668701171875,24.66326904296875,31979400,0.0,0.0,0.0
2006-12-20,37.22999954223633,37.323333740234375,37.116668701171875,37.25,24.936168670654297,12470700,0.524333,0.0,0.0
2006-12-21,37.25,37.33333206176758,36.99333190917969,37.18333435058594,24.89153480529785,14906700,0.0,0.0,0.0
2006-12-22,37.33333206176758,37.366668701171875,37.01333236694336,37.31666564941406,24.980796813964844,9581100,0.0,0.0,0.0
2006-12-26,37.29999923706055,37.71333312988281,37.27000045776367,37.663333892822266,25.21286392211914,5689800,0.0,0.0,0.0
2006-12-27,37.93000030517578,38.20000076293945,37.77333450317383,38.20000076293945,25.572134017944336,16816200,0.0,0.0,0.0
2006-12-28,38.21666717529297,38.266666412353516,37.973331451416016,38.12666702270508,25.523033142089844,8598900,0.0,0.0,0.0
2006-12-29,38.150001525878906,38.2599983215332,38.02333450317383,38.05666732788086,25.476173400878906,8026500,0.0,0.0,0.0
2007-01-03,38.66666793823242,38.8033332824707,38.08000183105469,38.380001068115234,25.6926212310791,38546100,0.0,0.0,0.0
2007-01-04,38.08333206176758,38.09333419799805,37.61000061035156,37.849998474121094,25.337833404541016,26830200,0.0,0.0,0.0
2007-01-05,37.46666717529297,37.54999923706055,36.7400016784668,36.74333190917969,24.59699249267578,33141600,0.0,0.0,0.0
2007-01-08,36.959999084472656,37.14666748046875,36.753334045410156,37.0099983215332,24.77550506591797,23326500,0.0,0.0,0.0
2007-01-09,36.733333587646484,36.78333282470703,35.983333587646484,36.18333435058594,24.222118377685547,43958400,0.0,0.0,0.0
2007-01-10,35.8033332824707,36.253334045410156,35.540000915527344,36.099998474121094,24.16632843017578,58526400,0.0,0.0,0.0
2007-01-11,36.313331604003906,37.04999923706055,36.189998626708984,36.55666732788086,24.472036361694336,47418300,0.0,0.0,0.0
2007-01-12,36.823333740234375,37.29999923706055,36.633331298828125,37.29999923706055,24.969646453857422,25530900,0.0,0.0,0.0
2007-01-16,37.45000076293945,37.483333587646484,37.1966667175293,37.43333435058594,25.05890655517578,25978500,0.0,0.0,0.0
2007-01-17,37.33333206176758,37.49333190917969,37.130001068115234,37.276668548583984,24.95402717590332,20523900,0.0,0.0,0.0
2007-01-18,37.599998474121094,37.633331298828125,36.883331298828125,36.883331298828125,24.690717697143555,31396500,0.0,0.0,0.0
2007-01-19,37.016666412353516,37.54666519165039,37.016666412353516,37.54666519165039,25.1347713470459,18093900,0.0,0.0,0.0
2007-01-22,37.599998474121094,37.84333419799805,37.383331298828125,37.503334045410156,25.105756759643555,20959200,0.0,0.0,0.0
2007-01-23,37.5,38.356666564941406,37.45333480834961,38.356666564941406,25.677011489868164,28305600,0.0,0.0,0.0
2007-01-24,38.33000183105469,38.83333206176758,38.2400016784668,38.689998626708984,25.900150299072266,20193900,0.0,0.0,0.0
2007-01-25,38.44333267211914,38.5,37.5,37.5,25.10352897644043,28913700,0.0,0.0,0.0
2007-01-26,37.66666793823242,37.82666778564453,37.25,37.72999954223633,25.25749969482422,27627600,0.0,0.0,0.0
2007-01-29,37.540000915527344,37.56666564941406,37.14666748046875,37.22999954223633,24.922773361206055,29898300,0.0,0.0,0.0
2007-01-30,37.35333251953125,37.80666732788086,37.35333251953125,37.80666732788086,25.30881690979004,20502600,0.0,0.0,0.0
2007-01-31,37.46333312988281,38.099998474121094,37.253334045410156,38.099998474121094,25.50518035888672,31860600,0.0,0.0,0.0
2007-02-01,38.266666412353516,38.599998474121094,38.266666412353516,38.56666564941406,25.817583084106445,34173900,0.0,0.0,0.0
2007-02-02,38.58333206176758,38.65999984741211,38.33333206176758,38.45000076293945,25.73948097229004,20925300,0.0,0.0,0.0
2007-02-05,38.336666107177734,38.526668548583984,38.16666793823242,38.48666763305664,25.7640323638916,16254900,0.0,0.0,0.0
2007-02-06,38.77000045776367,38.9466667175293,38.599998474121094,38.866668701171875,26.018413543701172,17354700,0.0,0.0,0.0
2007-02-07,38.959999084472656,38.98666763305664,38.60333251953125,38.71666717529297,25.917997360229492,16291500,0.0,0.0,0.0
2007-02-08,38.50666809082031,38.71666717529297,38.32666778564453,38.5099983215332,25.779638290405273,19789500,0.0,0.0,0.0
2007-02-09,38.66666793823242,38.753334045410156,38.0,38.04999923706055,25.471710205078125,31971900,0.0,0.0,0.0
2007-02-12,38.116668701171875,38.116668701171875,37.60333251953125,37.790000915527344,25.297664642333984,27900000,0.0,0.0,0.0
2007-02-13,37.983333587646484,38.46666717529297,37.956668853759766,38.38999938964844,25.699323654174805,30303300,0.0,0.0,0.0
2007-02-14,38.43333435058594,39.293331146240234,38.41666793823242,39.21666717529297,26.25271224975586,37476600,0.0,0.0,0.0
2007-02-15,39.25,39.349998474121094,39.12333297729492,39.2400016784668,26.268329620361328,14388000,0.0,0.0,0.0
2007-02-16,39.086666107177734,39.33000183105469,38.96333312988281,39.33000183105469,26.328571319580078,14832300,0.0,0.0,0.0
2007-02-20,39.03333282470703,39.5,39.0099983215332,39.43333435058594,26.397756576538086,15368400,0.0,0.0,0.0
2007-02-21,39.19333267211914,39.62666702270508,39.043331146240234,39.54999923706055,26.47584342956543,14292600,0.0,0.0,0.0
2007-02-22,39.72666549682617,39.86000061035156,39.36333465576172,39.45000076293945,26.408910751342773,23298600,0.0,0.0,0.0
2007-02-23,39.413333892822266,39.54999923706055,38.900001525878906,39.16666793823242,26.2192440032959,27175200,0.0,0.0,0.0
2007-02-26,39.3466682434082,39.40999984741211,38.856666564941406,39.150001525878906,26.208080291748047,14965800,0.0,0.0,0.0
2007-02-27,37.66666793823242,37.71333312988281,34.496665954589844,35.96666717529297,24.07707405090332,89951400,0.0,0.0,0.0
2007-02-28,36.5,37.27333450317383,36.21666717529297,36.866668701171875,24.6795597076416,63694500,0.0,0.0,0.0
2007-03-01,35.689998626708984,36.71666717529297,35.18000030517578,36.336666107177734,24.324758529663086,58851900,0.0,0.0,0.0
2007-03-02,36.016666412353516,36.790000915527344,35.849998474121094,36.0,24.09938621520996,59927700,0.0,0.0,0.0
2007-03-05,35.18333435058594,35.866668701171875,34.52000045776367,35.07666778564453,23.481279373168945,54968400,0.0,0.0,0.0
2007-03-06,35.67333221435547,36.70333480834961,35.67333221435547,36.616668701171875,24.512210845947266,49910400,0.0,0.0,0.0
2007-03-07,36.349998474121094,36.68000030517578,36.186668395996094,36.393333435058594,24.36269760131836,31768200,0.0,0.0,0.0
2007-03-08,37.03333282470703,37.813331604003906,36.91666793823242,37.33333206176758,24.991952896118164,36276000,0.0,0.0,0.0
2007-03-09,37.5966682434082,37.599998474121094,36.959999084472656,37.400001525878906,25.036582946777344,26060700,0.0,0.0,0.0
2007-03-12,37.43333435058594,37.85333251953125,37.31999969482422,37.58333206176758,25.159318923950195,25128600,0.0,0.0,0.0
2007-03-13,37.246665954589844,37.496665954589844,36.293331146240234,36.4900016784668,24.427404403686523,44023200,0.0,0.0,0.0
2007-03-14,36.45000076293945,36.86000061035156,35.77333450317383,36.790000915527344,24.628231048583984,49965900,0.0,0.0,0.0
2007-03-15,36.53333282470703,37.336666107177734,36.53333282470703,37.09000015258789,24.829063415527344,30401100,0.0,0.0,0.0
2007-03-16,37.18000030517578,37.3466682434082,36.633331298828125,36.77333450317383,24.61707878112793,22194900,0.0,0.0,0.0
2007-03-19,37.266666412353516,37.633331298828125,37.19333267211914,37.58000183105469,25.15708351135254,24143400,0.0,0.0,0.0
2007-03-20,37.52000045776367,37.866668701171875,37.40666580200195,37.82666778564453,25.32220458984375,15362400,0.0,0.0,0.0
2007-03-21,37.956668853759766,39.11000061035156,37.82666778564453,38.959999084472656,26.080886840820312,42041700,0.0,0.0,0.0
2007-03-22,39.043331146240234,39.209999084472656,38.706668853759766,38.793331146240234,25.969324111938477,21576300,0.0,0.0,0.0
2007-03-23,38.91999816894531,39.08000183105469,38.793331146240234,38.973331451416016,26.08981704711914,16886100,0.0,0.0,0.0
2007-03-26,38.91999816894531,39.06666564941406,38.400001525878906,38.95000076293945,26.074203491210938,22027500,0.0,0.0,0.0
2007-03-27,38.95000076293945,38.95000076293945,38.456668853759766,38.776668548583984,25.958162307739258,18514500,0.0,0.0,0.0
2007-03-28,38.30666732788086,38.5,37.93000030517578,38.08333206176758,25.494029998779297,22615800,0.0,0.0,0.0
2007-03-29,38.66666793823242,38.93000030517578,38.29999923706055,38.84000015258789,26.00056266784668,23175900,0.0,0.0,0.0
2007-03-30,38.900001525878906,39.06666564941406,38.45000076293945,38.83333206176758,25.9960880279541,28557900,0.0,0.0,0.0
2007-04-02,38.95000076293945,39.220001220703125,38.7400016784668,39.099998474121094,26.17461585998535,18873300,0.0,0.0,0.0
2007-04-03,39.5,39.78666687011719,39.35333251953125,39.7400016784668,26.603046417236328,24303000,0.0,0.0,0.0
2007-04-04,39.880001068115234,40.026668548583984,39.71333312988281,39.9900016784668,26.77040672302246,20481300,0.0,0.0,0.0
2007-04-05,39.93333435058594,40.233333587646484,39.83333206176758,40.026668548583984,26.794940948486328,20437800,0.0,0.0,0.0
2007-04-09,40.279998779296875,40.586666107177734,40.16999816894531,40.25666809082031,26.948911666870117,21373500,0.0,0.0,0.0
2007-04-10,40.28333282470703,40.5,40.2599983215332,40.4466667175293,27.07611083984375,15370500,0.0,0.0,0.0
2007-04-11,40.61333465576172,40.75,39.96666717529297,40.073333740234375,26.82617950439453,28048500,0.0,0.0,0.0
2007-04-12,40.133331298828125,40.77000045776367,39.959999084472656,40.74333190917969,27.27469825744629,23445900,0.0,0.0,0.0
2007-04-13,40.83333206176758,40.9900016784668,40.33333206176758,40.94333267211914,27.408586502075195,11782200,0.0,0.0,0.0
2007-04-16,41.18333435058594,41.46333312988281,41.10333251953125,41.43000030517578,27.7343807220459,20166600,0.0,0.0,0.0
2007-04-17,41.38666534423828,41.38666534423828,40.92333221435547,41.206668853759766,27.584871292114258,26238600,0.0,0.0,0.0
2007-04-18,40.83333206176758,41.060001373291016,40.74333190917969,40.900001525878906,27.379589080810547,16978800,0.0,0.0,0.0
2007-04-19,40.23666763305664,40.619998931884766,39.91999816894531,40.56999969482422,27.15866470336914,30470700,0.0,0.0,0.0
2007-04-20,41.130001068115234,41.31666564941406,40.869998931884766,41.0533332824707,27.48222541809082,15983100,0.0,0.0,0.0
2007-04-23,41.03666687011719,41.15666580200195,40.79666519165039,40.88999938964844,27.372886657714844,14394900,0.0,0.0,0.0
2007-04-24,40.883331298828125,41.0099983215332,40.66999816894531,40.883331298828125,27.36842918395996,18733200,0.0,0.0,0.0
2007-04-25,41.1533317565918,41.43000030517578,40.93333435058594,41.38999938964844,27.707605361938477,17789700,0.0,0.0,0.0
2007-04-26,41.336666107177734,41.45000076293945,41.086666107177734,41.279998779296875,27.63396453857422,20426100,0.0,0.0,0.0
2007-04-27,40.88666534423828,41.11333465576172,40.709999084472656,41.073333740234375,27.49561309814453,24456300,0.0,0.0,0.0
2007-04-30,40.813331604003906,40.93000030517578,40.119998931884766,40.279998779296875,26.964550018310547,27583800,0.0,0.0,0.0
2007-05-01,40.413333892822266,40.59333419799805,40.099998474121094,40.439998626708984,27.071643829345703,28771800,0.0,0.0,0.0
2007-05-02,40.630001068115234,41.28666687011719,40.58333206176758,41.24333190917969,27.60941505432129,26205600,0.0,0.0,0.0
2007-05-03,41.380001068115234,41.65999984741211,41.21333312988281,41.59000015258789,27.841487884521484,15720900,0.0,0.0,0.0
2007-05-04,41.70333480834961,41.983333587646484,41.52000045776367,41.57666778564453,27.832565307617188,15575700,0.0,0.0,0.0
2007-05-07,41.70000076293945,41.996665954589844,41.70000076293945,41.8466682434082,28.01329803466797,10084800,0.0,0.0,0.0
2007-05-08,41.63999938964844,41.63999938964844,41.13999938964844,41.3033332824707,27.649585723876953,27634200,0.0,0.0,0.0
2007-05-09,41.400001525878906,42.043331146240234,41.35333251953125,41.970001220703125,28.095870971679688,22212600,0.0,0.0,0.0
2007-05-10,41.746665954589844,41.970001220703125,40.849998474121094,40.94333267211914,27.408586502075195,36275100,0.0,0.0,0.0
2007-05-11,41.16666793823242,42.150001525878906,41.16666793823242,41.983333587646484,28.10480308532715,21416100,0.0,0.0,0.0
2007-05-14,41.9033317565918,42.33333206176758,41.35333251953125,41.56666564941406,27.82586097717285,28344000,0.0,0.0,0.0
2007-05-15,41.57666778564453,42.00666809082031,41.34333419799805,41.616668701171875,27.859336853027344,27392700,0.0,0.0,0.0
2007-05-16,41.86000061035156,42.33000183105469,41.53666687011719,42.220001220703125,28.263227462768555,18247200,0.0,0.0,0.0
2007-05-17,42.003334045410156,42.233333587646484,41.70333480834961,42.06666564941406,28.16057777404785,17952600,0.0,0.0,0.0
2007-05-18,42.176666259765625,42.323333740234375,41.970001220703125,42.28333282470703,28.30561065673828,16459500,0.0,0.0,0.0
2007-05-21,42.246665954589844,42.5966682434082,42.209999084472656,42.36000061035156,28.356945037841797,33299100,0.0,0.0,0.0
2007-05-22,42.44333267211914,42.573333740234375,42.35333251953125,42.366668701171875,28.361408233642578,23904900,0.0,0.0,0.0
2007-05-23,42.66666793823242,42.79999923706055,42.01333236694336,42.29999923706055,28.316776275634766,41565600,0.0,0.0,0.0
2007-05-24,42.233333587646484,42.366668701171875,41.09333419799805,41.28333282470703,27.63619613647461,52781700,0.0,0.0,0.0
2007-05-25,41.73666763305664,42.0,41.619998931884766,41.91666793823242,28.060169219970703,20317500,0.0,0.0,0.0
2007-05-29,42.08333206176758,42.20000076293945,41.33333206176758,41.77333450317383,27.964214324951172,20445900,0.0,0.0,0.0
2007-05-30,41.0,42.20000076293945,40.939998626708984,42.20000076293945,28.249834060668945,35050500,0.0,0.0,0.0
2007-05-31,42.22999954223633,42.5,42.073333740234375,42.31999969482422,28.33017349243164,23850900,0.0,0.0,0.0
2007-06-01,42.58333206176758,43.37666702270508,42.58333206176758,43.37666702270508,29.037517547607422,24035700,0.0,0.0,0.0
2007-06-04,43.003334045410156,43.33000183105469,42.91666793823242,43.18333435058594,28.908103942871094,26454900,0.0,0.0,0.0
2007-06-05,43.01333236694336,43.13999938964844,42.689998626708984,43.03333282470703,28.807697296142578,27272400,0.0,0.0,0.0
2007-06-06,42.733333587646484,42.733333587646484,41.95000076293945,41.95000076293945,28.082504272460938,40848900,0.0,0.0,0.0
2007-06-07,41.996665954589844,42.313331604003906,41.08000183105469,41.3033332824707,27.649585723876953,66178500,0.0,0.0,0.0
2007-06-08,41.41666793823242,42.20000076293945,41.37666702270508,42.03333282470703,28.138267517089844,42430200,0.0,0.0,0.0
2007-06-11,42.063331604003906,42.650001525878906,41.893333435058594,42.393333435058594,28.379262924194336,22266000,0.0,0.0,0.0
2007-06-12,41.92333221435547,42.27333450317383,41.516666412353516,41.65666580200195,27.886110305786133,31146300,0.0,0.0,0.0
2007-06-13,41.959999084472656,42.64666748046875,41.95000076293945,42.4900016784668,28.443984985351562,31558200,0.0,0.0,0.0
2007-06-14,42.65666580200195,43.4033317565918,42.65666580200195,43.15666580200195,28.8902587890625,22374900,0.0,0.0,0.0
2007-06-15,43.66666793823242,44.13999938964844,43.66666793823242,44.13999938964844,29.548521041870117,45032700,0.0,0.0,0.0
2007-06-18,44.220001220703125,44.383331298828125,43.983333587646484,44.18000030517578,29.575302124023438,14039100,0.0,0.0,0.0
2007-06-19,43.90999984741211,44.41666793823242,43.880001068115234,44.22999954223633,29.608783721923828,20064600,0.0,0.0,0.0
2007-06-20,44.563331604003906,44.643333435058594,43.66666793823242,43.85333251953125,29.356624603271484,31779600,0.0,0.0,0.0
2007-06-21,43.91666793823242,44.4900016784668,43.76333236694336,44.400001525878906,29.722579956054688,26637900,0.0,0.0,0.0
2007-06-22,44.06666564941406,44.35333251953125,43.599998474121094,43.813331604003906,29.329845428466797,22471500,0.0,0.0,0.0
2007-06-25,43.78333282470703,43.959999084472656,43.220001220703125,43.47999954223633,29.106691360473633,29348400,0.0,0.0,0.0
2007-06-26,43.64666748046875,43.746665954589844,43.099998474121094,43.099998474121094,28.85232162475586,29622000,0.0,0.0,0.0
2007-06-27,42.96666717529297,43.73666763305664,42.733333587646484,43.71333312988281,29.262901306152344,31400400,0.0,0.0,0.0
2007-06-28,43.43333435058594,44.0,43.43333435058594,43.723331451416016,29.269594192504883,22270200,0.0,0.0,0.0
2007-06-29,43.90666580200195,44.16666793823242,43.40999984741211,43.87666702270508,29.372251510620117,39395100,0.0,0.0,0.0
2007-07-02,44.0,44.766666412353516,44.0,44.766666412353516,29.96803855895996,30585300,0.0,0.0,0.0
2007-07-03,44.83333206176758,45.12333297729492,44.83333206176758,45.12333297729492,30.206796646118164,13577400,0.0,0.0,0.0
2007-07-05,44.869998931884766,45.380001068115234,44.869998931884766,45.323333740234375,30.340688705444336,25942800,0.0,0.0,0.0
2007-07-06,45.57666778564453,46.28666687011719,45.573333740234375,46.099998474121094,30.860599517822266,31670700,0.0,0.0,0.0
2007-07-09,46.426666259765625,46.70000076293945,46.400001525878906,46.54666519165039,31.15961265563965,28652100,0.0,0.0,0.0
2007-07-10,46.04666519165039,46.206668853759766,45.540000915527344,45.630001068115234,30.545969009399414,40039500,0.0,0.0,0.0
2007-07-11,45.87333297729492,46.1533317565918,45.5,46.00666809082031,30.798133850097656,25900200,0.0,0.0,0.0
2007-07-12,46.3033332824707,47.21333312988281,46.3033332824707,47.016666412353516,31.474239349365234,29064900,0.0,0.0,0.0
2007-07-13,47.32666778564453,47.633331298828125,47.163333892822266,47.599998474121094,31.8647403717041,24262800,0.0,0.0,0.0
2007-07-16,47.22999954223633,47.400001525878906,46.90999984741211,47.133331298828125,31.55234146118164,23917200,0.0,0.0,0.0
2007-07-17,47.22999954223633,47.266666412353516,46.87333297729492,47.0966682434082,31.527799606323242,21789600,0.0,0.0,0.0
2007-07-18,46.503334045410156,46.8466682434082,46.13999938964844,46.52000045776367,31.14176368713379,34859700,0.0,0.0,0.0
2007-07-19,46.836666107177734,47.30666732788086,46.83333206176758,46.983333587646484,31.451927185058594,24539100,0.0,0.0,0.0
2007-07-20,47.21666717529297,47.383331298828125,46.400001525878906,46.65999984741211,31.235485076904297,48010800,0.0,0.0,0.0
2007-07-23,47.619998931884766,48.03333282470703,47.46333312988281,48.0099983215332,32.13921356201172,35516700,0.0,0.0,0.0
2007-07-24,47.66666793823242,47.76333236694336,46.27000045776367,46.366668701171875,31.039106369018555,53650200,0.0,0.0,0.0
2007-07-25,47.06999969482422,47.33333206176758,46.06666564941406,46.633331298828125,31.21763801574707,45873600,0.0,0.0,0.0
2007-07-26,45.676666259765625,45.720001220703125,43.25666809082031,44.25666809082031,29.62663459777832,99222600,0.0,0.0,0.0
2007-07-27,44.503334045410156,44.813331604003906,43.43333435058594,43.68333435058594,29.242820739746094,64008900,0.0,0.0,0.0
2007-07-30,44.16666793823242,45.4900016784668,44.16666793823242,45.11333465576172,30.20009994506836,50423400,0.0,0.0,0.0
2007-07-31,45.723331451416016,45.880001068115234,44.189998626708984,44.189998626708984,29.582008361816406,63243600,0.0,0.0,0.0
2007-08-01,43.63999938964844,44.40999984741211,43.150001525878906,44.016666412353516,29.46595573425293,106336500,0.0,0.0,0.0
2007-08-02,44.06666564941406,44.766666412353516,43.9466667175293,44.503334045410156,29.79176139831543,46615800,0.0,0.0,0.0
2007-08-03,44.46666717529297,44.5,42.253334045410156,42.58333206176758,28.50644874572754,64852500,0.0,0.0,0.0
2007-08-06,43.06999969482422,43.63666534423828,42.18333435058594,43.34333419799805,29.015214920043945,72395400,0.0,0.0,0.0
2007-08-07,43.16999816894531,44.13666534423828,42.97999954223633,43.66666793823242,29.231670379638672,54839100,0.0,0.0,0.0
2007-08-08,44.54666519165039,45.4900016784668,44.496665954589844,45.133331298828125,30.213491439819336,50678700,0.0,0.0,0.0
2007-08-09,43.753334045410156,44.266666412353516,42.95333480834961,43.266666412353516,28.963891983032227,78721500,0.0,0.0,0.0
2007-08-10,42.356666564941406,43.686668395996094,41.96333312988281,42.516666412353516,28.46181869506836,82478700,0.0,0.0,0.0
2007-08-13,43.516666412353516,43.78666687011719,42.90999984741211,42.936668395996094,28.74298667907715,39933300,0.0,0.0,0.0
2007-08-14,43.163333892822266,43.25,41.66666793823242,41.82666778564453,27.999919891357422,50445600,0.0,0.0,0.0
2007-08-15,41.369998931884766,41.810001373291016,40.016666412353516,40.18333435058594,26.899822235107422,77352600,0.0,0.0,0.0
2007-08-16,39.383331298828125,39.89666748046875,37.13666534423828,39.5,26.4423828125,140054700,0.0,0.0,0.0
2007-08-17,41.0,42.293331146240234,39.54666519165039,40.75,27.27916717529297,99855300,0.0,0.0,0.0
2007-08-20,41.20333480834961,41.356666564941406,40.12333297729492,40.83333206176758,27.33495330810547,64116300,0.0,0.0,0.0
2007-08-21,40.62666702270508,41.16666793823242,40.3466682434082,40.68333435058594,27.23453712463379,43294500,0.0,0.0,0.0
2007-08-22,41.366668701171875,42.53333282470703,41.366668701171875,42.43333435058594,28.406038284301758,57893700,0.0,0.0,0.0
2007-08-23,42.83000183105469,42.99333190917969,42.05666732788086,42.650001525878906,28.55108642578125,46373700,0.0,0.0,0.0
2007-08-24,42.663333892822266,43.7599983215332,42.53333282470703,43.66666793823242,29.231670379638672,52962000,0.0,0.0,0.0
2007-08-27,43.62333297729492,44.599998474121094,43.4900016784668,43.866668701171875,29.36554527282715,28239300,0.0,0.0,0.0
2007-08-28,43.3466682434082,43.503334045410156,41.87666702270508,42.08333206176758,28.171735763549805,56966400,0.0,0.0,0.0
2007-08-29,42.86333465576172,43.96333312988281,42.68333435058594,43.75,29.28744888305664,42499800,0.0,0.0,0.0
2007-08-30,43.266666412353516,44.13999938964844,43.06666564941406,43.526668548583984,29.13795280456543,29959500,0.0,0.0,0.0
2007-08-31,44.66666793823242,45.400001525878906,44.33000183105469,44.650001525878906,29.889928817749023,53820900,0.0,0.0,0.0
2007-09-04,44.21666717529297,45.72666549682617,44.21666717529297,45.4033317565918,30.394243240356445,33802200,0.0,0.0,0.0
2007-09-05,45.02000045776367,45.02000045776367,44.25666809082031,44.71666717529297,29.9345645904541,38522400,0.0,0.0,0.0
2007-09-06,44.970001220703125,45.290000915527344,44.63666534423828,45.06666564941406,30.168855667114258,20809800,0.0,0.0,0.0
2007-09-07,44.24333190917969,44.426666259765625,43.68333435058594,44.04999923706055,29.4882869720459,48953400,0.0,0.0,0.0
2007-09-10,44.66666793823242,44.686668395996094,43.41999816894531,44.08333206176758,29.51059913635254,32317200,0.0,0.0,0.0
2007-09-11,44.60333251953125,45.150001525878906,44.54666519165039,44.973331451416016,30.10639190673828,32632200,0.0,0.0,0.0
2007-09-12,44.74333190917969,45.33000183105469,44.516666412353516,45.133331298828125,30.213491439819336,29448900,0.0,0.0,0.0
2007-09-13,45.436668395996094,45.96333312988281,45.29666519165039,45.633331298828125,30.548200607299805,22941300,0.0,0.0,0.0
2007-09-14,45.41666793823242,45.87333297729492,45.189998626708984,45.723331451416016,30.60845184326172,17142600,0.0,0.0,0.0
2007-09-17,45.37333297729492,45.526668548583984,44.90666580200195,45.43333435058594,30.414325714111328,22866300,0.0,0.0,0.0
2007-09-18,45.56666564941406,47.71666717529297,45.366668701171875,47.633331298828125,31.887056350708008,68338200,0.0,0.0,0.0
2007-09-19,47.766666412353516,48.62666702270508,47.69333267211914,47.849998474121094,32.03208923339844,63006000,0.0,0.0,0.0
2007-09-20,47.970001220703125,48.276668548583984,47.41666793823242,47.70000076293945,31.93169403076172,34842000,0.0,0.0,0.0
2007-09-21,48.25666809082031,48.47999954223633,48.17333221435547,48.33333206176758,32.35565185546875,30381000,0.0,0.0,0.0
2007-09-24,49.33333206176758,49.33333206176758,48.66666793823242,48.93333435058594,32.7573127746582,31511400,0.0,0.0,0.0
2007-09-25,48.53333282470703,48.95000076293945,48.223331451416016,48.75,32.634586334228516,28052400,0.0,0.0,0.0
2007-09-26,49.400001525878906,49.54999923706055,49.043331146240234,49.400001525878906,33.06970977783203,27536400,0.0,0.0,0.0
2007-09-27,50.163333892822266,50.66666793823242,49.643333435058594,50.133331298828125,33.560630798339844,32771700,0.0,0.0,0.0
2007-09-28,50.25,50.39666748046875,49.456668853759766,49.81666564941406,33.34864044189453,40628400,0.0,0.0,0.0
2007-10-01,50.290000915527344,51.59000015258789,50.05666732788086,51.383331298828125,34.39740753173828,38391000,0.0,0.0,0.0
2007-10-02,51.869998931884766,52.33000183105469,51.223331451416016,51.733333587646484,34.631710052490234,40943400,0.0,0.0,0.0
2007-10-03,51.58000183105469,51.753334045410156,50.16666793823242,50.16666793823242,33.582942962646484,49248300,0.0,0.0,0.0
2007-10-04,50.366668701171875,50.823333740234375,49.810001373291016,50.66666793823242,33.91764450073242,23239800,0.0,0.0,0.0
2007-10-05,51.21666717529297,52.59000015258789,51.16666793823242,52.356666564941406,35.048980712890625,64093800,0.0,0.0,0.0
2007-10-08,51.663333892822266,51.95000076293945,51.436668395996094,51.79999923706055,34.67634582519531,32786100,0.0,0.0,0.0
2007-10-09,52.18000030517578,52.64666748046875,51.96666717529297,52.606666564941406,35.21634292602539,30145200,0.0,0.0,0.0
2007-10-10,52.44333267211914,52.856666564941406,52.1533317565918,52.676666259765625,35.2631950378418,36825900,0.0,0.0,0.0
2007-10-11,53.34000015258789,53.599998474121094,51.28666687011719,52.21333312988281,34.953033447265625,71038800,0.0,0.0,0.0
2007-10-12,52.456668853759766,53.16666793823242,52.28666687011719,53.16666793823242,35.59122085571289,27468300,0.0,0.0,0.0
2007-10-15,53.25666809082031,53.383331298828125,51.836666107177734,52.516666412353516,35.15609359741211,40017900,0.0,0.0,0.0
2007-10-16,52.163333892822266,52.189998626708984,51.18333435058594,51.543331146240234,34.50452423095703,60320100,0.0,0.0,0.0
2007-10-17,52.733333587646484,52.970001220703125,51.70000076293945,52.733333587646484,35.30113220214844,67459200,0.0,0.0,0.0
2007-10-18,51.83333206176758,53.116668701171875,51.7599983215332,53.0,35.47966384887695,55143300,0.0,0.0,0.0
2007-10-19,52.53666687011719,52.65999984741211,50.29666519165039,50.733333587646484,33.962276458740234,82591500,0.0,0.0,0.0
2007-10-22,50.233333587646484,51.10333251953125,49.663333892822266,51.099998474121094,34.20774459838867,60902100,0.0,0.0,0.0
2007-10-23,51.753334045410156,52.71333312988281,51.503334045410156,52.516666412353516,35.15609359741211,55527300,0.0,0.0,0.0
2007-10-24,52.03666687011719,52.34333419799805,50.48666763305664,52.17333221435547,34.92625427246094,49925100,0.0,0.0,0.0
2007-10-25,52.86333465576172,52.983333587646484,51.91666793823242,52.836666107177734,35.37030029296875,43169400,0.0,0.0,0.0
2007-10-26,54.016666412353516,54.56999969482422,53.5,54.33333206176758,36.37222671508789,44119500,0.0,0.0,0.0
2007-10-29,55.233333587646484,55.58333206176758,54.939998626708984,55.58333206176758,37.20901107788086,38281200,0.0,0.0,0.0
2007-10-30,54.766666412353516,54.900001525878906,54.349998474121094,54.53333282470703,36.506107330322266,36921900,0.0,0.0,0.0
2007-10-31,55.003334045410156,55.82666778564453,54.33333206176758,55.72999954223633,37.307186126708984,63320400,0.0,0.0,0.0
2007-11-01,54.186668395996094,54.55666732788086,53.290000915527344,53.47999954223633,35.80098342895508,56598300,0.0,0.0,0.0
2007-11-02,53.83333206176758,54.310001373291016,52.81999969482422,53.78333282470703,36.0040397644043,59190000,0.0,0.0,0.0
2007-11-05,52.366668701171875,52.630001068115234,51.543331146240234,51.913333892822266,34.75221252441406,43943400,0.0,0.0,0.0
2007-11-06,53.426666259765625,54.09000015258789,52.66999816894531,53.883331298828125,36.070987701416016,40065300,0.0,0.0,0.0
2007-11-07,53.09333419799805,53.5533332824707,51.90666580200195,52.16666793823242,34.92180633544922,46819800,0.0,0.0,0.0
2007-11-08,52.40666580200195,52.96666717529297,50.630001068115234,52.43333435058594,35.10031509399414,83404200,0.0,0.0,0.0
2007-11-09,51.48666763305664,52.20000076293945,50.8033332824707,51.20000076293945,34.274696350097656,52806000,0.0,0.0,0.0
2007-11-12,50.483333587646484,50.79666519165039,48.34000015258789,48.366668701171875,32.37798309326172,69956100,0.0,0.0,0.0
2007-11-13,50.29999923706055,51.973331451416016,50.09000015258789,51.78333282470703,34.665191650390625,74957100,0.0,0.0,0.0
2007-11-14,52.77000045776367,53.099998474121094,51.459999084472656,51.83333206176758,34.69865798950195,47813100,0.0,0.0,0.0
2007-11-15,51.2400016784668,51.77333450317383,50.130001068115234,50.63999938964844,33.899803161621094,55260300,0.0,0.0,0.0
2007-11-16,50.813331604003906,51.36000061035156,50.04999923706055,51.266666412353516,34.31930923461914,60026400,0.0,0.0,0.0
2007-11-19,50.3033332824707,50.4033317565918,48.46666717529297,48.9033317565918,32.73723602294922,52244700,0.0,0.0,0.0
2007-11-20,49.496665954589844,50.72999954223633,48.99333190917969,50.246665954589844,33.6364860534668,83208600,0.0,0.0,0.0
2007-11-21,48.56999969482422,48.76333236694336,47.40666580200195,47.71666717529297,31.942834854125977,77409000,0.0,0.0,0.0
2007-11-23,48.58333206176758,49.733333587646484,48.58333206176758,49.12666702270508,32.88675308227539,24243900,0.0,0.0,0.0
2007-11-26,49.34000015258789,49.81999969482422,47.176666259765625,47.176666259765625,31.58136749267578,72462000,0.0,0.0,0.0
2007-11-27,47.91666793823242,49.1966667175293,47.643333435058594,48.983333587646484,32.79079818725586,75099600,0.0,0.0,0.0
2007-11-28,49.52333450317383,51.66666793823242,49.5,51.66666793823242,34.587074279785156,100931400,0.0,0.0,0.0
2007-11-29,51.04999923706055,51.75,50.65999984741211,51.03333282470703,34.16310501098633,62430600,0.0,0.0,0.0
2007-11-30,52.426666259765625,52.56666564941406,51.05666732788086,51.46666717529297,34.45319747924805,64310400,0.0,0.0,0.0
2007-12-03,51.369998931884766,51.64666748046875,50.900001525878906,51.02000045776367,34.15419387817383,41652600,0.0,0.0,0.0
2007-12-04,50.8033332824707,51.496665954589844,50.73666763305664,50.88666534423828,34.06493377685547,32139000,0.0,0.0,0.0
2007-12-05,52.099998474121094,53.150001525878906,52.099998474121094,53.14666748046875,35.57783126831055,46454100,0.0,0.0,0.0
2007-12-06,52.866668701171875,54.04999923706055,52.66666793823242,53.983333587646484,36.137916564941406,49785000,0.0,0.0,0.0
2007-12-07,53.733333587646484,53.79999923706055,53.09000015258789,53.34333419799805,35.70949172973633,47259900,0.0,0.0,0.0
2007-12-10,53.33333206176758,53.57666778564453,53.0966682434082,53.36000061035156,35.72065353393555,30087600,0.0,0.0,0.0
2007-12-11,53.59333419799805,53.7400016784668,50.900001525878906,51.099998474121094,34.20774459838867,67515900,0.0,0.0,0.0
2007-12-12,53.43333435058594,53.880001068115234,51.48666763305664,52.633331298828125,35.23419189453125,72613200,0.0,0.0,0.0
2007-12-13,51.16666793823242,51.59333419799805,50.483333587646484,51.186668395996094,34.26576232910156,75751200,0.0,0.0,0.0
2007-12-14,50.133331298828125,50.790000915527344,49.936668395996094,49.96666717529297,33.44905471801758,52611000,0.0,0.0,0.0
2007-12-17,49.119998931884766,49.20333480834961,47.813331604003906,47.836666107177734,32.02317428588867,62022000,0.0,0.0,0.0
2007-12-18,49.349998474121094,49.38666534423828,47.90999984741211,49.150001525878906,32.90235900878906,69887400,0.0,0.0,0.0
2007-12-19,49.32666778564453,49.77333450317383,49.003334045410156,49.470001220703125,33.116573333740234,56490000,0.0,0.0,0.0
2007-12-20,49.706668853759766,49.86000061035156,49.086666107177734,49.7400016784668,33.29732131958008,45520800,0.0,0.0,0.0
2007-12-21,50.46666717529297,51.2400016784668,50.366668701171875,51.2400016784668,34.30146026611328,56436300,0.0,0.0,0.0
2007-12-24,50.689998626708984,51.45333480834961,50.62666702270508,51.4466667175293,34.881614685058594,18304800,0.649,0.0,0.0
2007-12-26,51.04999923706055,51.82666778564453,50.95000076293945,51.71333312988281,35.06242370605469,23497500,0.0,0.0,0.0
2007-12-27,51.246665954589844,51.34333419799805,50.39666748046875,50.52000045776367,34.253326416015625,30705600,0.0,0.0,0.0
2007-12-28,51.03666687011719,51.18000030517578,50.33000183105469,50.709999084472656,34.382144927978516,37557000,0.0,0.0,0.0
2007-12-31,50.849998474121094,50.96333312988281,50.003334045410156,50.099998474121094,33.96855545043945,26840400,0.0,0.0,0.0
2008-01-02,50.439998626708984,50.753334045410156,48.970001220703125,49.27333450317383,33.408058166503906,68029800,0.0,0.0,0.0
2008-01-03,49.866668701171875,50.05666732788086,49.48666763305664,49.71666717529297,33.70865249633789,47760300,0.0,0.0,0.0
2008-01-04,49.2599983215332,49.349998474121094,47.75666809082031,48.223331451416016,32.69614791870117,83071200,0.0,0.0,0.0
2008-01-07,48.62333297729492,48.93333435058594,47.810001373291016,48.57666778564453,32.93572235107422,54090900,0.0,0.0,0.0
2008-01-08,49.13999938964844,49.65666580200195,48.06999969482422,48.20000076293945,32.680328369140625,88767900,0.0,0.0,0.0
2008-01-09,48.9033317565918,49.779998779296875,48.20000076293945,49.779998779296875,33.75157928466797,85492200,0.0,0.0,0.0
2008-01-10,48.973331451416016,50.650001525878906,48.7400016784668,50.366668701171875,34.149356842041016,84510900,0.0,0.0,0.0
2008-01-11,49.29999923706055,49.883331298828125,48.663333892822266,48.95000076293945,33.1888313293457,78241200,0.0,0.0,0.0
2008-01-14,49.68000030517578,49.91666793823242,49.233333587646484,49.66999816894531,33.67700958251953,70594500,0.0,0.0,0.0
2008-01-15,48.70000076293945,48.88999938964844,47.266666412353516,47.42333221435547,32.15373229980469,90633900,0.0,0.0,0.0
2008-01-16,46.71666717529297,46.91999816894531,44.72666549682617,45.45000076293945,30.81578826904297,141276600,0.0,0.0,0.0
2008-01-17,46.16666793823242,46.49333190917969,43.93000030517578,44.12666702270508,29.91855239868164,133308000,0.0,0.0,0.0
2008-01-18,45.48666763305664,45.753334045410156,44.05666732788086,45.133331298828125,30.601076126098633,119655300,0.0,0.0,0.0
2008-01-22,42.310001373291016,45.03333282470703,41.83333206176758,44.0,29.832645416259766,153342900,0.0,0.0,0.0
2008-01-23,42.040000915527344,44.43000030517578,40.676666259765625,44.279998779296875,30.022520065307617,173383800,0.0,0.0,0.0
2008-01-24,44.20000076293945,45.4466667175293,44.106666564941406,45.13999938964844,30.60561180114746,93140700,0.0,0.0,0.0
2008-01-25,45.99333190917969,46.27333450317383,44.27000045776367,44.45333480834961,30.140033721923828,65709300,0.0,0.0,0.0
2008-01-28,44.366668701171875,45.5533332824707,42.33333206176758,45.5533332824707,30.88583755493164,61924200,0.0,0.0,0.0
2008-01-29,45.439998626708984,45.53666687011719,44.69333267211914,45.33000183105469,30.734424591064453,42873000,0.0,0.0,0.0
2008-01-30,44.650001525878906,46.36000061035156,44.380001068115234,44.733333587646484,30.32987403869629,90782400,0.0,0.0,0.0
2008-01-31,43.880001068115234,45.93333435058594,43.70333480834961,45.630001068115234,30.937824249267578,91635900,0.0,0.0,0.0
2008-02-01,45.866668701171875,46.6966667175293,45.66666793823242,46.540000915527344,31.554813385009766,66237600,0.0,0.0,0.0
2008-02-04,46.880001068115234,47.0,46.40666580200195,46.68333435058594,31.651996612548828,47431800,0.0,0.0,0.0
2008-02-05,45.650001525878906,45.75,43.733333587646484,44.16999816894531,29.947917938232422,81961200,0.0,0.0,0.0
2008-02-06,44.5,45.03666687011719,43.3033332824707,43.4466667175293,29.457494735717773,94311600,0.0,0.0,0.0
2008-02-07,43.29999923706055,44.61000061035156,42.869998931884766,44.18333435058594,29.956966400146484,81689400,0.0,0.0,0.0
2008-02-08,43.633331298828125,44.40999984741211,43.47666549682617,44.099998474121094,29.90046501159668,64338300,0.0,0.0,0.0
2008-02-11,43.939998626708984,44.663333892822266,43.42333221435547,44.64666748046875,30.2711181640625,62668500,0.0,0.0,0.0
2008-02-12,45.086666107177734,46.13666534423828,44.97999954223633,45.366668701171875,30.75928497314453,95163900,0.0,0.0,0.0
2008-02-13,45.849998474121094,46.52000045776367,45.33333206176758,46.38666534423828,31.450851440429688,80838300,0.0,0.0,0.0
2008-02-14,46.8033332824707,46.9466667175293,45.746665954589844,45.790000915527344,31.046310424804688,77572200,0.0,0.0,0.0
2008-02-15,45.936668395996094,46.14666748046875,45.393333435058594,46.116668701171875,31.26779556274414,40972800,0.0,0.0,0.0
2008-02-19,47.32666778564453,47.369998931884766,46.44333267211914,46.720001220703125,31.676862716674805,60714600,0.0,0.0,0.0
2008-02-20,45.983333587646484,47.28666687011719,45.77000045776367,47.11000061035156,31.9412841796875,67324200,0.0,0.0,0.0
2008-02-21,47.41666793823242,47.52000045776367,46.279998779296875,46.45000076293945,31.493806838989258,47179200,0.0,0.0,0.0
2008-02-22,46.92333221435547,47.150001525878906,45.880001068115234,47.073333740234375,31.916425704956055,58150800,0.0,0.0,0.0
2008-02-25,46.983333587646484,48.01333236694336,46.643333435058594,47.95000076293945,32.51082992553711,62952600,0.0,0.0,0.0
2008-02-26,47.59333419799805,48.766666412353516,47.43000030517578,48.58333206176758,32.940223693847656,62865300,0.0,0.0,0.0
2008-02-27,48.21666717529297,49.28333282470703,48.10333251953125,48.99333190917969,33.21821594238281,59912700,0.0,0.0,0.0
2008-02-28,48.48666763305664,48.87666702270508,48.223331451416016,48.46666717529297,32.86111068725586,52139100,0.0,0.0,0.0
2008-02-29,47.93333435058594,47.95000076293945,46.456668853759766,46.540000915527344,31.554813385009766,69116400,0.0,0.0,0.0
2008-03-03,46.543331146240234,47.11333465576172,46.0,46.793331146240234,31.72658920288086,85376100,0.0,0.0,0.0
2008-03-04,46.0099983215332,46.439998626708984,44.85333251953125,45.706668853759766,30.989810943603516,95442600,0.0,0.0,0.0
2008-03-05,46.2400016784668,46.866668701171875,45.90999984741211,46.66666793823242,31.640695571899414,63579300,0.0,0.0,0.0
2008-03-06,46.400001525878906,46.54999923706055,45.0099983215332,45.06666564941406,30.555877685546875,57511500,0.0,0.0,0.0
2008-03-07,44.64666748046875,45.5099983215332,44.150001525878906,44.44333267211914,30.133264541625977,70810500,0.0,0.0,0.0
2008-03-10,44.7599983215332,44.7599983215332,43.2400016784668,43.663333892822266,29.604393005371094,70676700,0.0,0.0,0.0
2008-03-11,45.52000045776367,46.633331298828125,44.78333282470703,46.599998474121094,31.595500946044922,100189800,0.0,0.0,0.0
2008-03-12,46.099998474121094,46.66666793823242,45.606666564941406,45.73666763305664,31.01015281677246,59353200,0.0,0.0,0.0
2008-03-13,44.436668395996094,45.776668548583984,44.08333206176758,45.31999969482422,30.727643966674805,85102500,0.0,0.0,0.0
2008-03-14,45.3033332824707,45.41666793823242,43.366668701171875,43.71333312988281,29.6382999420166,94845000,0.0,0.0,0.0
2008-03-17,42.086666107177734,43.00666809082031,41.619998931884766,42.633331298828125,28.906044006347656,104934000,0.0,0.0,0.0
2008-03-18,43.516666412353516,44.93000030517578,43.41999816894531,44.849998474121094,30.408973693847656,82055700,0.0,0.0,0.0
2008-03-19,44.349998474121094,44.633331298828125,42.099998474121094,42.15666580200195,28.582855224609375,98289000,0.0,0.0,0.0
2008-03-20,42.12333297729492,42.983333587646484,41.59333419799805,42.866668701171875,29.06424903869629,83455200,0.0,0.0,0.0
2008-03-24,43.459999084472656,44.8466682434082,43.23666763305664,44.5099983215332,30.17844581604004,63315000,0.0,0.0,0.0
2008-03-25,44.5533332824707,45.27000045776367,44.54999923706055,45.19333267211914,30.64175796508789,49837200,0.0,0.0,0.0
2008-03-26,44.96333312988281,45.026668548583984,44.39666748046875,44.82666778564453,30.393157958984375,46039800,0.0,0.0,0.0
2008-03-27,45.26333236694336,45.290000915527344,44.543331146240234,44.61000061035156,30.24625587463379,45650100,0.0,0.0,0.0
2008-03-28,45.003334045410156,45.08333206176758,44.36333465576172,44.529998779296875,30.192005157470703,42123300,0.0,0.0,0.0
2008-03-31,44.616668701171875,44.84000015258789,44.39666748046875,44.793331146240234,30.370546340942383,51357900,0.0,0.0,0.0
2008-04-01,45.29666519165039,46.54999923706055,45.19333267211914,46.51333236694336,31.536746978759766,59322000,0.0,0.0,0.0
2008-04-02,46.51333236694336,46.893333435058594,46.0,46.54666519165039,31.55933380126953,48963000,0.0,0.0,0.0
2008-04-03,46.383331298828125,47.413333892822266,46.25,47.11333465576172,31.94354820251465,49385100,0.0,0.0,0.0
2008-04-04,46.87333297729492,47.543331146240234,46.57666778564453,46.92333221435547,31.814720153808594,48387300,0.0,0.0,0.0
2008-04-07,47.74333190917969,48.18333435058594,47.25666809082031,47.54666519165039,32.23735809326172,48936600,0.0,0.0,0.0
2008-04-08,47.150001525878906,47.529998779296875,46.959999084472656,47.28666687011719,32.06106185913086,37712100,0.0,0.0,0.0
2008-04-09,47.12666702270508,47.293331146240234,46.35333251953125,46.54999923706055,31.561601638793945,38654100,0.0,0.0,0.0
2008-04-10,46.89666748046875,47.41999816894531,46.47666549682617,47.21666717529297,32.01361083984375,38757600,0.0,0.0,0.0
2008-04-11,46.74333190917969,46.996665954589844,46.22666549682617,46.4466667175293,31.491544723510742,45471000,0.0,0.0,0.0
2008-04-14,46.25666809082031,46.72666549682617,46.003334045410156,46.336666107177734,31.416955947875977,43521300,0.0,0.0,0.0
2008-04-15,46.85333251953125,46.97666549682617,46.45000076293945,46.880001068115234,31.78535270690918,34587600,0.0,0.0,0.0
2008-04-16,47.439998626708984,48.53333282470703,47.43333435058594,48.266666412353516,32.725528717041016,52355400,0.0,0.0,0.0
2008-04-17,47.80666732788086,48.12333297729492,47.54999923706055,47.91666793823242,32.48822021484375,35445900,0.0,0.0,0.0
2008-04-18,48.58000183105469,48.900001525878906,48.206668853759766,48.63999938964844,32.9786376953125,43182300,0.0,0.0,0.0
2008-04-21,48.40999984741211,48.956668853759766,47.33333206176758,48.88666534423828,33.14588928222656,39228000,0.0,0.0,0.0
2008-04-22,48.723331451416016,48.8033332824707,48.073333740234375,48.43333435058594,32.838539123535156,45971400,0.0,0.0,0.0
2008-04-23,48.939998626708984,49.15999984741211,48.53333282470703,49.130001068115234,33.310874938964844,38048400,0.0,0.0,0.0
2008-04-24,48.970001220703125,49.150001525878906,48.106666564941406,48.5,32.883724212646484,38298300,0.0,0.0,0.0
2008-04-25,48.900001525878906,48.94333267211914,48.150001525878906,48.856666564941406,33.12555694580078,36429900,0.0,0.0,0.0
2008-04-28,49.016666412353516,49.14666748046875,48.68000030517578,48.76333236694336,33.06227111816406,28076100,0.0,0.0,0.0
2008-04-29,48.633331298828125,48.633331298828125,47.85333251953125,47.900001525878906,32.47691345214844,43114200,0.0,0.0,0.0
2008-04-30,48.20000076293945,49.040000915527344,48.060001373291016,48.88666534423828,33.14588928222656,56735100,0.0,0.0,0.0
2008-05-01,48.866668701171875,49.50666809082031,48.58000183105469,49.40666580200195,33.49846649169922,36340500,0.0,0.0,0.0
2008-05-02,50.026668548583984,50.09000015258789,49.5,49.880001068115234,33.819400787353516,36100200,0.0,0.0,0.0
2008-05-05,49.83333206176758,50.060001373291016,49.573333740234375,49.84333419799805,33.79452896118164,22732500,0.0,0.0,0.0
2008-05-06,49.663333892822266,50.516666412353516,49.43333435058594,50.400001525878906,34.17195510864258,36007500,0.0,0.0,0.0
2008-05-07,49.99333190917969,50.116668701171875,48.8033332824707,48.900001525878906,33.15492630004883,52249200,0.0,0.0,0.0
2008-05-08,49.143333435058594,49.5966682434082,49.040000915527344,49.4033317565918,33.49620056152344,34318500,0.0,0.0,0.0
2008-05-09,48.956668853759766,49.163333892822266,48.706668853759766,49.0,33.22274398803711,33387000,0.0,0.0,0.0
2008-05-12,49.073333740234375,49.650001525878906,48.71333312988281,49.630001068115234,33.64988708496094,31889100,0.0,0.0,0.0
2008-05-13,49.75,49.970001220703125,49.41666793823242,49.866668701171875,33.81034469604492,24984000,0.0,0.0,0.0
2008-05-14,50.25,50.4900016784668,49.88999938964844,49.98666763305664,33.89173126220703,27882000,0.0,0.0,0.0
2008-05-15,50.279998779296875,51.08000183105469,50.130001068115234,51.04999923706055,34.61266326904297,41979600,0.0,0.0,0.0
2008-05-16,51.31666564941406,51.733333587646484,51.130001068115234,51.70000076293945,35.05338668823242,30127200,0.0,0.0,0.0
2008-05-19,51.720001220703125,52.48666763305664,51.5966682434082,51.709999084472656,35.060150146484375,45427200,0.0,0.0,0.0
2008-05-20,50.97999954223633,51.0,50.52333450317383,50.813331604003906,34.45220947265625,44971500,0.0,0.0,0.0
2008-05-21,51.029998779296875,51.38999938964844,50.119998931884766,50.29666519165039,34.101898193359375,47546700,0.0,0.0,0.0
2008-05-22,50.563331604003906,50.643333435058594,50.11333465576172,50.44333267211914,34.20134353637695,26301300,0.0,0.0,0.0
2008-05-23,50.00666809082031,50.116668701171875,49.349998474121094,49.563331604003906,33.60469055175781,31783500,0.0,0.0,0.0
2008-05-27,49.40666580200195,49.61333465576172,48.97999954223633,49.483333587646484,33.55044937133789,35205600,0.0,0.0,0.0
2008-05-28,49.63666534423828,50.150001525878906,49.18333435058594,50.150001525878906,34.0024528503418,31076400,0.0,0.0,0.0
2008-05-29,50.1966667175293,50.83333206176758,49.97666549682617,50.2599983215332,34.0770263671875,36030300,0.0,0.0,0.0
2008-05-30,50.55666732788086,50.84000015258789,50.366668701171875,50.43333435058594,34.1945686340332,29933400,0.0,0.0,0.0
2008-06-02,50.393333435058594,50.393333435058594,49.52000045776367,49.83333206176758,33.78774642944336,39888600,0.0,0.0,0.0
2008-06-03,49.849998474121094,49.926666259765625,48.73666763305664,48.93333435058594,33.17753982543945,44795100,0.0,0.0,0.0
2008-06-04,48.663333892822266,49.106666564941406,48.41666793823242,48.50666809082031,32.888248443603516,46607100,0.0,0.0,0.0
2008-06-05,48.926666259765625,50.04999923706055,48.78333282470703,50.04999923706055,33.93463897705078,36879600,0.0,0.0,0.0
2008-06-06,49.349998474121094,49.45000076293945,48.23666763305664,48.23666763305664,32.70518493652344,48717600,0.0,0.0,0.0
2008-06-09,48.4033317565918,48.60333251953125,47.53333282470703,48.11333465576172,32.621559143066406,49329300,0.0,0.0,0.0
2008-06-10,47.393333435058594,47.41666793823242,46.90666580200195,47.003334045410156,31.868967056274414,67029600,0.0,0.0,0.0
2008-06-11,47.16666793823242,47.290000915527344,46.266666412353516,46.29999923706055,31.39210319519043,72144300,0.0,0.0,0.0
2008-06-12,46.650001525878906,47.253334045410156,46.356666564941406,46.56999969482422,31.575162887573242,59169900,0.0,0.0,0.0
2008-06-13,46.599998474121094,47.22999954223633,46.349998474121094,47.073333740234375,31.916425704956055,42621000,0.0,0.0,0.0
2008-06-16,47.03333282470703,47.40666580200195,46.91666793823242,47.233333587646484,32.02490997314453,34441200,0.0,0.0,0.0
2008-06-17,47.72999954223633,47.86000061035156,47.400001525878906,47.43333435058594,32.16050720214844,38012100,0.0,0.0,0.0
2008-06-18,47.356666564941406,47.563331604003906,46.733333587646484,47.20333480834961,32.00457763671875,48612300,0.0,0.0,0.0
2008-06-19,46.983333587646484,47.426666259765625,46.813331604003906,47.276668548583984,32.054290771484375,52999500,0.0,0.0,0.0
2008-06-20,46.51333236694336,46.62333297729492,45.643333435058594,45.733333587646484,31.00787925720215,94397400,0.0,0.0,0.0
2008-06-23,45.91666793823242,46.06999969482422,45.66999816894531,45.866668701171875,31.098285675048828,50194200,0.0,0.0,0.0
2008-06-24,45.619998931884766,46.18333435058594,45.24333190917969,45.663333892822266,30.960424423217773,55306800,0.0,0.0,0.0
2008-06-25,45.45333480834961,46.43000030517578,45.45333480834961,46.04999923706055,31.580371856689453,64861200,0.517333,0.0,0.0
2008-06-26,45.29999923706055,45.42333221435547,44.43333435058594,44.470001220703125,30.49683952331543,69863700,0.0,0.0,0.0
2008-06-27,44.676666259765625,45.12333297729492,44.43333435058594,44.900001525878906,30.791728973388672,54488400,0.0,0.0,0.0
2008-06-30,45.21666717529297,45.393333435058594,44.96333312988281,45.2400016784668,31.02488136291504,52705800,0.0,0.0,0.0
2008-07-01,44.21666717529297,44.61000061035156,43.606666564941406,44.43333435058594,30.471694946289062,88602600,0.0,0.0,0.0
2008-07-02,44.63666534423828,44.77333450317383,43.060001373291016,43.16666793823242,29.603036880493164,77359500,0.0,0.0,0.0
2008-07-03,43.60333251953125,43.60333251953125,42.63999938964844,43.043331146240234,29.518449783325195,51487800,0.0,0.0,0.0
2008-07-07,43.400001525878906,43.85333251953125,42.5,42.88999938964844,29.413297653198242,84791100,0.0,0.0,0.0
2008-07-08,42.81999969482422,43.45000076293945,42.26333236694336,43.41666793823242,29.77448081970215,91546200,0.0,0.0,0.0
2008-07-09,43.599998474121094,43.95333480834961,42.426666259765625,42.540000915527344,29.173274993896484,89474400,0.0,0.0,0.0
2008-07-10,43.063331604003906,43.52333450317383,42.5966682434082,43.310001373291016,29.701330184936523,82659300,0.0,0.0,0.0
2008-07-11,42.973331451416016,43.650001525878906,42.58333206176758,43.02000045776367,29.50245475769043,74596200,0.0,0.0,0.0
2008-07-14,43.619998931884766,43.8466682434082,41.733333587646484,42.96666717529297,29.46587562561035,48638400,0.0,0.0,0.0
2008-07-15,42.30666732788086,43.01333236694336,41.52333450317383,42.25,28.974403381347656,108376500,0.0,0.0,0.0
2008-07-16,42.246665954589844,43.58333206176758,42.02333450317383,43.470001220703125,29.811054229736328,72721800,0.0,0.0,0.0
2008-07-17,43.709999084472656,44.073333740234375,43.356666564941406,43.67333221435547,29.95049285888672,88662300,0.0,0.0,0.0
2008-07-18,43.310001373291016,43.676666259765625,43.143333435058594,43.29666519165039,29.692182540893555,50926800,0.0,0.0,0.0
2008-07-21,43.563331604003906,43.96666717529297,43.49333190917969,43.83333206176758,30.060226440429688,42357300,0.0,0.0,0.0
2008-07-22,43.293331146240234,43.866668701171875,43.01333236694336,43.86000061035156,30.078510284423828,47977800,0.0,0.0,0.0
2008-07-23,44.08000183105469,44.35333251953125,43.77000045776367,43.92333221435547,30.12194061279297,142368000,0.0,0.0,0.0
2008-07-24,43.65999984741211,44.0,41.58000183105469,42.29999923706055,29.00868034362793,33791200,0.0,3.0,0.0
2008-07-25,42.650001525878906,42.75,42.2400016784668,42.59000015258789,29.207569122314453,26549400,0.0,0.0,0.0
2008-07-28,42.63999938964844,42.7400016784668,41.75,41.869998931884766,28.713804244995117,22918200,0.0,0.0,0.0
2008-07-29,41.9900016784668,44.189998626708984,41.7599983215332,44.189998626708984,30.304832458496094,28970800,0.0,0.0,0.0
2008-07-30,43.470001220703125,44.400001525878906,42.02000045776367,43.72999954223633,29.989355087280273,38187600,0.0,0.0,0.0
2008-07-31,42.84000015258789,43.689998626708984,42.650001525878906,42.75,29.317285537719727,65916000,0.0,0.0,0.0
2008-08-01,43.20000076293945,43.20000076293945,42.15999984741211,42.459999084472656,29.118408203125,36367800,0.0,0.0,0.0
2008-08-04,41.95000076293945,42.08000183105469,40.959999084472656,41.15999984741211,28.226900100708008,55599400,0.0,0.0,0.0
2008-08-05,41.20000076293945,41.790000915527344,41.0099983215332,41.689998626708984,28.590356826782227,42552600,0.0,0.0,0.0
2008-08-06,41.599998474121094,42.52000045776367,41.54999923706055,42.52000045776367,29.15955352783203,34367700,0.0,0.0,0.0
2008-08-07,41.720001220703125,41.79999923706055,40.939998626708984,41.060001373291016,28.15831756591797,38381200,0.0,0.0,0.0
2008-08-08,40.56999969482422,41.290000915527344,40.40999984741211,41.15999984741211,28.226900100708008,51194100,0.0,0.0,0.0
2008-08-11,40.90999984741211,41.13999938964844,40.58000183105469,40.72999954223633,27.9320011138916,43444700,0.0,0.0,0.0
2008-08-12,40.41999816894531,40.709999084472656,39.9900016784668,40.38999938964844,27.698829650878906,39537600,0.0,0.0,0.0
2008-08-13,40.040000915527344,40.52000045776367,39.63999938964844,40.380001068115234,27.691984176635742,52150600,0.0,0.0,0.0
2008-08-14,40.36000061035156,41.06999969482422,40.349998474121094,40.90999984741211,28.055444717407227,34218600,0.0,0.0,0.0
2008-08-15,40.7400016784668,40.95000076293945,40.20000076293945,40.27000045776367,27.616544723510742,37679300,0.0,0.0,0.0
2008-08-18,40.45000076293945,40.5,39.2599983215332,39.59000015258789,27.150203704833984,34649700,0.0,0.0,0.0
2008-08-19,39.130001068115234,39.38999938964844,38.72999954223633,39.2599983215332,26.92389488220215,58501700,0.0,0.0,0.0
2008-08-20,39.790000915527344,40.290000915527344,39.65999984741211,40.2599983215332,27.60968589782715,39617100,0.0,0.0,0.0
2008-08-21,39.7400016784668,40.439998626708984,39.66999816894531,40.20000076293945,27.56852912902832,26882500,0.0,0.0,0.0
2008-08-22,40.439998626708984,40.459999084472656,39.66999816894531,40.16999816894531,27.547962188720703,19299700,0.0,0.0,0.0
2008-08-25,40.040000915527344,40.099998474121094,39.310001373291016,39.34000015258789,26.978761672973633,30942400,0.0,0.0,0.0
2008-08-26,39.459999084472656,39.65999984741211,39.20000076293945,39.40999984741211,27.026763916015625,25493200,0.0,0.0,0.0
2008-08-27,39.7400016784668,40.349998474121094,39.630001068115234,40.25,27.602827072143555,31425700,0.0,0.0,0.0
2008-08-28,40.33000183105469,40.61000061035156,40.22999954223633,40.529998779296875,27.794841766357422,29213700,0.0,0.0,0.0
2008-08-29,40.45000076293945,40.47999954223633,39.849998474121094,40.04999923706055,27.465673446655273,26262300,0.0,0.0,0.0
2008-09-02,39.369998931884766,39.709999084472656,38.7599983215332,38.84000015258789,26.635866165161133,43801700,0.0,0.0,0.0
2008-09-03,38.7599983215332,38.7599983215332,37.90999984741211,38.20000076293945,26.196971893310547,58412400,0.0,0.0,0.0
2008-09-04,37.77000045776367,37.90999984741211,36.400001525878906,36.439998626708984,24.989992141723633,70453100,0.0,0.0,0.0
2008-09-05,36.40999984741211,37.029998779296875,35.95000076293945,36.959999084472656,25.346593856811523,58892600,0.0,0.0,0.0
2008-09-08,38.58000183105469,38.75,36.869998931884766,37.41999816894531,25.66205596923828,64826300,0.0,0.0,0.0
2008-09-09,36.70000076293945,36.880001068115234,34.75,35.31999969482422,24.221912384033203,71020700,0.0,0.0,0.0
2008-09-10,35.93000030517578,36.209999084472656,35.22999954223633,35.88999938964844,24.612804412841797,74811000,0.0,0.0,0.0
2008-09-11,34.66999816894531,35.45000076293945,34.349998474121094,35.36000061035156,24.249338150024414,103649900,0.0,0.0,0.0
2008-09-12,35.25,36.9900016784668,35.040000915527344,36.540000915527344,25.058568954467773,83241400,0.0,0.0,0.0
2008-09-15,34.349998474121094,35.2599983215332,33.54999923706055,33.66999816894531,23.090362548828125,108168400,0.0,0.0,0.0
2008-09-16,32.189998626708984,34.25,31.950000762939453,33.959999084472656,23.28924560546875,115788300,0.0,0.0,0.0
2008-09-17,32.880001068115234,33.2400016784668,31.3799991607666,31.549999237060547,21.63650131225586,153448700,0.0,0.0,0.0
2008-09-18,32.70000076293945,34.79999923706055,31.209999084472656,34.209999084472656,23.460683822631836,155272500,0.0,0.0,0.0
2008-09-19,38.77000045776367,39.75,36.04999923706055,38.470001220703125,26.38212776184082,157949600,0.0,0.0,0.0
2008-09-22,37.75,37.75,35.880001068115234,35.959999084472656,24.660804748535156,112364700,0.0,0.0,0.0
2008-09-23,35.630001068115234,36.310001373291016,34.380001068115234,34.84000015258789,23.892730712890625,75596800,0.0,0.0,0.0
2008-09-24,35.45000076293945,35.7400016784668,34.779998779296875,35.2400016784668,24.16704559326172,64728700,0.0,0.0,0.0
2008-09-25,35.720001220703125,37.5,35.5,37.04999923706055,25.408313751220703,98210700,0.0,0.0,0.0
2008-09-26,35.099998474121094,36.06999969482422,34.0,35.790000915527344,24.544221878051758,56618700,0.0,0.0,0.0
2008-09-29,34.130001068115234,34.33000183105469,30.8799991607666,31.610000610351562,21.677650451660156,126723300,0.0,0.0,0.0
2008-09-30,33.22999954223633,34.529998779296875,32.75,34.16999816894531,23.43324851989746,77582900,0.0,0.0,0.0
2008-10-01,33.810001373291016,34.58000183105469,33.099998474121094,34.58000183105469,23.714427947998047,69638300,0.0,0.0,0.0
2008-10-02,33.27000045776367,33.279998779296875,31.459999084472656,31.549999237060547,21.63650131225586,81034600,0.0,0.0,0.0
2008-10-03,31.93000030517578,33.08000183105469,30.649999618530273,30.719999313354492,21.06730079650879,83974700,0.0,0.0,0.0
2008-10-06,28.479999542236328,28.8799991607666,26.520000457763672,28.40999984741211,19.483139038085938,155814800,0.0,0.0,0.0
2008-10-07,28.8700008392334,29.110000610351562,26.200000762939453,26.200000762939453,17.967552185058594,115117100,0.0,0.0,0.0
2008-10-08,25.600000381469727,27.3799991607666,25.149999618530273,26.200000762939453,17.967552185058594,133618100,0.0,0.0,0.0
2008-10-09,26.889999389648438,27.299999237060547,24.15999984741211,24.270000457763672,16.64398765563965,129263500,0.0,0.0,0.0
2008-10-10,23.170000076293945,25.989999771118164,22.239999771118164,24.549999237060547,16.836009979248047,181837700,0.0,0.0,0.0
2008-10-13,26.75,30.3700008392334,26.18000030517578,30.139999389648438,20.669540405273438,177204100,0.0,0.0,0.0
2008-10-14,30.100000381469727,31.25,27.809999465942383,28.639999389648438,19.640871047973633,154341500,0.0,0.0,0.0
2008-10-15,26.850000381469727,26.950000762939453,23.90999984741211,24.010000228881836,16.46568489074707,153732000,0.0,0.0,0.0
2008-10-16,24.600000381469727,25.190000534057617,22.549999237060547,25.190000534057617,17.274911880493164,182101100,0.0,0.0,0.0
2008-10-17,23.899999618530273,25.899999618530273,23.579999923706055,24.399999618530273,16.733142852783203,121812700,0.0,0.0,0.0
2008-10-20,25.15999984741211,26.209999084472656,24.790000915527344,26.110000610351562,17.905834197998047,84463900,0.0,0.0,0.0
2008-10-21,25.0,25.350000381469727,24.030000686645508,24.030000686645508,16.479400634765625,86398800,0.0,0.0,0.0
2008-10-22,22.950000762939453,23.110000610351562,21.139999389648438,21.5,14.744366645812988,157052000,0.0,0.0,0.0
2008-10-23,21.399999618530273,22.530000686645508,20.65999984741211,22.100000381469727,15.155834197998047,153277100,0.0,0.0,0.0
2008-10-24,19.3799991607666,20.809999465942383,19.190000534057617,19.81999969482422,13.59224796295166,170199600,0.0,0.0,0.0
2008-10-27,19.309999465942383,20.440000534057617,19.15999984741211,19.299999237060547,13.235640525817871,142877900,0.0,0.0,0.0
2008-10-28,20.639999389648438,24.239999771118164,20.100000381469727,23.34000015258789,16.006208419799805,219283400,0.0,0.0,0.0
2008-10-29,22.219999313354492,24.010000228881836,21.770000457763672,22.600000381469727,15.498729705810547,159872300,0.0,0.0,0.0
2008-10-30,24.5,25.75,24.3700008392334,25.649999618530273,17.59037208557129,186225900,0.0,0.0,0.0
2008-10-31,25.020000457763672,25.950000762939453,24.75,25.43000030517578,17.43950080871582,162086800,0.0,0.0,0.0
2008-11-03,25.639999389648438,25.760000228881836,25.09000015258789,25.200000762939453,17.281768798828125,90109900,0.0,0.0,0.0
2008-11-04,26.420000076293945,27.6299991607666,26.149999618530273,27.5,18.859073638916016,138685300,0.0,0.0,0.0
2008-11-05,26.149999618530273,26.3799991607666,23.799999237060547,24.0,16.458829879760742,153152800,0.0,0.0,0.0
2008-11-06,23.940000534057617,24.18000030517578,22.329999923706055,22.790000915527344,15.629032135009766,158025800,0.0,0.0,0.0
2008-11-07,23.850000381469727,24.68000030517578,23.40999984741211,24.639999389648438,16.89773178100586,152078400,0.0,0.0,0.0
2008-11-10,25.709999084472656,25.709999084472656,24.18000030517578,24.8700008392334,17.055463790893555,96111900,0.0,0.0,0.0
2008-11-11,24.030000686645508,24.280000686645508,22.90999984741211,23.31999969482422,15.992502212524414,128587900,0.0,0.0,0.0
2008-11-12,22.81999969482422,22.84000015258789,21.34000015258789,21.59000015258789,14.806084632873535,182266000,0.0,0.0,0.0
2008-11-13,21.959999084472656,24.729999542236328,20.889999389648438,24.579999923706055,16.85658073425293,241229100,0.0,0.0,0.0
2008-11-14,23.200000762939453,23.65999984741211,22.149999618530273,22.219999313354492,15.238127708435059,180106800,0.0,0.0,0.0
2008-11-17,22.040000915527344,22.790000915527344,21.690000534057617,21.850000381469727,14.984394073486328,118832400,0.0,0.0,0.0
2008-11-18,21.56999969482422,21.969999313354492,20.68000030517578,21.530000686645508,14.764939308166504,111377600,0.0,0.0,0.0
2008-11-19,21.1299991607666,21.360000610351562,19.610000610351562,19.670000076293945,13.489380836486816,155995700,0.0,0.0,0.0
2008-11-20,19.489999771118164,20.06999969482422,18.219999313354492,18.260000228881836,12.522422790527344,244592200,0.0,0.0,0.0
2008-11-21,20.040000915527344,20.989999771118164,18.979999542236328,20.889999389648438,14.32603645324707,248682100,0.0,0.0,0.0
2008-11-24,20.799999237060547,22.649999618530273,20.780000686645508,22.15999984741211,15.196983337402344,188103000,0.0,0.0,0.0
2008-11-25,22.549999237060547,22.600000381469727,21.239999771118164,21.739999771118164,14.908950805664062,133691700,0.0,0.0,0.0
2008-11-26,21.610000610351562,23.440000534057617,21.56999969482422,23.399999618530273,16.047353744506836,120738500,0.0,0.0,0.0
2008-11-28,22.84000015258789,23.079999923706055,22.729999542236328,22.950000762939453,15.738755226135254,36642700,0.0,0.0,0.0
2008-12-01,22.149999618530273,22.200000762939453,20.690000534057617,20.739999771118164,14.22317123413086,138664600,0.0,0.0,0.0
2008-12-02,21.639999389648438,22.1299991607666,21.139999389648438,22.049999237060547,15.121549606323242,112480900,0.0,0.0,0.0
2008-12-03,21.260000228881836,22.3700008392334,21.149999618530273,22.229999542236328,15.244990348815918,93150400,0.0,0.0,0.0
2008-12-04,21.6200008392334,22.200000762939453,21.020000457763672,21.280000686645508,14.59349536895752,117519200,0.0,0.0,0.0
2008-12-05,21.1299991607666,22.549999237060547,20.8799991607666,22.540000915527344,15.457584381103516,96640400,0.0,0.0,0.0
2008-12-08,23.420000076293945,24.209999084472656,23.3799991607666,23.979999542236328,16.445110321044922,122277400,0.0,0.0,0.0
2008-12-09,23.670000076293945,24.290000915527344,23.280000686645508,23.649999618530273,16.21880531311035,103924100,0.0,0.0,0.0
2008-12-10,24.3700008392334,25.1200008392334,24.329999923706055,25.059999465942383,17.185760498046875,100967300,0.0,0.0,0.0
2008-12-11,24.850000381469727,25.579999923706055,24.329999923706055,24.420000076293945,16.746858596801758,112643600,0.0,0.0,0.0
2008-12-12,23.8700008392334,24.969999313354492,23.700000762939453,24.760000228881836,16.98002815246582,98443000,0.0,0.0,0.0
2008-12-15,24.8700008392334,24.90999984741211,24.1200008392334,24.43000030517578,16.753713607788086,67469800,0.0,0.0,0.0
2008-12-16,24.809999465942383,26.459999084472656,24.700000762939453,26.3799991607666,18.09099769592285,146597700,0.0,0.0,0.0
2008-12-17,25.709999084472656,26.329999923706055,25.6200008392334,25.920000076293945,17.775535583496094,97104500,0.0,0.0,0.0
2008-12-18,26.079999923706055,26.170000076293945,25.219999313354492,25.350000381469727,17.384632110595703,92867800,0.0,0.0,0.0
2008-12-19,25.690000534057617,26.0,25.190000534057617,25.440000534057617,17.44635581970215,56422900,0.0,0.0,0.0
2008-12-22,25.25,25.31999969482422,24.18000030517578,24.489999771118164,16.794862747192383,73538500,0.0,0.0,0.0
2008-12-23,24.18000030517578,24.329999923706055,23.799999237060547,23.950000762939453,16.655778884887695,70285300,0.34,0.0,0.0
2008-12-24,24.149999618530273,24.299999237060547,23.670000076293945,24.1200008392334,16.774002075195312,29365000,0.0,0.0,0.0
2008-12-26,24.149999618530273,24.219999313354492,23.729999542236328,24.040000915527344,16.71836280822754,24728700,0.0,0.0,0.0
2008-12-29,24.34000015258789,24.399999618530273,23.790000915527344,24.0,16.690547943115234,36240900,0.0,0.0,0.0
2008-12-30,24.209999084472656,24.709999084472656,24.15999984741211,24.639999389648438,17.13562774658203,50083900,0.0,0.0,0.0
2008-12-31,24.450000762939453,25.06999969482422,24.329999923706055,24.969999313354492,17.365131378173828,44815800,0.0,0.0,0.0
2009-01-02,25.200000762939453,26.3700008392334,25.1299991607666,26.15999984741211,18.192691802978516,69494900,0.0,0.0,0.0
2009-01-05,26.0,26.760000228881836,25.940000534057617,26.5,18.429147720336914,64779500,0.0,0.0,0.0
2009-01-06,26.889999389648438,27.280000686645508,26.700000762939453,27.100000381469727,18.846410751342773,67960000,0.0,0.0,0.0
2009-01-07,26.34000015258789,26.360000610351562,25.440000534057617,25.540000915527344,17.76152801513672,83175000,0.0,0.0,0.0
2009-01-08,25.09000015258789,25.489999771118164,24.899999618530273,25.43000030517578,17.685026168823242,56783900,0.0,0.0,0.0
2009-01-09,25.239999771118164,25.34000015258789,24.6299991607666,24.8799991607666,17.302532196044922,103377500,0.0,0.0,0.0
2009-01-12,24.600000381469727,24.6200008392334,23.65999984741211,23.829999923706055,16.572322845458984,65283500,0.0,0.0,0.0
2009-01-13,23.690000534057617,24.229999542236328,23.56999969482422,23.899999618530273,16.621000289916992,55003100,0.0,0.0,0.0
2009-01-14,23.3700008392334,23.3799991607666,22.530000686645508,22.739999771118164,15.814292907714844,103322800,0.0,0.0,0.0
2009-01-15,22.760000228881836,23.280000686645508,21.920000076293945,23.0,15.995104789733887,109003500,0.0,0.0,0.0
2009-01-16,23.65999984741211,23.68000030517578,22.530000686645508,23.25,16.168968200683594,79520400,0.0,0.0,0.0
2009-01-20,22.530000686645508,22.600000381469727,21.489999771118164,21.520000457763672,14.965860366821289,126067100,0.0,0.0,0.0
2009-01-21,22.09000015258789,22.799999237060547,21.540000915527344,22.690000534057617,15.779518127441406,103794300,0.0,0.0,0.0
2009-01-22,21.940000534057617,22.360000610351562,21.459999084472656,21.940000534057617,15.257940292358398,83312100,0.0,0.0,0.0
2009-01-23,21.1299991607666,22.43000030517578,21.09000015258789,22.219999313354492,15.452667236328125,77371100,0.0,0.0,0.0
2009-01-26,22.450000762939453,23.079999923706055,22.209999084472656,22.479999542236328,15.633480072021484,67314400,0.0,0.0,0.0
2009-01-27,22.75,23.059999465942383,22.549999237060547,22.8799991607666,15.911653518676758,72898600,0.0,0.0,0.0
2009-01-28,23.600000381469727,24.18000030517578,23.479999542236328,24.040000915527344,16.71836280822754,93809800,0.0,0.0,0.0
2009-01-29,23.270000457763672,23.360000610351562,22.809999465942383,22.81999969482422,15.869926452636719,59937600,0.0,0.0,0.0
2009-01-30,23.079999923706055,23.31999969482422,22.469999313354492,22.649999618530273,15.751702308654785,99451200,0.0,0.0,0.0
2009-02-02,22.200000762939453,22.6200008392334,22.100000381469727,22.420000076293945,15.591748237609863,47753900,0.0,0.0,0.0
2009-02-03,22.649999618530273,23.15999984741211,22.389999389648438,23.09000015258789,16.05769920349121,53163700,0.0,0.0,0.0
2009-02-04,23.31999969482422,23.790000915527344,23.059999465942383,23.260000228881836,16.175918579101562,65511300,0.0,0.0,0.0
2009-02-05,23.110000610351562,24.020000457763672,22.889999389648438,23.75,16.516691207885742,95946700,0.0,0.0,0.0
2009-02-06,24.110000610351562,25.040000915527344,24.020000457763672,24.940000534057617,17.344261169433594,79125400,0.0,0.0,0.0
2009-02-09,24.899999618530273,25.110000610351562,24.600000381469727,24.809999465942383,17.253856658935547,53789200,0.0,0.0,0.0
2009-02-10,24.6200008392334,24.850000381469727,23.309999465942383,23.309999465942383,16.210693359375,92940400,0.0,0.0,0.0
2009-02-11,23.899999618530273,24.170000076293945,23.43000030517578,24.010000228881836,16.697498321533203,66598400,0.0,0.0,0.0
2009-02-12,23.270000457763672,23.90999984741211,23.059999465942383,23.860000610351562,16.593185424804688,69735000,0.0,0.0,0.0
2009-02-13,23.959999084472656,24.139999389648438,23.65999984741211,23.979999542236328,16.6766414642334,58072700,0.0,0.0,0.0
2009-02-17,22.59000015258789,22.709999084472656,22.079999923706055,22.450000762939453,15.61262035369873,115591100,0.0,0.0,0.0
2009-02-18,22.469999313354492,22.700000762939453,21.8799991607666,22.290000915527344,15.501348495483398,83947600,0.0,0.0,0.0
2009-02-19,22.760000228881836,22.780000686645508,22.030000686645508,22.079999923706055,15.355305671691895,59593900,0.0,0.0,0.0
2009-02-20,21.399999618530273,21.950000762939453,21.200000762939453,21.520000457763672,14.965860366821289,102871400,0.0,0.0,0.0
2009-02-23,22.1299991607666,22.18000030517578,20.950000762939453,20.989999771118164,14.59727668762207,103469300,0.0,0.0,0.0
2009-02-24,21.190000534057617,22.200000762939453,21.049999237060547,22.139999389648438,15.397028923034668,99563300,0.0,0.0,0.0
2009-02-25,21.979999542236328,22.219999313354492,21.399999618530273,21.760000228881836,15.132763862609863,81182000,0.0,0.0,0.0
2009-02-26,22.040000915527344,22.299999237060547,21.540000915527344,21.56999969482422,15.000627517700195,56997700,0.0,0.0,0.0
2009-02-27,21.010000228881836,21.950000762939453,21.0,21.229999542236328,14.764175415039062,74829200,0.0,0.0,0.0
2009-03-02,20.6200008392334,20.760000228881836,19.860000610351562,19.940000534057617,13.867066383361816,97424500,0.0,0.0,0.0
2009-03-03,20.450000762939453,20.610000610351562,19.889999389648438,20.219999313354492,14.061783790588379,85418100,0.0,0.0,0.0
2009-03-04,21.25,21.950000762939453,21.059999465942383,21.639999389648438,15.049308776855469,102892700,0.0,0.0,0.0
2009-03-05,20.889999389648438,21.209999084472656,20.6299991607666,20.75,14.43037223815918,101629700,0.0,0.0,0.0
2009-03-06,21.18000030517578,21.459999084472656,20.549999237060547,21.100000381469727,14.673772811889648,76598000,0.0,0.0,0.0
2009-03-09,20.81999969482422,21.31999969482422,20.6299991607666,20.690000534057617,14.388642311096191,67052500,0.0,0.0,0.0
2009-03-10,21.579999923706055,22.389999389648438,21.510000228881836,22.3700008392334,15.556979179382324,92651000,0.0,0.0,0.0
2009-03-11,22.540000915527344,22.700000762939453,22.030000686645508,22.3700008392334,15.556979179382324,73894400,0.0,0.0,0.0
2009-03-12,22.280000686645508,23.280000686645508,22.190000534057617,23.229999542236328,16.155057907104492,77706800,0.0,0.0,0.0
2009-03-13,23.40999984741211,23.489999771118164,22.8700008392334,23.360000610351562,16.245468139648438,67993700,0.0,0.0,0.0
2009-03-16,23.729999542236328,24.0,23.350000381469727,23.3799991607666,16.25937271118164,58545900,0.0,0.0,0.0
2009-03-17,23.31999969482422,23.889999389648438,23.149999618530273,23.889999389648438,16.614046096801758,61603300,0.0,0.0,0.0
2009-03-18,23.639999389648438,24.510000228881836,23.280000686645508,24.389999389648438,16.96177101135254,80664200,0.0,0.0,0.0
2009-03-19,24.670000076293945,24.739999771118164,24.1200008392334,24.229999542236328,16.850500106811523,95853100,0.0,0.0,0.0
2009-03-20,24.15999984741211,24.360000610351562,23.81999969482422,23.899999618530273,16.621000289916992,68480300,0.0,0.0,0.0
2009-03-23,24.959999084472656,26.149999618530273,24.90999984741211,26.110000610351562,18.157922744750977,135850200,0.0,0.0,0.0
2009-03-24,25.43000030517578,25.799999237060547,25.219999313354492,25.299999237060547,17.594621658325195,101954700,0.0,0.0,0.0
2009-03-25,25.530000686645508,26.1299991607666,25.170000076293945,25.68000030517578,17.85888671875,111157000,0.0,0.0,0.0
2009-03-26,26.260000228881836,26.479999542236328,25.979999542236328,26.3799991607666,18.345687866210938,76714100,0.0,0.0,0.0
2009-03-27,25.809999465942383,25.84000015258789,25.43000030517578,25.600000381469727,17.803253173828125,98452500,0.0,0.0,0.0
2009-03-30,24.530000686645508,24.540000915527344,24.06999969482422,24.280000686645508,16.885269165039062,78970500,0.0,0.0,0.0
2009-03-31,24.969999313354492,25.200000762939453,24.670000076293945,24.809999465942383,17.253856658935547,83243900,0.0,0.0,0.0
2009-04-01,24.799999237060547,25.709999084472656,24.719999313354492,25.6299991607666,17.824111938476562,62557700,0.0,0.0,0.0
2009-04-02,26.59000015258789,27.40999984741211,26.559999465942383,27.020000457763672,18.790773391723633,106959400,0.0,0.0,0.0
2009-04-03,26.84000015258789,27.420000076293945,26.739999771118164,27.350000381469727,19.020273208618164,75869500,0.0,0.0,0.0
2009-04-06,27.059999465942383,27.110000610351562,26.559999465942383,27.010000228881836,18.783817291259766,71265800,0.0,0.0,0.0
2009-04-07,26.540000915527344,26.719999313354492,26.34000015258789,26.389999389648438,18.35264015197754,45654200,0.0,0.0,0.0
2009-04-08,26.600000381469727,27.0,26.40999984741211,26.780000686645508,18.62387466430664,48555500,0.0,0.0,0.0
2009-04-09,27.68000030517578,27.969999313354492,27.6299991607666,27.950000762939453,19.437530517578125,90146100,0.0,0.0,0.0
2009-04-13,27.8799991607666,28.260000228881836,27.639999389648438,28.1200008392334,19.555755615234375,52643700,0.0,0.0,0.0
2009-04-14,27.950000762939453,28.219999313354492,27.610000610351562,27.670000076293945,19.242815017700195,59824500,0.0,0.0,0.0
2009-04-15,27.75,28.079999923706055,27.579999923706055,28.06999969482422,19.52098846435547,54941500,0.0,0.0,0.0
2009-04-16,28.219999313354492,28.5,27.8700008392334,28.309999465942383,19.687896728515625,81078700,0.0,0.0,0.0
2009-04-17,28.260000228881836,28.34000015258789,27.969999313354492,28.110000610351562,19.548805236816406,53672500,0.0,0.0,0.0
2009-04-20,27.389999389648438,27.399999618530273,26.709999084472656,26.739999771118164,18.596044540405273,81304500,0.0,0.0,0.0
2009-04-21,26.670000076293945,27.3799991607666,26.489999771118164,27.309999465942383,18.992454528808594,78959000,0.0,0.0,0.0
2009-04-22,26.899999618530273,27.600000381469727,26.850000381469727,27.079999923706055,18.83250617980957,49027000,0.0,0.0,0.0
2009-04-23,27.459999084472656,27.559999465942383,27.100000381469727,27.5,19.124584197998047,60314600,0.0,0.0,0.0
2009-04-24,27.93000030517578,28.170000076293945,27.760000228881836,28.020000457763672,19.486221313476562,55511400,0.0,0.0,0.0
2009-04-27,27.200000762939453,27.5,26.90999984741211,27.079999923706055,18.83250617980957,63328900,0.0,0.0,0.0
2009-04-28,26.520000457763672,27.239999771118164,26.5,26.989999771118164,18.769908905029297,47904400,0.0,0.0,0.0
2009-04-29,27.739999771118164,28.65999984741211,27.649999618530273,28.40999984741211,19.75743293762207,74377700,0.0,0.0,0.0
2009-04-30,28.950000762939453,29.030000686645508,28.43000030517578,28.670000076293945,19.938251495361328,98171200,0.0,0.0,0.0
2009-05-01,28.709999084472656,29.309999465942383,28.579999923706055,29.09000015258789,20.230337142944336,57110400,0.0,0.0,0.0
2009-05-04,29.950000762939453,32.04999923706055,29.850000381469727,31.100000381469727,21.6281681060791,98247800,0.0,0.0,0.0
2009-05-05,30.860000610351562,30.889999389648438,30.469999313354492,30.81999969482422,21.433443069458008,68791600,0.0,0.0,0.0
2009-05-06,31.270000457763672,31.600000381469727,30.889999389648438,31.350000381469727,21.802030563354492,73761000,0.0,0.0,0.0
2009-05-07,31.790000915527344,31.809999465942383,30.329999923706055,30.56999969482422,21.259584426879883,75753800,0.0,0.0,0.0
2009-05-08,31.280000686645508,31.690000534057617,30.93000030517578,31.59000015258789,21.968936920166016,75762100,0.0,0.0,0.0
2009-05-11,31.0,31.15999984741211,30.649999618530273,30.850000381469727,21.454303741455078,58826800,0.0,0.0,0.0
2009-05-12,31.350000381469727,31.420000076293945,30.670000076293945,31.06999969482422,21.6073055267334,49679000,0.0,0.0,0.0
2009-05-13,30.360000610351562,30.440000534057617,29.829999923706055,29.93000030517578,20.814504623413086,67084800,0.0,0.0,0.0
2009-05-14,29.809999465942383,30.549999237060547,29.780000686645508,30.360000610351562,21.113544464111328,44896300,0.0,0.0,0.0
2009-05-15,30.3799991607666,30.6299991607666,29.850000381469727,30.079999923706055,20.9188175201416,53304900,0.0,0.0,0.0
2009-05-18,31.09000015258789,31.860000610351562,31.0,31.75,22.080202102661133,74264200,0.0,0.0,0.0
2009-05-19,31.8700008392334,32.45000076293945,31.739999771118164,32.11000061035156,22.330562591552734,73775000,0.0,0.0,0.0
2009-05-20,32.4900016784668,32.90999984741211,32.09000015258789,32.209999084472656,22.400102615356445,77054600,0.0,0.0,0.0
2009-05-21,31.610000610351562,31.790000915527344,31.229999542236328,31.610000610351562,21.98284149169922,63183300,0.0,0.0,0.0
2009-05-22,31.690000534057617,32.08000183105469,31.579999923706055,31.75,22.080202102661133,44241600,0.0,0.0,0.0
2009-05-26,31.25,32.20000076293945,30.969999313354492,32.130001068115234,22.34447479248047,67058200,0.0,0.0,0.0
2009-05-27,32.4900016784668,32.630001068115234,31.739999771118164,31.760000228881836,22.087160110473633,98036100,0.0,0.0,0.0
2009-05-28,32.290000915527344,32.83000183105469,32.02000045776367,32.7400016784668,22.768686294555664,69977300,0.0,0.0,0.0
2009-05-29,33.27000045776367,33.40999984741211,32.880001068115234,33.2400016784668,23.116409301757812,70410400,0.0,0.0,0.0
2009-06-01,34.2599983215332,34.88999938964844,34.099998474121094,34.63999938964844,24.09001922607422,75198300,0.0,0.0,0.0
2009-06-02,34.22999954223633,34.459999084472656,33.959999084472656,34.13999938964844,23.742307662963867,100627600,0.0,0.0,0.0
2009-06-03,33.630001068115234,33.75,32.4900016784668,32.93000030517578,22.900821685791016,108756900,0.0,0.0,0.0
2009-06-04,33.18000030517578,33.650001525878906,30.780000686645508,33.540000915527344,23.325042724609375,71566500,0.0,0.0,0.0
2009-06-05,34.15999984741211,34.16999816894531,33.130001068115234,33.61000061035156,23.37372589111328,71692700,0.0,0.0,0.0
2009-06-08,32.880001068115234,33.369998931884766,32.599998474121094,33.09000015258789,23.01209259033203,64025700,0.0,0.0,0.0
2009-06-09,33.29999923706055,33.349998474121094,32.689998626708984,33.150001525878906,23.05381965637207,62174500,0.0,0.0,0.0
2009-06-10,33.90999984741211,33.95000076293945,33.099998474121094,33.56999969482422,23.345903396606445,60045900,0.0,0.0,0.0
2009-06-11,33.72999954223633,34.599998474121094,33.689998626708984,34.290000915527344,23.846622467041016,68831300,0.0,0.0,0.0
2009-06-12,33.81999969482422,33.869998931884766,33.400001525878906,33.7400016784668,23.46413230895996,55824300,0.0,0.0,0.0
2009-06-15,33.08000183105469,33.099998474121094,32.18000030517578,32.529998779296875,22.622642517089844,75789300,0.0,0.0,0.0
2009-06-16,32.70000076293945,32.880001068115234,31.920000076293945,32.040000915527344,22.281883239746094,71535900,0.0,0.0,0.0
2009-06-17,31.790000915527344,32.0099983215332,31.329999923706055,31.68000030517578,22.031524658203125,94091200,0.0,0.0,0.0
2009-06-18,31.549999237060547,31.8799991607666,31.350000381469727,31.59000015258789,21.968936920166016,62572000,0.0,0.0,0.0
2009-06-19,32.02000045776367,32.06999969482422,31.670000076293945,31.75,22.080202102661133,60687200,0.0,0.0,0.0
2009-06-22,31.309999465942383,31.389999389648438,30.579999923706055,30.600000381469727,21.280452728271484,80985000,0.0,0.0,0.0
2009-06-23,30.559999465942383,30.649999618530273,30.1200008392334,30.549999237060547,21.418569564819336,87108200,0.247,0.0,0.0
2009-06-24,31.360000610351562,31.690000534057617,31.0,31.219999313354492,21.88829803466797,80955800,0.0,0.0,0.0
2009-06-25,31.020000457763672,32.150001525878906,31.010000228881836,32.150001525878906,22.540321350097656,83273600,0.0,0.0,0.0
2009-06-26,32.15999984741211,32.47999954223633,32.060001373291016,32.31999969482422,22.659507751464844,64981100,0.0,0.0,0.0
2009-06-29,32.61000061035156,32.65999984741211,32.22999954223633,32.560001373291016,22.82777214050293,52781900,0.0,0.0,0.0
2009-06-30,32.529998779296875,32.66999816894531,32.0,32.22999954223633,22.59640884399414,92032200,0.0,0.0,0.0
2009-07-01,32.91999816894531,33.20000076293945,32.7400016784668,32.81999969482422,23.010055541992188,83474500,0.0,0.0,0.0
2009-07-02,32.2599983215332,32.279998779296875,31.8700008392334,31.920000076293945,22.379072189331055,59912900,0.0,0.0,0.0
2009-07-06,31.469999313354492,31.899999618530273,31.219999313354492,31.850000381469727,22.329994201660156,52119200,0.0,0.0,0.0
2009-07-07,31.799999237060547,31.8700008392334,31.079999923706055,31.100000381469727,21.804166793823242,68778800,0.0,0.0,0.0
2009-07-08,31.219999313354492,31.309999465942383,30.25,30.739999771118164,21.55177116394043,92051000,0.0,0.0,0.0
2009-07-09,31.389999389648438,31.549999237060547,31.059999465942383,31.290000915527344,21.937379837036133,64758500,0.0,0.0,0.0
2009-07-10,30.8700008392334,31.059999465942383,30.579999923706055,30.920000076293945,21.6779727935791,74323300,0.0,0.0,0.0
2009-07-13,30.729999542236328,31.299999237060547,30.299999237060547,31.139999389648438,21.832210540771484,70112100,0.0,0.0,0.0
2009-07-14,31.520000457763672,31.639999389648438,31.170000076293945,31.479999542236328,22.070579528808594,41729700,0.0,0.0,0.0
2009-07-15,32.41999816894531,33.209999084472656,32.369998931884766,33.16999816894531,23.255443572998047,91648100,0.0,0.0,0.0
2009-07-16,32.97999954223633,33.459999084472656,32.720001220703125,33.22999954223633,23.29750633239746,63985200,0.0,0.0,0.0
2009-07-17,33.33000183105469,33.650001525878906,33.13999938964844,33.56999969482422,23.5358829498291,56901900,0.0,0.0,0.0
2009-07-20,34.38999938964844,34.77000045776367,34.290000915527344,34.77000045776367,24.3772029876709,68482100,0.0,0.0,0.0
2009-07-21,34.95000076293945,34.970001220703125,34.130001068115234,34.66999816894531,24.307090759277344,68861800,0.0,0.0,0.0
2009-07-22,34.18000030517578,34.88999938964844,34.15999984741211,34.59000015258789,24.250999450683594,69406200,0.0,0.0,0.0
2009-07-23,34.84000015258789,35.779998779296875,34.77000045776367,35.56999969482422,24.938074111938477,79876800,0.0,0.0,0.0
2009-07-24,35.20000076293945,35.43000030517578,34.93000030517578,35.400001525878906,24.818891525268555,49263200,0.0,0.0,0.0
2009-07-27,35.54999923706055,35.75,35.189998626708984,35.709999084472656,25.03622817993164,42808800,0.0,0.0,0.0
2009-07-28,35.400001525878906,35.650001525878906,35.040000915527344,35.54999923706055,24.924057006835938,53859400,0.0,0.0,0.0
2009-07-29,35.11000061035156,35.130001068115234,34.529998779296875,34.75,24.36318016052246,53099700,0.0,0.0,0.0
2009-07-30,35.72999954223633,36.02000045776367,35.56999969482422,35.61000061035156,24.966127395629883,90259400,0.0,0.0,0.0
2009-07-31,35.84000015258789,36.04999923706055,35.52000045776367,35.779998779296875,25.085304260253906,119531600,0.0,0.0,0.0
2009-08-03,36.7400016784668,37.189998626708984,36.56999969482422,37.119998931884766,26.0247859954834,78103100,0.0,0.0,0.0
2009-08-04,36.54999923706055,36.9900016784668,36.47999954223633,36.779998779296875,25.78641128540039,53355600,0.0,0.0,0.0
2009-08-05,36.47999954223633,36.619998931884766,35.91999816894531,36.470001220703125,25.569072723388672,47802100,0.0,0.0,0.0
2009-08-06,36.65999984741211,36.709999084472656,35.790000915527344,36.16999816894531,25.358736038208008,53346600,0.0,0.0,0.0
2009-08-07,36.5099983215332,36.75,36.189998626708984,36.529998779296875,25.61113166809082,57768600,0.0,0.0,0.0
2009-08-10,36.220001220703125,36.33000183105469,35.810001373291016,36.119998931884766,25.323678970336914,61356900,0.0,0.0,0.0
2009-08-11,35.81999969482422,35.84000015258789,35.220001220703125,35.439998626708984,24.846933364868164,70127000,0.0,0.0,0.0
2009-08-12,35.310001373291016,36.0,35.290000915527344,35.7599983215332,25.071287155151367,64542700,0.0,0.0,0.0
2009-08-13,36.36000061035156,36.38999938964844,35.810001373291016,36.380001068115234,25.505977630615234,67566500,0.0,0.0,0.0
2009-08-14,36.33000183105469,36.369998931884766,35.54999923706055,35.720001220703125,25.04325294494629,52588400,0.0,0.0,0.0
2009-08-17,34.470001220703125,34.540000915527344,34.130001068115234,34.31999969482422,24.061702728271484,105003100,0.0,0.0,0.0
2009-08-18,34.77000045776367,35.09000015258789,34.66999816894531,35.06999969482422,24.58753204345703,67450600,0.0,0.0,0.0
2009-08-19,34.380001068115234,35.25,34.279998779296875,35.15999984741211,24.6506290435791,67893600,0.0,0.0,0.0
2009-08-20,35.2599983215332,35.84000015258789,35.18000030517578,35.77000045776367,25.078298568725586,71352300,0.0,0.0,0.0
2009-08-21,36.11000061035156,36.43000030517578,35.970001220703125,36.310001373291016,25.456886291503906,81207200,0.0,0.0,0.0
2009-08-24,36.709999084472656,36.90999984741211,36.33000183105469,36.470001220703125,25.569072723388672,58467000,0.0,0.0,0.0
2009-08-25,36.72999954223633,37.0,36.369998931884766,36.38999938964844,25.512977600097656,61418900,0.0,0.0,0.0
2009-08-26,36.209999084472656,36.380001068115234,35.9900016784668,36.279998779296875,25.43585777282715,57206000,0.0,0.0,0.0
2009-08-27,36.04999923706055,36.279998779296875,35.529998779296875,36.209999084472656,25.386781692504883,59720400,0.0,0.0,0.0
2009-08-28,36.41999816894531,36.47999954223633,35.81999969482422,36.02000045776367,25.25357437133789,51683600,0.0,0.0,0.0
2009-08-31,35.40999984741211,35.439998626708984,35.189998626708984,35.310001373291016,24.755794525146484,72348200,0.0,0.0,0.0
2009-09-01,35.400001525878906,35.869998931884766,34.61000061035156,34.63999938964844,24.286056518554688,95728700,0.0,0.0,0.0
2009-09-02,34.689998626708984,35.15999984741211,34.63999938964844,35.0099983215332,24.54546356201172,68401900,0.0,0.0,0.0
2009-09-03,35.52000045776367,35.7400016784668,35.189998626708984,35.709999084472656,25.03622817993164,53720900,0.0,0.0,0.0
2009-09-04,35.970001220703125,36.439998626708984,35.66999816894531,36.400001525878906,25.519996643066406,58976200,0.0,0.0,0.0
2009-09-08,37.029998779296875,37.209999084472656,36.970001220703125,37.150001525878906,26.045820236206055,59862900,0.0,0.0,0.0
2009-09-09,37.29999923706055,37.59000015258789,37.11000061035156,37.349998474121094,26.186033248901367,67098400,0.0,0.0,0.0
2009-09-10,37.369998931884766,37.869998931884766,35.529998779296875,37.84000015258789,26.529573440551758,58466700,0.0,0.0,0.0
2009-09-11,37.97999954223633,38.16999816894531,37.61000061035156,37.86000061035156,26.543598175048828,45286800,0.0,0.0,0.0
2009-09-14,37.310001373291016,37.79999923706055,37.2599983215332,37.720001220703125,26.445438385009766,36747500,0.0,0.0,0.0
2009-09-15,37.779998779296875,38.20000076293945,37.650001525878906,38.16999816894531,26.760940551757812,61595600,0.0,0.0,0.0
2009-09-16,38.72999954223633,42.0,38.529998779296875,39.130001068115234,27.43398666381836,80170500,0.0,0.0,0.0
2009-09-17,39.029998779296875,39.349998474121094,38.7400016784668,38.91999816894531,27.286758422851562,76626800,0.0,0.0,0.0
2009-09-18,39.11000061035156,39.150001525878906,38.84000015258789,39.029998779296875,27.36388397216797,66818800,0.0,0.0,0.0
2009-09-21,38.5099983215332,38.77000045776367,38.150001525878906,38.689998626708984,27.12550926208496,78144500,0.0,0.0,0.0
2009-09-22,39.209999084472656,39.36000061035156,38.95000076293945,39.279998779296875,27.53915786743164,46286700,0.0,0.0,0.0
2009-09-23,39.209999084472656,39.5099983215332,38.689998626708984,38.689998626708984,27.12550926208496,72549000,0.0,0.0,0.0
2009-09-24,38.83000183105469,38.900001525878906,37.70000076293945,37.93000030517578,26.592676162719727,93478600,0.0,0.0,0.0
2009-09-25,37.93000030517578,38.279998779296875,37.849998474121094,38.09000015258789,26.704849243164062,61306900,0.0,0.0,0.0
2009-09-28,38.189998626708984,38.83000183105469,38.119998931884766,38.58000183105469,27.04839515686035,52268400,0.0,0.0,0.0
2009-09-29,38.779998779296875,38.900001525878906,38.40999984741211,38.66999816894531,27.11147689819336,42189900,0.0,0.0,0.0
2009-09-30,38.970001220703125,39.31999969482422,38.400001525878906,38.90999984741211,27.279752731323242,147148900,0.0,0.0,0.0
2009-10-01,38.810001373291016,38.869998931884766,37.790000915527344,37.849998474121094,26.536588668823242,107061100,0.0,0.0,0.0
2009-10-02,37.380001068115234,37.97999954223633,37.29999923706055,37.86000061035156,26.543598175048828,73683200,0.0,0.0,0.0
2009-10-05,38.209999084472656,38.849998474121094,38.0099983215332,38.7400016784668,27.160554885864258,73828900,0.0,0.0,0.0
2009-10-06,39.13999938964844,39.779998779296875,39.060001373291016,39.380001068115234,27.60926055908203,80646200,0.0,0.0,0.0
2009-10-07,39.2599983215332,39.40999984741211,38.97999954223633,39.34000015258789,27.58121681213379,51404500,0.0,0.0,0.0
2009-10-08,39.68000030517578,39.959999084472656,39.40999984741211,39.81999969482422,27.917755126953125,62070300,0.0,0.0,0.0
2009-10-09,39.79999923706055,39.959999084472656,39.68000030517578,39.849998474121094,27.93877601623535,54136800,0.0,0.0,0.0
2009-10-12,40.119998931884766,40.380001068115234,39.9900016784668,40.18000030517578,28.170146942138672,38014600,0.0,0.0,0.0
2009-10-13,40.099998474121094,40.33000183105469,39.75,40.25,28.219223022460938,58368400,0.0,0.0,0.0
2009-10-14,41.08000183105469,41.54999923706055,40.95000076293945,41.54999923706055,29.13064956665039,96043000,0.0,0.0,0.0
2009-10-15,41.11000061035156,41.41999816894531,41.02000045776367,41.31999969482422,28.969402313232422,72494700,0.0,0.0,0.0
2009-10-16,40.689998626708984,40.91999816894531,40.349998474121094,40.75,28.569772720336914,72392900,0.0,0.0,0.0
2009-10-19,41.09000015258789,41.599998474121094,40.90999984741211,41.529998779296875,29.116626739501953,60428800,0.0,0.0,0.0
2009-10-20,41.310001373291016,41.31999969482422,40.56999969482422,40.97999954223633,28.73102378845215,84292300,0.0,0.0,0.0
2009-10-21,40.790000915527344,41.54999923706055,40.7400016784668,40.7599983215332,28.5767765045166,74510100,0.0,0.0,0.0
2009-10-22,40.70000076293945,41.2400016784668,40.29999923706055,41.099998474121094,28.81514549255371,71024900,0.0,0.0,0.0
2009-10-23,41.36000061035156,41.43000030517578,40.54999923706055,40.7599983215332,28.5767765045166,73930400,0.0,0.0,0.0
2009-10-26,41.099998474121094,41.43000030517578,40.15999984741211,40.25,28.219223022460938,79280900,0.0,0.0,0.0
2009-10-27,40.2599983215332,40.31999969482422,39.54999923706055,39.54999923706055,27.72844886779785,95899600,0.0,0.0,0.0
2009-10-28,39.13999938964844,39.13999938964844,37.650001525878906,37.7400016784668,26.45946502685547,169924100,0.0,0.0,0.0
2009-10-29,38.400001525878906,39.52000045776367,38.400001525878906,39.40999984741211,27.63028907775879,99431400,0.0,0.0,0.0
2009-10-30,39.06999969482422,39.099998474121094,37.31999969482422,37.56999969482422,26.34027862548828,222474200,0.0,0.0,0.0
2009-11-02,38.130001068115234,38.689998626708984,37.47999954223633,38.130001068115234,26.73289680480957,137964200,0.0,0.0,0.0
2009-11-03,37.439998626708984,38.31999969482422,37.400001525878906,38.189998626708984,26.77495765686035,71908600,0.0,0.0,0.0
2009-11-04,39.040000915527344,39.400001525878906,38.630001068115234,38.900001525878906,27.272735595703125,95721700,0.0,0.0,0.0
2009-11-05,39.18000030517578,39.709999084472656,38.9900016784668,39.70000076293945,27.8336124420166,75480000,0.0,0.0,0.0
2009-11-06,39.310001373291016,39.869998931884766,39.209999084472656,39.650001525878906,27.79856300354004,58868500,0.0,0.0,0.0
2009-11-09,40.369998931884766,41.15999984741211,40.36000061035156,41.11000061035156,28.822162628173828,106762900,0.0,0.0,0.0
2009-11-10,40.66999816894531,41.130001068115234,40.61000061035156,40.91999816894531,28.68895721435547,62713800,0.0,0.0,0.0
2009-11-11,41.4900016784668,41.630001068115234,40.97999954223633,41.27000045776367,28.934345245361328,69184200,0.0,0.0,0.0
2009-11-12,40.970001220703125,41.18000030517578,40.279998779296875,40.349998474121094,28.289323806762695,75713600,0.0,0.0,0.0
2009-11-13,40.61000061035156,41.16999816894531,40.43000030517578,41.040000915527344,28.773086547851562,70021000,0.0,0.0,0.0
2009-11-16,41.630001068115234,42.2400016784668,41.61000061035156,42.06999969482422,29.495223999023438,101093400,0.0,0.0,0.0
2009-11-17,41.650001525878906,41.91999816894531,41.369998931884766,41.91999816894531,29.39005470275879,49649500,0.0,0.0,0.0
2009-11-18,41.900001525878906,41.970001220703125,41.459999084472656,41.59000015258789,29.158695220947266,46360800,0.0,0.0,0.0
2009-11-19,41.13999938964844,41.13999938964844,40.45000076293945,40.81999969482422,28.618844985961914,119413400,0.0,0.0,0.0
2009-11-20,40.599998474121094,40.81999969482422,40.38999938964844,40.650001525878906,28.499664306640625,66353700,0.0,0.0,0.0
2009-11-23,41.54999923706055,41.86000061035156,41.31999969482422,41.5,29.095600128173828,62386100,0.0,0.0,0.0
2009-11-24,41.20000076293945,41.310001373291016,40.790000915527344,41.27000045776367,28.934345245361328,71683700,0.0,0.0,0.0
2009-11-25,41.47999954223633,41.790000915527344,41.2400016784668,41.75,29.27086067199707,56185100,0.0,0.0,0.0
2009-11-27,39.77000045776367,40.650001525878906,39.290000915527344,40.130001068115234,28.135087966918945,105903600,0.0,0.0,0.0
2009-11-30,40.459999084472656,40.619998931884766,40.06999969482422,40.52000045776367,28.408519744873047,102168700,0.0,0.0,0.0
2009-12-01,41.34000015258789,41.83000183105469,41.29999923706055,41.68000030517578,29.221790313720703,88987900,0.0,0.0,0.0
2009-12-02,41.720001220703125,42.15999984741211,41.68000030517578,41.849998474121094,29.340974807739258,64268600,0.0,0.0,0.0
2009-12-03,42.09000015258789,42.310001373291016,41.38999938964844,41.459999084472656,29.06755828857422,65363400,0.0,0.0,0.0
2009-12-04,42.27000045776367,42.52000045776367,41.29999923706055,41.84000015258789,29.333967208862305,108670600,0.0,0.0,0.0
2009-12-07,41.56999969482422,41.90999984741211,41.45000076293945,41.47999954223633,29.081571578979492,78376400,0.0,0.0,0.0
2009-12-08,41.06999969482422,41.09000015258789,40.599998474121094,40.709999084472656,28.541730880737305,76088400,0.0,0.0,0.0
2009-12-09,40.77000045776367,41.0,40.5099983215332,40.959999084472656,28.716997146606445,62353800,0.0,0.0,0.0
2009-12-10,41.16999816894531,41.349998474121094,40.91999816894531,41.20000076293945,28.885257720947266,43126100,0.0,0.0,0.0
2009-12-11,41.400001525878906,41.439998626708984,41.09000015258789,41.349998474121094,28.990428924560547,41518600,0.0,0.0,0.0
2009-12-14,41.54999923706055,41.70000076293945,41.380001068115234,41.630001068115234,29.186731338500977,54210800,0.0,0.0,0.0
2009-12-15,41.18000030517578,41.56999969482422,41.150001525878906,41.20000076293945,28.885257720947266,47034600,0.0,0.0,0.0
2009-12-16,41.5099983215332,41.84000015258789,41.29999923706055,41.439998626708984,29.053524017333984,45982000,0.0,0.0,0.0
2009-12-17,40.70000076293945,40.77000045776367,40.2400016784668,40.25,28.219223022460938,77310300,0.0,0.0,0.0
2009-12-18,40.38999938964844,40.5,40.0,40.36000061035156,28.296344757080078,61829500,0.0,0.0,0.0
2009-12-21,40.47999954223633,40.72999954223633,40.27000045776367,40.310001373291016,28.261295318603516,54922800,0.0,0.0,0.0
2009-12-22,40.150001525878906,40.38999938964844,40.09000015258789,40.38999938964844,28.54610252380371,61633400,0.323,0.0,0.0
2009-12-23,40.66999816894531,40.959999084472656,40.400001525878906,40.790000915527344,28.828813552856445,48971700,0.0,0.0,0.0
2009-12-24,41.130001068115234,41.22999954223633,41.0,41.20000076293945,29.11858367919922,19694800,0.0,0.0,0.0
2009-12-28,41.470001220703125,41.5099983215332,41.150001525878906,41.34000015258789,29.2175350189209,27343900,0.0,0.0,0.0
2009-12-29,41.41999816894531,41.439998626708984,41.119998931884766,41.18000030517578,29.112903594970703,31570300,0.012,0.0,0.0
2009-12-30,41.22999954223633,41.369998931884766,41.130001068115234,41.36000061035156,29.24015998840332,30589200,0.0,0.0,0.0
2009-12-31,41.630001068115234,41.7599983215332,41.38999938964844,41.5,29.339139938354492,36499500,0.0,0.0,0.0
2010-01-04,42.18000030517578,42.7400016784668,42.15999984741211,42.709999084472656,30.194576263427734,70761600,0.0,0.0,0.0
2010-01-05,42.90999984741211,43.16999816894531,42.7599983215332,43.02000045776367,30.413719177246094,50196300,0.0,0.0,0.0
2010-01-06,43.08000183105469,43.290000915527344,43.0099983215332,43.11000061035156,30.477352142333984,50670000,0.0,0.0,0.0
2010-01-07,42.849998474121094,42.97999954223633,42.619998931884766,42.86000061035156,30.30060577392578,41803700,0.0,0.0,0.0
2010-01-08,42.880001068115234,43.220001220703125,42.7400016784668,43.20000076293945,30.54097557067871,41118100,0.0,0.0,0.0
2010-01-11,43.45000076293945,43.470001220703125,42.900001525878906,43.11000061035156,30.477352142333984,42546400,0.0,0.0,0.0
2010-01-12,42.61000061035156,42.70000076293945,42.20000076293945,42.41999816894531,29.989540100097656,65902300,0.0,0.0,0.0
2010-01-13,42.59000015258789,42.70000076293945,42.150001525878906,42.54999923706055,30.081443786621094,48040100,0.0,0.0,0.0
2010-01-14,42.52000045776367,42.619998931884766,42.369998931884766,42.439998626708984,30.00368881225586,52893800,0.0,0.0,0.0
2010-01-15,42.31999969482422,42.380001068115234,41.83000183105469,41.95000076293945,29.657270431518555,76681800,0.0,0.0,0.0
2010-01-19,42.08000183105469,42.79999923706055,42.06999969482422,42.79999923706055,30.258190155029297,57597300,0.0,0.0,0.0
2010-01-20,42.11000061035156,42.11000061035156,41.43000030517578,41.77000045776367,29.53001594543457,78934700,0.0,0.0,0.0
2010-01-21,41.54999923706055,41.68000030517578,40.47999954223633,40.5099983215332,28.639230728149414,116104300,0.0,0.0,0.0
2010-01-22,40.220001220703125,40.349998474121094,39.529998779296875,39.61000061035156,28.002962112426758,108173800,0.0,0.0,0.0
2010-01-25,40.130001068115234,40.31999969482422,39.66999816894531,39.900001525878906,28.207988739013672,86170400,0.0,0.0,0.0
2010-01-26,39.130001068115234,39.599998474121094,35.810001373291016,39.06999969482422,27.621204376220703,89832400,0.0,0.0,0.0
2010-01-27,38.790000915527344,39.119998931884766,38.380001068115234,38.970001220703125,27.55051040649414,91623300,0.0,0.0,0.0
2010-01-28,39.31999969482422,39.47999954223633,38.36000061035156,38.70000076293945,27.35962677001953,98086600,0.0,0.0,0.0
2010-01-29,39.150001525878906,39.2599983215332,38.08000183105469,38.279998779296875,27.062705993652344,151695100,0.0,0.0,0.0
2010-02-01,38.63999938964844,39.349998474121094,38.61000061035156,39.310001373291016,27.790868759155273,81928100,0.0,0.0,0.0
2010-02-02,39.38999938964844,39.709999084472656,39.02000045776367,39.630001068115234,28.017112731933594,86791200,0.0,0.0,0.0
2010-02-03,39.63999938964844,39.81999969482422,39.27000045776367,39.400001525878906,27.854511260986328,64323800,0.0,0.0,0.0
2010-02-04,38.75,38.79999923706055,37.599998474121094,37.619998931884766,26.59610366821289,131791500,0.0,0.0,0.0
2010-02-05,37.290000915527344,37.400001525878906,36.18000030517578,37.20000076293945,26.299171447753906,165899900,0.0,0.0,0.0
2010-02-08,37.18000030517578,37.47999954223633,36.81999969482422,36.83000183105469,26.037593841552734,78752400,0.0,0.0,0.0
2010-02-09,37.72999954223633,38.369998931884766,37.43000030517578,38.029998779296875,26.88595199584961,133342000,0.0,0.0,0.0
2010-02-10,38.040000915527344,38.290000915527344,37.5099983215332,37.93000030517578,26.81526756286621,84646000,0.0,0.0,0.0
2010-02-11,38.189998626708984,38.970001220703125,37.869998931884766,38.93000030517578,27.52222442626953,90206600,0.0,0.0,0.0
2010-02-12,38.13999938964844,38.58000183105469,37.869998931884766,38.439998626708984,27.175817489624023,63053000,0.0,0.0,0.0
2010-02-16,39.02000045776367,39.459999084472656,38.75,39.43000030517578,27.875713348388672,73196700,0.0,0.0,0.0
2010-02-17,39.72999954223633,39.7599983215332,39.33000183105469,39.56999969482422,27.974681854248047,63631100,0.0,0.0,0.0
2010-02-18,39.2599983215332,39.86000061035156,39.20000076293945,39.720001220703125,28.080732345581055,61597600,0.0,0.0,0.0
2010-02-19,39.27000045776367,39.630001068115234,39.15999984741211,39.380001068115234,27.84035873413086,77264800,0.0,0.0,0.0
2010-02-22,39.619998931884766,39.63999938964844,39.29999923706055,39.43000030517578,27.875713348388672,56446600,0.0,0.0,0.0
2010-02-23,39.209999084472656,39.43000030517578,38.4900016784668,38.52000045776367,27.232370376586914,103220800,0.0,0.0,0.0
2010-02-24,38.779998779296875,39.06999969482422,38.54999923706055,38.88999938964844,27.493947982788086,73043700,0.0,0.0,0.0
2010-02-25,37.970001220703125,38.63999938964844,37.7599983215332,38.56999969482422,27.267723083496094,73641500,0.0,0.0,0.0
2010-02-26,38.61000061035156,39.040000915527344,38.369998931884766,38.959999084472656,27.543437957763672,65727300,0.0,0.0,0.0
2010-03-01,39.43000030517578,39.72999954223633,39.33000183105469,39.619998931884766,28.01003646850586,73146100,0.0,0.0,0.0
2010-03-02,40.02000045776367,40.29999923706055,39.849998474121094,40.06999969482422,28.32816505432129,66353000,0.0,0.0,0.0
2010-03-03,40.279998779296875,40.619998931884766,39.970001220703125,40.119998931884766,28.363513946533203,68779900,0.0,0.0,0.0
2010-03-04,40.150001525878906,40.20000076293945,39.65999984741211,39.90999984741211,28.215063095092773,61065500,0.0,0.0,0.0
2010-03-05,40.459999084472656,40.95000076293945,40.310001373291016,40.95000076293945,28.950302124023438,78177700,0.0,0.0,0.0
2010-03-08,41.040000915527344,41.189998626708984,40.91999816894531,40.97999954223633,28.971515655517578,56724000,0.0,0.0,0.0
2010-03-09,40.79999923706055,41.400001525878906,40.790000915527344,41.209999084472656,29.13411521911621,66759800,0.0,0.0,0.0
2010-03-10,41.29999923706055,41.66999816894531,41.209999084472656,41.5,29.339139938354492,73994500,0.0,0.0,0.0
2010-03-11,41.2599983215332,41.54999923706055,41.040000915527344,41.5099983215332,29.346208572387695,42415700,0.0,0.0,0.0
2010-03-12,41.70000076293945,41.709999084472656,41.25,41.369998931884766,29.24723243713379,48949200,0.0,0.0,0.0
2010-03-15,41.130001068115234,41.2400016784668,40.810001373291016,41.06999969482422,29.03513526916504,43560300,0.0,0.0,0.0
2010-03-16,41.209999084472656,41.619998931884766,41.04999923706055,41.599998474121094,29.409832000732422,58417000,0.0,0.0,0.0
2010-03-17,42.0099983215332,42.25,41.869998931884766,42.04999923706055,29.72795867919922,72017100,0.0,0.0,0.0
2010-03-18,41.970001220703125,42.029998779296875,41.529998779296875,41.72999954223633,29.501741409301758,73867900,0.0,0.0,0.0
2010-03-19,41.189998626708984,41.869998931884766,41.130001068115234,41.189998626708984,29.119977951049805,65993900,0.0,0.0,0.0
2010-03-22,40.77000045776367,41.380001068115234,40.66999816894531,41.34000015258789,29.226016998291016,57583400,0.0,0.0,0.0
2010-03-23,41.38999938964844,41.65999984741211,41.20000076293945,41.630001068115234,29.431039810180664,50528500,0.0,0.0,0.0
2010-03-24,41.189998626708984,41.36000061035156,41.0099983215332,41.0099983215332,28.992719650268555,65081100,0.0,0.0,0.0
2010-03-25,41.349998474121094,41.5,40.81999969482422,40.900001525878906,28.91495704650879,72397600,0.0,0.0,0.0
2010-03-26,41.2400016784668,41.38999938964844,40.75,41.099998474121094,29.05634117126465,69798700,0.0,0.0,0.0
2010-03-29,41.529998779296875,41.86000061035156,41.439998626708984,41.84000015258789,29.579500198364258,57961300,0.0,0.0,0.0
2010-03-30,41.939998626708984,42.119998931884766,41.720001220703125,42.0,29.692623138427734,50327500,0.0,0.0,0.0
2010-03-31,41.86000061035156,42.22999954223633,41.84000015258789,42.119998931884766,29.777448654174805,52858500,0.0,0.0,0.0
2010-04-01,42.7400016784668,43.220001220703125,42.7400016784668,43.220001220703125,30.555112838745117,96281100,0.0,0.0,0.0
2010-04-05,43.439998626708984,43.75,43.34000015258789,43.61000061035156,30.830829620361328,63633700,0.0,0.0,0.0
2010-04-06,43.439998626708984,43.84000015258789,43.40999984741211,43.7400016784668,30.92273712158203,42926300,0.0,0.0,0.0
2010-04-07,43.560001373291016,43.66999816894531,43.130001068115234,43.36000061035156,30.654090881347656,55642000,0.0,0.0,0.0
2010-04-08,43.06999969482422,43.560001373291016,42.86000061035156,43.5099983215332,30.760135650634766,52083200,0.0,0.0,0.0
2010-04-09,43.599998474121094,46.65999984741211,43.529998779296875,43.779998779296875,30.95100975036621,46651000,0.0,0.0,0.0
2010-04-12,43.45000076293945,43.66999816894531,43.43000030517578,43.43000030517578,30.703571319580078,43558300,0.0,0.0,0.0
2010-04-13,43.310001373291016,43.38999938964844,42.90999984741211,43.34000015258789,30.639957427978516,47072900,0.0,0.0,0.0
2010-04-14,43.790000915527344,44.02000045776367,43.59000015258789,43.97999954223633,31.092416763305664,42957800,0.0,0.0,0.0
2010-04-15,43.70000076293945,43.97999954223633,43.650001525878906,43.7400016784668,30.92273712158203,43463300,0.0,0.0,0.0
2010-04-16,43.25,43.31999969482422,42.27000045776367,42.459999084472656,30.017812728881836,142486200,0.0,0.0,0.0
2010-04-19,41.959999084472656,42.380001068115234,41.650001525878906,42.290000915527344,29.89763069152832,89434600,0.0,0.0,0.0
2010-04-20,42.66999816894531,42.86000061035156,42.45000076293945,42.790000915527344,30.251131057739258,63883700,0.0,0.0,0.0
2010-04-21,42.709999084472656,42.77000045776367,42.2599983215332,42.650001525878906,30.152141571044922,64141600,0.0,0.0,0.0
2010-04-22,42.27000045776367,42.869998931884766,41.9900016784668,42.83000183105469,30.279407501220703,72788900,0.0,0.0,0.0
2010-04-23,42.689998626708984,43.11000061035156,42.4900016784668,43.060001373291016,30.442005157470703,64724100,0.0,0.0,0.0
2010-04-26,43.33000183105469,43.400001525878906,42.9900016784668,43.060001373291016,30.442005157470703,46317300,0.0,0.0,0.0
2010-04-27,42.58000183105469,42.68000030517578,41.43000030517578,41.52000045776367,29.353275299072266,132888400,0.0,0.0,0.0
2010-04-28,42.0099983215332,42.060001373291016,41.290000915527344,41.869998931884766,29.6007080078125,68981700,0.0,0.0,0.0
2010-04-29,42.2599983215332,42.61000061035156,42.15999984741211,42.560001373291016,30.088518142700195,69912900,0.0,0.0,0.0
2010-04-30,42.540000915527344,42.689998626708984,42.0099983215332,42.04999923706055,29.72795867919922,77528000,0.0,0.0,0.0
2010-05-03,42.189998626708984,42.41999816894531,41.900001525878906,42.279998779296875,29.890562057495117,47649800,0.0,0.0,0.0
2010-05-04,41.380001068115234,41.40999984741211,40.22999954223633,40.34000015258789,28.519052505493164,159998800,0.0,0.0,0.0
2010-05-05,39.58000183105469,40.2599983215332,39.22999954223633,39.61000061035156,28.002962112426758,131994700,0.0,0.0,0.0
2010-05-06,39.310001373291016,39.7599983215332,36.58000183105469,37.9900016784668,26.857681274414062,225063100,0.0,0.0,0.0
2010-05-07,38.36000061035156,38.84000015258789,37.25,38.189998626708984,26.999074935913086,191265100,0.0,0.0,0.0
2010-05-10,40.630001068115234,41.029998779296875,40.38999938964844,40.939998626708984,28.943235397338867,187916400,0.0,0.0,0.0
2010-05-11,40.0,40.79999923706055,39.900001525878906,40.20000076293945,28.420074462890625,119869600,0.0,0.0,0.0
2010-05-12,40.540000915527344,40.77000045776367,40.400001525878906,40.70000076293945,28.7735652923584,73936600,0.0,0.0,0.0
2010-05-13,40.70000076293945,40.93000030517578,40.290000915527344,40.31999969482422,28.504911422729492,71622500,0.0,0.0,0.0
2010-05-14,40.029998779296875,40.060001373291016,39.099998474121094,39.4900016784668,27.91813087463379,113085000,0.0,0.0,0.0
2010-05-17,39.400001525878906,39.66999816894531,38.400001525878906,39.25,27.748456954956055,101708500,0.0,0.0,0.0
2010-05-18,39.63999938964844,39.790000915527344,38.29999923706055,38.43000030517578,27.168743133544922,113529000,0.0,0.0,0.0
2010-05-19,37.900001525878906,38.29999923706055,37.36000061035156,38.060001373291016,26.907161712646484,129633400,0.0,0.0,0.0
2010-05-20,36.61000061035156,37.060001373291016,36.0,36.16999816894531,25.570995330810547,174383500,0.0,0.0,0.0
2010-05-21,35.709999084472656,37.380001068115234,35.66999816894531,37.34000015258789,26.398151397705078,169452900,0.0,0.0,0.0
2010-05-24,37.369998931884766,37.630001068115234,36.900001525878906,36.95000076293945,26.1224308013916,90936400,0.0,0.0,0.0
2010-05-25,35.470001220703125,36.61000061035156,35.209999084472656,36.54999923706055,25.839643478393555,144257100,0.0,0.0,0.0
2010-05-26,36.93000030517578,37.52000045776367,36.439998626708984,36.529998779296875,25.825502395629883,128281900,0.0,0.0,0.0
2010-05-27,37.959999084472656,38.810001373291016,37.68000030517578,38.7400016784668,27.387895584106445,147181800,0.0,0.0,0.0
2010-05-28,38.52000045776367,38.59000015258789,37.91999816894531,38.099998474121094,26.935443878173828,113223700,0.0,0.0,0.0
2010-06-01,37.709999084472656,38.43000030517578,37.380001068115234,37.400001525878906,26.440567016601562,91068700,0.0,0.0,0.0
2010-06-02,37.83000183105469,38.7400016784668,37.630001068115234,38.709999084472656,27.366689682006836,103740800,0.0,0.0,0.0
2010-06-03,38.959999084472656,39.0099983215332,38.08000183105469,38.56999969482422,27.267723083496094,70470800,0.0,0.0,0.0
2010-06-04,37.7400016784668,38.119998931884766,37.09000015258789,37.20000076293945,26.299171447753906,108937200,0.0,0.0,0.0
2010-06-07,37.34000015258789,37.5,36.59000015258789,36.619998931884766,25.889129638671875,82131900,0.0,0.0,0.0
2010-06-08,37.029998779296875,37.5099983215332,36.58000183105469,37.459999084472656,26.48299217224121,108438000,0.0,0.0,0.0
2010-06-09,37.619998931884766,38.119998931884766,37.060001373291016,37.2599983215332,26.341588973999023,87947600,0.0,0.0,0.0
2010-06-10,38.040000915527344,38.61000061035156,37.97999954223633,38.560001373291016,27.26064682006836,92855100,0.0,0.0,0.0
2010-06-11,38.0,38.790000915527344,37.9900016784668,38.7599983215332,27.402050018310547,66496500,0.0,0.0,0.0
2010-06-14,39.2400016784668,39.5,38.66999816894531,38.77000045776367,27.409114837646484,83991300,0.0,0.0,0.0
2010-06-15,39.20000076293945,39.9900016784668,39.04999923706055,39.939998626708984,28.236257553100586,96494500,0.0,0.0,0.0
2010-06-16,39.5099983215332,40.119998931884766,39.45000076293945,39.939998626708984,28.236257553100586,63906600,0.0,0.0,0.0
2010-06-17,40.04999923706055,40.060001373291016,39.40999984741211,39.7400016784668,28.09487533569336,68660100,0.0,0.0,0.0
2010-06-18,39.90999984741211,40.130001068115234,39.689998626708984,39.91999816894531,28.222124099731445,64639800,0.0,0.0,0.0
2010-06-21,40.959999084472656,41.130001068115234,40.29999923706055,40.61000061035156,28.70993995666504,96721100,0.0,0.0,0.0
2010-06-22,40.529998779296875,40.72999954223633,39.72999954223633,39.83000183105469,28.158496856689453,100336600,0.0,0.0,0.0
2010-06-23,39.849998474121094,39.880001068115234,39.25,39.66999816894531,28.231090545654297,93969400,0.262,0.0,0.0
2010-06-24,39.4900016784668,39.4900016784668,38.81999969482422,38.970001220703125,27.732938766479492,82636000,0.0,0.0,0.0
2010-06-25,39.08000183105469,39.529998779296875,38.77000045776367,39.43000030517578,28.060291290283203,60657800,0.0,0.0,0.0
2010-06-28,39.400001525878906,39.5,39.029998779296875,39.15999984741211,27.86814308166504,36242500,0.0,0.0,0.0
2010-06-29,38.099998474121094,38.13999938964844,37.400001525878906,37.56999969482422,26.736629486083984,120391400,0.0,0.0,0.0
2010-06-30,37.7599983215332,38.099998474121094,37.220001220703125,37.31999969482422,26.558713912963867,84176700,0.0,0.0,0.0
2010-07-01,37.5,37.63999938964844,36.7599983215332,37.59000015258789,26.7508602142334,113344200,0.0,0.0,0.0
2010-07-02,37.70000076293945,37.959999084472656,37.43000030517578,37.75,26.864727020263672,63854500,0.0,0.0,0.0
2010-07-06,38.720001220703125,39.040000915527344,38.060001373291016,38.45000076293945,27.362876892089844,76509800,0.0,0.0,0.0
2010-07-07,38.400001525878906,39.310001373291016,38.36000061035156,39.29999923706055,27.967771530151367,68037800,0.0,0.0,0.0
2010-07-08,39.369998931884766,39.529998779296875,38.97999954223633,39.4900016784668,28.10298728942871,60958700,0.0,0.0,0.0
2010-07-09,39.52000045776367,40.0099983215332,39.459999084472656,39.970001220703125,28.444589614868164,43777100,0.0,0.0,0.0
2010-07-12,39.810001373291016,40.040000915527344,39.470001220703125,39.650001525878906,28.216856002807617,53211600,0.0,0.0,0.0
2010-07-13,39.9900016784668,40.2400016784668,39.88999938964844,40.11000061035156,28.54421615600586,52194800,0.0,0.0,0.0
2010-07-14,39.849998474121094,40.13999938964844,39.709999084472656,40.029998779296875,28.487279891967773,46615600,0.0,0.0,0.0
2010-07-15,39.849998474121094,39.93000030517578,39.349998474121094,39.84000015258789,28.352069854736328,66745400,0.0,0.0,0.0
2010-07-16,39.5099983215332,39.5099983215332,38.58000183105469,38.650001525878906,27.505207061767578,99497500,0.0,0.0,0.0
2010-07-19,39.02000045776367,39.25,38.75,39.15999984741211,27.86814308166504,46717800,0.0,0.0,0.0
2010-07-20,38.900001525878906,40.13999938964844,38.880001068115234,40.08000183105469,28.522865295410156,92255200,0.0,0.0,0.0
2010-07-21,40.25,40.279998779296875,39.47999954223633,39.66999816894531,28.231090545654297,66007400,0.0,0.0,0.0
2010-07-22,40.36000061035156,40.939998626708984,40.31999969482422,40.869998931884766,29.08506965637207,74052900,0.0,0.0,0.0
2010-07-23,40.7599983215332,41.189998626708984,40.4900016784668,41.150001525878906,29.28432273864746,65675400,0.0,0.0,0.0
2010-07-26,41.06999969482422,41.470001220703125,40.90999984741211,41.43000030517578,29.48358726501465,64865500,0.0,0.0,0.0
2010-07-27,41.65999984741211,41.709999084472656,41.150001525878906,41.36000061035156,29.433774948120117,63763700,0.0,0.0,0.0
2010-07-28,41.11000061035156,41.380001068115234,40.97999954223633,41.130001068115234,29.270092010498047,43131400,0.0,0.0,0.0
2010-07-29,41.560001373291016,41.650001525878906,40.88999938964844,41.20000076293945,29.319902420043945,49588200,0.0,0.0,0.0
2010-07-30,40.88999938964844,41.529998779296875,40.7599983215332,41.400001525878906,29.462244033813477,54277200,0.0,0.0,0.0
2010-08-02,42.18000030517578,42.59000015258789,42.06999969482422,42.470001220703125,30.22369384765625,69623700,0.0,0.0,0.0
2010-08-03,42.13999938964844,42.43000030517578,41.93000030517578,42.27000045776367,30.08136749267578,60207900,0.0,0.0,0.0
2010-08-04,42.279998779296875,42.43000030517578,42.0,42.33000183105469,30.124082565307617,55875600,0.0,0.0,0.0
2010-08-05,42.02000045776367,42.20000076293945,41.869998931884766,42.13999938964844,29.988866806030273,43650600,0.0,0.0,0.0
2010-08-06,41.86000061035156,42.189998626708984,41.599998474121094,42.08000183105469,29.94615936279297,65731600,0.0,0.0,0.0
2010-08-09,42.36000061035156,42.38999938964844,42.15999984741211,42.29999923706055,30.102718353271484,27051000,0.0,0.0,0.0
2010-08-10,41.560001373291016,41.9900016784668,41.41999816894531,41.720001220703125,29.68997573852539,68735400,0.0,0.0,0.0
2010-08-11,40.849998474121094,40.849998474121094,40.31999969482422,40.38999938964844,28.74346160888672,92778600,0.0,0.0,0.0
2010-08-12,40.0099983215332,40.58000183105469,39.970001220703125,40.459999084472656,28.793289184570312,43919400,0.0,0.0,0.0
2010-08-13,40.630001068115234,40.81999969482422,40.5099983215332,40.68000030517578,28.949848175048828,28672700,0.0,0.0,0.0
2010-08-16,40.65999984741211,41.099998474121094,40.560001373291016,41.060001373291016,29.220285415649414,34651900,0.0,0.0,0.0
2010-08-17,41.470001220703125,41.720001220703125,41.310001373291016,41.4900016784668,29.526287078857422,39414300,0.0,0.0,0.0
2010-08-18,41.400001525878906,41.66999816894531,41.20000076293945,41.459999084472656,29.504941940307617,38009500,0.0,0.0,0.0
2010-08-19,41.470001220703125,41.59000015258789,40.880001068115234,41.13999938964844,29.277204513549805,56729300,0.0,0.0,0.0
2010-08-20,40.9900016784668,41.04999923706055,40.689998626708984,41.02000045776367,29.19182014465332,54134900,0.0,0.0,0.0
2010-08-23,41.119998931884766,41.2599983215332,40.630001068115234,40.650001525878906,28.928503036499023,44767900,0.0,0.0,0.0
2010-08-24,40.16999816894531,40.33000183105469,39.810001373291016,40.130001068115234,28.558441162109375,80709600,0.0,0.0,0.0
2010-08-25,39.720001220703125,40.029998779296875,39.310001373291016,39.869998931884766,28.373409271240234,89890000,0.0,0.0,0.0
2010-08-26,40.08000183105469,40.25,39.560001373291016,39.619998931884766,28.19550132751465,59948200,0.0,0.0,0.0
2010-08-27,40.0,40.5,39.56999969482422,40.4900016784668,28.814640045166016,77005500,0.0,0.0,0.0
2010-08-30,40.2400016784668,40.41999816894531,39.810001373291016,39.81999969482422,28.337839126586914,48054700,0.0,0.0,0.0
2010-08-31,39.849998474121094,40.220001220703125,39.72999954223633,40.060001373291016,28.50863265991211,72404500,0.0,0.0,0.0
2010-09-01,40.790000915527344,41.4900016784668,40.7599983215332,41.470001220703125,29.512054443359375,83435900,0.0,0.0,0.0
2010-09-02,41.38999938964844,41.619998931884766,41.25,41.540000915527344,29.561874389648438,47351900,0.0,0.0,0.0
2010-09-03,42.040000915527344,42.16999816894531,41.810001373291016,42.029998779296875,29.910573959350586,48712700,0.0,0.0,0.0
2010-09-07,41.77000045776367,41.79999923706055,41.400001525878906,41.41999816894531,29.476465225219727,45210000,0.0,0.0,0.0
2010-09-08,41.72999954223633,42.040000915527344,41.65999984741211,41.869998931884766,29.796709060668945,40612600,0.0,0.0,0.0
2010-09-09,42.310001373291016,42.34000015258789,41.900001525878906,42.11000061035156,29.96750831604004,34925400,0.0,0.0,0.0
2010-09-10,42.119998931884766,42.34000015258789,42.06999969482422,42.2599983215332,30.074254989624023,33236500,0.0,0.0,0.0
2010-09-13,43.06999969482422,43.31999969482422,43.029998779296875,43.27000045776367,30.793025970458984,63308900,0.0,0.0,0.0
2010-09-14,43.150001525878906,43.529998779296875,42.97999954223633,43.25,30.778783798217773,65151200,0.0,0.0,0.0
2010-09-15,43.09000015258789,43.34000015258789,42.970001220703125,43.310001373291016,30.821489334106445,41107300,0.0,0.0,0.0
2010-09-16,42.970001220703125,43.16999816894531,42.93000030517578,43.09000015258789,30.664913177490234,36078100,0.0,0.0,0.0
2010-09-17,43.290000915527344,43.310001373291016,42.959999084472656,43.02000045776367,30.6151065826416,40115200,0.0,0.0,0.0
2010-09-20,43.33000183105469,43.75,43.189998626708984,43.70000076293945,31.099037170410156,53864500,0.0,0.0,0.0
2010-09-21,43.720001220703125,43.81999969482422,43.310001373291016,43.56999969482422,31.006507873535156,54263300,0.0,0.0,0.0
2010-09-22,43.650001525878906,43.90999984741211,43.470001220703125,43.599998474121094,31.027875900268555,45586800,0.0,0.0,0.0
2010-09-23,43.33000183105469,43.77000045776367,43.209999084472656,43.31999969482422,30.82860565185547,62060200,0.0,0.0,0.0
2010-09-24,43.849998474121094,44.150001525878906,43.849998474121094,44.119998931884766,31.397920608520508,57929100,0.0,0.0,0.0
2010-09-27,44.09000015258789,44.220001220703125,43.970001220703125,44.040000915527344,31.340991973876953,40319500,0.0,0.0,0.0
2010-09-28,44.099998474121094,44.439998626708984,43.7400016784668,44.36000061035156,31.568708419799805,50012300,0.0,0.0,0.0
2010-09-29,44.38999938964844,44.709999084472656,44.31999969482422,44.5099983215332,31.675464630126953,58310500,0.0,0.0,0.0
2010-09-30,44.83000183105469,44.9900016784668,44.45000076293945,44.77000045776367,31.860490798950195,60498400,0.0,0.0,0.0
2010-10-01,45.25,45.5,45.099998474121094,45.43000030517578,32.33018493652344,69689800,0.0,0.0,0.0
2010-10-04,45.400001525878906,45.5099983215332,45.08000183105469,45.290000915527344,32.23055648803711,49852800,0.0,0.0,0.0
2010-10-05,45.630001068115234,46.20000076293945,45.56999969482422,46.11000061035156,32.81410598754883,76615300,0.0,0.0,0.0
2010-10-06,46.099998474121094,46.22999954223633,46.0,46.09000015258789,32.79987335205078,50339900,0.0,0.0,0.0
2010-10-07,46.189998626708984,46.20000076293945,45.45000076293945,45.68000030517578,32.50808334350586,49224000,0.0,0.0,0.0
2010-10-08,45.650001525878906,46.29999923706055,45.54999923706055,46.22999954223633,32.899513244628906,54002700,0.0,0.0,0.0
2010-10-11,46.150001525878906,46.290000915527344,46.029998779296875,46.20000076293945,32.878143310546875,32413800,0.0,0.0,0.0
2010-10-12,45.790000915527344,46.11000061035156,45.529998779296875,46.0099983215332,32.7429313659668,63619500,0.0,0.0,0.0
2010-10-13,46.540000915527344,47.0099983215332,46.529998779296875,46.86000061035156,33.347835540771484,69189600,0.0,0.0,0.0
2010-10-14,46.81999969482422,46.9900016784668,46.540000915527344,46.779998779296875,33.2909049987793,50754200,0.0,0.0,0.0
2010-10-15,47.02000045776367,47.029998779296875,46.380001068115234,46.720001220703125,33.24821090698242,83974500,0.0,0.0,0.0
2010-10-18,46.36000061035156,46.79999923706055,46.290000915527344,46.7400016784668,33.2624397277832,51898000,0.0,0.0,0.0
2010-10-19,45.68000030517578,45.83000183105469,45.08000183105469,45.2599983215332,32.20918655395508,90101300,0.0,0.0,0.0
2010-10-20,45.63999938964844,46.279998779296875,45.599998474121094,45.97999954223633,32.72158432006836,62292200,0.0,0.0,0.0
2010-10-21,46.2400016784668,46.5,45.4900016784668,45.97999954223633,32.72158432006836,85422400,0.0,0.0,0.0
2010-10-22,46.16999816894531,46.209999084472656,45.880001068115234,46.029998779296875,32.757171630859375,42843800,0.0,0.0,0.0
2010-10-25,46.59000015258789,46.88999938964844,46.5,46.529998779296875,33.11299514770508,53950800,0.0,0.0,0.0
2010-10-26,46.22999954223633,46.560001373291016,46.09000015258789,46.4900016784668,33.084537506103516,36715600,0.0,0.0,0.0
2010-10-27,45.83000183105469,45.83000183105469,45.27000045776367,45.70000076293945,32.52232360839844,70436800,0.0,0.0,0.0
2010-10-28,46.119998931884766,46.15999984741211,45.75,45.9900016784668,32.728694915771484,45927000,0.0,0.0,0.0
2010-10-29,45.90999984741211,46.130001068115234,45.83000183105469,46.119998931884766,32.821224212646484,38056300,0.0,0.0,0.0
2010-11-01,46.59000015258789,46.869998931884766,46.380001068115234,46.630001068115234,33.184165954589844,47366500,0.0,0.0,0.0
2010-11-02,47.04999923706055,47.25,46.95000076293945,47.209999084472656,33.59691619873047,48355900,0.0,0.0,0.0
2010-11-03,47.31999969482422,47.529998779296875,46.7400016784668,47.5,33.80329513549805,94125200,0.0,0.0,0.0
2010-11-04,48.220001220703125,48.58000183105469,48.16999816894531,48.58000183105469,34.571876525878906,83567900,0.0,0.0,0.0
2010-11-05,48.33000183105469,48.599998474121094,48.290000915527344,48.4900016784668,34.5078239440918,53781000,0.0,0.0,0.0
2010-11-08,48.11000061035156,48.33000183105469,47.9900016784668,48.290000915527344,34.36549758911133,37106100,0.0,0.0,0.0
2010-11-09,48.529998779296875,48.619998931884766,47.52000045776367,47.68000030517578,33.93138885498047,55351100,0.0,0.0,0.0
2010-11-10,47.939998626708984,48.11000061035156,47.369998931884766,48.029998779296875,34.18046569824219,66304400,0.0,0.0,0.0
2010-11-11,47.560001373291016,47.599998474121094,47.29999923706055,47.560001373291016,33.84599304199219,48410200,0.0,0.0,0.0
2010-11-12,46.88999938964844,47.130001068115234,46.220001220703125,46.40999984741211,33.02759552001953,88808000,0.0,0.0,0.0
2010-11-15,46.63999938964844,46.880001068115234,46.36000061035156,46.38999938964844,33.013370513916016,48585300,0.0,0.0,0.0
2010-11-16,45.90999984741211,45.959999084472656,45.02000045776367,45.16999816894531,32.14514923095703,136332900,0.0,0.0,0.0
2010-11-17,45.31999969482422,45.63999938964844,45.22999954223633,45.400001525878906,32.3088264465332,80352800,0.0,0.0,0.0
2010-11-18,46.27000045776367,46.56999969482422,46.2400016784668,46.47999954223633,33.077415466308594,77989900,0.0,0.0,0.0
2010-11-19,46.2599983215332,46.54999923706055,45.97999954223633,46.5099983215332,33.0987548828125,48175100,0.0,0.0,0.0
2010-11-22,46.27000045776367,46.58000183105469,45.83000183105469,46.369998931884766,32.99912643432617,46793100,0.0,0.0,0.0
2010-11-23,45.150001525878906,45.2400016784668,44.79999923706055,44.900001525878906,31.95301055908203,86768900,0.0,0.0,0.0
2010-11-24,45.630001068115234,45.959999084472656,45.56999969482422,45.939998626708984,32.693119049072266,63287600,0.0,0.0,0.0
2010-11-26,45.02000045776367,45.25,44.79999923706055,44.79999923706055,31.88184356689453,60387100,0.0,0.0,0.0
2010-11-29,44.959999084472656,45.22999954223633,44.5099983215332,45.150001525878906,32.130924224853516,80428200,0.0,0.0,0.0
2010-11-30,44.619998931884766,45.150001525878906,44.529998779296875,44.779998779296875,31.867597579956055,78842700,0.0,0.0,0.0
2010-12-01,45.900001525878906,46.15999984741211,45.75,46.060001373291016,32.77851867675781,81889600,0.0,0.0,0.0
2010-12-02,46.209999084472656,46.97999954223633,46.189998626708984,46.970001220703125,33.42611312866211,72593100,0.0,0.0,0.0
2010-12-03,46.56999969482422,47.209999084472656,46.56999969482422,47.13999938964844,33.54710388183594,44688700,0.0,0.0,0.0
2010-12-06,46.869998931884766,47.130001068115234,46.83000183105469,47.060001373291016,33.49017333984375,44988700,0.0,0.0,0.0
2010-12-07,47.59000015258789,47.61000061035156,46.83000183105469,46.84000015258789,33.33359909057617,64406800,0.0,0.0,0.0
2010-12-08,46.75,46.869998931884766,46.279998779296875,46.540000915527344,33.120121002197266,48924100,0.0,0.0,0.0
2010-12-09,46.720001220703125,46.7599983215332,46.25,46.380001068115234,33.00624465942383,63131000,0.0,0.0,0.0
2010-12-10,46.40999984741211,46.59000015258789,46.2400016784668,46.59000015258789,33.15569305419922,44844200,0.0,0.0,0.0
2010-12-13,46.869998931884766,47.119998931884766,46.7400016784668,46.88999938964844,33.36918640136719,49177500,0.0,0.0,0.0
2010-12-14,46.93000030517578,47.13999938964844,46.810001373291016,46.959999084472656,33.41900634765625,53611300,0.0,0.0,0.0
2010-12-15,46.689998626708984,46.7599983215332,46.150001525878906,46.20000076293945,32.878143310546875,69038700,0.0,0.0,0.0
2010-12-16,46.2400016784668,46.38999938964844,46.02000045776367,46.33000183105469,32.97065734863281,55441400,0.0,0.0,0.0
2010-12-17,46.209999084472656,46.41999816894531,46.130001068115234,46.400001525878906,33.020484924316406,43610700,0.0,0.0,0.0
2010-12-20,46.36000061035156,46.40999984741211,46.08000183105469,46.189998626708984,32.87104034423828,48887300,0.0,0.0,0.0
2010-12-21,46.33000183105469,46.65999984741211,46.31999969482422,46.5,33.35085678100586,59666300,0.359,0.0,0.0
2010-12-22,46.47999954223633,46.709999084472656,46.439998626708984,46.65999984741211,33.465606689453125,24942400,0.0,0.0,0.0
2010-12-23,46.5,46.630001068115234,46.439998626708984,46.61000061035156,33.429744720458984,27545100,0.0,0.0,0.0
2010-12-27,46.439998626708984,46.54999923706055,46.33000183105469,46.459999084472656,33.32217025756836,29293100,0.0,0.0,0.0
2010-12-28,46.54999923706055,46.58000183105469,46.400001525878906,46.5,33.35085678100586,30330000,0.0,0.0,0.0
2010-12-29,46.81999969482422,47.099998474121094,46.810001373291016,47.06999969482422,33.7778434753418,30891500,0.025,0.0,0.0
2010-12-30,47.33000183105469,47.38999938964844,47.16999816894531,47.310001373291016,33.9500617980957,28376000,0.0,0.0,0.0
2010-12-31,47.43000030517578,47.68000030517578,47.310001373291016,47.63999938964844,34.18686294555664,34328200,0.0,0.0,0.0
2011-01-03,48.029998779296875,48.310001373291016,48.029998779296875,48.099998474121094,34.51697540283203,40116200,0.0,0.0,0.0
2011-01-04,48.2599983215332,48.31999969482422,47.75,48.31999969482422,34.67484664916992,45176300,0.0,0.0,0.0
2011-01-05,47.900001525878906,48.29999923706055,47.880001068115234,48.20000076293945,34.58873748779297,47527100,0.0,0.0,0.0
2011-01-06,48.0099983215332,48.040000915527344,47.58000183105469,47.689998626708984,34.222747802734375,43977400,0.0,0.0,0.0
2011-01-07,47.5099983215332,47.619998931884766,46.93000030517578,47.25,33.90699768066406,57124900,0.0,0.0,0.0
2011-01-10,46.79999923706055,46.849998474121094,46.5099983215332,46.7599983215332,33.55536651611328,62556500,0.0,0.0,0.0
2011-01-11,47.27000045776367,47.38999938964844,47.06999969482422,47.2599983215332,33.914180755615234,53337100,0.0,0.0,0.0
2011-01-12,47.900001525878906,48.209999084472656,47.84000015258789,48.209999084472656,34.59590530395508,67254100,0.0,0.0,0.0
2011-01-13,48.099998474121094,48.11000061035156,47.66999816894531,47.790000915527344,34.29451370239258,53294600,0.0,0.0,0.0
2011-01-14,47.630001068115234,47.939998626708984,47.61000061035156,47.93000030517578,34.39497375488281,38685900,0.0,0.0,0.0
2011-01-18,47.849998474121094,47.959999084472656,47.75,47.86000061035156,34.34474563598633,30565800,0.0,0.0,0.0
2011-01-19,48.0,48.0099983215332,47.31999969482422,47.4900016784668,34.07923126220703,64940400,0.0,0.0,0.0
2011-01-20,47.130001068115234,47.13999938964844,46.529998779296875,46.970001220703125,33.70606994628906,75797500,0.0,0.0,0.0
2011-01-21,47.0,47.06999969482422,46.439998626708984,46.47999954223633,33.35444641113281,87318900,0.0,0.0,0.0
2011-01-24,46.47999954223633,46.849998474121094,46.40999984741211,46.84000015258789,33.6127815246582,61839300,0.0,0.0,0.0
2011-01-25,46.599998474121094,46.70000076293945,46.22999954223633,46.560001373291016,33.4118537902832,63557800,0.0,0.0,0.0
2011-01-26,47.0,47.150001525878906,46.81999969482422,46.970001220703125,33.70606994628906,66604500,0.0,0.0,0.0
2011-01-27,47.08000183105469,47.150001525878906,46.75,46.810001373291016,33.59125900268555,80518400,0.0,0.0,0.0
2011-01-28,46.61000061035156,46.619998931884766,45.25,45.33000183105469,32.529197692871094,185092200,0.0,0.0,0.0
2011-01-31,45.720001220703125,45.97999954223633,45.56999969482422,45.810001373291016,32.8736457824707,97695000,0.0,0.0,0.0
2011-02-01,46.209999084472656,46.97999954223633,46.15999984741211,46.91999816894531,33.670188903808594,105876000,0.0,0.0,0.0
2011-02-02,46.7599983215332,47.13999938964844,46.52000045776367,46.56999969482422,33.419029235839844,68880600,0.0,0.0,0.0
2011-02-03,46.650001525878906,46.7599983215332,46.2599983215332,46.5099983215332,33.375972747802734,56934900,0.0,0.0,0.0
2011-02-04,46.58000183105469,46.65999984741211,46.130001068115234,46.5,33.368797302246094,76698100,0.0,0.0,0.0
2011-02-07,46.400001525878906,46.7599983215332,46.349998474121094,46.560001373291016,33.4118537902832,60078400,0.0,0.0,0.0
2011-02-08,46.41999816894531,46.61000061035156,46.20000076293945,46.58000183105469,33.426212310791016,74244600,0.0,0.0,0.0
2011-02-09,45.939998626708984,46.040000915527344,45.310001373291016,45.5099983215332,32.65836715698242,105680200,0.0,0.0,0.0
2011-02-10,44.849998474121094,45.29999923706055,44.70000076293945,45.08000183105469,32.34980010986328,114356000,0.0,0.0,0.0
2011-02-11,44.790000915527344,45.689998626708984,44.779998779296875,45.630001068115234,32.74446105957031,126541100,0.0,0.0,0.0
2011-02-14,45.70000076293945,45.720001220703125,45.380001068115234,45.400001525878906,32.579429626464844,79051200,0.0,0.0,0.0
2011-02-15,45.43000030517578,45.650001525878906,45.310001373291016,45.4900016784668,32.64399719238281,57068800,0.0,0.0,0.0
2011-02-16,45.59000015258789,45.939998626708984,45.52000045776367,45.869998931884766,32.91670227050781,64667700,0.0,0.0,0.0
2011-02-17,45.72999954223633,46.08000183105469,45.68000030517578,46.029998779296875,33.03152084350586,55294900,0.0,0.0,0.0
2011-02-18,46.18000030517578,46.43000030517578,46.029998779296875,46.310001373291016,33.23245620727539,50410700,0.0,0.0,0.0
2011-02-22,45.33000183105469,45.66999816894531,44.689998626708984,44.83000183105469,32.17039108276367,107176000,0.0,0.0,0.0
2011-02-23,44.959999084472656,45.18000030517578,44.36000061035156,44.869998931884766,32.1990966796875,91843500,0.0,0.0,0.0
2011-02-24,44.849998474121094,45.060001373291016,44.560001373291016,44.97999954223633,32.27803421020508,71568500,0.0,0.0,0.0
2011-02-25,45.38999938964844,45.599998474121094,45.18000030517578,45.52000045776367,32.66553497314453,62718900,0.0,0.0,0.0
2011-02-28,45.70000076293945,45.939998626708984,45.52000045776367,45.790000915527344,32.85929870605469,54078600,0.0,0.0,0.0
2011-03-01,46.09000015258789,46.13999938964844,45.22999954223633,45.31999969482422,32.522029876708984,69711700,0.0,0.0,0.0
2011-03-02,45.439998626708984,46.02000045776367,45.439998626708984,45.939998626708984,32.96693420410156,60123300,0.0,0.0,0.0
2011-03-03,46.5099983215332,46.93000030517578,46.43000030517578,46.849998474121094,33.61996078491211,61309300,0.0,0.0,0.0
2011-03-04,46.90999984741211,47.150001525878906,46.470001220703125,46.900001525878906,33.65583038330078,66742500,0.0,0.0,0.0
2011-03-07,46.959999084472656,47.0099983215332,46.060001373291016,46.2400016784668,33.182212829589844,47781500,0.0,0.0,0.0
2011-03-08,46.650001525878906,47.130001068115234,46.29999923706055,46.86000061035156,33.62713623046875,63985100,0.0,0.0,0.0
2011-03-09,46.88999938964844,47.08000183105469,46.650001525878906,46.95000076293945,33.69171905517578,47005200,0.0,0.0,0.0
2011-03-10,46.04999923706055,46.119998931884766,45.5099983215332,45.560001373291016,32.694244384765625,91093100,0.0,0.0,0.0
2011-03-11,45.279998779296875,46.18000030517578,45.27000045776367,46.029998779296875,33.03152084350586,75103800,0.0,0.0,0.0
2011-03-14,45.849998474121094,46.31999969482422,45.709999084472656,46.29999923706055,33.22528076171875,59912300,0.0,0.0,0.0
2011-03-15,44.5,45.77000045776367,44.5,45.529998779296875,32.67271423339844,103041800,0.0,0.0,0.0
2011-03-16,45.52000045776367,46.18000030517578,44.25,44.599998474121094,32.00534439086914,106325500,0.0,0.0,0.0
2011-03-17,45.2599983215332,45.380001068115234,44.88999938964844,45.150001525878906,32.400028228759766,68572300,0.0,0.0,0.0
2011-03-18,45.63999938964844,45.689998626708984,45.209999084472656,45.22999954223633,32.45743942260742,81209800,0.0,0.0,0.0
2011-03-21,46.08000183105469,46.25,45.9900016784668,46.099998474121094,33.081748962402344,49424900,0.0,0.0,0.0
2011-03-22,46.220001220703125,46.279998779296875,46.029998779296875,46.2400016784668,33.182212829589844,38871500,0.0,0.0,0.0
2011-03-23,46.34000015258789,46.95000076293945,46.189998626708984,46.849998474121094,33.61996078491211,53485200,0.0,0.0,0.0
2011-03-24,47.08000183105469,47.45000076293945,46.869998931884766,47.38999938964844,34.00747299194336,53767500,0.0,0.0,0.0
2011-03-25,47.400001525878906,47.63999938964844,47.22999954223633,47.34000015258789,33.97159194946289,44773600,0.0,0.0,0.0
2011-03-28,47.290000915527344,47.40999984741211,47.06999969482422,47.099998474121094,33.79936218261719,36577100,0.0,0.0,0.0
2011-03-29,47.310001373291016,47.650001525878906,47.130001068115234,47.63999938964844,34.18686294555664,56950300,0.0,0.0,0.0
2011-03-30,48.06999969482422,48.400001525878906,48.0099983215332,48.25,34.62461471557617,70036900,0.0,0.0,0.0
2011-03-31,48.540000915527344,48.75,48.470001220703125,48.66999816894531,34.92600631713867,73140800,0.0,0.0,0.0
2011-04-01,49.2400016784668,49.560001373291016,49.0,49.45000076293945,35.485740661621094,82168900,0.0,0.0,0.0
2011-04-04,49.68000030517578,49.88999938964844,49.5099983215332,49.869998931884766,35.78714370727539,45858900,0.0,0.0,0.0
2011-04-05,49.650001525878906,50.029998779296875,49.540000915527344,49.77000045776367,35.71538162231445,69539700,0.0,0.0,0.0
2011-04-06,50.209999084472656,50.29999923706055,49.939998626708984,50.040000915527344,35.90913391113281,69303000,0.0,0.0,0.0
2011-04-07,50.06999969482422,50.29999923706055,49.70000076293945,49.9900016784668,35.873268127441406,48786300,0.0,0.0,0.0
2011-04-08,50.27000045776367,50.279998779296875,49.79999923706055,50.040000915527344,35.90913391113281,54649200,0.0,0.0,0.0
2011-04-11,49.90999984741211,49.97999954223633,49.349998474121094,49.45000076293945,35.485740661621094,52980300,0.0,0.0,0.0
2011-04-12,49.060001373291016,49.13999938964844,48.45000076293945,48.52000045776367,34.818355560302734,72883500,0.0,0.0,0.0
2011-04-13,49.36000061035156,49.45000076293945,48.66999816894531,48.91999816894531,35.10540771484375,53492200,0.0,0.0,0.0
2011-04-14,48.81999969482422,49.15999984741211,48.630001068115234,49.06999969482422,35.21305847167969,57128000,0.0,0.0,0.0
2011-04-15,49.060001373291016,49.150001525878906,48.7599983215332,49.130001068115234,35.25611114501953,54453100,0.0,0.0,0.0
2011-04-18,48.150001525878906,48.189998626708984,47.560001373291016,47.900001525878906,34.373443603515625,93596400,0.0,0.0,0.0
2011-04-19,48.29999923706055,48.61000061035156,48.25,48.59000015258789,34.86859893798828,50803200,0.0,0.0,0.0
2011-04-20,49.65999984741211,49.7599983215332,49.439998626708984,49.7400016784668,35.693851470947266,49837100,0.0,0.0,0.0
2011-04-21,50.040000915527344,50.189998626708984,49.790000915527344,50.18000030517578,36.009605407714844,30217500,0.0,0.0,0.0
2011-04-25,50.11000061035156,50.150001525878906,49.630001068115234,49.77000045776367,35.71538162231445,33470800,0.0,0.0,0.0
2011-04-26,49.91999816894531,50.22999954223633,49.65999984741211,50.20000076293945,36.02395248413086,39700000,0.0,0.0,0.0
2011-04-27,50.130001068115234,50.16999816894531,49.369998931884766,50.11000061035156,35.9593620300293,60926500,0.0,0.0,0.0
2011-04-28,49.65999984741211,49.77000045776367,49.38999938964844,49.70000076293945,35.6651496887207,45836600,0.0,0.0,0.0
2011-04-29,49.7400016784668,50.13999938964844,49.65999984741211,50.0,35.880428314208984,38277100,0.0,0.0,0.0
2011-05-02,50.2400016784668,50.43000030517578,49.84000015258789,50.0099983215332,35.887603759765625,50952000,0.0,0.0,0.0
2011-05-03,49.31999969482422,49.349998474121094,48.58000183105469,48.900001525878906,35.091068267822266,83696700,0.0,0.0,0.0
2011-05-04,48.70000076293945,48.7400016784668,47.869998931884766,48.09000015258789,34.509788513183594,82919100,0.0,0.0,0.0
2011-05-05,47.70000076293945,48.09000015258789,47.27000045776367,47.630001068115234,34.17969512939453,79810600,0.0,0.0,0.0
2011-05-06,48.369998931884766,48.86000061035156,47.880001068115234,48.25,34.62461471557617,92669900,0.0,0.0,0.0
2011-05-09,48.2400016784668,48.459999084472656,47.93000030517578,48.34000015258789,34.689208984375,48367900,0.0,0.0,0.0
2011-05-10,48.470001220703125,48.90999984741211,48.43000030517578,48.90999984741211,35.09823226928711,54996900,0.0,0.0,0.0
2011-05-11,48.560001373291016,48.58000183105469,47.529998779296875,47.83000183105469,34.32321548461914,82957400,0.0,0.0,0.0
2011-05-12,47.439998626708984,48.060001373291016,47.150001525878906,47.970001220703125,34.423683166503906,71004700,0.0,0.0,0.0
2011-05-13,47.7400016784668,47.84000015258789,46.619998931884766,46.91999816894531,33.670188903808594,83193600,0.0,0.0,0.0
2011-05-16,46.7599983215332,47.41999816894531,46.68000030517578,46.849998474121094,33.61996078491211,72402600,0.0,0.0,0.0
2011-05-17,46.58000183105469,47.029998779296875,46.400001525878906,47.0,33.727603912353516,60103700,0.0,0.0,0.0
2011-05-18,47.310001373291016,47.84000015258789,47.119998931884766,47.7599983215332,34.27298355102539,49432300,0.0,0.0,0.0
2011-05-19,47.650001525878906,47.709999084472656,47.18000030517578,47.45000076293945,34.05051803588867,37836800,0.0,0.0,0.0
2011-05-20,47.34000015258789,47.380001068115234,46.81999969482422,47.06999969482422,33.7778434753418,60130900,0.0,0.0,0.0
2011-05-23,45.93000030517578,46.20000076293945,45.77000045776367,46.09000015258789,33.074581146240234,59786200,0.0,0.0,0.0
2011-05-24,46.5099983215332,46.689998626708984,46.36000061035156,46.54999923706055,33.40468215942383,46599000,0.0,0.0,0.0
2011-05-25,46.27000045776367,46.810001373291016,46.2599983215332,46.650001525878906,33.476436614990234,43400000,0.0,0.0,0.0
2011-05-26,46.83000183105469,47.279998779296875,46.75,47.25,33.90699768066406,47128400,0.0,0.0,0.0
2011-05-27,47.56999969482422,47.869998931884766,47.52000045776367,47.75,34.26580810546875,38849400,0.0,0.0,0.0
2011-05-31,48.56999969482422,48.599998474121094,48.150001525878906,48.529998779296875,34.8255500793457,58762300,0.0,0.0,0.0
2011-06-01,48.43000030517578,48.560001373291016,47.59000015258789,47.65999984741211,34.20122146606445,55372400,0.0,0.0,0.0
2011-06-02,47.9900016784668,48.20000076293945,47.61000061035156,48.11000061035156,34.524139404296875,38988300,0.0,0.0,0.0
2011-06-03,47.54999923706055,48.119998931884766,47.529998779296875,47.869998931884766,34.35191345214844,42955600,0.0,0.0,0.0
2011-06-06,47.81999969482422,47.81999969482422,47.040000915527344,47.099998474121094,33.79936218261719,51477600,0.0,0.0,0.0
2011-06-07,47.709999084472656,47.86000061035156,47.45000076293945,47.470001220703125,34.06488037109375,58042500,0.0,0.0,0.0
2011-06-08,47.29999923706055,47.43000030517578,46.9900016784668,47.130001068115234,33.82088851928711,63855900,0.0,0.0,0.0
2011-06-09,47.11000061035156,47.63999938964844,46.970001220703125,47.5,34.08641052246094,40819000,0.0,0.0,0.0
2011-06-10,46.970001220703125,46.970001220703125,46.380001068115234,46.470001220703125,33.34727478027344,61946000,0.0,0.0,0.0
2011-06-13,46.689998626708984,46.810001373291016,46.25,46.38999938964844,33.28985595703125,37673300,0.0,0.0,0.0
2011-06-14,47.02000045776367,47.27000045776367,46.970001220703125,47.09000015258789,33.79218292236328,46392600,0.0,0.0,0.0
2011-06-15,46.47999954223633,46.720001220703125,45.970001220703125,46.08000183105469,33.06739807128906,66901900,0.0,0.0,0.0
2011-06-16,45.790000915527344,46.13999938964844,45.369998931884766,45.72999954223633,32.816246032714844,66078600,0.0,0.0,0.0
2011-06-17,46.06999969482422,46.09000015258789,45.689998626708984,45.790000915527344,32.85929870605469,61268200,0.0,0.0,0.0
2011-06-20,45.56999969482422,45.790000915527344,45.470001220703125,45.720001220703125,32.80907440185547,40025300,0.0,0.0,0.0
2011-06-21,46.130001068115234,46.619998931884766,46.029998779296875,46.560001373291016,33.4118537902832,48523000,0.0,0.0,0.0
2011-06-22,45.7599983215332,46.08000183105469,45.59000015258789,45.63999938964844,33.07918167114258,40580400,0.461,0.0,0.0
2011-06-23,45.029998779296875,45.599998474121094,44.77000045776367,45.58000183105469,33.03569793701172,63556800,0.0,0.0,0.0
2011-06-24,45.880001068115234,45.900001525878906,45.40999984741211,45.5,32.97771072387695,44225900,0.0,0.0,0.0
2011-06-27,45.47999954223633,46.130001068115234,45.40999984741211,46.029998779296875,33.361839294433594,53450600,0.0,0.0,0.0
2011-06-28,46.06999969482422,46.66999816894531,45.939998626708984,46.65999984741211,33.8184700012207,45598200,0.0,0.0,0.0
2011-06-29,46.779998779296875,47.189998626708984,46.5,47.09000015258789,34.13011169433594,55289100,0.0,0.0,0.0
2011-06-30,47.34000015258789,47.619998931884766,47.20000076293945,47.599998474121094,34.499755859375,46188400,0.0,0.0,0.0
2011-07-01,47.58000183105469,48.290000915527344,46.75,48.15999984741211,34.90562057495117,44635400,0.0,0.0,0.0
2011-07-05,48.279998779296875,48.31999969482422,47.97999954223633,48.13999938964844,34.891143798828125,51374800,0.0,0.0,0.0
2011-07-06,47.93000030517578,48.02000045776367,47.61000061035156,47.81999969482422,34.659210205078125,56118500,0.0,0.0,0.0
2011-07-07,48.369998931884766,48.630001068115234,48.279998779296875,48.47999954223633,35.137577056884766,49542300,0.0,0.0,0.0
2011-07-08,47.93000030517578,48.0099983215332,47.45000076293945,47.93000030517578,34.73893356323242,50271000,0.0,0.0,0.0
2011-07-11,47.099998474121094,47.18000030517578,46.52000045776367,46.59000015258789,33.767730712890625,58197700,0.0,0.0,0.0
2011-07-12,46.25,46.599998474121094,46.08000183105469,46.119998931884766,33.42707824707031,46966300,0.0,0.0,0.0
2011-07-13,46.540000915527344,47.27000045776367,46.43000030517578,46.869998931884766,33.970664978027344,59429900,0.0,0.0,0.0
2011-07-14,47.119998931884766,47.16999816894531,46.27000045776367,46.369998931884766,33.6082763671875,53279700,0.0,0.0,0.0
2011-07-15,46.81999969482422,46.84000015258789,46.36000061035156,46.65999984741211,33.8184700012207,35171100,0.0,0.0,0.0
2011-07-18,46.22999954223633,46.33000183105469,45.79999923706055,46.119998931884766,33.42707824707031,46489100,0.0,0.0,0.0
2011-07-19,46.5,46.84000015258789,46.36000061035156,46.790000915527344,33.91267776489258,37413900,0.0,0.0,0.0
2011-07-20,47.029998779296875,47.099998474121094,46.810001373291016,46.93000030517578,34.01415252685547,29604100,0.0,0.0,0.0
2011-07-21,47.16999816894531,47.77000045776367,47.029998779296875,47.68000030517578,34.557735443115234,45701000,0.0,0.0,0.0
2011-07-22,47.689998626708984,47.779998779296875,47.41999816894531,47.650001525878906,34.53599166870117,31952700,0.0,0.0,0.0
2011-07-25,47.34000015258789,47.7400016784668,47.2400016784668,47.54999923706055,34.46350860595703,32505900,0.0,0.0,0.0
2011-07-26,47.84000015258789,47.97999954223633,47.54999923706055,47.709999084472656,34.579490661621094,29118300,0.0,0.0,0.0
2011-07-27,47.540000915527344,47.540000915527344,46.75,46.869998931884766,33.970664978027344,54477400,0.0,0.0,0.0
2011-07-28,47.09000015258789,47.27000045776367,46.7400016784668,46.90999984741211,33.9996452331543,44734300,0.0,0.0,0.0
2011-07-29,46.54999923706055,47.25,46.41999816894531,47.11000061035156,34.144615173339844,48432100,0.0,0.0,0.0
2011-08-01,47.66999816894531,47.689998626708984,46.630001068115234,47.06999969482422,34.115623474121094,48466100,0.0,0.0,0.0
2011-08-02,46.68000030517578,46.7599983215332,45.59000015258789,45.619998931884766,33.06467819213867,73705600,0.0,0.0,0.0
2011-08-03,45.599998474121094,45.630001068115234,44.65999984741211,45.459999084472656,32.94871520996094,73967200,0.0,0.0,0.0
2011-08-04,44.2400016784668,44.36000061035156,42.790000915527344,42.86000061035156,31.064279556274414,139352000,0.0,0.0,0.0
2011-08-05,43.150001525878906,43.2599983215332,41.31999969482422,42.58000183105469,30.861343383789062,154381700,0.0,0.0,0.0
2011-08-08,40.72999954223633,41.2400016784668,38.709999084472656,39.029998779296875,28.28835105895996,175336300,0.0,0.0,0.0
2011-08-09,40.0,41.34000015258789,38.810001373291016,41.31999969482422,29.9481143951416,191406700,0.0,0.0,0.0
2011-08-10,40.060001373291016,40.540000915527344,39.119998931884766,39.130001068115234,28.360828399658203,122586600,0.0,0.0,0.0
2011-08-11,40.04999923706055,41.79999923706055,39.7599983215332,41.290000915527344,29.926361083984375,121153900,0.0,0.0,0.0
2011-08-12,41.31999969482422,41.560001373291016,40.83000183105469,41.27000045776367,29.911880493164062,64752000,0.0,0.0,0.0
2011-08-15,41.90999984741211,42.33000183105469,41.900001525878906,42.22999954223633,30.60765838623047,65966400,0.0,0.0,0.0
2011-08-16,41.779998779296875,42.16999816894531,41.34000015258789,41.869998931884766,30.34673309326172,61578100,0.0,0.0,0.0
2011-08-17,42.150001525878906,42.47999954223633,41.7599983215332,42.16999816894531,30.564170837402344,45131600,0.0,0.0,0.0
2011-08-18,40.630001068115234,40.689998626708984,39.63999938964844,40.18000030517578,29.121845245361328,106805200,0.0,0.0,0.0
2011-08-19,39.619998931884766,40.7400016784668,39.61000061035156,39.68000030517578,28.75946044921875,72408800,0.0,0.0,0.0
2011-08-22,40.34000015258789,40.5099983215332,39.5099983215332,39.63999938964844,28.730470657348633,51908100,0.0,0.0,0.0
2011-08-23,40.15999984741211,41.06999969482422,39.7400016784668,41.029998779296875,29.7379207611084,73244900,0.0,0.0,0.0
2011-08-24,40.38999938964844,40.869998931884766,39.97999954223633,40.630001068115234,29.448007583618164,48121000,0.0,0.0,0.0
2011-08-25,40.619998931884766,40.779998779296875,39.619998931884766,39.84000015258789,28.87541961669922,57125600,0.0,0.0,0.0
2011-08-26,39.880001068115234,40.540000915527344,39.22999954223633,40.52000045776367,29.368270874023438,74396200,0.0,0.0,0.0
2011-08-29,41.279998779296875,41.84000015258789,41.25,41.83000183105469,30.317752838134766,46759900,0.0,0.0,0.0
2011-08-30,41.59000015258789,42.150001525878906,41.369998931884766,41.88999938964844,30.361234664916992,51881500,0.0,0.0,0.0
2011-08-31,42.650001525878906,42.93000030517578,42.40999984741211,42.75,30.98455238342285,74774800,0.0,0.0,0.0
2011-09-01,42.869998931884766,43.27000045776367,42.5,42.52000045776367,30.817853927612305,76392600,0.0,0.0,0.0
2011-09-02,41.86000061035156,42.06999969482422,41.349998474121094,41.560001373291016,30.12206268310547,69255200,0.0,0.0,0.0
2011-09-06,40.189998626708984,41.15999984741211,40.16999816894531,41.130001068115234,29.810396194458008,66073000,0.0,0.0,0.0
2011-09-07,41.83000183105469,42.380001068115234,41.599998474121094,42.349998474121094,30.69464683532715,49845600,0.0,0.0,0.0
2011-09-08,41.619998931884766,42.11000061035156,41.29999923706055,41.40999984741211,30.013343811035156,59110100,0.0,0.0,0.0
2011-09-09,40.77000045776367,41.83000183105469,39.849998474121094,40.0099983215332,28.998628616333008,76809100,0.0,0.0,0.0
2011-09-12,39.27000045776367,39.970001220703125,38.97999954223633,39.93000030517578,28.94066047668457,69385300,0.0,0.0,0.0
2011-09-13,39.72999954223633,40.040000915527344,39.400001525878906,39.9900016784668,28.984146118164062,68090600,0.0,0.0,0.0
2011-09-14,39.709999084472656,40.220001220703125,38.88999938964844,39.880001068115234,28.904420852661133,82237200,0.0,0.0,0.0
2011-09-15,40.38999938964844,40.470001220703125,39.79999923706055,40.459999084472656,29.324792861938477,62836900,0.0,0.0,0.0
2011-09-16,40.650001525878906,40.81999969482422,40.150001525878906,40.529998779296875,29.375524520874023,46199300,0.0,0.0,0.0
2011-09-19,39.099998474121094,39.529998779296875,38.91999816894531,39.33000183105469,28.505779266357422,67923900,0.0,0.0,0.0
2011-09-20,39.47999954223633,39.7599983215332,39.02000045776367,39.040000915527344,28.295597076416016,53481200,0.0,0.0,0.0
2011-09-21,38.810001373291016,39.04999923706055,37.560001373291016,37.59000015258789,27.244661331176758,105520500,0.0,0.0,0.0
2011-09-22,35.810001373291016,36.099998474121094,34.709999084472656,34.95000076293945,25.33123016357422,159906700,0.0,0.0,0.0
2011-09-23,35.38999938964844,35.93000030517578,35.130001068115234,35.880001068115234,26.005279541015625,102748900,0.0,0.0,0.0
2011-09-26,35.56999969482422,36.470001220703125,35.09000015258789,36.41999816894531,26.396663665771484,94311200,0.0,0.0,0.0
2011-09-27,37.61000061035156,38.2400016784668,37.38999938964844,37.58000183105469,27.237417221069336,112508800,0.0,0.0,0.0
2011-09-28,37.400001525878906,37.65999984741211,36.40999984741211,36.45000076293945,26.418407440185547,80061600,0.0,0.0,0.0
2011-09-29,37.41999816894531,37.540000915527344,36.38999938964844,36.95000076293945,26.780799865722656,74702700,0.0,0.0,0.0
2011-09-30,36.0099983215332,36.36000061035156,35.029998779296875,35.099998474121094,25.439945220947266,102866200,0.0,0.0,0.0
2011-10-03,35.06999969482422,35.59000015258789,34.290000915527344,34.36000061035156,24.903606414794922,107059200,0.0,0.0,0.0
2011-10-04,33.93000030517578,34.939998626708984,33.41999816894531,34.88999938964844,25.287742614746094,111600000,0.0,0.0,0.0
2011-10-05,34.7599983215332,35.75,34.4900016784668,35.70000076293945,25.874820709228516,81013800,0.0,0.0,0.0
2011-10-06,35.779998779296875,36.90999984741211,35.619998931884766,36.880001068115234,26.730070114135742,140578300,0.0,0.0,0.0
2011-10-07,37.099998474121094,37.2400016784668,36.20000076293945,36.439998626708984,26.41115951538086,76503200,0.0,0.0,0.0
2011-10-10,37.459999084472656,38.130001068115234,37.43000030517578,38.06999969482422,27.59255599975586,69649800,0.0,0.0,0.0
2011-10-11,37.58000183105469,38.279998779296875,37.5,38.09000015258789,27.607059478759766,72086900,0.0,0.0,0.0
2011-10-12,38.88999938964844,39.720001220703125,38.869998931884766,39.15999984741211,28.382566452026367,101798900,0.0,0.0,0.0
2011-10-13,38.84000015258789,39.0099983215332,38.290000915527344,38.810001373291016,28.12890625,57089300,0.0,0.0,0.0
2011-10-14,39.400001525878906,39.61000061035156,39.15999984741211,39.59000015258789,28.69423484802246,72966500,0.0,0.0,0.0
2011-10-17,39.16999816894531,39.2599983215332,38.209999084472656,38.25,27.7230224609375,63743000,0.0,0.0,0.0
2011-10-18,38.31999969482422,39.459999084472656,37.72999954223633,39.27000045776367,28.462297439575195,85366100,0.0,0.0,0.0
2011-10-19,39.02000045776367,39.209999084472656,38.470001220703125,38.52000045776367,27.918710708618164,52363200,0.0,0.0,0.0
2011-10-20,38.209999084472656,38.220001220703125,37.130001068115234,37.779998779296875,27.382368087768555,83654600,0.0,0.0,0.0
2011-10-21,38.38999938964844,38.900001525878906,38.369998931884766,38.86000061035156,28.165138244628906,69672700,0.0,0.0,0.0
2011-10-24,39.34000015258789,40.5,39.29999923706055,40.380001068115234,29.26681900024414,87934300,0.0,0.0,0.0
2011-10-25,39.900001525878906,40.02000045776367,39.43000030517578,39.58000183105469,28.68698501586914,76772100,0.0,0.0,0.0
2011-10-26,40.38999938964844,40.5099983215332,39.52000045776367,40.310001373291016,29.21607780456543,62940200,0.0,0.0,0.0
2011-10-27,42.09000015258789,43.220001220703125,41.72999954223633,42.7599983215332,30.991796493530273,156301800,0.0,0.0,0.0
2011-10-28,42.02000045776367,42.65999984741211,41.939998626708984,42.400001525878906,30.73086929321289,59840500,0.0,0.0,0.0
2011-10-31,41.599998474121094,41.68000030517578,40.7599983215332,40.810001373291016,29.57846450805664,69667800,0.0,0.0,0.0
2011-11-01,39.290000915527344,40.310001373291016,39.13999938964844,39.81999969482422,28.86093521118164,91614700,0.0,0.0,0.0
2011-11-02,40.939998626708984,41.13999938964844,40.41999816894531,41.040000915527344,29.745161056518555,64629600,0.0,0.0,0.0
2011-11-03,41.290000915527344,41.630001068115234,40.66999816894531,41.459999084472656,30.049577713012695,58912200,0.0,0.0,0.0
2011-11-04,41.11000061035156,41.2599983215332,40.54999923706055,41.189998626708984,29.853893280029297,50083800,0.0,0.0,0.0
2011-11-07,41.130001068115234,41.630001068115234,40.970001220703125,41.540000915527344,30.107561111450195,44450000,0.0,0.0,0.0
2011-11-08,41.61000061035156,42.08000183105469,41.099998474121094,42.029998779296875,30.46269989013672,70276800,0.0,0.0,0.0
2011-11-09,40.400001525878906,40.560001373291016,39.47999954223633,39.56999969482422,28.679729461669922,111322800,0.0,0.0,0.0
2011-11-10,40.189998626708984,40.29999923706055,39.54999923706055,39.83000183105469,28.868183135986328,48436000,0.0,0.0,0.0
2011-11-11,40.369998931884766,40.900001525878906,40.369998931884766,40.790000915527344,29.56397819519043,48885300,0.0,0.0,0.0
2011-11-14,40.5,40.599998474121094,40.0,40.22999954223633,29.1580867767334,47272600,0.0,0.0,0.0
2011-11-15,40.18000030517578,40.70000076293945,39.86000061035156,40.47999954223633,29.339284896850586,45852500,0.0,0.0,0.0
2011-11-16,39.75,40.16999816894531,39.38999938964844,39.38999938964844,28.549280166625977,64823000,0.0,0.0,0.0
2011-11-17,39.599998474121094,39.70000076293945,38.18000030517578,38.38999938964844,27.824485778808594,102951000,0.0,0.0,0.0
2011-11-18,38.95000076293945,38.959999084472656,38.31999969482422,38.540000915527344,27.933208465576172,51240500,0.0,0.0,0.0
2011-11-21,37.5099983215332,37.65999984741211,36.880001068115234,37.29999923706055,27.034475326538086,59896200,0.0,0.0,0.0
2011-11-22,37.45000076293945,37.65999984741211,36.9900016784668,37.43000030517578,27.128694534301758,46355600,0.0,0.0,0.0
2011-11-23,36.790000915527344,36.81999969482422,36.220001220703125,36.220001220703125,26.251707077026367,65700800,0.0,0.0,0.0
2011-11-25,36.22999954223633,36.72999954223633,36.099998474121094,36.099998474121094,26.16473388671875,30076300,0.0,0.0,0.0
2011-11-28,37.720001220703125,37.86000061035156,37.459999084472656,37.83000183105469,27.41861343383789,79397700,0.0,0.0,0.0
2011-11-29,37.720001220703125,38.220001220703125,37.619998931884766,37.65999984741211,27.29539680480957,52655900,0.0,0.0,0.0
2011-11-30,39.5,40.06999969482422,39.290000915527344,40.0099983215332,28.998628616333008,92375400,0.0,0.0,0.0
2011-12-01,40.029998779296875,40.349998474121094,39.810001373291016,39.88999938964844,28.911663055419922,46229200,0.0,0.0,0.0
2011-12-02,40.38999938964844,40.43000030517578,39.75,39.77000045776367,28.82469367980957,47176100,0.0,0.0,0.0
2011-12-05,40.5,40.59000015258789,40.119998931884766,40.41999816894531,29.295795440673828,59551400,0.0,0.0,0.0
2011-12-06,39.86000061035156,40.16999816894531,39.59000015258789,39.869998931884766,28.897165298461914,43432800,0.0,0.0,0.0
2011-12-07,39.77000045776367,40.15999984741211,39.5099983215332,40.029998779296875,29.01313591003418,73276600,0.0,0.0,0.0
2011-12-08,39.43000030517578,39.560001373291016,38.47999954223633,38.59000015258789,27.969446182250977,86315100,0.0,0.0,0.0
2011-12-09,38.709999084472656,39.47999954223633,38.70000076293945,39.369998931884766,28.53477668762207,51866700,0.0,0.0,0.0
2011-12-12,38.2400016784668,38.290000915527344,37.65999984741211,37.88999938964844,27.462099075317383,82239000,0.0,0.0,0.0
2011-12-13,38.2400016784668,38.45000076293945,37.41999816894531,37.540000915527344,27.208423614501953,59290300,0.0,0.0,0.0
2011-12-14,37.400001525878906,37.599998474121094,36.97999954223633,37.0,26.81703758239746,66643900,0.0,0.0,0.0
2011-12-15,37.7400016784668,37.75,37.119998931884766,37.2400016784668,26.990983963012695,82103600,0.0,0.0,0.0
2011-12-16,37.619998931884766,37.84000015258789,37.369998931884766,37.52000045776367,27.19392204284668,64381200,0.0,0.0,0.0
2011-12-19,37.22999954223633,37.279998779296875,36.47999954223633,36.54999923706055,26.490882873535156,56108700,0.0,0.0,0.0
2011-12-20,37.15999984741211,37.79999923706055,37.130001068115234,37.720001220703125,27.600919723510742,71387400,0.347,0.0,0.0
2011-12-21,37.630001068115234,37.849998474121094,37.20000076293945,37.84000015258789,27.6887264251709,47572400,0.0,0.0,0.0
2011-12-22,37.88999938964844,38.369998931884766,37.880001068115234,38.34000015258789,28.054590225219727,58644600,0.0,0.0,0.0
2011-12-23,38.31999969482422,38.5,38.15999984741211,38.4900016784668,28.164356231689453,21521600,0.0,0.0,0.0
2011-12-27,38.18000030517578,38.29999923706055,38.040000915527344,38.119998931884766,27.89361572265625,26198500,0.0,0.0,0.0
2011-12-28,37.93000030517578,37.97999954223633,37.43000030517578,37.47999954223633,27.425302505493164,39326100,0.0,0.0,0.0
2011-12-29,37.66999816894531,37.959999084472656,37.630001068115234,37.90999984741211,27.739940643310547,32240500,0.0,0.0,0.0
2011-12-30,37.880001068115234,38.13999938964844,37.86000061035156,37.939998626708984,27.761903762817383,33432400,0.0,0.0,0.0
2012-01-03,38.97999954223633,39.27000045776367,38.88999938964844,39.099998474121094,28.6107120513916,72557500,0.0,0.0,0.0
2012-01-04,38.7400016784668,38.970001220703125,38.599998474121094,38.880001068115234,28.449731826782227,46225600,0.0,0.0,0.0
2012-01-05,38.63999938964844,38.83000183105469,38.33000183105469,38.709999084472656,28.325328826904297,54383000,0.0,0.0,0.0
2012-01-06,38.66999816894531,38.66999816894531,38.20000076293945,38.220001220703125,27.966785430908203,50333100,0.0,0.0,0.0
2012-01-09,38.58000183105469,38.70000076293945,38.369998931884766,38.619998931884766,28.25948143005371,45814800,0.0,0.0,0.0
2012-01-10,39.5,39.68000030517578,39.36000061035156,39.459999084472656,28.874128341674805,59620000,0.0,0.0,0.0
2012-01-11,39.22999954223633,39.5099983215332,39.119998931884766,39.4900016784668,28.896081924438477,47747100,0.0,0.0,0.0
2012-01-12,39.689998626708984,39.75,39.380001068115234,39.650001525878906,29.013153076171875,43328400,0.0,0.0,0.0
2012-01-13,39.36000061035156,39.380001068115234,38.939998626708984,39.290000915527344,28.74974250793457,57195200,0.0,0.0,0.0
2012-01-17,40.13999938964844,40.25,39.880001068115234,40.040000915527344,29.298540115356445,70477600,0.0,0.0,0.0
2012-01-18,40.25,41.06999969482422,40.150001525878906,41.04999923706055,30.037588119506836,72674100,0.0,0.0,0.0
2012-01-19,41.2599983215332,41.47999954223633,41.13999938964844,41.40999984741211,30.30101203918457,68477400,0.0,0.0,0.0
2012-01-20,41.310001373291016,41.4900016784668,41.119998931884766,41.380001068115234,30.279048919677734,43400800,0.0,0.0,0.0
2012-01-23,41.58000183105469,41.97999954223633,41.5099983215332,41.779998779296875,30.571760177612305,62223900,0.0,0.0,0.0
2012-01-24,41.400001525878906,41.84000015258789,41.22999954223633,41.84000015258789,30.615663528442383,39864800,0.0,0.0,0.0
2012-01-25,41.52000045776367,42.41999816894531,41.38999938964844,42.310001373291016,30.959558486938477,64939200,0.0,0.0,0.0
2012-01-26,42.61000061035156,42.7599983215332,41.97999954223633,42.13999938964844,30.835182189941406,68097200,0.0,0.0,0.0
2012-01-27,42.15999984741211,42.5099983215332,42.13999938964844,42.36000061035156,30.99616241455078,51983800,0.0,0.0,0.0
2012-01-30,41.5099983215332,41.88999938964844,41.349998474121094,41.75,30.549795150756836,43104400,0.0,0.0,0.0
2012-01-31,42.27000045776367,42.54999923706055,41.83000183105469,42.11000061035156,30.813215255737305,69525300,0.0,0.0,0.0
2012-02-01,42.75,43.25,42.66999816894531,43.040000915527344,31.49373435974121,82799300,0.0,0.0,0.0
2012-02-02,43.25,43.54999923706055,43.13999938964844,43.15999984741211,31.581541061401367,71522900,0.0,0.0,0.0
2012-02-03,43.72999954223633,43.939998626708984,43.47999954223633,43.880001068115234,32.1083869934082,72000800,0.0,0.0,0.0
2012-02-06,43.290000915527344,43.5099983215332,43.20000076293945,43.5099983215332,31.837646484375,40208500,0.0,0.0,0.0
2012-02-07,43.310001373291016,43.68000030517578,43.040000915527344,43.599998474121094,31.90351104736328,47240100,0.0,0.0,0.0
2012-02-08,43.869998931884766,44.099998474121094,43.709999084472656,43.90999984741211,32.13032913208008,53168200,0.0,0.0,0.0
2012-02-09,43.970001220703125,44.0,43.61000061035156,43.88999938964844,32.11570739746094,44004500,0.0,0.0,0.0
2012-02-10,42.939998626708984,43.0,42.7400016784668,42.91999816894531,31.405927658081055,62254000,0.0,0.0,0.0
2012-02-13,43.630001068115234,43.66999816894531,43.290000915527344,43.619998931884766,31.918132781982422,47447900,0.0,0.0,0.0
2012-02-14,43.31999969482422,43.45000076293945,42.97999954223633,43.2599983215332,31.65471649169922,42652500,0.0,0.0,0.0
2012-02-15,43.779998779296875,43.790000915527344,43.279998779296875,43.380001068115234,31.74251937866211,51791500,0.0,0.0,0.0
2012-02-16,43.209999084472656,43.880001068115234,43.08000183105469,43.849998474121094,32.08643341064453,52445100,0.0,0.0,0.0
2012-02-17,44.0099983215332,44.099998474121094,43.779998779296875,43.93000030517578,32.14497375488281,50694200,0.0,0.0,0.0
2012-02-21,44.04999923706055,44.08000183105469,43.68000030517578,43.75,32.01326370239258,46318500,0.0,0.0,0.0
2012-02-22,43.810001373291016,43.900001525878906,43.65999984741211,43.83000183105469,32.071800231933594,40179600,0.0,0.0,0.0
2012-02-23,43.7400016784668,43.849998474121094,43.4900016784668,43.75,32.01326370239258,36443800,0.0,0.0,0.0
2012-02-24,43.959999084472656,44.2599983215332,43.93000030517578,44.189998626708984,32.33522033691406,37876800,0.0,0.0,0.0
2012-02-27,43.56999969482422,43.90999984741211,43.380001068115234,43.75,32.01326370239258,42999300,0.0,0.0,0.0
2012-02-28,44.029998779296875,44.369998931884766,43.91999816894531,44.36000061035156,32.45961380004883,40977700,0.0,0.0,0.0
2012-02-29,44.63999938964844,44.90999984741211,44.209999084472656,44.33000183105469,32.43767166137695,72109200,0.0,0.0,0.0
2012-03-01,44.47999954223633,44.869998931884766,44.41999816894531,44.75,32.74498748779297,51045600,0.0,0.0,0.0
2012-03-02,44.599998474121094,44.75,44.41999816894531,44.63999938964844,32.66450500488281,32352400,0.0,0.0,0.0
2012-03-05,44.22999954223633,44.2400016784668,43.68000030517578,43.869998931884766,32.1010627746582,50657400,0.0,0.0,0.0
2012-03-06,42.75,42.79999923706055,42.220001220703125,42.400001525878906,31.025423049926758,103961400,0.0,0.0,0.0
2012-03-07,42.75,42.95000076293945,42.54999923706055,42.90999984741211,31.398618698120117,45233800,0.0,0.0,0.0
2012-03-08,43.56999969482422,43.88999938964844,43.400001525878906,43.810001373291016,32.05717086791992,40673600,0.0,0.0,0.0
2012-03-09,43.810001373291016,44.040000915527344,43.689998626708984,43.790000915527344,32.04253005981445,36487700,0.0,0.0,0.0
2012-03-12,43.4900016784668,43.54999923706055,43.150001525878906,43.310001373291016,31.691308975219727,31488700,0.0,0.0,0.0
2012-03-13,43.7400016784668,44.529998779296875,43.619998931884766,44.4900016784668,32.55474090576172,61336000,0.0,0.0,0.0
2012-03-14,44.2599983215332,44.369998931884766,43.68000030517578,43.790000915527344,32.04253005981445,59777900,0.0,0.0,0.0
2012-03-15,44.029998779296875,44.18000030517578,43.7599983215332,44.13999938964844,32.298648834228516,35060300,0.0,0.0,0.0
2012-03-16,44.06999969482422,44.25,43.93000030517578,44.09000015258789,32.26205825805664,36520100,0.0,0.0,0.0
2012-03-19,43.709999084472656,44.099998474121094,43.650001525878906,43.91999816894531,32.13765335083008,30002500,0.0,0.0,0.0
2012-03-20,43.15999984741211,43.27000045776367,42.900001525878906,43.15999984741211,31.581541061401367,53828200,0.0,0.0,0.0
2012-03-21,43.18000030517578,43.34000015258789,42.939998626708984,43.2400016784668,31.64008331298828,49696000,0.0,0.0,0.0
2012-03-22,42.810001373291016,42.84000015258789,42.380001068115234,42.58000183105469,31.157142639160156,73056000,0.0,0.0,0.0
2012-03-23,42.630001068115234,42.95000076293945,42.41999816894531,42.900001525878906,31.391292572021484,31693200,0.0,0.0,0.0
2012-03-26,43.18000030517578,43.66999816894531,43.099998474121094,43.650001525878906,31.940095901489258,67482700,0.0,0.0,0.0
2012-03-27,43.650001525878906,43.70000076293945,43.380001068115234,43.41999816894531,31.771791458129883,35627500,0.0,0.0,0.0
2012-03-28,43.209999084472656,43.29999923706055,42.5099983215332,42.689998626708984,31.237627029418945,55592200,0.0,0.0,0.0
2012-03-29,42.220001220703125,42.68000030517578,41.90999984741211,42.63999938964844,31.201038360595703,53897700,0.0,0.0,0.0
2012-03-30,43.04999923706055,43.060001373291016,42.630001068115234,42.95000076293945,31.427885055541992,48514500,0.0,0.0,0.0
2012-04-02,42.900001525878906,43.72999954223633,42.790000915527344,43.540000915527344,31.859601974487305,62056300,0.0,0.0,0.0
2012-04-03,43.61000061035156,43.75,43.0,43.290000915527344,31.67667579650879,58379300,0.0,0.0,0.0
2012-04-04,42.560001373291016,42.630001068115234,42.2400016784668,42.5099983215332,31.10591697692871,49766700,0.0,0.0,0.0
2012-04-05,42.52000045776367,43.849998474121094,42.5,42.7400016784668,31.274215698242188,45579600,0.0,0.0,0.0
2012-04-09,42.09000015258789,42.310001373291016,41.970001220703125,42.11000061035156,30.813215255737305,42343200,0.0,0.0,0.0
2012-04-10,41.970001220703125,42.09000015258789,41.16999816894531,41.290000915527344,30.21319580078125,81350300,0.0,0.0,0.0
2012-04-11,41.880001068115234,42.0,41.63999938964844,41.7400016784668,30.5424747467041,45581000,0.0,0.0,0.0
2012-04-12,41.95000076293945,42.81999969482422,41.939998626708984,42.810001373291016,31.325428009033203,64008500,0.0,0.0,0.0
2012-04-13,42.58000183105469,42.70000076293945,42.040000915527344,42.15999984741211,30.849803924560547,64221100,0.0,0.0,0.0
2012-04-16,42.459999084472656,42.5099983215332,41.7599983215332,41.95000076293945,30.696142196655273,62839600,0.0,0.0,0.0
2012-04-17,42.16999816894531,42.529998779296875,41.97999954223633,42.43000030517578,31.047374725341797,51806300,0.0,0.0,0.0
2012-04-18,42.060001373291016,42.349998474121094,41.9900016784668,42.22999954223633,30.90102195739746,40456400,0.0,0.0,0.0
2012-04-19,42.150001525878906,42.47999954223633,41.81999969482422,42.040000915527344,30.762008666992188,42080500,0.0,0.0,0.0
2012-04-20,42.310001373291016,42.54999923706055,42.2599983215332,42.33000183105469,30.974212646484375,43456900,0.0,0.0,0.0
2012-04-23,41.56999969482422,41.61000061035156,41.06999969482422,41.52000045776367,30.381498336791992,63093800,0.0,0.0,0.0
2012-04-24,41.630001068115234,41.880001068115234,41.529998779296875,41.61000061035156,30.447357177734375,50567200,0.0,0.0,0.0
2012-04-25,41.95000076293945,42.0099983215332,41.72999954223633,41.9900016784668,30.725419998168945,45739900,0.0,0.0,0.0
2012-04-26,41.84000015258789,42.310001373291016,41.790000915527344,42.25,30.915674209594727,35715200,0.0,0.0,0.0
2012-04-27,42.279998779296875,42.400001525878906,42.04999923706055,42.310001373291016,30.959558486938477,40038100,0.0,0.0,0.0
2012-04-30,42.310001373291016,42.31999969482422,42.06999969482422,42.220001220703125,30.89371109008789,39795800,0.0,0.0,0.0
2012-05-01,42.25,42.880001068115234,42.13999938964844,42.5,31.09859848022461,37657900,0.0,0.0,0.0
2012-05-02,42.369998931884766,42.4900016784668,42.150001525878906,42.41999816894531,31.04006576538086,35379800,0.0,0.0,0.0
2012-05-03,42.439998626708984,42.470001220703125,41.90999984741211,42.099998474121094,30.80589485168457,45671000,0.0,0.0,0.0
2012-05-04,41.869998931884766,41.939998626708984,41.290000915527344,41.36000061035156,30.26442527770996,58478500,0.0,0.0,0.0
2012-05-07,41.290000915527344,41.56999969482422,41.2400016784668,41.5099983215332,30.374181747436523,44100000,0.0,0.0,0.0
2012-05-08,41.130001068115234,41.13999938964844,40.41999816894531,40.849998474121094,29.891244888305664,66820200,0.0,0.0,0.0
2012-05-09,40.11000061035156,40.599998474121094,39.869998931884766,40.31999969482422,29.503427505493164,86829800,0.0,0.0,0.0
2012-05-10,40.7400016784668,40.7400016784668,40.41999816894531,40.4900016784668,29.627819061279297,48337700,0.0,0.0,0.0
2012-05-11,40.0099983215332,40.52000045776367,39.93000030517578,39.970001220703125,29.247316360473633,56290000,0.0,0.0,0.0
2012-05-14,39.27000045776367,39.34000015258789,39.04999923706055,39.060001373291016,28.58144187927246,63048400,0.0,0.0,0.0
2012-05-15,39.09000015258789,39.22999954223633,38.56999969482422,38.720001220703125,28.33265495300293,61529000,0.0,0.0,0.0
2012-05-16,38.5099983215332,38.75,38.119998931884766,38.16999816894531,27.930208206176758,82693600,0.0,0.0,0.0
2012-05-17,38.150001525878906,38.22999954223633,37.61000061035156,37.650001525878906,27.549701690673828,74320200,0.0,0.0,0.0
2012-05-18,37.7599983215332,37.86000061035156,37.16999816894531,37.290000915527344,27.28627586364746,75155600,0.0,0.0,0.0
2012-05-21,37.5,38.2400016784668,37.459999084472656,38.18000030517578,27.93752098083496,62509500,0.0,0.0,0.0
2012-05-22,38.13999938964844,38.40999984741211,37.540000915527344,37.779998779296875,27.644824981689453,52847900,0.0,0.0,0.0
2012-05-23,37.380001068115234,37.54999923706055,36.689998626708984,37.52000045776367,27.454572677612305,72030300,0.0,0.0,0.0
2012-05-24,37.630001068115234,37.63999938964844,36.970001220703125,37.33000183105469,27.3155460357666,57707700,0.0,0.0,0.0
2012-05-25,37.18000030517578,37.369998931884766,37.04999923706055,37.150001525878906,27.183834075927734,47685000,0.0,0.0,0.0
2012-05-29,38.150001525878906,38.36000061035156,37.869998931884766,38.20000076293945,27.9521484375,71172100,0.0,0.0,0.0
2012-05-30,37.470001220703125,37.650001525878906,37.29999923706055,37.540000915527344,27.469207763671875,80092500,0.0,0.0,0.0
2012-05-31,37.61000061035156,37.88999938964844,37.220001220703125,37.70000076293945,27.58629035949707,66528900,0.0,0.0,0.0
2012-06-01,36.93000030517578,37.119998931884766,36.63999938964844,36.689998626708984,26.84723472595215,79955400,0.0,0.0,0.0
2012-06-04,36.75,36.9900016784668,36.56999969482422,36.849998474121094,26.964313507080078,57106800,0.0,0.0,0.0
2012-06-05,36.86000061035156,37.04999923706055,36.650001525878906,36.95000076293945,27.03748893737793,58858400,0.0,0.0,0.0
2012-06-06,37.36000061035156,38.08000183105469,37.349998474121094,38.029998779296875,27.8277530670166,55300800,0.0,0.0,0.0
2012-06-07,38.84000015258789,38.91999816894531,38.130001068115234,38.2599983215332,27.996057510375977,49633200,0.0,0.0,0.0
2012-06-08,37.689998626708984,37.9900016784668,37.54999923706055,37.93000030517578,27.754594802856445,39729500,0.0,0.0,0.0
2012-06-11,38.27000045776367,38.310001373291016,37.349998474121094,37.380001068115234,27.35213851928711,51800800,0.0,0.0,0.0
2012-06-12,37.90999984741211,38.189998626708984,37.720001220703125,38.15999984741211,27.922887802124023,54033500,0.0,0.0,0.0
2012-06-13,38.099998474121094,38.459999084472656,37.93000030517578,38.02000045776367,27.8204402923584,43926900,0.0,0.0,0.0
2012-06-14,37.970001220703125,38.41999816894531,37.77000045776367,38.290000915527344,28.01801109313965,46464200,0.0,0.0,0.0
2012-06-15,38.470001220703125,39.0,38.380001068115234,38.9900016784668,28.530223846435547,63027500,0.0,0.0,0.0
2012-06-18,38.7400016784668,39.16999816894531,38.63999938964844,39.06999969482422,28.588762283325195,37552500,0.0,0.0,0.0
2012-06-19,39.400001525878906,39.95000076293945,39.34000015258789,39.70000076293945,29.049747467041016,50142100,0.0,0.0,0.0
2012-06-20,39.70000076293945,39.81999969482422,39.18000030517578,39.56999969482422,28.95462417602539,58814400,0.0,0.0,0.0
2012-06-21,38.83000183105469,38.880001068115234,37.619998931884766,37.66999816894531,27.894245147705078,58815500,0.468,0.0,0.0
2012-06-22,37.970001220703125,37.9900016784668,37.58000183105469,37.790000915527344,27.983104705810547,33162400,0.0,0.0,0.0
2012-06-25,37.22999954223633,37.2400016784668,36.880001068115234,37.09000015258789,27.464763641357422,44292700,0.0,0.0,0.0
2012-06-26,37.34000015258789,37.560001373291016,37.060001373291016,37.40999984741211,27.70171546936035,35913100,0.0,0.0,0.0
2012-06-27,37.63999938964844,37.779998779296875,37.52000045776367,37.650001525878906,27.879444122314453,28255200,0.0,0.0,0.0
2012-06-28,37.310001373291016,37.5099983215332,37.04999923706055,37.470001220703125,27.74614906311035,34183500,0.0,0.0,0.0
2012-06-29,38.650001525878906,39.189998626708984,38.59000015258789,39.130001068115234,28.975360870361328,78076300,0.0,0.0,0.0
2012-07-02,39.060001373291016,39.189998626708984,38.790000915527344,39.130001068115234,28.975360870361328,38509900,0.0,0.0,0.0
2012-07-03,39.5,39.91999816894531,39.380001068115234,39.90999984741211,29.552946090698242,36099700,0.0,0.0,0.0
2012-07-05,39.560001373291016,39.7400016784668,39.27000045776367,39.4900016784668,29.241933822631836,33512700,0.0,0.0,0.0
2012-07-06,38.900001525878906,38.9900016784668,38.61000061035156,38.77000045776367,28.708782196044922,49424200,0.0,0.0,0.0
2012-07-09,38.599998474121094,38.70000076293945,38.38999938964844,38.630001068115234,28.605121612548828,34530600,0.0,0.0,0.0
2012-07-10,38.9900016784668,39.02000045776367,38.060001373291016,38.20000076293945,28.286706924438477,48650000,0.0,0.0,0.0
2012-07-11,38.349998474121094,38.58000183105469,38.130001068115234,38.400001525878906,28.434804916381836,37130100,0.0,0.0,0.0
2012-07-12,37.66999816894531,37.9900016784668,37.45000076293945,37.7599983215332,27.96088218688965,45106800,0.0,0.0,0.0
2012-07-13,38.08000183105469,38.529998779296875,38.04999923706055,38.4900016784668,28.501447677612305,37182200,0.0,0.0,0.0
2012-07-16,38.27000045776367,38.4900016784668,38.08000183105469,38.400001525878906,28.434804916381836,26278800,0.0,0.0,0.0
2012-07-17,38.63999938964844,38.95000076293945,38.209999084472656,38.90999984741211,28.81244659423828,40019400,0.0,0.0,0.0
2012-07-18,38.349998474121094,38.90999984741211,38.33000183105469,38.810001373291016,28.7384033203125,47417000,0.0,0.0,0.0
2012-07-19,39.0099983215332,39.2400016784668,38.869998931884766,39.16999816894531,29.004974365234375,44699700,0.0,0.0,0.0
2012-07-20,38.689998626708984,38.790000915527344,38.45000076293945,38.59000015258789,28.57549476623535,43769200,0.0,0.0,0.0
2012-07-23,37.4900016784668,37.77000045776367,37.150001525878906,37.58000183105469,27.827604293823242,55593300,0.0,0.0,0.0
2012-07-24,37.7599983215332,37.77000045776367,37.18000030517578,37.41999816894531,27.70911979675293,46775500,0.0,0.0,0.0
2012-07-25,37.689998626708984,37.84000015258789,37.369998931884766,37.599998474121094,27.842409133911133,34494400,0.0,0.0,0.0
2012-07-26,38.189998626708984,38.5099983215332,38.029998779296875,38.45000076293945,28.471826553344727,50710800,0.0,0.0,0.0
2012-07-27,38.880001068115234,39.599998474121094,38.7599983215332,39.529998779296875,29.271554946899414,50860600,0.0,0.0,0.0
2012-07-30,39.2599983215332,39.5099983215332,39.209999084472656,39.29999923706055,29.10124397277832,41406700,0.0,0.0,0.0
2012-07-31,39.4900016784668,39.650001525878906,39.119998931884766,39.119998931884766,28.96794891357422,58788800,0.0,0.0,0.0
2012-08-01,39.540000915527344,40.45000076293945,39.13999938964844,39.189998626708984,29.01979637145996,49853100,0.0,0.0,0.0
2012-08-02,38.75,39.099998474121094,38.439998626708984,38.72999954223633,28.679162979125977,50858700,0.0,0.0,0.0
2012-08-03,39.529998779296875,40.02000045776367,39.47999954223633,39.93000030517578,29.5677547454834,60512600,0.0,0.0,0.0
2012-08-06,39.97999954223633,40.36000061035156,39.97999954223633,40.18000030517578,29.75287628173828,37181300,0.0,0.0,0.0
2012-08-07,40.2400016784668,40.58000183105469,40.22999954223633,40.290000915527344,29.834331512451172,43260000,0.0,0.0,0.0
2012-08-08,40.150001525878906,40.540000915527344,40.11000061035156,40.369998931884766,29.893556594848633,36569300,0.0,0.0,0.0
2012-08-09,40.5099983215332,40.779998779296875,40.470001220703125,40.540000915527344,30.019454956054688,34528300,0.0,0.0,0.0
2012-08-10,40.380001068115234,40.779998779296875,40.2599983215332,40.72999954223633,30.160140991210938,32246700,0.0,0.0,0.0
2012-08-13,40.470001220703125,40.59000015258789,40.13999938964844,40.369998931884766,29.893556594848633,40396800,0.0,0.0,0.0
2012-08-14,40.599998474121094,40.65999984741211,40.290000915527344,40.36000061035156,29.88616180419922,26731300,0.0,0.0,0.0
2012-08-15,40.25,40.400001525878906,40.16999816894531,40.29999923706055,29.841733932495117,18836100,0.0,0.0,0.0
2012-08-16,40.40999984741211,40.7400016784668,40.209999084472656,40.66999816894531,30.115711212158203,37695800,0.0,0.0,0.0
2012-08-17,40.4900016784668,40.52000045776367,40.2400016784668,40.470001220703125,29.967615127563477,46358100,0.0,0.0,0.0
2012-08-20,40.209999084472656,40.470001220703125,40.11000061035156,40.45000076293945,29.952804565429688,28711200,0.0,0.0,0.0
2012-08-21,40.66999816894531,40.84000015258789,40.27000045776367,40.38999938964844,29.908376693725586,27937400,0.0,0.0,0.0
2012-08-22,40.150001525878906,40.5,40.0099983215332,40.40999984741211,29.923181533813477,36551000,0.0,0.0,0.0
2012-08-23,40.310001373291016,40.369998931884766,39.91999816894531,40.040000915527344,29.649208068847656,39512000,0.0,0.0,0.0
2012-08-24,39.869998931884766,40.209999084472656,39.70000076293945,40.04999923706055,29.65660858154297,34421500,0.0,0.0,0.0
2012-08-27,39.849998474121094,39.88999938964844,39.61000061035156,39.63999938964844,29.353002548217773,23179600,0.0,0.0,0.0
2012-08-28,39.59000015258789,39.7400016784668,39.5,39.560001373291016,29.293777465820312,24377800,0.0,0.0,0.0
2012-08-29,39.599998474121094,39.619998931884766,39.2400016784668,39.369998931884766,29.153076171875,31372600,0.0,0.0,0.0
2012-08-30,39.119998931884766,39.119998931884766,38.849998474121094,38.90999984741211,28.81244659423828,36609900,0.0,0.0,0.0
2012-08-31,39.20000076293945,39.459999084472656,38.95000076293945,39.279998779296875,29.0864315032959,41552000,0.0,0.0,0.0
2012-09-04,39.29999923706055,39.29999923706055,38.93000030517578,39.060001373291016,28.92352867126465,32627400,0.0,0.0,0.0
2012-09-05,38.900001525878906,38.970001220703125,38.68000030517578,38.86000061035156,28.77542495727539,33041200,0.0,0.0,0.0
2012-09-06,39.09000015258789,39.849998474121094,39.08000183105469,39.720001220703125,29.412246704101562,47868700,0.0,0.0,0.0
2012-09-07,40.2599983215332,40.65999984741211,40.209999084472656,40.63999938964844,30.0935001373291,59898600,0.0,0.0,0.0
2012-09-10,40.40999984741211,40.540000915527344,40.09000015258789,40.119998931884766,29.708446502685547,37361500,0.0,0.0,0.0
2012-09-11,40.349998474121094,40.720001220703125,40.310001373291016,40.599998474121094,30.063875198364258,32692200,0.0,0.0,0.0
2012-09-12,40.84000015258789,40.93000030517578,40.619998931884766,40.779998779296875,30.19715690612793,44014400,0.0,0.0,0.0
2012-09-13,40.61000061035156,42.0099983215332,40.52000045776367,41.880001068115234,31.01170539855957,95670600,0.0,0.0,0.0
2012-09-14,42.310001373291016,42.84000015258789,42.20000076293945,42.369998931884766,31.37454605102539,85091000,0.0,0.0,0.0
2012-09-17,42.15999984741211,42.2400016784668,41.810001373291016,41.90999984741211,31.03391456604004,47652400,0.0,0.0,0.0
2012-09-18,41.900001525878906,42.060001373291016,41.720001220703125,41.93000030517578,31.048730850219727,37259800,0.0,0.0,0.0
2012-09-19,41.939998626708984,42.0,41.77000045776367,41.93000030517578,31.048730850219727,39322800,0.0,0.0,0.0
2012-09-20,41.45000076293945,41.709999084472656,41.209999084472656,41.68000030517578,30.863616943359375,46217400,0.0,0.0,0.0
2012-09-21,42.029998779296875,42.04999923706055,41.72999954223633,41.779998779296875,30.937660217285156,49929300,0.0,0.0,0.0
2012-09-24,41.61000061035156,41.79999923706055,41.4900016784668,41.7400016784668,30.908037185668945,29068900,0.0,0.0,0.0
2012-09-25,41.810001373291016,41.869998931884766,41.11000061035156,41.119998931884766,30.448928833007812,49642600,0.0,0.0,0.0
2012-09-26,40.9900016784668,41.060001373291016,40.65999984741211,40.93000030517578,30.308242797851562,44745200,0.0,0.0,0.0
2012-09-27,41.43000030517578,41.720001220703125,41.2400016784668,41.58000183105469,30.78955841064453,40566600,0.0,0.0,0.0
2012-09-28,41.47999954223633,41.52000045776367,41.20000076293945,41.33000183105469,30.60443115234375,55360900,0.0,0.0,0.0
2012-10-01,41.689998626708984,42.099998474121094,41.630001068115234,41.7400016784668,30.908037185668945,40299700,0.0,0.0,0.0
2012-10-02,41.970001220703125,42.02000045776367,41.59000015258789,41.79999923706055,30.952472686767578,36829800,0.0,0.0,0.0
2012-10-03,41.810001373291016,41.83000183105469,41.45000076293945,41.52000045776367,30.745126724243164,41571300,0.0,0.0,0.0
2012-10-04,41.65999984741211,41.97999954223633,41.54999923706055,41.95000076293945,31.063541412353516,44450900,0.0,0.0,0.0
2012-10-05,42.15999984741211,42.33000183105469,41.79999923706055,41.95000076293945,31.063541412353516,53557500,0.0,0.0,0.0
2012-10-08,41.43000030517578,41.63999938964844,41.369998931884766,41.58000183105469,30.78955841064453,33006200,0.0,0.0,0.0
2012-10-09,41.529998779296875,41.560001373291016,41.099998474121094,41.27000045776367,30.560014724731445,44369700,0.0,0.0,0.0
2012-10-10,41.33000183105469,41.34000015258789,40.91999816894531,41.02000045776367,30.374879837036133,51701800,0.0,0.0,0.0
2012-10-11,41.470001220703125,41.619998931884766,41.380001068115234,41.400001525878906,30.656269073486328,41911800,0.0,0.0,0.0
2012-10-12,41.349998474121094,41.56999969482422,41.18000030517578,41.27000045776367,30.560014724731445,35969600,0.0,0.0,0.0
2012-10-15,41.380001068115234,41.619998931884766,41.209999084472656,41.5099983215332,30.737730026245117,35889600,0.0,0.0,0.0
2012-10-16,41.779998779296875,42.060001373291016,41.77000045776367,41.939998626708984,31.056137084960938,54306500,0.0,0.0,0.0
2012-10-17,42.060001373291016,42.36000061035156,41.91999816894531,42.27000045776367,31.300487518310547,58925200,0.0,0.0,0.0
2012-10-18,42.060001373291016,42.349998474121094,41.959999084472656,42.150001525878906,31.211639404296875,48731300,0.0,0.0,0.0
2012-10-19,41.88999938964844,41.900001525878906,41.380001068115234,41.5,30.73032569885254,49582400,0.0,0.0,0.0
2012-10-22,41.86000061035156,42.04999923706055,41.630001068115234,41.900001525878906,31.026506423950195,42518400,0.0,0.0,0.0
2012-10-23,41.2400016784668,41.2400016784668,40.81999969482422,41.040000915527344,30.389698028564453,58436700,0.0,0.0,0.0
2012-10-24,41.40999984741211,41.47999954223633,41.08000183105469,41.08000183105469,30.4193172454834,35063000,0.0,0.0,0.0
2012-10-25,41.66999816894531,41.7400016784668,41.099998474121094,41.529998779296875,30.752531051635742,41000200,0.0,0.0,0.0
2012-10-26,41.27000045776367,41.380001068115234,41.060001373291016,41.209999084472656,30.515581130981445,36208200,0.0,0.0,0.0
2012-10-31,41.33000183105469,41.41999816894531,41.02000045776367,41.150001525878906,30.471145629882812,58457500,0.0,0.0,0.0
2012-11-01,41.540000915527344,41.88999938964844,41.470001220703125,41.81999969482422,30.967273712158203,63484700,0.0,0.0,0.0
2012-11-02,42.04999923706055,42.04999923706055,41.47999954223633,41.599998474121094,30.80437660217285,53942400,0.0,0.0,0.0
2012-11-05,41.54999923706055,41.84000015258789,41.470001220703125,41.79999923706055,30.952472686767578,33477200,0.0,0.0,0.0
2012-11-06,41.90999984741211,42.2599983215332,41.88999938964844,42.130001068115234,31.196819305419922,48097800,0.0,0.0,0.0
2012-11-07,41.790000915527344,41.810001373291016,41.18000030517578,41.439998626708984,30.68588638305664,65258900,0.0,0.0,0.0
2012-11-08,41.40999984741211,41.66999816894531,40.869998931884766,40.91999816894531,30.300832748413086,73473600,0.0,0.0,0.0
2012-11-09,40.970001220703125,41.33000183105469,40.90999984741211,41.0,30.360071182250977,60594400,0.0,0.0,0.0
2012-11-12,41.16999816894531,41.310001373291016,41.06999969482422,41.150001525878906,30.471145629882812,43640500,0.0,0.0,0.0
2012-11-13,40.65999984741211,40.97999954223633,40.52000045776367,40.779998779296875,30.19715690612793,56929600,0.0,0.0,0.0
2012-11-14,40.84000015258789,40.880001068115234,40.060001373291016,40.150001525878906,29.730661392211914,65058700,0.0,0.0,0.0
2012-11-15,40.22999954223633,40.40999984741211,40.060001373291016,40.290000915527344,29.834331512451172,56282800,0.0,0.0,0.0
2012-11-16,40.25,40.439998626708984,39.91999816894531,40.40999984741211,29.923181533813477,55419900,0.0,0.0,0.0
2012-11-19,40.77000045776367,41.13999938964844,40.77000045776367,41.119998931884766,30.448928833007812,60801400,0.0,0.0,0.0
2012-11-20,40.790000915527344,41.040000915527344,40.68000030517578,41.040000915527344,30.389698028564453,49350300,0.0,0.0,0.0
2012-11-21,40.880001068115234,41.040000915527344,40.779998779296875,40.959999084472656,30.330453872680664,49863200,0.0,0.0,0.0
2012-11-23,41.45000076293945,41.68000030517578,41.41999816894531,41.630001068115234,30.82657814025879,38725400,0.0,0.0,0.0
2012-11-26,41.459999084472656,41.63999938964844,41.380001068115234,41.630001068115234,30.82657814025879,38361700,0.0,0.0,0.0
2012-11-27,41.59000015258789,41.650001525878906,41.27000045776367,41.279998779296875,30.567411422729492,39719300,0.0,0.0,0.0
2012-11-28,41.029998779296875,41.54999923706055,40.900001525878906,41.5099983215332,30.737730026245117,45433200,0.0,0.0,0.0
2012-11-29,41.7400016784668,41.95000076293945,41.58000183105469,41.810001373291016,30.959869384765625,60142000,0.0,0.0,0.0
2012-11-30,41.900001525878906,41.91999816894531,41.68000030517578,41.790000915527344,30.945056915283203,60627600,0.0,0.0,0.0
2012-12-03,42.04999923706055,42.04999923706055,41.77000045776367,41.77000045776367,30.930253982543945,47979700,0.0,0.0,0.0
2012-12-04,41.939998626708984,42.119998931884766,41.86000061035156,41.88999938964844,31.01911735534668,48560100,0.0,0.0,0.0
2012-12-05,42.31999969482422,42.58000183105469,42.20000076293945,42.34000015258789,31.35232925415039,60792500,0.0,0.0,0.0
2012-12-06,42.400001525878906,42.689998626708984,42.369998931884766,42.65999984741211,31.58928108215332,45175200,0.0,0.0,0.0
2012-12-07,42.7400016784668,42.81999969482422,42.58000183105469,42.790000915527344,31.68555450439453,33920200,0.0,0.0,0.0
2012-12-10,42.779998779296875,43.11000061035156,42.75,43.029998779296875,31.863265991210938,52020900,0.0,0.0,0.0
2012-12-11,43.06999969482422,43.31999969482422,43.029998779296875,43.25,32.02617263793945,55722500,0.0,0.0,0.0
2012-12-12,43.38999938964844,43.650001525878906,43.209999084472656,43.380001068115234,32.122440338134766,57451400,0.0,0.0,0.0
2012-12-13,43.349998474121094,43.470001220703125,43.060001373291016,43.189998626708984,31.98173713684082,55617900,0.0,0.0,0.0
2012-12-14,43.27000045776367,43.459999084472656,43.220001220703125,43.380001068115234,32.122440338134766,39422900,0.0,0.0,0.0
2012-12-17,43.279998779296875,43.5099983215332,43.22999954223633,43.4900016784668,32.20389175415039,55647600,0.0,0.0,0.0
2012-12-18,43.189998626708984,43.56999969482422,43.0,43.529998779296875,32.42887878417969,61649000,0.262,0.0,0.0
2012-12-19,43.58000183105469,43.72999954223633,43.47999954223633,43.5099983215332,32.41398239135742,50249100,0.0,0.0,0.0
2012-12-20,43.52000045776367,43.779998779296875,43.38999938964844,43.77000045776367,32.60767364501953,57106100,0.0,0.0,0.0
2012-12-21,43.029998779296875,43.29999923706055,42.970001220703125,43.27000045776367,32.23517990112305,66038300,0.0,0.0,0.0
2012-12-24,43.209999084472656,43.25,43.09000015258789,43.18000030517578,32.16813278198242,18908100,0.0,0.0,0.0
2012-12-26,43.4900016784668,43.58000183105469,43.290000915527344,43.310001373291016,32.26498031616211,25381900,0.0,0.0,0.0
2012-12-27,43.540000915527344,43.650001525878906,43.20000076293945,43.540000915527344,32.44681167602539,41600600,0.014,0.0,0.0
2012-12-28,43.52000045776367,43.849998474121094,43.4900016784668,43.70000076293945,32.5660514831543,42093300,0.0,0.0,0.0
2012-12-31,43.75,44.41999816894531,43.66999816894531,44.349998474121094,33.05043029785156,49353800,0.0,0.0,0.0
2013-01-02,44.90999984741211,45.33000183105469,44.779998779296875,45.220001220703125,33.698787689208984,101185100,0.0,0.0,0.0
2013-01-03,44.900001525878906,45.279998779296875,44.84000015258789,44.900001525878906,33.46031188964844,66217800,0.0,0.0,0.0
2013-01-04,44.689998626708984,45.0099983215332,44.599998474121094,44.9900016784668,33.527381896972656,51087000,0.0,0.0,0.0
2013-01-07,44.63999938964844,44.689998626708984,44.5099983215332,44.650001525878906,33.27400207519531,50598800,0.0,0.0,0.0
2013-01-08,44.400001525878906,44.45000076293945,44.09000015258789,44.25,32.975921630859375,48456800,0.0,0.0,0.0
2013-01-09,44.38999938964844,44.54999923706055,44.36000061035156,44.439998626708984,33.11751174926758,38511200,0.0,0.0,0.0
2013-01-10,44.709999084472656,44.91999816894531,44.529998779296875,44.83000183105469,33.408145904541016,44170700,0.0,0.0,0.0
2013-01-11,44.47999954223633,44.5099983215332,43.95000076293945,44.470001220703125,33.13987731933594,54701600,0.0,0.0,0.0
2013-01-14,44.650001525878906,44.720001220703125,44.439998626708984,44.65999984741211,33.28146743774414,63801400,0.0,0.0,0.0
2013-01-15,44.36000061035156,44.4900016784668,44.099998474121094,44.470001220703125,33.13987731933594,55408900,0.0,0.0,0.0
2013-01-16,44.130001068115234,44.45000076293945,44.11000061035156,44.43000030517578,33.11006164550781,32090000,0.0,0.0,0.0
2013-01-17,44.630001068115234,44.849998474121094,44.59000015258789,44.68000030517578,33.29636001586914,39873100,0.0,0.0,0.0
2013-01-18,44.689998626708984,44.79999923706055,44.540000915527344,44.779998779296875,33.37088394165039,51709600,0.0,0.0,0.0
2013-01-22,44.630001068115234,44.709999084472656,44.529998779296875,44.709999084472656,33.318721771240234,46493900,0.0,0.0,0.0
2013-01-23,44.5,44.540000915527344,44.33000183105469,44.470001220703125,33.13987731933594,32607900,0.0,0.0,0.0
2013-01-24,44.41999816894531,44.58000183105469,44.20000076293945,44.310001373291016,33.0206298828125,38920500,0.0,0.0,0.0
2013-01-25,44.220001220703125,44.29999923706055,43.91999816894531,44.15999984741211,32.90884780883789,52779500,0.0,0.0,0.0
2013-01-28,44.040000915527344,44.040000915527344,43.709999084472656,43.849998474121094,32.67782974243164,56862100,0.0,0.0,0.0
2013-01-29,44.099998474121094,44.45000076293945,43.869998931884766,44.34000015258789,33.04298782348633,46274900,0.0,0.0,0.0
2013-01-30,44.150001525878906,44.279998779296875,44.11000061035156,44.130001068115234,32.88649368286133,47812800,0.0,0.0,0.0
2013-01-31,44.18000030517578,44.27000045776367,44.04999923706055,44.220001220703125,32.95357131958008,51081600,0.0,0.0,0.0
2013-02-01,44.470001220703125,44.63999938964844,44.310001373291016,44.5099983215332,33.169677734375,50348500,0.0,0.0,0.0
2013-02-04,44.16999816894531,44.209999084472656,43.790000915527344,43.91999816894531,32.72999572753906,48193600,0.0,0.0,0.0
2013-02-05,44.099998474121094,44.189998626708984,43.93000030517578,43.970001220703125,32.76726150512695,41440100,0.0,0.0,0.0
2013-02-06,43.7599983215332,43.91999816894531,43.619998931884766,43.91999816894531,32.72999572753906,52411700,0.0,0.0,0.0
2013-02-07,43.849998474121094,43.86000061035156,43.31999969482422,43.529998779296875,32.43935775756836,47884300,0.0,0.0,0.0
2013-02-08,43.65999984741211,43.91999816894531,43.650001525878906,43.849998474121094,32.67782974243164,36378000,0.0,0.0,0.0
2013-02-11,43.77000045776367,43.880001068115234,43.630001068115234,43.83000183105469,32.662925720214844,25661600,0.0,0.0,0.0
2013-02-12,43.83000183105469,44.130001068115234,43.68000030517578,43.95000076293945,32.752357482910156,40661300,0.0,0.0,0.0
2013-02-13,44.20000076293945,44.279998779296875,44.06999969482422,44.16999816894531,32.91629409790039,32068400,0.0,0.0,0.0
2013-02-14,44.0,44.209999084472656,43.939998626708984,44.150001525878906,32.90139389038086,28975200,0.0,0.0,0.0
2013-02-15,44.189998626708984,44.209999084472656,43.959999084472656,43.9900016784668,32.78216552734375,42285100,0.0,0.0,0.0
2013-02-19,44.029998779296875,44.220001220703125,44.029998779296875,44.08000183105469,32.8492317199707,55626600,0.0,0.0,0.0
2013-02-20,44.279998779296875,44.279998779296875,43.650001525878906,43.689998626708984,32.558597564697266,47496700,0.0,0.0,0.0
2013-02-21,43.34000015258789,43.36000061035156,42.880001068115234,43.09000015258789,32.1114616394043,78468500,0.0,0.0,0.0
2013-02-22,43.380001068115234,43.380001068115234,43.099998474121094,43.279998779296875,32.2530632019043,73001800,0.0,0.0,0.0
2013-02-25,43.630001068115234,43.66999816894531,42.59000015258789,42.70000076293945,31.820833206176758,81527900,0.0,0.0,0.0
2013-02-26,42.939998626708984,43.06999969482422,42.65999984741211,42.939998626708984,31.999683380126953,69633700,0.0,0.0,0.0
2013-02-27,42.95000076293945,43.459999084472656,42.91999816894531,43.40999984741211,32.34992980957031,45986600,0.0,0.0,0.0
2013-02-28,43.38999938964844,43.47999954223633,43.16999816894531,43.209999084472656,32.20089340209961,43961100,0.0,0.0,0.0
2013-03-01,43.06999969482422,43.349998474121094,42.900001525878906,43.310001373291016,32.27541732788086,52273200,0.0,0.0,0.0
2013-03-04,42.83000183105469,42.959999084472656,42.66999816894531,42.900001525878906,31.969879150390625,43730400,0.0,0.0,0.0
2013-03-05,43.34000015258789,43.63999938964844,43.310001373291016,43.41999816894531,32.357383728027344,49300100,0.0,0.0,0.0
2013-03-06,43.630001068115234,43.709999084472656,43.4900016784668,43.630001068115234,32.513893127441406,42439500,0.0,0.0,0.0
2013-03-07,43.63999938964844,43.79999923706055,43.58000183105469,43.75,32.603309631347656,44079200,0.0,0.0,0.0
2013-03-08,44.029998779296875,44.22999954223633,43.83000183105469,44.130001068115234,32.88649368286133,61841100,0.0,0.0,0.0
2013-03-11,43.93000030517578,43.939998626708984,43.7599983215332,43.88999938964844,32.707637786865234,44046200,0.0,0.0,0.0
2013-03-12,43.66999816894531,43.72999954223633,43.290000915527344,43.38999938964844,32.33503341674805,50934700,0.0,0.0,0.0
2013-03-13,43.310001373291016,43.31999969482422,42.95000076293945,42.97999954223633,32.029483795166016,80500000,0.0,0.0,0.0
2013-03-14,43.130001068115234,43.279998779296875,43.099998474121094,43.15999984741211,32.16363525390625,40119600,0.0,0.0,0.0
2013-03-15,42.91999816894531,42.970001220703125,42.72999954223633,42.77000045776367,31.872987747192383,61240400,0.0,0.0,0.0
2013-03-18,42.279998779296875,42.52000045776367,42.2400016784668,42.290000915527344,31.515283584594727,69344000,0.0,0.0,0.0
2013-03-19,42.31999969482422,42.34000015258789,41.720001220703125,41.9900016784668,31.291730880737305,81729400,0.0,0.0,0.0
2013-03-20,42.310001373291016,42.40999984741211,42.20000076293945,42.22999954223633,31.470584869384766,53647100,0.0,0.0,0.0
2013-03-21,42.02000045776367,42.09000015258789,41.75,41.79999923706055,31.150136947631836,50647800,0.0,0.0,0.0
2013-03-22,41.900001525878906,42.0099983215332,41.79999923706055,41.959999084472656,31.269386291503906,41763400,0.0,0.0,0.0
2013-03-25,42.2400016784668,42.29999923706055,41.75,41.91999816894531,31.23955726623535,46751300,0.0,0.0,0.0
2013-03-26,42.290000915527344,42.540000915527344,42.279998779296875,42.52000045776367,31.686687469482422,55547100,0.0,0.0,0.0
2013-03-27,42.25,42.689998626708984,42.130001068115234,42.68000030517578,31.805919647216797,42991800,0.0,0.0,0.0
2013-03-28,42.560001373291016,42.779998779296875,42.470001220703125,42.77000045776367,31.872987747192383,43219200,0.0,0.0,0.0
2013-04-01,42.720001220703125,42.7400016784668,42.22999954223633,42.310001373291016,31.530195236206055,48386600,0.0,0.0,0.0
2013-04-02,42.540000915527344,42.540000915527344,42.27000045776367,42.33000183105469,31.545106887817383,39392900,0.0,0.0,0.0
2013-04-03,42.27000045776367,42.34000015258789,41.7400016784668,41.83000183105469,31.17247772216797,66774600,0.0,0.0,0.0
2013-04-04,41.790000915527344,41.880001068115234,41.470001220703125,41.709999084472656,31.083065032958984,72963600,0.0,0.0,0.0
2013-04-05,40.9900016784668,41.7599983215332,40.91999816894531,41.61000061035156,31.008544921875,93360600,0.0,0.0,0.0
2013-04-08,41.45000076293945,41.7400016784668,41.34000015258789,41.68000030517578,31.060707092285156,46406900,0.0,0.0,0.0
2013-04-09,41.7400016784668,42.36000061035156,41.630001068115234,42.09000015258789,31.366243362426758,77324700,0.0,0.0,0.0
2013-04-10,42.38999938964844,42.790000915527344,42.349998474121094,42.4900016784668,31.664339065551758,49605200,0.0,0.0,0.0
2013-04-11,42.560001373291016,42.63999938964844,42.38999938964844,42.529998779296875,31.69414520263672,46004700,0.0,0.0,0.0
2013-04-12,42.06999969482422,42.11000061035156,41.54999923706055,41.880001068115234,31.209753036499023,109321200,0.0,0.0,0.0
2013-04-15,41.5099983215332,41.52000045776367,40.81999969482422,40.86000061035156,30.44963836669922,69582100,0.0,0.0,0.0
2013-04-16,41.689998626708984,41.79999923706055,41.369998931884766,41.70000076293945,31.075611114501953,51188300,0.0,0.0,0.0
2013-04-17,41.349998474121094,41.349998474121094,40.7599983215332,41.040000915527344,30.583772659301758,87858500,0.0,0.0,0.0
2013-04-18,41.290000915527344,41.31999969482422,40.869998931884766,41.040000915527344,30.583772659301758,47811900,0.0,0.0,0.0
2013-04-19,41.61000061035156,41.72999954223633,41.470001220703125,41.63999938964844,31.030899047851562,50232400,0.0,0.0,0.0
2013-04-22,41.779998779296875,41.84000015258789,41.47999954223633,41.84000015258789,31.179946899414062,33583200,0.0,0.0,0.0
2013-04-23,41.7599983215332,42.130001068115234,41.689998626708984,42.040000915527344,31.328983306884766,64692700,0.0,0.0,0.0
2013-04-24,42.119998931884766,42.45000076293945,42.11000061035156,42.290000915527344,31.515283584594727,51542700,0.0,0.0,0.0
2013-04-25,42.52000045776367,42.83000183105469,42.439998626708984,42.66999816894531,31.798473358154297,41501800,0.0,0.0,0.0
2013-04-26,42.45000076293945,42.5099983215332,42.099998474121094,42.2400016784668,31.478029251098633,51739700,0.0,0.0,0.0
2013-04-29,42.619998931884766,42.83000183105469,42.439998626708984,42.68000030517578,31.805919647216797,43874800,0.0,0.0,0.0
2013-04-30,42.83000183105469,43.40999984741211,42.650001525878906,43.290000915527344,32.260520935058594,80948900,0.0,0.0,0.0
2013-05-01,43.220001220703125,43.2400016784668,42.68000030517578,42.81999969482422,31.910249710083008,64532800,0.0,0.0,0.0
2013-05-02,43.0,43.18000030517578,42.88999938964844,43.15999984741211,32.16363525390625,46989800,0.0,0.0,0.0
2013-05-03,43.40999984741211,43.77000045776367,43.36000061035156,43.52000045776367,32.431907653808594,57682900,0.0,0.0,0.0
2013-05-06,43.52000045776367,43.61000061035156,43.38999938964844,43.58000183105469,32.47662353515625,31402200,0.0,0.0,0.0
2013-05-07,43.75,43.970001220703125,43.630001068115234,43.88999938964844,32.707637786865234,38932900,0.0,0.0,0.0
2013-05-08,44.06999969482422,44.27000045776367,44.040000915527344,44.22999954223633,32.96100997924805,47973100,0.0,0.0,0.0
2013-05-09,44.150001525878906,44.189998626708984,43.689998626708984,43.90999984741211,32.7225456237793,40290500,0.0,0.0,0.0
2013-05-10,43.619998931884766,43.68000030517578,43.369998931884766,43.56999969482422,32.469173431396484,44867100,0.0,0.0,0.0
2013-05-13,43.310001373291016,43.34000015258789,43.130001068115234,43.16999816894531,32.17108154296875,51315300,0.0,0.0,0.0
2013-05-14,43.34000015258789,43.560001373291016,43.279998779296875,43.369998931884766,32.320125579833984,39457200,0.0,0.0,0.0
2013-05-15,43.27000045776367,43.45000076293945,43.15999984741211,43.380001068115234,32.327579498291016,54677500,0.0,0.0,0.0
2013-05-16,43.380001068115234,43.540000915527344,43.220001220703125,43.22999954223633,32.21579360961914,34833500,0.0,0.0,0.0
2013-05-17,43.33000183105469,43.47999954223633,43.25,43.41999816894531,32.357383728027344,37786100,0.0,0.0,0.0
2013-05-20,43.40999984741211,43.58000183105469,43.290000915527344,43.529998779296875,32.43935775756836,33022100,0.0,0.0,0.0
2013-05-21,43.45000076293945,43.650001525878906,43.15999984741211,43.439998626708984,32.372283935546875,39757800,0.0,0.0,0.0
2013-05-22,43.560001373291016,43.959999084472656,42.79999923706055,42.959999084472656,32.01457977294922,95248900,0.0,0.0,0.0
2013-05-23,42.279998779296875,42.68000030517578,42.060001373291016,42.63999938964844,31.77613067626953,84326400,0.0,0.0,0.0
2013-05-24,42.27000045776367,42.29999923706055,42.029998779296875,42.27000045776367,31.500368118286133,70236100,0.0,0.0,0.0
2013-05-28,42.779998779296875,42.869998931884766,42.459999084472656,42.5,31.671783447265625,51418200,0.0,0.0,0.0
2013-05-29,42.220001220703125,42.290000915527344,41.93000030517578,41.959999084472656,31.269386291503906,71460900,0.0,0.0,0.0
2013-05-30,41.900001525878906,42.2400016784668,41.869998931884766,41.959999084472656,31.269386291503906,57619400,0.0,0.0,0.0
2013-05-31,41.619998931884766,41.68000030517578,41.13999938964844,41.20000076293945,30.7029972076416,109498200,0.0,0.0,0.0
2013-06-03,41.400001525878906,41.95000076293945,41.11000061035156,41.810001373291016,31.1575870513916,103868200,0.0,0.0,0.0
2013-06-04,41.790000915527344,41.83000183105469,41.18000030517578,41.29999923706055,30.777528762817383,61790500,0.0,0.0,0.0
2013-06-05,41.209999084472656,41.279998779296875,40.529998779296875,40.560001373291016,30.226062774658203,88096500,0.0,0.0,0.0
2013-06-06,40.5,40.939998626708984,40.38999938964844,40.900001525878906,30.479433059692383,79388500,0.0,0.0,0.0
2013-06-07,40.66999816894531,40.970001220703125,40.43000030517578,40.689998626708984,30.32295036315918,83416900,0.0,0.0,0.0
2013-06-10,40.33000183105469,40.33000183105469,39.9900016784668,40.13999938964844,29.91307258605957,94653100,0.0,0.0,0.0
2013-06-11,39.31999969482422,39.66999816894531,39.189998626708984,39.380001068115234,29.34670639038086,91969100,0.0,0.0,0.0
2013-06-12,39.70000076293945,39.720001220703125,39.02000045776367,39.11000061035156,29.14550018310547,110462700,0.0,0.0,0.0
2013-06-13,39.09000015258789,39.95000076293945,39.029998779296875,39.939998626708984,29.7640323638916,109955800,0.0,0.0,0.0
2013-06-14,39.810001373291016,39.900001525878906,39.20000076293945,39.310001373291016,29.29454803466797,101834900,0.0,0.0,0.0
2013-06-17,39.75,39.93000030517578,39.43000030517578,39.66999816894531,29.562820434570312,59802800,0.0,0.0,0.0
2013-06-18,39.56999969482422,39.869998931884766,39.470001220703125,39.84000015258789,29.68950653076172,57237000,0.0,0.0,0.0
2013-06-19,39.540000915527344,39.720001220703125,38.540000915527344,38.61000061035156,28.77288818359375,106460000,0.0,0.0,0.0
2013-06-20,37.689998626708984,37.689998626708984,36.43000030517578,36.880001068115234,27.48365592956543,151378100,0.0,0.0,0.0
2013-06-21,37.400001525878906,37.63999938964844,36.779998779296875,37.40999984741211,27.878623962402344,122377400,0.0,0.0,0.0
2013-06-24,36.4900016784668,37.040000915527344,36.15999984741211,36.650001525878906,27.312253952026367,105810400,0.0,0.0,0.0
2013-06-25,37.279998779296875,37.470001220703125,36.880001068115234,37.43000030517578,27.893529891967773,81147700,0.0,0.0,0.0
2013-06-26,37.720001220703125,38.16999816894531,37.709999084472656,38.02000045776367,28.333206176757812,79737000,0.0,0.0,0.0
2013-06-27,37.97999954223633,38.34000015258789,37.970001220703125,38.279998779296875,28.9017391204834,95787800,0.493,0.0,0.0
2013-06-28,37.9900016784668,38.599998474121094,37.93000030517578,38.5,29.06783103942871,92251600,0.0,0.0,0.0
2013-07-01,38.68000030517578,38.880001068115234,38.470001220703125,38.619998931884766,29.15843391418457,64188900,0.0,0.0,0.0
2013-07-02,38.52000045776367,38.779998779296875,37.689998626708984,37.93000030517578,28.637483596801758,91594600,0.0,0.0,0.0
2013-07-03,37.400001525878906,37.90999984741211,37.36000061035156,37.58000183105469,28.373228073120117,51565400,0.0,0.0,0.0
2013-07-05,37.63999938964844,37.689998626708984,36.97999954223633,37.34000015258789,28.192026138305664,94284700,0.0,0.0,0.0
2013-07-08,37.34000015258789,37.68000030517578,37.279998779296875,37.38999938964844,28.229772567749023,63868900,0.0,0.0,0.0
2013-07-09,37.79999923706055,37.93000030517578,37.52000045776367,37.880001068115234,28.599729537963867,68925700,0.0,0.0,0.0
2013-07-10,37.70000076293945,37.95000076293945,37.47999954223633,37.52000045776367,28.32792091369629,72780900,0.0,0.0,0.0
2013-07-11,38.90999984741211,39.38999938964844,38.709999084472656,39.36000061035156,29.71713638305664,99047500,0.0,0.0,0.0
2013-07-12,38.91999816894531,39.0099983215332,38.75,38.939998626708984,29.40003204345703,48446100,0.0,0.0,0.0
2013-07-15,39.150001525878906,39.54999923706055,39.130001068115234,39.34000015258789,29.702043533325195,78940600,0.0,0.0,0.0
2013-07-16,39.439998626708984,39.540000915527344,39.150001525878906,39.5,29.822839736938477,59925000,0.0,0.0,0.0
2013-07-17,39.83000183105469,39.900001525878906,39.689998626708984,39.86000061035156,30.09464454650879,64775200,0.0,0.0,0.0
2013-07-18,39.61000061035156,39.72999954223633,39.33000183105469,39.38999938964844,29.73979949951172,63396800,0.0,0.0,0.0
2013-07-19,39.33000183105469,39.34000015258789,39.130001068115234,39.279998779296875,29.65673828125,56381200,0.0,0.0,0.0
2013-07-22,39.380001068115234,39.7400016784668,39.22999954223633,39.66999816894531,29.95119285583496,60947300,0.0,0.0,0.0
2013-07-23,40.04999923706055,40.2400016784668,39.93000030517578,40.099998474121094,30.275848388671875,69873900,0.0,0.0,0.0
2013-07-24,40.099998474121094,40.11000061035156,39.45000076293945,39.689998626708984,29.96628761291504,73854100,0.0,0.0,0.0
2013-07-25,39.560001373291016,39.959999084472656,39.540000915527344,39.91999816894531,30.13994026184082,45387700,0.0,0.0,0.0
2013-07-26,39.70000076293945,39.880001068115234,39.400001525878906,39.83000183105469,30.071998596191406,37847700,0.0,0.0,0.0
2013-07-29,39.5099983215332,39.560001373291016,39.310001373291016,39.33000183105469,29.69448471069336,50232900,0.0,0.0,0.0
2013-07-30,39.5099983215332,39.540000915527344,39.15999984741211,39.2400016784668,29.62653923034668,38655400,0.0,0.0,0.0
2013-07-31,38.93000030517578,39.47999954223633,38.7599983215332,39.0099983215332,29.45288848876953,81129000,0.0,0.0,0.0
2013-08-01,39.43000030517578,39.86000061035156,39.349998474121094,39.720001220703125,29.988950729370117,81917200,0.0,0.0,0.0
2013-08-02,39.61000061035156,39.939998626708984,39.58000183105469,39.709999084472656,29.98139190673828,46528200,0.0,0.0,0.0
2013-08-05,39.58000183105469,39.59000015258789,39.29999923706055,39.459999084472656,29.792638778686523,41164800,0.0,0.0,0.0
2013-08-06,39.29999923706055,39.29999923706055,38.869998931884766,38.959999084472656,29.415132522583008,51415100,0.0,0.0,0.0
2013-08-07,38.59000015258789,38.7599983215332,38.5099983215332,38.540000915527344,29.098031997680664,54242300,0.0,0.0,0.0
2013-08-08,38.970001220703125,39.45000076293945,38.720001220703125,39.279998779296875,29.65673828125,75526500,0.0,0.0,0.0
2013-08-09,39.290000915527344,39.59000015258789,39.279998779296875,39.36000061035156,29.71713638305664,56199400,0.0,0.0,0.0
2013-08-12,39.52000045776367,39.880001068115234,39.52000045776367,39.72999954223633,29.996492385864258,61381800,0.0,0.0,0.0
2013-08-13,39.97999954223633,40.09000015258789,39.77000045776367,39.970001220703125,30.177692413330078,61264100,0.0,0.0,0.0
2013-08-14,40.130001068115234,40.20000076293945,40.040000915527344,40.099998474121094,30.275848388671875,48288100,0.0,0.0,0.0
2013-08-15,39.59000015258789,39.720001220703125,39.220001220703125,39.63999938964844,29.92853546142578,59751700,0.0,0.0,0.0
2013-08-16,39.66999816894531,39.7400016784668,39.25,39.29999923706055,29.671831130981445,72806300,0.0,0.0,0.0
2013-08-19,38.9900016784668,39.029998779296875,38.540000915527344,38.560001373291016,29.113136291503906,53829000,0.0,0.0,0.0
2013-08-20,38.369998931884766,38.72999954223633,38.349998474121094,38.4900016784668,29.060283660888672,53697600,0.0,0.0,0.0
2013-08-21,38.029998779296875,38.08000183105469,37.5099983215332,37.59000015258789,28.38077163696289,108745800,0.0,0.0,0.0
2013-08-22,38.0099983215332,38.279998779296875,37.97999954223633,38.20000076293945,28.841327667236328,57470900,0.0,0.0,0.0
2013-08-23,38.5,38.720001220703125,38.27000045776367,38.650001525878906,29.181087493896484,57345100,0.0,0.0,0.0
2013-08-26,38.70000076293945,38.72999954223633,38.15999984741211,38.22999954223633,28.86397933959961,42254600,0.0,0.0,0.0
2013-08-27,37.599998474121094,37.66999816894531,37.27000045776367,37.349998474121094,28.199573516845703,89367100,0.0,0.0,0.0
2013-08-28,37.290000915527344,37.790000915527344,37.16999816894531,37.43000030517578,28.259971618652344,69409900,0.0,0.0,0.0
2013-08-29,37.869998931884766,38.15999984741211,37.63999938964844,37.72999954223633,28.486486434936523,63988700,0.0,0.0,0.0
2013-08-30,38.16999816894531,38.189998626708984,37.7400016784668,38.02000045776367,28.705427169799805,104219900,0.0,0.0,0.0
2013-09-03,38.56999969482422,38.709999084472656,38.16999816894531,38.2599983215332,28.88663101196289,62694800,0.0,0.0,0.0
2013-09-04,38.47999954223633,38.95000076293945,38.400001525878906,38.939998626708984,29.40003204345703,60083400,0.0,0.0,0.0
2013-09-05,38.970001220703125,39.5,38.91999816894531,39.400001525878906,29.747343063354492,59046600,0.0,0.0,0.0
2013-09-06,39.95000076293945,40.13999938964844,39.5099983215332,39.97999954223633,30.18524742126465,75420400,0.0,0.0,0.0
2013-09-09,40.380001068115234,41.11000061035156,40.349998474121094,41.029998779296875,30.978008270263672,116120500,0.0,0.0,0.0
2013-09-10,41.27000045776367,41.43000030517578,41.150001525878906,41.34000015258789,31.21205711364746,80651200,0.0,0.0,0.0
2013-09-11,41.18000030517578,41.5,41.099998474121094,41.369998931884766,31.234708786010742,73495900,0.0,0.0,0.0
2013-09-12,41.220001220703125,41.2599983215332,40.880001068115234,40.88999938964844,30.872295379638672,58460500,0.0,0.0,0.0
2013-09-13,40.959999084472656,41.209999084472656,40.869998931884766,41.15999984741211,31.07615852355957,44927100,0.0,0.0,0.0
2013-09-16,41.869998931884766,41.900001525878906,41.52000045776367,41.619998931884766,31.4234561920166,68924400,0.0,0.0,0.0
2013-09-17,41.630001068115234,41.70000076293945,41.45000076293945,41.529998779296875,31.355512619018555,46999400,0.0,0.0,0.0
2013-09-18,41.40999984741211,43.31999969482422,41.22999954223633,43.27000045776367,32.669219970703125,113370100,0.0,0.0,0.0
2013-09-19,43.130001068115234,43.16999816894531,42.779998779296875,43.040000915527344,32.49556350708008,100087700,0.0,0.0,0.0
2013-09-20,42.84000015258789,42.84000015258789,42.0099983215332,42.08000183105469,31.77075958251953,77275200,0.0,0.0,0.0
2013-09-23,42.13999938964844,42.380001068115234,42.06999969482422,42.22999954223633,31.884017944335938,61143000,0.0,0.0,0.0
2013-09-24,42.06999969482422,42.16999816894531,41.790000915527344,41.869998931884766,31.612215042114258,43438700,0.0,0.0,0.0
2013-09-25,41.869998931884766,41.900001525878906,41.5,41.54999923706055,31.370607376098633,56353100,0.0,0.0,0.0
2013-09-26,41.790000915527344,41.939998626708984,41.4900016784668,41.720001220703125,31.49895477294922,54419200,0.0,0.0,0.0
2013-09-27,41.38999938964844,41.470001220703125,41.11000061035156,41.22999954223633,31.129005432128906,69028500,0.0,0.0,0.0
2013-09-30,40.59000015258789,40.91999816894531,40.4900016784668,40.7599983215332,30.774152755737305,93884500,0.0,0.0,0.0
2013-10-01,41.040000915527344,41.59000015258789,41.0099983215332,41.56999969482422,31.38570213317871,62524700,0.0,0.0,0.0
2013-10-02,41.369998931884766,41.75,41.22999954223633,41.72999954223633,31.506511688232422,46985900,0.0,0.0,0.0
2013-10-03,41.93000030517578,42.02000045776367,41.27000045776367,41.56999969482422,31.38570213317871,51161500,0.0,0.0,0.0
2013-10-04,41.66999816894531,42.150001525878906,41.599998474121094,42.11000061035156,31.793411254882812,36780900,0.0,0.0,0.0
2013-10-07,41.560001373291016,41.93000030517578,41.52000045776367,41.75,31.5216064453125,51699900,0.0,0.0,0.0
2013-10-08,41.900001525878906,41.959999084472656,41.310001373291016,41.349998474121094,31.219600677490234,66218200,0.0,0.0,0.0
2013-10-09,41.63999938964844,41.84000015258789,41.310001373291016,41.65999984741211,31.453659057617188,67258400,0.0,0.0,0.0
2013-10-10,42.18000030517578,42.720001220703125,42.150001525878906,42.63999938964844,32.19357681274414,99094900,0.0,0.0,0.0
2013-10-11,42.459999084472656,42.880001068115234,42.38999938964844,42.83000183105469,32.337032318115234,42764200,0.0,0.0,0.0
2013-10-14,42.470001220703125,43.18000030517578,42.400001525878906,43.08000183105469,32.52577209472656,43319800,0.0,0.0,0.0
2013-10-15,42.88999938964844,43.029998779296875,42.54999923706055,42.65999984741211,32.208656311035156,54388300,0.0,0.0,0.0
2013-10-16,42.869998931884766,43.16999816894531,42.79999923706055,43.0,32.46537399291992,64749400,0.0,0.0,0.0
2013-10-17,42.959999084472656,43.310001373291016,42.88999938964844,43.27000045776367,32.669219970703125,58641300,0.0,0.0,0.0
2013-10-18,43.459999084472656,43.5099983215332,43.2599983215332,43.310001373291016,32.69942855834961,55660500,0.0,0.0,0.0
2013-10-21,43.34000015258789,43.40999984741211,43.150001525878906,43.2400016784668,32.64657211303711,44243400,0.0,0.0,0.0
2013-10-22,43.54999923706055,43.90999984741211,43.4900016784668,43.65999984741211,32.96367263793945,74992500,0.0,0.0,0.0
2013-10-23,42.93000030517578,42.97999954223633,42.619998931884766,42.63999938964844,32.19357681274414,69411000,0.0,0.0,0.0
2013-10-24,42.880001068115234,42.880001068115234,42.4900016784668,42.54999923706055,32.12561798095703,57466500,0.0,0.0,0.0
2013-10-25,42.58000183105469,42.83000183105469,42.470001220703125,42.75,32.27661895751953,45414700,0.0,0.0,0.0
2013-10-28,42.810001373291016,43.06999969482422,42.77000045776367,43.0,32.46537399291992,44569400,0.0,0.0,0.0
2013-10-29,43.150001525878906,43.220001220703125,43.09000015258789,43.13999938964844,32.57107162475586,32543300,0.0,0.0,0.0
2013-10-30,43.310001373291016,43.310001373291016,42.709999084472656,42.900001525878906,32.38986587524414,55442300,0.0,0.0,0.0
2013-10-31,43.0,43.0099983215332,42.439998626708984,42.459999084472656,32.05766677856445,68089000,0.0,0.0,0.0
2013-11-01,42.619998931884766,42.709999084472656,42.209999084472656,42.47999954223633,32.07277297973633,83621600,0.0,0.0,0.0
2013-11-04,42.560001373291016,42.7599983215332,42.54999923706055,42.7400016784668,32.26906967163086,35360700,0.0,0.0,0.0
2013-11-05,42.189998626708984,42.25,41.849998474121094,41.880001068115234,31.619762420654297,73296100,0.0,0.0,0.0
2013-11-06,42.189998626708984,42.2400016784668,41.97999954223633,42.0099983215332,31.717912673950195,61350100,0.0,0.0,0.0
2013-11-07,42.09000015258789,42.11000061035156,41.15999984741211,41.25,31.14411163330078,94546100,0.0,0.0,0.0
2013-11-08,41.0099983215332,41.18000030517578,40.75,41.15999984741211,31.07615852355957,79167700,0.0,0.0,0.0
2013-11-11,41.119998931884766,41.189998626708984,40.849998474121094,40.95000076293945,30.9176025390625,58492300,0.0,0.0,0.0
2013-11-12,40.959999084472656,41.0099983215332,40.439998626708984,40.72999954223633,30.751502990722656,81455800,0.0,0.0,0.0
2013-11-13,40.34000015258789,40.88999938964844,40.31999969482422,40.79999923706055,30.804351806640625,69898800,0.0,0.0,0.0
2013-11-14,40.83000183105469,41.470001220703125,40.720001220703125,41.459999084472656,31.302658081054688,87793800,0.0,0.0,0.0
2013-11-15,41.93000030517578,42.43000030517578,41.880001068115234,42.25,31.89911460876465,94070900,0.0,0.0,0.0
2013-11-18,42.79999923706055,43.09000015258789,42.619998931884766,42.630001068115234,32.18601608276367,80437300,0.0,0.0,0.0
2013-11-19,42.75,42.810001373291016,42.31999969482422,42.369998931884766,31.989717483520508,59573100,0.0,0.0,0.0
2013-11-20,42.40999984741211,42.470001220703125,41.720001220703125,41.790000915527344,31.55181121826172,62635400,0.0,0.0,0.0
2013-11-21,41.65999984741211,41.81999969482422,41.529998779296875,41.75,31.5216064453125,51401400,0.0,0.0,0.0
2013-11-22,41.779998779296875,42.099998474121094,41.70000076293945,42.04999923706055,31.748111724853516,49745300,0.0,0.0,0.0
2013-11-25,42.029998779296875,42.040000915527344,41.470001220703125,41.5099983215332,31.340417861938477,59685800,0.0,0.0,0.0
2013-11-26,41.5,41.779998779296875,41.380001068115234,41.650001525878906,31.44611358642578,37990900,0.0,0.0,0.0
2013-11-27,41.81999969482422,42.0099983215332,41.650001525878906,41.91999816894531,31.64995002746582,45419400,0.0,0.0,0.0
2013-11-29,42.2400016784668,42.459999084472656,42.15999984741211,42.349998474121094,31.974609375,41826600,0.0,0.0,0.0
2013-12-02,42.189998626708984,42.2599983215332,41.380001068115234,41.459999084472656,31.302658081054688,67975400,0.0,0.0,0.0
2013-12-03,41.310001373291016,41.619998931884766,41.029998779296875,41.31999969482422,31.196958541870117,108126900,0.0,0.0,0.0
2013-12-04,41.060001373291016,41.380001068115234,40.84000015258789,41.27000045776367,31.159215927124023,62378500,0.0,0.0,0.0
2013-12-05,41.150001525878906,41.40999984741211,41.0099983215332,41.029998779296875,30.978008270263672,56729300,0.0,0.0,0.0
2013-12-06,41.72999954223633,42.09000015258789,41.61000061035156,41.939998626708984,31.665058135986328,75512400,0.0,0.0,0.0
2013-12-09,42.060001373291016,42.2400016784668,41.959999084472656,42.0,31.710376739501953,56365100,0.0,0.0,0.0
2013-12-10,41.790000915527344,42.060001373291016,41.779998779296875,42.02000045776367,31.725467681884766,44343900,0.0,0.0,0.0
2013-12-11,41.709999084472656,41.709999084472656,41.040000915527344,41.09000015258789,31.0233097076416,74628400,0.0,0.0,0.0
2013-12-12,40.91999816894531,41.0,40.66999816894531,40.849998474121094,30.842105865478516,62076500,0.0,0.0,0.0
2013-12-13,40.97999954223633,41.04999923706055,40.779998779296875,40.95000076293945,30.9176025390625,62277400,0.0,0.0,0.0
2013-12-16,41.20000076293945,41.5099983215332,41.15999984741211,41.220001220703125,31.1214599609375,59551600,0.0,0.0,0.0
2013-12-17,41.16999816894531,41.16999816894531,40.83000183105469,40.86000061035156,30.849660873413086,53390900,0.0,0.0,0.0
2013-12-18,40.77000045776367,41.68000030517578,40.13999938964844,41.29999923706055,31.463693618774414,107981900,0.366,0.0,0.0
2013-12-19,40.58000183105469,40.70000076293945,40.220001220703125,40.540000915527344,30.884695053100586,70838100,0.0,0.0,0.0
2013-12-20,40.540000915527344,40.75,40.439998626708984,40.47999954223633,30.83897590637207,86690800,0.0,0.0,0.0
2013-12-23,40.810001373291016,40.970001220703125,40.70000076293945,40.779998779296875,31.067529678344727,56621800,0.0,0.0,0.0
2013-12-24,40.970001220703125,41.08000183105469,40.939998626708984,41.02000045776367,31.250377655029297,18409100,0.0,0.0,0.0
2013-12-26,40.849998474121094,40.90999984741211,40.650001525878906,40.66999816894531,30.98373031616211,24739900,0.0,0.0,0.0
2013-12-27,41.09000015258789,41.310001373291016,41.029998779296875,41.29999923706055,31.463693618774414,35691100,0.0,0.0,0.0
2013-12-30,41.36000061035156,41.540000915527344,41.310001373291016,41.47999954223633,31.600814819335938,39861800,0.0,0.0,0.0
2013-12-31,41.58000183105469,41.849998474121094,41.5,41.79999923706055,31.8446044921875,38839400,0.0,0.0,0.0
2014-01-02,41.0,41.0099983215332,40.150001525878906,40.189998626708984,30.61805534362793,138488400,0.0,0.0,0.0
2014-01-03,40.38999938964844,40.400001525878906,39.939998626708984,40.119998931884766,30.564729690551758,83579700,0.0,0.0,0.0
2014-01-06,39.959999084472656,39.959999084472656,39.72999954223633,39.7400016784668,30.275226593017578,55735100,0.0,0.0,0.0
2014-01-07,39.95000076293945,40.09000015258789,39.790000915527344,39.90999984741211,30.404741287231445,57341500,0.0,0.0,0.0
2014-01-08,39.970001220703125,40.0099983215332,39.65999984741211,39.779998779296875,30.305696487426758,63182600,0.0,0.0,0.0
2014-01-09,39.650001525878906,39.720001220703125,39.2599983215332,39.56999969482422,30.145715713500977,74405200,0.0,0.0,0.0
2014-01-10,39.79999923706055,40.41999816894531,39.790000915527344,40.27000045776367,30.67900276184082,110244200,0.0,0.0,0.0
2014-01-13,40.349998474121094,40.400001525878906,39.68000030517578,39.790000915527344,30.31332015991211,62209500,0.0,0.0,0.0
2014-01-14,40.0099983215332,40.34000015258789,39.83000183105469,40.220001220703125,30.640913009643555,75830700,0.0,0.0,0.0
2014-01-15,40.189998626708984,40.310001373291016,40.119998931884766,40.209999084472656,30.633291244506836,47361900,0.0,0.0,0.0
2014-01-16,40.15999984741211,40.2599983215332,39.900001525878906,39.9900016784668,30.465686798095703,56673900,0.0,0.0,0.0
2014-01-17,39.970001220703125,39.97999954223633,39.7400016784668,39.790000915527344,30.31332015991211,61288200,0.0,0.0,0.0
2014-01-21,40.0,40.04999923706055,39.560001373291016,39.72999954223633,30.267606735229492,46683100,0.0,0.0,0.0
2014-01-22,40.060001373291016,40.27000045776367,39.880001068115234,40.2599983215332,30.67137908935547,56188400,0.0,0.0,0.0
2014-01-23,39.77000045776367,39.77000045776367,38.9900016784668,39.27000045776367,29.917165756225586,109930400,0.0,0.0,0.0
2014-01-24,38.75,38.779998779296875,38.20000076293945,38.2400016784668,29.13248634338379,127153900,0.0,0.0,0.0
2014-01-27,38.290000915527344,38.369998931884766,37.77000045776367,38.09000015258789,29.018205642700195,118532300,0.0,0.0,0.0
2014-01-28,38.34000015258789,38.5,38.20000076293945,38.33000183105469,29.201053619384766,86568700,0.0,0.0,0.0
2014-01-29,37.83000183105469,38.20000076293945,37.59000015258789,37.779998779296875,28.782039642333984,142219100,0.0,0.0,0.0
2014-01-30,38.31999969482422,38.40999984741211,37.9900016784668,38.130001068115234,29.048683166503906,84660600,0.0,0.0,0.0
2014-01-31,37.68000030517578,38.27000045776367,37.58000183105469,38.189998626708984,29.094385147094727,102329500,0.0,0.0,0.0
2014-02-03,37.86000061035156,37.91999816894531,37.04999923706055,37.11000061035156,28.271608352661133,123117200,0.0,0.0,0.0
2014-02-04,37.720001220703125,38.09000015258789,37.619998931884766,37.86000061035156,28.842987060546875,138955500,0.0,0.0,0.0
2014-02-05,37.70000076293945,37.959999084472656,37.45000076293945,37.720001220703125,28.736328125,86064900,0.0,0.0,0.0
2014-02-06,37.9900016784668,38.56999969482422,37.9900016784668,38.5099983215332,29.338171005249023,99403100,0.0,0.0,0.0
2014-02-07,38.810001373291016,38.91999816894531,38.52000045776367,38.72999954223633,29.505775451660156,80356700,0.0,0.0,0.0
2014-02-10,38.560001373291016,38.59000015258789,38.130001068115234,38.29999923706055,29.17819595336914,68839500,0.0,0.0,0.0
2014-02-11,38.5099983215332,39.220001220703125,38.5,39.130001068115234,29.810508728027344,93164800,0.0,0.0,0.0
2014-02-12,39.38999938964844,39.58000183105469,39.02000045776367,39.13999938964844,29.81812286376953,68705700,0.0,0.0,0.0
2014-02-13,38.56999969482422,39.209999084472656,38.56999969482422,39.18000030517578,29.848602294921875,50414900,0.0,0.0,0.0
2014-02-14,39.45000076293945,39.869998931884766,39.380001068115234,39.65999984741211,30.214282989501953,69806400,0.0,0.0,0.0
2014-02-18,39.63999938964844,39.720001220703125,39.27000045776367,39.290000915527344,29.932401657104492,69542600,0.0,0.0,0.0
2014-02-19,39.13999938964844,39.459999084472656,38.93000030517578,39.02000045776367,29.72670555114746,101924800,0.0,0.0,0.0
2014-02-20,38.97999954223633,39.25,38.7400016784668,39.15999984741211,29.8333683013916,71686300,0.0,0.0,0.0
2014-02-21,39.369998931884766,39.59000015258789,39.279998779296875,39.43000030517578,30.039060592651367,66907700,0.0,0.0,0.0
2014-02-24,39.38999938964844,39.779998779296875,39.34000015258789,39.43000030517578,30.039060592651367,58971200,0.0,0.0,0.0
2014-02-25,39.349998474121094,39.439998626708984,38.869998931884766,38.97999954223633,29.696237564086914,77028600,0.0,0.0,0.0
2014-02-26,39.20000076293945,39.279998779296875,38.849998474121094,39.0099983215332,29.719091415405273,59122600,0.0,0.0,0.0
2014-02-27,39.36000061035156,39.81999969482422,39.279998779296875,39.75,30.28285026550293,67962200,0.0,0.0,0.0
2014-02-28,39.779998779296875,39.84000015258789,39.220001220703125,39.47999954223633,30.0771541595459,88240700,0.0,0.0,0.0
2014-03-03,38.720001220703125,38.939998626708984,38.4900016784668,38.779998779296875,29.54387855529785,98832200,0.0,0.0,0.0
2014-03-04,39.529998779296875,39.59000015258789,39.27000045776367,39.439998626708984,30.046680450439453,63103000,0.0,0.0,0.0
2014-03-05,39.31999969482422,39.529998779296875,39.25,39.470001220703125,30.069538116455078,42856900,0.0,0.0,0.0
2014-03-06,39.83000183105469,40.220001220703125,39.81999969482422,40.029998779296875,30.49616050720215,86027600,0.0,0.0,0.0
2014-03-07,39.849998474121094,39.869998931884766,39.279998779296875,39.52000045776367,30.10763168334961,66565600,0.0,0.0,0.0
2014-03-10,39.2599983215332,39.27000045776367,38.91999816894531,39.25,29.90192985534668,57747100,0.0,0.0,0.0
2014-03-11,39.310001373291016,39.43000030517578,38.709999084472656,38.810001373291016,29.56672477722168,72692600,0.0,0.0,0.0
2014-03-12,38.58000183105469,38.93000030517578,38.459999084472656,38.88999938964844,29.627674102783203,56882800,0.0,0.0,0.0
2014-03-13,38.97999954223633,39.0,38.029998779296875,38.189998626708984,29.094385147094727,79967400,0.0,0.0,0.0
2014-03-14,38.25,38.619998931884766,38.25,38.400001525878906,29.254375457763672,64589800,0.0,0.0,0.0
2014-03-17,38.7400016784668,38.959999084472656,38.7400016784668,38.869998931884766,29.612438201904297,57492000,0.0,0.0,0.0
2014-03-18,38.959999084472656,39.43000030517578,38.93000030517578,39.40999984741211,30.02383041381836,68135000,0.0,0.0,0.0
2014-03-19,39.130001068115234,39.310001373291016,38.400001525878906,38.56999969482422,29.383888244628906,95953000,0.0,0.0,0.0
2014-03-20,38.310001373291016,38.81999969482422,38.16999816894531,38.7400016784668,29.51340103149414,60572300,0.0,0.0,0.0
2014-03-21,39.0,39.45000076293945,38.93000030517578,38.97999954223633,29.696237564086914,86969000,0.0,0.0,0.0
2014-03-24,39.33000183105469,39.45000076293945,39.09000015258789,39.36000061035156,29.985733032226562,54328100,0.0,0.0,0.0
2014-03-25,39.7599983215332,39.959999084472656,39.63999938964844,39.810001373291016,30.32856559753418,93531000,0.0,0.0,0.0
2014-03-26,40.15999984741211,40.290000915527344,39.880001068115234,39.900001525878906,30.397138595581055,91289900,0.0,0.0,0.0
2014-03-27,40.04999923706055,40.47999954223633,40.029998779296875,40.41999816894531,30.793275833129883,73438700,0.0,0.0,0.0
2014-03-28,40.779998779296875,41.02000045776367,40.689998626708984,40.7400016784668,31.037063598632812,67464400,0.0,0.0,0.0
2014-03-31,40.9900016784668,41.25,40.970001220703125,41.0099983215332,31.242753982543945,75256100,0.0,0.0,0.0
2014-04-01,41.400001525878906,41.4900016784668,41.2400016784668,41.4900016784668,31.60843849182129,65717300,0.0,0.0,0.0
2014-04-02,41.33000183105469,41.61000061035156,41.27000045776367,41.56999969482422,31.669384002685547,44076300,0.0,0.0,0.0
2014-04-03,41.380001068115234,41.439998626708984,41.0,41.40999984741211,31.547487258911133,84659200,0.0,0.0,0.0
2014-04-04,41.849998474121094,42.130001068115234,41.2400016784668,41.29999923706055,31.463693618774414,127800700,0.0,0.0,0.0
2014-04-07,41.34000015258789,41.59000015258789,41.2400016784668,41.47999954223633,31.600814819335938,60586200,0.0,0.0,0.0
2014-04-08,42.060001373291016,42.2599983215332,41.81999969482422,41.959999084472656,31.966508865356445,107043300,0.0,0.0,0.0
2014-04-09,42.0099983215332,42.470001220703125,41.72999954223633,42.279998779296875,32.21027755737305,71617000,0.0,0.0,0.0
2014-04-10,42.27000045776367,42.41999816894531,41.779998779296875,41.83000183105469,31.86745262145996,74792500,0.0,0.0,0.0
2014-04-11,41.540000915527344,41.88999938964844,41.529998779296875,41.83000183105469,31.86745262145996,76310100,0.0,0.0,0.0
2014-04-14,41.959999084472656,41.970001220703125,41.529998779296875,41.7400016784668,31.798898696899414,44883400,0.0,0.0,0.0
2014-04-15,41.47999954223633,41.5099983215332,40.599998474121094,41.11000061035156,31.318941116333008,155302100,0.0,0.0,0.0
2014-04-16,41.310001373291016,41.66999816894531,41.209999084472656,41.630001068115234,31.715084075927734,64113100,0.0,0.0,0.0
2014-04-17,41.66999816894531,42.150001525878906,41.54999923706055,42.0099983215332,32.00458526611328,69955200,0.0,0.0,0.0
2014-04-21,41.95000076293945,41.959999084472656,41.63999938964844,41.75,31.806507110595703,29288500,0.0,0.0,0.0
2014-04-22,41.79999923706055,41.86000061035156,41.619998931884766,41.63999938964844,31.72271156311035,43060000,0.0,0.0,0.0
2014-04-23,41.439998626708984,41.459999084472656,41.099998474121094,41.34000015258789,31.494163513183594,58299300,0.0,0.0,0.0
2014-04-24,41.369998931884766,41.38999938964844,41.02000045776367,41.380001068115234,31.52463150024414,39310800,0.0,0.0,0.0
2014-04-25,40.84000015258789,40.849998474121094,40.540000915527344,40.81999969482422,31.098011016845703,72613500,0.0,0.0,0.0
2014-04-28,40.869998931884766,41.15999984741211,40.66999816894531,41.02000045776367,31.250377655029297,64020600,0.0,0.0,0.0
2014-04-29,41.279998779296875,41.56999969482422,41.2599983215332,41.40999984741211,31.547487258911133,71181600,0.0,0.0,0.0
2014-04-30,41.09000015258789,41.33000183105469,41.040000915527344,41.33000183105469,31.486543655395508,49063100,0.0,0.0,0.0
2014-05-01,41.279998779296875,41.47999954223633,41.08000183105469,41.380001068115234,31.52463150024414,31161300,0.0,0.0,0.0
2014-05-02,41.29999923706055,41.72999954223633,41.27000045776367,41.61000061035156,31.699861526489258,63037500,0.0,0.0,0.0
2014-05-05,41.31999969482422,41.41999816894531,41.20000076293945,41.380001068115234,31.52463150024414,26894600,0.0,0.0,0.0
2014-05-06,41.41999816894531,41.810001373291016,41.400001525878906,41.56999969482422,31.669384002685547,41163100,0.0,0.0,0.0
2014-05-07,41.45000076293945,41.79999923706055,41.380001068115234,41.790000915527344,31.83698844909668,43226500,0.0,0.0,0.0
2014-05-08,41.90999984741211,42.040000915527344,41.689998626708984,41.689998626708984,31.76080894470215,49820300,0.0,0.0,0.0
2014-05-09,41.72999954223633,41.83000183105469,41.560001373291016,41.619998931884766,31.707477569580078,43953000,0.0,0.0,0.0
2014-05-12,42.22999954223633,42.349998474121094,42.06999969482422,42.31999969482422,32.240753173828125,63396500,0.0,0.0,0.0
2014-05-13,42.38999938964844,42.65999984741211,42.33000183105469,42.47999954223633,32.36265182495117,53342400,0.0,0.0,0.0
2014-05-14,42.720001220703125,42.91999816894531,42.65999984741211,42.779998779296875,32.59119415283203,57544700,0.0,0.0,0.0
2014-05-15,42.720001220703125,42.72999954223633,42.22999954223633,42.380001068115234,32.28646469116211,56308800,0.0,0.0,0.0
2014-05-16,42.7400016784668,43.0,42.619998931884766,42.939998626708984,32.713096618652344,70419600,0.0,0.0,0.0
2014-05-19,42.880001068115234,43.0,42.84000015258789,42.939998626708984,32.713096618652344,32471500,0.0,0.0,0.0
2014-05-20,42.779998779296875,42.880001068115234,42.47999954223633,42.59000015258789,32.44645690917969,63707800,0.0,0.0,0.0
2014-05-21,42.81999969482422,42.939998626708984,42.790000915527344,42.91999816894531,32.69786071777344,50661300,0.0,0.0,0.0
2014-05-22,43.130001068115234,43.220001220703125,43.040000915527344,43.220001220703125,32.92639923095703,51415000,0.0,0.0,0.0
2014-05-23,43.15999984741211,43.290000915527344,43.119998931884766,43.13999938964844,32.86545944213867,55456100,0.0,0.0,0.0
2014-05-27,42.959999084472656,43.029998779296875,42.630001068115234,42.77000045776367,32.58358383178711,40155800,0.0,0.0,0.0
2014-05-28,42.9900016784668,43.11000061035156,42.84000015258789,43.02000045776367,32.77404022216797,45095400,0.0,0.0,0.0
2014-05-29,43.130001068115234,43.209999084472656,43.02000045776367,43.13999938964844,32.86545944213867,28979600,0.0,0.0,0.0
2014-05-30,42.869998931884766,42.91999816894531,42.459999084472656,42.54999923706055,32.41598129272461,72201700,0.0,0.0,0.0
2014-06-02,42.72999954223633,42.81999969482422,42.650001525878906,42.68000030517578,32.515010833740234,33550800,0.0,0.0,0.0
2014-06-03,42.72999954223633,43.040000915527344,42.720001220703125,42.91999816894531,32.69786071777344,38021700,0.0,0.0,0.0
2014-06-04,42.630001068115234,42.7599983215332,42.560001373291016,42.68000030517578,32.515010833740234,25656100,0.0,0.0,0.0
2014-06-05,43.06999969482422,43.20000076293945,42.900001525878906,43.130001068115234,32.857845306396484,41040500,0.0,0.0,0.0
2014-06-06,43.47999954223633,43.65999984741211,43.40999984741211,43.560001373291016,33.18543243408203,45429100,0.0,0.0,0.0
2014-06-09,43.5099983215332,43.779998779296875,43.5099983215332,43.720001220703125,33.30732345581055,38995600,0.0,0.0,0.0
2014-06-10,43.77000045776367,43.97999954223633,43.709999084472656,43.95000076293945,33.482547760009766,31573300,0.0,0.0,0.0
2014-06-11,43.689998626708984,43.880001068115234,43.68000030517578,43.79999923706055,33.36827087402344,44721500,0.0,0.0,0.0
2014-06-12,43.869998931884766,43.90999984741211,43.45000076293945,43.59000015258789,33.208274841308594,40265500,0.0,0.0,0.0
2014-06-13,43.439998626708984,43.650001525878906,43.349998474121094,43.61000061035156,33.22352600097656,27554000,0.0,0.0,0.0
2014-06-16,43.47999954223633,43.52000045776367,43.279998779296875,43.40999984741211,33.07114791870117,32040700,0.0,0.0,0.0
2014-06-17,43.36000061035156,43.439998626708984,43.2400016784668,43.41999816894531,33.07876968383789,35013500,0.0,0.0,0.0
2014-06-18,43.31999969482422,43.93000030517578,43.189998626708984,43.900001525878906,33.4444580078125,62131500,0.0,0.0,0.0
2014-06-19,43.7599983215332,43.84000015258789,43.52000045776367,43.650001525878906,33.253997802734375,48497900,0.0,0.0,0.0
2014-06-20,43.5,43.59000015258789,43.400001525878906,43.560001373291016,33.18543243408203,36744000,0.0,0.0,0.0
2014-06-23,43.529998779296875,43.54999923706055,43.31999969482422,43.470001220703125,33.11686325073242,27608300,0.0,0.0,0.0
2014-06-24,43.59000015258789,43.88999938964844,43.36000061035156,43.45000076293945,33.10162353515625,49441000,0.0,0.0,0.0
2014-06-25,43.130001068115234,43.2400016784668,43.0,43.20000076293945,33.1715087890625,35940200,0.341,0.0,0.0
2014-06-26,43.31999969482422,43.31999969482422,43.099998474121094,43.25,33.20989227294922,21873800,0.0,0.0,0.0
2014-06-27,43.25,43.380001068115234,43.119998931884766,43.349998474121094,33.28669357299805,21988900,0.0,0.0,0.0
2014-06-30,43.369998931884766,43.41999816894531,43.20000076293945,43.22999954223633,33.19453811645508,34343200,0.0,0.0,0.0
2014-07-01,43.54999923706055,43.68000030517578,43.529998779296875,43.63999938964844,33.50935745239258,42222400,0.0,0.0,0.0
2014-07-02,43.81999969482422,43.91999816894531,43.790000915527344,43.900001525878906,33.70899963378906,35955800,0.0,0.0,0.0
2014-07-03,43.79999923706055,44.189998626708984,43.77000045776367,44.15999984741211,33.90864562988281,26627100,0.0,0.0,0.0
2014-07-07,44.06999969482422,44.15999984741211,43.97999954223633,44.130001068115234,33.8856086730957,26962800,0.0,0.0,0.0
2014-07-08,44.099998474121094,44.130001068115234,43.84000015258789,43.93000030517578,33.732025146484375,29106700,0.0,0.0,0.0
2014-07-09,43.95000076293945,44.22999954223633,43.900001525878906,44.18000030517578,33.92400360107422,29892600,0.0,0.0,0.0
2014-07-10,43.540000915527344,43.959999084472656,43.43000030517578,43.939998626708984,33.739715576171875,43704000,0.0,0.0,0.0
2014-07-11,43.7599983215332,43.970001220703125,43.72999954223633,43.88999938964844,33.70132064819336,32082600,0.0,0.0,0.0
2014-07-14,44.150001525878906,44.2400016784668,44.06999969482422,44.22999954223633,33.9623908996582,23136700,0.0,0.0,0.0
2014-07-15,44.27000045776367,44.31999969482422,43.9900016784668,44.20000076293945,33.93935775756836,38034000,0.0,0.0,0.0
2014-07-16,44.41999816894531,44.470001220703125,44.25,44.310001373291016,34.023826599121094,26424000,0.0,0.0,0.0
2014-07-17,44.0,44.08000183105469,43.400001525878906,43.47999954223633,33.386497497558594,66994900,0.0,0.0,0.0
2014-07-18,44.099998474121094,44.2599983215332,43.939998626708984,44.15999984741211,33.90864562988281,51870700,0.0,0.0,0.0
2014-07-21,43.939998626708984,44.400001525878906,43.91999816894531,44.310001373291016,34.023826599121094,56034400,0.0,0.0,0.0
2014-07-22,44.79999923706055,44.83000183105469,44.70000076293945,44.720001220703125,34.33864974975586,43480300,0.0,0.0,0.0
2014-07-23,44.81999969482422,44.81999969482422,44.65999984741211,44.7599983215332,34.369361877441406,29647900,0.0,0.0,0.0
2014-07-24,44.81999969482422,45.0,44.77000045776367,44.959999084472656,34.52293395996094,31503700,0.0,0.0,0.0
2014-07-25,44.75,44.83000183105469,44.63999938964844,44.779998779296875,34.38471603393555,34409200,0.0,0.0,0.0
2014-07-28,44.84000015258789,45.11000061035156,44.7599983215332,45.09000015258789,34.62276077270508,38243200,0.0,0.0,0.0
2014-07-29,45.130001068115234,45.130001068115234,44.790000915527344,44.81999969482422,34.41543960571289,35722000,0.0,0.0,0.0
2014-07-30,45.0099983215332,45.04999923706055,44.38999938964844,44.599998474121094,34.24650573730469,54177600,0.0,0.0,0.0
2014-07-31,44.060001373291016,44.150001525878906,43.65999984741211,43.81999969482422,33.64757537841797,88181200,0.0,0.0,0.0
2014-08-01,43.95000076293945,44.18000030517578,43.650001525878906,44.060001373291016,33.83186721801758,108800800,0.0,0.0,0.0
2014-08-04,44.2599983215332,44.56999969482422,44.08000183105469,44.470001220703125,34.146690368652344,43918900,0.0,0.0,0.0
2014-08-05,44.02000045776367,44.13999938964844,43.650001525878906,43.790000915527344,33.624542236328125,67276000,0.0,0.0,0.0
2014-08-06,43.54999923706055,43.72999954223633,43.439998626708984,43.4900016784668,33.39418029785156,63560700,0.0,0.0,0.0
2014-08-07,43.59000015258789,43.619998931884766,43.13999938964844,43.31999969482422,33.263641357421875,77763500,0.0,0.0,0.0
2014-08-08,43.5099983215332,43.779998779296875,43.33000183105469,43.709999084472656,33.563106536865234,53612400,0.0,0.0,0.0
2014-08-11,43.91999816894531,44.310001373291016,43.88999938964844,44.27000045776367,33.99311447143555,49923100,0.0,0.0,0.0
2014-08-12,44.09000015258789,44.33000183105469,44.040000915527344,44.31999969482422,34.03151321411133,36823500,0.0,0.0,0.0
2014-08-13,44.66999816894531,44.779998779296875,44.439998626708984,44.560001373291016,34.215789794921875,49491900,0.0,0.0,0.0
2014-08-14,44.59000015258789,44.709999084472656,44.529998779296875,44.630001068115234,34.26953887939453,33152100,0.0,0.0,0.0
2014-08-15,44.72999954223633,44.83000183105469,44.279998779296875,44.5099983215332,34.177398681640625,66006100,0.0,0.0,0.0
2014-08-18,44.7400016784668,44.939998626708984,44.63999938964844,44.939998626708984,34.50757598876953,38360500,0.0,0.0,0.0
2014-08-19,44.97999954223633,45.16999816894531,44.959999084472656,45.150001525878906,34.6688232421875,33591600,0.0,0.0,0.0
2014-08-20,44.939998626708984,45.13999938964844,44.86000061035156,45.060001373291016,34.59971237182617,30889600,0.0,0.0,0.0
2014-08-21,44.959999084472656,45.040000915527344,44.810001373291016,44.869998931884766,34.45383071899414,35476300,0.0,0.0,0.0
2014-08-22,44.91999816894531,44.9900016784668,44.58000183105469,44.75,34.3616828918457,45995800,0.0,0.0,0.0
2014-08-25,44.869998931884766,45.099998474121094,44.810001373291016,45.08000183105469,34.61507034301758,31989900,0.0,0.0,0.0
2014-08-26,45.16999816894531,45.380001068115234,45.150001525878906,45.349998474121094,34.822391510009766,45918400,0.0,0.0,0.0
2014-08-27,45.439998626708984,45.58000183105469,45.34000015258789,45.58000183105469,34.999000549316406,34239100,0.0,0.0,0.0
2014-08-28,44.9900016784668,45.18000030517578,44.939998626708984,45.130001068115234,34.653472900390625,38157700,0.0,0.0,0.0
2014-08-29,45.16999816894531,45.2400016784668,45.0,45.060001373291016,34.59971237182617,39791500,0.0,0.0,0.0
2014-09-02,45.04999923706055,45.060001373291016,44.880001068115234,44.9900016784668,34.54597091674805,48129000,0.0,0.0,0.0
2014-09-03,45.75,45.790000915527344,45.5,45.58000183105469,34.999000549316406,51700200,0.0,0.0,0.0
2014-09-04,45.72999954223633,45.83000183105469,45.34000015258789,45.459999084472656,34.906864166259766,41676700,0.0,0.0,0.0
2014-09-05,45.540000915527344,45.849998474121094,45.41999816894531,45.849998474121094,35.20631790161133,53035700,0.0,0.0,0.0
2014-09-08,45.68000030517578,45.720001220703125,45.220001220703125,45.310001373291016,34.79167938232422,50222700,0.0,0.0,0.0
2014-09-09,45.040000915527344,45.13999938964844,44.560001373291016,44.75,34.3616828918457,85940600,0.0,0.0,0.0
2014-09-10,44.33000183105469,44.63999938964844,44.22999954223633,44.560001373291016,34.215789794921875,57439600,0.0,0.0,0.0
2014-09-11,44.25,44.33000183105469,44.189998626708984,44.2599983215332,33.985435485839844,70622500,0.0,0.0,0.0
2014-09-12,43.9900016784668,44.0,43.63999938964844,43.790000915527344,33.624542236328125,85785600,0.0,0.0,0.0
2014-09-15,43.65999984741211,43.709999084472656,43.439998626708984,43.56999969482422,33.45561599731445,68507800,0.0,0.0,0.0
2014-09-16,43.529998779296875,44.439998626708984,43.5,44.13999938964844,33.89329528808594,97318600,0.0,0.0,0.0
2014-09-17,44.20000076293945,44.27000045776367,43.720001220703125,43.72999954223633,33.578460693359375,76121700,0.0,0.0,0.0
2014-09-18,43.869998931884766,43.95000076293945,43.72999954223633,43.790000915527344,33.624542236328125,50513900,0.0,0.0,0.0
2014-09-19,43.91999816894531,43.970001220703125,43.349998474121094,43.459999084472656,33.37114715576172,88033100,0.0,0.0,0.0
2014-09-22,43.08000183105469,43.130001068115234,42.61000061035156,42.79999923706055,32.86436080932617,83094000,0.0,0.0,0.0
2014-09-23,42.70000076293945,42.900001525878906,42.5,42.560001373291016,32.68007278442383,82990700,0.0,0.0,0.0
2014-09-24,42.869998931884766,43.2599983215332,42.65999984741211,43.16999816894531,33.14846420288086,55218900,0.0,0.0,0.0
2014-09-25,42.5099983215332,42.529998779296875,42.119998931884766,42.22999954223633,32.42668533325195,68810700,0.0,0.0,0.0
2014-09-26,42.27000045776367,42.56999969482422,42.209999084472656,42.41999816894531,32.57257080078125,54551800,0.0,0.0,0.0
2014-09-29,41.369998931884766,41.77000045776367,41.36000061035156,41.560001373291016,31.912220001220703,74208400,0.0,0.0,0.0
2014-09-30,41.45000076293945,41.63999938964844,41.36000061035156,41.560001373291016,31.912220001220703,87704500,0.0,0.0,0.0
2014-10-01,41.34000015258789,41.380001068115234,40.70000076293945,40.709999084472656,31.259536743164062,109933300,0.0,0.0,0.0
2014-10-02,40.86000061035156,41.220001220703125,40.369998931884766,40.93000030517578,31.428462982177734,92880600,0.0,0.0,0.0
2014-10-03,41.08000183105469,41.38999938964844,40.88999938964844,41.279998779296875,31.69721031188965,61010900,0.0,0.0,0.0
2014-10-06,42.119998931884766,42.15999984741211,41.810001373291016,41.81999969482422,32.11185073852539,84259600,0.0,0.0,0.0
2014-10-07,41.7599983215332,41.869998931884766,41.45000076293945,41.45000076293945,31.827749252319336,41767500,0.0,0.0,0.0
2014-10-08,41.529998779296875,42.150001525878906,41.060001373291016,42.06999969482422,32.3038215637207,90901600,0.0,0.0,0.0
2014-10-09,41.900001525878906,41.95000076293945,41.27000045776367,41.40999984741211,31.797033309936523,82942800,0.0,0.0,0.0
2014-10-10,40.959999084472656,41.099998474121094,40.470001220703125,40.5099983215332,31.105958938598633,104177200,0.0,0.0,0.0
2014-10-13,41.20000076293945,41.5,40.900001525878906,40.91999816894531,31.420780181884766,89761000,0.0,0.0,0.0
2014-10-14,41.060001373291016,41.41999816894531,40.84000015258789,41.15999984741211,31.60507583618164,71636700,0.0,0.0,0.0
2014-10-15,40.599998474121094,40.810001373291016,39.779998779296875,40.63999938964844,31.205785751342773,122284500,0.0,0.0,0.0
2014-10-16,39.70000076293945,40.720001220703125,39.68000030517578,40.27000045776367,30.921676635742188,101076200,0.0,0.0,0.0
2014-10-17,40.709999084472656,41.0,40.47999954223633,40.720001220703125,31.267213821411133,73616400,0.0,0.0,0.0
2014-10-20,40.68000030517578,40.88999938964844,40.59000015258789,40.84000015258789,31.359359741210938,50853900,0.0,0.0,0.0
2014-10-21,40.7599983215332,41.16999816894531,40.72999954223633,41.0099983215332,31.489891052246094,49877200,0.0,0.0,0.0
2014-10-22,40.959999084472656,41.040000915527344,40.599998474121094,40.7400016784668,31.28257179260254,50711600,0.0,0.0,0.0
2014-10-23,40.84000015258789,40.970001220703125,40.68000030517578,40.72999954223633,31.274892807006836,43661600,0.0,0.0,0.0
2014-10-24,40.77000045776367,41.220001220703125,40.7400016784668,41.02000045776367,31.497573852539062,43721100,0.0,0.0,0.0
2014-10-27,40.369998931884766,40.7599983215332,40.279998779296875,40.70000076293945,31.25185203552246,44793200,0.0,0.0,0.0
2014-10-28,41.189998626708984,41.63999938964844,41.18000030517578,41.52000045776367,31.881498336791992,73890500,0.0,0.0,0.0
2014-10-29,41.90999984741211,42.02000045776367,41.31999969482422,41.58000183105469,31.927568435668945,75308700,0.0,0.0,0.0
2014-10-30,41.65999984741211,42.13999938964844,41.65999984741211,41.970001220703125,32.22703552246094,54208200,0.0,0.0,0.0
2014-10-31,42.15999984741211,42.33000183105469,42.0,42.150001525878906,32.36526107788086,108786100,0.0,0.0,0.0
2014-11-03,42.0099983215332,42.040000915527344,41.70000076293945,41.79999923706055,32.096500396728516,59606600,0.0,0.0,0.0
2014-11-04,41.849998474121094,41.880001068115234,41.54999923706055,41.84000015258789,32.127220153808594,41428100,0.0,0.0,0.0
2014-11-05,41.5,41.54999923706055,41.22999954223633,41.470001220703125,31.84309959411621,48726600,0.0,0.0,0.0
2014-11-06,41.349998474121094,41.40999984741211,40.939998626708984,40.959999084472656,31.45149803161621,52054400,0.0,0.0,0.0
2014-11-07,41.08000183105469,41.279998779296875,41.0099983215332,41.220001220703125,31.651145935058594,42327500,0.0,0.0,0.0
2014-11-10,41.65999984741211,41.689998626708984,41.29999923706055,41.33000183105469,31.735607147216797,45891600,0.0,0.0,0.0
2014-11-11,41.20000076293945,41.36000061035156,41.13999938964844,41.290000915527344,31.704893112182617,28395000,0.0,0.0,0.0
2014-11-12,41.310001373291016,41.5,41.16999816894531,41.209999084472656,31.643470764160156,25122300,0.0,0.0,0.0
2014-11-13,41.38999938964844,41.40999984741211,40.9900016784668,41.099998474121094,31.559001922607422,30709800,0.0,0.0,0.0
2014-11-14,41.029998779296875,41.459999084472656,41.0,41.439998626708984,31.820068359375,47386400,0.0,0.0,0.0
2014-11-17,41.09000015258789,41.09000015258789,40.91999816894531,41.0,31.48220443725586,38237800,0.0,0.0,0.0
2014-11-18,41.060001373291016,41.25,41.04999923706055,41.220001220703125,31.651145935058594,23114500,0.0,0.0,0.0
2014-11-19,41.09000015258789,41.36000061035156,40.90999984741211,41.20000076293945,31.63577651977539,49215300,0.0,0.0,0.0
2014-11-20,41.16999816894531,41.31999969482422,41.099998474121094,41.130001068115234,31.5820255279541,28926200,0.0,0.0,0.0
2014-11-21,42.189998626708984,42.459999084472656,41.97999954223633,42.439998626708984,32.58793258666992,111455200,0.0,0.0,0.0
2014-11-24,42.209999084472656,42.22999954223633,42.04999923706055,42.09000015258789,32.319183349609375,38061300,0.0,0.0,0.0
2014-11-25,42.15999984741211,42.20000076293945,41.790000915527344,41.81999969482422,32.11185073852539,43794300,0.0,0.0,0.0
2014-11-26,42.189998626708984,42.380001068115234,42.150001525878906,42.349998474121094,32.51881790161133,30953300,0.0,0.0,0.0
2014-11-28,41.869998931884766,41.880001068115234,41.47999954223633,41.5,31.86614227294922,49144700,0.0,0.0,0.0
2014-12-01,41.04999923706055,41.060001373291016,40.7400016784668,40.790000915527344,31.32095718383789,75105900,0.0,0.0,0.0
2014-12-02,40.90999984741211,40.95000076293945,40.7400016784668,40.779998779296875,31.313282012939453,47273300,0.0,0.0,0.0
2014-12-03,40.880001068115234,41.060001373291016,40.84000015258789,40.88999938964844,31.397741317749023,37508300,0.0,0.0,0.0
2014-12-04,41.08000183105469,41.099998474121094,40.869998931884766,40.959999084472656,31.45149803161621,31459900,0.0,0.0,0.0
2014-12-05,40.7599983215332,41.0,40.66999816894531,40.880001068115234,31.39006996154785,32496300,0.0,0.0,0.0
2014-12-08,40.61000061035156,40.619998931884766,40.220001220703125,40.279998779296875,30.929351806640625,43437900,0.0,0.0,0.0
2014-12-09,39.79999923706055,39.93000030517578,39.66999816894531,39.900001525878906,30.637584686279297,54564100,0.0,0.0,0.0
2014-12-10,39.790000915527344,39.79999923706055,39.27000045776367,39.310001373291016,30.18453598022461,55591700,0.0,0.0,0.0
2014-12-11,39.13999938964844,39.349998474121094,38.91999816894531,38.97999954223633,29.93113899230957,65853700,0.0,0.0,0.0
2014-12-12,38.900001525878906,38.90999984741211,38.33000183105469,38.34000015258789,29.43970489501953,79274600,0.0,0.0,0.0
2014-12-15,38.41999816894531,38.45000076293945,37.59000015258789,37.790000915527344,29.01738739013672,93921700,0.0,0.0,0.0
2014-12-16,37.369998931884766,38.31999969482422,37.22999954223633,37.72999954223633,28.971324920654297,117074100,0.0,0.0,0.0
2014-12-17,37.349998474121094,38.54999923706055,37.310001373291016,38.04999923706055,29.637283325195312,119530800,0.535,0.0,0.0
2014-12-18,38.630001068115234,38.869998931884766,38.310001373291016,38.56999969482422,30.042308807373047,70091400,0.0,0.0,0.0
2014-12-19,38.63999938964844,39.02000045776367,38.630001068115234,38.84000015258789,30.252609252929688,61239600,0.0,0.0,0.0
2014-12-22,39.310001373291016,39.45000076293945,39.22999954223633,39.380001068115234,30.6732234954834,47398500,0.0,0.0,0.0
2014-12-23,39.060001373291016,39.09000015258789,38.79999923706055,39.02000045776367,30.392807006835938,52339300,0.0,0.0,0.0
2014-12-24,39.09000015258789,39.15999984741211,38.91999816894531,39.11000061035156,30.462915420532227,21433900,0.0,0.0,0.0
2014-12-26,39.470001220703125,39.630001068115234,39.38999938964844,39.41999816894531,30.704376220703125,28723000,0.0,0.0,0.0
2014-12-29,39.43000030517578,39.5099983215332,39.18000030517578,39.18000030517578,30.517431259155273,38964300,0.0,0.0,0.0
2014-12-30,39.130001068115234,39.34000015258789,39.119998931884766,39.2599983215332,30.579744338989258,32332700,0.0,0.0,0.0
2014-12-31,39.470001220703125,39.4900016784668,39.209999084472656,39.290000915527344,30.603124618530273,34940700,0.0,0.0,0.0
2015-01-02,39.189998626708984,39.209999084472656,38.66999816894531,38.77000045776367,30.198083877563477,65010000,0.0,0.0,0.0
2015-01-05,38.52000045776367,38.52000045776367,38.02000045776367,38.08000183105469,29.660640716552734,83166600,0.0,0.0,0.0
2015-01-06,38.09000015258789,38.2599983215332,37.720001220703125,37.91999816894531,29.536027908325195,52066100,0.0,0.0,0.0
2015-01-07,38.56999969482422,38.77000045776367,38.439998626708984,38.7400016784668,30.174718856811523,64948700,0.0,0.0,0.0
2015-01-08,39.310001373291016,39.58000183105469,39.2599983215332,39.400001525878906,30.68879508972168,55081600,0.0,0.0,0.0
2015-01-09,39.52000045776367,39.540000915527344,39.150001525878906,39.27000045776367,30.587541580200195,38550100,0.0,0.0,0.0
2015-01-12,39.150001525878906,39.20000076293945,38.900001525878906,38.95000076293945,30.338285446166992,55381800,0.0,0.0,0.0
2015-01-13,39.45000076293945,39.650001525878906,38.970001220703125,39.290000915527344,30.603124618530273,55565600,0.0,0.0,0.0
2015-01-14,38.86000061035156,39.15999984741211,38.7599983215332,39.06999969482422,30.431758880615234,83761000,0.0,0.0,0.0
2015-01-15,39.59000015258789,39.72999954223633,39.099998474121094,39.15999984741211,30.501863479614258,57441600,0.0,0.0,0.0
2015-01-16,39.130001068115234,39.540000915527344,39.06999969482422,39.4900016784668,30.758893966674805,72675200,0.0,0.0,0.0
2015-01-20,39.40999984741211,39.459999084472656,39.220001220703125,39.43000030517578,30.71217155456543,57716900,0.0,0.0,0.0
2015-01-21,39.7599983215332,40.34000015258789,39.7400016784668,40.29999923706055,31.389806747436523,74714900,0.0,0.0,0.0
2015-01-22,40.5099983215332,41.11000061035156,40.31999969482422,41.06999969482422,31.989566802978516,95318400,0.0,0.0,0.0
2015-01-23,40.81999969482422,40.959999084472656,40.7400016784668,40.7599983215332,31.748106002807617,52368100,0.0,0.0,0.0
2015-01-26,40.630001068115234,40.90999984741211,40.56999969482422,40.779998779296875,31.763687133789062,47266100,0.0,0.0,0.0
2015-01-27,40.29999923706055,40.65999984741211,40.290000915527344,40.560001373291016,31.592330932617188,42525200,0.0,0.0,0.0
2015-01-28,40.459999084472656,40.5,40.0099983215332,40.119998931884766,31.249601364135742,56698000,0.0,0.0,0.0
2015-01-29,40.06999969482422,40.150001525878906,39.720001220703125,40.119998931884766,31.249601364135742,53124400,0.0,0.0,0.0
2015-01-30,39.29999923706055,39.54999923706055,39.02000045776367,39.02000045776367,30.392807006835938,103745400,0.0,0.0,0.0
2015-02-02,39.529998779296875,39.869998931884766,39.439998626708984,39.720001220703125,30.93804931640625,50443600,0.0,0.0,0.0
2015-02-03,40.15999984741211,40.52000045776367,40.11000061035156,40.470001220703125,31.522232055664062,48552700,0.0,0.0,0.0
2015-02-04,40.41999816894531,40.63999938964844,40.209999084472656,40.27000045776367,31.366437911987305,34900700,0.0,0.0,0.0
2015-02-05,40.150001525878906,40.540000915527344,40.13999938964844,40.5099983215332,31.55337905883789,32092400,0.0,0.0,0.0
2015-02-06,39.90999984741211,40.119998931884766,39.709999084472656,39.81999969482422,31.015939712524414,64292000,0.0,0.0,0.0
2015-02-09,39.689998626708984,39.88999938964844,39.68000030517578,39.7599983215332,30.969205856323242,35632500,0.0,0.0,0.0
2015-02-10,39.630001068115234,39.720001220703125,39.5,39.65999984741211,30.89130973815918,46949400,0.0,0.0,0.0
2015-02-11,39.34000015258789,39.4900016784668,39.099998474121094,39.369998931884766,30.665428161621094,44240300,0.0,0.0,0.0
2015-02-12,39.79999923706055,40.27000045776367,39.77000045776367,40.209999084472656,31.319711685180664,55855400,0.0,0.0,0.0
2015-02-13,40.43000030517578,40.689998626708984,40.43000030517578,40.66999816894531,31.67799949645996,44640000,0.0,0.0,0.0
2015-02-17,40.54999923706055,40.599998474121094,40.2400016784668,40.58000183105469,31.607900619506836,30152800,0.0,0.0,0.0
2015-02-18,40.380001068115234,40.63999938964844,40.27000045776367,40.56999969482422,31.600109100341797,36036700,0.0,0.0,0.0
2015-02-19,40.2400016784668,40.61000061035156,40.20000076293945,40.400001525878906,31.467708587646484,38785800,0.0,0.0,0.0
2015-02-20,40.25,40.72999954223633,40.15999984741211,40.66999816894531,31.67799949645996,32542700,0.0,0.0,0.0
2015-02-23,40.41999816894531,40.459999084472656,40.16999816894531,40.2599983215332,31.35865020751953,34091700,0.0,0.0,0.0
2015-02-24,40.47999954223633,40.959999084472656,40.2599983215332,40.84000015258789,31.810422897338867,64630500,0.0,0.0,0.0
2015-02-25,40.720001220703125,40.869998931884766,40.66999816894531,40.7599983215332,31.748106002807617,28592500,0.0,0.0,0.0
2015-02-26,40.810001373291016,40.869998931884766,40.70000076293945,40.77000045776367,31.755901336669922,25889800,0.0,0.0,0.0
2015-02-27,40.689998626708984,41.0,40.689998626708984,40.7400016784668,31.732526779174805,43207600,0.0,0.0,0.0
2015-03-02,40.63999938964844,40.709999084472656,40.529998779296875,40.68000030517578,31.685791015625,36669900,0.0,0.0,0.0
2015-03-03,40.439998626708984,40.4900016784668,40.349998474121094,40.369998931884766,31.4443359375,40406100,0.0,0.0,0.0
2015-03-04,40.04999923706055,40.06999969482422,39.7599983215332,39.93000030517578,31.10161590576172,51564400,0.0,0.0,0.0
2015-03-05,40.0,40.06999969482422,39.7400016784668,39.869998931884766,31.054874420166016,33714000,0.0,0.0,0.0
2015-03-06,39.540000915527344,39.619998931884766,39.16999816894531,39.2599983215332,30.579744338989258,72516900,0.0,0.0,0.0
2015-03-09,39.2400016784668,39.27000045776367,39.11000061035156,39.11000061035156,30.462915420532227,34915600,0.0,0.0,0.0
2015-03-10,38.52000045776367,38.54999923706055,38.220001220703125,38.2400016784668,29.7852725982666,84229600,0.0,0.0,0.0
2015-03-11,38.470001220703125,38.599998474121094,38.36000061035156,38.529998779296875,30.01114273071289,47978700,0.0,0.0,0.0
2015-03-12,39.040000915527344,39.08000183105469,38.709999084472656,38.77000045776367,30.198083877563477,46829700,0.0,0.0,0.0
2015-03-13,38.470001220703125,38.470001220703125,38.06999969482422,38.29999923706055,29.832008361816406,69885200,0.0,0.0,0.0
2015-03-16,38.68000030517578,38.79999923706055,38.599998474121094,38.7599983215332,30.1903018951416,50569900,0.0,0.0,0.0
2015-03-17,38.79999923706055,39.22999954223633,38.7599983215332,39.209999084472656,30.54080581665039,53697700,0.0,0.0,0.0
2015-03-18,39.119998931884766,40.29999923706055,39.040000915527344,40.16999816894531,31.288555145263672,101688200,0.0,0.0,0.0
2015-03-19,39.79999923706055,39.810001373291016,39.369998931884766,39.4900016784668,30.758893966674805,64499900,0.0,0.0,0.0
2015-03-20,39.869998931884766,40.16999816894531,39.84000015258789,40.08000183105469,31.21845245361328,67345300,0.0,0.0,0.0
2015-03-23,40.15999984741211,40.27000045776367,40.0,40.20000076293945,31.311904907226562,35502700,0.0,0.0,0.0
2015-03-24,40.25,40.380001068115234,40.20000076293945,40.36000061035156,31.436538696289062,45280300,0.0,0.0,0.0
2015-03-25,40.349998474121094,40.38999938964844,39.689998626708984,39.720001220703125,30.93804931640625,49779900,0.0,0.0,0.0
2015-03-26,39.529998779296875,39.56999969482422,39.189998626708984,39.349998474121094,30.649858474731445,76980100,0.0,0.0,0.0
2015-03-27,39.36000061035156,39.5,39.279998779296875,39.459999084472656,30.73552894592285,42212000,0.0,0.0,0.0
2015-03-30,39.91999816894531,40.29999923706055,39.900001525878906,40.220001220703125,31.327499389648438,51535700,0.0,0.0,0.0
2015-03-31,39.970001220703125,40.189998626708984,39.849998474121094,40.130001068115234,31.257402420043945,47508800,0.0,0.0,0.0
2015-04-01,40.45000076293945,40.68000030517578,40.36000061035156,40.630001068115234,31.646848678588867,56392700,0.0,0.0,0.0
2015-04-02,40.97999954223633,41.34000015258789,40.900001525878906,41.2400016784668,32.12198257446289,62389200,0.0,0.0,0.0
2015-04-06,41.630001068115234,42.0,41.59000015258789,41.77000045776367,32.5348014831543,54678400,0.0,0.0,0.0
2015-04-07,41.68000030517578,41.79999923706055,41.54999923706055,41.560001373291016,32.37123107910156,33279500,0.0,0.0,0.0
2015-04-08,42.52000045776367,42.59000015258789,42.20000076293945,42.43000030517578,33.04887390136719,65023100,0.0,0.0,0.0
2015-04-09,42.68000030517578,42.869998931884766,42.529998779296875,42.849998474121094,33.37601089477539,52128800,0.0,0.0,0.0
2015-04-10,42.65999984741211,42.88999938964844,42.630001068115234,42.880001068115234,33.399383544921875,49899000,0.0,0.0,0.0
2015-04-13,42.959999084472656,43.11000061035156,42.61000061035156,42.630001068115234,33.20465850830078,55031100,0.0,0.0,0.0
2015-04-14,42.72999954223633,42.90999984741211,42.540000915527344,42.81999969482422,33.3526496887207,42601100,0.0,0.0,0.0
2015-04-15,42.810001373291016,43.13999938964844,42.72999954223633,43.119998931884766,33.586326599121094,40254700,0.0,0.0,0.0
2015-04-16,43.2400016784668,43.709999084472656,43.16999816894531,43.459999084472656,33.851139068603516,55057700,0.0,0.0,0.0
2015-04-17,42.54999923706055,42.77000045776367,42.45000076293945,42.70000076293945,33.259178161621094,76688000,0.0,0.0,0.0
2015-04-20,42.650001525878906,42.790000915527344,42.619998931884766,42.65999984741211,33.228023529052734,28811300,0.0,0.0,0.0
2015-04-21,43.02000045776367,43.11000061035156,42.88999938964844,42.90999984741211,33.42274856567383,33309100,0.0,0.0,0.0
2015-04-22,43.20000076293945,43.40999984741211,43.09000015258789,43.369998931884766,33.78104782104492,29271900,0.0,0.0,0.0
2015-04-23,43.2599983215332,43.790000915527344,43.2400016784668,43.689998626708984,34.03028869628906,32056500,0.0,0.0,0.0
2015-04-24,43.869998931884766,43.900001525878906,43.779998779296875,43.849998474121094,34.15491485595703,44030100,0.0,0.0,0.0
2015-04-27,44.02000045776367,44.119998931884766,43.93000030517578,44.02000045776367,34.28733825683594,41819300,0.0,0.0,0.0
2015-04-28,44.040000915527344,44.189998626708984,43.900001525878906,44.09000015258789,34.34185028076172,32442100,0.0,0.0,0.0
2015-04-29,43.650001525878906,43.77000045776367,43.41999816894531,43.540000915527344,33.9134521484375,45752900,0.0,0.0,0.0
2015-04-30,43.189998626708984,43.20000076293945,42.869998931884766,42.880001068115234,33.399383544921875,98330200,0.0,0.0,0.0
2015-05-01,43.09000015258789,43.2599983215332,42.869998931884766,43.13999938964844,33.601898193359375,44928900,0.0,0.0,0.0
2015-05-04,43.15999984741211,43.459999084472656,43.13999938964844,43.38999938964844,33.79661560058594,31314300,0.0,0.0,0.0
2015-05-05,43.189998626708984,43.25,42.90999984741211,42.91999816894531,33.4305419921875,38738700,0.0,0.0,0.0
2015-05-06,42.97999954223633,43.02000045776367,42.310001373291016,42.38999938964844,33.01771926879883,52439700,0.0,0.0,0.0
2015-05-07,42.13999938964844,42.34000015258789,42.060001373291016,42.33000183105469,32.97099304199219,44347000,0.0,0.0,0.0
2015-05-08,42.81999969482422,43.06999969482422,42.689998626708984,42.869998931884766,33.3915901184082,56822800,0.0,0.0,0.0
2015-05-11,42.81999969482422,42.88999938964844,42.41999816894531,42.459999084472656,33.07223892211914,34705400,0.0,0.0,0.0
2015-05-12,42.130001068115234,42.43000030517578,42.099998474121094,42.31999969482422,32.96318054199219,38432500,0.0,0.0,0.0
2015-05-13,42.709999084472656,42.790000915527344,42.369998931884766,42.400001525878906,33.025508880615234,41156700,0.0,0.0,0.0
2015-05-14,42.689998626708984,42.88999938964844,42.630001068115234,42.81999969482422,33.3526496887207,37071400,0.0,0.0,0.0
2015-05-15,42.790000915527344,43.15999984741211,42.689998626708984,43.150001525878906,33.609676361083984,40940700,0.0,0.0,0.0
2015-05-18,42.90999984741211,42.93000030517578,42.689998626708984,42.709999084472656,33.266971588134766,35675300,0.0,0.0,0.0
2015-05-19,42.810001373291016,42.84000015258789,42.70000076293945,42.779998779296875,33.32149124145508,32065300,0.0,0.0,0.0
2015-05-20,42.689998626708984,42.869998931884766,42.540000915527344,42.75,33.298126220703125,37659200,0.0,0.0,0.0
2015-05-21,42.439998626708984,42.630001068115234,42.380001068115234,42.599998474121094,33.1812858581543,27575700,0.0,0.0,0.0
2015-05-22,42.81999969482422,42.869998931884766,42.650001525878906,42.7400016784668,33.29033279418945,37907000,0.0,0.0,0.0
2015-05-26,42.470001220703125,42.47999954223633,41.93000030517578,42.060001373291016,32.76068115234375,51008600,0.0,0.0,0.0
2015-05-27,41.72999954223633,42.099998474121094,41.65999984741211,42.06999969482422,32.768470764160156,35464700,0.0,0.0,0.0
2015-05-28,41.43000030517578,41.56999969482422,41.279998779296875,41.52000045776367,32.34007263183594,42689100,0.0,0.0,0.0
2015-05-29,41.45000076293945,41.4900016784668,41.06999969482422,41.119998931884766,32.02851104736328,59462200,0.0,0.0,0.0
2015-06-01,41.13999938964844,41.15999984741211,40.869998931884766,40.959999084472656,31.90388298034668,52509700,0.0,0.0,0.0
2015-06-02,40.91999816894531,41.29999923706055,40.86000061035156,41.119998931884766,32.02851104736328,42331700,0.0,0.0,0.0
2015-06-03,40.939998626708984,41.060001373291016,40.810001373291016,40.90999984741211,31.86494255065918,39291400,0.0,0.0,0.0
2015-06-04,40.54999923706055,40.68000030517578,40.27000045776367,40.290000915527344,31.38203239440918,46637300,0.0,0.0,0.0
2015-06-05,39.97999954223633,40.310001373291016,39.90999984741211,40.11000061035156,31.241819381713867,51982800,0.0,0.0,0.0
2015-06-08,40.16999816894531,40.220001220703125,40.060001373291016,40.099998474121094,31.234033584594727,34008200,0.0,0.0,0.0
2015-06-09,39.939998626708984,39.970001220703125,39.810001373291016,39.86000061035156,31.047096252441406,33384100,0.0,0.0,0.0
2015-06-10,40.2400016784668,40.4900016784668,40.220001220703125,40.439998626708984,31.498855590820312,64828100,0.0,0.0,0.0
2015-06-11,40.34000015258789,40.349998474121094,40.130001068115234,40.2400016784668,31.34307861328125,33808000,0.0,0.0,0.0
2015-06-12,40.25,40.290000915527344,40.119998931884766,40.2400016784668,31.34307861328125,40975900,0.0,0.0,0.0
2015-06-15,39.7599983215332,39.84000015258789,39.66999816894531,39.790000915527344,30.992570877075195,34097000,0.0,0.0,0.0
2015-06-16,39.650001525878906,39.86000061035156,39.56999969482422,39.79999923706055,31.00035285949707,33605900,0.0,0.0,0.0
2015-06-17,39.810001373291016,40.27000045776367,39.58000183105469,40.040000915527344,31.187297821044922,70505900,0.0,0.0,0.0
2015-06-18,40.349998474121094,40.560001373291016,40.279998779296875,40.40999984741211,31.47549057006836,60019000,0.0,0.0,0.0
2015-06-19,40.220001220703125,40.36000061035156,40.060001373291016,40.060001373291016,31.202871322631836,55891700,0.0,0.0,0.0
2015-06-22,40.75,40.77000045776367,40.59000015258789,40.63999938964844,31.65463638305664,45009800,0.0,0.0,0.0
2015-06-23,40.79999923706055,41.060001373291016,40.790000915527344,41.040000915527344,31.96620750427246,40579100,0.0,0.0,0.0
2015-06-24,41.0,41.06999969482422,40.75,40.75,31.74031639099121,56107100,0.0,0.0,0.0
2015-06-25,40.5,40.52000045776367,40.279998779296875,40.310001373291016,31.631244659423828,33663800,0.301,0.0,0.0
2015-06-26,39.95000076293945,40.150001525878906,39.88999938964844,39.93000030517578,31.33306121826172,34721500,0.0,0.0,0.0
2015-06-29,39.290000915527344,39.439998626708984,39.029998779296875,39.040000915527344,30.634679794311523,59610800,0.0,0.0,0.0
2015-06-30,39.7400016784668,39.7599983215332,39.47999954223633,39.619998931884766,31.08980369567871,61266600,0.0,0.0,0.0
2015-07-01,39.84000015258789,39.86000061035156,39.5,39.59000015258789,31.06625747680664,38622300,0.0,0.0,0.0
2015-07-02,39.83000183105469,40.02000045776367,39.75,39.779998779296875,31.215341567993164,34085800,0.0,0.0,0.0
2015-07-06,38.720001220703125,38.939998626708984,38.52000045776367,38.66999816894531,30.344329833984375,66892500,0.0,0.0,0.0
2015-07-07,37.939998626708984,38.15999984741211,37.40999984741211,38.09000015258789,29.88921356201172,100698500,0.0,0.0,0.0
2015-07-08,37.08000183105469,37.25,36.720001220703125,36.779998779296875,28.861255645751953,93899000,0.0,0.0,0.0
2015-07-09,37.900001525878906,38.029998779296875,37.47999954223633,37.4900016784668,29.418392181396484,72889000,0.0,0.0,0.0
2015-07-10,38.43000030517578,38.56999969482422,38.189998626708984,38.439998626708984,30.16385841369629,64726600,0.0,0.0,0.0
2015-07-13,38.689998626708984,38.790000915527344,38.599998474121094,38.70000076293945,30.367874145507812,43846200,0.0,0.0,0.0
2015-07-14,38.52000045776367,38.79999923706055,38.47999954223633,38.77000045776367,30.422801971435547,30252200,0.0,0.0,0.0
2015-07-15,38.529998779296875,38.560001373291016,38.290000915527344,38.33000183105469,30.077543258666992,44039400,0.0,0.0,0.0
2015-07-16,38.7599983215332,38.869998931884766,38.650001525878906,38.810001373291016,30.454191207885742,36217600,0.0,0.0,0.0
2015-07-17,38.869998931884766,38.880001068115234,38.689998626708984,38.7599983215332,30.41496467590332,35714800,0.0,0.0,0.0
2015-07-20,38.38999938964844,38.59000015258789,38.220001220703125,38.5099983215332,30.218778610229492,31707000,0.0,0.0,0.0
2015-07-21,38.68000030517578,38.709999084472656,38.4900016784668,38.52000045776367,30.226638793945312,27625400,0.0,0.0,0.0
2015-07-22,38.20000076293945,38.209999084472656,37.93000030517578,37.970001220703125,29.7950439453125,39326800,0.0,0.0,0.0
2015-07-23,37.95000076293945,37.97999954223633,37.56999969482422,37.599998474121094,29.504709243774414,42787700,0.0,0.0,0.0
2015-07-24,37.290000915527344,37.29999923706055,36.869998931884766,37.060001373291016,29.080968856811523,55194200,0.0,0.0,0.0
2015-07-27,36.439998626708984,36.58000183105469,36.27000045776367,36.36000061035156,28.531679153442383,73051800,0.0,0.0,0.0
2015-07-28,36.63999938964844,36.7599983215332,36.400001525878906,36.72999954223633,28.82201385498047,49701300,0.0,0.0,0.0
2015-07-29,36.81999969482422,37.25,36.709999084472656,37.09000015258789,29.104507446289062,61119900,0.0,0.0,0.0
2015-07-30,36.68000030517578,36.790000915527344,36.4900016784668,36.720001220703125,28.814176559448242,44051400,0.0,0.0,0.0
2015-07-31,37.06999969482422,37.2599983215332,36.970001220703125,37.119998931884766,29.128053665161133,85020500,0.0,0.0,0.0
2015-08-03,36.66999816894531,36.70000076293945,36.36000061035156,36.5,28.641542434692383,45674700,0.0,0.0,0.0
2015-08-04,36.810001373291016,36.93000030517578,36.52000045776367,36.630001068115234,28.743545532226562,38618400,0.0,0.0,0.0
2015-08-05,36.97999954223633,37.0099983215332,36.56999969482422,36.63999938964844,28.75139617919922,30785300,0.0,0.0,0.0
2015-08-06,36.45000076293945,36.470001220703125,36.220001220703125,36.31999969482422,28.50029182434082,42182300,0.0,0.0,0.0
2015-08-07,36.31999969482422,36.459999084472656,36.220001220703125,36.29999923706055,28.484600067138672,37027200,0.0,0.0,0.0
2015-08-10,36.52000045776367,36.9900016784668,36.47999954223633,36.90999984741211,28.963266372680664,43071900,0.0,0.0,0.0
2015-08-11,36.040000915527344,36.150001525878906,35.779998779296875,36.099998474121094,28.327655792236328,58642500,0.0,0.0,0.0
2015-08-12,35.45000076293945,35.54999923706055,35.25,35.540000915527344,27.888221740722656,64540000,0.0,0.0,0.0
2015-08-13,35.54999923706055,35.709999084472656,35.41999816894531,35.47999954223633,27.841144561767578,58165600,0.0,0.0,0.0
2015-08-14,35.56999969482422,35.68000030517578,35.4900016784668,35.529998779296875,27.8803768157959,35715200,0.0,0.0,0.0
2015-08-17,35.02000045776367,35.18000030517578,34.95000076293945,35.13999938964844,27.5743465423584,42609500,0.0,0.0,0.0
2015-08-18,34.75,34.849998474121094,34.63999938964844,34.7599983215332,27.276165008544922,42639500,0.0,0.0,0.0
2015-08-19,34.5,34.68000030517578,34.04999923706055,34.33000183105469,26.93874740600586,112308600,0.0,0.0,0.0
2015-08-20,33.869998931884766,33.970001220703125,33.70000076293945,33.790000915527344,26.515003204345703,116628600,0.0,0.0,0.0
2015-08-21,33.290000915527344,33.45000076293945,32.709999084472656,32.75,25.698917388916016,129140200,0.0,0.0,0.0
2015-08-24,30.530000686645508,32.220001220703125,30.0,31.31999969482422,24.576797485351562,218802300,0.0,0.0,0.0
2015-08-25,33.2599983215332,33.279998779296875,31.719999313354492,31.719999313354492,24.890674591064453,135001800,0.0,0.0,0.0
2015-08-26,32.5099983215332,32.900001525878906,31.90999984741211,32.77000045776367,25.714609146118164,134618500,0.0,0.0,0.0
2015-08-27,33.40999984741211,34.279998779296875,33.400001525878906,34.220001220703125,26.8524227142334,144856300,0.0,0.0,0.0
2015-08-28,33.70000076293945,34.0099983215332,33.59000015258789,33.779998779296875,26.507156372070312,68659200,0.0,0.0,0.0
2015-08-31,33.529998779296875,33.900001525878906,33.2400016784668,33.84000015258789,26.554235458374023,98538600,0.0,0.0,0.0
2015-09-01,32.810001373291016,33.02000045776367,32.36000061035156,32.529998779296875,25.526275634765625,83635900,0.0,0.0,0.0
2015-09-02,33.040000915527344,33.04999923706055,32.630001068115234,33.0,25.895084381103516,55551000,0.0,0.0,0.0
2015-09-03,33.060001373291016,33.56999969482422,33.0099983215332,33.130001068115234,25.997102737426758,67468200,0.0,0.0,0.0
2015-09-04,32.5099983215332,32.61000061035156,31.950000762939453,32.13999938964844,25.220247268676758,81962800,0.0,0.0,0.0
2015-09-08,33.02000045776367,33.209999084472656,32.86000061035156,33.15999984741211,26.020647048950195,53584300,0.0,0.0,0.0
2015-09-09,33.779998779296875,33.84000015258789,32.9900016784668,32.9900016784668,25.887243270874023,56389200,0.0,0.0,0.0
2015-09-10,33.08000183105469,33.529998779296875,33.0,33.33000183105469,26.15403938293457,49745400,0.0,0.0,0.0
2015-09-11,33.2400016784668,33.5,33.16999816894531,33.459999084472656,26.25605010986328,42195900,0.0,0.0,0.0
2015-09-14,33.349998474121094,33.45000076293945,33.150001525878906,33.40999984741211,26.21681785583496,39313800,0.0,0.0,0.0
2015-09-15,33.400001525878906,33.81999969482422,33.36000061035156,33.72999954223633,26.467924118041992,51913600,0.0,0.0,0.0
2015-09-16,34.279998779296875,34.689998626708984,34.22999954223633,34.54999923706055,27.111377716064453,85209600,0.0,0.0,0.0
2015-09-17,34.279998779296875,35.349998474121094,34.2599983215332,34.470001220703125,27.04859733581543,105902400,0.0,0.0,0.0
2015-09-18,34.130001068115234,34.380001068115234,33.689998626708984,33.83000183105469,26.54639434814453,90964900,0.0,0.0,0.0
2015-09-21,33.84000015258789,33.90999984741211,33.63999938964844,33.77000045776367,26.499311447143555,45318300,0.0,0.0,0.0
2015-09-22,33.040000915527344,33.16999816894531,32.880001068115234,33.13999938964844,26.004945755004883,58874100,0.0,0.0,0.0
2015-09-23,32.9900016784668,33.029998779296875,32.599998474121094,32.61000061035156,25.589054107666016,44721000,0.0,0.0,0.0
2015-09-24,32.099998474121094,32.630001068115234,31.940000534057617,32.470001220703125,25.47920036315918,79880800,0.0,0.0,0.0
2015-09-25,32.939998626708984,32.939998626708984,32.349998474121094,32.400001525878906,25.42426872253418,59861600,0.0,0.0,0.0
2015-09-28,32.13999938964844,32.150001525878906,31.610000610351562,31.709999084472656,24.882822036743164,58659500,0.0,0.0,0.0
2015-09-29,31.81999969482422,32.02000045776367,31.639999389648438,31.860000610351562,25.00053596496582,52829500,0.0,0.0,0.0
2015-09-30,32.689998626708984,32.849998474121094,32.47999954223633,32.779998779296875,25.722457885742188,80422200,0.0,0.0,0.0
2015-10-01,33.04999923706055,33.119998931884766,32.709999084472656,32.959999084472656,25.86370277404785,48402600,0.0,0.0,0.0
2015-10-02,32.810001373291016,33.849998474121094,32.689998626708984,33.84000015258789,26.554235458374023,83904700,0.0,0.0,0.0
2015-10-05,34.22999954223633,34.59000015258789,34.16999816894531,34.56999969482422,27.127071380615234,77869000,0.0,0.0,0.0
2015-10-06,34.45000076293945,34.59000015258789,34.31999969482422,34.5099983215332,27.079988479614258,47313400,0.0,0.0,0.0
2015-10-07,35.36000061035156,35.650001525878906,35.15999984741211,35.43000030517578,27.801912307739258,97905900,0.0,0.0,0.0
2015-10-08,35.220001220703125,35.86000061035156,35.18000030517578,35.810001373291016,28.10009765625,64163600,0.0,0.0,0.0
2015-10-09,36.16999816894531,36.2599983215332,35.77000045776367,35.939998626708984,28.202102661132812,61563400,0.0,0.0,0.0
2015-10-12,36.0,36.02000045776367,35.630001068115234,35.66999816894531,27.990234375,44030200,0.0,0.0,0.0
2015-10-13,35.25,35.54999923706055,35.060001373291016,35.09000015258789,27.535112380981445,72241600,0.0,0.0,0.0
2015-10-14,35.34000015258789,35.529998779296875,35.2400016784668,35.36000061035156,27.746978759765625,57724900,0.0,0.0,0.0
2015-10-15,35.939998626708984,36.2400016784668,35.72999954223633,36.220001220703125,28.421825408935547,60410800,0.0,0.0,0.0
2015-10-16,36.09000015258789,36.2599983215332,35.900001525878906,36.25,28.445363998413086,65003800,0.0,0.0,0.0
2015-10-19,35.869998931884766,35.900001525878906,35.70000076293945,35.880001068115234,28.1550235748291,52354600,0.0,0.0,0.0
2015-10-20,35.790000915527344,35.93000030517578,35.709999084472656,35.869998931884766,28.147174835205078,44212500,0.0,0.0,0.0
2015-10-21,35.63999938964844,35.66999816894531,35.33000183105469,35.349998474121094,27.7391300201416,55037000,0.0,0.0,0.0
2015-10-22,35.720001220703125,36.15999984741211,35.720001220703125,36.08000183105469,28.31196403503418,56963300,0.0,0.0,0.0
2015-10-23,36.349998474121094,36.41999816894531,36.150001525878906,36.290000915527344,28.476749420166016,53727000,0.0,0.0,0.0
2015-10-26,36.11000061035156,36.130001068115234,35.91999816894531,35.959999084472656,28.217798233032227,41789200,0.0,0.0,0.0
2015-10-27,35.58000183105469,35.709999084472656,35.470001220703125,35.54999923706055,27.896074295043945,56392800,0.0,0.0,0.0
2015-10-28,35.630001068115234,35.79999923706055,34.939998626708984,35.13999938964844,27.5743465423584,125416000,0.0,0.0,0.0
2015-10-29,34.79999923706055,34.970001220703125,34.7400016784668,34.810001373291016,27.315399169921875,63886000,0.0,0.0,0.0
2015-10-30,35.06999969482422,35.08000183105469,34.849998474121094,34.869998931884766,27.362478256225586,72076000,0.0,0.0,0.0
2015-11-02,35.16999816894531,35.560001373291016,35.150001525878906,35.560001373291016,27.903921127319336,51896500,0.0,0.0,0.0
2015-11-03,35.459999084472656,36.16999816894531,35.45000076293945,36.029998779296875,28.272733688354492,68335400,0.0,0.0,0.0
2015-11-04,36.25,36.27000045776367,35.630001068115234,35.7400016784668,28.045166015625,69243600,0.0,0.0,0.0
2015-11-05,35.709999084472656,35.91999816894531,35.56999969482422,35.79999923706055,28.092247009277344,43303000,0.0,0.0,0.0
2015-11-06,35.0099983215332,35.349998474121094,34.81999969482422,35.29999923706055,27.69989585876465,65547200,0.0,0.0,0.0
2015-11-09,34.790000915527344,34.90999984741211,34.34000015258789,34.41999816894531,27.009363174438477,76448600,0.0,0.0,0.0
2015-11-10,34.27000045776367,34.36000061035156,34.119998931884766,34.27000045776367,26.89165496826172,53876200,0.0,0.0,0.0
2015-11-11,34.540000915527344,34.54999923706055,34.279998779296875,34.34000015258789,26.946590423583984,34433100,0.0,0.0,0.0
2015-11-12,34.189998626708984,34.41999816894531,33.97999954223633,34.0099983215332,26.687633514404297,53097900,0.0,0.0,0.0
2015-11-13,33.779998779296875,33.810001373291016,33.439998626708984,33.540000915527344,26.31882667541504,72046800,0.0,0.0,0.0
2015-11-16,33.63999938964844,34.20000076293945,33.58000183105469,34.189998626708984,26.82887840270996,61895300,0.0,0.0,0.0
2015-11-17,34.2400016784668,34.29999923706055,34.029998779296875,34.09000015258789,26.750410079956055,58447500,0.0,0.0,0.0
2015-11-18,34.04999923706055,34.5,34.02000045776367,34.459999084472656,27.04074478149414,48166100,0.0,0.0,0.0
2015-11-19,34.68000030517578,34.86000061035156,34.619998931884766,34.77000045776367,27.284006118774414,68973900,0.0,0.0,0.0
2015-11-20,35.11000061035156,35.29999923706055,35.0099983215332,35.119998931884766,27.55864715576172,73122400,0.0,0.0,0.0
2015-11-23,34.970001220703125,35.040000915527344,34.7599983215332,34.790000915527344,27.299701690673828,55352100,0.0,0.0,0.0
2015-11-24,34.560001373291016,35.029998779296875,34.529998779296875,34.970001220703125,27.44094467163086,62017500,0.0,0.0,0.0
2015-11-25,34.75,34.779998779296875,34.56999969482422,34.70000076293945,27.229076385498047,37938300,0.0,0.0,0.0
2015-11-27,34.2400016784668,34.25,33.900001525878906,33.939998626708984,26.632709503173828,54817200,0.0,0.0,0.0
2015-11-30,33.849998474121094,34.029998779296875,33.77000045776367,33.9900016784668,26.67194175720215,91134900,0.0,0.0,0.0
2015-12-01,34.15999984741211,34.29999923706055,34.09000015258789,34.25,26.875961303710938,56692100,0.0,0.0,0.0
2015-12-02,34.04999923706055,34.099998474121094,33.70000076293945,33.84000015258789,26.554235458374023,59091000,0.0,0.0,0.0
2015-12-03,33.970001220703125,33.9900016784668,33.52000045776367,33.650001525878906,26.405147552490234,52692500,0.0,0.0,0.0
2015-12-04,33.369998931884766,33.939998626708984,33.369998931884766,33.880001068115234,26.58561897277832,79516400,0.0,0.0,0.0
2015-12-07,33.560001373291016,33.58000183105469,33.22999954223633,33.31999969482422,26.146194458007812,47613100,0.0,0.0,0.0
2015-12-08,32.63999938964844,32.97999954223633,32.560001373291016,32.95000076293945,25.85585594177246,71352200,0.0,0.0,0.0
2015-12-09,32.849998474121094,33.189998626708984,32.599998474121094,32.68000030517578,25.643991470336914,66422800,0.0,0.0,0.0
2015-12-10,32.59000015258789,32.720001220703125,32.38999938964844,32.459999084472656,25.471351623535156,59281000,0.0,0.0,0.0
2015-12-11,31.790000915527344,31.829999923706055,31.5,31.549999237060547,24.757272720336914,89806000,0.0,0.0,0.0
2015-12-14,31.8799991607666,32.08000183105469,31.59000015258789,32.060001373291016,25.1574764251709,83798000,0.0,0.0,0.0
2015-12-15,32.459999084472656,32.68000030517578,32.45000076293945,32.54999923706055,25.541976928710938,78124300,0.0,0.0,0.0
2015-12-16,32.79999923706055,33.36000061035156,32.65999984741211,33.189998626708984,26.044179916381836,105082200,0.0,0.0,0.0
2015-12-17,33.209999084472656,33.2400016784668,32.7599983215332,32.7599983215332,25.706762313842773,93646700,0.0,0.0,0.0
2015-12-18,32.77000045776367,32.86000061035156,32.58000183105469,32.650001525878906,25.620447158813477,96868900,0.0,0.0,0.0
2015-12-21,32.459999084472656,32.4900016784668,32.16999816894531,32.400001525878906,25.82047462463379,64002400,0.501,0.0,0.0
2015-12-22,32.40999984741211,32.66999816894531,32.369998931884766,32.65999984741211,26.027677536010742,49664600,0.0,0.0,0.0
2015-12-23,32.90999984741211,33.150001525878906,32.900001525878906,33.119998931884766,26.39426612854004,47464000,0.0,0.0,0.0
2015-12-24,32.93000030517578,33.060001373291016,32.90999984741211,33.0,26.298625946044922,21532700,0.0,0.0,0.0
2015-12-28,32.7400016784668,32.790000915527344,32.630001068115234,32.77000045776367,26.115337371826172,38299200,0.0,0.0,0.0
2015-12-29,32.86000061035156,32.93000030517578,32.7599983215332,32.79999923706055,26.139244079589844,43931500,0.0,0.0,0.0
2015-12-30,32.47999954223633,32.529998779296875,32.27000045776367,32.290000915527344,25.732812881469727,51320000,0.0,0.0,0.0
2015-12-31,32.290000915527344,32.41999816894531,32.18000030517578,32.189998626708984,25.653118133544922,44184700,0.0,0.0,0.0
2016-01-04,31.350000381469727,31.3799991607666,31.049999237060547,31.309999465942383,24.951820373535156,83489100,0.0,0.0,0.0
2016-01-05,31.450000762939453,31.5,31.299999237060547,31.3799991607666,25.00760269165039,57773900,0.0,0.0,0.0
2016-01-06,30.790000915527344,30.989999771118164,30.65999984741211,30.780000686645508,24.529451370239258,65835100,0.0,0.0,0.0
2016-01-07,29.989999771118164,30.40999984741211,29.809999465942383,29.829999923706055,23.772363662719727,88974700,0.0,0.0,0.0
2016-01-08,30.030000686645508,30.139999389648438,29.5,29.510000228881836,23.517353057861328,73528000,0.0,0.0,0.0
2016-01-11,29.790000915527344,29.809999465942383,29.229999542236328,29.5,23.509380340576172,56225500,0.0,0.0,0.0
2016-01-12,29.709999084472656,29.850000381469727,29.350000381469727,29.559999465942383,23.55719757080078,61357500,0.0,0.0,0.0
2016-01-13,29.899999618530273,30.0,29.18000030517578,29.25,23.310150146484375,71788700,0.0,0.0,0.0
2016-01-14,29.280000686645508,29.739999771118164,29.059999465942383,29.6299991607666,23.61298370361328,65521200,0.0,0.0,0.0
2016-01-15,28.469999313354492,28.649999618530273,28.079999923706055,28.459999084472656,22.680574417114258,117573900,0.0,0.0,0.0
2016-01-19,29.200000762939453,29.239999771118164,28.65999984741211,28.8799991607666,23.015287399291992,79535100,0.0,0.0,0.0
2016-01-20,28.170000076293945,28.459999084472656,27.610000610351562,28.25,22.513219833374023,103223500,0.0,0.0,0.0
2016-01-21,28.239999771118164,28.729999542236328,28.030000686645508,28.360000610351562,22.600881576538086,81845900,0.0,0.0,0.0
2016-01-22,29.260000228881836,29.34000015258789,29.059999465942383,29.329999923706055,23.373903274536133,75886600,0.0,0.0,0.0
2016-01-25,29.1299991607666,29.25,28.809999465942383,28.829999923706055,22.975440979003906,59623300,0.0,0.0,0.0
2016-01-26,28.989999771118164,29.299999237060547,28.940000534057617,29.25,23.310150146484375,60020100,0.0,0.0,0.0
2016-01-27,29.239999771118164,29.559999465942383,28.950000762939453,29.149999618530273,23.23045539855957,74020200,0.0,0.0,0.0
2016-01-28,29.719999313354492,29.790000915527344,29.360000610351562,29.610000610351562,23.597043991088867,84739900,0.0,0.0,0.0
2016-01-29,30.079999923706055,30.600000381469727,30.049999237060547,30.56999969482422,24.36209487915039,81973800,0.0,0.0,0.0
2016-02-01,30.059999465942383,30.3700008392334,29.979999542236328,30.280000686645508,24.1309871673584,43254600,0.0,0.0,0.0
2016-02-02,29.780000686645508,29.81999969482422,29.219999313354492,29.299999237060547,23.349992752075195,75516000,0.0,0.0,0.0
2016-02-03,29.610000610351562,30.149999618530273,29.1200008392334,30.1299991607666,24.011444091796875,117143200,0.0,0.0,0.0
2016-02-04,30.360000610351562,30.739999771118164,30.170000076293945,30.360000610351562,24.194738388061523,99923300,0.0,0.0,0.0
2016-02-05,30.239999771118164,30.34000015258789,29.889999389648438,30.010000228881836,23.915813446044922,70370700,0.0,0.0,0.0
2016-02-08,29.549999237060547,29.739999771118164,29.25,29.600000381469727,23.589078903198242,72716800,0.0,0.0,0.0
2016-02-09,29.040000915527344,29.530000686645508,28.889999389648438,29.190000534057617,23.262332916259766,67275700,0.0,0.0,0.0
2016-02-10,29.520000457763672,29.850000381469727,29.299999237060547,29.309999465942383,23.35796356201172,67192400,0.0,0.0,0.0
2016-02-11,28.719999313354492,29.020000457763672,28.600000381469727,28.81999969482422,22.96746826171875,86795500,0.0,0.0,0.0
2016-02-12,29.06999969482422,29.329999923706055,28.93000030517578,29.31999969482422,23.36593246459961,68436000,0.0,0.0,0.0
2016-02-16,29.8700008392334,30.010000228881836,29.739999771118164,29.969999313354492,23.883935928344727,54396200,0.0,0.0,0.0
2016-02-17,30.239999771118164,30.6299991607666,30.209999084472656,30.559999465942383,24.354124069213867,69297600,0.0,0.0,0.0
2016-02-18,30.670000076293945,30.670000076293945,30.309999465942383,30.3799991607666,24.210678100585938,59141200,0.0,0.0,0.0
2016-02-19,30.190000534057617,30.389999389648438,30.079999923706055,30.239999771118164,24.099111557006836,59069000,0.0,0.0,0.0
2016-02-22,30.75,30.989999771118164,30.700000762939453,30.989999771118164,24.696807861328125,42673400,0.0,0.0,0.0
2016-02-23,30.639999389648438,30.690000534057617,30.290000915527344,30.329999923706055,24.170833587646484,54666100,0.0,0.0,0.0
2016-02-24,29.84000015258789,30.3700008392334,29.670000076293945,30.260000228881836,24.115047454833984,59334200,0.0,0.0,0.0
2016-02-25,30.219999313354492,30.399999618530273,30.0,30.360000610351562,24.194738388061523,45895100,0.0,0.0,0.0
2016-02-26,30.559999465942383,30.579999923706055,30.030000686645508,30.059999465942383,23.955657958984375,54635600,0.0,0.0,0.0
2016-02-29,30.360000610351562,30.610000610351562,30.290000915527344,30.31999969482422,24.162866592407227,65543100,0.0,0.0,0.0
2016-03-01,30.899999618530273,31.420000076293945,30.889999389648438,31.399999618530273,25.02354621887207,69324500,0.0,0.0,0.0
2016-03-02,31.440000534057617,31.84000015258789,31.3700008392334,31.81999969482422,25.358257293701172,66977500,0.0,0.0,0.0
2016-03-03,31.850000381469727,32.189998626708984,31.809999465942383,32.18000030517578,25.64514923095703,69856900,0.0,0.0,0.0
2016-03-04,32.4900016784668,32.959999084472656,32.40999984741211,32.81999969482422,26.155181884765625,102487700,0.0,0.0,0.0
2016-03-07,32.5,32.93000030517578,32.470001220703125,32.77000045776367,26.115337371826172,67816600,0.0,0.0,0.0
2016-03-08,32.369998931884766,32.41999816894531,32.09000015258789,32.209999084472656,25.66905403137207,50510100,0.0,0.0,0.0
2016-03-09,32.41999816894531,32.59000015258789,32.310001373291016,32.40999984741211,25.82844352722168,54890300,0.0,0.0,0.0
2016-03-10,32.599998474121094,32.65999984741211,31.989999771118164,32.459999084472656,25.868289947509766,69716400,0.0,0.0,0.0
2016-03-11,32.95000076293945,33.209999084472656,32.90999984741211,33.13999938964844,26.41019630432129,74998500,0.0,0.0,0.0
2016-03-14,33.029998779296875,33.150001525878906,32.849998474121094,32.939998626708984,26.250808715820312,43838500,0.0,0.0,0.0
2016-03-15,32.439998626708984,32.47999954223633,32.290000915527344,32.470001220703125,25.876258850097656,66967800,0.0,0.0,0.0
2016-03-16,32.209999084472656,33.209999084472656,32.20000076293945,33.119998931884766,26.39426612854004,98218500,0.0,0.0,0.0
2016-03-17,33.56999969482422,33.93000030517578,33.400001525878906,33.849998474121094,26.976011276245117,114746800,0.0,0.0,0.0
2016-03-18,34.02000045776367,34.189998626708984,33.9900016784668,34.029998779296875,27.119461059570312,102194600,0.0,0.0,0.0
2016-03-21,33.9900016784668,34.18000030517578,33.939998626708984,34.099998474121094,27.175254821777344,59921400,0.0,0.0,0.0
2016-03-22,33.79999923706055,34.15999984741211,33.790000915527344,34.02000045776367,27.111501693725586,41960900,0.0,0.0,0.0
2016-03-23,33.7400016784668,33.7400016784668,33.400001525878906,33.439998626708984,26.64927101135254,58628500,0.0,0.0,0.0
2016-03-24,33.08000183105469,33.369998931884766,33.0,33.36000061035156,26.585529327392578,61479100,0.0,0.0,0.0
2016-03-28,33.380001068115234,33.47999954223633,33.31999969482422,33.470001220703125,26.67318344116211,40595500,0.0,0.0,0.0
2016-03-29,33.470001220703125,33.939998626708984,33.20000076293945,33.93000030517578,27.03977394104004,81638800,0.0,0.0,0.0
2016-03-30,34.439998626708984,34.58000183105469,34.27000045776367,34.279998779296875,27.318695068359375,53128600,0.0,0.0,0.0
2016-03-31,34.400001525878906,34.5099983215332,34.150001525878906,34.25,27.294788360595703,109595100,0.0,0.0,0.0
2016-04-01,33.52000045776367,34.209999084472656,33.41999816894531,34.150001525878906,27.21509552001953,76178800,0.0,0.0,0.0
2016-04-04,34.130001068115234,34.13999938964844,33.709999084472656,33.7400016784668,26.888362884521484,46429000,0.0,0.0,0.0
2016-04-05,33.209999084472656,33.31999969482422,33.02000045776367,33.08000183105469,26.36239242553711,61660900,0.0,0.0,0.0
2016-04-06,32.9900016784668,33.4900016784668,32.900001525878906,33.47999954223633,26.6811580657959,56608700,0.0,0.0,0.0
2016-04-07,33.040000915527344,33.11000061035156,32.72999954223633,32.810001373291016,26.147216796875,75406000,0.0,0.0,0.0
2016-04-08,33.529998779296875,33.56999969482422,33.25,33.380001068115234,26.601457595825195,44785200,0.0,0.0,0.0
2016-04-11,33.93000030517578,34.04999923706055,33.7599983215332,33.810001373291016,26.944143295288086,63972000,0.0,0.0,0.0
2016-04-12,33.810001373291016,34.439998626708984,33.779998779296875,34.33000183105469,27.358552932739258,70261600,0.0,0.0,0.0
2016-04-13,34.880001068115234,34.959999084472656,34.72999954223633,34.939998626708984,27.844669342041016,95376400,0.0,0.0,0.0
2016-04-14,34.880001068115234,34.90999984741211,34.720001220703125,34.77000045776367,27.70919418334961,49781400,0.0,0.0,0.0
2016-04-15,34.72999954223633,34.790000915527344,34.56999969482422,34.56999969482422,27.549814224243164,61733700,0.0,0.0,0.0
2016-04-18,34.45000076293945,34.900001525878906,34.380001068115234,34.72999954223633,27.677316665649414,51810600,0.0,0.0,0.0
2016-04-19,35.06999969482422,35.34000015258789,35.029998779296875,35.2599983215332,28.099687576293945,70368800,0.0,0.0,0.0
2016-04-20,34.97999954223633,35.279998779296875,34.849998474121094,35.099998474121094,27.97218132019043,51670100,0.0,0.0,0.0
2016-04-21,35.0099983215332,35.0099983215332,34.68000030517578,34.75,27.693256378173828,59286600,0.0,0.0,0.0
2016-04-22,34.61000061035156,34.849998474121094,34.5099983215332,34.540000915527344,27.525901794433594,43727100,0.0,0.0,0.0
2016-04-25,34.52000045776367,34.52000045776367,34.27000045776367,34.31999969482422,27.350576400756836,40116100,0.0,0.0,0.0
2016-04-26,34.58000183105469,34.70000076293945,34.47999954223633,34.689998626708984,27.64543914794922,46394300,0.0,0.0,0.0
2016-04-27,34.54999923706055,34.959999084472656,34.45000076293945,34.900001525878906,27.812795639038086,56192100,0.0,0.0,0.0
2016-04-28,34.54999923706055,34.849998474121094,34.459999084472656,34.540000915527344,27.525901794433594,51718900,0.0,0.0,0.0
2016-04-29,34.540000915527344,34.58000183105469,34.11000061035156,34.38999938964844,27.406360626220703,86482700,0.0,0.0,0.0
2016-05-02,34.38999938964844,34.400001525878906,34.13999938964844,34.29999923706055,27.334638595581055,36887000,0.0,0.0,0.0
2016-05-03,33.650001525878906,33.709999084472656,33.31999969482422,33.33000183105469,26.561616897583008,94755400,0.0,0.0,0.0
2016-05-04,33.119998931884766,33.18000030517578,32.77000045776367,32.790000915527344,26.13127899169922,105838400,0.0,0.0,0.0
2016-05-05,33.11000061035156,33.150001525878906,32.68000030517578,32.779998779296875,26.123308181762695,83029500,0.0,0.0,0.0
2016-05-06,32.66999816894531,32.970001220703125,32.650001525878906,32.83000183105469,26.16315460205078,81640000,0.0,0.0,0.0
2016-05-09,32.7599983215332,32.77000045776367,32.31999969482422,32.40999984741211,25.82844352722168,84074300,0.0,0.0,0.0
2016-05-10,32.77000045776367,33.04999923706055,32.7599983215332,33.029998779296875,26.32253646850586,69384400,0.0,0.0,0.0
2016-05-11,33.0,33.18000030517578,32.869998931884766,32.95000076293945,26.2587833404541,58600300,0.0,0.0,0.0
2016-05-12,33.13999938964844,33.20000076293945,32.7400016784668,32.86000061035156,26.187061309814453,63469800,0.0,0.0,0.0
2016-05-13,32.58000183105469,32.720001220703125,32.209999084472656,32.27000045776367,25.716873168945312,62246800,0.0,0.0,0.0
2016-05-16,32.59000015258789,32.77000045776367,32.58000183105469,32.65999984741211,26.027677536010742,51206600,0.0,0.0,0.0
2016-05-17,32.59000015258789,32.7400016784668,32.41999816894531,32.5099983215332,25.90813446044922,63616400,0.0,0.0,0.0
2016-05-18,32.290000915527344,32.630001068115234,32.0099983215332,32.189998626708984,25.653118133544922,91541300,0.0,0.0,0.0
2016-05-19,31.920000076293945,32.0,31.700000762939453,31.889999389648438,25.414037704467773,74455000,0.0,0.0,0.0
2016-05-20,32.189998626708984,32.29999923706055,32.150001525878906,32.209999084472656,25.66905403137207,54928300,0.0,0.0,0.0
2016-05-23,32.13999938964844,32.349998474121094,32.119998931884766,32.150001525878906,25.621240615844727,52648200,0.0,0.0,0.0
2016-05-24,32.31999969482422,32.54999923706055,32.290000915527344,32.47999954223633,25.884227752685547,58219200,0.0,0.0,0.0
2016-05-25,32.790000915527344,33.02000045776367,32.77000045776367,32.869998931884766,26.195030212402344,53340200,0.0,0.0,0.0
2016-05-26,33.130001068115234,33.189998626708984,32.90999984741211,33.09000015258789,26.370351791381836,48215100,0.0,0.0,0.0
2016-05-27,33.209999084472656,33.279998779296875,32.9900016784668,33.08000183105469,26.36239242553711,43342900,0.0,0.0,0.0
2016-05-31,33.15999984741211,33.29999923706055,33.029998779296875,33.119998931884766,26.39426612854004,94760100,0.0,0.0,0.0
2016-06-01,32.9900016784668,33.16999816894531,32.90999984741211,33.099998474121094,26.37832260131836,52115100,0.0,0.0,0.0
2016-06-02,33.06999969482422,33.40999984741211,33.02000045776367,33.369998931884766,26.593494415283203,48252500,0.0,0.0,0.0
2016-06-03,33.779998779296875,33.900001525878906,33.52000045776367,33.880001068115234,26.999923706054688,89424800,0.0,0.0,0.0
2016-06-06,34.0099983215332,34.29999923706055,33.97999954223633,34.2400016784668,27.28681755065918,110069500,0.0,0.0,0.0
2016-06-07,34.459999084472656,34.59000015258789,34.43000030517578,34.54999923706055,27.533872604370117,59934000,0.0,0.0,0.0
2016-06-08,34.779998779296875,34.86000061035156,34.65999984741211,34.79999923706055,27.73309898376465,75850100,0.0,0.0,0.0
2016-06-09,34.33000183105469,34.47999954223633,34.279998779296875,34.400001525878906,27.414331436157227,54934300,0.0,0.0,0.0
2016-06-10,33.70000076293945,33.849998474121094,33.45000076293945,33.529998779296875,26.72100067138672,77417500,0.0,0.0,0.0
2016-06-13,33.09000015258789,33.369998931884766,33.02000045776367,33.060001373291016,26.346450805664062,56865500,0.0,0.0,0.0
2016-06-14,32.959999084472656,33.119998931884766,32.68000030517578,32.95000076293945,26.2587833404541,71023800,0.0,0.0,0.0
2016-06-15,33.290000915527344,33.59000015258789,33.18000030517578,33.29999923706055,26.537708282470703,64707000,0.0,0.0,0.0
2016-06-16,32.70000076293945,33.209999084472656,32.4900016784668,33.18000030517578,26.44207763671875,73981900,0.0,0.0,0.0
2016-06-17,33.2400016784668,33.290000915527344,33.02000045776367,33.27000045776367,26.51380157470703,56740400,0.0,0.0,0.0
2016-06-20,33.900001525878906,34.08000183105469,33.83000183105469,33.86000061035156,26.98398780822754,78204200,0.0,0.0,0.0
2016-06-21,34.02000045776367,34.220001220703125,33.83000183105469,34.119998931884766,27.191190719604492,75173100,0.0,0.0,0.0
2016-06-22,34.08000183105469,34.15999984741211,33.880001068115234,33.939998626708984,27.260263442993164,67273500,0.266,0.0,0.0
2016-06-23,34.400001525878906,34.7599983215332,34.25,34.7599983215332,27.91888427734375,70159900,0.0,0.0,0.0
2016-06-24,32.7599983215332,33.459999084472656,32.56999969482422,32.650001525878906,26.224151611328125,158566000,0.0,0.0,0.0
2016-06-27,32.5,32.5099983215332,31.889999389648438,32.22999954223633,25.886808395385742,101826000,0.0,0.0,0.0
2016-06-28,33.0,33.20000076293945,32.880001068115234,33.18000030517578,26.649839401245117,68332900,0.0,0.0,0.0
2016-06-29,33.81999969482422,34.02000045776367,33.7599983215332,34.02000045776367,27.32452392578125,82587300,0.0,0.0,0.0
2016-06-30,34.16999816894531,34.45000076293945,34.0099983215332,34.36000061035156,27.59760856628418,92761700,0.0,0.0,0.0
2016-07-01,34.619998931884766,34.75,34.540000915527344,34.689998626708984,27.862655639648438,66514800,0.0,0.0,0.0
2016-07-05,34.209999084472656,34.2400016784668,33.900001525878906,33.95000076293945,27.268295288085938,63420200,0.0,0.0,0.0
2016-07-06,33.4900016784668,33.86000061035156,33.33000183105469,33.86000061035156,27.196006774902344,61084500,0.0,0.0,0.0
2016-07-07,34.02000045776367,34.119998931884766,33.66999816894531,33.77000045776367,27.12372589111328,49586800,0.0,0.0,0.0
2016-07-08,34.150001525878906,34.5099983215332,34.11000061035156,34.5,27.710046768188477,74907900,0.0,0.0,0.0
2016-07-11,34.790000915527344,34.95000076293945,34.77000045776367,34.83000183105469,27.975101470947266,70202000,0.0,0.0,0.0
2016-07-12,35.290000915527344,35.43000030517578,35.189998626708984,35.31999969482422,28.368661880493164,89275200,0.0,0.0,0.0
2016-07-13,35.33000183105469,35.349998474121094,35.029998779296875,35.2599983215332,28.32047462463379,62034300,0.0,0.0,0.0
2016-07-14,35.650001525878906,35.869998931884766,35.56999969482422,35.77000045776367,28.730098724365234,99969200,0.0,0.0,0.0
2016-07-15,35.7400016784668,35.77000045776367,35.54999923706055,35.689998626708984,28.66584587097168,82124300,0.0,0.0,0.0
2016-07-18,35.58000183105469,36.02000045776367,35.58000183105469,36.0099983215332,28.922863006591797,75861700,0.0,0.0,0.0
2016-07-19,35.689998626708984,35.7599983215332,35.52000045776367,35.63999938964844,28.625688552856445,54832700,0.0,0.0,0.0
2016-07-20,35.720001220703125,35.900001525878906,35.619998931884766,35.81999969482422,28.770259857177734,48091500,0.0,0.0,0.0
2016-07-21,35.7400016784668,35.88999938964844,35.61000061035156,35.709999084472656,28.68191146850586,56354300,0.0,0.0,0.0
2016-07-22,35.83000183105469,35.97999954223633,35.720001220703125,35.970001220703125,28.8907413482666,45498600,0.0,0.0,0.0
2016-07-25,35.84000015258789,35.849998474121094,35.58000183105469,35.61000061035156,28.601593017578125,44174100,0.0,0.0,0.0
2016-07-26,35.810001373291016,35.959999084472656,35.7599983215332,35.88999938964844,28.826478958129883,63593800,0.0,0.0,0.0
2016-07-27,35.95000076293945,36.119998931884766,35.650001525878906,36.0099983215332,28.922863006591797,67888600,0.0,0.0,0.0
2016-07-28,35.95000076293945,36.02000045776367,35.790000915527344,36.02000045776367,28.930898666381836,45590000,0.0,0.0,0.0
2016-07-29,36.029998779296875,36.25,35.869998931884766,36.209999084472656,29.083505630493164,85265700,0.0,0.0,0.0
2016-08-01,36.29999923706055,36.36000061035156,36.09000015258789,36.13999938964844,29.027278900146484,57794000,0.0,0.0,0.0
2016-08-02,36.08000183105469,36.16999816894531,35.619998931884766,35.880001068115234,28.818449020385742,81854600,0.0,0.0,0.0
2016-08-03,35.630001068115234,36.02000045776367,35.54999923706055,36.0,28.914838790893555,42844900,0.0,0.0,0.0
2016-08-04,36.099998474121094,36.349998474121094,36.02000045776367,36.20000076293945,29.07547378540039,70532500,0.0,0.0,0.0
2016-08-05,36.459999084472656,36.65999984741211,36.36000061035156,36.619998931884766,29.412813186645508,55760000,0.0,0.0,0.0
2016-08-08,36.86000061035156,36.959999084472656,36.81999969482422,36.880001068115234,29.621641159057617,43636800,0.0,0.0,0.0
2016-08-09,37.02000045776367,37.279998779296875,37.0099983215332,37.130001068115234,29.82243537902832,65823600,0.0,0.0,0.0
2016-08-10,37.31999969482422,37.34000015258789,37.029998779296875,37.13999938964844,29.830467224121094,59111700,0.0,0.0,0.0
2016-08-11,37.290000915527344,37.63999938964844,37.2400016784668,37.619998931884766,30.215999603271484,82544300,0.0,0.0,0.0
2016-08-12,37.5,37.599998474121094,37.33000183105469,37.47999954223633,30.10355567932129,54790400,0.0,0.0,0.0
2016-08-15,37.7599983215332,37.97999954223633,37.75,37.869998931884766,30.41680335998535,55160100,0.0,0.0,0.0
2016-08-16,37.790000915527344,37.790000915527344,37.56999969482422,37.70000076293945,30.280258178710938,62084000,0.0,0.0,0.0
2016-08-17,37.40999984741211,37.560001373291016,37.099998474121094,37.459999084472656,30.087495803833008,106432500,0.0,0.0,0.0
2016-08-18,37.70000076293945,37.83000183105469,37.599998474121094,37.810001373291016,30.368608474731445,63045700,0.0,0.0,0.0
2016-08-19,37.400001525878906,37.630001068115234,37.2400016784668,37.599998474121094,30.199939727783203,63995700,0.0,0.0,0.0
2016-08-22,37.25,37.25,36.9900016784668,37.099998474121094,29.7983455657959,62902100,0.0,0.0,0.0
2016-08-23,37.41999816894531,37.5,36.91999816894531,36.95000076293945,29.6778621673584,72475000,0.0,0.0,0.0
2016-08-24,36.88999938964844,37.099998474121094,36.81999969482422,37.04999923706055,29.758174896240234,75080700,0.0,0.0,0.0
2016-08-25,36.90999984741211,37.099998474121094,36.90999984741211,37.08000183105469,29.78227996826172,56434300,0.0,0.0,0.0
2016-08-26,37.15999984741211,37.54999923706055,36.470001220703125,36.7599983215332,29.525259017944336,178796200,0.0,0.0,0.0
2016-08-29,36.7599983215332,37.09000015258789,36.7400016784668,37.040000915527344,29.75014877319336,49578800,0.0,0.0,0.0
2016-08-30,37.09000015258789,37.220001220703125,36.880001068115234,36.939998626708984,29.669828414916992,48196900,0.0,0.0,0.0
2016-08-31,36.75,36.790000915527344,36.41999816894531,36.529998779296875,29.340524673461914,98943200,0.0,0.0,0.0
2016-09-01,36.56999969482422,36.810001373291016,36.47999954223633,36.810001373291016,29.565420150756836,67120400,0.0,0.0,0.0
2016-09-02,37.310001373291016,37.43000030517578,37.150001525878906,37.40999984741211,30.047334671020508,88393000,0.0,0.0,0.0
2016-09-06,37.90999984741211,38.2400016784668,37.83000183105469,38.209999084472656,30.689882278442383,108573800,0.0,0.0,0.0
2016-09-07,38.220001220703125,38.2400016784668,38.0099983215332,38.09000015258789,30.593505859375,58618800,0.0,0.0,0.0
2016-09-08,38.099998474121094,38.209999084472656,37.900001525878906,37.9900016784668,30.513193130493164,73367300,0.0,0.0,0.0
2016-09-09,37.400001525878906,37.40999984741211,36.689998626708984,36.709999084472656,29.4851016998291,124082600,0.0,0.0,0.0
2016-09-12,36.209999084472656,37.099998474121094,36.13999938964844,36.959999084472656,29.68589973449707,119811600,0.0,0.0,0.0
2016-09-13,36.40999984741211,36.54999923706055,35.849998474121094,36.029998779296875,28.938936233520508,160782500,0.0,0.0,0.0
2016-09-14,36.150001525878906,36.540000915527344,36.119998931884766,36.13999938964844,29.027278900146484,90163100,0.0,0.0,0.0
2016-09-15,36.400001525878906,36.849998474121094,36.2400016784668,36.7599983215332,29.525259017944336,87331100,0.0,0.0,0.0
2016-09-16,36.459999084472656,36.560001373291016,36.16999816894531,36.5099983215332,29.324459075927734,92612000,0.0,0.0,0.0
2016-09-19,36.970001220703125,37.099998474121094,36.7400016784668,36.79999923706055,29.557392120361328,55874700,0.0,0.0,0.0
2016-09-20,37.09000015258789,37.09000015258789,36.810001373291016,36.81999969482422,29.573455810546875,48531200,0.0,0.0,0.0
2016-09-21,37.18000030517578,37.900001525878906,37.06999969482422,37.849998474121094,30.40074348449707,123874800,0.0,0.0,0.0
2016-09-22,38.18000030517578,38.31999969482422,37.97999954223633,38.119998931884766,30.61760139465332,73865400,0.0,0.0,0.0
2016-09-23,37.810001373291016,37.90999984741211,37.61000061035156,37.630001068115234,30.224029541015625,56201900,0.0,0.0,0.0
2016-09-26,37.290000915527344,37.380001068115234,37.08000183105469,37.08000183105469,29.78227996826172,47253900,0.0,0.0,0.0
2016-09-27,37.349998474121094,37.61000061035156,37.189998626708984,37.61000061035156,30.207958221435547,60877300,0.0,0.0,0.0
2016-09-28,37.66999816894531,37.97999954223633,37.33000183105469,37.95000076293945,30.48105239868164,82411300,0.0,0.0,0.0
2016-09-29,37.75,37.849998474121094,37.18000030517578,37.290000915527344,29.95095443725586,74659100,0.0,0.0,0.0
2016-09-30,37.459999084472656,37.59000015258789,37.279998779296875,37.45000076293945,30.07946014404297,85539100,0.0,0.0,0.0
2016-10-03,37.529998779296875,37.779998779296875,37.380001068115234,37.709999084472656,30.28829574584961,77690300,0.0,0.0,0.0
2016-10-04,37.72999954223633,37.81999969482422,37.16999816894531,37.290000915527344,29.95095443725586,95339800,0.0,0.0,0.0
2016-10-05,37.66999816894531,37.880001068115234,37.54999923706055,37.83000183105469,30.38467788696289,61950100,0.0,0.0,0.0
2016-10-06,37.630001068115234,37.88999938964844,37.540000915527344,37.86000061035156,30.408771514892578,45429700,0.0,0.0,0.0
2016-10-07,37.90999984741211,37.959999084472656,37.400001525878906,37.689998626708984,30.272228240966797,77792800,0.0,0.0,0.0
2016-10-10,37.939998626708984,38.189998626708984,37.880001068115234,38.099998474121094,30.601530075073242,56113700,0.0,0.0,0.0
2016-10-11,37.439998626708984,37.459999084472656,37.029998779296875,37.220001220703125,29.894723892211914,79646900,0.0,0.0,0.0
2016-10-12,37.099998474121094,37.279998779296875,36.97999954223633,37.150001525878906,29.83850860595703,48482900,0.0,0.0,0.0
2016-10-13,36.58000183105469,36.959999084472656,36.380001068115234,36.81999969482422,29.573455810546875,67497300,0.0,0.0,0.0
2016-10-14,37.130001068115234,37.209999084472656,36.810001373291016,36.880001068115234,29.621641159057617,54235800,0.0,0.0,0.0
2016-10-17,36.83000183105469,36.97999954223633,36.79999923706055,36.84000015258789,29.589513778686523,37742300,0.0,0.0,0.0
2016-10-18,37.470001220703125,37.560001373291016,37.34000015258789,37.4900016784668,30.111589431762695,50174900,0.0,0.0,0.0
2016-10-19,37.66999816894531,37.79999923706055,37.529998779296875,37.720001220703125,30.296323776245117,49171200,0.0,0.0,0.0
2016-10-20,37.59000015258789,37.77000045776367,37.470001220703125,37.61000061035156,30.207958221435547,55283900,0.0,0.0,0.0
2016-10-21,37.38999938964844,37.630001068115234,37.34000015258789,37.599998474121094,30.199939727783203,33058500,0.0,0.0,0.0
2016-10-24,37.900001525878906,37.93000030517578,37.65999984741211,37.7599983215332,30.328447341918945,28142200,0.0,0.0,0.0
2016-10-25,37.72999954223633,37.869998931884766,37.66999816894531,37.79999923706055,30.360576629638672,32233900,0.0,0.0,0.0
2016-10-26,37.380001068115234,37.58000183105469,37.279998779296875,37.400001525878906,30.039304733276367,50715500,0.0,0.0,0.0
2016-10-27,37.43000030517578,37.43000030517578,37.04999923706055,37.08000183105469,29.78227996826172,47287000,0.0,0.0,0.0
2016-10-28,37.119998931884766,37.279998779296875,36.75,36.93000030517578,29.66181182861328,69558100,0.0,0.0,0.0
2016-10-31,37.099998474121094,37.27000045776367,37.04999923706055,37.13999938964844,29.830467224121094,60365100,0.0,0.0,0.0
2016-11-01,37.279998779296875,37.290000915527344,36.54999923706055,36.84000015258789,29.589513778686523,90113200,0.0,0.0,0.0
2016-11-02,36.70000076293945,36.79999923706055,36.22999954223633,36.400001525878906,29.236120223999023,82319300,0.0,0.0,0.0
2016-11-03,36.439998626708984,36.54999923706055,36.16999816894531,36.29999923706055,29.155792236328125,67403000,0.0,0.0,0.0
2016-11-04,36.0099983215332,36.18000030517578,35.880001068115234,35.93000030517578,28.858612060546875,78558900,0.0,0.0,0.0
2016-11-07,36.810001373291016,37.27000045776367,36.75,37.22999954223633,29.902761459350586,85341300,0.0,0.0,0.0
2016-11-08,37.22999954223633,37.66999816894531,36.970001220703125,37.470001220703125,30.095523834228516,83963300,0.0,0.0,0.0
2016-11-09,36.34000015258789,36.689998626708984,36.09000015258789,36.25,29.115631103515625,193443900,0.0,0.0,0.0
2016-11-10,35.91999816894531,36.04999923706055,35.040000915527344,35.220001220703125,28.288349151611328,206490900,0.0,0.0,0.0
2016-11-11,34.54999923706055,34.84000015258789,34.119998931884766,34.54999923706055,27.750213623046875,182114700,0.0,0.0,0.0
2016-11-14,34.31999969482422,34.5,34.029998779296875,34.29999923706055,27.549413681030273,107881600,0.0,0.0,0.0
2016-11-15,34.56999969482422,35.04999923706055,34.54999923706055,34.9900016784668,28.10361099243164,89937000,0.0,0.0,0.0
2016-11-16,34.58000183105469,34.790000915527344,34.52000045776367,34.70000076293945,27.870685577392578,65387900,0.0,0.0,0.0
2016-11-17,34.81999969482422,35.02000045776367,34.689998626708984,34.75,27.91084861755371,80829200,0.0,0.0,0.0
2016-11-18,34.81999969482422,34.88999938964844,34.56999969482422,34.59000015258789,27.78233528137207,51490500,0.0,0.0,0.0
2016-11-21,34.900001525878906,35.029998779296875,34.83000183105469,34.93000030517578,28.055416107177734,45251800,0.0,0.0,0.0
2016-11-22,35.439998626708984,35.47999954223633,35.20000076293945,35.459999084472656,28.481111526489258,61503100,0.0,0.0,0.0
2016-11-23,34.959999084472656,35.130001068115234,34.880001068115234,35.08000183105469,28.175899505615234,43495600,0.0,0.0,0.0
2016-11-25,35.279998779296875,35.310001373291016,35.20000076293945,35.25,28.31244468688965,28572700,0.0,0.0,0.0
2016-11-28,35.38999938964844,35.529998779296875,35.349998474121094,35.38999938964844,28.424888610839844,50953000,0.0,0.0,0.0
2016-11-29,35.279998779296875,35.54999923706055,35.2400016784668,35.439998626708984,28.465045928955078,36457700,0.0,0.0,0.0
2016-11-30,35.599998474121094,35.650001525878906,35.47999954223633,35.5,28.51323890686035,86930300,0.0,0.0,0.0
2016-12-01,35.400001525878906,35.47999954223633,35.06999969482422,35.08000183105469,28.175899505615234,80947500,0.0,0.0,0.0
2016-12-02,35.08000183105469,35.290000915527344,35.060001373291016,35.119998931884766,28.208023071289062,58727500,0.0,0.0,0.0
2016-12-05,35.290000915527344,35.439998626708984,35.27000045776367,35.40999984741211,28.440950393676758,53275100,0.0,0.0,0.0
2016-12-06,35.52000045776367,35.61000061035156,35.43000030517578,35.599998474121094,28.59356117248535,48356900,0.0,0.0,0.0
2016-12-07,35.81999969482422,36.2400016784668,35.7599983215332,36.20000076293945,29.07547378540039,61773300,0.0,0.0,0.0
2016-12-08,36.099998474121094,36.40999984741211,36.08000183105469,36.36000061035156,29.203981399536133,60291800,0.0,0.0,0.0
2016-12-09,36.13999938964844,36.279998779296875,36.06999969482422,36.16999816894531,29.05137825012207,60173400,0.0,0.0,0.0
2016-12-12,35.970001220703125,36.099998474121094,35.83000183105469,35.93000030517578,28.858612060546875,40766300,0.0,0.0,0.0
2016-12-13,36.13999938964844,36.40999984741211,36.130001068115234,36.33000183105469,29.179889678955078,48943200,0.0,0.0,0.0
2016-12-14,36.040000915527344,36.16999816894531,35.2400016784668,35.25,28.31244468688965,95190000,0.0,0.0,0.0
2016-12-15,35.27000045776367,35.45000076293945,35.16999816894531,35.310001373291016,28.360641479492188,68897000,0.0,0.0,0.0
2016-12-16,35.22999954223633,35.34000015258789,35.04999923706055,35.150001525878906,28.232126235961914,75471100,0.0,0.0,0.0
2016-12-19,35.16999816894531,35.18000030517578,34.90999984741211,34.90999984741211,28.03935432434082,45241700,0.0,0.0,0.0
2016-12-20,35.0099983215332,35.099998474121094,34.939998626708984,35.029998779296875,28.135738372802734,39157800,0.0,0.0,0.0
2016-12-21,34.689998626708984,34.70000076293945,34.459999084472656,34.4900016784668,28.018766403198242,52040600,0.396,0.0,0.0
2016-12-22,34.119998931884766,34.13999938964844,33.939998626708984,34.08000183105469,27.685686111450195,48802800,0.0,0.0,0.0
2016-12-23,34.11000061035156,34.279998779296875,34.08000183105469,34.279998779296875,27.848155975341797,32062900,0.0,0.0,0.0
2016-12-27,34.36000061035156,34.470001220703125,34.349998474121094,34.43000030517578,27.970014572143555,25959900,0.0,0.0,0.0
2016-12-28,34.720001220703125,34.7599983215332,34.599998474121094,34.689998626708984,28.18123435974121,33745600,0.0,0.0,0.0
2016-12-29,35.040000915527344,35.29999923706055,35.02000045776367,35.2599983215332,28.644285202026367,48465500,0.0,0.0,0.0
2016-12-30,35.25,35.27000045776367,34.90999984741211,35.0099983215332,28.441190719604492,60515600,0.0,0.0,0.0
2017-01-03,35.38999938964844,35.650001525878906,35.29999923706055,35.43000030517578,28.782392501831055,64483700,0.0,0.0,0.0
2017-01-04,35.630001068115234,35.77000045776367,35.61000061035156,35.70000076293945,29.001731872558594,83072600,0.0,0.0,0.0
2017-01-05,35.959999084472656,36.150001525878906,35.939998626708984,36.09000015258789,29.318557739257812,60303200,0.0,0.0,0.0
2017-01-06,35.970001220703125,36.0,35.84000015258789,35.939998626708984,29.19669532775879,33132200,0.0,0.0,0.0
2017-01-09,35.91999816894531,36.0,35.869998931884766,35.90999984741211,29.172332763671875,33950800,0.0,0.0,0.0
2017-01-10,36.130001068115234,36.31999969482422,36.099998474121094,36.119998931884766,29.342926025390625,46621700,0.0,0.0,0.0
2017-01-11,36.189998626708984,36.58000183105469,36.04999923706055,36.54999923706055,29.69224739074707,92509300,0.0,0.0,0.0
2017-01-12,36.70000076293945,36.709999084472656,36.52000045776367,36.709999084472656,29.822229385375977,38318100,0.0,0.0,0.0
2017-01-13,36.56999969482422,36.709999084472656,36.529998779296875,36.68000030517578,29.7978572845459,35242000,0.0,0.0,0.0
2017-01-17,36.599998474121094,36.720001220703125,36.54999923706055,36.65999984741211,29.78160858154297,38367000,0.0,0.0,0.0
2017-01-18,36.68000030517578,36.689998626708984,36.38999938964844,36.459999084472656,29.61913299560547,37054200,0.0,0.0,0.0
2017-01-19,36.470001220703125,36.47999954223633,36.20000076293945,36.349998474121094,29.52977752685547,52877000,0.0,0.0,0.0
2017-01-20,36.38999938964844,36.470001220703125,36.220001220703125,36.41999816894531,29.586637496948242,59295600,0.0,0.0,0.0
2017-01-23,36.66999816894531,36.970001220703125,36.650001525878906,36.959999084472656,30.02532196044922,51401800,0.0,0.0,0.0
2017-01-24,37.119998931884766,37.33000183105469,37.099998474121094,37.189998626708984,30.2121639251709,45519900,0.0,0.0,0.0
2017-01-25,37.45000076293945,37.619998931884766,37.36000061035156,37.599998474121094,30.54524040222168,42660800,0.0,0.0,0.0
2017-01-26,37.59000015258789,37.599998474121094,37.40999984741211,37.439998626708984,30.415258407592773,43300100,0.0,0.0,0.0
2017-01-27,37.439998626708984,37.52000045776367,37.31999969482422,37.470001220703125,30.439634323120117,30457500,0.0,0.0,0.0
2017-01-30,37.20000076293945,37.279998779296875,37.11000061035156,37.27000045776367,30.277162551879883,34712000,0.0,0.0,0.0
2017-01-31,37.310001373291016,37.40999984741211,37.20000076293945,37.34000015258789,30.334028244018555,67258600,0.0,0.0,0.0
2017-02-01,37.4900016784668,37.560001373291016,37.2599983215332,37.36000061035156,30.35027503967285,54321500,0.0,0.0,0.0
2017-02-02,37.47999954223633,37.560001373291016,37.41999816894531,37.52000045776367,30.48025131225586,26814000,0.0,0.0,0.0
2017-02-03,37.68000030517578,37.81999969482422,37.599998474121094,37.75,30.667089462280273,34305200,0.0,0.0,0.0
2017-02-06,37.709999084472656,37.75,37.630001068115234,37.65999984741211,30.593978881835938,30250100,0.0,0.0,0.0
2017-02-07,37.58000183105469,37.619998931884766,37.43000030517578,37.470001220703125,30.439634323120117,31693700,0.0,0.0,0.0
2017-02-08,37.4900016784668,37.7400016784668,37.47999954223633,37.70000076293945,30.626474380493164,37862900,0.0,0.0,0.0
2017-02-09,37.70000076293945,37.939998626708984,37.70000076293945,37.869998931884766,30.764585494995117,38286700,0.0,0.0,0.0
2017-02-10,37.959999084472656,38.220001220703125,37.939998626708984,38.220001220703125,31.048908233642578,38798700,0.0,0.0,0.0
2017-02-13,38.220001220703125,38.380001068115234,38.209999084472656,38.34000015258789,31.146392822265625,34007000,0.0,0.0,0.0
2017-02-14,38.34000015258789,38.380001068115234,38.029998779296875,38.380001068115234,31.17889976501465,55327300,0.0,0.0,0.0
2017-02-15,38.38999938964844,38.709999084472656,38.349998474121094,38.689998626708984,31.430715560913086,49527300,0.0,0.0,0.0
2017-02-16,38.72999954223633,38.72999954223633,38.52000045776367,38.54999923706055,31.31698989868164,42986800,0.0,0.0,0.0
2017-02-17,38.25,38.400001525878906,38.220001220703125,38.38999938964844,31.187015533447266,54880700,0.0,0.0,0.0
2017-02-21,38.630001068115234,38.81999969482422,38.59000015258789,38.810001373291016,31.528209686279297,42603700,0.0,0.0,0.0
2017-02-22,38.75,38.93000030517578,38.72999954223633,38.93000030517578,31.625694274902344,39083500,0.0,0.0,0.0
2017-02-23,39.130001068115234,39.150001525878906,38.880001068115234,38.939998626708984,31.633821487426758,46763100,0.0,0.0,0.0
2017-02-24,38.470001220703125,38.560001373291016,38.41999816894531,38.47999954223633,31.260135650634766,44575100,0.0,0.0,0.0
2017-02-27,38.369998931884766,38.47999954223633,38.27000045776367,38.36000061035156,31.162643432617188,53625500,0.0,0.0,0.0
2017-02-28,38.31999969482422,38.33000183105469,37.97999954223633,37.9900016784668,30.862075805664062,71508900,0.0,0.0,0.0
2017-03-01,38.29999923706055,38.599998474121094,38.279998779296875,38.58000183105469,31.34136962890625,93966300,0.0,0.0,0.0
2017-03-02,38.20000076293945,38.27000045776367,37.88999938964844,37.900001525878906,30.788951873779297,63518000,0.0,0.0,0.0
2017-03-03,38.08000183105469,38.22999954223633,37.959999084472656,38.189998626708984,31.024534225463867,54969900,0.0,0.0,0.0
2017-03-06,38.25,38.2599983215332,38.09000015258789,38.209999084472656,31.040788650512695,30455800,0.0,0.0,0.0
2017-03-07,38.33000183105469,38.349998474121094,38.18000030517578,38.25,31.07328987121582,43470400,0.0,0.0,0.0
2017-03-08,38.15999984741211,38.220001220703125,37.86000061035156,37.88999938964844,30.780824661254883,60587000,0.0,0.0,0.0
2017-03-09,37.70000076293945,37.7599983215332,37.38999938964844,37.59000015258789,30.537120819091797,64159100,0.0,0.0,0.0
2017-03-10,37.88999938964844,38.0099983215332,37.79999923706055,38.0099983215332,30.878311157226562,45184900,0.0,0.0,0.0
2017-03-13,38.40999984741211,38.56999969482422,38.369998931884766,38.540000915527344,31.308870315551758,42405900,0.0,0.0,0.0
2017-03-14,38.41999816894531,38.470001220703125,38.290000915527344,38.31999969482422,31.130146026611328,56600300,0.0,0.0,0.0
2017-03-15,38.52000045776367,39.38999938964844,38.40999984741211,39.31999969482422,31.942522048950195,124080900,0.0,0.0,0.0
2017-03-16,39.599998474121094,39.650001525878906,39.439998626708984,39.560001373291016,32.13750076293945,137911800,0.0,0.0,0.0
2017-03-17,39.599998474121094,39.619998931884766,39.459999084472656,39.4900016784668,32.080623626708984,68267900,0.0,0.0,0.0
2017-03-20,39.7400016784668,40.060001373291016,39.68000030517578,39.95000076293945,32.454322814941406,70310000,0.0,0.0,0.0
2017-03-21,40.150001525878906,40.22999954223633,39.47999954223633,39.5099983215332,32.09687042236328,71712900,0.0,0.0,0.0
2017-03-22,39.47999954223633,39.790000915527344,39.380001068115234,39.70000076293945,32.25122833251953,70134100,0.0,0.0,0.0
2017-03-23,39.560001373291016,39.849998474121094,39.54999923706055,39.709999084472656,32.25934982299805,53877500,0.0,0.0,0.0
2017-03-24,39.68000030517578,39.880001068115234,39.66999816894531,39.810001373291016,32.34059524536133,68871400,0.0,0.0,0.0
2017-03-27,39.54999923706055,39.77000045776367,39.43000030517578,39.70000076293945,32.25122833251953,52896700,0.0,0.0,0.0
2017-03-28,39.66999816894531,39.93000030517578,39.66999816894531,39.810001373291016,32.34059524536133,51799000,0.0,0.0,0.0
2017-03-29,39.720001220703125,39.90999984741211,39.63999938964844,39.880001068115234,32.3974494934082,36857000,0.0,0.0,0.0
2017-03-30,39.720001220703125,39.84000015258789,39.63999938964844,39.66999816894531,32.22685623168945,33282500,0.0,0.0,0.0
2017-03-31,39.41999816894531,39.47999954223633,39.310001373291016,39.38999938964844,31.999393463134766,94971500,0.0,0.0,0.0
2017-04-03,39.5099983215332,39.650001525878906,39.369998931884766,39.61000061035156,32.1781120300293,60048300,0.0,0.0,0.0
2017-04-04,39.529998779296875,39.689998626708984,39.459999084472656,39.630001068115234,32.19436264038086,44136500,0.0,0.0,0.0
2017-04-05,39.79999923706055,39.900001525878906,39.4900016784668,39.5099983215332,32.09687042236328,44099200,0.0,0.0,0.0
2017-04-06,39.470001220703125,39.540000915527344,39.31999969482422,39.439998626708984,32.04001235961914,35544800,0.0,0.0,0.0
2017-04-07,39.36000061035156,39.54999923706055,39.33000183105469,39.369998931884766,31.983139038085938,40355800,0.0,0.0,0.0
2017-04-10,39.220001220703125,39.2599983215332,39.09000015258789,39.209999084472656,31.85315704345703,33853800,0.0,0.0,0.0
2017-04-11,39.20000076293945,39.25,38.88999938964844,39.119998931884766,31.78004264831543,46002800,0.0,0.0,0.0
2017-04-12,39.290000915527344,39.31999969482422,39.06999969482422,39.310001373291016,31.934402465820312,55149100,0.0,0.0,0.0
2017-04-13,39.400001525878906,39.5,39.130001068115234,39.13999938964844,31.796300888061523,48182500,0.0,0.0,0.0
2017-04-17,39.31999969482422,39.54999923706055,39.2599983215332,39.54999923706055,32.12936782836914,29862300,0.0,0.0,0.0
2017-04-18,39.099998474121094,39.2400016784668,38.959999084472656,39.04999923706055,31.723182678222656,50889200,0.0,0.0,0.0
2017-04-19,39.150001525878906,39.15999984741211,38.709999084472656,38.810001373291016,31.528209686279297,58751100,0.0,0.0,0.0
2017-04-20,39.22999954223633,39.29999923706055,39.11000061035156,39.290000915527344,31.91815948486328,46722900,0.0,0.0,0.0
2017-04-21,39.29999923706055,39.349998474121094,39.220001220703125,39.290000915527344,31.91815948486328,32949500,0.0,0.0,0.0
2017-04-24,39.869998931884766,39.93000030517578,39.75,39.849998474121094,32.37308120727539,63549800,0.0,0.0,0.0
2017-04-25,40.13999938964844,40.310001373291016,40.099998474121094,40.20000076293945,32.657405853271484,50957400,0.0,0.0,0.0
2017-04-26,40.130001068115234,40.25,40.0,40.04999923706055,32.53555679321289,56452000,0.0,0.0,0.0
2017-04-27,40.130001068115234,40.13999938964844,39.880001068115234,40.0,32.494930267333984,42298100,0.0,0.0,0.0
2017-04-28,40.040000915527344,40.130001068115234,39.93000030517578,40.060001373291016,32.54367446899414,56635400,0.0,0.0,0.0
2017-05-01,40.2400016784668,40.400001525878906,40.150001525878906,40.290000915527344,32.73052978515625,41171000,0.0,0.0,0.0
2017-05-02,40.459999084472656,40.630001068115234,40.40999984741211,40.58000183105469,32.96611022949219,55325500,0.0,0.0,0.0
2017-05-03,40.40999984741211,40.45000076293945,40.20000076293945,40.310001373291016,32.746768951416016,58336100,0.0,0.0,0.0
2017-05-04,40.09000015258789,40.11000061035156,39.83000183105469,39.86000061035156,32.381202697753906,81078300,0.0,0.0,0.0
2017-05-05,39.79999923706055,40.189998626708984,39.790000915527344,40.189998626708984,32.64928436279297,52581000,0.0,0.0,0.0
2017-05-08,40.29999923706055,40.400001525878906,40.150001525878906,40.18000030517578,32.64115905761719,35951500,0.0,0.0,0.0
2017-05-09,40.4900016784668,40.810001373291016,40.459999084472656,40.689998626708984,33.055477142333984,70127300,0.0,0.0,0.0
2017-05-10,40.810001373291016,40.959999084472656,40.7599983215332,40.959999084472656,33.27480697631836,47629100,0.0,0.0,0.0
2017-05-11,41.0099983215332,41.119998931884766,40.810001373291016,41.04999923706055,33.347930908203125,37366100,0.0,0.0,0.0
2017-05-12,41.11000061035156,41.2599983215332,41.099998474121094,41.220001220703125,33.48603057861328,65418200,0.0,0.0,0.0
2017-05-15,41.43000030517578,41.65999984741211,41.400001525878906,41.63999938964844,33.82722854614258,52561000,0.0,0.0,0.0
2017-05-16,41.61000061035156,41.70000076293945,41.529998779296875,41.68000030517578,33.85973358154297,41936300,0.0,0.0,0.0
2017-05-17,41.31999969482422,41.369998931884766,40.95000076293945,40.970001220703125,33.28293991088867,63287300,0.0,0.0,0.0
2017-05-18,39.97999954223633,40.650001525878906,39.81999969482422,40.290000915527344,32.73052978515625,121234700,0.0,0.0,0.0
2017-05-19,40.880001068115234,41.22999954223633,40.869998931884766,41.150001525878906,33.42917251586914,63742000,0.0,0.0,0.0
2017-05-22,41.189998626708984,41.31999969482422,41.150001525878906,41.189998626708984,33.46166229248047,46357500,0.0,0.0,0.0
2017-05-23,41.220001220703125,41.279998779296875,41.119998931884766,41.22999954223633,33.49415969848633,39495600,0.0,0.0,0.0
2017-05-24,41.2400016784668,41.459999084472656,41.20000076293945,41.38999938964844,33.62413024902344,48549600,0.0,0.0,0.0
2017-05-25,41.61000061035156,41.72999954223633,41.5099983215332,41.59000015258789,33.786617279052734,39606900,0.0,0.0,0.0
2017-05-26,41.66999816894531,41.7599983215332,41.630001068115234,41.7400016784668,33.90846633911133,31372700,0.0,0.0,0.0
2017-05-30,41.5099983215332,41.58000183105469,41.439998626708984,41.52000045776367,33.729740142822266,35122800,0.0,0.0,0.0
2017-05-31,41.52000045776367,41.52000045776367,41.130001068115234,41.20000076293945,33.469783782958984,80159500,0.0,0.0,0.0
2017-06-01,41.310001373291016,41.560001373291016,41.209999084472656,41.54999923706055,33.754112243652344,46802100,0.0,0.0,0.0
2017-06-02,41.70000076293945,41.790000915527344,41.599998474121094,41.7599983215332,33.92470932006836,43699200,0.0,0.0,0.0
2017-06-05,41.75,41.849998474121094,41.66999816894531,41.709999084472656,33.884098052978516,39245500,0.0,0.0,0.0
2017-06-06,41.65999984741211,41.81999969482422,41.63999938964844,41.72999954223633,33.90033721923828,34184900,0.0,0.0,0.0
2017-06-07,41.599998474121094,41.7599983215332,41.45000076293945,41.68000030517578,33.85973358154297,34745400,0.0,0.0,0.0
2017-06-08,41.959999084472656,41.97999954223633,41.77000045776367,41.93000030517578,34.062828063964844,48941400,0.0,0.0,0.0
2017-06-09,41.959999084472656,42.040000915527344,41.380001068115234,41.61000061035156,33.8028564453125,73660800,0.0,0.0,0.0
2017-06-12,41.369998931884766,41.40999984741211,41.189998626708984,41.38999938964844,33.62413024902344,52374200,0.0,0.0,0.0
2017-06-13,41.61000061035156,41.63999938964844,41.45000076293945,41.59000015258789,33.786617279052734,38327800,0.0,0.0,0.0
2017-06-14,41.900001525878906,41.91999816894531,41.439998626708984,41.58000183105469,33.77849578857422,70500400,0.0,0.0,0.0
2017-06-15,41.08000183105469,41.16999816894531,40.900001525878906,41.150001525878906,33.42917251586914,87660700,0.0,0.0,0.0
2017-06-16,41.2400016784668,41.290000915527344,41.040000915527344,41.220001220703125,33.48603057861328,53875900,0.0,0.0,0.0
2017-06-19,41.470001220703125,41.70000076293945,41.439998626708984,41.630001068115234,33.8191032409668,68181200,0.0,0.0,0.0
2017-06-20,41.31999969482422,41.33000183105469,40.95000076293945,40.97999954223633,33.445308685302734,71372000,0.192,0.0,0.0
2017-06-21,41.16999816894531,41.27000045776367,41.0,41.06999969482422,33.518768310546875,54840400,0.0,0.0,0.0
2017-06-22,41.290000915527344,41.45000076293945,41.189998626708984,41.279998779296875,33.690155029296875,50400700,0.0,0.0,0.0
2017-06-23,41.349998474121094,41.58000183105469,41.31999969482422,41.5,33.86970520019531,46141200,0.0,0.0,0.0
2017-06-26,41.88999938964844,42.0099983215332,41.7599983215332,41.900001525878906,34.196163177490234,44381000,0.0,0.0,0.0
2017-06-27,41.900001525878906,41.900001525878906,41.400001525878906,41.40999984741211,33.79624938964844,54898400,0.0,0.0,0.0
2017-06-28,41.529998779296875,41.77000045776367,41.43000030517578,41.72999954223633,34.05741882324219,33600800,0.0,0.0,0.0
2017-06-29,41.529998779296875,41.540000915527344,40.91999816894531,41.20000076293945,33.62487030029297,66218700,0.0,0.0,0.0
2017-06-30,41.45000076293945,41.56999969482422,41.36000061035156,41.38999938964844,33.779930114746094,76054300,0.0,0.0,0.0
2017-07-03,41.619998931884766,41.7599983215332,41.540000915527344,41.630001068115234,33.97580337524414,38427000,0.0,0.0,0.0
2017-07-05,41.38999938964844,41.56999969482422,41.189998626708984,41.54999923706055,33.91051483154297,49491000,0.0,0.0,0.0
2017-07-06,41.25,41.33000183105469,40.9900016784668,41.04999923706055,33.502437591552734,48464800,0.0,0.0,0.0
2017-07-07,41.15999984741211,41.22999954223633,40.95000076293945,41.130001068115234,33.5677375793457,69254100,0.0,0.0,0.0
2017-07-10,41.27000045776367,41.54999923706055,41.25,41.52000045776367,33.88603210449219,38230800,0.0,0.0,0.0
2017-07-11,41.7400016784668,41.90999984741211,41.619998931884766,41.86000061035156,34.163516998291016,41916900,0.0,0.0,0.0
2017-07-12,42.45000076293945,42.7599983215332,42.41999816894531,42.66999816894531,34.8245849609375,80106600,0.0,0.0,0.0
2017-07-13,42.7400016784668,42.900001525878906,42.70000076293945,42.880001068115234,34.9959716796875,38698800,0.0,0.0,0.0
2017-07-14,43.16999816894531,43.45000076293945,43.150001525878906,43.41999816894531,35.43669128417969,51171300,0.0,0.0,0.0
2017-07-17,43.25,43.279998779296875,43.130001068115234,43.220001220703125,35.273468017578125,44288000,0.0,0.0,0.0
2017-07-18,43.13999938964844,43.38999938964844,43.08000183105469,43.349998474121094,35.37956237792969,49195500,0.0,0.0,0.0
2017-07-19,43.349998474121094,43.79999923706055,43.349998474121094,43.709999084472656,35.673370361328125,37949700,0.0,0.0,0.0
2017-07-20,43.75,43.7599983215332,43.560001373291016,43.65999984741211,35.632564544677734,35990000,0.0,0.0,0.0
2017-07-21,43.66999816894531,43.68000030517578,43.5099983215332,43.630001068115234,35.60808181762695,34217900,0.0,0.0,0.0
2017-07-24,43.81999969482422,43.81999969482422,43.630001068115234,43.7599983215332,35.714176177978516,37613800,0.0,0.0,0.0
2017-07-25,43.810001373291016,43.869998931884766,43.63999938964844,43.650001525878906,35.62440490722656,37103900,0.0,0.0,0.0
2017-07-26,43.720001220703125,44.060001373291016,43.65999984741211,44.0099983215332,35.9182243347168,49001700,0.0,0.0,0.0
2017-07-27,44.150001525878906,44.15999984741211,43.459999084472656,43.77000045776367,35.72233963012695,61916500,0.0,0.0,0.0
2017-07-28,43.61000061035156,43.7599983215332,43.5,43.75,35.70602035522461,46072600,0.0,0.0,0.0
2017-07-31,43.84000015258789,43.84000015258789,43.68000030517578,43.79999923706055,35.746822357177734,60833500,0.0,0.0,0.0
2017-08-01,44.0,44.029998779296875,43.880001068115234,43.93000030517578,35.85292053222656,37138400,0.0,0.0,0.0
2017-08-02,44.0099983215332,44.04999923706055,43.7400016784668,43.970001220703125,35.88556671142578,29234800,0.0,0.0,0.0
2017-08-03,43.7599983215332,43.790000915527344,43.56999969482422,43.790000915527344,35.73866271972656,45351400,0.0,0.0,0.0
2017-08-04,43.88999938964844,43.97999954223633,43.689998626708984,43.95000076293945,35.86924743652344,48442700,0.0,0.0,0.0
2017-08-07,44.11000061035156,44.279998779296875,44.08000183105469,44.25,36.11408233642578,23791100,0.0,0.0,0.0
2017-08-08,44.369998931884766,44.58000183105469,44.20000076293945,44.2599983215332,36.12224578857422,33793700,0.0,0.0,0.0
2017-08-09,43.75,43.88999938964844,43.630001068115234,43.86000061035156,35.79579162597656,29007400,0.0,0.0,0.0
2017-08-10,43.4900016784668,43.5,42.79999923706055,42.81999969482422,34.94700622558594,104326500,0.0,0.0,0.0
2017-08-11,42.869998931884766,43.099998474121094,42.720001220703125,42.91999816894531,35.02862548828125,52964600,0.0,0.0,0.0
2017-08-14,43.38999938964844,43.56999969482422,43.310001373291016,43.36000061035156,35.38772964477539,37340400,0.0,0.0,0.0
2017-08-15,43.33000183105469,43.439998626708984,43.2400016784668,43.40999984741211,35.428531646728516,29467800,0.0,0.0,0.0
2017-08-16,43.77000045776367,43.88999938964844,43.709999084472656,43.86000061035156,35.79579162597656,43356300,0.0,0.0,0.0
2017-08-17,43.7599983215332,43.83000183105469,43.2400016784668,43.29999923706055,35.3387565612793,65838600,0.0,0.0,0.0
2017-08-18,43.470001220703125,43.849998474121094,43.290000915527344,43.66999816894531,35.64073181152344,67014400,0.0,0.0,0.0
2017-08-21,43.77000045776367,43.91999816894531,43.66999816894531,43.83000183105469,35.77130889892578,27756400,0.0,0.0,0.0
2017-08-22,44.13999938964844,44.380001068115234,44.099998474121094,44.31999969482422,36.17121505737305,30935800,0.0,0.0,0.0
2017-08-23,44.2400016784668,44.56999969482422,44.209999084472656,44.529998779296875,36.34260559082031,48383900,0.0,0.0,0.0
2017-08-24,44.72999954223633,44.77000045776367,44.529998779296875,44.66999816894531,36.45685958862305,52141700,0.0,0.0,0.0
2017-08-25,44.91999816894531,45.06999969482422,44.84000015258789,44.93000030517578,36.669063568115234,55530900,0.0,0.0,0.0
2017-08-28,44.90999984741211,44.90999984741211,44.68000030517578,44.77000045776367,36.53846740722656,37424900,0.0,0.0,0.0
2017-08-29,44.77000045776367,44.77000045776367,44.2599983215332,44.689998626708984,36.47318649291992,45507800,0.0,0.0,0.0
2017-08-30,44.630001068115234,44.790000915527344,44.599998474121094,44.7599983215332,36.53031539916992,46687600,0.0,0.0,0.0
2017-08-31,44.77000045776367,44.93000030517578,44.720001220703125,44.83000183105469,36.58744812011719,62118300,0.0,0.0,0.0
2017-09-01,45.0099983215332,45.18000030517578,44.95000076293945,45.15999984741211,36.85676956176758,55195500,0.0,0.0,0.0
2017-09-05,44.810001373291016,44.900001525878906,44.34000015258789,44.56999969482422,36.3752555847168,49130500,0.0,0.0,0.0
2017-09-06,44.7400016784668,44.90999984741211,44.66999816894531,44.86000061035156,36.6119270324707,44733800,0.0,0.0,0.0
2017-09-07,45.08000183105469,45.189998626708984,45.02000045776367,45.189998626708984,36.881256103515625,39114300,0.0,0.0,0.0
2017-09-08,45.119998931884766,45.130001068115234,44.810001373291016,44.88999938964844,36.636417388916016,41973600,0.0,0.0,0.0
2017-09-11,45.2599983215332,45.52000045776367,45.25,45.4900016784668,37.12609100341797,45287800,0.0,0.0,0.0
2017-09-12,45.4900016784668,45.529998779296875,45.369998931884766,45.439998626708984,37.08529281616211,49495000,0.0,0.0,0.0
2017-09-13,45.2599983215332,45.33000183105469,45.099998474121094,45.20000076293945,36.88941192626953,54758700,0.0,0.0,0.0
2017-09-14,45.09000015258789,45.34000015258789,45.04999923706055,45.31999969482422,36.98735809326172,36057900,0.0,0.0,0.0
2017-09-15,45.400001525878906,45.650001525878906,45.310001373291016,45.59000015258789,37.20771026611328,47816300,0.0,0.0,0.0
2017-09-18,45.880001068115234,45.959999084472656,45.689998626708984,45.75,37.33829116821289,37633400,0.0,0.0,0.0
2017-09-19,45.779998779296875,45.86000061035156,45.63999938964844,45.849998474121094,37.41990280151367,63741000,0.0,0.0,0.0
2017-09-20,45.869998931884766,45.939998626708984,45.209999084472656,45.63999938964844,37.24851989746094,78810000,0.0,0.0,0.0
2017-09-21,45.63999938964844,45.790000915527344,45.540000915527344,45.63999938964844,37.24851989746094,32668200,0.0,0.0,0.0
2017-09-22,45.38999938964844,45.470001220703125,45.310001373291016,45.380001068115234,37.03631591796875,39264300,0.0,0.0,0.0
2017-09-25,45.0,45.0,44.439998626708984,44.61000061035156,36.40789794921875,85660600,0.0,0.0,0.0
2017-09-26,44.70000076293945,44.7599983215332,44.41999816894531,44.4900016784668,36.30996322631836,62892900,0.0,0.0,0.0
2017-09-27,44.36000061035156,44.45000076293945,44.09000015258789,44.33000183105469,36.17937469482422,80084700,0.0,0.0,0.0
2017-09-28,44.099998474121094,44.36000061035156,44.09000015258789,44.29999923706055,36.15489196777344,54957600,0.0,0.0,0.0
2017-09-29,44.63999938964844,44.91999816894531,44.54999923706055,44.810001373291016,36.57112503051758,70546800,0.0,0.0,0.0
2017-10-02,44.810001373291016,45.029998779296875,44.790000915527344,44.81999969482422,36.579280853271484,68124300,0.0,0.0,0.0
2017-10-03,45.18000030517578,45.540000915527344,45.130001068115234,45.529998779296875,37.15874481201172,54087400,0.0,0.0,0.0
2017-10-04,45.5099983215332,45.630001068115234,45.459999084472656,45.52000045776367,37.15058135986328,45574100,0.0,0.0,0.0
2017-10-05,45.709999084472656,45.9900016784668,45.70000076293945,45.86000061035156,37.428062438964844,38759200,0.0,0.0,0.0
2017-10-06,45.439998626708984,45.65999984741211,45.310001373291016,45.630001068115234,37.2403564453125,44870200,0.0,0.0,0.0
2017-10-09,45.5099983215332,45.599998474121094,45.43000030517578,45.599998474121094,37.21586608886719,25022400,0.0,0.0,0.0
2017-10-10,45.95000076293945,46.08000183105469,45.88999938964844,46.04999923706055,37.583133697509766,45691800,0.0,0.0,0.0
2017-10-11,46.040000915527344,46.279998779296875,46.029998779296875,46.2599983215332,37.754520416259766,48802900,0.0,0.0,0.0
2017-10-12,46.279998779296875,46.369998931884766,46.20000076293945,46.2400016784668,37.73819351196289,35546600,0.0,0.0,0.0
2017-10-13,46.65999984741211,46.75,46.599998474121094,46.65999984741211,38.08098220825195,61902200,0.0,0.0,0.0
2017-10-16,46.779998779296875,46.81999969482422,46.619998931884766,46.630001068115234,38.056495666503906,34089400,0.0,0.0,0.0
2017-10-17,46.5099983215332,46.529998779296875,46.29999923706055,46.38999938964844,37.860618591308594,38828200,0.0,0.0,0.0
2017-10-18,46.54999923706055,46.650001525878906,46.40999984741211,46.5,37.95038986206055,36187200,0.0,0.0,0.0
2017-10-19,46.02000045776367,46.119998931884766,45.88999938964844,46.09000015258789,37.61578369140625,51487000,0.0,0.0,0.0
2017-10-20,46.31999969482422,46.349998474121094,46.18000030517578,46.2599983215332,37.754520416259766,46370200,0.0,0.0,0.0
2017-10-23,46.18000030517578,46.189998626708984,45.880001068115234,45.88999938964844,37.452552795410156,47564000,0.0,0.0,0.0
2017-10-24,45.97999954223633,46.13999938964844,45.880001068115234,45.88999938964844,37.452552795410156,40213400,0.0,0.0,0.0
2017-10-25,46.06999969482422,46.130001068115234,45.43000030517578,45.790000915527344,37.37093734741211,57309600,0.0,0.0,0.0
2017-10-26,45.81999969482422,45.90999984741211,45.470001220703125,45.47999954223633,37.11792755126953,55320500,0.0,0.0,0.0
2017-10-27,45.720001220703125,46.189998626708984,45.58000183105469,46.13999938964844,37.65658950805664,55225600,0.0,0.0,0.0
2017-10-30,45.9900016784668,46.11000061035156,45.790000915527344,45.849998474121094,37.41990280151367,35732500,0.0,0.0,0.0
2017-10-31,46.130001068115234,46.279998779296875,46.060001373291016,46.279998779296875,37.770843505859375,63902300,0.0,0.0,0.0
2017-11-01,46.70000076293945,46.849998474121094,46.4900016784668,46.52000045776367,37.96672058105469,51926300,0.0,0.0,0.0
2017-11-02,46.59000015258789,46.630001068115234,46.36000061035156,46.58000183105469,38.015689849853516,38024500,0.0,0.0,0.0
2017-11-03,46.540000915527344,46.560001373291016,46.09000015258789,46.34000015258789,37.81980895996094,42909900,0.0,0.0,0.0
2017-11-06,46.560001373291016,46.869998931884766,46.540000915527344,46.86000061035156,38.244205474853516,30828500,0.0,0.0,0.0
2017-11-07,46.810001373291016,46.869998931884766,46.4900016784668,46.560001373291016,37.99936294555664,46904400,0.0,0.0,0.0
2017-11-08,46.70000076293945,46.810001373291016,46.619998931884766,46.779998779296875,38.17891311645508,35006300,0.0,0.0,0.0
2017-11-09,46.459999084472656,46.59000015258789,46.13999938964844,46.4900016784668,37.942230224609375,39894900,0.0,0.0,0.0
2017-11-10,46.43000030517578,46.459999084472656,46.189998626708984,46.290000915527344,37.77900695800781,32484400,0.0,0.0,0.0
2017-11-13,46.130001068115234,46.290000915527344,46.02000045776367,46.189998626708984,37.697391510009766,52239700,0.0,0.0,0.0
2017-11-14,46.11000061035156,46.15999984741211,45.81999969482422,45.880001068115234,37.444393157958984,56682300,0.0,0.0,0.0
2017-11-15,45.650001525878906,45.77000045776367,45.45000076293945,45.63999938964844,37.24851989746094,49000900,0.0,0.0,0.0
2017-11-16,46.310001373291016,46.72999954223633,46.29999923706055,46.59000015258789,38.02384567260742,46316400,0.0,0.0,0.0
2017-11-17,46.72999954223633,47.02000045776367,46.70000076293945,46.81999969482422,38.21155548095703,46258900,0.0,0.0,0.0
2017-11-20,46.77000045776367,47.099998474121094,46.75,47.060001373291016,38.407432556152344,45493800,0.0,0.0,0.0
2017-11-21,47.630001068115234,47.880001068115234,47.61000061035156,47.689998626708984,38.921592712402344,63587700,0.0,0.0,0.0
2017-11-22,47.84000015258789,47.93000030517578,47.650001525878906,47.810001373291016,39.0195426940918,60764000,0.0,0.0,0.0
2017-11-24,47.65999984741211,47.7400016784668,47.61000061035156,47.709999084472656,38.93791198730469,25838000,0.0,0.0,0.0
2017-11-27,47.310001373291016,47.33000183105469,46.9900016784668,47.0099983215332,38.36662292480469,47853200,0.0,0.0,0.0
2017-11-28,47.38999938964844,47.52000045776367,47.18000030517578,47.36000061035156,38.65227127075195,54357600,0.0,0.0,0.0
2017-11-29,47.16999816894531,47.16999816894531,46.5,46.61000061035156,38.04016876220703,66269800,0.0,0.0,0.0
2017-11-30,46.470001220703125,46.47999954223633,46.06999969482422,46.099998474121094,37.62392807006836,118059300,0.0,0.0,0.0
2017-12-01,45.97999954223633,46.06999969482422,45.619998931884766,45.84000015258789,37.411739349365234,88358900,0.0,0.0,0.0
2017-12-04,46.349998474121094,46.43000030517578,45.88999938964844,45.93000030517578,37.48519515991211,67381600,0.0,0.0,0.0
2017-12-05,45.959999084472656,46.209999084472656,45.86000061035156,45.900001525878906,37.46071243286133,32126400,0.0,0.0,0.0
2017-12-06,45.119998931884766,45.380001068115234,45.060001373291016,45.279998779296875,36.9547119140625,81862800,0.0,0.0,0.0
2017-12-07,45.400001525878906,45.529998779296875,45.04999923706055,45.40999984741211,37.060813903808594,70820800,0.0,0.0,0.0
2017-12-08,45.91999816894531,46.0,45.7400016784668,45.939998626708984,37.49336242675781,42794900,0.0,0.0,0.0
2017-12-11,46.189998626708984,46.2599983215332,46.099998474121094,46.16999816894531,37.68107986450195,46795900,0.0,0.0,0.0
2017-12-12,45.7400016784668,45.959999084472656,45.65999984741211,45.86000061035156,37.428062438964844,47157800,0.0,0.0,0.0
2017-12-13,46.150001525878906,46.560001373291016,46.13999938964844,46.40999984741211,37.87694549560547,75946200,0.0,0.0,0.0
2017-12-14,46.2599983215332,46.380001068115234,46.06999969482422,46.06999969482422,37.599456787109375,50968200,0.0,0.0,0.0
2017-12-15,46.15999984741211,46.2599983215332,45.93000030517578,46.16999816894531,37.68107986450195,67881200,0.0,0.0,0.0
2017-12-18,46.56999969482422,46.849998474121094,46.529998779296875,46.689998626708984,38.105464935302734,61186100,0.0,0.0,0.0
2017-12-19,46.06999969482422,46.06999969482422,45.68000030517578,45.75,37.904136657714844,51306800,0.697,0.0,0.0
2017-12-20,45.959999084472656,46.02000045776367,45.79999923706055,45.810001373291016,37.95384216308594,42832800,0.0,0.0,0.0
2017-12-21,46.0,46.27000045776367,45.970001220703125,46.11000061035156,38.20240020751953,40602200,0.0,0.0,0.0
2017-12-22,46.290000915527344,46.5099983215332,46.22999954223633,46.5,38.5255126953125,40032700,0.0,0.0,0.0
2017-12-26,46.41999816894531,46.470001220703125,46.2599983215332,46.459999084472656,38.492366790771484,29614100,0.0,0.0,0.0
2017-12-27,46.52000045776367,46.63999938964844,46.45000076293945,46.58000183105469,38.591800689697266,35373200,0.0,0.0,0.0
2017-12-28,47.0099983215332,47.04999923706055,46.790000915527344,46.900001525878906,38.85690689086914,34284300,0.0,0.0,0.0
2017-12-29,47.279998779296875,47.31999969482422,47.060001373291016,47.119998931884766,39.039180755615234,46485100,0.0,0.0,0.0
2018-01-02,47.779998779296875,48.06999969482422,47.72999954223633,48.0099983215332,39.776554107666016,68969400,0.0,0.0,0.0
2018-01-03,48.290000915527344,48.540000915527344,48.279998779296875,48.470001220703125,40.15767288208008,56228700,0.0,0.0,0.0
2018-01-04,48.59000015258789,48.779998779296875,48.56999969482422,48.709999084472656,40.356502532958984,52154900,0.0,0.0,0.0
2018-01-05,48.81999969482422,49.13999938964844,48.77000045776367,49.130001068115234,40.704490661621094,50026900,0.0,0.0,0.0
2018-01-08,49.060001373291016,49.220001220703125,49.02000045776367,49.130001068115234,40.704490661621094,36998200,0.0,0.0,0.0
2018-01-09,49.119998931884766,49.130001068115234,48.83000183105469,49.04999923706055,40.63819885253906,42131600,0.0,0.0,0.0
2018-01-10,48.68000030517578,48.84000015258789,48.529998779296875,48.7400016784668,40.38136291503906,72183900,0.0,0.0,0.0
2018-01-11,48.66999816894531,49.04999923706055,48.65999984741211,49.040000915527344,40.62991714477539,38720900,0.0,0.0,0.0
2018-01-12,49.13999938964844,49.540000915527344,49.0099983215332,49.5099983215332,41.01931381225586,69358300,0.0,0.0,0.0
2018-01-16,49.70000076293945,49.849998474121094,49.22999954223633,49.31999969482422,40.86189651489258,80418000,0.0,0.0,0.0
2018-01-17,49.70000076293945,50.09000015258789,49.630001068115234,49.970001220703125,41.400428771972656,65863500,0.0,0.0,0.0
2018-01-18,49.959999084472656,50.099998474121094,49.88999938964844,50.029998779296875,41.45014190673828,33947000,0.0,0.0,0.0
2018-01-19,50.279998779296875,50.439998626708984,50.130001068115234,50.439998626708984,41.789825439453125,60503700,0.0,0.0,0.0
2018-01-22,50.40999984741211,50.7400016784668,50.29999923706055,50.72999954223633,42.03009033203125,49191200,0.0,0.0,0.0
2018-01-23,50.72999954223633,50.9900016784668,50.650001525878906,50.970001220703125,42.22893524169922,61277300,0.0,0.0,0.0
2018-01-24,51.29999923706055,51.52000045776367,51.040000915527344,51.400001525878906,42.5851936340332,63963100,0.0,0.0,0.0
2018-01-25,51.45000076293945,51.83000183105469,51.209999084472656,51.369998931884766,42.56032943725586,61533700,0.0,0.0,0.0
2018-01-26,51.72999954223633,52.08000183105469,51.61000061035156,52.08000183105469,43.14857482910156,80566200,0.0,0.0,0.0
2018-01-29,51.45000076293945,51.5099983215332,51.220001220703125,51.290000915527344,42.49405288696289,58884200,0.0,0.0,0.0
2018-01-30,50.7400016784668,50.79999923706055,50.380001068115234,50.59000015258789,41.914100646972656,87601400,0.0,0.0,0.0
2018-01-31,51.279998779296875,51.34000015258789,50.63999938964844,51.029998779296875,42.27863693237305,96654200,0.0,0.0,0.0
2018-02-01,50.56999969482422,50.849998474121094,50.29999923706055,50.34000015258789,41.70698165893555,72143800,0.0,0.0,0.0
2018-02-02,49.81999969482422,49.849998474121094,49.0099983215332,49.04999923706055,40.63819885253906,116832800,0.0,0.0,0.0
2018-02-05,48.97999954223633,49.47999954223633,47.33000183105469,47.33000183105469,39.21317672729492,151202100,0.0,0.0,0.0
2018-02-06,47.31999969482422,49.279998779296875,47.18000030517578,48.869998931884766,40.489070892333984,183650300,0.0,0.0,0.0
2018-02-07,48.0,48.52000045776367,47.29999923706055,47.33000183105469,39.21317672729492,156301200,0.0,0.0,0.0
2018-02-08,47.630001068115234,47.66999816894531,45.630001068115234,45.689998626708984,37.85441970825195,163250200,0.0,0.0,0.0
2018-02-09,46.310001373291016,46.779998779296875,45.040000915527344,46.41999816894531,38.459224700927734,153419800,0.0,0.0,0.0
2018-02-12,47.08000183105469,47.4900016784668,46.65999984741211,47.150001525878906,39.06404113769531,104447700,0.0,0.0,0.0
2018-02-13,47.220001220703125,47.650001525878906,47.16999816894531,47.5099983215332,39.3623046875,55739700,0.0,0.0,0.0
2018-02-14,47.40999984741211,48.81999969482422,47.38999938964844,48.70000076293945,40.34822082519531,96491500,0.0,0.0,0.0
2018-02-15,49.560001373291016,49.86000061035156,48.9900016784668,49.70000076293945,41.176734924316406,95168100,0.0,0.0,0.0
2018-02-16,49.34000015258789,49.9900016784668,49.33000183105469,49.540000915527344,41.044166564941406,70876400,0.0,0.0,0.0
2018-02-20,48.65999984741211,49.029998779296875,48.59000015258789,48.86000061035156,40.48078155517578,78660300,0.0,0.0,0.0
2018-02-21,49.29999923706055,49.86000061035156,48.779998779296875,48.81999969482422,40.4476432800293,66591900,0.0,0.0,0.0
2018-02-22,48.970001220703125,49.349998474121094,48.810001373291016,48.849998474121094,40.47249984741211,62436300,0.0,0.0,0.0
2018-02-23,49.45000076293945,49.7400016784668,49.2400016784668,49.720001220703125,41.193302154541016,43623300,0.0,0.0,0.0
2018-02-26,49.849998474121094,50.18000030517578,49.56999969482422,50.18000030517578,41.57441329956055,51742600,0.0,0.0,0.0
2018-02-27,49.529998779296875,49.59000015258789,48.720001220703125,48.720001220703125,40.36479187011719,94671000,0.0,0.0,0.0
2018-02-28,48.83000183105469,48.88999938964844,48.02000045776367,48.02000045776367,39.78483581542969,102169900,0.0,0.0,0.0
2018-03-01,48.369998931884766,48.75,47.5,47.93000030517578,39.71027755737305,112694400,0.0,0.0,0.0
2018-03-02,47.349998474121094,48.22999954223633,47.11000061035156,48.130001068115234,39.8759765625,72756200,0.0,0.0,0.0
2018-03-05,47.61000061035156,48.290000915527344,47.54999923706055,48.20000076293945,39.93397521972656,55905400,0.0,0.0,0.0
2018-03-06,49.0099983215332,49.029998779296875,48.52000045776367,48.650001525878906,40.306800842285156,57199200,0.0,0.0,0.0
2018-03-07,48.34000015258789,48.72999954223633,48.119998931884766,48.70000076293945,40.34822082519531,46554800,0.0,0.0,0.0
2018-03-08,48.790000915527344,48.84000015258789,48.47999954223633,48.709999084472656,40.356502532958984,46733900,0.0,0.0,0.0
2018-03-09,49.11000061035156,49.77000045776367,49.06999969482422,49.75,41.21815872192383,58818700,0.0,0.0,0.0
2018-03-12,49.810001373291016,49.970001220703125,49.61000061035156,49.869998931884766,41.317569732666016,52944500,0.0,0.0,0.0
2018-03-13,50.099998474121094,50.18000030517578,49.2400016784668,49.41999816894531,40.94474792480469,60376000,0.0,0.0,0.0
2018-03-14,49.790000915527344,49.86000061035156,49.22999954223633,49.5,41.01103210449219,51067200,0.0,0.0,0.0
2018-03-15,49.65999984741211,49.72999954223633,49.13999938964844,49.31999969482422,40.86189651489258,65778900,0.0,0.0,0.0
2018-03-16,49.13999938964844,49.349998474121094,49.119998931884766,49.209999084472656,40.77076721191406,66155800,0.0,0.0,0.0
2018-03-19,48.88999938964844,49.0,48.38999938964844,48.68000030517578,40.3316535949707,65394200,0.0,0.0,0.0
2018-03-20,49.09000015258789,49.34000015258789,48.97999954223633,49.220001220703125,40.779056549072266,60101700,0.0,0.0,0.0
2018-03-21,49.15999984741211,49.70000076293945,49.0099983215332,49.5099983215332,41.01931381225586,78575100,0.0,0.0,0.0
2018-03-22,48.369998931884766,48.61000061035156,47.779998779296875,47.86000061035156,39.652278900146484,87622700,0.0,0.0,0.0
2018-03-23,47.939998626708984,48.02000045776367,46.869998931884766,46.88999938964844,38.848628997802734,82908800,0.0,0.0,0.0
2018-03-26,48.099998474121094,48.470001220703125,47.54999923706055,48.40999984741211,40.10795974731445,73320800,0.0,0.0,0.0
2018-03-27,48.45000076293945,48.52000045776367,47.41999816894531,47.529998779296875,39.37887191772461,84232100,0.0,0.0,0.0
2018-03-28,47.380001068115234,47.54999923706055,46.970001220703125,47.290000915527344,39.18003463745117,78140800,0.0,0.0,0.0
2018-03-29,47.630001068115234,48.45000076293945,47.56999969482422,48.279998779296875,40.00025177001953,82685500,0.0,0.0,0.0
2018-04-02,47.95000076293945,48.16999816894531,46.959999084472656,47.40999984741211,39.279449462890625,72405700,0.0,0.0,0.0
2018-04-03,47.84000015258789,47.939998626708984,47.459999084472656,47.880001068115234,39.668853759765625,52874500,0.0,0.0,0.0
2018-04-04,46.59000015258789,47.93000030517578,46.540000915527344,47.900001525878906,39.6854248046875,68352400,0.0,0.0,0.0
2018-04-05,48.09000015258789,48.2599983215332,47.83000183105469,48.02000045776367,39.78483581542969,48247700,0.0,0.0,0.0
2018-04-06,47.540000915527344,47.869998931884766,46.79999923706055,47.08000183105469,39.00604248046875,76156700,0.0,0.0,0.0
2018-04-09,47.41999816894531,47.65999984741211,47.119998931884766,47.130001068115234,39.04747772216797,55352700,0.0,0.0,0.0
2018-04-10,47.81999969482422,48.119998931884766,47.61000061035156,48.04999923706055,39.809696197509766,87142000,0.0,0.0,0.0
2018-04-11,47.75,48.18000030517578,47.7400016784668,48.06999969482422,39.82626724243164,51569200,0.0,0.0,0.0
2018-04-12,47.970001220703125,48.189998626708984,47.88999938964844,48.04999923706055,39.809696197509766,52968500,0.0,0.0,0.0
2018-04-13,48.0099983215332,48.060001373291016,47.439998626708984,47.56999969482422,39.412017822265625,56518000,0.0,0.0,0.0
2018-04-16,47.5,47.66999816894531,47.349998474121094,47.630001068115234,39.46171951293945,43005800,0.0,0.0,0.0
2018-04-17,47.41999816894531,47.869998931884766,47.400001525878906,47.72999954223633,39.544578552246094,58168100,0.0,0.0,0.0
2018-04-18,47.90999984741211,48.310001373291016,47.84000015258789,48.13999938964844,39.88426208496094,80289500,0.0,0.0,0.0
2018-04-19,48.2599983215332,48.290000915527344,47.70000076293945,47.86000061035156,39.652278900146484,67581100,0.0,0.0,0.0
2018-04-20,47.59000015258789,47.619998931884766,47.04999923706055,47.2599983215332,39.15517807006836,80997700,0.0,0.0,0.0
2018-04-23,47.16999816894531,47.29999923706055,46.779998779296875,46.880001068115234,38.84034729003906,74337500,0.0,0.0,0.0
2018-04-24,47.2599983215332,47.36000061035156,46.43000030517578,46.65999984741211,38.6580696105957,72196800,0.0,0.0,0.0
2018-04-25,46.310001373291016,46.40999984741211,46.0099983215332,46.29999923706055,38.35980987548828,69106800,0.0,0.0,0.0
2018-04-26,46.56999969482422,47.0,46.540000915527344,46.970001220703125,38.914913177490234,45047800,0.0,0.0,0.0
2018-04-27,47.2400016784668,47.34000015258789,46.970001220703125,47.2599983215332,39.15517807006836,33545000,0.0,0.0,0.0
2018-04-30,47.43000030517578,47.4900016784668,46.90999984741211,46.91999816894531,38.87348175048828,49179000,0.0,0.0,0.0
2018-05-01,46.63999938964844,46.7599983215332,46.099998474121094,46.689998626708984,38.68292999267578,75839300,0.0,0.0,0.0
2018-05-02,46.7400016784668,46.84000015258789,46.279998779296875,46.31999969482422,38.376380920410156,66837900,0.0,0.0,0.0
2018-05-03,46.290000915527344,46.349998474121094,45.599998474121094,46.220001220703125,38.29353332519531,83449200,0.0,0.0,0.0
2018-05-04,45.77000045776367,46.59000015258789,45.72999954223633,46.43000030517578,38.4675178527832,60099100,0.0,0.0,0.0
2018-05-07,46.04999923706055,46.349998474121094,46.02000045776367,46.15999984741211,38.24382781982422,58886100,0.0,0.0,0.0
2018-05-08,46.27000045776367,46.439998626708984,45.97999954223633,46.41999816894531,38.459224700927734,58783600,0.0,0.0,0.0
2018-05-09,46.560001373291016,46.61000061035156,46.27000045776367,46.5099983215332,38.53379440307617,46129500,0.0,0.0,0.0
2018-05-10,47.06999969482422,47.650001525878906,46.9900016784668,47.47999954223633,39.33745574951172,115804000,0.0,0.0,0.0
2018-05-11,47.68000030517578,47.72999954223633,47.279998779296875,47.400001525878906,39.27116775512695,68838600,0.0,0.0,0.0
2018-05-14,47.65999984741211,47.779998779296875,47.38999938964844,47.459999084472656,39.32087707519531,34353300,0.0,0.0,0.0
2018-05-15,46.58000183105469,46.70000076293945,46.279998779296875,46.47999954223633,38.508941650390625,78379300,0.0,0.0,0.0
2018-05-16,46.91999816894531,47.27000045776367,46.91999816894531,47.18000030517578,39.08889389038086,60004200,0.0,0.0,0.0
2018-05-17,46.66999816894531,46.79999923706055,46.310001373291016,46.459999084472656,38.492366790771484,73014000,0.0,0.0,0.0
2018-05-18,46.04999923706055,46.189998626708984,45.939998626708984,46.06999969482422,38.16925048828125,59258700,0.0,0.0,0.0
2018-05-21,46.45000076293945,46.540000915527344,46.15999984741211,46.349998474121094,38.4012336730957,59330200,0.0,0.0,0.0
2018-05-22,46.54999923706055,46.75,46.45000076293945,46.5099983215332,38.53379440307617,32584700,0.0,0.0,0.0
2018-05-23,45.959999084472656,46.529998779296875,45.95000076293945,46.4900016784668,38.51722717285156,70687800,0.0,0.0,0.0
2018-05-24,46.2400016784668,46.33000183105469,45.72999954223633,46.2400016784668,38.31010437011719,79762900,0.0,0.0,0.0
2018-05-25,46.22999954223633,46.5,46.189998626708984,46.43000030517578,38.4675178527832,39374500,0.0,0.0,0.0
2018-05-29,45.7400016784668,45.880001068115234,45.119998931884766,45.349998474121094,37.572731018066406,112089900,0.0,0.0,0.0
2018-05-30,45.36000061035156,45.7599983215332,45.15999984741211,45.709999084472656,37.87099075317383,72813800,0.0,0.0,0.0
2018-05-31,45.650001525878906,45.91999816894531,45.459999084472656,45.689998626708984,37.85441970825195,92066200,0.0,0.0,0.0
2018-06-01,46.060001373291016,46.349998474121094,46.0,46.33000183105469,38.38466262817383,66762200,0.0,0.0,0.0
2018-06-04,46.720001220703125,46.90999984741211,46.70000076293945,46.79999923706055,38.7740592956543,36302900,0.0,0.0,0.0
2018-06-05,46.65999984741211,46.7400016784668,46.41999816894531,46.439998626708984,38.47580337524414,40092200,0.0,0.0,0.0
2018-06-06,46.84000015258789,47.150001525878906,46.7400016784668,47.13999938964844,39.055755615234375,46801500,0.0,0.0,0.0
2018-06-07,46.970001220703125,47.02000045776367,46.130001068115234,46.41999816894531,38.459224700927734,89752500,0.0,0.0,0.0
2018-06-08,46.16999816894531,46.529998779296875,45.9900016784668,46.33000183105469,38.38466262817383,73944700,0.0,0.0,0.0
2018-06-11,46.380001068115234,46.5,46.2599983215332,46.33000183105469,38.38466262817383,38323500,0.0,0.0,0.0
2018-06-12,46.310001373291016,46.369998931884766,46.029998779296875,46.209999084472656,38.28524398803711,57189800,0.0,0.0,0.0
2018-06-13,46.290000915527344,46.36000061035156,45.619998931884766,45.900001525878906,38.028404235839844,100698800,0.0,0.0,0.0
2018-06-14,45.900001525878906,45.9900016784668,45.540000915527344,45.59000015258789,37.771568298339844,76094800,0.0,0.0,0.0
2018-06-15,45.16999816894531,45.290000915527344,44.91999816894531,45.22999954223633,37.47330856323242,86066000,0.0,0.0,0.0
2018-06-18,44.59000015258789,44.7400016784668,44.34000015258789,44.68000030517578,37.017635345458984,83532600,0.0,0.0,0.0
2018-06-19,43.56999969482422,43.9900016784668,43.40999984741211,43.900001525878906,36.609012603759766,122657600,0.29,0.0,0.0
2018-06-20,44.29999923706055,44.36000061035156,44.040000915527344,44.09000015258789,36.7674560546875,69822800,0.0,0.0,0.0
2018-06-21,43.81999969482422,43.84000015258789,43.40999984741211,43.470001220703125,36.25042724609375,86214100,0.0,0.0,0.0
2018-06-22,44.099998474121094,44.119998931884766,43.77000045776367,43.91999816894531,36.62569046020508,48711000,0.0,0.0,0.0
2018-06-25,43.5099983215332,43.560001373291016,42.900001525878906,43.33000183105469,36.13368606567383,110854500,0.0,0.0,0.0
2018-06-26,43.349998474121094,43.43000030517578,43.04999923706055,43.15999984741211,35.99191665649414,69228700,0.0,0.0,0.0
2018-06-27,43.099998474121094,43.11000061035156,42.20000076293945,42.33000183105469,35.299766540527344,95340400,0.0,0.0,0.0
2018-06-28,42.290000915527344,42.709999084472656,42.150001525878906,42.689998626708984,35.5999755859375,105345300,0.0,0.0,0.0
2018-06-29,43.2400016784668,43.45000076293945,43.20000076293945,43.33000183105469,36.13368606567383,108877000,0.0,0.0,0.0
2018-07-02,42.619998931884766,42.970001220703125,42.529998779296875,42.900001525878906,35.77509307861328,78848700,0.0,0.0,0.0
2018-07-03,43.18000030517578,43.220001220703125,42.869998931884766,42.93000030517578,35.800106048583984,28637200,0.0,0.0,0.0
2018-07-05,43.04999923706055,43.09000015258789,42.650001525878906,42.81999969482422,35.7083854675293,67394400,0.0,0.0,0.0
2018-07-06,42.95000076293945,43.58000183105469,42.91999816894531,43.40999984741211,36.20038986206055,69933900,0.0,0.0,0.0
2018-07-09,44.0099983215332,44.20000076293945,43.790000915527344,44.189998626708984,36.85084533691406,80552700,0.0,0.0,0.0
2018-07-10,44.04999923706055,44.11000061035156,43.7400016784668,44.09000015258789,36.7674560546875,63808300,0.0,0.0,0.0
2018-07-11,43.369998931884766,43.58000183105469,43.060001373291016,43.22999954223633,36.050289154052734,58679200,0.0,0.0,0.0
2018-07-12,43.7599983215332,43.91999816894531,43.599998474121094,43.81999969482422,36.54230499267578,53833300,0.0,0.0,0.0
2018-07-13,43.77000045776367,43.95000076293945,43.619998931884766,43.849998474121094,36.56731414794922,40515300,0.0,0.0,0.0
2018-07-16,43.63999938964844,43.70000076293945,43.45000076293945,43.61000061035156,36.36717987060547,31717300,0.0,0.0,0.0
2018-07-17,43.439998626708984,44.0099983215332,43.38999938964844,43.93000030517578,36.63402557373047,46911500,0.0,0.0,0.0
2018-07-18,43.689998626708984,43.91999816894531,43.560001373291016,43.880001068115234,36.59233474731445,41182100,0.0,0.0,0.0
2018-07-19,43.20000076293945,43.529998779296875,43.060001373291016,43.34000015258789,36.14201354980469,72549300,0.0,0.0,0.0
2018-07-20,43.77000045776367,44.040000915527344,43.7400016784668,43.959999084472656,36.65904235839844,75114300,0.0,0.0,0.0
2018-07-23,43.7599983215332,43.779998779296875,43.529998779296875,43.66999816894531,36.417213439941406,57679100,0.0,0.0,0.0
2018-07-24,44.38999938964844,44.56999969482422,44.18000030517578,44.310001373291016,36.95092010498047,66639400,0.0,0.0,0.0
2018-07-25,44.599998474121094,45.060001373291016,44.47999954223633,45.029998779296875,37.55133819580078,77820500,0.0,0.0,0.0
2018-07-26,44.650001525878906,44.779998779296875,44.5,44.529998779296875,37.13438034057617,68705800,0.0,0.0,0.0
2018-07-27,44.86000061035156,44.95000076293945,44.45000076293945,44.689998626708984,37.26780700683594,63743400,0.0,0.0,0.0
2018-07-30,44.790000915527344,44.86000061035156,44.4900016784668,44.619998931884766,37.20943832397461,41541400,0.0,0.0,0.0
2018-07-31,44.619998931884766,44.93000030517578,44.5099983215332,44.86000061035156,37.40957260131836,88217500,0.0,0.0,0.0
2018-08-01,44.470001220703125,44.689998626708984,44.34000015258789,44.459999084472656,37.07600784301758,61755000,0.0,0.0,0.0
2018-08-02,43.54999923706055,43.939998626708984,43.459999084472656,43.869998931884766,36.583984375,68678600,0.0,0.0,0.0
2018-08-03,44.02000045776367,44.2599983215332,43.970001220703125,44.209999084472656,36.86751937866211,41043800,0.0,0.0,0.0
2018-08-06,43.88999938964844,44.02000045776367,43.77000045776367,43.869998931884766,36.583984375,33153800,0.0,0.0,0.0
2018-08-07,44.380001068115234,44.54999923706055,44.29999923706055,44.31999969482422,36.95925521850586,38719500,0.0,0.0,0.0
2018-08-08,44.22999954223633,44.31999969482422,44.09000015258789,44.2599983215332,36.90922164916992,30610200,0.0,0.0,0.0
2018-08-09,44.31999969482422,44.41999816894531,44.099998474121094,44.130001068115234,36.800811767578125,35013900,0.0,0.0,0.0
2018-08-10,43.13999938964844,43.33000183105469,43.04999923706055,43.189998626708984,36.01692581176758,86629900,0.0,0.0,0.0
2018-08-13,42.790000915527344,42.88999938964844,42.369998931884766,42.47999954223633,35.42484664916992,75183500,0.0,0.0,0.0
2018-08-14,42.63999938964844,42.86000061035156,42.560001373291016,42.7400016784668,35.64167404174805,56724600,0.0,0.0,0.0
2018-08-15,41.540000915527344,41.709999084472656,41.130001068115234,41.5099983215332,34.61594772338867,138633600,0.0,0.0,0.0
2018-08-16,41.91999816894531,42.11000061035156,41.75,41.77000045776367,34.83277130126953,78123900,0.0,0.0,0.0
2018-08-17,41.619998931884766,42.310001373291016,41.52000045776367,42.209999084472656,35.19969177246094,76030400,0.0,0.0,0.0
2018-08-20,42.310001373291016,42.439998626708984,42.16999816894531,42.400001525878906,35.35813903808594,50762900,0.0,0.0,0.0
2018-08-21,42.83000183105469,43.11000061035156,42.79999923706055,42.939998626708984,35.80845260620117,70462300,0.0,0.0,0.0
2018-08-22,42.97999954223633,43.349998474121094,42.97999954223633,43.279998779296875,36.091976165771484,45602900,0.0,0.0,0.0
2018-08-23,43.130001068115234,43.2599983215332,42.529998779296875,42.58000183105469,35.508243560791016,68878400,0.0,0.0,0.0
2018-08-24,43.220001220703125,43.400001525878906,43.08000183105469,43.369998931884766,36.16703796386719,69304200,0.0,0.0,0.0
2018-08-27,43.77000045776367,44.15999984741211,43.7599983215332,43.9900016784668,36.684059143066406,96574800,0.0,0.0,0.0
2018-08-28,44.11000061035156,44.18000030517578,43.7400016784668,43.83000183105469,36.550628662109375,50093400,0.0,0.0,0.0
2018-08-29,43.72999954223633,44.119998931884766,43.63999938964844,44.099998474121094,36.77579879760742,58165600,0.0,0.0,0.0
2018-08-30,43.41999816894531,43.41999816894531,42.79999923706055,42.95000076293945,35.81678771972656,120206400,0.0,0.0,0.0
2018-08-31,42.88999938964844,43.310001373291016,42.84000015258789,43.16999816894531,36.00025177001953,88660500,0.0,0.0,0.0
2018-09-04,42.4900016784668,42.4900016784668,42.22999954223633,42.33000183105469,35.299766540527344,76724700,0.0,0.0,0.0
2018-09-05,41.84000015258789,41.90999984741211,41.59000015258789,41.720001220703125,34.79106903076172,77835800,0.0,0.0,0.0
2018-09-06,41.79999923706055,41.90999984741211,41.47999954223633,41.7599983215332,34.82442855834961,73104400,0.0,0.0,0.0
2018-09-07,41.630001068115234,41.939998626708984,41.38999938964844,41.54999923706055,34.64930725097656,61590700,0.0,0.0,0.0
2018-09-10,41.540000915527344,41.540000915527344,41.09000015258789,41.13999938964844,34.30739212036133,61116600,0.0,0.0,0.0
2018-09-11,40.7400016784668,41.2400016784668,40.630001068115234,41.22999954223633,34.38245391845703,74608700,0.0,0.0,0.0
2018-09-12,41.040000915527344,41.689998626708984,40.88999938964844,41.439998626708984,34.55756759643555,116612700,0.0,0.0,0.0
2018-09-13,42.060001373291016,42.279998779296875,41.810001373291016,42.0,35.024566650390625,96306500,0.0,0.0,0.0
2018-09-14,42.22999954223633,42.279998779296875,41.7599983215332,41.959999084472656,34.991207122802734,65202700,0.0,0.0,0.0
2018-09-17,41.650001525878906,41.810001373291016,41.52000045776367,41.58000183105469,34.6743278503418,74603900,0.0,0.0,0.0
2018-09-18,41.779998779296875,42.04999923706055,41.77000045776367,41.97999954223633,35.00789260864258,52000700,0.0,0.0,0.0
2018-09-19,42.33000183105469,42.61000061035156,42.31999969482422,42.560001373291016,35.4915657043457,55892400,0.0,0.0,0.0
2018-09-20,42.93000030517578,43.060001373291016,42.689998626708984,43.029998779296875,35.88349533081055,93427400,0.0,0.0,0.0
2018-09-21,43.09000015258789,43.29999923706055,43.029998779296875,43.22999954223633,36.050289154052734,102750700,0.0,0.0,0.0
2018-09-24,42.72999954223633,42.790000915527344,42.59000015258789,42.7400016784668,35.64167404174805,54411700,0.0,0.0,0.0
2018-09-25,42.810001373291016,43.0099983215332,42.7599983215332,42.90999984741211,35.78342819213867,49467000,0.0,0.0,0.0
2018-09-26,42.97999954223633,43.5099983215332,42.939998626708984,43.0,35.858482360839844,84080400,0.0,0.0,0.0
2018-09-27,43.130001068115234,43.349998474121094,43.09000015258789,43.209999084472656,36.033607482910156,45547200,0.0,0.0,0.0
2018-09-28,42.88999938964844,43.150001525878906,42.779998779296875,42.91999816894531,35.79176330566406,64732800,0.0,0.0,0.0
2018-10-01,43.130001068115234,43.15999984741211,42.83000183105469,42.93000030517578,35.800106048583984,31030500,0.0,0.0,0.0
2018-10-02,42.369998931884766,42.599998474121094,42.2599983215332,42.38999938964844,35.349788665771484,57719700,0.0,0.0,0.0
2018-10-03,42.689998626708984,42.720001220703125,41.91999816894531,42.040000915527344,35.05792236328125,76571200,0.0,0.0,0.0
2018-10-04,41.61000061035156,41.619998931884766,40.810001373291016,40.9900016784668,34.18230438232422,132360900,0.0,0.0,0.0
2018-10-05,41.0099983215332,41.08000183105469,40.459999084472656,40.84000015258789,34.057220458984375,80578500,0.0,0.0,0.0
2018-10-08,40.560001373291016,40.9900016784668,40.47999954223633,40.900001525878906,34.107261657714844,59744400,0.0,0.0,0.0
2018-10-09,40.56999969482422,40.959999084472656,40.43000030517578,40.75,33.98216247558594,60976800,0.0,0.0,0.0
2018-10-10,40.540000915527344,40.54999923706055,39.529998779296875,39.540000915527344,32.97312545776367,99036700,0.0,0.0,0.0
2018-10-11,39.31999969482422,39.7400016784668,38.77000045776367,39.13999938964844,32.639556884765625,168923800,0.0,0.0,0.0
2018-10-12,40.2599983215332,40.36000061035156,39.7400016784668,40.290000915527344,33.598567962646484,116892100,0.0,0.0,0.0
2018-10-15,39.939998626708984,40.13999938964844,39.779998779296875,39.86000061035156,33.239986419677734,52651000,0.0,0.0,0.0
2018-10-16,40.36000061035156,40.900001525878906,40.290000915527344,40.86000061035156,34.07390213012695,65949500,0.0,0.0,0.0
2018-10-17,40.54999923706055,40.58000183105469,40.15999984741211,40.36000061035156,33.65694046020508,69718700,0.0,0.0,0.0
2018-10-18,39.93000030517578,39.959999084472656,39.15999984741211,39.29999923706055,32.772987365722656,107005100,0.0,0.0,0.0
2018-10-19,39.90999984741211,40.15999984741211,39.58000183105469,39.66999816894531,33.0815315246582,81176200,0.0,0.0,0.0
2018-10-22,40.34000015258789,40.41999816894531,39.91999816894531,40.099998474121094,33.44012451171875,67724900,0.0,0.0,0.0
2018-10-23,39.150001525878906,39.88999938964844,38.93000030517578,39.65999984741211,33.07319641113281,89864600,0.0,0.0,0.0
2018-10-24,39.459999084472656,39.5099983215332,38.36000061035156,38.380001068115234,32.00577926635742,87632500,0.0,0.0,0.0
2018-10-25,38.81999969482422,39.38999938964844,38.709999084472656,39.119998931884766,32.62288284301758,80961600,0.0,0.0,0.0
2018-10-26,38.310001373291016,38.970001220703125,38.13999938964844,38.66999816894531,32.24761199951172,139198800,0.0,0.0,0.0
2018-10-29,39.0099983215332,39.06999969482422,37.58000183105469,38.0,31.68889045715332,102322800,0.0,0.0,0.0
2018-10-30,38.22999954223633,38.75,38.150001525878906,38.7400016784668,32.30598449707031,99881500,0.0,0.0,0.0
2018-10-31,39.15999984741211,39.38999938964844,39.0,39.15999984741211,32.656227111816406,92768300,0.0,0.0,0.0
2018-11-01,39.779998779296875,40.59000015258789,39.560001373291016,40.560001373291016,33.823726654052734,120482200,0.0,0.0,0.0
2018-11-02,41.25,41.400001525878906,40.40999984741211,40.81999969482422,34.04054260253906,111324700,0.0,0.0,0.0
2018-11-05,40.810001373291016,41.02000045776367,40.709999084472656,40.93000030517578,34.13228225708008,58319600,0.0,0.0,0.0
2018-11-06,40.72999954223633,40.93000030517578,40.63999938964844,40.86000061035156,34.07390213012695,40847800,0.0,0.0,0.0
2018-11-07,41.40999984741211,41.70000076293945,41.150001525878906,41.630001068115234,34.71601867675781,81011500,0.0,0.0,0.0
2018-11-08,41.09000015258789,41.22999954223633,40.41999816894531,40.54999923706055,33.81538009643555,90610900,0.0,0.0,0.0
2018-11-09,39.93000030517578,39.97999954223633,39.4900016784668,39.79999923706055,33.18994140625,82943700,0.0,0.0,0.0
2018-11-12,39.66999816894531,39.7400016784668,39.13999938964844,39.2400016784668,32.722957611083984,68569700,0.0,0.0,0.0
2018-11-13,39.619998931884766,40.08000183105469,39.439998626708984,39.689998626708984,33.098209381103516,106305600,0.0,0.0,0.0
2018-11-14,40.060001373291016,40.189998626708984,39.56999969482422,39.93000030517578,33.29835510253906,96621100,0.0,0.0,0.0
2018-11-15,40.13999938964844,41.04999923706055,40.060001373291016,40.81999969482422,34.04054260253906,146475800,0.0,0.0,0.0
2018-11-16,40.4900016784668,41.11000061035156,40.369998931884766,40.900001525878906,34.107261657714844,135075800,0.0,0.0,0.0
2018-11-19,40.619998931884766,40.68000030517578,40.2400016784668,40.349998474121094,33.648590087890625,77777300,0.0,0.0,0.0
2018-11-20,39.720001220703125,39.90999984741211,39.34000015258789,39.47999954223633,32.923095703125,98272800,0.0,0.0,0.0
2018-11-21,40.209999084472656,40.47999954223633,40.130001068115234,40.209999084472656,33.53184509277344,68104600,0.0,0.0,0.0
2018-11-23,39.7400016784668,39.95000076293945,39.709999084472656,39.7400016784668,33.139915466308594,32048200,0.0,0.0,0.0
2018-11-26,40.29999923706055,40.41999816894531,40.08000183105469,40.22999954223633,33.54853057861328,76320100,0.0,0.0,0.0
2018-11-27,40.09000015258789,40.5099983215332,40.029998779296875,40.5099983215332,33.78202819824219,81069100,0.0,0.0,0.0
2018-11-28,40.790000915527344,41.5099983215332,40.470001220703125,41.47999954223633,34.5909309387207,121010900,0.0,0.0,0.0
2018-11-29,41.189998626708984,41.400001525878906,40.91999816894531,41.119998931884766,34.29072189331055,104239600,0.0,0.0,0.0
2018-11-30,40.959999084472656,41.16999816894531,40.79999923706055,41.08000183105469,34.257362365722656,92961200,0.0,0.0,0.0
2018-12-03,42.130001068115234,42.150001525878906,41.70000076293945,41.90999984741211,34.94951629638672,125024100,0.0,0.0,0.0
2018-12-04,41.95000076293945,42.02000045776367,40.91999816894531,41.02000045776367,34.20732879638672,134758200,0.0,0.0,0.0
2018-12-06,39.93000030517578,40.68000030517578,39.68000030517578,40.63999938964844,33.89043426513672,165155100,0.0,0.0,0.0
2018-12-07,40.58000183105469,40.849998474121094,39.779998779296875,39.880001068115234,33.25666427612305,134304600,0.0,0.0,0.0
2018-12-10,39.61000061035156,39.68000030517578,38.970001220703125,39.459999084472656,32.90641784667969,104465300,0.0,0.0,0.0
2018-12-11,40.02000045776367,40.029998779296875,39.47999954223633,39.7599983215332,33.15658950805664,104014700,0.0,0.0,0.0
2018-12-12,40.5,40.779998779296875,40.380001068115234,40.40999984741211,33.69864273071289,89712200,0.0,0.0,0.0
2018-12-13,40.560001373291016,40.68000030517578,40.349998474121094,40.400001525878906,33.6902961730957,72445400,0.0,0.0,0.0
2018-12-14,39.88999938964844,40.18000030517578,39.79999923706055,39.83000183105469,33.214969635009766,94915600,0.0,0.0,0.0
2018-12-17,39.88999938964844,40.040000915527344,39.33000183105469,39.459999084472656,32.90641784667969,109276200,0.0,0.0,0.0
2018-12-18,39.16999816894531,39.380001068115234,39.029998779296875,39.13999938964844,33.12986755371094,102509800,0.584,0.0,0.0
2018-12-19,39.33000183105469,39.72999954223633,38.16999816894531,38.4900016784668,32.57969284057617,204046200,0.0,0.0,0.0
2018-12-20,38.880001068115234,39.130001068115234,38.459999084472656,38.790000915527344,32.833621978759766,183908800,0.0,0.0,0.0
2018-12-21,38.900001525878906,39.11000061035156,38.31999969482422,38.52000045776367,32.605079650878906,143673400,0.0,0.0,0.0
2018-12-24,38.439998626708984,38.720001220703125,38.15999984741211,38.15999984741211,32.300350189208984,50709500,0.0,0.0,0.0
2018-12-26,38.40999984741211,38.959999084472656,38.040000915527344,38.91999816894531,32.94365692138672,96347200,0.0,0.0,0.0
2018-12-27,38.400001525878906,38.90999984741211,38.2400016784668,38.869998931884766,32.90133285522461,81792700,0.0,0.0,0.0
2018-12-28,39.189998626708984,39.459999084472656,39.0,39.2400016784668,33.21451950073242,72869100,0.0,0.0,0.0
2018-12-31,39.5,39.540000915527344,38.93000030517578,39.060001373291016,33.06216812133789,72972200,0.0,0.0,0.0
2019-01-02,38.59000015258789,39.189998626708984,38.58000183105469,39.15999984741211,33.14680099487305,57198800,0.0,0.0,0.0
2019-01-03,38.72999954223633,38.7599983215332,38.29999923706055,38.45000076293945,32.54582977294922,62767600,0.0,0.0,0.0
2019-01-04,39.0099983215332,39.86000061035156,38.91999816894531,39.689998626708984,33.59541320800781,103055100,0.0,0.0,0.0
2019-01-07,39.720001220703125,39.95000076293945,39.4900016784668,39.779998779296875,33.671600341796875,76597000,0.0,0.0,0.0
2019-01-08,39.79999923706055,40.0,39.56999969482422,39.93000030517578,33.79856491088867,70518200,0.0,0.0,0.0
2019-01-09,40.34000015258789,40.86000061035156,40.33000183105469,40.63999938964844,34.39954376220703,125118800,0.0,0.0,0.0
2019-01-10,40.41999816894531,40.959999084472656,40.41999816894531,40.93000030517578,34.64501953125,85207600,0.0,0.0,0.0
2019-01-11,40.599998474121094,40.79999923706055,40.5,40.72999954223633,34.47572326660156,63136200,0.0,0.0,0.0
2019-01-14,40.209999084472656,40.58000183105469,40.13999938964844,40.38999938964844,34.18793487548828,76217000,0.0,0.0,0.0
2019-01-15,40.619998931884766,40.88999938964844,40.54999923706055,40.66999816894531,34.42493438720703,78913000,0.0,0.0,0.0
2019-01-16,40.959999084472656,41.310001373291016,40.95000076293945,41.16999816894531,34.8481559753418,82543600,0.0,0.0,0.0
2019-01-17,40.84000015258789,41.54999923706055,40.79999923706055,41.349998474121094,35.00051498413086,85522800,0.0,0.0,0.0
2019-01-18,41.52000045776367,41.720001220703125,41.41999816894531,41.54999923706055,35.1698112487793,98168900,0.0,0.0,0.0
2019-01-22,41.060001373291016,41.150001525878906,40.650001525878906,40.83000183105469,34.56037902832031,101294900,0.0,0.0,0.0
2019-01-23,41.209999084472656,41.279998779296875,40.900001525878906,41.25,34.91587448120117,66625200,0.0,0.0,0.0
2019-01-24,41.279998779296875,41.68000030517578,41.279998779296875,41.650001525878906,35.25445556640625,76076900,0.0,0.0,0.0
2019-01-25,42.099998474121094,42.310001373291016,42.040000915527344,42.20000076293945,35.72000503540039,105779500,0.0,0.0,0.0
2019-01-28,41.56999969482422,41.790000915527344,41.439998626708984,41.7599983215332,35.347564697265625,85543100,0.0,0.0,0.0
2019-01-29,41.970001220703125,41.9900016784668,41.72999954223633,41.83000183105469,35.40681838989258,56518900,0.0,0.0,0.0
2019-01-30,42.08000183105469,42.83000183105469,41.880001068115234,42.7400016784668,36.177085876464844,127796800,0.0,0.0,0.0
2019-01-31,42.790000915527344,43.13999938964844,42.779998779296875,43.099998474121094,36.48179626464844,119929200,0.0,0.0,0.0
2019-02-01,42.779998779296875,42.84000015258789,42.630001068115234,42.7599983215332,36.19401168823242,65766100,0.0,0.0,0.0
2019-02-04,42.630001068115234,42.95000076293945,42.540000915527344,42.83000183105469,36.25326156616211,45770200,0.0,0.0,0.0
2019-02-05,43.029998779296875,43.459999084472656,42.959999084472656,43.41999816894531,36.752655029296875,81720100,0.0,0.0,0.0
2019-02-06,43.220001220703125,43.25,42.7400016784668,42.83000183105469,36.25326156616211,58194900,0.0,0.0,0.0
2019-02-07,42.4900016784668,42.709999084472656,42.029998779296875,42.400001525878906,35.889286041259766,101061400,0.0,0.0,0.0
2019-02-08,42.09000015258789,42.22999954223633,41.849998474121094,42.15999984741211,35.68614196777344,64212200,0.0,0.0,0.0
2019-02-11,42.2400016784668,42.2599983215332,42.0,42.02000045776367,35.56764221191406,42213400,0.0,0.0,0.0
2019-02-12,42.369998931884766,42.54999923706055,42.310001373291016,42.369998931884766,35.8638916015625,66073100,0.0,0.0,0.0
2019-02-13,42.38999938964844,42.470001220703125,41.970001220703125,42.06999969482422,35.60995864868164,82318100,0.0,0.0,0.0
2019-02-14,41.81999969482422,42.29999923706055,41.7400016784668,42.150001525878906,35.677677154541016,91302500,0.0,0.0,0.0
2019-02-15,42.130001068115234,42.130001068115234,41.95000076293945,42.09000015258789,35.62688446044922,72362200,0.0,0.0,0.0
2019-02-19,41.93000030517578,42.5099983215332,41.93000030517578,42.41999816894531,35.906219482421875,64391100,0.0,0.0,0.0
2019-02-20,42.650001525878906,42.93000030517578,42.540000915527344,42.65999984741211,36.10935592651367,73694800,0.0,0.0,0.0
2019-02-21,42.630001068115234,42.66999816894531,42.369998931884766,42.56999969482422,36.033180236816406,48092400,0.0,0.0,0.0
2019-02-22,42.93000030517578,43.15999984741211,42.84000015258789,43.040000915527344,36.43101119995117,58022200,0.0,0.0,0.0
2019-02-25,43.52000045776367,43.72999954223633,43.41999816894531,43.52000045776367,36.83729553222656,66533800,0.0,0.0,0.0
2019-02-26,43.220001220703125,43.52000045776367,43.189998626708984,43.369998931884766,36.7103385925293,58330600,0.0,0.0,0.0
2019-02-27,43.09000015258789,43.15999984741211,42.849998474121094,43.0,36.39714813232422,69471200,0.0,0.0,0.0
2019-02-28,42.720001220703125,42.7400016784668,42.439998626708984,42.439998626708984,35.92314147949219,87434700,0.0,0.0,0.0
2019-03-01,42.779998779296875,42.810001373291016,42.40999984741211,42.4900016784668,35.965476989746094,94263900,0.0,0.0,0.0
2019-03-04,42.720001220703125,42.779998779296875,42.18000030517578,42.54999923706055,36.016258239746094,94168300,0.0,0.0,0.0
2019-03-05,42.75,43.040000915527344,42.65999984741211,42.970001220703125,36.371761322021484,54576700,0.0,0.0,0.0
2019-03-06,42.9900016784668,43.04999923706055,42.65999984741211,42.72999954223633,36.16861343383789,61237800,0.0,0.0,0.0
2019-03-07,42.47999954223633,42.4900016784668,41.869998931884766,41.939998626708984,35.499916076660156,83415300,0.0,0.0,0.0
2019-03-08,41.439998626708984,41.68000030517578,41.38999938964844,41.63999938964844,35.24599075317383,97742100,0.0,0.0,0.0
2019-03-11,42.0099983215332,42.470001220703125,42.0099983215332,42.41999816894531,35.906219482421875,63002300,0.0,0.0,0.0
2019-03-12,42.63999938964844,42.75,42.560001373291016,42.63999938964844,36.092437744140625,42726900,0.0,0.0,0.0
2019-03-13,42.65999984741211,42.75,42.54999923706055,42.689998626708984,36.134765625,61450000,0.0,0.0,0.0
2019-03-14,42.52000045776367,42.540000915527344,42.290000915527344,42.459999084472656,35.9400749206543,58460400,0.0,0.0,0.0
2019-03-15,42.849998474121094,43.13999938964844,42.81999969482422,43.08000183105469,36.46487045288086,139870800,0.0,0.0,0.0
2019-03-18,43.38999938964844,43.58000183105469,43.33000183105469,43.560001373291016,36.87116622924805,42149100,0.0,0.0,0.0
2019-03-19,43.61000061035156,43.7400016784668,43.47999954223633,43.58000183105469,36.88809585571289,53192700,0.0,0.0,0.0
2019-03-20,43.439998626708984,44.0099983215332,43.13999938964844,43.650001525878906,36.94734573364258,90678800,0.0,0.0,0.0
2019-03-21,43.41999816894531,43.720001220703125,43.31999969482422,43.709999084472656,36.998130798339844,71400600,0.0,0.0,0.0
2019-03-22,43.04999923706055,43.150001525878906,42.38999938964844,42.43000030517578,35.91468811035156,118616600,0.0,0.0,0.0
2019-03-25,42.34000015258789,42.65999984741211,42.29999923706055,42.529998779296875,35.99931716918945,53285300,0.0,0.0,0.0
2019-03-26,42.66999816894531,42.779998779296875,42.43000030517578,42.65999984741211,36.10935592651367,57145800,0.0,0.0,0.0
2019-03-27,42.439998626708984,42.529998779296875,42.060001373291016,42.20000076293945,35.72000503540039,72804300,0.0,0.0,0.0
2019-03-28,42.34000015258789,42.529998779296875,42.189998626708984,42.47999954223633,35.95700454711914,41052500,0.0,0.0,0.0
2019-03-29,42.95000076293945,43.0,42.720001220703125,42.91999816894531,36.329437255859375,70439100,0.0,0.0,0.0
2019-04-01,43.5,43.66999816894531,43.400001525878906,43.630001068115234,36.930416107177734,70455500,0.0,0.0,0.0
2019-04-02,43.66999816894531,43.689998626708984,43.349998474121094,43.4900016784668,36.811912536621094,48692200,0.0,0.0,0.0
2019-04-03,43.90999984741211,44.13999938964844,43.72999954223633,43.790000915527344,37.06585693359375,73639400,0.0,0.0,0.0
2019-04-04,43.779998779296875,44.13999938964844,43.7599983215332,44.060001373291016,37.29438781738281,47028400,0.0,0.0,0.0
2019-04-05,44.18000030517578,44.41999816894531,44.13999938964844,44.400001525878906,37.58218002319336,50360800,0.0,0.0,0.0
2019-04-08,44.18000030517578,44.439998626708984,44.11000061035156,44.400001525878906,37.58218002319336,30209000,0.0,0.0,0.0
2019-04-09,44.43000030517578,44.459999084472656,44.27000045776367,44.310001373291016,37.50599670410156,49530300,0.0,0.0,0.0
2019-04-10,44.5,44.63999938964844,44.40999984741211,44.52000045776367,37.68375015258789,51143400,0.0,0.0,0.0
2019-04-11,44.20000076293945,44.22999954223633,43.91999816894531,44.040000915527344,37.2774543762207,55153600,0.0,0.0,0.0
2019-04-12,44.47999954223633,44.52000045776367,44.2599983215332,44.36000061035156,37.54832077026367,54695700,0.0,0.0,0.0
2019-04-15,44.31999969482422,44.34000015258789,43.959999084472656,44.130001068115234,37.353641510009766,37957800,0.0,0.0,0.0
2019-04-16,44.31999969482422,44.52000045776367,44.31999969482422,44.459999084472656,37.632972717285156,43860100,0.0,0.0,0.0
2019-04-17,44.77000045776367,44.84000015258789,44.47999954223633,44.59000015258789,37.743011474609375,56935400,0.0,0.0,0.0
2019-04-18,44.43000030517578,44.650001525878906,44.29999923706055,44.560001373291016,37.71760940551758,56639800,0.0,0.0,0.0
2019-04-22,44.13999938964844,44.31999969482422,44.060001373291016,44.27000045776367,37.472145080566406,35929100,0.0,0.0,0.0
2019-04-23,44.20000076293945,44.45000076293945,44.150001525878906,44.369998931884766,37.556785583496094,32829900,0.0,0.0,0.0
2019-04-24,44.06999969482422,44.08000183105469,43.630001068115234,43.77000045776367,37.04892349243164,68961600,0.0,0.0,0.0
2019-04-25,43.5,43.720001220703125,43.369998931884766,43.709999084472656,36.998130798339844,61168500,0.0,0.0,0.0
2019-04-26,43.779998779296875,43.959999084472656,43.63999938964844,43.880001068115234,37.142032623291016,55441700,0.0,0.0,0.0
2019-04-29,44.0,44.04999923706055,43.880001068115234,43.970001220703125,37.218204498291016,34398300,0.0,0.0,0.0
2019-04-30,43.849998474121094,44.029998779296875,43.630001068115234,43.93000030517578,37.18434524536133,69577000,0.0,0.0,0.0
2019-05-01,44.0099983215332,44.349998474121094,43.540000915527344,43.599998474121094,36.90502166748047,98629100,0.0,0.0,0.0
2019-05-02,43.70000076293945,43.849998474121094,43.45000076293945,43.70000076293945,36.98966979980469,53101500,0.0,0.0,0.0
2019-05-03,44.02000045776367,44.279998779296875,43.959999084472656,44.220001220703125,37.42981719970703,56642000,0.0,0.0,0.0
2019-05-06,42.84000015258789,43.38999938964844,42.790000915527344,43.310001373291016,36.659549713134766,80977000,0.0,0.0,0.0
2019-05-07,42.86000061035156,42.86000061035156,42.209999084472656,42.459999084472656,35.9400749206543,94189000,0.0,0.0,0.0
2019-05-08,42.58000183105469,42.7599983215332,42.380001068115234,42.400001525878906,35.889286041259766,73548600,0.0,0.0,0.0
2019-05-09,41.45000076293945,41.93000030517578,41.150001525878906,41.72999954223633,35.32217025756836,130849000,0.0,0.0,0.0
2019-05-10,41.849998474121094,42.11000061035156,41.34000015258789,41.97999954223633,35.53377914428711,90343300,0.0,0.0,0.0
2019-05-13,40.68000030517578,40.869998931884766,40.380001068115234,40.58000183105469,34.348758697509766,154670900,0.0,0.0,0.0
2019-05-14,41.130001068115234,41.29999923706055,40.97999954223633,41.150001525878906,34.83123016357422,89406800,0.0,0.0,0.0
2019-05-15,40.900001525878906,41.310001373291016,40.84000015258789,41.22999954223633,34.89895248413086,79039500,0.0,0.0,0.0
2019-05-16,41.16999816894531,41.41999816894531,41.0099983215332,41.029998779296875,34.729652404785156,60101000,0.0,0.0,0.0
2019-05-17,40.349998474121094,40.630001068115234,40.25,40.290000915527344,34.10329055786133,83972200,0.0,0.0,0.0
2019-05-20,40.16999816894531,40.29999923706055,39.970001220703125,40.119998931884766,33.95939254760742,53810000,0.0,0.0,0.0
2019-05-21,40.38999938964844,40.63999938964844,40.290000915527344,40.630001068115234,34.391082763671875,59832600,0.0,0.0,0.0
2019-05-22,40.58000183105469,40.619998931884766,40.38999938964844,40.43000030517578,34.22179412841797,44117200,0.0,0.0,0.0
2019-05-23,39.880001068115234,40.08000183105469,39.75,39.90999984741211,33.78164291381836,86731100,0.0,0.0,0.0
2019-05-24,40.220001220703125,40.27000045776367,39.90999984741211,39.95000076293945,33.815494537353516,66379700,0.0,0.0,0.0
2019-05-28,40.369998931884766,40.41999816894531,40.0099983215332,40.09000015258789,33.93400192260742,98395200,0.0,0.0,0.0
2019-05-29,39.93000030517578,40.369998931884766,39.880001068115234,40.349998474121094,34.15407943725586,82060400,0.0,0.0,0.0
2019-05-30,40.47999954223633,40.72999954223633,40.45000076293945,40.56999969482422,34.34029006958008,69626300,0.0,0.0,0.0
2019-05-31,40.380001068115234,40.810001373291016,40.349998474121094,40.709999084472656,34.458797454833984,85220400,0.0,0.0,0.0
2019-06-03,41.04999923706055,41.29999923706055,40.970001220703125,41.08000183105469,34.771976470947266,75619900,0.0,0.0,0.0
2019-06-04,40.90999984741211,41.20000076293945,40.81999969482422,41.16999816894531,34.8481559753418,64141900,0.0,0.0,0.0
2019-06-05,41.220001220703125,41.2400016784668,40.72999954223633,40.84000015258789,34.5688362121582,64072200,0.0,0.0,0.0
2019-06-06,40.84000015258789,40.95000076293945,40.689998626708984,40.86000061035156,34.58576202392578,47722500,0.0,0.0,0.0
2019-06-07,41.08000183105469,41.52000045776367,41.060001373291016,41.18000030517578,34.85662078857422,63584200,0.0,0.0,0.0
2019-06-10,41.560001373291016,41.810001373291016,41.470001220703125,41.61000061035156,35.2205924987793,57245800,0.0,0.0,0.0
2019-06-11,42.150001525878906,42.220001220703125,41.959999084472656,42.08000183105469,35.61842727661133,69040600,0.0,0.0,0.0
2019-06-12,41.779998779296875,41.810001373291016,41.54999923706055,41.630001068115234,35.23752975463867,55120600,0.0,0.0,0.0
2019-06-13,41.689998626708984,41.7599983215332,41.43000030517578,41.560001373291016,35.178279876708984,59717500,0.0,0.0,0.0
2019-06-14,41.290000915527344,41.310001373291016,41.08000183105469,41.099998474121094,34.788902282714844,71468300,0.0,0.0,0.0
2019-06-17,40.81999969482422,41.029998779296875,40.81999969482422,40.95000076293945,34.92621994018555,48715600,0.311,0.0,0.0
2019-06-18,41.400001525878906,42.029998779296875,41.38999938964844,41.939998626708984,35.770591735839844,112482400,0.0,0.0,0.0
2019-06-19,42.02000045776367,42.5,41.91999816894531,42.290000915527344,36.06911087036133,105746200,0.0,0.0,0.0
2019-06-20,43.18000030517578,43.209999084472656,42.7400016784668,42.90999984741211,36.59790802001953,89200400,0.0,0.0,0.0
2019-06-21,42.7400016784668,42.869998931884766,42.66999816894531,42.77000045776367,36.47850036621094,55544000,0.0,0.0,0.0
2019-06-24,42.75,42.81999969482422,42.66999816894531,42.709999084472656,36.427330017089844,37025600,0.0,0.0,0.0
2019-06-25,42.540000915527344,42.59000015258789,42.209999084472656,42.27000045776367,36.05204391479492,62167500,0.0,0.0,0.0
2019-06-26,42.599998474121094,42.81999969482422,42.56999969482422,42.66999816894531,36.39321517944336,45126700,0.0,0.0,0.0
2019-06-27,42.849998474121094,42.9900016784668,42.779998779296875,42.970001220703125,36.64908218383789,42358200,0.0,0.0,0.0
2019-06-28,42.970001220703125,43.0,42.779998779296875,42.90999984741211,36.59790802001953,66235700,0.0,0.0,0.0
2019-07-01,43.70000076293945,43.7400016784668,43.2599983215332,43.41999816894531,37.03288650512695,73169000,0.0,0.0,0.0
2019-07-02,43.380001068115234,43.40999984741211,43.189998626708984,43.310001373291016,36.93906021118164,67518700,0.0,0.0,0.0
2019-07-03,43.11000061035156,43.22999954223633,43.04999923706055,43.22999954223633,36.8708381652832,31218500,0.0,0.0,0.0
2019-07-05,42.93000030517578,43.029998779296875,42.709999084472656,42.93000030517578,36.614967346191406,51678000,0.0,0.0,0.0
2019-07-08,42.630001068115234,42.72999954223633,42.560001373291016,42.66999816894531,36.39321517944336,37679000,0.0,0.0,0.0
2019-07-09,42.33000183105469,42.59000015258789,42.31999969482422,42.540000915527344,36.28234100341797,28227600,0.0,0.0,0.0
2019-07-10,42.970001220703125,43.130001068115234,42.86000061035156,42.900001525878906,36.58937072753906,53673100,0.0,0.0,0.0
2019-07-11,43.04999923706055,43.04999923706055,42.70000076293945,42.81999969482422,36.52115249633789,44486100,0.0,0.0,0.0
2019-07-12,42.86000061035156,42.88999938964844,42.68000030517578,42.849998474121094,36.54673385620117,30512200,0.0,0.0,0.0
2019-07-15,43.029998779296875,43.099998474121094,42.970001220703125,43.0099983215332,36.68320083618164,28026300,0.0,0.0,0.0
2019-07-16,43.060001373291016,43.18000030517578,42.90999984741211,42.95000076293945,36.632022857666016,37093700,0.0,0.0,0.0
2019-07-17,42.93000030517578,43.0099983215332,42.77000045776367,42.81999969482422,36.52115249633789,32865600,0.0,0.0,0.0
2019-07-18,42.79999923706055,43.130001068115234,42.779998779296875,43.08000183105469,36.74290084838867,63374400,0.0,0.0,0.0
2019-07-19,43.20000076293945,43.220001220703125,42.81999969482422,42.86000061035156,36.555267333984375,81774700,0.0,0.0,0.0
2019-07-22,42.970001220703125,43.029998779296875,42.84000015258789,42.869998931884766,36.56378936767578,29826200,0.0,0.0,0.0
2019-07-23,42.91999816894531,43.02000045776367,42.75,42.91999816894531,36.6064338684082,37246400,0.0,0.0,0.0
2019-07-24,42.869998931884766,43.02000045776367,42.869998931884766,42.9900016784668,36.6661376953125,40358800,0.0,0.0,0.0
2019-07-25,42.900001525878906,43.11000061035156,42.529998779296875,42.61000061035156,36.342044830322266,55327700,0.0,0.0,0.0
2019-07-26,42.779998779296875,42.81999969482422,42.58000183105469,42.70000076293945,36.41879653930664,33068600,0.0,0.0,0.0
2019-07-29,42.560001373291016,42.650001525878906,42.40999984741211,42.619998931884766,36.35057067871094,31912400,0.0,0.0,0.0
2019-07-30,42.290000915527344,42.349998474121094,42.15999984741211,42.290000915527344,36.06911087036133,57335800,0.0,0.0,0.0
2019-07-31,42.27000045776367,42.29999923706055,41.279998779296875,41.77000045776367,35.62560272216797,98764700,0.0,0.0,0.0
2019-08-01,41.779998779296875,42.099998474121094,40.84000015258789,40.95000076293945,34.92621994018555,139325900,0.0,0.0,0.0
2019-08-02,40.790000915527344,40.880001068115234,40.43000030517578,40.54999923706055,34.58506393432617,92796300,0.0,0.0,0.0
2019-08-05,39.43000030517578,39.5099983215332,38.849998474121094,39.04999923706055,33.305721282958984,131194100,0.0,0.0,0.0
2019-08-06,39.720001220703125,39.810001373291016,39.349998474121094,39.61000061035156,33.7833366394043,88071500,0.0,0.0,0.0
2019-08-07,39.209999084472656,39.810001373291016,39.04999923706055,39.790000915527344,33.93686294555664,106772500,0.0,0.0,0.0
2019-08-08,40.040000915527344,40.29999923706055,39.939998626708984,40.279998779296875,34.35478210449219,81187700,0.0,0.0,0.0
2019-08-09,40.029998779296875,40.09000015258789,39.70000076293945,39.869998931884766,34.005096435546875,64704000,0.0,0.0,0.0
2019-08-12,39.369998931884766,39.52000045776367,39.279998779296875,39.38999938964844,33.595706939697266,78559800,0.0,0.0,0.0
2019-08-13,39.09000015258789,40.11000061035156,39.02000045776367,39.88999938964844,34.02214813232422,110271800,0.0,0.0,0.0
2019-08-14,39.09000015258789,39.189998626708984,38.720001220703125,38.7400016784668,33.04131317138672,102911500,0.0,0.0,0.0
2019-08-15,39.099998474121094,39.15999984741211,38.810001373291016,39.0,33.2630729675293,78018300,0.0,0.0,0.0
2019-08-16,39.36000061035156,39.70000076293945,39.36000061035156,39.540000915527344,33.72364044189453,52047900,0.0,0.0,0.0
2019-08-19,40.040000915527344,40.04999923706055,39.66999816894531,39.70000076293945,33.8600959777832,43330900,0.0,0.0,0.0
2019-08-20,39.83000183105469,39.970001220703125,39.72999954223633,39.779998779296875,33.9283332824707,44920900,0.0,0.0,0.0
2019-08-21,40.20000076293945,40.20000076293945,39.970001220703125,40.15999984741211,34.252437591552734,39677100,0.0,0.0,0.0
2019-08-22,39.86000061035156,39.91999816894531,39.529998779296875,39.63999938964844,33.808929443359375,41603000,0.0,0.0,0.0
2019-08-23,39.54999923706055,39.91999816894531,38.9900016784668,39.04999923706055,33.305721282958984,80560300,0.0,0.0,0.0
2019-08-26,39.33000183105469,39.380001068115234,39.15999984741211,39.2599983215332,33.48482131958008,58145000,0.0,0.0,0.0
2019-08-27,39.529998779296875,39.66999816894531,39.29999923706055,39.33000183105469,33.54452896118164,62899100,0.0,0.0,0.0
2019-08-28,39.2599983215332,39.5099983215332,39.15999984741211,39.439998626708984,33.63835144042969,49483900,0.0,0.0,0.0
2019-08-29,39.689998626708984,39.90999984741211,39.54999923706055,39.880001068115234,34.01362609863281,43359900,0.0,0.0,0.0
2019-08-30,40.209999084472656,40.220001220703125,39.959999084472656,40.189998626708984,34.27801513671875,57071300,0.0,0.0,0.0
2019-09-03,39.72999954223633,39.95000076293945,39.72999954223633,39.939998626708984,34.064796447753906,50339600,0.0,0.0,0.0
2019-09-04,40.4900016784668,40.65999984741211,40.400001525878906,40.61000061035156,34.63624572753906,65958900,0.0,0.0,0.0
2019-09-05,41.09000015258789,41.220001220703125,41.04999923706055,41.06999969482422,35.028568267822266,72704000,0.0,0.0,0.0
2019-09-06,41.29999923706055,41.38999938964844,41.20000076293945,41.25,35.182098388671875,48716200,0.0,0.0,0.0
2019-09-09,41.36000061035156,41.5,41.25,41.380001068115234,35.29297637939453,38554200,0.0,0.0,0.0
2019-09-10,41.34000015258789,41.4900016784668,41.16999816894531,41.40999984741211,35.31855773925781,48449600,0.0,0.0,0.0
2019-09-11,41.560001373291016,41.72999954223633,41.4900016784668,41.70000076293945,35.56590270996094,62563900,0.0,0.0,0.0
2019-09-12,41.970001220703125,42.25,41.81999969482422,42.0,35.8217658996582,74590100,0.0,0.0,0.0
2019-09-13,42.25,42.349998474121094,42.15999984741211,42.2400016784668,36.02647018432617,58403500,0.0,0.0,0.0
2019-09-16,41.90999984741211,42.11000061035156,41.810001373291016,41.90999984741211,35.74501037597656,62905800,0.0,0.0,0.0
2019-09-17,41.529998779296875,41.939998626708984,41.5,41.90999984741211,35.74501037597656,98835700,0.0,0.0,0.0
2019-09-18,41.84000015258789,41.900001525878906,41.40999984741211,41.7400016784668,35.60001754760742,70984700,0.0,0.0,0.0
2019-09-19,41.7400016784668,41.880001068115234,41.5,41.56999969482422,35.45501708984375,52527900,0.0,0.0,0.0
2019-09-20,41.880001068115234,41.93000030517578,41.439998626708984,41.61000061035156,35.4891357421875,84880500,0.0,0.0,0.0
2019-09-23,41.40999984741211,41.66999816894531,41.40999984741211,41.650001525878906,35.523258209228516,41828800,0.0,0.0,0.0
2019-09-24,41.630001068115234,41.63999938964844,41.16999816894531,41.209999084472656,35.147979736328125,57006500,0.0,0.0,0.0
2019-09-25,40.939998626708984,41.27000045776367,40.790000915527344,41.18000030517578,35.12239074707031,43393200,0.0,0.0,0.0
2019-09-26,41.25,41.29999923706055,41.04999923706055,41.16999816894531,35.113861083984375,37645800,0.0,0.0,0.0
2019-09-27,41.16999816894531,41.27000045776367,40.4900016784668,40.63999938964844,34.66183090209961,79236200,0.0,0.0,0.0
2019-09-30,40.97999954223633,41.099998474121094,40.81999969482422,40.869998931884766,34.857994079589844,43961000,0.0,0.0,0.0
2019-10-01,40.900001525878906,40.90999984741211,40.54999923706055,40.58000183105469,34.610652923583984,48520000,0.0,0.0,0.0
2019-10-02,40.279998779296875,40.34000015258789,40.06999969482422,40.27000045776367,34.346256256103516,41806300,0.0,0.0,0.0
2019-10-03,40.40999984741211,40.790000915527344,40.29999923706055,40.790000915527344,34.78976058959961,62287700,0.0,0.0,0.0
2019-10-04,40.66999816894531,41.04999923706055,40.630001068115234,40.970001220703125,34.94328308105469,54314800,0.0,0.0,0.0
2019-10-07,40.720001220703125,40.93000030517578,40.599998474121094,40.630001068115234,34.65330505371094,57065700,0.0,0.0,0.0
2019-10-08,40.54999923706055,40.599998474121094,40.310001373291016,40.34000015258789,34.40595626831055,57784200,0.0,0.0,0.0
2019-10-09,40.66999816894531,40.810001373291016,40.599998474121094,40.650001525878906,34.67035675048828,41122500,0.0,0.0,0.0
2019-10-10,40.79999923706055,41.2400016784668,40.790000915527344,41.06999969482422,35.028568267822266,49289100,0.0,0.0,0.0
2019-10-11,41.70000076293945,42.04999923706055,41.630001068115234,41.72999954223633,35.591487884521484,95248800,0.0,0.0,0.0
2019-10-14,41.68000030517578,41.7400016784668,41.540000915527344,41.54999923706055,35.43796920776367,29228200,0.0,0.0,0.0
2019-10-15,41.66999816894531,42.0099983215332,41.650001525878906,41.91999816894531,35.753536224365234,50663000,0.0,0.0,0.0
2019-10-16,41.880001068115234,42.08000183105469,41.790000915527344,42.040000915527344,35.85588455200195,40768400,0.0,0.0,0.0
2019-10-17,42.369998931884766,42.38999938964844,42.13999938964844,42.20000076293945,35.992347717285156,56380200,0.0,0.0,0.0
2019-10-18,42.11000061035156,42.220001220703125,41.869998931884766,41.97999954223633,35.80471420288086,78858900,0.0,0.0,0.0
2019-10-21,42.15999984741211,42.369998931884766,42.099998474121094,42.36000061035156,36.12882995605469,38432200,0.0,0.0,0.0
2019-10-22,42.38999938964844,42.540000915527344,42.33000183105469,42.38999938964844,36.15440368652344,53409500,0.0,0.0,0.0
2019-10-23,42.220001220703125,42.45000076293945,42.189998626708984,42.400001525878906,36.162925720214844,43342700,0.0,0.0,0.0
2019-10-24,42.58000183105469,42.59000015258789,42.369998931884766,42.400001525878906,36.162925720214844,61391900,0.0,0.0,0.0
2019-10-25,42.400001525878906,42.72999954223633,42.380001068115234,42.70000076293945,36.41879653930664,49443700,0.0,0.0,0.0
2019-10-28,42.900001525878906,43.060001373291016,42.880001068115234,42.95000076293945,36.632022857666016,56279100,0.0,0.0,0.0
2019-10-29,42.72999954223633,42.86000061035156,42.689998626708984,42.72999954223633,36.44438552856445,33949800,0.0,0.0,0.0
2019-10-30,42.630001068115234,42.91999816894531,42.45000076293945,42.91999816894531,36.6064338684082,60881000,0.0,0.0,0.0
2019-10-31,42.7599983215332,42.77000045776367,42.36000061035156,42.58000183105469,36.31645965576172,56057700,0.0,0.0,0.0
2019-11-01,43.029998779296875,43.25,43.0099983215332,43.220001220703125,36.862308502197266,72772400,0.0,0.0,0.0
2019-11-04,43.77000045776367,43.81999969482422,43.58000183105469,43.650001525878906,37.22905349731445,62191600,0.0,0.0,0.0
2019-11-05,43.90999984741211,43.939998626708984,43.70000076293945,43.900001525878906,37.442283630371094,62354500,0.0,0.0,0.0
2019-11-06,43.869998931884766,43.90999984741211,43.619998931884766,43.7599983215332,37.322879791259766,61670500,0.0,0.0,0.0
2019-11-07,44.09000015258789,44.25,44.029998779296875,44.08000183105469,37.59579849243164,97598200,0.0,0.0,0.0
2019-11-08,43.72999954223633,43.83000183105469,43.59000015258789,43.68000030517578,37.25464630126953,68666900,0.0,0.0,0.0
2019-11-11,43.13999938964844,43.41999816894531,43.099998474121094,43.369998931884766,36.990234375,47092800,0.0,0.0,0.0
2019-11-12,43.2599983215332,43.279998779296875,43.0099983215332,43.09000015258789,36.751426696777344,57453500,0.0,0.0,0.0
2019-11-13,42.65999984741211,42.84000015258789,42.599998474121094,42.7599983215332,36.469974517822266,63134600,0.0,0.0,0.0
2019-11-14,42.720001220703125,42.849998474121094,42.56999969482422,42.790000915527344,36.49555969238281,48737400,0.0,0.0,0.0
2019-11-15,43.06999969482422,43.220001220703125,43.029998779296875,43.130001068115234,36.785545349121094,67670700,0.0,0.0,0.0
2019-11-18,43.13999938964844,43.220001220703125,43.02000045776367,43.060001373291016,36.7258415222168,52545500,0.0,0.0,0.0
2019-11-19,43.380001068115234,43.380001068115234,43.09000015258789,43.150001525878906,36.80260467529297,40853600,0.0,0.0,0.0
2019-11-20,43.0,43.15999984741211,42.779998779296875,42.959999084472656,36.64054870605469,51991800,0.0,0.0,0.0
2019-11-21,42.790000915527344,42.88999938964844,42.68000030517578,42.869998931884766,36.56378936767578,43842600,0.0,0.0,0.0
2019-11-22,42.95000076293945,42.9900016784668,42.77000045776367,42.869998931884766,36.56378936767578,23519900,0.0,0.0,0.0
2019-11-25,43.13999938964844,43.34000015258789,43.099998474121094,43.29999923706055,36.930538177490234,57048200,0.0,0.0,0.0
2019-11-26,43.060001373291016,43.189998626708984,42.88999938964844,43.16999816894531,36.819664001464844,49571200,0.0,0.0,0.0
2019-11-27,43.09000015258789,43.2400016784668,43.0099983215332,43.220001220703125,36.862308502197266,30402300,0.0,0.0,0.0
2019-11-29,42.63999938964844,42.720001220703125,42.540000915527344,42.540000915527344,36.28234100341797,35476600,0.0,0.0,0.0
2019-12-02,42.66999816894531,42.68000030517578,42.369998931884766,42.529998779296875,36.273799896240234,59762300,0.0,0.0,0.0
2019-12-03,42.15999984741211,42.31999969482422,41.970001220703125,42.310001373291016,36.0861701965332,50471700,0.0,0.0,0.0
2019-12-04,42.630001068115234,42.70000076293945,42.56999969482422,42.630001068115234,36.359092712402344,47026100,0.0,0.0,0.0
2019-12-05,42.720001220703125,42.880001068115234,42.650001525878906,42.81999969482422,36.52115249633789,43346400,0.0,0.0,0.0
2019-12-06,43.06999969482422,43.130001068115234,42.97999954223633,43.06999969482422,36.734378814697266,56766600,0.0,0.0,0.0
2019-12-09,43.029998779296875,43.16999816894531,42.880001068115234,42.900001525878906,36.58937072753906,37622000,0.0,0.0,0.0
2019-12-10,42.9900016784668,43.13999938964844,42.90999984741211,43.04999923706055,36.71731185913086,34791300,0.0,0.0,0.0
2019-12-11,43.290000915527344,43.720001220703125,43.27000045776367,43.68000030517578,37.25464630126953,60083200,0.0,0.0,0.0
2019-12-12,43.810001373291016,44.5,43.77000045776367,44.439998626708984,37.90284729003906,132196700,0.0,0.0,0.0
2019-12-13,44.54999923706055,44.869998931884766,44.29999923706055,44.41999816894531,37.88578414916992,160526800,0.0,0.0,0.0
2019-12-16,43.88999938964844,44.0099983215332,43.81999969482422,43.86000061035156,38.20722579956055,81828000,0.929,0.0,0.0
2019-12-17,44.20000076293945,44.310001373291016,44.119998931884766,44.2599983215332,38.55567169189453,79046200,0.0,0.0,0.0
2019-12-18,44.459999084472656,44.5099983215332,44.36000061035156,44.5,38.76474380493164,67065000,0.0,0.0,0.0
2019-12-19,44.36000061035156,44.529998779296875,44.33000183105469,44.52000045776367,38.782169342041016,59364600,0.0,0.0,0.0
2019-12-20,44.56999969482422,44.66999816894531,44.5,44.61000061035156,38.86057662963867,69295600,0.0,0.0,0.0
2019-12-23,44.59000015258789,44.66999816894531,44.540000915527344,44.66999816894531,38.912837982177734,29479500,0.0,0.0,0.0
2019-12-24,44.58000183105469,44.619998931884766,44.47999954223633,44.56999969482422,38.82572555541992,18951500,0.0,0.0,0.0
2019-12-26,44.7400016784668,44.90999984741211,44.720001220703125,44.88999938964844,39.1044807434082,24947900,0.0,0.0,0.0
2019-12-27,45.18000030517578,45.20000076293945,44.95000076293945,45.06999969482422,39.26127624511719,48407900,0.0,0.0,0.0
2019-12-30,45.18000030517578,45.18000030517578,44.709999084472656,44.77000045776367,38.99993896484375,44522800,0.0,0.0,0.0
2019-12-31,44.79999923706055,44.91999816894531,44.68000030517578,44.869998931884766,39.087059020996094,47292800,0.0,0.0,0.0
2020-01-02,45.36000061035156,45.779998779296875,45.349998474121094,45.779998779296875,39.87977600097656,78570100,0.0,0.0,0.0
2020-01-03,45.029998779296875,45.2599983215332,44.90999984741211,44.93000030517578,39.13932418823242,78998200,0.0,0.0,0.0
2020-01-06,44.599998474121094,44.869998931884766,44.59000015258789,44.81999969482422,39.043495178222656,40085300,0.0,0.0,0.0
2020-01-07,44.790000915527344,44.900001525878906,44.689998626708984,44.790000915527344,39.01736831665039,65705300,0.0,0.0,0.0
2020-01-08,44.72999954223633,45.29999923706055,44.689998626708984,45.04999923706055,39.24386215209961,86913300,0.0,0.0,0.0
2020-01-09,45.47999954223633,45.47999954223633,45.2599983215332,45.349998474121094,39.505191802978516,53199900,0.0,0.0,0.0
2020-01-10,45.63999938964844,45.77000045776367,45.529998779296875,45.59000015258789,39.71426773071289,67573300,0.0,0.0,0.0
2020-01-13,45.90999984741211,46.31999969482422,45.810001373291016,46.29999923706055,40.33275604248047,79593800,0.0,0.0,0.0
2020-01-14,46.029998779296875,46.06999969482422,45.81999969482422,46.040000915527344,40.10626220703125,75746900,0.0,0.0,0.0
2020-01-15,45.869998931884766,45.91999816894531,45.61000061035156,45.68000030517578,39.79266357421875,60620600,0.0,0.0,0.0
2020-01-16,45.97999954223633,46.040000915527344,45.83000183105469,45.970001220703125,40.045284271240234,50712700,0.0,0.0,0.0
2020-01-17,46.119998931884766,46.2599983215332,46.0099983215332,46.22999954223633,40.27178192138672,72382100,0.0,0.0,0.0
2020-01-21,45.27000045776367,45.349998474121094,45.029998779296875,45.060001373291016,39.2525749206543,106662600,0.0,0.0,0.0
2020-01-22,45.560001373291016,45.58000183105469,45.29999923706055,45.43000030517578,39.57487869262695,57584900,0.0,0.0,0.0
2020-01-23,44.720001220703125,45.099998474121094,44.47999954223633,44.959999084472656,39.16545486450195,88714300,0.0,0.0,0.0
2020-01-24,45.02000045776367,45.029998779296875,44.38999938964844,44.599998474121094,38.85185623168945,88654500,0.0,0.0,0.0
2020-01-27,42.7400016784668,44.970001220703125,42.65999984741211,43.060001373291016,37.510337829589844,129321800,0.0,0.0,0.0
2020-01-28,43.220001220703125,43.5,43.029998779296875,43.41999816894531,37.82394027709961,82396700,0.0,0.0,0.0
2020-01-29,43.7599983215332,43.790000915527344,43.5,43.630001068115234,38.006874084472656,51814700,0.0,0.0,0.0
2020-01-30,42.65999984741211,43.029998779296875,42.43000030517578,42.97999954223633,37.440643310546875,105864200,0.0,0.0,0.0
2020-01-31,42.29999923706055,42.33000183105469,41.880001068115234,42.11000061035156,36.682777404785156,99532200,0.0,0.0,0.0
2020-02-03,42.27000045776367,42.68000030517578,42.2599983215332,42.58000183105469,37.092201232910156,71309200,0.0,0.0,0.0
2020-02-04,43.68000030517578,43.93000030517578,43.650001525878906,43.68000030517578,38.05043029785156,73939300,0.0,0.0,0.0
2020-02-05,44.459999084472656,44.470001220703125,43.900001525878906,43.93000030517578,38.26820755004883,74350800,0.0,0.0,0.0
2020-02-06,44.33000183105469,44.349998474121094,43.959999084472656,43.970001220703125,38.30305099487305,80118800,0.0,0.0,0.0
2020-02-07,43.529998779296875,43.54999923706055,43.25,43.36000061035156,37.77167892456055,58449900,0.0,0.0,0.0
2020-02-10,43.380001068115234,43.630001068115234,43.380001068115234,43.599998474121094,37.98073959350586,45350800,0.0,0.0,0.0
2020-02-11,44.13999938964844,44.40999984741211,44.08000183105469,44.16999816894531,38.47726821899414,58708400,0.0,0.0,0.0
2020-02-12,44.59000015258789,44.84000015258789,44.5,44.77000045776367,38.99993896484375,41641100,0.0,0.0,0.0
2020-02-13,44.290000915527344,44.45000076293945,44.15999984741211,44.18000030517578,38.48598861694336,64757500,0.0,0.0,0.0
2020-02-14,44.459999084472656,44.470001220703125,44.040000915527344,44.20000076293945,38.50341033935547,45095300,0.0,0.0,0.0
2020-02-18,43.88999938964844,44.04999923706055,43.810001373291016,43.90999984741211,38.25077819824219,40176200,0.0,0.0,0.0
2020-02-19,44.25,44.33000183105469,44.189998626708984,44.22999954223633,38.52954864501953,45651500,0.0,0.0,0.0
2020-02-20,43.880001068115234,44.34000015258789,43.400001525878906,43.540000915527344,37.928470611572266,109316300,0.0,0.0,0.0
2020-02-21,43.439998626708984,43.529998779296875,43.22999954223633,43.290000915527344,37.710697174072266,70553100,0.0,0.0,0.0
2020-02-24,41.459999084472656,41.90999984741211,41.43000030517578,41.66999816894531,36.29948043823242,101505600,0.0,0.0,0.0
2020-02-25,42.279998779296875,42.349998474121094,41.34000015258789,41.34000015258789,36.01200866699219,118601100,0.0,0.0,0.0
2020-02-26,41.83000183105469,42.2400016784668,41.63999938964844,41.66999816894531,36.29948043823242,109411100,0.0,0.0,0.0
2020-02-27,41.209999084472656,41.52000045776367,40.65999984741211,40.66999816894531,35.42836380004883,151063200,0.0,0.0,0.0
2020-02-28,39.54999923706055,40.619998931884766,39.279998779296875,40.52000045776367,35.297698974609375,201191200,0.0,0.0,0.0
2020-03-02,40.63999938964844,41.40999984741211,40.400001525878906,41.400001525878906,36.064273834228516,135152300,0.0,0.0,0.0
2020-03-03,41.40999984741211,42.08000183105469,40.83000183105469,41.119998931884766,35.82036590576172,141798700,0.0,0.0,0.0
2020-03-04,41.7400016784668,41.93000030517578,41.5099983215332,41.849998474121094,36.4562873840332,80064800,0.0,0.0,0.0
2020-03-05,41.52000045776367,41.68000030517578,40.79999923706055,40.970001220703125,35.689697265625,107474200,0.0,0.0,0.0
2020-03-06,40.27000045776367,40.38999938964844,39.810001373291016,40.130001068115234,34.95796203613281,104006900,0.0,0.0,0.0
2020-03-09,37.22999954223633,38.099998474121094,36.599998474121094,37.38999938964844,32.57109832763672,143376900,0.0,0.0,0.0
2020-03-10,38.95000076293945,39.33000183105469,38.16999816894531,39.290000915527344,34.22622299194336,142773700,0.0,0.0,0.0
2020-03-11,38.20000076293945,38.33000183105469,37.220001220703125,37.459999084472656,32.632076263427734,137795400,0.0,0.0,0.0
2020-03-12,34.130001068115234,34.66999816894531,32.88999938964844,33.709999084472656,29.365381240844727,171341200,0.0,0.0,0.0
2020-03-13,36.61000061035156,36.70000076293945,34.380001068115234,36.13999938964844,31.48219871520996,128272900,0.0,0.0,0.0
2020-03-16,32.0,33.47999954223633,31.59000015258789,31.6299991607666,27.553455352783203,101553900,0.0,0.0,0.0
2020-03-17,32.560001373291016,33.810001373291016,32.029998779296875,33.810001373291016,29.45249366760254,92310900,0.0,0.0,0.0
2020-03-18,30.90999984741211,32.02000045776367,30.149999618530273,30.889999389648438,26.90883445739746,101136100,0.0,0.0,0.0
2020-03-19,30.809999465942383,31.549999237060547,30.25,31.1299991607666,27.11789894104004,68919700,0.0,0.0,0.0
2020-03-20,32.59000015258789,32.720001220703125,31.25,31.360000610351562,27.31825828552246,100290200,0.0,0.0,0.0
2020-03-23,31.059999465942383,31.15999984741211,30.100000381469727,30.610000610351562,26.664920806884766,97832900,0.0,0.0,0.0
2020-03-24,32.61000061035156,32.970001220703125,32.349998474121094,32.90999984741211,28.668487548828125,84450500,0.0,0.0,0.0
2020-03-25,33.5099983215332,34.529998779296875,33.189998626708984,34.06999969482422,29.67898941040039,79588900,0.0,0.0,0.0
2020-03-26,34.36000061035156,35.45000076293945,34.279998779296875,35.36000061035156,30.8027286529541,89991500,0.0,0.0,0.0
2020-03-27,33.45000076293945,33.959999084472656,33.189998626708984,33.349998474121094,29.05177879333496,74103800,0.0,0.0,0.0
2020-03-30,33.470001220703125,33.93000030517578,33.220001220703125,33.900001525878906,29.53089714050293,47544900,0.0,0.0,0.0
2020-03-31,33.97999954223633,34.54999923706055,33.91999816894531,34.130001068115234,29.73125648498535,64131300,0.0,0.0,0.0
2020-04-01,33.099998474121094,33.33000183105469,32.619998931884766,32.66999816894531,28.459423065185547,65580600,0.0,0.0,0.0
2020-04-02,33.290000915527344,33.939998626708984,33.20000076293945,33.77000045776367,29.417652130126953,55784000,0.0,0.0,0.0
2020-04-03,33.689998626708984,33.86000061035156,32.95000076293945,33.130001068115234,28.860137939453125,68672500,0.0,0.0,0.0
2020-04-06,34.439998626708984,34.95000076293945,34.29999923706055,34.939998626708984,30.436853408813477,82394800,0.0,0.0,0.0
2020-04-07,36.09000015258789,36.119998931884766,35.04999923706055,35.119998931884766,30.593650817871094,74322600,0.0,0.0,0.0
2020-04-08,35.209999084472656,35.56999969482422,34.939998626708984,35.47999954223633,30.907258987426758,47112900,0.0,0.0,0.0
2020-04-09,35.86000061035156,36.09000015258789,35.2599983215332,35.349998474121094,30.794010162353516,67239300,0.0,0.0,0.0
2020-04-13,35.34000015258789,35.45000076293945,35.0,35.400001525878906,30.837570190429688,38193400,0.0,0.0,0.0
2020-04-14,36.209999084472656,36.47999954223633,36.0099983215332,36.209999084472656,31.543184280395508,52817400,0.0,0.0,0.0
2020-04-15,35.349998474121094,35.459999084472656,35.119998931884766,35.279998779296875,30.733036041259766,60775200,0.0,0.0,0.0
2020-04-16,35.779998779296875,35.81999969482422,35.349998474121094,35.470001220703125,30.898555755615234,37215100,0.0,0.0,0.0
2020-04-17,36.43000030517578,36.47999954223633,36.0,36.2599983215332,31.58673095703125,40870300,0.0,0.0,0.0
2020-04-20,35.880001068115234,36.2400016784668,35.72999954223633,35.79999923706055,31.186017990112305,44402700,0.0,0.0,0.0
2020-04-21,34.97999954223633,35.18000030517578,34.7400016784668,34.810001373291016,30.323612213134766,46166600,0.0,0.0,0.0
2020-04-22,35.779998779296875,35.869998931884766,35.689998626708984,35.7599983215332,31.15117073059082,37455800,0.0,0.0,0.0
2020-04-23,36.040000915527344,36.290000915527344,35.61000061035156,35.630001068115234,31.037927627563477,40733100,0.0,0.0,0.0
2020-04-24,35.689998626708984,35.7400016784668,35.25,35.58000183105469,30.994365692138672,30553700,0.0,0.0,0.0
2020-04-27,36.04999923706055,36.369998931884766,35.9900016784668,36.29999923706055,31.621570587158203,30617400,0.0,0.0,0.0
2020-04-28,36.81999969482422,36.849998474121094,36.349998474121094,36.369998931884766,31.682554244995117,34463600,0.0,0.0,0.0
2020-04-29,36.9900016784668,37.5,36.91999816894531,37.43000030517578,32.60594177246094,45483100,0.0,0.0,0.0
2020-04-30,37.2400016784668,37.36000061035156,36.400001525878906,36.63999938964844,31.917757034301758,59181700,0.0,0.0,0.0
2020-05-01,35.75,35.880001068115234,35.20000076293945,35.31999969482422,30.76788330078125,56829000,0.0,0.0,0.0
2020-05-04,35.459999084472656,35.7400016784668,35.31999969482422,35.70000076293945,31.098905563354492,37036200,0.0,0.0,0.0
2020-05-05,36.060001373291016,36.2400016784668,35.86000061035156,35.900001525878906,31.273130416870117,41772700,0.0,0.0,0.0
2020-05-06,36.119998931884766,36.15999984741211,35.77000045776367,35.790000915527344,31.177310943603516,36584500,0.0,0.0,0.0
2020-05-07,36.130001068115234,36.2400016784668,35.90999984741211,36.08000183105469,31.4299373626709,36883300,0.0,0.0,0.0
2020-05-08,36.540000915527344,36.95000076293945,36.5099983215332,36.84000015258789,32.09197998046875,60613000,0.0,0.0,0.0
2020-05-11,36.619998931884766,36.84000015258789,36.560001373291016,36.599998474121094,31.88290786743164,31053700,0.0,0.0,0.0
2020-05-12,36.900001525878906,37.15999984741211,36.45000076293945,36.459999084472656,31.76095199584961,49641400,0.0,0.0,0.0
2020-05-13,36.869998931884766,36.95000076293945,36.150001525878906,36.38999938964844,31.699981689453125,55002900,0.0,0.0,0.0
2020-05-14,35.689998626708984,36.59000015258789,35.560001373291016,36.529998779296875,31.82193374633789,58633700,0.0,0.0,0.0
2020-05-15,35.959999084472656,36.20000076293945,35.84000015258789,36.029998779296875,31.386377334594727,40402000,0.0,0.0,0.0
2020-05-18,36.91999816894531,37.52000045776367,36.90999984741211,37.439998626708984,32.614646911621094,47487700,0.0,0.0,0.0
2020-05-19,37.380001068115234,37.560001373291016,37.119998931884766,37.13999938964844,32.35331726074219,36152600,0.0,0.0,0.0
2020-05-20,37.72999954223633,37.90999984741211,37.41999816894531,37.630001068115234,32.7801628112793,43140300,0.0,0.0,0.0
2020-05-21,37.400001525878906,37.529998779296875,37.02000045776367,37.20000076293945,32.40559005737305,42845500,0.0,0.0,0.0
2020-05-22,36.619998931884766,36.619998931884766,36.310001373291016,36.43000030517578,31.734821319580078,47355000,0.0,0.0,0.0
2020-05-26,37.58000183105469,37.72999954223633,37.189998626708984,37.22999954223633,32.43171310424805,54511200,0.0,0.0,0.0
2020-05-27,37.400001525878906,37.43000030517578,36.90999984741211,37.349998474121094,32.53624725341797,47182400,0.0,0.0,0.0
2020-05-28,37.470001220703125,37.650001525878906,37.06999969482422,37.09000015258789,32.30976104736328,53388700,0.0,0.0,0.0
2020-05-29,37.349998474121094,37.79999923706055,37.09000015258789,37.72999954223633,32.86728286743164,63616700,0.0,0.0,0.0
2020-06-01,38.08000183105469,38.630001068115234,38.0099983215332,38.599998474121094,33.625144958496094,49360200,0.0,0.0,0.0
2020-06-02,39.06999969482422,39.56999969482422,38.97999954223633,39.52000045776367,34.42658233642578,54010500,0.0,0.0,0.0
2020-06-03,40.04999923706055,40.52000045776367,39.9900016784668,40.439998626708984,35.22800064086914,60769300,0.0,0.0,0.0
2020-06-04,39.90999984741211,40.18000030517578,39.66999816894531,39.869998931884766,34.731468200683594,50969300,0.0,0.0,0.0
2020-06-05,40.900001525878906,41.15999984741211,40.81999969482422,40.91999816894531,35.64613723754883,52467500,0.0,0.0,0.0
2020-06-08,40.79999923706055,41.189998626708984,40.560001373291016,41.16999816894531,35.86391830444336,39777100,0.0,0.0,0.0
2020-06-09,40.58000183105469,40.97999954223633,40.43000030517578,40.88999938964844,35.620018005371094,44389800,0.0,0.0,0.0
2020-06-10,41.0099983215332,41.310001373291016,40.66999816894531,41.189998626708984,35.881351470947266,81172700,0.0,0.0,0.0
2020-06-11,39.86000061035156,40.08000183105469,38.9900016784668,39.040000915527344,34.00844192504883,91271100,0.0,0.0,0.0
2020-06-12,40.02000045776367,40.099998474121094,39.279998779296875,39.869998931884766,34.731468200683594,73779500,0.0,0.0,0.0
2020-06-15,38.619998931884766,39.5099983215332,38.5,39.279998779296875,34.416038513183594,76868600,0.23,0.0,0.0
2020-06-16,40.27000045776367,40.27000045776367,39.25,39.529998779296875,34.63508605957031,79638000,0.0,0.0,0.0
2020-06-17,39.869998931884766,40.11000061035156,39.790000915527344,39.90999984741211,34.96804428100586,61471100,0.0,0.0,0.0
2020-06-18,39.810001373291016,40.08000183105469,39.79999923706055,39.93000030517578,34.985565185546875,48131400,0.0,0.0,0.0
2020-06-19,40.470001220703125,40.47999954223633,39.779998779296875,39.91999816894531,34.97679138183594,72411300,0.0,0.0,0.0
2020-06-22,40.189998626708984,40.5,40.099998474121094,40.40999984741211,35.4061279296875,39024200,0.0,0.0,0.0
2020-06-23,40.88999938964844,41.06999969482422,40.7599983215332,40.79999923706055,35.747833251953125,32995800,0.0,0.0,0.0
2020-06-24,40.63999938964844,40.7599983215332,39.97999954223633,40.2599983215332,35.27469253540039,51150200,0.0,0.0,0.0
2020-06-25,40.119998931884766,40.439998626708984,39.97999954223633,40.43000030517578,35.423648834228516,48199000,0.0,0.0,0.0
2020-06-26,40.310001373291016,40.33000183105469,39.77000045776367,39.939998626708984,34.994327545166016,53901200,0.0,0.0,0.0
2020-06-29,39.95000076293945,40.13999938964844,39.720001220703125,40.119998931884766,35.15202713012695,34712700,0.0,0.0,0.0
2020-06-30,40.04999923706055,40.09000015258789,39.7400016784668,39.9900016784668,35.03813552856445,67644600,0.0,0.0,0.0
2020-07-01,40.209999084472656,40.59000015258789,40.18000030517578,40.439998626708984,35.432403564453125,51766200,0.0,0.0,0.0
2020-07-02,41.310001373291016,41.599998474121094,41.18000030517578,41.36000061035156,36.23848342895508,42240200,0.0,0.0,0.0
2020-07-06,42.779998779296875,43.150001525878906,42.779998779296875,43.13999938964844,37.79807662963867,69159900,0.0,0.0,0.0
2020-07-07,42.59000015258789,42.880001068115234,42.400001525878906,42.41999816894531,37.16722869873047,34004100,0.0,0.0,0.0
2020-07-08,43.0,43.52000045776367,42.95000076293945,43.52000045776367,38.131011962890625,42278100,0.0,0.0,0.0
2020-07-09,43.900001525878906,43.959999084472656,43.130001068115234,43.52000045776367,38.131011962890625,64950400,0.0,0.0,0.0
2020-07-10,43.22999954223633,43.29999923706055,42.95000076293945,43.2400016784668,37.88569259643555,45293500,0.0,0.0,0.0
2020-07-13,43.540000915527344,43.86000061035156,42.869998931884766,42.95000076293945,37.63159942626953,47039600,0.0,0.0,0.0
2020-07-14,42.45000076293945,43.130001068115234,42.349998474121094,43.0099983215332,37.684165954589844,56528000,0.0,0.0,0.0
2020-07-15,43.27000045776367,43.349998474121094,42.970001220703125,43.13999938964844,37.79807662963867,48309100,0.0,0.0,0.0
2020-07-16,42.310001373291016,42.56999969482422,42.25,42.529998779296875,37.26360321044922,36512000,0.0,0.0,0.0
2020-07-17,42.84000015258789,42.86000061035156,42.54999923706055,42.77000045776367,37.47389602661133,40913000,0.0,0.0,0.0
2020-07-20,43.0099983215332,43.369998931884766,42.88999938964844,43.31999969482422,37.955780029296875,23319300,0.0,0.0,0.0
2020-07-21,44.0,44.02000045776367,43.70000076293945,43.720001220703125,38.30625534057617,44420500,0.0,0.0,0.0
2020-07-22,43.709999084472656,43.709999084472656,43.290000915527344,43.529998779296875,38.13978576660156,31232200,0.0,0.0,0.0
2020-07-23,43.5,43.66999816894531,42.970001220703125,43.18000030517578,37.83311462402344,39243400,0.0,0.0,0.0
2020-07-24,42.720001220703125,43.13999938964844,42.630001068115234,43.13999938964844,37.79807662963867,30184800,0.0,0.0,0.0
2020-07-27,43.439998626708984,43.84000015258789,43.310001373291016,43.810001373291016,38.38511276245117,39112200,0.0,0.0,0.0
2020-07-28,43.72999954223633,43.779998779296875,43.400001525878906,43.45000076293945,38.06968688964844,31219100,0.0,0.0,0.0
2020-07-29,43.849998474121094,44.27000045776367,43.849998474121094,44.150001525878906,38.683013916015625,37830900,0.0,0.0,0.0
2020-07-30,43.630001068115234,43.7599983215332,43.189998626708984,43.59000015258789,38.192352294921875,47900300,0.0,0.0,0.0
2020-07-31,43.630001068115234,43.63999938964844,42.959999084472656,43.290000915527344,37.92950439453125,62457700,0.0,0.0,0.0
2020-08-03,43.45000076293945,43.689998626708984,43.40999984741211,43.59000015258789,38.192352294921875,30603000,0.0,0.0,0.0
2020-08-04,43.779998779296875,44.16999816894531,43.77000045776367,44.16999816894531,38.70052719116211,40597400,0.0,0.0,0.0
2020-08-05,44.560001373291016,44.849998474121094,44.529998779296875,44.650001525878906,39.12110137939453,36768200,0.0,0.0,0.0
2020-08-06,44.52000045776367,44.810001373291016,44.36000061035156,44.790000915527344,39.2437629699707,33523700,0.0,0.0,0.0
2020-08-07,43.9900016784668,44.150001525878906,43.63999938964844,43.869998931884766,38.43767547607422,35759300,0.0,0.0,0.0
2020-08-10,43.939998626708984,44.06999969482422,43.63999938964844,43.97999954223633,38.5340576171875,26964700,0.0,0.0,0.0
2020-08-11,44.27000045776367,44.36000061035156,43.810001373291016,43.86000061035156,38.428916931152344,34166400,0.0,0.0,0.0
2020-08-12,44.310001373291016,44.58000183105469,44.209999084472656,44.45000076293945,38.945858001708984,30740100,0.0,0.0,0.0
2020-08-13,44.400001525878906,44.470001220703125,44.130001068115234,44.31999969482422,38.83195877075195,26509200,0.0,0.0,0.0
2020-08-14,44.209999084472656,44.310001373291016,44.150001525878906,44.2400016784668,38.761863708496094,24593800,0.0,0.0,0.0
2020-08-17,44.56999969482422,44.81999969482422,44.5,44.79999923706055,39.25251388549805,26422200,0.0,0.0,0.0
2020-08-18,44.79999923706055,44.869998931884766,44.459999084472656,44.75,39.208717346191406,34464800,0.0,0.0,0.0
2020-08-19,44.61000061035156,44.619998931884766,44.189998626708984,44.20000076293945,38.7268180847168,28391100,0.0,0.0,0.0
2020-08-20,43.459999084472656,44.06999969482422,43.369998931884766,44.060001373291016,38.60415267944336,38399500,0.0,0.0,0.0
2020-08-21,43.97999954223633,44.29999923706055,43.790000915527344,44.279998779296875,38.79691696166992,34657800,0.0,0.0,0.0
2020-08-24,44.939998626708984,44.970001220703125,44.599998474121094,44.77000045776367,39.226226806640625,26576500,0.0,0.0,0.0
2020-08-25,44.91999816894531,45.2599983215332,44.81999969482422,45.220001220703125,39.620513916015625,27608400,0.0,0.0,0.0
2020-08-26,45.22999954223633,45.38999938964844,45.16999816894531,45.34000015258789,39.725650787353516,31465300,0.0,0.0,0.0
2020-08-27,45.459999084472656,45.459999084472656,44.77000045776367,44.959999084472656,39.39270782470703,31947400,0.0,0.0,0.0
2020-08-28,45.2400016784668,45.560001373291016,45.119998931884766,45.54999923706055,39.90965270996094,24151700,0.0,0.0,0.0
2020-08-31,44.709999084472656,44.720001220703125,44.25,44.540000915527344,39.02471923828125,52790000,0.0,0.0,0.0
2020-09-01,44.959999084472656,45.33000183105469,44.91999816894531,45.29999923706055,39.690608978271484,34212200,0.0,0.0,0.0
2020-09-02,45.36000061035156,45.369998931884766,44.779998779296875,45.18000030517578,39.58546447753906,50638400,0.0,0.0,0.0
2020-09-03,44.939998626708984,44.95000076293945,44.040000915527344,44.31999969482422,38.83195877075195,82433300,0.0,0.0,0.0
2020-09-04,44.41999816894531,44.65999984741211,43.58000183105469,44.34000015258789,38.849483489990234,62284500,0.0,0.0,0.0
2020-09-08,43.560001373291016,43.959999084472656,43.43000030517578,43.56999969482422,38.174827575683594,50051100,0.0,0.0,0.0
2020-09-09,44.0099983215332,44.310001373291016,43.900001525878906,44.220001220703125,38.74433898925781,49010500,0.0,0.0,0.0
2020-09-10,44.27000045776367,44.34000015258789,43.5099983215332,43.5099983215332,38.122257232666016,54276200,0.0,0.0,0.0
2020-09-11,44.11000061035156,44.25,43.709999084472656,43.93000030517578,38.4902458190918,49400700,0.0,0.0,0.0
2020-09-14,44.5099983215332,44.709999084472656,44.45000076293945,44.63999938964844,39.11233139038086,38892300,0.0,0.0,0.0
2020-09-15,45.189998626708984,45.22999954223633,45.02000045776367,45.11000061035156,39.524131774902344,30541000,0.0,0.0,0.0
2020-09-16,45.25,45.40999984741211,45.029998779296875,45.04999923706055,39.4715576171875,38179100,0.0,0.0,0.0
2020-09-17,44.5099983215332,44.939998626708984,44.47999954223633,44.869998931884766,39.31385040283203,38231100,0.0,0.0,0.0
2020-09-18,44.90999984741211,44.95000076293945,44.45000076293945,44.52000045776367,39.0071907043457,34270500,0.0,0.0,0.0
2020-09-21,43.77000045776367,44.13999938964844,43.38999938964844,44.11000061035156,38.64795684814453,42901100,0.0,0.0,0.0
2020-09-22,43.95000076293945,43.970001220703125,43.41999816894531,43.779998779296875,38.35881805419922,44884000,0.0,0.0,0.0
2020-09-23,43.650001525878906,43.72999954223633,43.060001373291016,43.099998474121094,37.76302719116211,40837000,0.0,0.0,0.0
2020-09-24,42.5,43.20000076293945,42.43000030517578,42.900001525878906,37.587791442871094,46493800,0.0,0.0,0.0
2020-09-25,42.540000915527344,42.959999084472656,42.290000915527344,42.939998626708984,37.62284469604492,44165700,0.0,0.0,0.0
2020-09-28,43.5099983215332,43.599998474121094,43.209999084472656,43.41999816894531,38.04339599609375,45528300,0.0,0.0,0.0
2020-09-29,43.290000915527344,43.529998779296875,43.25,43.38999938964844,38.01711654663086,25333200,0.0,0.0,0.0
2020-09-30,43.72999954223633,44.209999084472656,43.70000076293945,44.09000015258789,38.630428314208984,48674300,0.0,0.0,0.0
2020-10-01,44.41999816894531,44.529998779296875,44.15999984741211,44.5,38.98966598510742,51521100,0.0,0.0,0.0
2020-10-02,43.83000183105469,44.380001068115234,43.779998779296875,43.9900016784668,38.542816162109375,32647100,0.0,0.0,0.0
2020-10-05,44.22999954223633,44.58000183105469,44.22999954223633,44.58000183105469,39.05976104736328,36059100,0.0,0.0,0.0
2020-10-06,44.720001220703125,45.0,44.5099983215332,44.65999984741211,39.129859924316406,43464800,0.0,0.0,0.0
2020-10-07,45.06999969482422,45.290000915527344,44.939998626708984,45.150001525878906,39.55917739868164,45691100,0.0,0.0,0.0
2020-10-08,45.310001373291016,45.56999969482422,44.95000076293945,45.52000045776367,39.883365631103516,29669900,0.0,0.0,0.0
2020-10-09,45.630001068115234,45.959999084472656,45.5,45.83000183105469,40.15498733520508,31901900,0.0,0.0,0.0
2020-10-12,46.08000183105469,46.34000015258789,45.97999954223633,46.22999954223633,40.50544357299805,40037700,0.0,0.0,0.0
2020-10-13,46.06999969482422,46.099998474121094,45.79999923706055,46.040000915527344,40.338966369628906,35585000,0.0,0.0,0.0
2020-10-14,46.02000045776367,46.13999938964844,45.709999084472656,45.72999954223633,40.067359924316406,42300500,0.0,0.0,0.0
2020-10-15,45.06999969482422,45.439998626708984,45.02000045776367,45.400001525878906,39.77822494506836,41119300,0.0,0.0,0.0
2020-10-16,45.560001373291016,45.689998626708984,45.40999984741211,45.560001373291016,39.91841125488281,31611400,0.0,0.0,0.0
2020-10-19,45.70000076293945,45.88999938964844,45.34000015258789,45.43000030517578,39.80450439453125,30869500,0.0,0.0,0.0
2020-10-20,45.709999084472656,46.16999816894531,45.689998626708984,45.93000030517578,40.24259948730469,51631300,0.0,0.0,0.0
2020-10-21,46.0,46.31999969482422,45.939998626708984,46.060001373291016,40.35649490356445,42909300,0.0,0.0,0.0
2020-10-22,46.13999938964844,46.18000030517578,45.81999969482422,46.04999923706055,40.34773635864258,41884100,0.0,0.0,0.0
2020-10-23,46.09000015258789,46.31999969482422,45.869998931884766,46.31999969482422,40.58430099487305,36931400,0.0,0.0,0.0
2020-10-26,45.77000045776367,46.040000915527344,45.349998474121094,45.720001220703125,40.058597564697266,53574300,0.0,0.0,0.0
2020-10-27,45.849998474121094,46.04999923706055,45.70000076293945,45.91999816894531,40.23383331298828,41828600,0.0,0.0,0.0
2020-10-28,45.189998626708984,45.25,44.72999954223633,44.77000045776367,39.226226806640625,67047200,0.0,0.0,0.0
2020-10-29,44.939998626708984,45.369998931884766,44.779998779296875,45.220001220703125,39.620513916015625,44763400,0.0,0.0,0.0
2020-10-30,44.849998474121094,44.91999816894531,44.40999984741211,44.709999084472656,39.173667907714844,66155200,0.0,0.0,0.0
2020-11-02,45.18000030517578,45.29999923706055,44.91999816894531,45.279998779296875,39.67308807373047,51001600,0.0,0.0,0.0
2020-11-03,45.36000061035156,45.599998474121094,45.18000030517578,45.47999954223633,39.84832000732422,49744300,0.0,0.0,0.0
2020-11-04,46.09000015258789,47.09000015258789,46.0,46.90999984741211,41.10124588012695,81110200,0.0,0.0,0.0
2020-11-05,47.709999084472656,47.90999984741211,47.310001373291016,47.709999084472656,41.80217361450195,78029300,0.0,0.0,0.0
2020-11-06,47.66999816894531,48.11000061035156,47.540000915527344,47.93000030517578,41.994937896728516,57353300,0.0,0.0,0.0
2020-11-09,49.47999954223633,49.529998779296875,48.2400016784668,48.2599983215332,42.28407669067383,74889400,0.0,0.0,0.0
2020-11-10,48.06999969482422,48.189998626708984,47.5,47.709999084472656,41.80217361450195,68735600,0.0,0.0,0.0
2020-11-11,47.63999938964844,48.099998474121094,47.560001373291016,48.02000045776367,42.07379150390625,46272000,0.0,0.0,0.0
2020-11-12,48.13999938964844,48.310001373291016,47.540000915527344,47.65999984741211,41.75836944580078,41292600,0.0,0.0,0.0
2020-11-13,48.2400016784668,48.36000061035156,47.9900016784668,48.33000183105469,42.34540557861328,48143400,0.0,0.0,0.0
2020-11-16,48.849998474121094,49.09000015258789,48.7599983215332,48.93000030517578,42.871116638183594,63565900,0.0,0.0,0.0
2020-11-17,48.630001068115234,49.0099983215332,48.560001373291016,48.880001068115234,42.827308654785156,34661600,0.0,0.0,0.0
2020-11-18,49.09000015258789,49.099998474121094,48.70000076293945,48.709999084472656,42.67835235595703,32343400,0.0,0.0,0.0
2020-11-19,48.47999954223633,48.86000061035156,48.380001068115234,48.790000915527344,42.748443603515625,27524000,0.0,0.0,0.0
2020-11-20,48.900001525878906,49.20000076293945,48.86000061035156,49.060001373291016,42.985015869140625,35259100,0.0,0.0,0.0
2020-11-23,49.59000015258789,49.599998474121094,49.08000183105469,49.189998626708984,43.09892272949219,38979600,0.0,0.0,0.0
2020-11-24,49.599998474121094,49.880001068115234,49.34000015258789,49.849998474121094,43.677188873291016,39275200,0.0,0.0,0.0
2020-11-25,49.400001525878906,49.599998474121094,49.2599983215332,49.56999969482422,43.43185806274414,47358000,0.0,0.0,0.0
2020-11-27,49.95000076293945,50.16999816894531,49.90999984741211,50.040000915527344,43.84366226196289,27040300,0.0,0.0,0.0
2020-11-30,49.310001373291016,49.310001373291016,48.709999084472656,48.72999954223633,42.69587707519531,60622800,0.0,0.0,0.0
2020-12-01,49.59000015258789,49.880001068115234,49.349998474121094,49.689998626708984,43.5369987487793,50376400,0.0,0.0,0.0
2020-12-02,49.61000061035156,49.86000061035156,49.41999816894531,49.7599983215332,43.59832763671875,42826100,0.0,0.0,0.0
2020-12-03,50.22999954223633,50.58000183105469,50.189998626708984,50.33000183105469,44.09775161743164,61408300,0.0,0.0,0.0
2020-12-04,50.720001220703125,50.880001068115234,50.630001068115234,50.849998474121094,44.5533561706543,42230900,0.0,0.0,0.0
2020-12-07,50.779998779296875,50.9900016784668,50.650001525878906,50.849998474121094,44.5533561706543,43115100,0.0,0.0,0.0
2020-12-08,50.790000915527344,50.869998931884766,50.630001068115234,50.869998931884766,44.570884704589844,28632600,0.0,0.0,0.0
2020-12-09,51.029998779296875,51.029998779296875,50.189998626708984,50.43000030517578,44.18537139892578,40762600,0.0,0.0,0.0
2020-12-10,50.369998931884766,51.13999938964844,50.34000015258789,51.08000183105469,44.7548828125,36032000,0.0,0.0,0.0
2020-12-11,50.7599983215332,50.90999984741211,50.630001068115234,50.720001220703125,44.439456939697266,38034400,0.0,0.0,0.0
2020-12-14,50.31999969482422,50.349998474121094,49.90999984741211,49.939998626708984,44.208412170410156,34407200,0.519,0.0,0.0
2020-12-15,50.15999984741211,50.5099983215332,50.02000045776367,50.47999954223633,44.68643569946289,39345000,0.0,0.0,0.0
2020-12-16,50.58000183105469,50.79999923706055,50.470001220703125,50.720001220703125,44.898895263671875,38243300,0.0,0.0,0.0
2020-12-17,51.04999923706055,51.11000061035156,50.88999938964844,51.04999923706055,45.191017150878906,36323800,0.0,0.0,0.0
2020-12-18,50.95000076293945,51.02000045776367,50.779998779296875,50.9900016784668,45.137908935546875,47662800,0.0,0.0,0.0
2020-12-21,49.86000061035156,50.45000076293945,49.84000015258789,50.2400016784668,44.47398376464844,48558100,0.0,0.0,0.0
2020-12-22,50.11000061035156,50.15999984741211,49.77000045776367,49.84000015258789,44.11988830566406,35229900,0.0,0.0,0.0
2020-12-23,50.31999969482422,50.459999084472656,50.25,50.349998474121094,44.571353912353516,36469400,0.0,0.0,0.0
2020-12-24,50.209999084472656,50.33000183105469,49.86000061035156,50.130001068115234,44.376609802246094,20689000,0.0,0.0,0.0
2020-12-28,50.369998931884766,50.439998626708984,50.15999984741211,50.27000045776367,44.50053405761719,26906100,0.0,0.0,0.0
2020-12-29,50.720001220703125,51.060001373291016,50.68000030517578,51.02000045776367,45.164466857910156,41965900,0.0,0.0,0.0
2020-12-30,51.63999938964844,51.880001068115234,51.59000015258789,51.70000076293945,45.766422271728516,35759500,0.0,0.0,0.0
2020-12-31,51.9900016784668,52.0,51.36000061035156,51.66999816894531,45.739864349365234,35680200,0.0,0.0,0.0
2021-01-04,52.619998931884766,52.810001373291016,51.83000183105469,52.0,46.0319938659668,48201300,0.0,0.0,0.0
2021-01-05,52.4900016784668,53.27000045776367,52.4900016784668,53.25,47.138519287109375,53358000,0.0,0.0,0.0
2021-01-06,52.849998474121094,53.439998626708984,52.65999984741211,52.79999923706055,46.740169525146484,56418700,0.0,0.0,0.0
2021-01-07,53.08000183105469,53.29999923706055,52.81999969482422,53.29999923706055,47.18278884887695,41031300,0.0,0.0,0.0
2021-01-08,54.25,54.7400016784668,53.939998626708984,54.709999084472656,48.43095779418945,76024300,0.0,0.0,0.0
2021-01-11,53.9900016784668,54.29999923706055,53.90999984741211,53.970001220703125,47.7758903503418,40816400,0.0,0.0,0.0
2021-01-12,54.310001373291016,54.61000061035156,54.15999984741211,54.5,48.24506378173828,47570500,0.0,0.0,0.0
2021-01-13,54.599998474121094,54.88999938964844,54.279998779296875,54.619998931884766,48.35129165649414,33561200,0.0,0.0,0.0
2021-01-14,55.220001220703125,55.47999954223633,55.060001373291016,55.130001068115234,48.80276107788086,38837200,0.0,0.0,0.0
2021-01-15,54.560001373291016,54.66999816894531,54.209999084472656,54.349998474121094,48.11227798461914,58519000,0.0,0.0,0.0
2021-01-19,55.5,55.540000915527344,55.119998931884766,55.25,48.90898895263672,50429300,0.0,0.0,0.0
2021-01-20,56.20000076293945,56.2599983215332,55.95000076293945,56.220001220703125,49.76766586303711,38832500,0.0,0.0,0.0
2021-01-21,56.40999984741211,56.45000076293945,56.11000061035156,56.31999969482422,49.85618591308594,31457000,0.0,0.0,0.0
2021-01-22,55.540000915527344,55.95000076293945,55.470001220703125,55.83000183105469,49.422428131103516,48223800,0.0,0.0,0.0
2021-01-25,56.45000076293945,56.540000915527344,55.709999084472656,56.25,49.794219970703125,50793700,0.0,0.0,0.0
2021-01-26,55.790000915527344,55.93000030517578,55.529998779296875,55.84000015258789,49.431270599365234,32283000,0.0,0.0,0.0
2021-01-27,54.65999984741211,54.880001068115234,54.25,54.290000915527344,48.059165954589844,45279700,0.0,0.0,0.0
2021-01-28,54.189998626708984,54.869998931884766,54.04999923706055,54.66999816894531,48.395545959472656,38055000,0.0,0.0,0.0
2021-01-29,53.720001220703125,53.849998474121094,53.04999923706055,53.310001373291016,47.1916389465332,57657800,0.0,0.0,0.0
2021-02-01,54.41999816894531,54.849998474121094,54.15999984741211,54.75,48.46636962890625,51427000,0.0,0.0,0.0
2021-02-02,55.54999923706055,55.59000015258789,55.290000915527344,55.459999084472656,49.094886779785156,33172200,0.0,0.0,0.0
2021-02-03,55.83000183105469,55.95000076293945,55.56999969482422,55.7400016784668,49.34274673461914,32363100,0.0,0.0,0.0
2021-02-04,55.68000030517578,55.79999923706055,55.34000015258789,55.7599983215332,49.36044692993164,40161800,0.0,0.0,0.0
2021-02-05,56.0099983215332,56.2599983215332,55.79999923706055,56.2400016784668,49.785362243652344,24242300,0.0,0.0,0.0
2021-02-08,56.040000915527344,56.439998626708984,56.029998779296875,56.34000015258789,49.87389373779297,21606000,0.0,0.0,0.0
2021-02-09,56.349998474121094,56.9900016784668,56.34000015258789,56.939998626708984,50.405025482177734,27200000,0.0,0.0,0.0
2021-02-10,57.45000076293945,57.529998779296875,56.79999923706055,57.13999938964844,50.58207321166992,30531200,0.0,0.0,0.0
2021-02-11,57.650001525878906,58.0,57.540000915527344,57.75,51.122066497802734,48875000,0.0,0.0,0.0
2021-02-12,57.5,57.970001220703125,57.40999984741211,57.79999923706055,51.166324615478516,28400400,0.0,0.0,0.0
2021-02-16,58.130001068115234,58.290000915527344,57.790000915527344,57.939998626708984,51.29025650024414,34954000,0.0,0.0,0.0
2021-02-17,57.84000015258789,58.0,57.54999923706055,57.959999084472656,51.30796432495117,37789100,0.0,0.0,0.0
2021-02-18,57.02000045776367,57.15999984741211,56.540000915527344,57.15999984741211,50.59977722167969,46118400,0.0,0.0,0.0
2021-02-19,57.5,57.810001373291016,57.34000015258789,57.529998779296875,50.92730712890625,39809800,0.0,0.0,0.0
2021-02-22,56.0,56.369998931884766,55.779998779296875,55.84000015258789,49.431270599365234,46924200,0.0,0.0,0.0
2021-02-23,55.47999954223633,56.279998779296875,54.790000915527344,56.09000015258789,49.65258026123047,40316200,0.0,0.0,0.0
2021-02-24,55.15999984741211,55.75,54.81999969482422,55.72999954223633,49.333900451660156,36631300,0.0,0.0,0.0
2021-02-25,55.7599983215332,55.900001525878906,54.380001068115234,54.459999084472656,48.20965576171875,50895200,0.0,0.0,0.0
2021-02-26,54.11000061035156,54.150001525878906,53.38999938964844,53.72999954223633,47.563438415527344,68933600,0.0,0.0,0.0
2021-03-01,54.81999969482422,55.33000183105469,54.70000076293945,55.16999816894531,48.838172912597656,53421400,0.0,0.0,0.0
2021-03-02,54.869998931884766,54.90999984741211,54.459999084472656,54.630001068115234,48.360145568847656,38533600,0.0,0.0,0.0
2021-03-03,55.040000915527344,55.18000030517578,54.31999969482422,54.52000045776367,48.26276397705078,43013300,0.0,0.0,0.0
2021-03-04,54.29999923706055,54.54999923706055,52.970001220703125,53.25,47.138519287109375,70653800,0.0,0.0,0.0
2021-03-05,54.0099983215332,54.029998779296875,52.79999923706055,53.83000183105469,47.65196228027344,64018500,0.0,0.0,0.0
2021-03-08,52.880001068115234,53.029998779296875,52.25,52.380001068115234,46.368377685546875,54120600,0.0,0.0,0.0
2021-03-09,53.150001525878906,53.83000183105469,53.08000183105469,53.529998779296875,47.38639450073242,42450100,0.0,0.0,0.0
2021-03-10,53.77000045776367,53.790000915527344,53.040000915527344,53.290000915527344,47.17394256591797,42853900,0.0,0.0,0.0
2021-03-11,54.5099983215332,55.040000915527344,54.27000045776367,54.970001220703125,48.66112518310547,57247200,0.0,0.0,0.0
2021-03-12,53.84000015258789,53.9900016784668,53.58000183105469,53.9900016784668,47.793601989746094,41559600,0.0,0.0,0.0
2021-03-15,53.72999954223633,54.130001068115234,53.59000015258789,54.119998931884766,47.90867614746094,32447400,0.0,0.0,0.0
2021-03-16,54.290000915527344,54.54999923706055,54.11000061035156,54.349998474121094,48.11227798461914,41261600,0.0,0.0,0.0
2021-03-17,53.650001525878906,54.65999984741211,53.52000045776367,54.41999816894531,48.17424392700195,57032400,0.0,0.0,0.0
2021-03-18,53.93000030517578,54.09000015258789,53.38999938964844,53.41999816894531,47.28901290893555,49205900,0.0,0.0,0.0
2021-03-19,53.5,54.08000183105469,53.33000183105469,54.08000183105469,47.87327194213867,60265700,0.0,0.0,0.0
2021-03-22,53.7400016784668,54.08000183105469,53.54999923706055,53.91999816894531,47.73162841796875,24860300,0.0,0.0,0.0
2021-03-23,53.220001220703125,53.400001525878906,52.86000061035156,52.88999938964844,46.81985092163086,40356400,0.0,0.0,0.0
2021-03-24,52.54999923706055,52.630001068115234,51.68000030517578,51.68000030517578,45.748714447021484,45315400,0.0,0.0,0.0
2021-03-25,51.560001373291016,52.06999969482422,51.52000045776367,51.91999816894531,45.9611701965332,73684400,0.0,0.0,0.0
2021-03-26,52.400001525878906,53.31999969482422,52.15999984741211,53.27000045776367,47.15623092651367,142402800,0.0,0.0,0.0
2021-03-29,52.84000015258789,53.119998931884766,52.63999938964844,52.900001525878906,46.828697204589844,51309500,0.0,0.0,0.0
2021-03-30,52.880001068115234,53.18000030517578,52.72999954223633,53.06999969482422,46.97918701171875,44414300,0.0,0.0,0.0
2021-03-31,53.0099983215332,53.52000045776367,53.0099983215332,53.34000015258789,47.21820068359375,38807500,0.0,0.0,0.0
2021-04-01,54.119998931884766,54.220001220703125,53.810001373291016,53.86000061035156,47.67851638793945,44592700,0.0,0.0,0.0
2021-04-05,54.189998626708984,54.25,53.95000076293945,54.06999969482422,47.864410400390625,30891600,0.0,0.0,0.0
2021-04-06,54.08000183105469,54.599998474121094,53.959999084472656,54.369998931884766,48.129981994628906,31509200,0.0,0.0,0.0
2021-04-07,53.61000061035156,53.75,53.380001068115234,53.56999969482422,47.42179870605469,47888100,0.0,0.0,0.0
2021-04-08,54.119998931884766,54.279998779296875,53.9900016784668,54.0099983215332,47.81129837036133,50373000,0.0,0.0,0.0
2021-04-09,53.4900016784668,53.56999969482422,53.369998931884766,53.54999923706055,47.404090881347656,35808300,0.0,0.0,0.0
2021-04-12,53.18000030517578,53.290000915527344,53.060001373291016,53.22999954223633,47.12082290649414,30045900,0.0,0.0,0.0
2021-04-13,53.2400016784668,53.63999938964844,53.15999984741211,53.45000076293945,47.31556701660156,33697900,0.0,0.0,0.0
2021-04-14,53.93000030517578,54.040000915527344,53.66999816894531,53.720001220703125,47.554588317871094,27449500,0.0,0.0,0.0
2021-04-15,54.15999984741211,54.2599983215332,53.9900016784668,54.209999084472656,47.988346099853516,42622000,0.0,0.0,0.0
2021-04-16,54.349998474121094,54.43000030517578,54.099998474121094,54.349998474121094,48.11227798461914,32031300,0.0,0.0,0.0
2021-04-19,54.2400016784668,54.34000015258789,53.959999084472656,54.150001525878906,47.93523406982422,34318500,0.0,0.0,0.0
2021-04-20,54.09000015258789,54.20000076293945,53.560001373291016,53.709999084472656,47.54573440551758,27732600,0.0,0.0,0.0
2021-04-21,53.459999084472656,54.06999969482422,53.34000015258789,54.040000915527344,47.83785629272461,33407600,0.0,0.0,0.0
2021-04-22,54.08000183105469,54.189998626708984,53.68000030517578,53.849998474121094,47.6696662902832,39452000,0.0,0.0,0.0
2021-04-23,54.380001068115234,54.689998626708984,54.34000015258789,54.630001068115234,48.360145568847656,27062900,0.0,0.0,0.0
2021-04-26,54.540000915527344,54.75,54.43000030517578,54.70000076293945,48.422115325927734,26805200,0.0,0.0,0.0
2021-04-27,54.689998626708984,54.84000015258789,54.58000183105469,54.66999816894531,48.395545959472656,25563100,0.0,0.0,0.0
2021-04-28,54.93000030517578,55.34000015258789,54.7599983215332,55.08000183105469,48.75850296020508,37381000,0.0,0.0,0.0
2021-04-29,55.2599983215332,55.27000045776367,54.5,54.95000076293945,48.64341735839844,36617000,0.0,0.0,0.0
2021-04-30,54.27000045776367,54.369998931884766,53.849998474121094,53.97999954223633,47.78474426269531,46299900,0.0,0.0,0.0
2021-05-03,53.939998626708984,54.22999954223633,53.7599983215332,53.97999954223633,47.78474426269531,20628000,0.0,0.0,0.0
2021-05-04,53.58000183105469,53.65999984741211,52.97999954223633,53.369998931884766,47.24475860595703,38634800,0.0,0.0,0.0
2021-05-05,53.630001068115234,53.79999923706055,53.459999084472656,53.619998931884766,47.466060638427734,26062900,0.0,0.0,0.0
2021-05-06,53.900001525878906,54.15999984741211,53.72999954223633,54.130001068115234,47.917537689208984,29454200,0.0,0.0,0.0
2021-05-07,54.459999084472656,54.93000030517578,54.38999938964844,54.689998626708984,48.41325759887695,41590600,0.0,0.0,0.0
2021-05-10,54.470001220703125,54.4900016784668,53.65999984741211,53.709999084472656,47.54573440551758,40686800,0.0,0.0,0.0
2021-05-11,52.70000076293945,53.58000183105469,52.65999984741211,53.560001373291016,47.41294860839844,37374100,0.0,0.0,0.0
2021-05-12,52.68000030517578,52.90999984741211,52.0099983215332,52.08000183105469,46.102813720703125,53632900,0.0,0.0,0.0
2021-05-13,52.2400016784668,52.5099983215332,51.7400016784668,52.0099983215332,46.04084014892578,42935200,0.0,0.0,0.0
2021-05-14,52.61000061035156,53.040000915527344,52.47999954223633,52.95000076293945,46.87295913696289,40363000,0.0,0.0,0.0
2021-05-17,52.61000061035156,52.939998626708984,52.529998779296875,52.900001525878906,46.828697204589844,23169500,0.0,0.0,0.0
2021-05-18,53.59000015258789,53.880001068115234,53.52000045776367,53.61000061035156,47.45720672607422,32405300,0.0,0.0,0.0
2021-05-19,52.95000076293945,53.650001525878906,52.90999984741211,53.45000076293945,47.31556701660156,46284100,0.0,0.0,0.0
2021-05-20,53.529998779296875,53.869998931884766,53.52000045776367,53.7599983215332,47.589988708496094,33273000,0.0,0.0,0.0
2021-05-21,53.7400016784668,53.7400016784668,53.060001373291016,53.13999938964844,47.04115295410156,39110900,0.0,0.0,0.0
2021-05-24,53.38999938964844,53.709999084472656,53.279998779296875,53.58000183105469,47.4306526184082,22436200,0.0,0.0,0.0
2021-05-25,54.27000045776367,54.36000061035156,54.029998779296875,54.11000061035156,47.89982604980469,40993700,0.0,0.0,0.0
2021-05-26,54.31999969482422,54.56999969482422,54.29999923706055,54.5099983215332,48.253910064697266,26984700,0.0,0.0,0.0
2021-05-27,54.560001373291016,54.66999816894531,54.400001525878906,54.52000045776367,48.26276397705078,35598900,0.0,0.0,0.0
2021-05-28,54.65999984741211,55.0,54.63999938964844,54.869998931884766,48.572601318359375,43730300,0.0,0.0,0.0
2021-06-01,56.13999938964844,56.18000030517578,55.81999969482422,56.0,49.57291030883789,41656100,0.0,0.0,0.0
2021-06-02,55.91999816894531,56.130001068115234,55.77000045776367,56.09000015258789,49.65258026123047,24532400,0.0,0.0,0.0
2021-06-03,55.5099983215332,55.65999984741211,55.34000015258789,55.4900016784668,49.12144470214844,40790400,0.0,0.0,0.0
2021-06-04,55.880001068115234,56.029998779296875,55.79999923706055,55.9900016784668,49.564056396484375,29038100,0.0,0.0,0.0
2021-06-07,55.709999084472656,55.7400016784668,55.459999084472656,55.709999084472656,49.316192626953125,24830500,0.0,0.0,0.0
2021-06-08,55.52000045776367,55.54999923706055,55.2599983215332,55.439998626708984,49.07717514038086,38113700,0.0,0.0,0.0
2021-06-09,55.380001068115234,55.529998779296875,55.22999954223633,55.279998779296875,48.93553924560547,30916900,0.0,0.0,0.0
2021-06-10,55.2400016784668,55.560001373291016,55.189998626708984,55.47999954223633,49.32763671875,28571100,0.241,0.0,0.0
2021-06-11,55.34000015258789,55.38999938964844,55.11000061035156,55.290000915527344,49.15870666503906,28375700,0.0,0.0,0.0
2021-06-14,55.33000183105469,55.560001373291016,55.27000045776367,55.439998626708984,49.29207229614258,26421400,0.0,0.0,0.0
2021-06-15,55.29999923706055,55.310001373291016,54.939998626708984,55.060001373291016,48.954219818115234,34121300,0.0,0.0,0.0
2021-06-16,54.95000076293945,55.099998474121094,54.09000015258789,54.310001373291016,48.287384033203125,44138300,0.0,0.0,0.0
2021-06-17,54.540000915527344,54.81999969482422,54.45000076293945,54.61000061035156,48.554115295410156,27846900,0.0,0.0,0.0
2021-06-18,54.380001068115234,54.47999954223633,54.130001068115234,54.22999954223633,48.21626281738281,42443600,0.0,0.0,0.0
2021-06-21,54.16999816894531,54.459999084472656,53.91999816894531,54.459999084472656,48.420753479003906,26977400,0.0,0.0,0.0
2021-06-22,54.0,54.2599983215332,53.849998474121094,54.209999084472656,48.1984748840332,35862600,0.0,0.0,0.0
2021-06-23,54.599998474121094,54.900001525878906,54.5099983215332,54.540000915527344,48.491886138916016,26049200,0.0,0.0,0.0
2021-06-24,54.86000061035156,55.09000015258789,54.810001373291016,55.040000915527344,48.93642807006836,20096200,0.0,0.0,0.0
2021-06-25,55.52000045776367,55.59000015258789,55.290000915527344,55.5,49.345420837402344,24992400,0.0,0.0,0.0
2021-06-28,55.47999954223633,55.619998931884766,55.400001525878906,55.54999923706055,49.38987350463867,22644900,0.0,0.0,0.0
2021-06-29,55.15999984741211,55.529998779296875,55.040000915527344,55.5099983215332,49.35430908203125,18308800,0.0,0.0,0.0
2021-06-30,55.119998931884766,55.310001373291016,55.04999923706055,55.150001525878906,49.03424072265625,33223400,0.0,0.0,0.0
2021-07-01,55.18000030517578,55.25,54.56999969482422,54.84000015258789,48.75861358642578,27478400,0.0,0.0,0.0
2021-07-02,54.619998931884766,54.790000915527344,54.45000076293945,54.779998779296875,48.70527267456055,24289100,0.0,0.0,0.0
2021-07-06,54.119998931884766,54.209999084472656,53.619998931884766,53.81999969482422,47.85171890258789,38126800,0.0,0.0,0.0
2021-07-07,54.130001068115234,54.13999938964844,53.560001373291016,53.7599983215332,47.798370361328125,25651700,0.0,0.0,0.0
2021-07-08,52.59000015258789,52.84000015258789,52.459999084472656,52.63999938964844,46.80257034301758,45146300,0.0,0.0,0.0
2021-07-09,53.22999954223633,53.56999969482422,53.09000015258789,53.54999923706055,47.61166000366211,28860500,0.0,0.0,0.0
2021-07-12,53.380001068115234,53.630001068115234,53.279998779296875,53.599998474121094,47.6561164855957,22116100,0.0,0.0,0.0
2021-07-13,53.689998626708984,53.9900016784668,53.63999938964844,53.650001525878906,47.7005729675293,29025300,0.0,0.0,0.0
2021-07-14,54.130001068115234,54.189998626708984,53.779998779296875,53.880001068115234,47.90507125854492,19739600,0.0,0.0,0.0
2021-07-15,54.099998474121094,54.290000915527344,53.88999938964844,54.0099983215332,48.02064895629883,33310600,0.0,0.0,0.0
2021-07-16,54.08000183105469,54.119998931884766,53.47999954223633,53.59000015258789,47.6472282409668,23386300,0.0,0.0,0.0
2021-07-19,52.75,52.790000915527344,52.40999984741211,52.689998626708984,46.84703063964844,33737900,0.0,0.0,0.0
2021-07-20,52.45000076293945,52.9900016784668,52.33000183105469,52.86000061035156,46.99818420410156,37946000,0.0,0.0,0.0
2021-07-21,52.58000183105469,53.209999084472656,52.529998779296875,53.20000076293945,47.300472259521484,24101400,0.0,0.0,0.0
2021-07-22,53.349998474121094,53.369998931884766,53.06999969482422,53.29999923706055,47.38938522338867,27160800,0.0,0.0,0.0
2021-07-23,52.689998626708984,52.70000076293945,52.22999954223633,52.5099983215332,46.68699264526367,31210100,0.0,0.0,0.0
2021-07-26,51.40999984741211,51.75,51.29999923706055,51.5099983215332,45.79787826538086,43701400,0.0,0.0,0.0
2021-07-27,50.40999984741211,50.56999969482422,49.83000183105469,50.470001220703125,44.87321472167969,73640700,0.0,0.0,0.0
2021-07-28,51.08000183105469,51.939998626708984,50.959999084472656,51.84000015258789,46.09128952026367,56446200,0.0,0.0,0.0
2021-07-29,52.25,52.279998779296875,51.88999938964844,52.099998474121094,46.32246398925781,43339400,0.0,0.0,0.0
2021-07-30,51.45000076293945,51.86000061035156,51.43000030517578,51.599998474121094,45.877906799316406,59797000,0.0,0.0,0.0
2021-08-02,52.04999923706055,52.25,51.90999984741211,51.970001220703125,46.20687484741211,40234700,0.0,0.0,0.0
2021-08-03,51.900001525878906,52.220001220703125,51.689998626708984,52.189998626708984,46.4024772644043,30589900,0.0,0.0,0.0
2021-08-04,52.58000183105469,52.790000915527344,52.349998474121094,52.459999084472656,46.64253616333008,32586600,0.0,0.0,0.0
2021-08-05,52.380001068115234,52.560001373291016,52.34000015258789,52.380001068115234,46.5714111328125,15941700,0.0,0.0,0.0
2021-08-06,52.16999816894531,52.189998626708984,51.790000915527344,51.939998626708984,46.180198669433594,36049500,0.0,0.0,0.0
2021-08-09,52.16999816894531,52.29999923706055,52.04999923706055,52.11000061035156,46.331356048583984,24062300,0.0,0.0,0.0
2021-08-10,52.33000183105469,52.36000061035156,52.11000061035156,52.18000030517578,46.39358139038086,15222600,0.0,0.0,0.0
2021-08-11,52.4900016784668,52.5,52.09000015258789,52.31999969482422,46.51805877685547,22374700,0.0,0.0,0.0
2021-08-12,51.880001068115234,51.900001525878906,51.650001525878906,51.86000061035156,46.10906982421875,25726000,0.0,0.0,0.0
2021-08-13,51.63999938964844,51.72999954223633,51.38999938964844,51.72999954223633,45.993492126464844,28396200,0.0,0.0,0.0
2021-08-16,51.290000915527344,51.310001373291016,51.040000915527344,51.2599983215332,45.57560729980469,46222700,0.0,0.0,0.0
2021-08-17,50.33000183105469,50.619998931884766,50.119998931884766,50.31999969482422,44.73984909057617,78463000,0.0,0.0,0.0
2021-08-18,50.689998626708984,50.88999938964844,50.380001068115234,50.400001525878906,44.81098556518555,42994800,0.0,0.0,0.0
2021-08-19,49.40999984741211,49.7400016784668,49.369998931884766,49.540000915527344,44.04634475708008,63275200,0.0,0.0,0.0
2021-08-20,49.130001068115234,49.59000015258789,49.11000061035156,49.5,44.01078414916992,44682100,0.0,0.0,0.0
2021-08-23,49.970001220703125,50.31999969482422,49.86000061035156,50.25,44.677616119384766,45453900,0.0,0.0,0.0
2021-08-24,51.0,51.470001220703125,51.0,51.38999938964844,45.69119644165039,51292000,0.0,0.0,0.0
2021-08-25,51.33000183105469,51.5,51.209999084472656,51.45000076293945,45.74454879760742,25272500,0.0,0.0,0.0
2021-08-26,51.130001068115234,51.189998626708984,50.90999984741211,50.959999084472656,45.30887222290039,29030600,0.0,0.0,0.0
2021-08-27,51.2599983215332,51.59000015258789,51.099998474121094,51.59000015258789,45.869014739990234,32971400,0.0,0.0,0.0
2021-08-30,51.65999984741211,51.77000045776367,51.43000030517578,51.70000076293945,45.966819763183594,18518900,0.0,0.0,0.0
2021-08-31,52.470001220703125,52.52000045776367,52.33000183105469,52.40999984741211,46.598079681396484,43226700,0.0,0.0,0.0
2021-09-01,52.72999954223633,53.279998779296875,52.72999954223633,53.08000183105469,47.193782806396484,35980500,0.0,0.0,0.0
2021-09-02,53.02000045776367,53.130001068115234,52.7599983215332,52.84000015258789,46.98039245605469,24988400,0.0,0.0,0.0
2021-09-03,52.95000076293945,53.189998626708984,52.93000030517578,53.119998931884766,47.229347229003906,21311000,0.0,0.0,0.0
2021-09-07,53.290000915527344,53.58000183105469,53.25,53.43000030517578,47.504966735839844,33509700,0.0,0.0,0.0
2021-09-08,53.11000061035156,53.119998931884766,52.529998779296875,52.650001525878906,46.811466217041016,53397900,0.0,0.0,0.0
2021-09-09,52.38999938964844,52.650001525878906,52.29999923706055,52.54999923706055,46.72254943847656,34707100,0.0,0.0,0.0
2021-09-10,52.95000076293945,53.0099983215332,52.47999954223633,52.4900016784668,46.669212341308594,40329300,0.0,0.0,0.0
2021-09-13,52.560001373291016,52.77000045776367,52.36000061035156,52.630001068115234,46.79368209838867,35318400,0.0,0.0,0.0
2021-09-14,52.4900016784668,52.52000045776367,52.09000015258789,52.189998626708984,46.4024772644043,35994400,0.0,0.0,0.0
2021-09-15,52.0099983215332,52.18000030517578,51.79999923706055,52.18000030517578,46.39358139038086,38735100,0.0,0.0,0.0
2021-09-16,51.43000030517578,51.630001068115234,51.25,51.59000015258789,45.869014739990234,43721300,0.0,0.0,0.0
2021-09-17,51.61000061035156,51.66999816894531,51.27000045776367,51.369998931884766,45.673404693603516,45481400,0.0,0.0,0.0
2021-09-20,50.150001525878906,50.41999816894531,49.56999969482422,49.9900016784668,44.446449279785156,52798200,0.0,0.0,0.0
2021-09-21,50.36000061035156,50.5,50.13999938964844,50.36000061035156,44.77540588378906,39347200,0.0,0.0,0.0
2021-09-22,50.83000183105469,51.34000015258789,50.81999969482422,50.9900016784668,45.33555221557617,46189200,0.0,0.0,0.0
2021-09-23,51.22999954223633,51.439998626708984,51.119998931884766,51.38999938964844,45.69119644165039,27138400,0.0,0.0,0.0
2021-09-24,50.849998474121094,50.95000076293945,50.72999954223633,50.779998779296875,45.14883804321289,29743500,0.0,0.0,0.0
2021-09-27,50.83000183105469,51.22999954223633,50.66999816894531,51.11000061035156,45.44224166870117,31181700,0.0,0.0,0.0
2021-09-28,50.86000061035156,50.91999816894531,50.290000915527344,50.45000076293945,44.85543441772461,44156300,0.0,0.0,0.0
2021-09-29,50.31999969482422,50.459999084472656,49.959999084472656,49.97999954223633,44.437557220458984,43140500,0.0,0.0,0.0
2021-09-30,50.560001373291016,50.7400016784668,50.279998779296875,50.380001068115234,44.79319763183594,66460100,0.0,0.0,0.0
2021-10-01,50.369998931884766,50.5099983215332,49.880001068115234,50.33000183105469,44.748741149902344,45259100,0.0,0.0,0.0
2021-10-04,49.90999984741211,49.95000076293945,49.279998779296875,49.59000015258789,44.09080505371094,43597100,0.0,0.0,0.0
2021-10-05,49.72999954223633,50.130001068115234,49.68000030517578,49.939998626708984,44.4019889831543,28761900,0.0,0.0,0.0
2021-10-06,49.20000076293945,49.709999084472656,49.11000061035156,49.65999984741211,44.153045654296875,57466000,0.0,0.0,0.0
2021-10-07,50.369998931884766,50.869998931884766,50.33000183105469,50.630001068115234,45.015472412109375,60345100,0.0,0.0,0.0
2021-10-08,50.7599983215332,50.90999984741211,50.63999938964844,50.81999969482422,45.18439865112305,24990600,0.0,0.0,0.0
2021-10-11,51.06999969482422,51.22999954223633,50.70000076293945,50.720001220703125,45.09549331665039,26808200,0.0,0.0,0.0
2021-10-12,50.75,50.81999969482422,50.41999816894531,50.459999084472656,44.864322662353516,29309400,0.0,0.0,0.0
2021-10-13,50.93000030517578,51.2599983215332,50.790000915527344,51.15999984741211,45.486698150634766,35305500,0.0,0.0,0.0
2021-10-14,51.43000030517578,51.47999954223633,51.13999938964844,51.31999969482422,45.62895202636719,23980900,0.0,0.0,0.0
2021-10-15,51.630001068115234,52.029998779296875,51.52000045776367,51.939998626708984,46.180198669433594,41223700,0.0,0.0,0.0
2021-10-18,51.61000061035156,51.959999084472656,51.56999969482422,51.810001373291016,46.06461715698242,26239000,0.0,0.0,0.0
2021-10-19,52.209999084472656,52.560001373291016,52.130001068115234,52.5,46.6781005859375,40639700,0.0,0.0,0.0
2021-10-20,52.619998931884766,52.619998931884766,52.369998931884766,52.4900016784668,46.669212341308594,27540300,0.0,0.0,0.0
2021-10-21,52.09000015258789,52.220001220703125,51.9900016784668,52.150001525878906,46.366912841796875,35404000,0.0,0.0,0.0
2021-10-22,52.209999084472656,52.41999816894531,51.849998474121094,52.040000915527344,46.26911544799805,51231000,0.0,0.0,0.0
2021-10-25,52.279998779296875,52.38999938964844,52.02000045776367,52.310001373291016,46.50917053222656,32479900,0.0,0.0,0.0
2021-10-26,52.439998626708984,52.5,51.95000076293945,52.040000915527344,46.26911544799805,32195200,0.0,0.0,0.0
2021-10-27,51.720001220703125,51.970001220703125,51.56999969482422,51.619998931884766,45.895687103271484,32422100,0.0,0.0,0.0
2021-10-28,51.38999938964844,51.66999816894531,51.25,51.66999816894531,45.94014358520508,27363500,0.0,0.0,0.0
2021-10-29,50.9900016784668,51.06999969482422,50.650001525878906,50.91999816894531,45.27330780029297,51488900,0.0,0.0,0.0
2021-11-01,50.88999938964844,51.34000015258789,50.849998474121094,51.31999969482422,45.62895202636719,31197400,0.0,0.0,0.0
2021-11-02,50.95000076293945,50.97999954223633,50.779998779296875,50.86000061035156,45.219970703125,34098000,0.0,0.0,0.0
2021-11-03,50.79999923706055,51.18000030517578,50.619998931884766,51.099998474121094,45.433349609375,49350800,0.0,0.0,0.0
2021-11-04,51.209999084472656,51.2400016784668,50.79999923706055,50.97999954223633,45.326656341552734,23722200,0.0,0.0,0.0
2021-11-05,51.15999984741211,51.18000030517578,50.75,50.91999816894531,45.27330780029297,23969900,0.0,0.0,0.0
2021-11-08,51.279998779296875,51.45000076293945,51.220001220703125,51.38999938964844,45.69119644165039,23735200,0.0,0.0,0.0
2021-11-09,51.41999816894531,51.58000183105469,51.099998474121094,51.189998626708984,45.513370513916016,28482200,0.0,0.0,0.0
2021-11-10,51.310001373291016,51.529998779296875,50.86000061035156,50.97999954223633,45.326656341552734,36032600,0.0,0.0,0.0
2021-11-11,51.650001525878906,52.0,51.63999938964844,51.86000061035156,46.10906982421875,55636800,0.0,0.0,0.0
2021-11-12,51.849998474121094,52.060001373291016,51.779998779296875,52.0,46.233551025390625,31956200,0.0,0.0,0.0
2021-11-15,52.119998931884766,52.13999938964844,51.779998779296875,51.83000183105469,46.0823974609375,31610700,0.0,0.0,0.0
2021-11-16,51.90999984741211,52.0099983215332,51.709999084472656,51.900001525878906,46.1446418762207,32898900,0.0,0.0,0.0
2021-11-17,51.959999084472656,51.97999954223633,51.47999954223633,51.630001068115234,45.90458297729492,22601900,0.0,0.0,0.0
2021-11-18,51.119998931884766,51.13999938964844,50.75,51.0,45.344444274902344,36719300,0.0,0.0,0.0
2021-11-19,51.060001373291016,51.22999954223633,50.88999938964844,50.91999816894531,45.27330780029297,36975700,0.0,0.0,0.0
2021-11-22,50.849998474121094,50.9900016784668,50.4900016784668,50.5099983215332,44.90877914428711,37116100,0.0,0.0,0.0
2021-11-23,50.52000045776367,50.709999084472656,50.2400016784668,50.459999084472656,44.864322662353516,38638200,0.0,0.0,0.0
2021-11-24,50.13999938964844,50.400001525878906,50.02000045776367,50.38999938964844,44.80208969116211,32810400,0.0,0.0,0.0
2021-11-26,49.06999969482422,49.11000061035156,48.5099983215332,48.70000076293945,43.29949951171875,58023300,0.0,0.0,0.0
2021-11-29,49.209999084472656,49.220001220703125,48.72999954223633,48.88999938964844,43.46842575073242,44405000,0.0,0.0,0.0
2021-11-30,48.88999938964844,49.16999816894531,48.349998474121094,48.84000015258789,43.423973083496094,81647500,0.0,0.0,0.0
2021-12-01,49.61000061035156,49.97999954223633,48.9900016784668,49.02000045776367,43.58400344848633,52613200,0.0,0.0,0.0
2021-12-02,49.61000061035156,49.970001220703125,49.349998474121094,49.619998931884766,44.11747360229492,73971400,0.0,0.0,0.0
2021-12-03,49.560001373291016,49.650001525878906,48.709999084472656,48.91999816894531,43.49509811401367,79115000,0.0,0.0,0.0
2021-12-06,48.880001068115234,49.33000183105469,48.66999816894531,49.29999923706055,43.83295822143555,54871300,0.0,0.0,0.0
2021-12-07,49.90999984741211,50.11000061035156,49.869998931884766,50.08000183105469,44.526466369628906,51825000,0.0,0.0,0.0
2021-12-08,50.099998474121094,50.41999816894531,49.970001220703125,50.279998779296875,44.704280853271484,38176500,0.0,0.0,0.0
2021-12-09,50.119998931884766,50.310001373291016,49.97999954223633,50.040000915527344,44.49089431762695,36476000,0.0,0.0,0.0
2021-12-10,50.029998779296875,50.150001525878906,49.900001525878906,50.08000183105469,44.526466369628906,42011300,0.0,0.0,0.0
2021-12-13,48.97999954223633,49.029998779296875,48.470001220703125,48.59000015258789,43.82032012939453,50773400,0.707,0.0,0.0
2021-12-14,48.310001373291016,48.61000061035156,48.27000045776367,48.47999954223633,43.72112274169922,42023900,0.0,0.0,0.0
2021-12-15,48.15999984741211,48.380001068115234,47.650001525878906,48.34000015258789,43.594871520996094,57129100,0.0,0.0,0.0
2021-12-16,48.720001220703125,48.90999984741211,48.310001373291016,48.400001525878906,43.64897537231445,60401000,0.0,0.0,0.0
2021-12-17,48.040000915527344,48.349998474121094,47.939998626708984,48.15999984741211,43.432533264160156,55420900,0.0,0.0,0.0
2021-12-20,47.4900016784668,47.4900016784668,47.150001525878906,47.439998626708984,42.783206939697266,40091700,0.0,0.0,0.0
2021-12-21,47.83000183105469,48.25,47.79999923706055,48.2400016784668,43.50468063354492,31786900,0.0,0.0,0.0
2021-12-22,48.099998474121094,48.4900016784668,48.0,48.470001220703125,43.712100982666016,27630800,0.0,0.0,0.0
2021-12-23,48.540000915527344,48.810001373291016,48.400001525878906,48.720001220703125,43.937564849853516,22174400,0.0,0.0,0.0
2021-12-27,48.72999954223633,49.0099983215332,48.72999954223633,48.939998626708984,44.13596725463867,27011600,0.0,0.0,0.0
2021-12-28,48.959999084472656,49.0,48.7599983215332,48.779998779296875,43.99167251586914,24529800,0.0,0.0,0.0
2021-12-29,48.689998626708984,48.709999084472656,48.34000015258789,48.560001373291016,43.79326629638672,27939200,0.0,0.0,0.0
2021-12-30,48.5,49.220001220703125,48.5,49.09000015258789,44.29496383666992,34900300,0.026,0.0,0.0
2021-12-31,48.97999954223633,49.349998474121094,48.84000015258789,48.849998474121094,44.07840347290039,30439000,0.0,0.0,0.0
2022-01-03,49.08000183105469,49.2599983215332,48.779998779296875,49.20000076293945,44.39421463012695,27572700,0.0,0.0,0.0
2022-01-04,49.2599983215332,49.2599983215332,48.93000030517578,49.029998779296875,44.240814208984375,24579500,0.0,0.0,0.0
2022-01-05,48.79999923706055,49.150001525878906,48.220001220703125,48.22999954223633,43.51896286010742,46425100,0.0,0.0,0.0
2022-01-06,48.36000061035156,48.68000030517578,48.15999984741211,48.45000076293945,43.71747589111328,34288700,0.0,0.0,0.0
2022-01-07,48.689998626708984,48.97999954223633,48.5,48.88999938964844,44.11449432373047,32640900,0.0,0.0,0.0
2022-01-10,48.939998626708984,49.08000183105469,48.560001373291016,48.88999938964844,44.11449432373047,43581800,0.0,0.0,0.0
2022-01-11,49.310001373291016,50.040000915527344,49.15999984741211,50.02000045776367,45.134117126464844,57536400,0.0,0.0,0.0
2022-01-12,50.63999938964844,50.88999938964844,50.459999084472656,50.849998474121094,45.88304901123047,56499100,0.0,0.0,0.0
2022-01-13,50.63999938964844,50.68000030517578,50.09000015258789,50.130001068115234,45.23337173461914,33229000,0.0,0.0,0.0
2022-01-14,49.9900016784668,50.20000076293945,49.81999969482422,50.11000061035156,45.21532440185547,40642300,0.0,0.0,0.0
2022-01-18,49.209999084472656,49.5,49.150001525878906,49.220001220703125,44.412261962890625,45012000,0.0,0.0,0.0
2022-01-19,49.59000015258789,49.70000076293945,49.38999938964844,49.43000030517578,44.60174560546875,43998100,0.0,0.0,0.0
2022-01-20,50.2599983215332,50.540000915527344,49.66999816894531,49.720001220703125,44.86342239379883,58279500,0.0,0.0,0.0
2022-01-21,49.619998931884766,49.689998626708984,48.95000076293945,49.0,44.213748931884766,59673800,0.0,0.0,0.0
2022-01-24,48.22999954223633,48.31999969482422,47.189998626708984,48.310001373291016,43.59115219116211,87752800,0.0,0.0,0.0
2022-01-25,48.029998779296875,48.47999954223633,47.720001220703125,48.220001220703125,43.50994110107422,54804100,0.0,0.0,0.0
2022-01-26,48.4900016784668,48.58000183105469,47.5099983215332,47.61000061035156,42.95952606201172,55516700,0.0,0.0,0.0
2022-01-27,47.599998474121094,47.68000030517578,47.040000915527344,47.060001373291016,42.46324920654297,61062300,0.0,0.0,0.0
2022-01-28,47.15999984741211,47.31999969482422,46.65999984741211,47.290000915527344,42.6707763671875,48799200,0.0,0.0,0.0
2022-01-31,47.88999938964844,48.900001525878906,47.84000015258789,48.84000015258789,44.06938171386719,65614900,0.0,0.0,0.0
2022-02-01,49.02000045776367,49.13999938964844,48.599998474121094,49.13999938964844,44.340084075927734,50158000,0.0,0.0,0.0
2022-02-02,49.33000183105469,49.36000061035156,48.72999954223633,49.060001373291016,44.26789093017578,35128100,0.0,0.0,0.0
2022-02-03,48.45000076293945,48.779998779296875,48.369998931884766,48.540000915527344,43.798683166503906,38246800,0.0,0.0,0.0
2022-02-04,48.31999969482422,48.88999938964844,48.220001220703125,48.65999984741211,43.90696716308594,36644200,0.0,0.0,0.0
2022-02-07,48.45000076293945,48.84000015258789,48.40999984741211,48.560001373291016,43.81673049926758,31917100,0.0,0.0,0.0
2022-02-08,48.47999954223633,49.040000915527344,48.459999084472656,49.029998779296875,44.240814208984375,25562200,0.0,0.0,0.0
2022-02-09,49.439998626708984,49.83000183105469,49.380001068115234,49.79999923706055,44.93560791015625,40082900,0.0,0.0,0.0
2022-02-10,49.38999938964844,50.11000061035156,49.380001068115234,49.470001220703125,44.63784408569336,55440700,0.0,0.0,0.0
2022-02-11,49.4900016784668,49.70000076293945,48.63999938964844,48.720001220703125,43.96110153198242,53838300,0.0,0.0,0.0
2022-02-14,48.5099983215332,48.619998931884766,48.119998931884766,48.380001068115234,43.65431213378906,59439800,0.0,0.0,0.0
2022-02-15,49.029998779296875,49.470001220703125,48.9900016784668,49.43000030517578,44.60174560546875,32938500,0.0,0.0,0.0
2022-02-16,49.369998931884766,49.9900016784668,49.33000183105469,49.790000915527344,44.92658615112305,47236800,0.0,0.0,0.0
2022-02-17,49.560001373291016,49.65999984741211,49.11000061035156,49.209999084472656,44.403236389160156,41245300,0.0,0.0,0.0
2022-02-18,49.029998779296875,49.060001373291016,48.619998931884766,48.720001220703125,43.96110153198242,41312300,0.0,0.0,0.0
2022-02-22,48.02000045776367,48.369998931884766,47.720001220703125,48.029998779296875,43.33849334716797,60704500,0.0,0.0,0.0
2022-02-23,48.2400016784668,48.27000045776367,47.380001068115234,47.470001220703125,42.83320236206055,38873700,0.0,0.0,0.0
2022-02-24,45.040000915527344,46.52000045776367,45.0099983215332,46.4900016784668,41.94892120361328,95679500,0.0,0.0,0.0
2022-02-25,46.689998626708984,47.400001525878906,46.459999084472656,47.349998474121094,42.724918365478516,58887800,0.0,0.0,0.0
2022-02-28,46.25,46.849998474121094,46.18000030517578,46.72999954223633,42.16548156738281,79366600,0.0,0.0,0.0
2022-03-01,46.5,46.86000061035156,45.84000015258789,46.11000061035156,41.60604476928711,72297300,0.0,0.0,0.0
2022-03-02,46.150001525878906,46.38999938964844,45.709999084472656,46.189998626708984,41.67822265625,61858700,0.0,0.0,0.0
2022-03-03,46.0099983215332,46.099998474121094,45.45000076293945,45.540000915527344,41.09171676635742,57514100,0.0,0.0,0.0
2022-03-04,44.63999938964844,44.90999984741211,44.369998931884766,44.619998931884766,40.26158142089844,68351300,0.0,0.0,0.0
2022-03-07,43.86000061035156,44.02000045776367,42.90999984741211,42.95000076293945,38.75470733642578,77557700,0.0,0.0,0.0
2022-03-08,43.16999816894531,43.630001068115234,42.72999954223633,43.09000015258789,38.88102722167969,90831500,0.0,0.0,0.0
2022-03-09,43.77000045776367,44.41999816894531,43.61000061035156,44.310001373291016,39.98186492919922,59840900,0.0,0.0,0.0
2022-03-10,43.619998931884766,43.689998626708984,43.209999084472656,43.47999954223633,39.23293685913086,59158300,0.0,0.0,0.0
2022-03-11,43.72999954223633,43.779998779296875,42.560001373291016,42.56999969482422,38.41181945800781,72846700,0.0,0.0,0.0
2022-03-14,42.06999969482422,42.369998931884766,41.41999816894531,41.540000915527344,37.4824333190918,85651000,0.0,0.0,0.0
2022-03-15,40.959999084472656,41.66999816894531,40.79999923706055,41.599998474121094,37.53657531738281,85987500,0.0,0.0,0.0
2022-03-16,43.529998779296875,45.040000915527344,43.31999969482422,44.95000076293945,40.559349060058594,134225700,0.0,0.0,0.0
2022-03-17,44.560001373291016,44.79999923706055,44.150001525878906,44.720001220703125,40.3518180847168,80743600,0.0,0.0,0.0
2022-03-18,44.349998474121094,45.45000076293945,44.2400016784668,45.36000061035156,40.92930221557617,77755100,0.0,0.0,0.0
2022-03-21,44.70000076293945,44.849998474121094,44.31999969482422,44.65999984741211,40.29767608642578,58558700,0.0,0.0,0.0
2022-03-22,45.279998779296875,45.619998931884766,45.25,45.470001220703125,41.028560638427734,61380900,0.0,0.0,0.0
2022-03-23,45.029998779296875,45.66999816894531,44.91999816894531,45.16999816894531,40.75785827636719,76986600,0.0,0.0,0.0
2022-03-24,45.20000076293945,45.45000076293945,45.04999923706055,45.40999984741211,40.97441864013672,52016600,0.0,0.0,0.0
2022-03-25,45.0,45.06999969482422,44.75,45.04999923706055,40.64958190917969,39294500,0.0,0.0,0.0
2022-03-28,45.09000015258789,45.220001220703125,44.810001373291016,45.20000076293945,40.7849235534668,49757000,0.0,0.0,0.0
2022-03-29,45.97999954223633,46.099998474121094,45.72999954223633,45.970001220703125,41.47971725463867,54088200,0.0,0.0,0.0
2022-03-30,45.88999938964844,46.22999954223633,45.7400016784668,45.84000015258789,41.36241912841797,57717400,0.0,0.0,0.0
2022-03-31,45.630001068115234,45.65999984741211,45.119998931884766,45.150001525878906,40.739810943603516,74448400,0.0,0.0,0.0
2022-04-01,46.0099983215332,46.150001525878906,45.619998931884766,45.900001525878906,41.41655349731445,54193400,0.0,0.0,0.0
2022-04-04,46.5,46.779998779296875,46.34000015258789,46.709999084472656,42.147438049316406,48057700,0.0,0.0,0.0
2022-04-05,46.52000045776367,46.52000045776367,45.77000045776367,45.849998474121094,41.371437072753906,45058100,0.0,0.0,0.0
2022-04-06,45.54999923706055,45.61000061035156,45.029998779296875,45.25,40.830039978027344,56877100,0.0,0.0,0.0
2022-04-07,44.9900016784668,45.099998474121094,44.66999816894531,44.88999938964844,40.505210876464844,38954900,0.0,0.0,0.0
2022-04-08,45.02000045776367,45.16999816894531,44.880001068115234,44.93000030517578,40.54130172729492,41263400,0.0,0.0,0.0
2022-04-11,44.540000915527344,44.72999954223633,44.349998474121094,44.369998931884766,40.03600311279297,47878200,0.0,0.0,0.0
2022-04-12,44.72999954223633,44.77000045776367,44.189998626708984,44.22999954223633,39.9096794128418,41815200,0.0,0.0,0.0
2022-04-13,44.470001220703125,44.880001068115234,44.439998626708984,44.810001373291016,40.43302536010742,33529400,0.0,0.0,0.0
2022-04-14,44.56999969482422,44.59000015258789,44.20000076293945,44.22999954223633,39.9096794128418,38915000,0.0,0.0,0.0
2022-04-18,44.0,44.290000915527344,43.86000061035156,44.08000183105469,39.77433395385742,29106500,0.0,0.0,0.0
2022-04-19,43.619998931884766,43.88999938964844,43.43000030517578,43.86000061035156,39.57581329345703,40066400,0.0,0.0,0.0
2022-04-20,43.90999984741211,43.91999816894531,43.52000045776367,43.599998474121094,39.341217041015625,36373300,0.0,0.0,0.0
2022-04-21,43.61000061035156,43.689998626708984,42.66999816894531,42.7599983215332,38.5832633972168,44857400,0.0,0.0,0.0
2022-04-22,42.84000015258789,43.119998931884766,42.369998931884766,42.380001068115234,38.240386962890625,68371900,0.0,0.0,0.0
2022-04-25,41.68000030517578,42.130001068115234,41.59000015258789,42.06999969482422,37.96066665649414,67643800,0.0,0.0,0.0
2022-04-26,41.79999923706055,41.849998474121094,41.150001525878906,41.150001525878906,37.130531311035156,70774400,0.0,0.0,0.0
2022-04-27,41.459999084472656,41.88999938964844,41.400001525878906,41.630001068115234,37.56364440917969,61594000,0.0,0.0,0.0
2022-04-28,41.970001220703125,42.290000915527344,41.540000915527344,42.22999954223633,38.10503387451172,43763100,0.0,0.0,0.0
2022-04-29,43.029998779296875,43.220001220703125,42.349998474121094,42.380001068115234,38.240386962890625,61703900,0.0,0.0,0.0
2022-05-02,42.2599983215332,42.47999954223633,41.810001373291016,42.31999969482422,38.18624496459961,55015700,0.0,0.0,0.0
2022-05-03,42.59000015258789,42.689998626708984,42.43000030517578,42.630001068115234,38.465965270996094,45593000,0.0,0.0,0.0
2022-05-04,42.20000076293945,43.16999816894531,41.939998626708984,43.09000015258789,38.88102722167969,57175300,0.0,0.0,0.0
2022-05-05,42.20000076293945,42.27000045776367,41.119998931884766,41.5,37.44634246826172,63268900,0.0,0.0,0.0
2022-05-06,41.11000061035156,41.2400016784668,40.689998626708984,40.93000030517578,36.93202209472656,67425600,0.0,0.0,0.0
2022-05-09,40.189998626708984,40.40999984741211,39.720001220703125,39.75,35.867279052734375,83251500,0.0,0.0,0.0
2022-05-10,40.349998474121094,40.400001525878906,39.59000015258789,39.939998626708984,36.038719177246094,69865000,0.0,0.0,0.0
2022-05-11,40.209999084472656,40.52000045776367,39.630001068115234,39.65999984741211,35.78607177734375,75198500,0.0,0.0,0.0
2022-05-12,39.25,39.75,38.95000076293945,39.400001525878906,35.55146789550781,73481300,0.0,0.0,0.0
2022-05-13,39.84000015258789,40.5,39.810001373291016,40.4900016784668,36.534996032714844,49196100,0.0,0.0,0.0
2022-05-16,40.189998626708984,40.5,40.099998474121094,40.33000183105469,36.39063262939453,32425000,0.0,0.0,0.0
2022-05-17,41.400001525878906,41.45000076293945,40.9900016784668,41.31999969482422,37.28392028808594,49516400,0.0,0.0,0.0
2022-05-18,41.029998779296875,41.20000076293945,40.27000045776367,40.33000183105469,36.39063262939453,53296300,0.0,0.0,0.0
2022-05-19,40.4900016784668,41.150001525878906,40.4900016784668,40.970001220703125,36.968109130859375,55163500,0.0,0.0,0.0
2022-05-20,41.40999984741211,41.560001373291016,40.59000015258789,41.13999938964844,37.12150192260742,59025400,0.0,0.0,0.0
2022-05-23,41.38999938964844,41.56999969482422,41.18000030517578,41.45000076293945,37.40122604370117,36619400,0.0,0.0,0.0
2022-05-24,40.810001373291016,40.84000015258789,40.349998474121094,40.72999954223633,36.75155258178711,46400400,0.0,0.0,0.0
2022-05-25,40.619998931884766,41.029998779296875,40.54999923706055,40.93000030517578,36.93202209472656,37863200,0.0,0.0,0.0
2022-05-26,40.86000061035156,41.66999816894531,40.86000061035156,41.56999969482422,37.509498596191406,51355800,0.0,0.0,0.0
2022-05-27,41.86000061035156,42.06999969482422,41.72999954223633,42.04999923706055,37.942623138427734,31262900,0.0,0.0,0.0
2022-05-31,43.130001068115234,43.13999938964844,42.63999938964844,42.63999938964844,38.47499465942383,72069000,0.0,0.0,0.0
2022-06-01,42.90999984741211,42.959999084472656,42.15999984741211,42.34000015258789,38.20429229736328,40495600,0.0,0.0,0.0
2022-06-02,42.5099983215332,43.09000015258789,42.400001525878906,43.06999969482422,38.862979888916016,44322300,0.0,0.0,0.0
2022-06-03,42.65999984741211,42.66999816894531,42.27000045776367,42.369998931884766,38.231361389160156,39337000,0.0,0.0,0.0
2022-06-06,43.130001068115234,43.22999954223633,42.4900016784668,42.599998474121094,38.43889236450195,43126000,0.0,0.0,0.0
2022-06-07,42.34000015258789,42.77000045776367,42.27000045776367,42.72999954223633,38.55619430541992,57455300,0.0,0.0,0.0
2022-06-08,42.939998626708984,43.130001068115234,42.779998779296875,42.959999084472656,38.763729095458984,43591800,0.0,0.0,0.0
2022-06-09,42.220001220703125,42.310001373291016,41.560001373291016,41.59000015258789,37.846466064453125,53116000,0.362,0.0,0.0
2022-06-10,41.5,41.58000183105469,41.029998779296875,41.130001068115234,37.42786407470703,44176700,0.0,0.0,0.0
2022-06-13,40.060001373291016,40.310001373291016,39.529998779296875,39.689998626708984,36.11747360229492,67647000,0.0,0.0,0.0
2022-06-14,40.099998474121094,40.40999984741211,39.9900016784668,40.2400016784668,36.61798095703125,58868400,0.0,0.0,0.0
2022-06-15,40.380001068115234,41.04999923706055,40.15999984741211,40.77000045776367,37.10026931762695,67577900,0.0,0.0,0.0
2022-06-16,39.54999923706055,39.720001220703125,39.2599983215332,39.52000045776367,35.9627799987793,68035800,0.0,0.0,0.0
2022-06-17,39.95000076293945,40.04999923706055,39.41999816894531,39.66999816894531,36.099281311035156,63646300,0.0,0.0,0.0
2022-06-21,40.2400016784668,40.47999954223633,40.18000030517578,40.310001373291016,36.681678771972656,35943900,0.0,0.0,0.0
2022-06-22,39.47999954223633,39.849998474121094,39.40999984741211,39.59000015258789,36.02648162841797,41337900,0.0,0.0,0.0
2022-06-23,39.709999084472656,39.91999816894531,39.36000061035156,39.709999084472656,36.135677337646484,44261600,0.0,0.0,0.0
2022-06-24,40.16999816894531,40.68000030517578,40.099998474121094,40.650001525878906,36.9910774230957,41176300,0.0,0.0,0.0
2022-06-27,40.91999816894531,40.939998626708984,40.630001068115234,40.70000076293945,37.03657150268555,27076400,0.0,0.0,0.0
2022-06-28,41.029998779296875,41.189998626708984,40.41999816894531,40.45000076293945,36.8090705871582,31095700,0.0,0.0,0.0
2022-06-29,40.36000061035156,40.45000076293945,40.15999984741211,40.290000915527344,36.66347885131836,33969200,0.0,0.0,0.0
2022-06-30,39.75,40.189998626708984,39.5099983215332,40.099998474121094,36.49057388305664,52233200,0.0,0.0,0.0
2022-07-01,39.619998931884766,39.86000061035156,39.369998931884766,39.849998474121094,36.26307678222656,44010400,0.0,0.0,0.0
2022-07-05,39.029998779296875,39.540000915527344,38.869998931884766,39.540000915527344,35.980979919433594,49452600,0.0,0.0,0.0
2022-07-06,39.25,39.40999984741211,38.959999084472656,39.29999923706055,35.7625846862793,36060300,0.0,0.0,0.0
2022-07-07,39.84000015258789,40.27000045776367,39.83000183105469,40.09000015258789,36.48147964477539,56831500,0.0,0.0,0.0
2022-07-08,39.959999084472656,40.2599983215332,39.810001373291016,40.09000015258789,36.48147964477539,20993400,0.0,0.0,0.0
2022-07-11,39.18000030517578,39.22999954223633,38.86000061035156,39.02000045776367,35.507781982421875,52682500,0.0,0.0,0.0
2022-07-12,38.86000061035156,39.06999969482422,38.68000030517578,38.869998931884766,35.37128448486328,24669600,0.0,0.0,0.0
2022-07-13,38.29999923706055,38.9900016784668,38.29999923706055,38.779998779296875,35.289390563964844,39435300,0.0,0.0,0.0
2022-07-14,38.369998931884766,38.5,38.04999923706055,38.43000030517578,34.970890045166016,43245400,0.0,0.0,0.0
2022-07-15,38.45000076293945,38.66999816894531,38.119998931884766,38.630001068115234,35.15289306640625,44468400,0.0,0.0,0.0
2022-07-18,39.2400016784668,39.439998626708984,38.84000015258789,38.900001525878906,35.39858627319336,38982900,0.0,0.0,0.0
2022-07-19,39.349998474121094,39.58000183105469,39.27000045776367,39.540000915527344,35.980979919433594,33006200,0.0,0.0,0.0
2022-07-20,39.38999938964844,39.5,39.189998626708984,39.369998931884766,35.8262825012207,38969800,0.0,0.0,0.0
2022-07-21,39.5,39.84000015258789,39.43000030517578,39.81999969482422,36.235774993896484,36814900,0.0,0.0,0.0
2022-07-22,39.72999954223633,39.810001373291016,39.2400016784668,39.41999816894531,35.87178421020508,25611800,0.0,0.0,0.0
2022-07-25,39.4900016784668,39.599998474121094,39.38999938964844,39.560001373291016,35.99918746948242,21653200,0.0,0.0,0.0
2022-07-26,39.56999969482422,39.66999816894531,39.18000030517578,39.25,35.71708679199219,22891400,0.0,0.0,0.0
2022-07-27,39.56999969482422,40.08000183105469,39.40999984741211,39.97999954223633,36.38138198852539,37678900,0.0,0.0,0.0
2022-07-28,40.040000915527344,40.209999084472656,39.59000015258789,40.150001525878906,36.536075592041016,37796700,0.0,0.0,0.0
2022-07-29,39.630001068115234,39.9900016784668,39.45000076293945,39.959999084472656,36.36317825317383,54050700,0.0,0.0,0.0
2022-08-01,39.54999923706055,39.90999984741211,39.310001373291016,39.619998931884766,36.05377960205078,34808000,0.0,0.0,0.0
2022-08-02,39.27000045776367,39.849998474121094,39.18000030517578,39.43000030517578,35.88087844848633,41014300,0.0,0.0,0.0
2022-08-03,39.4900016784668,39.81999969482422,39.33000183105469,39.7400016784668,36.1629753112793,34939500,0.0,0.0,0.0
2022-08-04,40.0,40.13999938964844,39.86000061035156,40.02000045776367,36.41777420043945,31865200,0.0,0.0,0.0
2022-08-05,39.77000045776367,40.119998931884766,39.7400016784668,40.060001373291016,36.45417785644531,28488300,0.0,0.0,0.0
2022-08-08,40.130001068115234,40.349998474121094,40.02000045776367,40.11000061035156,36.499671936035156,39087300,0.0,0.0,0.0
2022-08-09,40.150001525878906,40.209999084472656,39.880001068115234,39.959999084472656,36.36317825317383,22828600,0.0,0.0,0.0
2022-08-10,40.22999954223633,40.5,40.08000183105469,40.459999084472656,36.818172454833984,27028200,0.0,0.0,0.0
2022-08-11,40.790000915527344,41.20000076293945,40.540000915527344,40.619998931884766,36.96377182006836,39235300,0.0,0.0,0.0
2022-08-12,40.619998931884766,41.06999969482422,40.599998474121094,41.04999923706055,37.355064392089844,24877900,0.0,0.0,0.0
2022-08-15,40.689998626708984,40.939998626708984,40.65999984741211,40.86000061035156,37.18216323852539,29734500,0.0,0.0,0.0
2022-08-16,40.7599983215332,40.959999084472656,40.720001220703125,40.849998474121094,37.173065185546875,20907000,0.0,0.0,0.0
2022-08-17,40.650001525878906,40.880001068115234,40.560001373291016,40.68000030517578,37.01837158203125,34206700,0.0,0.0,0.0
2022-08-18,40.529998779296875,40.560001373291016,40.2599983215332,40.45000076293945,36.8090705871582,30611900,0.0,0.0,0.0
2022-08-19,40.08000183105469,40.119998931884766,39.779998779296875,39.900001525878906,36.3085823059082,36042800,0.0,0.0,0.0
2022-08-22,39.58000183105469,39.70000076293945,39.5099983215332,39.54999923706055,35.99007797241211,26934100,0.0,0.0,0.0
2022-08-23,39.59000015258789,39.91999816894531,39.5099983215332,39.7599983215332,36.181182861328125,33028200,0.0,0.0,0.0
2022-08-24,39.439998626708984,39.9900016784668,39.40999984741211,39.75,36.17207717895508,23561600,0.0,0.0,0.0
2022-08-25,40.18000030517578,40.619998931884766,40.099998474121094,40.61000061035156,36.95466995239258,44653100,0.0,0.0,0.0
2022-08-26,40.91999816894531,40.959999084472656,39.970001220703125,40.0099983215332,36.4086799621582,41080900,0.0,0.0,0.0
2022-08-29,39.83000183105469,40.06999969482422,39.75,39.7599983215332,36.181182861328125,22689800,0.0,0.0,0.0
2022-08-30,39.88999938964844,39.900001525878906,39.13999938964844,39.290000915527344,35.753482818603516,34508600,0.0,0.0,0.0
2022-08-31,39.66999816894531,39.84000015258789,39.400001525878906,39.43000030517578,35.88087844848633,37142200,0.0,0.0,0.0
2022-09-01,39.04999923706055,39.130001068115234,38.720001220703125,39.119998931884766,35.598785400390625,38353400,0.0,0.0,0.0
2022-09-02,39.04999923706055,39.220001220703125,38.66999816894531,38.7599983215332,35.27118682861328,35916900,0.0,0.0,0.0
2022-09-06,38.619998931884766,38.68000030517578,38.27000045776367,38.29999923706055,34.852596282958984,50091500,0.0,0.0,0.0
2022-09-07,38.119998931884766,38.650001525878906,38.08000183105469,38.63999938964844,35.16199493408203,39074600,0.0,0.0,0.0
2022-09-08,38.2400016784668,38.470001220703125,38.119998931884766,38.43000030517578,34.970890045166016,55415100,0.0,0.0,0.0
2022-09-09,38.779998779296875,39.09000015258789,38.77000045776367,39.0,35.48958969116211,26119600,0.0,0.0,0.0
2022-09-12,39.369998931884766,39.63999938964844,39.27000045776367,39.58000183105469,36.01737976074219,41791000,0.0,0.0,0.0
2022-09-13,38.810001373291016,38.970001220703125,38.290000915527344,38.36000061035156,34.90719223022461,44191300,0.0,0.0,0.0
2022-09-14,38.599998474121094,38.66999816894531,38.38999938964844,38.54999923706055,35.08009338378906,37146200,0.0,0.0,0.0
2022-09-15,38.27000045776367,38.52000045776367,38.06999969482422,38.13999938964844,34.70699691772461,47618900,0.0,0.0,0.0
2022-09-16,37.779998779296875,37.90999984741211,37.61000061035156,37.790000915527344,34.38850021362305,67125000,0.0,0.0,0.0
2022-09-19,37.47999954223633,37.939998626708984,37.459999084472656,37.90999984741211,34.49769592285156,33531700,0.0,0.0,0.0
2022-09-20,37.72999954223633,37.869998931884766,37.560001373291016,37.70000076293945,34.306602478027344,36967300,0.0,0.0,0.0
2022-09-21,37.47999954223633,37.720001220703125,37.02000045776367,37.06999969482422,33.733306884765625,62370500,0.0,0.0,0.0
2022-09-22,37.04999923706055,37.150001525878906,36.810001373291016,36.88999938964844,33.56951141357422,41989200,0.0,0.0,0.0
2022-09-23,36.209999084472656,36.2599983215332,35.79999923706055,35.97999954223633,32.741416931152344,49807100,0.0,0.0,0.0
2022-09-26,35.7599983215332,35.959999084472656,35.470001220703125,35.540000915527344,32.34102249145508,53011900,0.0,0.0,0.0
2022-09-27,35.779998779296875,36.029998779296875,35.34000015258789,35.5,32.304622650146484,47114100,0.0,0.0,0.0
2022-09-28,35.27000045776367,35.900001525878906,35.189998626708984,35.810001373291016,32.58672332763672,49946800,0.0,0.0,0.0
2022-09-29,35.18000030517578,35.20000076293945,34.720001220703125,35.0099983215332,31.85873031616211,43114100,0.0,0.0,0.0
2022-09-30,34.91999816894531,35.25,34.849998474121094,34.880001068115234,31.74043083190918,50082400,0.0,0.0,0.0
2022-10-03,35.119998931884766,35.540000915527344,34.959999084472656,35.45000076293945,32.259124755859375,41489700,0.0,0.0,0.0
2022-10-04,36.20000076293945,36.720001220703125,36.16999816894531,36.61000061035156,33.31471633911133,51598600,0.0,0.0,0.0
2022-10-05,36.5099983215332,36.7599983215332,36.25,36.630001068115234,33.33291244506836,30037200,0.0,0.0,0.0
2022-10-06,36.5099983215332,36.720001220703125,36.380001068115234,36.40999984741211,33.132713317871094,29747200,0.0,0.0,0.0
2022-10-07,36.06999969482422,36.130001068115234,35.59000015258789,35.650001525878906,32.441123962402344,35957400,0.0,0.0,0.0
2022-10-10,35.41999816894531,35.439998626708984,35.02000045776367,35.150001525878906,31.986125946044922,31109900,0.0,0.0,0.0
2022-10-11,34.7599983215332,35.0099983215332,34.47999954223633,34.59000015258789,31.476537704467773,46679000,0.0,0.0,0.0
2022-10-12,34.619998931884766,34.810001373291016,34.5099983215332,34.630001068115234,31.512935638427734,42471500,0.0,0.0,0.0
2022-10-13,33.75,34.91999816894531,33.66999816894531,34.72999954223633,31.603931427001953,51431200,0.0,0.0,0.0
2022-10-14,34.95000076293945,34.959999084472656,34.18000030517578,34.209999084472656,31.130733489990234,33384600,0.0,0.0,0.0
2022-10-17,34.90999984741211,35.27000045776367,34.90999984741211,35.150001525878906,31.986125946044922,51122100,0.0,0.0,0.0
2022-10-18,35.4900016784668,35.56999969482422,34.900001525878906,35.15999984741211,31.995229721069336,33911100,0.0,0.0,0.0
2022-10-19,34.61000061035156,34.810001373291016,34.38999938964844,34.52000045776367,31.412832260131836,31393700,0.0,0.0,0.0
2022-10-20,34.77000045776367,35.279998779296875,34.70000076293945,34.7400016784668,31.613035202026367,44240000,0.0,0.0,0.0
2022-10-21,34.65999984741211,35.310001373291016,34.529998779296875,35.27000045776367,32.09532928466797,43879500,0.0,0.0,0.0
2022-10-24,33.970001220703125,34.0099983215332,33.4900016784668,33.93000030517578,30.87594223022461,55046000,0.0,0.0,0.0
2022-10-25,33.97999954223633,34.279998779296875,33.95000076293945,34.209999084472656,31.130733489990234,31871500,0.0,0.0,0.0
2022-10-26,34.310001373291016,35.08000183105469,34.310001373291016,34.77000045776367,31.64033317565918,37973800,0.0,0.0,0.0
2022-10-27,34.529998779296875,34.849998474121094,34.459999084472656,34.5,31.39463233947754,34227600,0.0,0.0,0.0
2022-10-28,34.029998779296875,34.33000183105469,33.95000076293945,34.290000915527344,31.20353889465332,46296700,0.0,0.0,0.0
2022-10-31,33.91999816894531,34.27000045776367,33.91999816894531,34.189998626708984,31.112539291381836,44107400,0.0,0.0,0.0
2022-11-01,35.099998474121094,35.150001525878906,34.70000076293945,34.81999969482422,31.685836791992188,50932800,0.0,0.0,0.0
2022-11-02,34.900001525878906,35.31999969482422,34.5,34.529998779296875,31.421934127807617,47639100,0.0,0.0,0.0
2022-11-03,34.29999923706055,34.84000015258789,34.279998779296875,34.72999954223633,31.603931427001953,38319300,0.0,0.0,0.0
2022-11-04,36.029998779296875,36.20000076293945,35.66999816894531,36.20000076293945,32.94161605834961,70533600,0.0,0.0,0.0
2022-11-07,36.43000030517578,36.5099983215332,36.09000015258789,36.220001220703125,32.95981979370117,38404800,0.0,0.0,0.0
2022-11-08,36.290000915527344,36.66999816894531,36.15999984741211,36.47999954223633,33.1964111328125,36282400,0.0,0.0,0.0
2022-11-09,36.209999084472656,36.380001068115234,35.79999923706055,35.849998474121094,32.62311935424805,34148700,0.0,0.0,0.0
2022-11-10,36.81999969482422,37.18000030517578,36.66999816894531,37.150001525878906,33.80610656738281,53986900,0.0,0.0,0.0
2022-11-11,37.869998931884766,38.209999084472656,37.779998779296875,38.15999984741211,34.725196838378906,52270400,0.0,0.0,0.0
2022-11-14,37.95000076293945,38.20000076293945,37.779998779296875,37.93000030517578,34.515899658203125,42158100,0.0,0.0,0.0
2022-11-15,39.119998931884766,39.15999984741211,38.540000915527344,38.79999923706055,35.30759048461914,77069300,0.0,0.0,0.0
2022-11-16,38.470001220703125,38.52000045776367,38.119998931884766,38.18000030517578,34.7433967590332,49376500,0.0,0.0,0.0
2022-11-17,37.4900016784668,38.29999923706055,37.47999954223633,38.25,34.80709457397461,56473600,0.0,0.0,0.0
2022-11-18,38.13999938964844,38.150001525878906,37.849998474121094,38.029998779296875,34.606895446777344,45040200,0.0,0.0,0.0
2022-11-21,37.540000915527344,37.630001068115234,37.349998474121094,37.54999923706055,34.170101165771484,29250900,0.0,0.0,0.0
2022-11-22,37.459999084472656,37.650001525878906,37.38999938964844,37.63999938964844,34.25200271606445,33677500,0.0,0.0,0.0
2022-11-23,37.689998626708984,37.97999954223633,37.68000030517578,37.95000076293945,34.534095764160156,43490300,0.0,0.0,0.0
2022-11-25,37.84000015258789,37.880001068115234,37.7400016784668,37.77000045776367,34.370304107666016,19986900,0.0,0.0,0.0
2022-11-28,37.59000015258789,38.0,37.59000015258789,37.599998474121094,34.21559524536133,45015900,0.0,0.0,0.0
2022-11-29,38.400001525878906,38.58000183105469,38.310001373291016,38.40999984741211,34.952693939208984,50909500,0.0,0.0,0.0
2022-11-30,39.2400016784668,39.68000030517578,38.97999954223633,39.52000045776367,35.9627799987793,103403400,0.0,0.0,0.0
2022-12-01,39.630001068115234,39.709999084472656,39.25,39.38999938964844,35.84449005126953,50195900,0.0,0.0,0.0
2022-12-02,39.0099983215332,39.65999984741211,39.0099983215332,39.540000915527344,35.980979919433594,47593700,0.0,0.0,0.0
2022-12-05,39.529998779296875,39.54999923706055,38.9900016784668,39.09000015258789,35.57148742675781,62268800,0.0,0.0,0.0
2022-12-06,39.2400016784668,39.290000915527344,38.939998626708984,39.040000915527344,35.52598571777344,31558200,0.0,0.0,0.0
2022-12-07,38.75,38.959999084472656,38.68000030517578,38.810001373291016,35.31669235229492,46263200,0.0,0.0,0.0
2022-12-08,39.189998626708984,39.400001525878906,39.060001373291016,39.279998779296875,35.744380950927734,41138200,0.0,0.0,0.0
2022-12-09,39.349998474121094,39.40999984741211,39.02000045776367,39.02000045776367,35.507781982421875,48742700,0.0,0.0,0.0
2022-12-12,38.880001068115234,38.900001525878906,38.56999969482422,38.900001525878906,35.39858627319336,41524600,0.0,0.0,0.0
2022-12-13,39.11000061035156,39.209999084472656,38.5099983215332,38.59000015258789,35.65172576904297,60886900,0.584,0.0,0.0
2022-12-14,38.599998474121094,38.79999923706055,38.310001373291016,38.61000061035156,35.670204162597656,62300900,0.0,0.0,0.0
2022-12-15,38.31999969482422,38.45000076293945,37.689998626708984,37.720001220703125,34.84797286987305,48081300,0.0,0.0,0.0
2022-12-16,37.900001525878906,38.06999969482422,37.77000045776367,37.83000183105469,34.94959259033203,48065200,0.0,0.0,0.0
2022-12-19,38.11000061035156,38.11000061035156,37.790000915527344,37.86000061035156,34.97731018066406,22995200,0.0,0.0,0.0
2022-12-20,37.72999954223633,38.0,37.689998626708984,37.849998474121094,34.96806716918945,25688000,0.0,0.0,0.0
2022-12-21,37.790000915527344,38.189998626708984,37.709999084472656,38.189998626708984,35.28218078613281,23607700,0.0,0.0,0.0
2022-12-22,38.08000183105469,38.11000061035156,37.56999969482422,37.849998474121094,34.96806716918945,27011800,0.0,0.0,0.0
2022-12-23,37.790000915527344,37.90999984741211,37.61000061035156,37.79999923706055,34.921875,19543300,0.0,0.0,0.0
2022-12-27,38.130001068115234,38.560001373291016,38.08000183105469,38.36000061035156,35.43923568725586,42338900,0.0,0.0,0.0
2022-12-28,38.2599983215332,38.29999923706055,37.779998779296875,37.79999923706055,34.921875,31813900,0.0,0.0,0.0
2022-12-29,38.22999954223633,38.4900016784668,38.18000030517578,38.43000030517578,35.50390625,27088700,0.0,0.0,0.0
2022-12-30,38.13999938964844,38.310001373291016,37.7599983215332,37.900001525878906,35.01426315307617,38297800,0.0,0.0,0.0
2023-01-03,38.34000015258789,38.63999938964844,38.11000061035156,38.220001220703125,35.309898376464844,35557900,0.0,0.0,0.0
2023-01-04,38.900001525878906,39.40999984741211,38.68000030517578,39.369998931884766,36.37233352661133,57044200,0.0,0.0,0.0
2023-01-05,38.9900016784668,39.33000183105469,38.97999954223633,39.25,36.261474609375,25175600,0.0,0.0,0.0
2023-01-06,39.5,40.09000015258789,39.2599983215332,40.06999969482422,37.01903533935547,49058000,0.0,0.0,0.0
2023-01-09,40.54999923706055,40.68000030517578,40.349998474121094,40.369998931884766,37.29619216918945,59967500,0.0,0.0,0.0
2023-01-10,40.47999954223633,40.66999816894531,40.279998779296875,40.65999984741211,37.564117431640625,34936500,0.0,0.0,0.0
2023-01-11,40.59000015258789,40.84000015258789,40.52000045776367,40.83000183105469,37.72117233276367,41854800,0.0,0.0,0.0
2023-01-12,40.88999938964844,41.119998931884766,40.5,41.029998779296875,37.90594482421875,42088800,0.0,0.0,0.0
2023-01-13,40.97999954223633,41.33000183105469,40.970001220703125,41.29999923706055,38.15538024902344,32838900,0.0,0.0,0.0
2023-01-17,41.02000045776367,41.119998931884766,40.900001525878906,41.06999969482422,37.94289779663086,41016000,0.0,0.0,0.0
2023-01-18,41.43000030517578,41.47999954223633,40.77000045776367,40.790000915527344,37.6842155456543,54860300,0.0,0.0,0.0
2023-01-19,40.959999084472656,41.25,40.939998626708984,41.099998474121094,37.970611572265625,33834900,0.0,0.0,0.0
2023-01-20,41.38999938964844,41.72999954223633,41.2599983215332,41.72999954223633,38.552642822265625,42854900,0.0,0.0,0.0
2023-01-23,41.790000915527344,42.22999954223633,41.7599983215332,42.029998779296875,38.82979965209961,38252700,0.0,0.0,0.0
2023-01-24,41.869998931884766,42.09000015258789,41.810001373291016,42.060001373291016,38.857513427734375,34713300,0.0,0.0,0.0
2023-01-25,41.84000015258789,42.099998474121094,41.61000061035156,42.099998474121094,38.89447021484375,30325100,0.0,0.0,0.0
2023-01-26,42.439998626708984,42.529998779296875,42.209999084472656,42.5,39.26401901245117,28722100,0.0,0.0,0.0
2023-01-27,42.36000061035156,42.380001068115234,42.099998474121094,42.29999923706055,39.079246520996094,36989100,0.0,0.0,0.0
2023-01-30,41.630001068115234,41.81999969482422,41.43000030517578,41.45000076293945,38.29396438598633,38598300,0.0,0.0,0.0
2023-01-31,41.09000015258789,41.36000061035156,41.0099983215332,41.36000061035156,38.210819244384766,43197800,0.0,0.0,0.0
2023-02-01,41.54999923706055,42.029998779296875,41.27000045776367,41.869998931884766,38.681983947753906,51809100,0.0,0.0,0.0
2023-02-02,41.869998931884766,41.900001525878906,41.41999816894531,41.619998931884766,38.451019287109375,45943800,0.0,0.0,0.0
2023-02-03,41.11000061035156,41.400001525878906,40.779998779296875,40.880001068115234,37.767364501953125,42341000,0.0,0.0,0.0
2023-02-06,40.150001525878906,40.36000061035156,40.0,40.279998779296875,37.213050842285156,41471500,0.0,0.0,0.0
2023-02-07,40.34000015258789,40.599998474121094,40.04999923706055,40.439998626708984,37.360862731933594,31941600,0.0,0.0,0.0
2023-02-08,40.540000915527344,40.599998474121094,40.220001220703125,40.38999938964844,37.31467056274414,38255400,0.0,0.0,0.0
2023-02-09,40.959999084472656,41.0,40.439998626708984,40.58000183105469,37.490203857421875,27083800,0.0,0.0,0.0
2023-02-10,40.349998474121094,40.369998931884766,40.060001373291016,40.189998626708984,37.12989807128906,34463800,0.0,0.0,0.0
2023-02-13,40.33000183105469,40.599998474121094,40.2400016784668,40.52000045776367,37.43477249145508,20906700,0.0,0.0,0.0
2023-02-14,40.22999954223633,40.63999938964844,40.099998474121094,40.45000076293945,37.37010192871094,21664300,0.0,0.0,0.0
2023-02-15,39.84000015258789,40.11000061035156,39.77000045776367,40.11000061035156,37.05598831176758,31114000,0.0,0.0,0.0
2023-02-16,39.91999816894531,40.310001373291016,39.810001373291016,40.119998931884766,37.06522750854492,30045300,0.0,0.0,0.0
2023-02-17,39.66999816894531,39.779998779296875,39.52000045776367,39.68000030517578,36.658729553222656,35131700,0.0,0.0,0.0
2023-02-21,39.400001525878906,39.619998931884766,39.16999816894531,39.18000030517578,36.196800231933594,33984300,0.0,0.0,0.0
2023-02-22,39.06999969482422,39.20000076293945,38.869998931884766,38.9900016784668,36.021270751953125,37035500,0.0,0.0,0.0
2023-02-23,39.4900016784668,39.560001373291016,38.93000030517578,39.18000030517578,36.196800231933594,28551700,0.0,0.0,0.0
2023-02-24,38.310001373291016,38.4900016784668,38.150001525878906,38.29999923706055,35.38380813598633,48596300,0.0,0.0,0.0
2023-02-27,38.529998779296875,38.599998474121094,38.41999816894531,38.5,35.56857681274414,24344400,0.0,0.0,0.0
2023-02-28,38.36000061035156,38.52000045776367,38.189998626708984,38.22999954223633,35.31913757324219,39670600,0.0,0.0,0.0
2023-03-01,39.16999816894531,39.209999084472656,38.970001220703125,39.04999923706055,36.07670211791992,39597500,0.0,0.0,0.0
2023-03-02,38.869998931884766,39.290000915527344,38.79999923706055,39.189998626708984,36.2060432434082,28952900,0.0,0.0,0.0
2023-03-03,39.31999969482422,39.58000183105469,39.27000045776367,39.540000915527344,36.52939224243164,20682400,0.0,0.0,0.0
2023-03-06,39.5099983215332,39.68000030517578,39.38999938964844,39.400001525878906,36.40005111694336,26014300,0.0,0.0,0.0
2023-03-07,39.2400016784668,39.25,38.709999084472656,38.7400016784668,35.790306091308594,36382400,0.0,0.0,0.0
2023-03-08,38.75,38.97999954223633,38.7400016784668,38.900001525878906,35.9381217956543,18795900,0.0,0.0,0.0
2023-03-09,38.5099983215332,38.58000183105469,37.959999084472656,38.040000915527344,35.14360427856445,40118900,0.0,0.0,0.0
2023-03-10,38.02000045776367,38.25,37.79999923706055,37.84000015258789,34.958831787109375,49329400,0.0,0.0,0.0
2023-03-13,37.72999954223633,38.16999816894531,37.650001525878906,37.900001525878906,35.01426315307617,43071400,0.0,0.0,0.0
2023-03-14,37.84000015258789,38.02000045776367,37.720001220703125,37.91999816894531,35.03274154663086,36333400,0.0,0.0,0.0
2023-03-15,37.09000015258789,37.279998779296875,36.900001525878906,37.27000045776367,34.4322395324707,53217000,0.0,0.0,0.0
2023-03-16,37.209999084472656,37.86000061035156,37.150001525878906,37.84000015258789,34.958831787109375,39880200,0.0,0.0,0.0
2023-03-17,37.810001373291016,37.869998931884766,37.47999954223633,37.61000061035156,34.746341705322266,40165600,0.0,0.0,0.0
2023-03-20,37.529998779296875,37.83000183105469,37.439998626708984,37.75,34.87568283081055,28310700,0.0,0.0,0.0
2023-03-21,38.040000915527344,38.189998626708984,37.88999938964844,38.09000015258789,35.18979263305664,27670600,0.0,0.0,0.0
2023-03-22,38.369998931884766,38.81999969482422,38.220001220703125,38.2400016784668,35.32837677001953,40375300,0.0,0.0,0.0
2023-03-23,38.970001220703125,39.209999084472656,38.58000183105469,38.77000045776367,35.818023681640625,39622100,0.0,0.0,0.0
2023-03-24,38.459999084472656,38.68000030517578,38.38999938964844,38.66999816894531,35.72563552856445,28044500,0.0,0.0,0.0
2023-03-27,38.400001525878906,38.4900016784668,38.2599983215332,38.459999084472656,35.53162384033203,36646700,0.0,0.0,0.0
2023-03-28,38.79999923706055,39.0099983215332,38.7599983215332,39.0099983215332,36.03974914550781,43707600,0.0,0.0,0.0
2023-03-29,39.0,39.18000030517578,38.900001525878906,39.119998931884766,36.1413688659668,32173100,0.0,0.0,0.0
2023-03-30,39.459999084472656,39.61000061035156,39.349998474121094,39.5099983215332,36.501678466796875,32982200,0.0,0.0,0.0
2023-03-31,39.5099983215332,39.619998931884766,39.31999969482422,39.459999084472656,36.455482482910156,36174700,0.0,0.0,0.0
2023-04-03,39.439998626708984,39.56999969482422,39.31999969482422,39.540000915527344,36.52939224243164,19637700,0.0,0.0,0.0
2023-04-04,39.470001220703125,39.56999969482422,39.349998474121094,39.540000915527344,36.52939224243164,31518500,0.0,0.0,0.0
2023-04-05,39.459999084472656,39.4900016784668,39.09000015258789,39.22999954223633,36.24299621582031,35785500,0.0,0.0,0.0
2023-04-06,39.13999938964844,39.470001220703125,39.029998779296875,39.38999938964844,36.39081954956055,22277700,0.0,0.0,0.0
2023-04-10,39.27000045776367,39.439998626708984,39.20000076293945,39.43000030517578,36.427764892578125,20271700,0.0,0.0,0.0
2023-04-11,39.77000045776367,39.84000015258789,39.650001525878906,39.66999816894531,36.64949417114258,23177000,0.0,0.0,0.0
2023-04-12,39.79999923706055,39.83000183105469,39.310001373291016,39.38999938964844,36.39081954956055,30341900,0.0,0.0,0.0
2023-04-13,39.849998474121094,40.0,39.810001373291016,39.93000030517578,36.88969802856445,28752600,0.0,0.0,0.0
2023-04-14,39.75,39.91999816894531,39.529998779296875,39.720001220703125,36.69568634033203,26673200,0.0,0.0,0.0
2023-04-17,39.880001068115234,39.95000076293945,39.72999954223633,39.88999938964844,36.85274124145508,26173500,0.0,0.0,0.0
2023-04-18,39.959999084472656,40.0099983215332,39.7400016784668,39.84000015258789,36.806549072265625,23990600,0.0,0.0,0.0
2023-04-19,39.380001068115234,39.4900016784668,39.29999923706055,39.439998626708984,36.437007904052734,25851700,0.0,0.0,0.0
2023-04-20,39.38999938964844,39.619998931884766,39.2599983215332,39.380001068115234,36.38157653808594,29763400,0.0,0.0,0.0
2023-04-21,39.040000915527344,39.060001373291016,38.790000915527344,39.0099983215332,36.03974914550781,26632600,0.0,0.0,0.0
2023-04-24,38.91999816894531,38.97999954223633,38.790000915527344,38.91999816894531,35.95659637451172,19963200,0.0,0.0,0.0
2023-04-25,38.400001525878906,38.43000030517578,38.130001068115234,38.189998626708984,35.28218078613281,31095100,0.0,0.0,0.0
2023-04-26,38.65999984741211,38.689998626708984,38.380001068115234,38.40999984741211,35.48543167114258,45521300,0.0,0.0,0.0
2023-04-27,38.630001068115234,38.97999954223633,38.59000015258789,38.93000030517578,35.9658317565918,23496200,0.0,0.0,0.0
2023-04-28,38.939998626708984,39.15999984741211,38.91999816894531,39.130001068115234,36.150611877441406,22481000,0.0,0.0,0.0
2023-05-01,38.970001220703125,39.27000045776367,38.95000076293945,39.0,36.03050994873047,16797000,0.0,0.0,0.0
2023-05-02,38.849998474121094,38.849998474121094,38.47999954223633,38.619998931884766,35.679439544677734,24041500,0.0,0.0,0.0
2023-05-03,38.65999984741211,38.81999969482422,38.529998779296875,38.560001373291016,35.6240119934082,18827800,0.0,0.0,0.0
2023-05-04,38.880001068115234,39.0,38.779998779296875,38.869998931884766,35.910404205322266,29417100,0.0,0.0,0.0
2023-05-05,39.04999923706055,39.41999816894531,38.9900016784668,39.38999938964844,36.39081954956055,18248200,0.0,0.0,0.0
2023-05-08,39.529998779296875,39.54999923706055,39.34000015258789,39.40999984741211,36.4092903137207,19721300,0.0,0.0,0.0
2023-05-09,39.0099983215332,39.20000076293945,38.970001220703125,39.16999816894531,36.18756103515625,17294900,0.0,0.0,0.0
2023-05-10,39.130001068115234,39.2599983215332,38.939998626708984,39.150001525878906,36.169090270996094,22410300,0.0,0.0,0.0
2023-05-11,38.810001373291016,39.02000045776367,38.70000076293945,39.0099983215332,36.03974914550781,34620300,0.0,0.0,0.0
2023-05-12,38.7400016784668,38.75,38.470001220703125,38.54999923706055,35.61477279663086,32789300,0.0,0.0,0.0
2023-05-15,38.959999084472656,39.310001373291016,38.84000015258789,39.2599983215332,36.27070999145508,28911000,0.0,0.0,0.0
2023-05-16,38.9900016784668,39.150001525878906,38.959999084472656,38.97999954223633,36.01203155517578,24887200,0.0,0.0,0.0
2023-05-17,38.97999954223633,39.209999084472656,38.90999984741211,39.15999984741211,36.17832946777344,24358200,0.0,0.0,0.0
2023-05-18,39.0099983215332,39.029998779296875,38.779998779296875,38.95000076293945,35.984317779541016,30378900,0.0,0.0,0.0
2023-05-19,39.04999923706055,39.09000015258789,38.900001525878906,38.97999954223633,36.01203155517578,26847500,0.0,0.0,0.0
2023-05-22,39.2599983215332,39.470001220703125,39.2599983215332,39.29999923706055,36.30766677856445,30254000,0.0,0.0,0.0
2023-05-23,38.95000076293945,39.04999923706055,38.66999816894531,38.689998626708984,35.74410629272461,43844500,0.0,0.0,0.0
2023-05-24,38.650001525878906,38.66999816894531,38.380001068115234,38.400001525878906,35.4761962890625,31559600,0.0,0.0,0.0
2023-05-25,38.5099983215332,38.5099983215332,38.25,38.31999969482422,35.40228271484375,28492700,0.0,0.0,0.0
2023-05-26,38.65999984741211,39.06999969482422,38.65999984741211,39.0,36.03050994873047,24941700,0.0,0.0,0.0
2023-05-30,38.900001525878906,38.90999984741211,38.439998626708984,38.54999923706055,35.61477279663086,25536900,0.0,0.0,0.0
2023-05-31,38.2400016784668,38.25,37.90999984741211,38.189998626708984,35.28218078613281,35917900,0.0,0.0,0.0
2023-06-01,38.25,38.88999938964844,38.22999954223633,38.869998931884766,35.910404205322266,32875300,0.0,0.0,0.0
2023-06-02,39.5,39.63999938964844,39.4900016784668,39.540000915527344,36.52939224243164,53717000,0.0,0.0,0.0
2023-06-05,39.43000030517578,39.54999923706055,39.349998474121094,39.529998779296875,36.52015686035156,16947400,0.0,0.0,0.0
2023-06-06,39.45000076293945,39.93000030517578,39.40999984741211,39.880001068115234,36.843505859375,35447700,0.0,0.0,0.0
2023-06-07,39.560001373291016,39.77000045776367,39.34000015258789,39.400001525878906,36.685218811035156,44313300,0.31,0.0,0.0
2023-06-08,39.43000030517578,39.720001220703125,39.41999816894531,39.68000030517578,36.9459228515625,26886800,0.0,0.0,0.0
2023-06-09,39.83000183105469,40.04999923706055,39.81999969482422,39.86000061035156,37.113525390625,22199200,0.0,0.0,0.0
2023-06-12,39.880001068115234,39.9900016784668,39.81999969482422,39.939998626708984,37.188011169433594,25267100,0.0,0.0,0.0
2023-06-13,40.369998931884766,40.470001220703125,40.22999954223633,40.34000015258789,37.560447692871094,35053100,0.0,0.0,0.0
2023-06-14,40.349998474121094,40.72999954223633,40.33000183105469,40.63999938964844,37.839778900146484,37898300,0.0,0.0,0.0
2023-06-15,40.84000015258789,41.040000915527344,40.7599983215332,41.02000045776367,38.19359588623047,36328400,0.0,0.0,0.0
2023-06-16,41.09000015258789,41.09000015258789,40.77000045776367,40.880001068115234,38.0632438659668,40001900,0.0,0.0,0.0
2023-06-20,40.290000915527344,40.349998474121094,39.959999084472656,40.08000183105469,37.318363189697266,50477100,0.0,0.0,0.0
2023-06-21,39.86000061035156,39.959999084472656,39.7400016784668,39.88999938964844,37.14145278930664,20771300,0.0,0.0,0.0
2023-06-22,39.63999938964844,39.79999923706055,39.58000183105469,39.75,37.01110076904297,22804200,0.0,0.0,0.0
2023-06-23,39.22999954223633,39.22999954223633,39.060001373291016,39.16999816894531,36.47106170654297,26321700,0.0,0.0,0.0
2023-06-26,39.33000183105469,39.47999954223633,39.2599983215332,39.29999923706055,36.59210968017578,18302400,0.0,0.0,0.0
2023-06-27,39.619998931884766,39.720001220703125,39.52000045776367,39.70000076293945,36.96455001831055,21799500,0.0,0.0,0.0
2023-06-28,39.38999938964844,39.5099983215332,39.29999923706055,39.459999084472656,36.741085052490234,21628400,0.0,0.0,0.0
2023-06-29,39.15999984741211,39.279998779296875,39.150001525878906,39.25,36.545555114746094,23278300,0.0,0.0,0.0
2023-06-30,39.560001373291016,39.720001220703125,39.470001220703125,39.560001373291016,36.834197998046875,23366700,0.0,0.0,0.0
2023-07-03,40.0099983215332,40.209999084472656,39.95000076293945,40.0,37.24387741088867,15417000,0.0,0.0,0.0
2023-07-05,39.83000183105469,39.849998474121094,39.689998626708984,39.7599983215332,37.020416259765625,15853800,0.0,0.0,0.0
2023-07-06,39.16999816894531,39.22999954223633,38.810001373291016,38.95000076293945,36.26622772216797,36352500,0.0,0.0,0.0
2023-07-07,39.08000183105469,39.599998474121094,39.06999969482422,39.38999938964844,36.6759147644043,21518600,0.0,0.0,0.0
2023-07-10,39.150001525878906,39.439998626708984,39.13999938964844,39.41999816894531,36.70384216308594,22273400,0.0,0.0,0.0
2023-07-11,39.65999984741211,39.84000015258789,39.4900016784668,39.81999969482422,37.07627868652344,19616000,0.0,0.0,0.0
2023-07-12,40.43000030517578,40.7400016784668,40.40999984741211,40.709999084472656,37.90495681762695,61015900,0.0,0.0,0.0
2023-07-13,40.93000030517578,41.31999969482422,40.90999984741211,41.2400016784668,38.3984375,44062400,0.0,0.0,0.0
2023-07-14,41.13999938964844,41.15999984741211,40.97999954223633,41.0099983215332,38.18427658081055,26724500,0.0,0.0,0.0
2023-07-17,40.84000015258789,41.06999969482422,40.66999816894531,41.060001373291016,38.23084259033203,25782900,0.0,0.0,0.0
2023-07-18,40.83000183105469,40.91999816894531,40.63999938964844,40.7599983215332,37.951507568359375,29377700,0.0,0.0,0.0
2023-07-19,40.81999969482422,40.9900016784668,40.630001068115234,40.68000030517578,37.87702178955078,26941200,0.0,0.0,0.0
2023-07-20,40.5,40.599998474121094,40.31999969482422,40.380001068115234,37.59769821166992,31226700,0.0,0.0,0.0
2023-07-21,40.4900016784668,40.529998779296875,40.290000915527344,40.31999969482422,37.541831970214844,21620500,0.0,0.0,0.0
2023-07-24,40.459999084472656,41.02000045776367,40.41999816894531,40.869998931884766,38.05392837524414,47123600,0.0,0.0,0.0
2023-07-25,41.369998931884766,41.400001525878906,41.189998626708984,41.209999084472656,38.37050247192383,32437300,0.0,0.0,0.0
2023-07-26,41.029998779296875,41.56999969482422,41.0099983215332,41.45000076293945,38.59396743774414,34963100,0.0,0.0,0.0
2023-07-27,41.47999954223633,41.5099983215332,40.900001525878906,40.939998626708984,38.119110107421875,37548500,0.0,0.0,0.0
2023-07-28,41.7400016784668,41.959999084472656,41.66999816894531,41.93000030517578,39.040897369384766,34529000,0.0,0.0,0.0
2023-07-31,41.790000915527344,42.0,41.720001220703125,41.95000076293945,39.05951690673828,28029100,0.0,0.0,0.0
2023-08-01,41.61000061035156,41.650001525878906,41.369998931884766,41.41999816894531,38.56603240966797,34635600,0.0,0.0,0.0
2023-08-02,40.75,40.75,40.34000015258789,40.43000030517578,37.64425277709961,35588700,0.0,0.0,0.0
2023-08-03,40.47999954223633,40.7400016784668,40.439998626708984,40.59000015258789,37.79322052001953,20893600,0.0,0.0,0.0
2023-08-04,40.70000076293945,40.91999816894531,40.4900016784668,40.540000915527344,37.74666976928711,29249200,0.0,0.0,0.0
2023-08-07,40.650001525878906,40.650001525878906,40.310001373291016,40.47999954223633,37.6907958984375,19419100,0.0,0.0,0.0
2023-08-08,39.869998931884766,40.0,39.66999816894531,39.9900016784668,37.23456573486328,22600700,0.0,0.0,0.0
2023-08-09,40.25,40.279998779296875,39.93000030517578,40.09000015258789,37.32767868041992,27936800,0.0,0.0,0.0
2023-08-10,40.380001068115234,40.70000076293945,40.08000183105469,40.150001525878906,37.383541107177734,26321200,0.0,0.0,0.0
2023-08-11,39.70000076293945,39.72999954223633,39.459999084472656,39.560001373291016,36.834197998046875,32303600,0.0,0.0,0.0
2023-08-14,39.18000030517578,39.45000076293945,39.040000915527344,39.369998931884766,36.657283782958984,25510000,0.0,0.0,0.0
2023-08-15,39.18000030517578,39.18000030517578,38.869998931884766,38.91999816894531,36.23828887939453,31837500,0.0,0.0,0.0
2023-08-16,38.70000076293945,38.88999938964844,38.560001373291016,38.56999969482422,35.912410736083984,37596400,0.0,0.0,0.0
2023-08-17,39.04999923706055,39.06999969482422,38.630001068115234,38.65999984741211,35.99620819091797,35544200,0.0,0.0,0.0
2023-08-18,38.2599983215332,38.47999954223633,38.209999084472656,38.400001525878906,35.75412368774414,33913100,0.0,0.0,0.0
2023-08-21,38.34000015258789,38.52000045776367,38.27000045776367,38.4900016784668,35.83792495727539,24331900,0.0,0.0,0.0
2023-08-22,38.63999938964844,38.68000030517578,38.349998474121094,38.40999984741211,35.763431549072266,26689500,0.0,0.0,0.0
2023-08-23,38.70000076293945,39.06999969482422,38.68000030517578,39.02000045776367,36.331398010253906,27643300,0.0,0.0,0.0
2023-08-24,39.15999984741211,39.2400016784668,38.86000061035156,38.869998931884766,36.191734313964844,25776700,0.0,0.0,0.0
2023-08-25,38.880001068115234,38.9900016784668,38.58000183105469,38.90999984741211,36.228981018066406,20154800,0.0,0.0,0.0
2023-08-28,39.189998626708984,39.33000183105469,39.119998931884766,39.290000915527344,36.58279800415039,21426800,0.0,0.0,0.0
2023-08-29,39.400001525878906,39.81999969482422,39.290000915527344,39.790000915527344,37.04834747314453,30243400,0.0,0.0,0.0
2023-08-30,39.56999969482422,39.77000045776367,39.54999923706055,39.65999984741211,36.927303314208984,16164200,0.0,0.0,0.0
2023-08-31,39.369998931884766,39.38999938964844,39.11000061035156,39.16999816894531,36.47106170654297,35424700,0.0,0.0,0.0
2023-09-01,39.709999084472656,39.83000183105469,39.540000915527344,39.630001068115234,36.89937210083008,26152300,0.0,0.0,0.0
2023-09-05,39.41999816894531,39.459999084472656,39.27000045776367,39.310001373291016,36.60142135620117,23571600,0.0,0.0,0.0
2023-09-06,39.220001220703125,39.41999816894531,39.029998779296875,39.09000015258789,36.39657974243164,29118500,0.0,0.0,0.0
2023-09-07,38.70000076293945,38.72999954223633,38.54999923706055,38.630001068115234,35.96827697753906,23907500,0.0,0.0,0.0
2023-09-08,38.7400016784668,38.83000183105469,38.650001525878906,38.709999084472656,36.042762756347656,15126500,0.0,0.0,0.0
2023-09-11,39.13999938964844,39.209999084472656,38.9900016784668,39.189998626708984,36.489688873291016,20748000,0.0,0.0,0.0
2023-09-12,38.900001525878906,39.189998626708984,38.88999938964844,39.06999969482422,36.377952575683594,26259600,0.0,0.0,0.0
2023-09-13,39.029998779296875,39.15999984741211,38.95000076293945,39.02000045776367,36.331398010253906,20707900,0.0,0.0,0.0
2023-09-14,39.25,39.380001068115234,39.130001068115234,39.279998779296875,36.573482513427734,22611200,0.0,0.0,0.0
2023-09-15,39.290000915527344,39.349998474121094,39.09000015258789,39.130001068115234,36.43382263183594,32981700,0.0,0.0,0.0
2023-09-18,39.0099983215332,39.099998474121094,38.900001525878906,39.08000183105469,36.38726806640625,22967000,0.0,0.0,0.0
2023-09-19,38.90999984741211,38.97999954223633,38.77000045776367,38.849998474121094,36.17311477661133,17394800,0.0,0.0,0.0
2023-09-20,38.959999084472656,39.11000061035156,38.689998626708984,38.689998626708984,36.02413558959961,24521800,0.0,0.0,0.0
2023-09-21,38.099998474121094,38.20000076293945,38.0099983215332,38.02000045776367,35.400306701660156,33915600,0.0,0.0,0.0
2023-09-22,38.63999938964844,38.709999084472656,38.439998626708984,38.470001220703125,35.819297790527344,40006500,0.0,0.0,0.0
2023-09-25,38.150001525878906,38.34000015258789,38.150001525878906,38.29999923706055,35.661014556884766,29050100,0.0,0.0,0.0
2023-09-26,37.91999816894531,38.029998779296875,37.72999954223633,37.7599983215332,35.15821838378906,39426100,0.0,0.0,0.0
2023-09-27,37.95000076293945,37.97999954223633,37.630001068115234,37.81999969482422,35.214088439941406,27723500,0.0,0.0,0.0
2023-09-28,37.650001525878906,37.959999084472656,37.58000183105469,37.91999816894531,35.30719757080078,31425500,0.0,0.0,0.0
2023-09-29,38.33000183105469,38.33000183105469,37.880001068115234,37.95000076293945,35.33512878417969,41783600,0.0,0.0,0.0
2023-10-02,37.880001068115234,37.93000030517578,37.65999984741211,37.7599983215332,35.15821838378906,30529200,0.0,0.0,0.0
2023-10-03,37.400001525878906,37.54999923706055,37.20000076293945,37.2599983215332,34.69266891479492,52953900,0.0,0.0,0.0
2023-10-04,37.189998626708984,37.2599983215332,37.02000045776367,37.150001525878906,34.59025192260742,36174300,0.0,0.0,0.0
2023-10-05,37.15999984741211,37.31999969482422,37.029998779296875,37.290000915527344,34.720603942871094,27725900,0.0,0.0,0.0
2023-10-06,37.279998779296875,37.91999816894531,37.220001220703125,37.83000183105469,35.22339630126953,33737600,0.0,0.0,0.0
2023-10-09,37.31999969482422,37.65999984741211,37.2599983215332,37.650001525878906,35.05580139160156,21799900,0.0,0.0,0.0
2023-10-10,37.900001525878906,38.25,37.869998931884766,38.189998626708984,35.558589935302734,35189100,0.0,0.0,0.0
2023-10-11,38.470001220703125,38.56999969482422,38.27000045776367,38.43000030517578,35.78205108642578,24577700,0.0,0.0,0.0
2023-10-12,38.5099983215332,38.529998779296875,37.900001525878906,38.0,35.38167953491211,36022000,0.0,0.0,0.0
2023-10-13,38.029998779296875,38.15999984741211,37.77000045776367,37.86000061035156,35.2513313293457,26187900,0.0,0.0,0.0
2023-10-16,37.86000061035156,38.22999954223633,37.810001373291016,38.13999938964844,35.51203536987305,21117700,0.0,0.0,0.0
2023-10-17,37.83000183105469,38.22999954223633,37.81999969482422,38.040000915527344,35.41892623901367,24251700,0.0,0.0,0.0
2023-10-18,37.68000030517578,37.72999954223633,37.400001525878906,37.459999084472656,34.87889099121094,29849100,0.0,0.0,0.0
2023-10-19,37.349998474121094,37.54999923706055,37.220001220703125,37.2400016784668,34.67404556274414,28401800,0.0,0.0,0.0
2023-10-20,36.91999816894531,37.04999923706055,36.7599983215332,36.790000915527344,34.25505447387695,39070000,0.0,0.0,0.0
2023-10-23,36.52000045776367,36.90999984741211,36.380001068115234,36.7599983215332,34.227115631103516,34568600,0.0,0.0,0.0
2023-10-24,36.88999938964844,37.29999923706055,36.88999938964844,37.22999954223633,34.664730072021484,33962200,0.0,0.0,0.0
2023-10-25,36.849998474121094,37.0,36.70000076293945,36.7400016784668,34.20850372314453,25267400,0.0,0.0,0.0
2023-10-26,36.470001220703125,36.650001525878906,36.400001525878906,36.560001373291016,34.0409049987793,28415700,0.0,0.0,0.0
2023-10-27,36.88999938964844,36.95000076293945,36.470001220703125,36.529998779296875,34.012969970703125,34216900,0.0,0.0,0.0
2023-10-30,37.099998474121094,37.150001525878906,36.779998779296875,36.90999984741211,34.36678695678711,30506700,0.0,0.0,0.0
2023-10-31,36.61000061035156,36.720001220703125,36.40999984741211,36.70000076293945,34.17125701904297,37734300,0.0,0.0,0.0
2023-11-01,36.689998626708984,37.060001373291016,36.650001525878906,37.040000915527344,34.48782730102539,27879300,0.0,0.0,0.0
2023-11-02,37.59000015258789,37.720001220703125,37.470001220703125,37.689998626708984,35.093040466308594,33661400,0.0,0.0,0.0
2023-11-03,38.189998626708984,38.540000915527344,38.16999816894531,38.459999084472656,35.80998611450195,41736500,0.0,0.0,0.0
2023-11-06,38.959999084472656,38.9900016784668,38.720001220703125,38.77000045776367,36.098628997802734,32347100,0.0,0.0,0.0
2023-11-07,38.529998779296875,38.72999954223633,38.349998474121094,38.70000076293945,36.033451080322266,18218400,0.0,0.0,0.0
2023-11-08,38.470001220703125,38.619998931884766,38.36000061035156,38.439998626708984,35.79136276245117,18963500,0.0,0.0,0.0
2023-11-09,38.41999816894531,38.529998779296875,38.029998779296875,38.08000183105469,35.45616912841797,25631100,0.0,0.0,0.0
2023-11-10,38.08000183105469,38.349998474121094,38.02000045776367,38.349998474121094,35.70756530761719,18540300,0.0,0.0,0.0
2023-11-13,38.220001220703125,38.4900016784668,38.13999938964844,38.34000015258789,35.69825744628906,23437400,0.0,0.0,0.0
2023-11-14,38.91999816894531,39.41999816894531,38.90999984741211,39.36000061035156,36.647972106933594,66042500,0.0,0.0,0.0
2023-11-15,39.689998626708984,39.90999984741211,39.599998474121094,39.689998626708984,36.955230712890625,43281700,0.0,0.0,0.0
2023-11-16,39.2400016784668,39.4900016784668,39.13999938964844,39.310001373291016,36.60142135620117,22868300,0.0,0.0,0.0
2023-11-17,39.31999969482422,39.43000030517578,39.2400016784668,39.36000061035156,36.647972106933594,28460900,0.0,0.0,0.0
2023-11-20,39.540000915527344,39.91999816894531,39.52000045776367,39.849998474121094,37.10421371459961,35801100,0.0,0.0,0.0
2023-11-21,39.75,39.83000183105469,39.52000045776367,39.599998474121094,36.871437072753906,20929700,0.0,0.0,0.0
2023-11-22,39.54999923706055,39.63999938964844,39.380001068115234,39.52000045776367,36.79694747924805,20006500,0.0,0.0,0.0
2023-11-24,39.36000061035156,39.56999969482422,39.33000183105469,39.540000915527344,36.81557083129883,11365000,0.0,0.0,0.0
2023-11-27,39.369998931884766,39.41999816894531,39.27000045776367,39.380001068115234,36.66659927368164,22925200,0.0,0.0,0.0
2023-11-28,39.560001373291016,39.779998779296875,39.4900016784668,39.709999084472656,36.97385787963867,35006700,0.0,0.0,0.0
2023-11-29,39.5099983215332,39.720001220703125,39.439998626708984,39.47999954223633,36.759708404541016,26049200,0.0,0.0,0.0
2023-11-30,39.56999969482422,39.61000061035156,39.290000915527344,39.560001373291016,36.834197998046875,30482700,0.0,0.0,0.0
2023-12-01,39.290000915527344,39.72999954223633,39.209999084472656,39.72999954223633,36.99247741699219,27140200,0.0,0.0,0.0
2023-12-04,39.41999816894531,39.5,39.189998626708984,39.279998779296875,36.573482513427734,28074900,0.0,0.0,0.0
2023-12-05,38.93000030517578,39.09000015258789,38.84000015258789,39.040000915527344,36.35002517700195,25462300,0.0,0.0,0.0
2023-12-06,39.279998779296875,39.29999923706055,38.97999954223633,38.9900016784668,36.303470611572266,23069000,0.0,0.0,0.0
2023-12-07,39.119998931884766,39.20000076293945,39.0,39.18000030517578,36.48037338256836,19735000,0.0,0.0,0.0
2023-12-08,38.93000030517578,39.13999938964844,38.849998474121094,39.0099983215332,36.32209396362305,25195400,0.0,0.0,0.0
2023-12-11,39.0099983215332,39.25,38.959999084472656,39.2400016784668,36.5362434387207,20426400,0.0,0.0,0.0
2023-12-12,39.119998931884766,39.27000045776367,38.939998626708984,39.25,36.545555114746094,20278300,0.0,0.0,0.0
2023-12-13,39.02000045776367,39.65999984741211,38.83000183105469,39.63999938964844,36.9086799621582,42607800,0.0,0.0,0.0
2023-12-14,39.900001525878906,40.279998779296875,39.900001525878906,40.220001220703125,37.4487190246582,51998900,0.0,0.0,0.0
2023-12-15,40.18000030517578,40.279998779296875,39.97999954223633,39.97999954223633,37.225257873535156,37110300,0.0,0.0,0.0
2023-12-18,39.95000076293945,39.9900016784668,39.779998779296875,39.959999084472656,37.206634521484375,37419400,0.0,0.0,0.0
2023-12-19,40.130001068115234,40.36000061035156,40.099998474121094,40.29999923706055,37.5232048034668,33688600,0.0,0.0,0.0
2023-12-20,39.290000915527344,39.349998474121094,38.790000915527344,38.84000015258789,36.84772491455078,44766600,0.748,0.0,0.0
2023-12-21,39.380001068115234,39.599998474121094,39.310001373291016,39.56999969482422,37.540279388427734,33402800,0.0,0.0,0.0
2023-12-22,39.2599983215332,39.459999084472656,39.220001220703125,39.380001068115234,37.36002731323242,17082900,0.0,0.0,0.0
2023-12-26,39.70000076293945,39.77000045776367,39.58000183105469,39.689998626708984,37.65412521362305,16173200,0.0,0.0,0.0
2023-12-27,39.88999938964844,39.97999954223633,39.81999969482422,39.91999816894531,37.8723258972168,30120600,0.0,0.0,0.0
2023-12-28,40.279998779296875,40.439998626708984,40.220001220703125,40.22999954223633,38.16643142700195,36660400,0.0,0.0,0.0
2023-12-29,40.20000076293945,40.41999816894531,40.16999816894531,40.209999084472656,38.14745330810547,48758200,0.0,0.0,0.0
2024-01-02,39.83000183105469,39.95000076293945,39.650001525878906,39.7400016784668,37.701560974121094,20839200,0.0,0.0,0.0
2024-01-03,39.33000183105469,39.650001525878906,39.31999969482422,39.52000045776367,37.49284362792969,32220700,0.0,0.0,0.0
2024-01-04,39.38999938964844,39.599998474121094,39.380001068115234,39.38999938964844,37.369510650634766,20922700,0.0,0.0,0.0
2024-01-05,39.45000076293945,39.709999084472656,39.380001068115234,39.439998626708984,37.41695022583008,21875600,0.0,0.0,0.0
2024-01-08,39.16999816894531,39.56999969482422,39.130001068115234,39.54999923706055,37.521305084228516,16208600,0.0,0.0,0.0
2024-01-09,38.97999954223633,39.08000183105469,38.90999984741211,38.9900016784668,36.99003601074219,31344300,0.0,0.0,0.0
2024-01-10,38.939998626708984,38.970001220703125,38.810001373291016,38.900001525878906,36.90464782714844,20149400,0.0,0.0,0.0
2024-01-11,39.11000061035156,39.16999816894531,38.779998779296875,39.060001373291016,37.05644226074219,24682100,0.0,0.0,0.0
2024-01-12,39.34000015258789,39.5,39.16999816894531,39.20000076293945,37.18925857543945,21605800,0.0,0.0,0.0
2024-01-16,38.5099983215332,38.529998779296875,38.189998626708984,38.25,36.28799057006836,44484400,0.0,0.0,0.0
2024-01-17,37.5,37.70000076293945,37.47999954223633,37.68000030517578,35.747222900390625,50591600,0.0,0.0,0.0
2024-01-18,37.970001220703125,38.029998779296875,37.83000183105469,37.9900016784668,36.041324615478516,31884600,0.0,0.0,0.0
2024-01-19,38.08000183105469,38.41999816894531,37.939998626708984,38.38999938964844,36.42081069946289,31372000,0.0,0.0,0.0
2024-01-22,37.95000076293945,38.150001525878906,37.90999984741211,38.04999923706055,36.09824752807617,25753700,0.0,0.0,0.0
2024-01-23,38.209999084472656,38.43000030517578,38.189998626708984,38.380001068115234,36.41132354736328,34710400,0.0,0.0,0.0
2024-01-24,39.06999969482422,39.09000015258789,38.77000045776367,38.810001373291016,36.81926727294922,38215800,0.0,0.0,0.0
2024-01-25,38.970001220703125,39.02000045776367,38.7400016784668,38.86000061035156,36.86669921875,23157000,0.0,0.0,0.0
2024-01-26,38.81999969482422,39.0,38.790000915527344,38.88999938964844,36.89515686035156,21031500,0.0,0.0,0.0
2024-01-29,39.0,39.0099983215332,38.70000076293945,38.90999984741211,36.91413497924805,24133600,0.0,0.0,0.0
2024-01-30,38.4900016784668,38.61000061035156,38.40999984741211,38.599998474121094,36.62003707885742,22928200,0.0,0.0,0.0
2024-01-31,38.459999084472656,38.72999954223633,38.27000045776367,38.38999938964844,36.42081069946289,37689700,0.0,0.0,0.0
2024-02-01,38.619998931884766,38.779998779296875,38.529998779296875,38.7599983215332,36.771827697753906,22048300,0.0,0.0,0.0
2024-02-02,38.59000015258789,38.689998626708984,38.45000076293945,38.650001525878906,36.66747283935547,29803500,0.0,0.0,0.0
2024-02-05,38.54999923706055,38.79999923706055,38.4900016784668,38.70000076293945,36.714908599853516,26934900,0.0,0.0,0.0
2024-02-06,39.310001373291016,39.599998474121094,39.22999954223633,39.58000183105469,37.549774169921875,41288400,0.0,0.0,0.0
2024-02-07,39.5,39.68000030517578,39.470001220703125,39.630001068115234,37.59720230102539,22270000,0.0,0.0,0.0
2024-02-08,39.459999084472656,39.5,39.29999923706055,39.40999984741211,37.388484954833984,23485800,0.0,0.0,0.0
2024-02-09,39.459999084472656,39.63999938964844,39.25,39.58000183105469,37.549774169921875,22416400,0.0,0.0,0.0
2024-02-12,39.63999938964844,40.099998474121094,39.630001068115234,39.88999938964844,37.843868255615234,33026500,0.0,0.0,0.0
2024-02-13,39.380001068115234,39.529998779296875,38.95000076293945,39.13999938964844,37.13233947753906,42252400,0.0,0.0,0.0
2024-02-14,39.61000061035156,39.7400016784668,39.529998779296875,39.70000076293945,37.66360855102539,28923100,0.0,0.0,0.0
2024-02-15,39.72999954223633,39.90999984741211,39.709999084472656,39.88999938964844,37.843868255615234,27273300,0.0,0.0,0.0
2024-02-16,40.04999923706055,40.209999084472656,39.9900016784668,40.08000183105469,38.02412033081055,36729000,0.0,0.0,0.0
2024-02-20,40.2400016784668,40.31999969482422,40.040000915527344,40.13999938964844,38.08103942871094,32493800,0.0,0.0,0.0
2024-02-21,40.220001220703125,40.33000183105469,40.08000183105469,40.209999084472656,38.14745330810547,29069400,0.0,0.0,0.0
2024-02-22,40.56999969482422,40.65999984741211,40.43000030517578,40.619998931884766,38.53641891479492,32548100,0.0,0.0,0.0
2024-02-23,40.59000015258789,40.65999984741211,40.459999084472656,40.599998474121094,38.51744079589844,37973600,0.0,0.0,0.0
2024-02-26,40.380001068115234,40.4900016784668,40.349998474121094,40.41999816894531,38.3466796875,23804700,0.0,0.0,0.0
2024-02-27,40.529998779296875,40.560001373291016,40.45000076293945,40.5,38.422576904296875,21206300,0.0,0.0,0.0
2024-02-28,40.119998931884766,40.13999938964844,39.900001525878906,39.970001220703125,37.91976547241211,31288900,0.0,0.0,0.0
2024-02-29,40.18000030517578,40.189998626708984,39.93000030517578,39.9900016784668,37.93873977661133,43973800,0.0,0.0,0.0
2024-03-01,40.279998779296875,40.560001373291016,40.20000076293945,40.47999954223633,38.40359878540039,35477300,0.0,0.0,0.0
2024-03-04,40.540000915527344,40.540000915527344,40.34000015258789,40.38999938964844,38.31821823120117,38144500,0.0,0.0,0.0
2024-03-05,40.189998626708984,40.290000915527344,39.959999084472656,40.029998779296875,37.976680755615234,32915100,0.0,0.0,0.0
2024-03-06,40.63999938964844,40.77000045776367,40.54999923706055,40.61000061035156,38.52693176269531,45875000,0.0,0.0,0.0
2024-03-07,40.66999816894531,40.88999938964844,40.59000015258789,40.86000061035156,38.76411056518555,26916100,0.0,0.0,0.0
2024-03-08,40.9900016784668,41.119998931884766,40.77000045776367,40.81999969482422,38.72616195678711,30341400,0.0,0.0,0.0
2024-03-11,40.900001525878906,41.04999923706055,40.869998931884766,40.90999984741211,38.81154251098633,22761600,0.0,0.0,0.0
2024-03-12,41.25,41.380001068115234,41.06999969482422,41.36000061035156,39.23846435546875,37392400,0.0,0.0,0.0
2024-03-13,41.189998626708984,41.310001373291016,41.15999984741211,41.22999954223633,39.11512756347656,25742900,0.0,0.0,0.0
2024-03-14,41.2599983215332,41.310001373291016,40.90999984741211,41.02000045776367,38.91590118408203,31566200,0.0,0.0,0.0
2024-03-15,40.84000015258789,40.91999816894531,40.709999084472656,40.77000045776367,38.67873001098633,32816600,0.0,0.0,0.0
2024-03-18,41.0099983215332,41.04999923706055,40.790000915527344,40.84000015258789,38.74513626098633,23107900,0.0,0.0,0.0
2024-03-19,40.58000183105469,40.720001220703125,40.41999816894531,40.63999938964844,38.555397033691406,23851800,0.0,0.0,0.0
2024-03-20,40.720001220703125,41.119998931884766,40.65999984741211,41.099998474121094,38.99179458618164,32308000,0.0,0.0,0.0
2024-03-21,41.380001068115234,41.38999938964844,41.130001068115234,41.150001525878906,39.03923797607422,27655700,0.0,0.0,0.0
2024-03-22,40.900001525878906,40.959999084472656,40.790000915527344,40.86000061035156,38.76411056518555,30355600,0.0,0.0,0.0
2024-03-25,40.79999923706055,40.95000076293945,40.79999923706055,40.88999938964844,38.79256820678711,12894800,0.0,0.0,0.0
2024-03-26,40.9900016784668,41.0099983215332,40.84000015258789,40.86000061035156,38.76411056518555,15363300,0.0,0.0,0.0
2024-03-27,40.84000015258789,40.93000030517578,40.7400016784668,40.93000030517578,38.83051681518555,21819500,0.0,0.0,0.0
2024-03-28,41.02000045776367,41.20000076293945,41.02000045776367,41.08000183105469,38.97282791137695,28296300,0.0,0.0,0.0
2024-04-01,41.2599983215332,41.459999084472656,41.060001373291016,41.150001525878906,39.03923797607422,20857100,0.0,0.0,0.0
2024-04-02,41.290000915527344,41.43000030517578,41.2400016784668,41.279998779296875,39.16257095336914,22346100,0.0,0.0,0.0
2024-04-03,41.09000015258789,41.40999984741211,41.04999923706055,41.310001373291016,39.19103240966797,33272500,0.0,0.0,0.0
2024-04-04,41.720001220703125,41.790000915527344,41.13999938964844,41.15999984741211,39.04872512817383,33317700,0.0,0.0,0.0
2024-04-05,41.11000061035156,41.34000015258789,41.029998779296875,41.25,39.13410186767578,31564000,0.0,0.0,0.0
2024-04-08,41.470001220703125,41.599998474121094,41.45000076293945,41.52000045776367,39.390262603759766,18452500,0.0,0.0,0.0
2024-04-09,41.790000915527344,41.869998931884766,41.599998474121094,41.79999923706055,39.6558952331543,23963700,0.0,0.0,0.0
2024-04-10,41.290000915527344,41.34000015258789,41.060001373291016,41.22999954223633,39.11512756347656,37281800,0.0,0.0,0.0
2024-04-11,41.529998779296875,41.54999923706055,41.220001220703125,41.47999954223633,39.35231399536133,23648600,0.0,0.0,0.0
2024-04-12,40.88999938964844,40.900001525878906,40.439998626708984,40.529998779296875,38.4510383605957,50234600,0.0,0.0,0.0
2024-04-15,40.77000045776367,40.77000045776367,40.20000076293945,40.27000045776367,38.204376220703125,31290100,0.0,0.0,0.0
2024-04-16,39.72999954223633,39.91999816894531,39.619998931884766,39.7400016784668,37.701560974121094,43707900,0.0,0.0,0.0
2024-04-17,39.95000076293945,39.970001220703125,39.59000015258789,39.709999084472656,37.673095703125,26019400,0.0,0.0,0.0
2024-04-18,39.900001525878906,40.099998474121094,39.779998779296875,39.869998931884766,37.82489013671875,20581900,0.0,0.0,0.0
2024-04-19,39.709999084472656,39.810001373291016,39.58000183105469,39.709999084472656,37.673095703125,29537400,0.0,0.0,0.0
2024-04-22,39.790000915527344,40.209999084472656,39.7599983215332,40.13999938964844,38.08103942871094,25738800,0.0,0.0,0.0
2024-04-23,40.18000030517578,40.5099983215332,40.15999984741211,40.470001220703125,38.39411163330078,21907100,0.0,0.0,0.0
2024-04-24,40.720001220703125,40.75,40.47999954223633,40.61000061035156,38.52693176269531,18118100,0.0,0.0,0.0
2024-04-25,40.27000045776367,40.75,40.220001220703125,40.70000076293945,38.61231994628906,21962500,0.0,0.0,0.0
2024-04-26,41.08000183105469,41.18000030517578,41.02000045776367,41.16999816894531,39.05820846557617,24407700,0.0,0.0,0.0
2024-04-29,41.369998931884766,41.58000183105469,41.31999969482422,41.56999969482422,39.43769454956055,31041200,0.0,0.0,0.0
2024-04-30,41.18000030517578,41.31999969482422,40.9900016784668,40.9900016784668,38.8874397277832,32748700,0.0,0.0,0.0
2024-05-01,41.060001373291016,41.47999954223633,40.97999954223633,41.029998779296875,38.92538833618164,34489500,0.0,0.0,0.0
2024-05-02,41.58000183105469,42.189998626708984,41.45000076293945,42.09000015258789,39.93102264404297,48855700,0.0,0.0,0.0
2024-05-03,42.34000015258789,42.4900016784668,42.16999816894531,42.470001220703125,40.29153060913086,31815100,0.0,0.0,0.0
2024-05-06,42.470001220703125,42.540000915527344,42.400001525878906,42.5099983215332,40.32947540283203,19706300,0.0,0.0,0.0
2024-05-07,42.310001373291016,42.380001068115234,42.220001220703125,42.27000045776367,40.10178756713867,21316800,0.0,0.0,0.0
2024-05-08,42.0,42.29999923706055,42.0,42.279998779296875,40.11127471923828,18933700,0.0,0.0,0.0
2024-05-09,42.25,42.41999816894531,42.15999984741211,42.40999984741211,40.2346076965332,22204400,0.0,0.0,0.0
2024-05-10,42.689998626708984,42.7400016784668,42.45000076293945,42.5,40.31999206542969,28056400,0.0,0.0,0.0
2024-05-13,42.790000915527344,42.959999084472656,42.77000045776367,42.81999969482422,40.62358093261719,22233800,0.0,0.0,0.0
2024-05-14,42.86000061035156,43.06999969482422,42.84000015258789,43.04999923706055,40.841773986816406,24295800,0.0,0.0,0.0
2024-05-15,43.36000061035156,43.5099983215332,43.150001525878906,43.5099983215332,41.27817916870117,30011900,0.0,0.0,0.0
2024-05-16,43.54999923706055,43.70000076293945,43.45000076293945,43.599998474121094,41.36356735229492,27395100,0.0,0.0,0.0
2024-05-17,43.630001068115234,43.869998931884766,43.54999923706055,43.790000915527344,41.5438232421875,30865100,0.0,0.0,0.0
2024-05-20,43.529998779296875,43.709999084472656,43.5,43.630001068115234,41.39202880859375,24234000,0.0,0.0,0.0
2024-05-21,43.36000061035156,43.43000030517578,43.2400016784668,43.36000061035156,41.13587951660156,18470000,0.0,0.0,0.0
2024-05-22,43.400001525878906,43.43000030517578,43.130001068115234,43.220001220703125,41.00305938720703,23030800,0.0,0.0,0.0
2024-05-23,43.439998626708984,43.470001220703125,42.81999969482422,42.900001525878906,40.6994743347168,28607000,0.0,0.0,0.0
2024-05-24,42.970001220703125,43.130001068115234,42.939998626708984,43.02000045776367,40.81332015991211,20986300,0.0,0.0,0.0
2024-05-28,43.15999984741211,43.25,42.880001068115234,42.959999084472656,40.75639343261719,21179400,0.0,0.0,0.0
2024-05-29,42.36000061035156,42.400001525878906,42.2400016784668,42.31999969482422,40.14922332763672,30803500,0.0,0.0,0.0
2024-05-30,42.040000915527344,42.310001373291016,42.02000045776367,42.20000076293945,40.03538131713867,20741500,0.0,0.0,0.0
2024-05-31,41.79999923706055,41.81999969482422,41.459999084472656,41.790000915527344,39.64640808105469,49609100,0.0,0.0,0.0
2024-06-03,42.380001068115234,42.43000030517578,42.04999923706055,42.22999954223633,40.063838958740234,33839300,0.0,0.0,0.0
2024-06-04,41.560001373291016,41.720001220703125,41.40999984741211,41.63999938964844,39.50410079956055,38401100,0.0,0.0,0.0
2024-06-05,42.060001373291016,42.34000015258789,41.97999954223633,42.310001373291016,40.139732360839844,28092300,0.0,0.0,0.0
2024-06-06,42.5099983215332,42.560001373291016,42.369998931884766,42.52000045776367,40.338966369628906,26450400,0.0,0.0,0.0
2024-06-07,42.36000061035156,42.41999816894531,42.0099983215332,42.040000915527344,39.88359069824219,37626400,0.0,0.0,0.0
2024-06-10,42.11000061035156,42.369998931884766,42.0099983215332,42.290000915527344,40.120758056640625,30846300,0.0,0.0,0.0
2024-06-11,41.79999923706055,41.86000061035156,41.61000061035156,41.86000061035156,39.98702621459961,35763000,0.29,0.0,0.0
2024-06-12,42.40999984741211,42.529998779296875,42.20000076293945,42.279998779296875,40.38822937011719,34679600,0.0,0.0,0.0
2024-06-13,42.33000183105469,42.40999984741211,42.029998779296875,42.18000030517578,40.29270553588867,21553600,0.0,0.0,0.0
2024-06-14,42.09000015258789,42.2599983215332,42.02000045776367,42.22999954223633,40.34046936035156,18813600,0.0,0.0,0.0
2024-06-17,42.34000015258789,42.56999969482422,42.22999954223633,42.5,40.598392486572266,21037700,0.0,0.0,0.0
2024-06-18,42.599998474121094,42.970001220703125,42.599998474121094,42.88999938964844,40.9709358215332,35675300,0.0,0.0,0.0
2024-06-20,43.08000183105469,43.08000183105469,42.65999984741211,42.81999969482422,40.90406799316406,43438100,0.0,0.0,0.0
2024-06-21,42.72999954223633,42.81999969482422,42.650001525878906,42.66999816894531,40.760780334472656,20232900,0.0,0.0,0.0
2024-06-24,42.75,42.9900016784668,42.65999984741211,42.66999816894531,40.760780334472656,19840000,0.0,0.0,0.0
2024-06-25,42.599998474121094,42.599998474121094,42.459999084472656,42.56999969482422,40.665260314941406,25337500,0.0,0.0,0.0
2024-06-26,42.459999084472656,42.540000915527344,42.380001068115234,42.47999954223633,40.579280853271484,18961900,0.0,0.0,0.0
2024-06-27,42.70000076293945,42.709999084472656,42.470001220703125,42.5099983215332,40.60793685913086,24041500,0.0,0.0,0.0
2024-06-28,42.779998779296875,42.810001373291016,42.5099983215332,42.59000015258789,40.68436050415039,22614500,0.0,0.0,0.0
2024-07-01,42.86000061035156,42.91999816894531,42.619998931884766,42.689998626708984,40.77988815307617,18805300,0.0,0.0,0.0
2024-07-02,42.540000915527344,42.84000015258789,42.52000045776367,42.81999969482422,40.90406799316406,21593200,0.0,0.0,0.0
2024-07-03,43.099998474121094,43.470001220703125,43.099998474121094,43.45000076293945,41.50588607788086,27233300,0.0,0.0,0.0
2024-07-05,43.619998931884766,43.650001525878906,43.310001373291016,43.630001068115234,41.677825927734375,21337800,0.0,0.0,0.0
2024-07-08,43.7400016784668,43.810001373291016,43.61000061035156,43.63999938964844,41.6873779296875,18685200,0.0,0.0,0.0
2024-07-09,43.72999954223633,43.880001068115234,43.66999816894531,43.81999969482422,41.85932540893555,19364300,0.0,0.0,0.0
2024-07-10,43.97999954223633,44.08000183105469,43.88999938964844,44.06999969482422,42.09813690185547,15332700,0.0,0.0,0.0
2024-07-11,44.540000915527344,44.58000183105469,44.209999084472656,44.33000183105469,42.34650802612305,35650400,0.0,0.0,0.0
2024-07-12,44.470001220703125,44.63999938964844,44.459999084472656,44.5099983215332,42.51844787597656,24799300,0.0,0.0,0.0
2024-07-15,44.27000045776367,44.290000915527344,43.9900016784668,44.040000915527344,42.06948471069336,24174900,0.0,0.0,0.0
2024-07-16,44.060001373291016,44.29999923706055,44.02000045776367,44.290000915527344,42.30829620361328,19234300,0.0,0.0,0.0
2024-07-17,43.75,43.81999969482422,43.540000915527344,43.56999969482422,41.62051010131836,42630900,0.0,0.0,0.0
2024-07-18,43.650001525878906,43.68000030517578,43.09000015258789,43.15999984741211,41.22885513305664,42400100,0.0,0.0,0.0
2024-07-19,43.0099983215332,43.06999969482422,42.7400016784668,42.7400016784668,40.82765197753906,34590700,0.0,0.0,0.0
2024-07-22,43.02000045776367,43.13999938964844,42.90999984741211,43.099998474121094,41.171539306640625,17057500,0.0,0.0,0.0
2024-07-23,42.779998779296875,42.849998474121094,42.65999984741211,42.720001220703125,40.80854415893555,22891900,0.0,0.0,0.0
2024-07-24,42.529998779296875,42.58000183105469,42.09000015258789,42.099998474121094,40.216285705566406,28113700,0.0,0.0,0.0
2024-07-25,41.91999816894531,42.25,41.779998779296875,41.93000030517578,40.053890228271484,27940500,0.0,0.0,0.0
2024-07-26,42.279998779296875,42.459999084472656,42.189998626708984,42.36000061035156,40.46465301513672,21393700,0.0,0.0,0.0
2024-07-29,42.31999969482422,42.33000183105469,42.06999969482422,42.220001220703125,40.33091735839844,14299200,0.0,0.0,0.0
2024-07-30,42.25,42.2599983215332,41.88999938964844,42.029998779296875,40.14942169189453,19193600,0.0,0.0,0.0
2024-07-31,42.95000076293945,43.11000061035156,42.81999969482422,42.95000076293945,41.028255462646484,38600400,0.0,0.0,0.0
2024-08-01,42.790000915527344,42.880001068115234,42.09000015258789,42.20000076293945,40.31180953979492,35497100,0.0,0.0,0.0
2024-08-02,41.529998779296875,41.66999816894531,41.369998931884766,41.599998474121094,39.73865509033203,36857000,0.0,0.0,0.0
2024-08-05,39.40999984741211,40.689998626708984,39.38999938964844,40.41999816894531,38.6114501953125,60439500,0.0,0.0,0.0
2024-08-06,40.279998779296875,40.95000076293945,40.20000076293945,40.650001525878906,38.8311653137207,32540200,0.0,0.0,0.0
2024-08-07,41.560001373291016,41.59000015258789,40.880001068115234,40.900001525878906,39.069976806640625,36654400,0.0,0.0,0.0
2024-08-08,41.45000076293945,41.86000061035156,41.310001373291016,41.83000183105469,39.958370208740234,30021900,0.0,0.0,0.0
2024-08-09,41.93000030517578,42.13999938964844,41.77000045776367,42.060001373291016,40.178077697753906,21142800,0.0,0.0,0.0
2024-08-12,42.15999984741211,42.369998931884766,42.09000015258789,42.20000076293945,40.31180953979492,15042300,0.0,0.0,0.0
2024-08-13,42.310001373291016,42.68000030517578,42.290000915527344,42.66999816894531,40.760780334472656,21073600,0.0,0.0,0.0
2024-08-14,42.61000061035156,42.630001068115234,42.279998779296875,42.439998626708984,40.541072845458984,17537100,0.0,0.0,0.0
2024-08-15,42.650001525878906,43.0,42.56999969482422,42.90999984741211,40.99004364013672,26914000,0.0,0.0,0.0
2024-08-16,43.15999984741211,43.43000030517578,43.13999938964844,43.40999984741211,41.46767044067383,31457900,0.0,0.0,0.0
2024-08-19,43.630001068115234,43.90999984741211,43.56999969482422,43.83000183105469,41.86888122558594,26716600,0.0,0.0,0.0
2024-08-20,43.70000076293945,43.709999084472656,43.380001068115234,43.4900016784668,41.54409408569336,19230800,0.0,0.0,0.0
2024-08-21,43.5099983215332,43.75,43.5,43.65999984741211,41.70648193359375,14644400,0.0,0.0,0.0
2024-08-22,43.540000915527344,43.54999923706055,43.060001373291016,43.119998931884766,41.190643310546875,22515000,0.0,0.0,0.0
2024-08-23,43.54999923706055,43.93000030517578,43.439998626708984,43.84000015258789,41.8784294128418,27848700,0.0,0.0,0.0
2024-08-26,43.61000061035156,43.65999984741211,43.40999984741211,43.470001220703125,41.524986267089844,18429300,0.0,0.0,0.0
2024-08-27,43.470001220703125,43.59000015258789,43.349998474121094,43.529998779296875,41.582298278808594,14424700,0.0,0.0,0.0
2024-08-28,43.41999816894531,43.45000076293945,43.099998474121094,43.2599983215332,41.324378967285156,15443000,0.0,0.0,0.0
2024-08-29,43.34000015258789,43.5099983215332,43.2599983215332,43.279998779296875,41.34348678588867,15497600,0.0,0.0,0.0
2024-08-30,43.5,43.52000045776367,43.18000030517578,43.369998931884766,41.42945861816406,29450400,0.0,0.0,0.0
2024-09-03,42.959999084472656,43.0099983215332,42.459999084472656,42.5099983215332,40.60793685913086,35293700,0.0,0.0,0.0
2024-09-04,42.400001525878906,42.75,42.400001525878906,42.5,40.598392486572266,24895900,0.0,0.0,0.0
2024-09-05,42.52000045776367,42.72999954223633,42.43000030517578,42.560001373291016,40.655704498291016,22513900,0.0,0.0,0.0
2024-09-06,42.540000915527344,42.59000015258789,41.75,41.779998779296875,39.91060256958008,32436800,0.0,0.0,0.0
2024-09-09,42.029998779296875,42.22999954223633,41.970001220703125,42.130001068115234,40.24494552612305,19917400,0.0,0.0,0.0
2024-09-10,42.04999923706055,42.04999923706055,41.689998626708984,41.970001220703125,40.09210205078125,19700400,0.0,0.0,0.0
2024-09-11,41.900001525878906,42.29999923706055,41.560001373291016,42.279998779296875,40.38822937011719,26253300,0.0,0.0,0.0
2024-09-12,42.369998931884766,42.63999938964844,42.2599983215332,42.630001068115234,40.722572326660156,19993200,0.0,0.0,0.0
2024-09-13,42.77000045776367,42.900001525878906,42.75,42.83000183105469,40.91362380981445,16882300,0.0,0.0,0.0
2024-09-16,42.9900016784668,43.0099983215332,42.779998779296875,42.970001220703125,41.04735565185547,14733000,0.0,0.0,0.0
2024-09-17,43.189998626708984,43.220001220703125,42.90999984741211,43.02000045776367,41.09511947631836,20623700,0.0,0.0,0.0
2024-09-18,43.099998474121094,43.439998626708984,42.810001373291016,42.869998931884766,40.95183181762695,26010500,0.0,0.0,0.0
2024-09-19,43.619998931884766,43.880001068115234,43.369998931884766,43.779998779296875,41.82111740112305,41025500,0.0,0.0,0.0
2024-09-20,43.810001373291016,43.849998474121094,43.540000915527344,43.689998626708984,41.735145568847656,33038100,0.0,0.0,0.0
2024-09-23,43.91999816894531,44.16999816894531,43.88999938964844,44.029998779296875,42.05992889404297,24891700,0.0,0.0,0.0
2024-09-24,45.15999984741211,45.63999938964844,44.9900016784668,45.529998779296875,43.49281311035156,64472700,0.0,0.0,0.0
2024-09-25,45.25,45.369998931884766,45.02000045776367,45.04999923706055,43.03428649902344,41967800,0.0,0.0,0.0
2024-09-26,46.720001220703125,46.880001068115234,46.29999923706055,46.70000076293945,44.6104621887207,80876300,0.0,0.0,0.0
2024-09-27,46.66999816894531,46.95000076293945,46.529998779296875,46.61000061035156,44.52449035644531,51540100,0.0,0.0,0.0
2024-09-30,46.349998474121094,46.380001068115234,45.75,45.86000061035156,43.808048248291016,61400400,0.0,0.0,0.0
2024-10-01,46.099998474121094,46.209999084472656,45.59000015258789,46.189998626708984,44.12328338623047,38648900,0.0,0.0,0.0
2024-10-02,47.099998474121094,47.150001525878906,46.72999954223633,47.099998474121094,44.9925651550293,55790400,0.0,0.0,0.0
2024-10-03,46.25,46.720001220703125,46.20000076293945,46.540000915527344,44.45762252807617,31198300,0.0,0.0,0.0
2024-10-04,46.880001068115234,46.9900016784668,46.68000030517578,46.970001220703125,44.86838150024414,29476800,0.0,0.0,0.0
2024-10-07,47.29999923706055,47.439998626708984,47.02000045776367,47.36000061035156,45.240936279296875,42198000,0.0,0.0,0.0
2024-10-08,46.13999938964844,46.290000915527344,45.790000915527344,46.189998626708984,44.12328338623047,47817300,0.0,0.0,0.0
2024-10-09,45.58000183105469,46.060001373291016,45.529998779296875,45.939998626708984,43.88446807861328,35395800,0.0,0.0,0.0
2024-10-10,46.02000045776367,46.130001068115234,45.63999938964844,46.029998779296875,43.97043991088867,18052400,0.0,0.0,0.0
2024-10-11,45.75,46.380001068115234,45.70000076293945,46.36000061035156,44.28567886352539,28389200,0.0,0.0,0.0
2024-10-14,46.0099983215332,46.43000030517578,45.88999938964844,46.16999816894531,44.10417556762695,20415200,0.0,0.0,0.0
2024-10-15,45.75,45.779998779296875,45.08000183105469,45.189998626708984,43.168025970458984,31270700,0.0,0.0,0.0
2024-10-16,45.5099983215332,45.70000076293945,45.45000076293945,45.540000915527344,43.50236892700195,25111200,0.0,0.0,0.0
2024-10-17,45.400001525878906,45.560001373291016,45.2400016784668,45.470001220703125,43.43550491333008,36885700,0.0,0.0,0.0
2024-10-18,46.16999816894531,46.18000030517578,45.869998931884766,45.91999816894531,43.86536407470703,30391600,0.0,0.0,0.0
2024-10-21,45.540000915527344,45.709999084472656,45.34000015258789,45.599998474121094,43.55967712402344,19614900,0.0,0.0,0.0
2024-10-22,45.380001068115234,45.599998474121094,45.36000061035156,45.5,43.46415710449219,19243400,0.0,0.0,0.0
2024-10-23,45.34000015258789,45.470001220703125,45.060001373291016,45.22999954223633,43.20623779296875,19822000,0.0,0.0,0.0
2024-10-24,45.18000030517578,45.2400016784668,44.95000076293945,45.15999984741211,43.13936996459961,16257100,0.0,0.0,0.0
2024-10-25,45.310001373291016,45.459999084472656,45.04999923706055,45.119998931884766,43.101158142089844,21428500,0.0,0.0,0.0
2024-10-28,45.220001220703125,45.41999816894531,45.15999984741211,45.31999969482422,43.292205810546875,15169300,0.0,0.0,0.0
2024-10-29,45.29999923706055,45.34000015258789,45.13999938964844,45.18000030517578,43.15847396850586,15439300,0.0,0.0,0.0
2024-10-30,44.720001220703125,44.93000030517578,44.650001525878906,44.7400016784668,42.738162994384766,24149900,0.0,0.0,0.0
2024-10-31,44.599998474121094,44.599998474121094,44.189998626708984,44.45000076293945,42.46113586425781,43988700,0.0,0.0,0.0
2024-11-01,44.779998779296875,44.90999984741211,44.47999954223633,44.4900016784668,42.499351501464844,17525900,0.0,0.0,0.0
2024-11-04,44.939998626708984,45.08000183105469,44.720001220703125,44.7400016784668,42.738162994384766,24674200,0.0,0.0,0.0
2024-11-05,45.22999954223633,45.40999984741211,45.189998626708984,45.349998474121094,43.320865631103516,21398300,0.0,0.0,0.0
2024-11-06,44.529998779296875,44.939998626708984,44.349998474121094,44.790000915527344,42.78592300415039,37143300,0.0,0.0,0.0
2024-11-07,45.54999923706055,45.90999984741211,45.529998779296875,45.779998779296875,43.73162841796875,39247600,0.0,0.0,0.0
2024-11-08,45.0099983215332,45.09000015258789,44.459999084472656,44.650001525878906,42.652191162109375,44833800,0.0,0.0,0.0
2024-11-11,44.47999954223633,44.5,44.16999816894531,44.310001373291016,42.3274040222168,21342300,0.0,0.0,0.0
2024-11-12,43.689998626708984,43.72999954223633,43.33000183105469,43.470001220703125,41.524986267089844,33946300,0.0,0.0,0.0
2024-11-13,43.52000045776367,43.529998779296875,43.119998931884766,43.189998626708984,41.257511138916016,26586800,0.0,0.0,0.0
2024-11-14,43.130001068115234,43.22999954223633,42.939998626708984,42.95000076293945,41.028255462646484,34443200,0.0,0.0,0.0
2024-11-15,43.09000015258789,43.119998931884766,42.849998474121094,42.95000076293945,41.028255462646484,29127800,0.0,0.0,0.0
2024-11-18,43.15999984741211,43.459999084472656,43.15999984741211,43.439998626708984,41.4963264465332,27765000,0.0,0.0,0.0
2024-11-19,43.29999923706055,43.52000045776367,43.27000045776367,43.40999984741211,41.46767044067383,16624500,0.0,0.0,0.0
2024-11-20,43.349998474121094,43.38999938964844,43.130001068115234,43.36000061035156,41.41990661621094,18358000,0.0,0.0,0.0
2024-11-21,43.220001220703125,43.310001373291016,43.06999969482422,43.27000045776367,41.33393859863281,16086900,0.0,0.0,0.0
2024-11-22,43.11000061035156,43.290000915527344,43.099998474121094,43.279998779296875,41.34348678588867,14104100,0.0,0.0,0.0
2024-11-25,43.459999084472656,43.47999954223633,43.189998626708984,43.310001373291016,41.37215042114258,18855100,0.0,0.0,0.0
2024-11-26,43.310001373291016,43.31999969482422,43.08000183105469,43.130001068115234,41.200199127197266,19119700,0.0,0.0,0.0
2024-11-27,43.38999938964844,43.439998626708984,43.029998779296875,43.189998626708984,41.257511138916016,17922000,0.0,0.0,0.0
2024-11-29,42.810001373291016,43.29999923706055,42.79999923706055,43.2599983215332,41.324378967285156,17372200,0.0,0.0,0.0
2024-12-02,43.36000061035156,43.4900016784668,43.209999084472656,43.43000030517578,41.48677444458008,16508700,0.0,0.0,0.0
2024-12-03,43.2599983215332,43.54999923706055,43.099998474121094,43.52000045776367,41.572750091552734,49462500,0.0,0.0,0.0
2024-12-04,43.65999984741211,43.70000076293945,43.4900016784668,43.630001068115234,41.677825927734375,21339100,0.0,0.0,0.0
2024-12-05,43.849998474121094,43.970001220703125,43.83000183105469,43.91999816894531,41.95485305786133,23736100,0.0,0.0,0.0
2024-12-06,44.029998779296875,44.060001373291016,43.790000915527344,43.849998474121094,41.88798522949219,13142400,0.0,0.0,0.0
2024-12-09,44.790000915527344,45.099998474121094,44.72999954223633,44.75,42.74771499633789,34841300,0.0,0.0,0.0
2024-12-10,44.279998779296875,44.31999969482422,44.0,44.029998779296875,42.05992889404297,26979800,0.0,0.0,0.0
2024-12-11,44.130001068115234,44.2400016784668,43.9900016784668,44.209999084472656,42.231876373291016,20405600,0.0,0.0,0.0
2024-12-12,44.060001373291016,44.220001220703125,43.93000030517578,43.9900016784668,42.021724700927734,17662900,0.0,0.0,0.0
2024-12-13,44.099998474121094,44.11000061035156,43.880001068115234,44.029998779296875,42.05992889404297,19381200,0.0,0.0,0.0
2024-12-16,43.83000183105469,43.959999084472656,43.779998779296875,43.790000915527344,41.83066940307617,32259800,0.0,0.0,0.0
2024-12-17,42.720001220703125,43.0099983215332,42.689998626708984,42.959999084472656,41.730613708496094,30224000,0.727,0.0,0.0
2024-12-18,42.900001525878906,43.0099983215332,41.880001068115234,41.959999084472656,40.75923538208008,33249500,0.0,0.0,0.0
2024-12-19,42.369998931884766,42.40999984741211,42.099998474121094,42.099998474121094,40.89522933959961,31146900,0.0,0.0,0.0
2024-12-20,41.959999084472656,42.4900016784668,41.93000030517578,42.27000045776367,41.060359954833984,25512200,0.0,0.0,0.0
2024-12-23,42.279998779296875,42.54999923706055,42.209999084472656,42.5099983215332,41.29349136352539,17955400,0.0,0.0,0.0
2024-12-24,42.5099983215332,42.66999816894531,42.459999084472656,42.63999938964844,41.419776916503906,7066800,0.0,0.0,0.0
2024-12-26,42.36000061035156,42.58000183105469,42.34000015258789,42.4900016784668,41.274070739746094,16152200,0.0,0.0,0.0
2024-12-27,42.22999954223633,42.33000183105469,42.11000061035156,42.29999923706055,41.08950424194336,22672400,0.0,0.0,0.0
2024-12-30,42.040000915527344,42.09000015258789,41.84000015258789,41.959999084472656,40.75923538208008,25055000,0.0,0.0,0.0
2024-12-31,41.939998626708984,42.040000915527344,41.790000915527344,41.81999969482422,40.62323760986328,40524000,0.0,0.0,0.0
2025-01-02,41.869998931884766,41.9900016784668,41.68000030517578,41.7599983215332,40.56495666503906,25287200,0.0,0.0,0.0
2025-01-03,42.09000015258789,42.189998626708984,41.959999084472656,42.150001525878906,40.94379806518555,17706000,0.0,0.0,0.0
2025-01-06,42.599998474121094,42.72999954223633,42.279998779296875,42.29999923706055,41.08950424194336,26200900,0.0,0.0,0.0
2025-01-07,42.459999084472656,42.470001220703125,41.959999084472656,42.0,40.79808807373047,30912500,0.0,0.0,0.0
2025-01-08,41.7400016784668,41.849998474121094,41.61000061035156,41.79999923706055,40.60380935668945,20257500,0.0,0.0,0.0
2025-01-10,41.27000045776367,41.27000045776367,41.02000045776367,41.09000015258789,39.91413116455078,42204300,0.0,0.0,0.0
2025-01-13,40.630001068115234,40.83000183105469,40.61000061035156,40.810001373291016,39.64214324951172,28154900,0.0,0.0,0.0
2025-01-14,41.34000015258789,41.38999938964844,41.13999938964844,41.27000045776367,40.08898162841797,23438600,0.0,0.0,0.0
2025-01-15,41.709999084472656,41.83000183105469,41.619998931884766,41.810001373291016,40.613529205322266,22557000,0.0,0.0,0.0
2025-01-16,41.939998626708984,41.95000076293945,41.75,41.7599983215332,40.56495666503906,17711400,0.0,0.0,0.0
2025-01-17,41.959999084472656,42.380001068115234,41.900001525878906,42.09000015258789,40.8855094909668,30692300,0.0,0.0,0.0
2025-01-21,42.459999084472656,42.599998474121094,42.290000915527344,42.540000915527344,41.322635650634766,16728200,0.0,0.0,0.0
2025-01-22,42.599998474121094,42.68000030517578,42.45000076293945,42.56999969482422,41.351776123046875,16894600,0.0,0.0,0.0
2025-01-23,42.47999954223633,42.709999084472656,42.400001525878906,42.66999816894531,41.44891357421875,15212800,0.0,0.0,0.0
2025-01-24,42.90999984741211,43.04999923706055,42.75,42.95000076293945,41.72090530395508,20962800,0.0,0.0,0.0
2025-01-27,42.20000076293945,42.31999969482422,42.08000183105469,42.16999816894531,40.96322250366211,25964200,0.0,0.0,0.0
2025-01-28,42.2400016784668,42.5,41.9900016784668,42.47999954223633,41.26435089111328,22438200,0.0,0.0,0.0
2025-01-29,42.72999954223633,42.81999969482422,42.439998626708984,42.4900016784668,41.274070739746094,24922400,0.0,0.0,0.0
2025-01-30,42.81999969482422,43.34000015258789,42.79999923706055,43.209999084472656,41.97346115112305,30450300,0.0,0.0,0.0
2025-01-31,43.220001220703125,43.31999969482422,42.650001525878906,42.720001220703125,41.49748229980469,29974700,0.0,0.0,0.0
2025-02-03,42.02000045776367,42.66999816894531,41.970001220703125,42.40999984741211,41.19635772705078,37505700,0.0,0.0,0.0
2025-02-04,42.939998626708984,43.310001373291016,42.880001068115234,43.16999816894531,41.93460464477539,26992900,0.0,0.0,0.0
2025-02-05,43.0099983215332,43.16999816894531,42.95000076293945,43.060001373291016,41.827754974365234,21829200,0.0,0.0,0.0
2025-02-06,43.20000076293945,43.2599983215332,43.11000061035156,43.2400016784668,42.00260543823242,19365700,0.0,0.0,0.0
2025-02-07,43.619998931884766,43.720001220703125,43.15999984741211,43.20000076293945,41.963748931884766,32804300,0.0,0.0,0.0
2025-02-10,43.619998931884766,43.720001220703125,43.5099983215332,43.720001220703125,42.468868255615234,19596700,0.0,0.0,0.0
2025-02-11,43.41999816894531,43.650001525878906,43.349998474121094,43.54999923706055,42.303733825683594,19596800,0.0,0.0,0.0
2025-02-12,43.4900016784668,43.95000076293945,43.380001068115234,43.790000915527344,42.536865234375,19986000,0.0,0.0,0.0
2025-02-13,43.4900016784668,44.06999969482422,43.47999954223633,44.06999969482422,42.8088493347168,22841000,0.0,0.0,0.0
2025-02-14,44.36000061035156,44.40999984741211,44.189998626708984,44.40999984741211,43.139122009277344,24329400,0.0,0.0,0.0
2025-02-18,44.7599983215332,44.790000915527344,44.59000015258789,44.689998626708984,43.411109924316406,23037100,0.0,0.0,0.0
2025-02-19,44.650001525878906,44.689998626708984,44.52000045776367,44.619998931884766,43.34311294555664,20275200,0.0,0.0,0.0
2025-02-20,44.95000076293945,45.22999954223633,44.79999923706055,45.029998779296875,43.74137878417969,29210500,0.0,0.0,0.0
2025-02-21,45.2599983215332,45.41999816894531,44.7400016784668,44.900001525878906,43.6151008605957,33974700,0.0,0.0,0.0
2025-02-24,44.650001525878906,44.65999984741211,44.189998626708984,44.209999084472656,42.944847106933594,38307000,0.0,0.0,0.0
2025-02-25,44.349998474121094,44.369998931884766,44.060001373291016,44.2400016784668,42.97399139404297,19955500,0.0,0.0,0.0
2025-02-26,44.75,44.9900016784668,44.56999969482422,44.68000030517578,43.401397705078125,25171000,0.0,0.0,0.0
2025-02-27,44.29999923706055,44.400001525878906,43.779998779296875,43.810001373291016,42.55629348754883,30518900,0.0,0.0,0.0
2025-02-28,43.04999923706055,43.2599983215332,42.86000061035156,43.209999084472656,41.97346115112305,52402300,0.0,0.0,0.0
2025-03-03,43.459999084472656,43.599998474121094,42.68000030517578,42.83000183105469,41.604339599609375,45587700,0.0,0.0,0.0
2025-03-04,42.97999954223633,43.560001373291016,42.709999084472656,43.189998626708984,41.95403289794922,30082400,0.0,0.0,0.0
2025-03-05,43.959999084472656,44.54999923706055,43.83000183105469,44.47999954223633,43.207122802734375,47763400,0.0,0.0,0.0
2025-03-06,44.45000076293945,44.63999938964844,44.15999984741211,44.20000076293945,42.93513107299805,33544500,0.0,0.0,0.0
2025-03-07,44.34000015258789,44.540000915527344,44.0099983215332,44.41999816894531,43.148834228515625,23474500,0.0,0.0,0.0
2025-03-10,43.75,43.880001068115234,43.09000015258789,43.36000061035156,42.119171142578125,29502500,0.0,0.0,0.0
2025-03-11,43.72999954223633,43.95000076293945,43.41999816894531,43.720001220703125,42.468868255615234,21184100,0.0,0.0,0.0
2025-03-12,43.90999984741211,44.02000045776367,43.630001068115234,43.959999084472656,42.70199966430664,17731600,0.0,0.0,0.0
2025-03-13,43.52000045776367,43.90999984741211,43.4900016784668,43.779998779296875,42.52714920043945,17870100,0.0,0.0,0.0
2025-03-14,44.310001373291016,44.59000015258789,44.2599983215332,44.58000183105469,43.30426025390625,21858400,0.0,0.0,0.0
2025-03-17,44.7400016784668,45.400001525878906,44.7400016784668,45.34000015258789,44.04250717163086,37712400,0.0,0.0,0.0
2025-03-18,45.25,45.279998779296875,44.939998626708984,45.11000061035156,43.819091796875,19974200,0.0,0.0,0.0
2025-03-19,45.290000915527344,45.380001068115234,45.0,45.220001220703125,43.92594528198242,31657500,0.0,0.0,0.0
2025-03-20,44.599998474121094,44.869998931884766,44.540000915527344,44.79999923706055,43.51795959472656,25180900,0.0,0.0,0.0
2025-03-21,44.439998626708984,44.650001525878906,44.400001525878906,44.58000183105469,43.30426025390625,19403800,0.0,0.0,0.0
2025-03-24,44.75,44.900001525878906,44.65999984741211,44.779998779296875,43.49853515625,20479000,0.0,0.0,0.0
2025-03-25,44.7400016784668,44.86000061035156,44.61000061035156,44.650001525878906,43.37225341796875,29535900,0.0,0.0,0.0
2025-03-26,44.619998931884766,44.68000030517578,44.31999969482422,44.380001068115234,43.109981536865234,22002200,0.0,0.0,0.0
2025-03-27,44.41999816894531,44.7599983215332,44.41999816894531,44.599998474121094,43.32368469238281,15749100,0.0,0.0,0.0
2025-03-28,44.16999816894531,44.220001220703125,43.70000076293945,43.77000045776367,42.51743698120117,27866500,0.0,0.0,0.0
2025-03-31,43.310001373291016,43.7400016784668,43.15999984741211,43.70000076293945,42.44944381713867,25638300,0.0,0.0,0.0
2025-04-01,43.650001525878906,43.959999084472656,43.5099983215332,43.84000015258789,42.58543014526367,21530300,0.0,0.0,0.0
2025-04-02,43.720001220703125,44.040000915527344,43.709999084472656,43.900001525878906,42.64371871948242,18068100,0.0,0.0,0.0
2025-04-03,42.97999954223633,43.290000915527344,42.959999084472656,42.970001220703125,41.740333557128906,26997500,0.0,0.0,0.0
2025-04-04,41.349998474121094,41.47999954223633,40.13999938964844,40.58000183105469,39.418724060058594,75853000,0.0,0.0,0.0
2025-04-07,38.84000015258789,40.540000915527344,38.56999969482422,39.06999969482422,37.951934814453125,87724900,0.0,0.0,0.0
2025-04-08,40.220001220703125,40.25,38.189998626708984,38.52000045776367,37.41767883300781,57879100,0.0,0.0,0.0
2025-04-09,38.7400016784668,41.33000183105469,38.459999084472656,41.189998626708984,40.011268615722656,71100600,0.0,0.0,0.0
2025-04-10,40.83000183105469,40.88999938964844,39.83000183105469,40.47999954223633,39.32158660888672,44475900,0.0,0.0,0.0
2025-04-11,41.119998931884766,41.810001373291016,40.970001220703125,41.75,40.555240631103516,43956500,0.0,0.0,0.0
2025-04-14,42.029998779296875,42.380001068115234,41.86000061035156,42.130001068115234,40.92436981201172,22549600,0.0,0.0,0.0
2025-04-15,42.20000076293945,42.349998474121094,42.08000183105469,42.09000015258789,40.8855094909668,18077500,0.0,0.0,0.0
2025-04-16,41.790000915527344,42.029998779296875,41.43000030517578,41.599998474121094,40.4095344543457,19984700,0.0,0.0,0.0
2025-04-17,42.060001373291016,42.22999954223633,41.880001068115234,41.91999816894531,40.72037887573242,23264400,0.0,0.0,0.0
2025-04-21,42.16999816894531,42.220001220703125,41.61000061035156,41.90999984741211,40.710662841796875,16440700,0.0,0.0,0.0
2025-04-22,42.380001068115234,42.83000183105469,42.34000015258789,42.540000915527344,41.322635650634766,25716100,0.0,0.0,0.0
2025-04-23,43.290000915527344,43.52000045776367,42.97999954223633,43.029998779296875,41.798614501953125,24787400,0.0,0.0,0.0
2025-04-24,43.150001525878906,43.58000183105469,43.099998474121094,43.529998779296875,42.2843017578125,28843500,0.0,0.0,0.0
2025-04-25,43.220001220703125,43.45000076293945,43.13999938964844,43.45000076293945,42.20659255981445,18363700,0.0,0.0,0.0
2025-04-28,43.5099983215332,43.59000015258789,43.31999969482422,43.529998779296875,42.2843017578125,11002200,0.0,0.0,0.0
2025-04-29,43.59000015258789,43.7599983215332,43.560001373291016,43.650001525878906,42.400875091552734,12809100,0.0,0.0,0.0
2025-04-30,43.59000015258789,43.83000183105469,43.40999984741211,43.7599983215332,42.50772476196289,20928800,0.0,0.0,0.0
2025-05-01,43.93000030517578,43.959999084472656,43.709999084472656,43.75,42.498008728027344,14740500,0.0,0.0,0.0
2025-05-02,45.150001525878906,45.16999816894531,44.84000015258789,45.0,43.71223831176758,33945900,0.0,0.0,0.0
2025-05-05,45.459999084472656,45.529998779296875,45.34000015258789,45.34000015258789,44.04250717163086,22661100,0.0,0.0,0.0
2025-05-06,45.0,45.34000015258789,44.97999954223633,45.15999984741211,43.86766052246094,17418700,0.0,0.0,0.0
2025-05-07,44.81999969482422,44.83000183105469,44.52000045776367,44.63999938964844,43.36254119873047,23390500,0.0,0.0,0.0
2025-05-08,44.790000915527344,44.869998931884766,44.560001373291016,44.61000061035156,43.333396911621094,17573700,0.0,0.0,0.0
2025-05-09,45.099998474121094,45.15999984741211,44.83000183105469,44.90999984741211,43.62481689453125,16091100,0.0,0.0,0.0
2025-05-12,46.02000045776367,46.02000045776367,45.709999084472656,45.880001068115234,44.56705856323242,26843500,0.0,0.0,0.0
2025-05-13,45.56999969482422,46.130001068115234,45.540000915527344,45.959999084472656,44.64476776123047,23970300,0.0,0.0,0.0
2025-05-14,46.40999984741211,46.459999084472656,46.25,46.310001373291016,44.98474884033203,22561700,0.0,0.0,0.0
2025-05-15,46.22999954223633,46.290000915527344,46.040000915527344,46.290000915527344,44.96532440185547,21682500,0.0,0.0,0.0
2025-05-16,46.209999084472656,46.29999923706055,46.060001373291016,46.2599983215332,44.936180114746094,23296900,0.0,0.0,0.0
2025-05-19,45.939998626708984,46.369998931884766,45.939998626708984,46.36000061035156,45.03331756591797,16823000,0.0,0.0,0.0
2025-05-20,46.16999816894531,46.31999969482422,46.130001068115234,46.310001373291016,44.98474884033203,20233700,0.0,0.0,0.0
2025-05-21,46.4900016784668,46.599998474121094,46.119998931884766,46.189998626708984,44.86818313598633,25570400,0.0,0.0,0.0
2025-05-22,45.970001220703125,46.150001525878906,45.900001525878906,46.040000915527344,44.722476959228516,16773000,0.0,0.0,0.0
2025-05-23,45.90999984741211,46.310001373291016,45.869998931884766,46.22999954223633,44.90704345703125,22018900,0.0,0.0,0.0
2025-05-27,46.06999969482422,46.18000030517578,45.970001220703125,46.119998931884766,44.80018615722656,26278900,0.0,0.0,0.0
2025-05-28,46.0,46.02000045776367,45.869998931884766,45.90999984741211,44.596195220947266,26970500,0.0,0.0,0.0
2025-05-29,46.31999969482422,46.34000015258789,45.93000030517578,46.08000183105469,44.76133728027344,24291700,0.0,0.0,0.0
2025-05-30,45.65999984741211,45.65999984741211,45.22999954223633,45.52000045776367,44.21735763549805,42291600,0.0,0.0,0.0
2025-06-02,45.689998626708984,45.869998931884766,45.52000045776367,45.849998474121094,44.53791427612305,20576500,0.0,0.0,0.0
2025-06-03,45.84000015258789,46.0099983215332,45.7400016784668,45.959999084472656,44.64476776123047,20943400,0.0,0.0,0.0
2025-06-04,46.400001525878906,46.59000015258789,46.349998474121094,46.529998779296875,45.198455810546875,26497800,0.0,0.0,0.0
2025-06-05,46.93000030517578,46.97999954223633,46.650001525878906,46.77000045776367,45.43158721923828,26292800,0.0,0.0,0.0
2025-06-06,46.810001373291016,46.95000076293945,46.720001220703125,46.91999816894531,45.57728958129883,16629900,0.0,0.0,0.0
2025-06-09,47.16999816894531,47.38999938964844,47.11000061035156,47.31999969482422,45.96584701538086,22715200,0.0,0.0,0.0
2025-06-10,47.54999923706055,47.630001068115234,47.34000015258789,47.59000015258789,46.22812271118164,26583600,0.0,0.0,0.0
2025-06-11,47.84000015258789,47.970001220703125,47.72999954223633,47.790000915527344,46.42239761352539,28230800,0.0,0.0,0.0
2025-06-12,47.72999954223633,47.900001525878906,47.689998626708984,47.869998931884766,46.50010681152344,19734400,0.0,0.0,0.0
2025-06-13,47.0,47.29999923706055,46.97999954223633,47.11000061035156,45.76185989379883,35198100,0.0,0.0,0.0
2025-06-16,47.18000030517578,47.5,47.18000030517578,47.22999954223633,46.32286834716797,26995900,0.452,0.0,0.0
2025-06-17,46.90999984741211,47.0099983215332,46.540000915527344,46.61000061035156,45.714778900146484,35176900,0.0,0.0,0.0
2025-06-18,46.619998931884766,46.790000915527344,46.47999954223633,46.599998474121094,45.7049674987793,26286900,0.0,0.0,0.0
2025-06-20,46.779998779296875,46.779998779296875,46.290000915527344,46.33000183105469,45.44015884399414,32783300,0.0,0.0,0.0
2025-06-23,46.25,46.720001220703125,46.150001525878906,46.709999084472656,45.81285858154297,22233200,0.0,0.0,0.0
2025-06-24,47.439998626708984,47.939998626708984,47.40999984741211,47.91999816894531,46.99961853027344,36113900,0.0,0.0,0.0
2025-06-25,47.900001525878906,47.9900016784668,47.81999969482422,47.959999084472656,47.03884506225586,23739200,0.0,0.0,0.0
2025-06-26,48.18000030517578,48.36000061035156,48.04999923706055,48.279998779296875,47.35270309448242,21962200,0.0,0.0,0.0
2025-06-27,48.040000915527344,48.25,47.959999084472656,48.09000015258789,47.166351318359375,37593400,0.0,0.0,0.0
2025-06-30,48.0,48.27000045776367,47.900001525878906,48.2400016784668,47.313472747802734,32966300,0.0,0.0,0.0
2025-07-01,48.349998474121094,48.41999816894531,48.189998626708984,48.33000183105469,47.4017448425293,25393000,0.0,0.0,0.0
2025-07-02,48.16999816894531,48.540000915527344,48.130001068115234,48.540000915527344,47.60770797729492,23950600,0.0,0.0,0.0
2025-07-03,48.58000183105469,48.79999923706055,48.58000183105469,48.7599983215332,47.823482513427734,20080100,0.0,0.0,0.0
2025-07-07,48.279998779296875,48.38999938964844,47.959999084472656,48.06999969482422,47.14673614501953,24462300,0.0,0.0,0.0
2025-07-08,48.369998931884766,48.41999816894531,48.2400016784668,48.369998931884766,47.440975189208984,16316900,0.0,0.0,0.0
2025-07-09,48.380001068115234,48.380001068115234,48.150001525878906,48.290000915527344,47.362510681152344,14846200,0.0,0.0,0.0
2025-07-10,48.380001068115234,48.43000030517578,48.20000076293945,48.41999816894531,47.490013122558594,21892100,0.0,0.0,0.0
2025-07-11,48.34000015258789,48.38999938964844,48.220001220703125,48.2599983215332,47.33308792114258,27338400,0.0,0.0,0.0
2025-07-14,48.27000045776367,48.369998931884766,48.20000076293945,48.33000183105469,47.4017448425293,16882100,0.0,0.0,0.0
2025-07-15,48.84000015258789,48.880001068115234,48.61000061035156,48.68000030517578,47.745018005371094,24890500,0.0,0.0,0.0
2025-07-16,48.65999984741211,48.91999816894531,48.47999954223633,48.90999984741211,47.970603942871094,32620000,0.0,0.0,0.0
2025-07-17,48.849998474121094,49.220001220703125,48.79999923706055,49.189998626708984,48.24522399902344,22323900,0.0,0.0,0.0
2025-07-18,49.33000183105469,49.41999816894531,49.04999923706055,49.08000183105469,48.13733673095703,23408000,0.0,0.0,0.0
2025-07-21,49.33000183105469,49.599998474121094,49.25,49.400001525878906,48.451194763183594,16861700,0.0,0.0,0.0
2025-07-22,49.2599983215332,49.439998626708984,49.04999923706055,49.43000030517578,48.48061752319336,22316500,0.0,0.0,0.0
2025-07-23,49.7400016784668,49.959999084472656,49.689998626708984,49.93000030517578,48.971012115478516,23744600,0.0,0.0,0.0
2025-07-24,49.779998779296875,49.849998474121094,49.630001068115234,49.65999984741211,48.70619583129883,18948000,0.0,0.0,0.0
2025-07-25,49.380001068115234,49.540000915527344,49.310001373291016,49.5099983215332,48.55907440185547,15605000,0.0,0.0,0.0
2025-07-28,49.290000915527344,49.34000015258789,49.09000015258789,49.18000030517578,48.23542022705078,27703400,0.0,0.0,0.0
2025-07-29,49.290000915527344,49.349998474121094,49.130001068115234,49.20000076293945,48.255035400390625,24742400,0.0,0.0,0.0
2025-07-30,49.040000915527344,49.130001068115234,48.7400016784668,48.84000015258789,47.90195083618164,37855400,0.0,0.0,0.0
2025-07-31,48.72999954223633,48.810001373291016,48.47999954223633,48.560001373291016,47.62732696533203,30587100,0.0,0.0,0.0
2025-08-01,48.380001068115234,48.380001068115234,47.97999954223633,48.20000076293945,47.27423858642578,27234300,0.0,0.0,0.0
2025-08-04,48.7400016784668,48.790000915527344,48.560001373291016,48.70000076293945,47.7646369934082,32920400,0.0,0.0,0.0
2025-08-05,48.959999084472656,49.02000045776367,48.72999954223633,48.84000015258789,47.90195083618164,18709100,0.0,0.0,0.0
2025-08-06,48.900001525878906,49.099998474121094,48.79999923706055,49.06999969482422,48.12752914428711,17094000,0.0,0.0,0.0
2025-08-07,49.599998474121094,49.68000030517578,49.349998474121094,49.47999954223633,48.52965545654297,23378900,0.0,0.0,0.0
2025-08-08,49.33000183105469,49.459999084472656,49.290000915527344,49.439998626708984,48.490421295166016,16926700,0.0,0.0,0.0
2025-08-11,49.400001525878906,49.459999084472656,49.22999954223633,49.29999923706055,48.353111267089844,15176100,0.0,0.0,0.0
2025-08-12,49.5099983215332,49.93000030517578,49.470001220703125,49.900001525878906,48.94158935546875,22908400,0.0,0.0,0.0
2025-08-13,50.45000076293945,50.59000015258789,50.40999984741211,50.5,49.53006362915039,28585500,0.0,0.0,0.0
2025-08-14,49.869998931884766,50.0099983215332,49.7400016784668,49.880001068115234,48.921974182128906,28016600,0.0,0.0,0.0
2025-08-15,50.029998779296875,50.08000183105469,49.880001068115234,49.939998626708984,48.98081970214844,24042600,0.0,0.0,0.0
2025-08-18,50.15999984741211,50.2400016784668,50.099998474121094,50.22999954223633,49.2652473449707,19212500,0.0,0.0,0.0
2025-08-19,50.099998474121094,50.099998474121094,49.7599983215332,49.81999969482422,48.86312484741211,17226800,0.0,0.0,0.0
2025-08-20,49.72999954223633,49.79999923706055,49.45000076293945,49.75,48.79446792602539,20299200,0.0,0.0,0.0
2025-08-21,49.58000183105469,49.7400016784668,49.540000915527344,49.63999938964844,48.686580657958984,14428500,0.0,0.0,0.0
2025-08-22,49.93000030517578,50.630001068115234,49.88999938964844,50.630001068115234,49.65756607055664,31264200,0.0,0.0,0.0
2025-08-25,50.540000915527344,50.66999816894531,50.33000183105469,50.34000015258789,49.37313461303711,23701400,0.0,0.0,0.0
2025-08-26,50.290000915527344,50.36000061035156,50.15999984741211,50.209999084472656,49.245635986328125,25684000,0.0,0.0,0.0
2025-08-27,49.630001068115234,49.93000030517578,49.59000015258789,49.90999984741211,48.95139694213867,31452900,0.0,0.0,0.0
2025-08-28,49.86000061035156,50.119998931884766,49.84000015258789,50.099998474121094,49.13774871826172,21353800,0.0,0.0,0.0
2025-08-29,49.810001373291016,49.900001525878906,49.650001525878906,49.86000061035156,48.90235900878906,24867400,0.0,0.0,0.0
2025-09-02,49.40999984741211,49.83000183105469,49.349998474121094,49.81999969482422,48.86312484741211,24343900,0.0,0.0,0.0
2025-09-03,49.970001220703125,50.06999969482422,49.880001068115234,50.0099983215332,49.049476623535156,29035600,0.0,0.0,0.0
2025-09-04,49.689998626708984,49.849998474121094,49.529998779296875,49.849998474121094,48.892547607421875,14791900,0.0,0.0,0.0
2025-09-05,50.529998779296875,50.619998931884766,50.18000030517578,50.45000076293945,49.48102569580078,24805800,0.0,0.0,0.0
2025-09-08,50.709999084472656,50.91999816894531,50.630001068115234,50.90999984741211,49.93218994140625,23345100,0.0,0.0,0.0
2025-09-09,51.11000061035156,51.290000915527344,51.099998474121094,51.189998626708984,50.206809997558594,23818600,0.0,0.0,0.0
2025-09-10,51.599998474121094,51.75,51.5,51.540000915527344,50.55009078979492,27152000,0.0,0.0,0.0
2025-09-11,51.88999938964844,52.31999969482422,51.869998931884766,52.290000915527344,51.28568649291992,38948300,0.0,0.0,0.0
2025-09-12,52.33000183105469,52.349998474121094,52.189998626708984,52.2599983215332,51.25625991821289,17773100,0.0,0.0,0.0
2025-09-15,52.58000183105469,52.66999816894531,52.4900016784668,52.63999938964844,51.628963470458984,22076400,0.0,0.0,0.0
2025-09-16,52.880001068115234,53.06999969482422,52.77000045776367,53.029998779296875,52.011470794677734,28614400,0.0,0.0,0.0
2025-09-17,53.25,53.66999816894531,52.9900016784668,53.2599983215332,52.23705291748047,53353400,0.0,0.0,0.0
2025-09-18,52.90999984741211,53.15999984741211,52.790000915527344,53.130001068115234,52.10955047607422,30544400,0.0,0.0,0.0
2025-09-19,53.06999969482422,53.119998931884766,52.90999984741211,53.0099983215332,51.991851806640625,37385100,0.0,0.0,0.0
2025-09-22,53.04999923706055,53.279998779296875,52.97999954223633,53.27000045776367,52.246864318847656,18357700,0.0,0.0,0.0
2025-09-23,53.31999969482422,53.529998779296875,53.25,53.29999923706055,52.276283264160156,21298600,0.0,0.0,0.0
2025-09-24,53.2599983215332,53.349998474121094,53.04999923706055,53.119998931884766,52.0997428894043,24947100,0.0,0.0,0.0
2025-09-25,52.779998779296875,52.97999954223633,52.63999938964844,52.810001373291016,51.79569625854492,27611900,0.0,0.0,0.0
2025-09-26,52.439998626708984,52.709999084472656,52.349998474121094,52.709999084472656,51.69761657714844,22608400,0.0,0.0,0.0
2025-09-29,53.2400016784668,53.38999938964844,53.119998931884766,53.189998626708984,52.16839599609375,26754400,0.0,0.0,0.0
2025-09-30,53.34000015258789,53.439998626708984,53.20000076293945,53.400001525878906,52.374366760253906,25165300,0.0,0.0,0.0
2025-10-01,53.59000015258789,53.849998474121094,53.59000015258789,53.81999969482422,52.78629684448242,29971300,0.0,0.0,0.0
2025-10-02,54.349998474121094,54.349998474121094,53.900001525878906,54.06999969482422,53.031494140625,27872000,0.0,0.0,0.0
2025-10-03,54.33000183105469,54.38999938964844,54.060001373291016,54.22999954223633,53.18842315673828,21836000,0.0,0.0,0.0
2025-10-06,54.349998474121094,54.54999923706055,54.29999923706055,54.47999954223633,53.433624267578125,17890500,0.0,0.0,0.0
2025-10-07,54.68000030517578,54.689998626708984,54.02000045776367,54.060001373291016,53.021690368652344,18605600,0.0,0.0,0.0
2025-10-08,54.130001068115234,54.4900016784668,54.119998931884766,54.4900016784668,53.44343185424805,15391200,0.0,0.0,0.0
2025-10-09,54.52000045776367,54.529998779296875,53.79999923706055,53.93000030517578,52.89418411254883,24685200,0.0,0.0,0.0
2025-10-10,53.959999084472656,54.040000915527344,51.81999969482422,51.939998626708984,50.942405700683594,67908200,0.0,0.0,0.0
2025-10-13,53.439998626708984,53.650001525878906,53.20000076293945,53.45000076293945,52.42340850830078,34717200,0.0,0.0,0.0
2025-10-14,52.61000061035156,53.369998931884766,52.529998779296875,52.970001220703125,51.9526252746582,36062800,0.0,0.0,0.0
2025-10-15,53.849998474121094,54.040000915527344,53.5099983215332,53.84000015258789,52.80591583251953,31145700,0.0,0.0,0.0
2025-10-16,54.34000015258789,54.58000183105469,54.04999923706055,54.189998626708984,53.149192810058594,29782000,0.0,0.0,0.0
2025-10-17,53.83000183105469,54.279998779296875,53.79999923706055,54.18000030517578,53.13938522338867,24373600,0.0,0.0,0.0
2025-10-20,54.560001373291016,55.029998779296875,54.560001373291016,54.91999816894531,53.865169525146484,29450600,0.0,0.0,0.0
2025-10-21,54.59000015258789,54.59000015258789,54.310001373291016,54.310001373291016,53.26688766479492,27091800,0.0,0.0,0.0
2025-10-22,54.43000030517578,54.689998626708984,54.0099983215332,54.2599983215332,53.21784591674805,23595100,0.0,0.0,0.0
2025-10-23,54.47999954223633,54.86000061035156,54.459999084472656,54.7400016784668,53.688629150390625,19655800,0.0,0.0,0.0
2025-10-24,55.18000030517578,55.209999084472656,55.0099983215332,55.099998474121094,54.04171371459961,19506300,0.0,0.0,0.0
2025-10-27,55.720001220703125,55.7400016784668,55.5,55.709999084472656,54.63999557495117,24016300,0.0,0.0,0.0
2025-10-28,55.380001068115234,55.77000045776367,55.33000183105469,55.689998626708984,54.62038040161133,25911500,0.0,0.0,0.0
2025-10-29,56.220001220703125,56.310001373291016,55.75,56.0099983215332,54.934234619140625,32924600,0.0,0.0,0.0
2025-10-30,55.45000076293945,55.65999984741211,55.31999969482422,55.43000030517578,54.36537551879883,22532800,0.0,0.0,0.0
2025-10-31,55.34000015258789,55.38999938964844,55.029998779296875,55.29999923706055,54.23787307739258,29316400,0.0,0.0,0.0
2025-11-03,55.689998626708984,55.72999954223633,55.369998931884766,55.650001525878906,54.581153869628906,18735900,0.0,0.0,0.0
2025-11-04,54.72999954223633,55.06999969482422,54.61000061035156,54.630001068115234,53.58074188232422,25655800,0.0,0.0,0.0
2025-11-05,54.63999938964844,55.25,54.61000061035156,55.119998931884766,54.06132888793945,22362000,0.0,0.0,0.0
2025-11-06,55.06999969482422,55.220001220703125,54.52000045776367,54.709999084472656,53.65920639038086,24880700,0.0,0.0,0.0
2025-11-07,54.209999084472656,54.54999923706055,53.79999923706055,54.54999923706055,53.50227737426758,32432300,0.0,0.0,0.0
2025-11-10,55.279998779296875,55.54999923706055,55.099998474121094,55.5099983215332,54.4438362121582,27712200,0.0,0.0,0.0
2025-11-11,55.5099983215332,55.70000076293945,55.369998931884766,55.56999969482422,54.502685546875,22791800,0.0,0.0,0.0
2025-11-12,55.65999984741211,55.65999984741211,55.41999816894531,55.58000183105469,54.51249313354492,24137600,0.0,0.0,0.0
2025-11-13,55.70000076293945,55.72999954223633,54.81999969482422,54.93000030517578,53.87498092651367,29877500,0.0,0.0,0.0
2025-11-14,54.529998779296875,55.29999923706055,54.40999984741211,54.959999084472656,53.90440368652344,27660000,0.0,0.0,0.0
2025-11-17,54.52000045776367,54.88999938964844,54.13999938964844,54.310001373291016,53.26688766479492,24765100,0.0,0.0,0.0
2025-11-18,53.880001068115234,54.25,53.68000030517578,54.040000915527344,53.0020751953125,29360300,0.0,0.0,0.0
2025-11-19,53.84000015258789,54.16999816894531,53.61000061035156,53.849998474121094,52.81571960449219,20897700,0.0,0.0,0.0
2025-11-20,54.43000030517578,54.4900016784668,53.08000183105469,53.11000061035156,52.08993911743164,32026400,0.0,0.0,0.0
2025-11-21,52.709999084472656,53.33000183105469,52.380001068115234,53.099998474121094,52.08012390136719,40328800,0.0,0.0,0.0
2025-11-24,53.119998931884766,53.70000076293945,53.119998931884766,53.65999984741211,52.629371643066406,33650600,0.0,0.0,0.0
2025-11-25,53.630001068115234,53.869998931884766,53.209999084472656,53.849998474121094,52.81571960449219,25248200,0.0,0.0,0.0
2025-11-26,54.099998474121094,54.33000183105469,53.959999084472656,54.2400016784668,53.19823455810547,22161600,0.0,0.0,0.0
2025-11-28,54.15999984741211,54.369998931884766,54.119998931884766,54.31999969482422,53.27669143676758,15057500,0.0,0.0,0.0
2025-12-01,54.150001525878906,54.45000076293945,54.150001525878906,54.279998779296875,53.237464904785156,17854000,0.0,0.0,0.0
2025-12-02,54.36000061035156,54.380001068115234,54.06999969482422,54.29999923706055,53.257080078125,22523100,0.0,0.0,0.0
2025-12-03,54.13999938964844,54.349998474121094,54.04999923706055,54.34000015258789,53.29631042480469,16750200,0.0,0.0,0.0
2025-12-04,54.40999984741211,54.40999984741211,54.18000030517578,54.33000183105469,53.28650665283203,14443500,0.0,0.0,0.0
2025-12-05,54.93000030517578,55.119998931884766,54.66999816894531,54.7400016784668,53.688629150390625,20114400,0.0,0.0,0.0
2025-12-08,54.869998931884766,54.869998931884766,54.47999954223633,54.619998931884766,53.5709342956543,29055600,0.0,0.0,0.0
2025-12-09,54.29999923706055,54.58000183105469,54.25,54.529998779296875,53.482662200927734,17789200,0.0,0.0,0.0
2025-12-10,54.650001525878906,55.2400016784668,54.58000183105469,55.13999938964844,54.0809440612793,35022900,0.0,0.0,0.0
2025-12-11,54.70000076293945,54.95000076293945,54.47999954223633,54.880001068115234,53.8259391784668,22013500,0.0,0.0,0.0
2025-12-12,54.90999984741211,54.95000076293945,54.099998474121094,54.2400016784668,53.19823455810547,30590000,0.0,0.0,0.0
2025-12-15,54.54999923706055,54.58000183105469,54.06999969482422,54.08000183105469,53.04130935668945,29137000,0.0,0.0,0.0
2025-12-16,52.959999084472656,53.130001068115234,52.77000045776367,52.97999954223633,52.70604705810547,38180700,0.763,0.0,0.0
2025-12-17,53.2599983215332,53.310001373291016,52.58000183105469,52.599998474121094,52.32801055908203,35740800,0.0,0.0,0.0
2025-12-18,53.27000045776367,53.5,53.13999938964844,53.20000076293945,52.92491149902344,29985700,0.0,0.0,0.0
2025-12-19,53.540000915527344,53.88999938964844,53.5,53.720001220703125,53.442222595214844,28831700,0.0,0.0,0.0
2025-12-22,53.970001220703125,54.04999923706055,53.88999938964844,54.0099983215332,53.73072052001953,21645200,0.0,0.0,0.0
2025-12-23,53.9900016784668,54.33000183105469,53.900001525878906,54.310001373291016,54.029170989990234,25319700,0.0,0.0,0.0
2025-12-24,54.40999984741211,54.459999084472656,54.34000015258789,54.41999816894531,54.13859939575195,9565300,0.0,0.0,0.0
2025-12-26,54.56999969482422,54.81999969482422,54.529998779296875,54.79999923706055,54.51663589477539,11352000,0.0,0.0,0.0
2025-12-29,54.52000045776367,54.68000030517578,54.43000030517578,54.65999984741211,54.37736129760742,18816700,0.0,0.0,0.0
2025-12-30,54.869998931884766,54.9900016784668,54.810001373291016,54.880001068115234,54.596221923828125,24643000,0.0,0.0,0.0
2025-12-31,54.900001525878906,54.91999816894531,54.68000030517578,54.709999084472656,54.427101135253906,20000900,0.0,0.0,0.0
2026-01-02,55.88999938964844,56.25,55.810001373291016,56.2400016784668,55.94919204711914,38255900,0.0,0.0,0.0
2026-01-05,56.59000015258789,56.86000061035156,56.36000061035156,56.86000061035156,56.565982818603516,37082500,0.0,0.0,0.0
2026-01-06,57.16999816894531,57.43000030517578,57.15999984741211,57.279998779296875,56.98381042480469,29801700,0.0,0.0,0.0
2026-01-07,57.029998779296875,57.04999923706055,56.79999923706055,56.849998474121094,56.556034088134766,26931300,0.0,0.0,0.0
2026-01-08,56.75,56.88999938964844,56.619998931884766,56.869998931884766,56.575931549072266,27719800,0.0,0.0,0.0
2026-01-09,56.880001068115234,57.15999984741211,56.709999084472656,57.13999938964844,56.84453582763672,31540700,0.0,0.0,0.0
2026-01-12,57.2400016784668,57.970001220703125,57.209999084472656,57.939998626708984,57.64039611816406,47304300,0.0,0.0,0.0
2026-01-13,57.77000045776367,57.810001373291016,57.380001068115234,57.5099983215332,57.21261978149414,34414900,0.0,0.0,0.0
2026-01-14,57.58000183105469,57.77000045776367,57.439998626708984,57.75,57.45138168334961,45156200,0.0,0.0,0.0
2026-01-15,58.150001525878906,58.380001068115234,57.93000030517578,58.09000015258789,57.78962326049805,60438100,0.0,0.0,0.0
2026-01-16,57.970001220703125,58.0099983215332,57.56999969482422,57.869998931884766,57.57075881958008,30624000,0.0,0.0,0.0
2026-01-20,57.349998474121094,57.75,57.2400016784668,57.310001373291016,57.01365661621094,37026900,0.0,0.0,0.0
2026-01-21,57.9900016784668,58.47999954223633,57.91999816894531,58.2599983215332,57.958744049072266,44193800,0.0,0.0,0.0
2026-01-22,58.70000076293945,58.93000030517578,58.5,58.70000076293945,58.39646911621094,33731400,0.0,0.0,0.0
2026-01-23,58.560001373291016,59.150001525878906,58.43000030517578,59.06999969482422,58.764556884765625,31584700,0.0,0.0,0.0
2026-01-26,59.040000915527344,59.38999938964844,58.9900016784668,59.16999816894531,58.864036560058594,37945000,0.0,0.0,0.0
2026-01-27,59.970001220703125,60.369998931884766,59.880001068115234,60.34000015258789,60.02798843383789,62222300,0.0,0.0,0.0
2026-01-28,60.869998931884766,60.869998931884766,60.369998931884766,60.75,60.43586730957031,52067700,0.0,0.0,0.0
2026-01-29,60.86000061035156,60.95000076293945,59.54999923706055,60.439998626708984,60.127471923828125,70851900,0.0,0.0,0.0
2026-01-30,59.810001373291016,60.06999969482422,58.83000183105469,59.099998474121094,58.79439926147461,73861200,0.0,0.0,0.0
2026-02-02,58.58000183105469,59.470001220703125,58.560001373291016,59.279998779296875,58.97346878051758,44512300,0.0,0.0,0.0
2026-02-03,59.93000030517578,59.9900016784668,59.029998779296875,59.599998474121094,59.291812896728516,41132300,0.0,0.0,0.0
2026-02-04,59.88999938964844,59.90999984741211,58.54999923706055,58.79999923706055,58.49595260620117,50852400,0.0,0.0,0.0
2026-02-05,58.54999923706055,59.029998779296875,58.220001220703125,58.529998779296875,58.22734832763672,50880900,0.0,0.0,0.0
2026-02-06,59.2400016784668,60.09000015258789,59.220001220703125,60.06999969482422,59.75938415527344,37534800,0.0,0.0,0.0
2026-02-09,59.970001220703125,60.650001525878906,59.900001525878906,60.5099983215332,60.19710922241211,35324300,0.0,0.0,0.0
2026-02-10,60.720001220703125,60.81999969482422,60.41999816894531,60.599998474121094,60.286643981933594,32247100,0.0,0.0,0.0
2026-02-11,61.18000030517578,61.630001068115234,60.779998779296875,61.560001373291016,61.24168014526367,38158900,0.0,0.0,0.0
2026-02-12,61.84000015258789,61.90999984741211,60.68000030517578,60.86000061035156,60.5452995300293,48070600,0.0,0.0,0.0
2026-02-13,60.720001220703125,61.209999084472656,60.130001068115234,61.119998931884766,60.803955078125,40091300,0.0,0.0,0.0
2026-02-17,60.720001220703125,61.08000183105469,60.189998626708984,60.869998931884766,60.55524826049805,38127200,0.0,0.0,0.0
2026-02-18,61.029998779296875,61.54999923706055,60.90999984741211,61.189998626708984,60.873592376708984,29966900,0.0,0.0,0.0
2026-02-19,60.83000183105469,61.06999969482422,60.58000183105469,61.040000915527344,60.724369049072266,38043800,0.0,0.0,0.0
2026-02-20,61.0099983215332,62.36000061035156,60.970001220703125,62.34000015258789,62.01764678955078,56421600,0.0,0.0,0.0
2026-02-23,62.02000045776367,62.25,61.5099983215332,61.650001525878906,61.331214904785156,36573400,0.0,0.0,0.0
2026-02-24,62.2400016784668,62.84000015258789,62.11000061035156,62.619998931884766,62.296199798583984,44407300,0.0,0.0,0.0
2026-02-25,63.41999816894531,63.43000030517578,63.040000915527344,63.310001373291016,62.98263168334961,42201200,0.0,0.0,0.0
2026-02-26,63.279998779296875,63.310001373291016,62.08000183105469,62.709999084472656,62.38573455810547,52083200,0.0,0.0,0.0
2026-02-27,62.20000076293945,65.95999908447266,62.119998931884766,62.58000183105469,62.25640869140625,34830100,0.0,0.0,0.0
2026-03-02,60.790000915527344,61.849998474121094,60.790000915527344,61.5,61.18199157714844,46879900,0.0,0.0,0.0
2026-03-03,57.970001220703125,58.90999984741211,56.7400016784668,58.41999816894531,58.117916107177734,99942900,0.0,0.0,0.0
2026-03-04,58.54999923706055,59.58000183105469,58.2400016784668,59.04999923706055,58.744659423828125,74073300,0.0,0.0,0.0
2026-03-05,58.02000045776367,58.58000183105469,56.88999938964844,57.630001068115234,57.33200454711914,81396900,0.0,0.0,0.0
2026-03-06,56.83000183105469,57.70000076293945,56.560001373291016,57.31999969482422,57.02360534667969,55731800,0.0,0.0,0.0
2026-03-09,56.65999984741211,58.650001525878906,56.2400016784668,58.45000076293945,58.147762298583984,65072500,0.0,0.0,0.0
2026-03-10,58.65999984741211,59.880001068115234,58.34000015258789,58.68000030517578,58.37657165527344,56415100,0.0,0.0,0.0
2026-03-11,58.70000076293945,59.15999984741211,58.38999938964844,58.83000183105469,58.52579879760742,35658200,0.0,0.0,0.0
2026-03-12,57.9900016784668,58.029998779296875,56.86000061035156,56.95000076293945,56.655517578125,53035000,0.0,0.0,0.0
2026-03-13,57.619998931884766,58.0099983215332,56.65999984741211,56.79999923706055,56.50629425048828,47897100,0.0,0.0,0.0
2026-03-16,58.04999923706055,58.63999938964844,57.9900016784668,58.380001068115234,58.078125,36204900,0.0,0.0,0.0
2026-03-17,58.880001068115234,59.060001373291016,58.529998779296875,58.75,58.44620895385742,24929100,0.0,0.0,0.0
2026-03-18,58.380001068115234,58.630001068115234,57.540000915527344,57.560001373291016,57.262367248535156,37207400,0.0,0.0,0.0
2026-03-19,56.439998626708984,57.869998931884766,56.2599983215332,57.619998931884766,57.322052001953125,50957600,0.0,0.0,0.0
2026-03-20,56.95000076293945,57.0099983215332,55.439998626708984,55.63999938964844,55.352291107177734,78534200,0.0,0.0,0.0
2026-03-23,56.88999938964844,57.84000015258789,56.560001373291016,57.310001373291016,57.01365661621094,61193400,0.0,0.0,0.0
2026-03-24,56.130001068115234,56.91999816894531,56.029998779296875,56.52000045776367,56.22774124145508,37191900,0.0,0.0,0.0
2026-03-25,57.41999816894531,57.77000045776367,57.029998779296875,57.41999816894531,57.123085021972656,36444000,0.0,0.0,0.0
2026-03-26,56.2599983215332,56.63999938964844,55.439998626708984,55.470001220703125,55.18317413330078,42794900,0.0,0.0,0.0
2026-03-27,55.349998474121094,55.7400016784668,55.0,55.20000076293945,54.91456985473633,38596100,0.0,0.0,0.0
2026-03-30,55.5,55.540000915527344,54.439998626708984,54.75,54.466896057128906,32281500,0.0,0.0,0.0
2026-03-31,54.939998626708984,56.86000061035156,54.880001068115234,56.790000915527344,56.49634552001953,64809400,0.0,0.0,0.0
2026-04-01,57.209999084472656,57.83000183105469,57.02000045776367,57.22999954223633,56.9340705871582,51176300,0.0,0.0,0.0
2026-04-02,55.56999969482422,57.029998779296875,55.43000030517578,56.59000015258789,56.29737854003906,33449800,0.0,0.0,0.0
2026-04-06,56.95000076293945,57.41999816894531,56.7400016784668,57.11000061035156,56.814693450927734,19981700,0.0,0.0,0.0
2026-04-07,57.16999816894531,57.33000183105469,56.33000183105469,57.310001373291016,57.01365661621094,28112800,0.0,0.0,0.0
2026-04-08,60.86000061035156,60.9900016784668,59.900001525878906,60.439998626708984,60.127471923828125,50444800,0.0,0.0,0.0
2026-04-09,59.7599983215332,60.52000045776367,59.4900016784668,60.279998779296875,59.968299865722656,35719500,0.0,0.0,0.0
2026-04-10,60.709999084472656,60.88999938964844,60.369998931884766,60.560001373291016,60.24685287475586,20508400,0.0,0.0,0.0
2026-04-13,60.08000183105469,61.130001068115234,60.0,61.06999969482422,60.754215240478516,24457400,0.0,0.0,0.0
2026-04-14,61.599998474121094,62.2599983215332,61.56999969482422,62.2400016784668,61.91816711425781,23734200,0.0,0.0,0.0
2026-04-15,62.040000915527344,62.31999969482422,61.86000061035156,62.20000076293945,61.87837219238281,26278700,0.0,0.0,0.0
2026-04-16,62.43000030517578,62.72999954223633,62.060001373291016,62.45000076293945,62.127079010009766,32327600,0.0,0.0,0.0
2026-04-17,63.529998779296875,64.22000122070312,63.369998931884766,63.63999938964844,63.3109245300293,46228600,0.0,0.0,0.0
2026-04-20,63.11000061035156,63.2599983215332,62.779998779296875,63.18000030517578,62.85330581665039,20045600,0.0,0.0,0.0
2026-04-21,63.279998779296875,63.369998931884766,62.150001525878906,62.25,61.9281120300293,25552600,0.0,0.0,0.0
2026-04-22,62.9900016784668,63.41999816894531,62.88999938964844,63.380001068115234,63.052268981933594,19635300,0.0,0.0,0.0
2026-04-23,62.75,63.06999969482422,61.70000076293945,62.349998474121094,62.02759552001953,33271500,0.0,0.0,0.0
2026-04-24,63.279998779296875,63.81999969482422,63.099998474121094,63.7400016784668,63.41040802001953,26360600,0.0,0.0,0.0
2026-04-27,63.900001525878906,63.97999954223633,63.5,63.63999938964844,63.3109245300293,14689400,0.0,0.0,0.0
2026-04-28,62.790000915527344,63.119998931884766,62.529998779296875,62.9900016784668,62.66428756713867,20628900,0.0,0.0,0.0
2026-04-29,63.06999969482422,63.119998931884766,62.439998626708984,62.689998626708984,62.36583709716797,21066100,0.0,0.0,0.0
2026-04-30,63.2400016784668,64.13999938964844,62.880001068115234,63.9900016784668,63.65911865234375,32197000,0.0,0.0,0.0
2026-05-01,63.84000015258789,64.66999816894531,63.79999923706055,64.12999725341797,63.79838943481445,22489200,0.0,0.0,0.0
2026-05-04,64.47000122070312,64.87000274658203,63.810001373291016,64.0999984741211,63.7685432434082,19751800,0.0,0.0,0.0
2026-05-05,64.9800033569336,65.62999725341797,64.88999938964844,65.4000015258789,65.06182861328125,18701000,0.0,0.0,0.0
2026-05-06,66.8499984741211,67.58999633789062,66.63999938964844,67.48999786376953,67.1410140991211,35376400,0.0,0.0,0.0
2026-05-07,67.66999816894531,67.66999816894531,66.4800033569336,66.58999633789062,66.24566650390625,34734700,0.0,0.0,0.0
2026-05-08,67.33000183105469,67.95999908447266,67.27999877929688,67.94000244140625,67.58869171142578,27606300,0.0,0.0,0.0
2026-05-11,67.83000183105469,68.1500015258789,67.58999633789062,67.88999938964844,67.53894805908203,14667100,0.0,0.0,0.0
2026-05-12,66.22000122070312,66.51000213623047,64.98999786376953,65.81999969482422,65.47965240478516,37773400,0.0,0.0,0.0
2026-05-13,66.56999969482422,67.44999694824219,66.2699966430664,67.20999908447266,66.86246490478516,26065400,0.0,0.0,0.0
2026-05-14,66.94999694824219,67.5199966430664,66.83000183105469,67.37999725341797,67.03158569335938,21184400,0.0,0.0,0.0
2026-05-15,65.2300033569336,65.47000122070312,64.72000122070312,65.06999969482422,64.73352813720703,34830900,0.0,0.0,0.0
2026-05-18,65.66000366210938,65.76000213623047,64.37999725341797,64.97000122070312,64.63404846191406,37739800,0.0,0.0,0.0
2026-05-19,63.619998931884766,64.8499984741211,63.47999954223633,64.26000213623047,63.9277229309082,37009400,0.0,0.0,0.0
2026-05-20,64.48999786376953,65.55999755859375,64.4000015258789,65.45999908447266,65.12151336669922,32484700,0.0,0.0,0.0
2026-05-21,65.2300033569336,66.3499984741211,65.05000305175781,66.02999877929688,65.68856811523438,28726400,0.0,0.0,0.0
2026-05-22,66.0,66.38999938964844,65.73999786376953,65.87999725341797,65.53933715820312,30851000,0.0,0.0,0.0
2026-05-26,67.72000122070312,68.5,67.69000244140625,68.4000015258789,68.04631042480469,25457000,0.0,0.0,0.0
2026-05-27,68.76000213623047,68.95999908447266,67.94000244140625,68.38999938964844,68.03636169433594,31991500,0.0,0.0,0.0
2026-05-28,67.6500015258789,68.7699966430664,67.43000030517578,68.61000061035156,68.2552261352539,33058600,0.0,0.0,0.0
2026-05-29,68.93000030517578,69.11000061035156,68.5,68.5999984741211,68.24527740478516,32143100,0.0,0.0,0.0
2026-06-01,69.37999725341797,70.51000213623047,69.12999725341797,70.08000183105469,69.7176284790039,31731100,0.0,0.0,0.0
2026-06-02,70.29000091552734,70.86000061035156,70.05999755859375,70.80000305175781,70.43390655517578,16577400,0.0,0.0,0.0
2026-06-03,70.41999816894531,70.47000122070312,69.55999755859375,69.91999816894531,69.5584487915039,22147100,0.0,0.0,0.0
2026-06-04,68.5199966430664,69.29000091552734,68.08000183105469,69.0999984741211,68.74269104003906,21260300,0.0,0.0,0.0
2026-06-05,66.7300033569336,66.88999938964844,64.36000061035156,64.58999633789062,64.25601196289062,56184500,0.0,0.0,0.0
2026-06-08,66.06999969482422,66.37000274658203,65.58999633789062,65.75,65.4100112915039,29088400,0.0,0.0,0.0
2026-06-09,67.20999908447266,67.45999908447266,64.06999969482422,65.81999969482422,65.47965240478516,42106700,0.0,0.0,0.0
2026-06-10,65.30999755859375,66.27999877929688,64.58000183105469,64.66000366210938,64.32565307617188,37541900,0.0,0.0,0.0
2026-06-11,65.2699966430664,67.5999984741211,65.18000030517578,67.5,67.15096282958984,41505700,0.0,0.0,0.0
2026-06-12,67.52999877929688,68.19999694824219,67.08999633789062,67.87999725341797,67.52899932861328,39782800,0.0,0.0,0.0
2026-06-15,69.61000061035156,69.87999725341797,69.37999725341797,69.75,69.75,37751500,0.351,0.0,0.0
2026-06-16,69.33000183105469,69.73999786376953,68.58000183105469,68.63999938964844,68.63999938964844,31283500,0.0,0.0,0.0
2026-06-17,69.56999969482422,70.08000183105469,68.41000366210938,68.55999755859375,68.55999755859375,36131300,0.0,0.0,0.0
2026-06-18,70.18000030517578,70.91999816894531,70.1500015258789,70.79000091552734,70.79000091552734,49998100,0.0,0.0,0.0
2026-06-22,71.29000091552734,71.56999969482422,70.98999786376953,71.20999908447266,71.20999908447266,25302200,0.0,0.0,0.0
2026-06-23,67.25,68.2300033569336,67.06999969482422,67.16999816894531,67.16999816894531,39069000,0.0,0.0,0.0
2026-06-24,67.37999725341797,67.61000061035156,66.5999984741211,67.25,67.25,22973300,0.0,0.0,0.0
2026-06-25,68.91000366210938,68.98999786376953,67.2699966430664,67.95999908447266,67.95999908447266,24474400,0.0,0.0,0.0
2026-06-26,66.33999633789062,67.72000122070312,66.2699966430664,67.19000244140625,67.19000244140625,24158700,0.0,0.0,0.0
2026-06-29,66.98999786376953,67.45999908447266,66.0,67.43000030517578,67.43000030517578,18609700,0.0,0.0,0.0
2026-06-30,67.58999633789062,68.5,67.4800033569336,68.41000366210938,68.41000366210938,20384300,0.0,0.0,0.0
2026-07-01,66.91000366210938,67.45999908447266,66.4800033569336,66.4800033569336,66.4800033569336,28146700,0.0,0.0,0.0
2026-07-02,66.52999877929688,67.19000244140625,64.80000305175781,65.69999694824219,65.69999694824219,34258700,0.0,0.0,0.0
2026-07-06,67.25,67.79000091552734,67.20999908447266,67.56999969482422,67.56999969482422,24039300,0.0,0.0,0.0
2026-07-07,65.98999786376953,66.33000183105469,65.26000213623047,65.72000122070312,65.72000122070312,26285100,0.0,0.0,0.0
2026-07-08,65.16000366210938,66.25,64.97000122070312,66.2300033569336,66.2300033569336,20723500,0.0,0.0,0.0
2026-07-09,66.56999969482422,66.95999908447266,66.37000274658203,66.77999877929688,66.77999877929688,19566800,0.0,0.0,0.0
2026-07-10,66.54000091552734,67.0199966430664,66.19000244140625,66.9000015258789,66.9000015258789,18694800,0.0,0.0,0.0
2026-07-13,65.19000244140625,65.29000091552734,64.38999938964844,64.5,64.5,25474800,0.0,0.0,0.0
2026-07-14,65.52999877929688,65.80000305175781,65.11000061035156,65.66999816894531,65.66999816894531,18557800,0.0,0.0,0.0
2026-07-15,65.87000274658203,66.04000091552734,64.66000366210938,65.56999969482422,65.56999969482422,30073900,0.0,0.0,0.0
2026-07-16,64.43000030517578,64.72000122070312,63.91999816894531,64.19000244140625,64.19000244140625,21565700,0.0,0.0,0.0
2026-07-17,62.29999923706055,63.88999938964844,62.0099983215332,63.290000915527344,63.290000915527344,35145100,0.0,0.0,0.0
2026-07-20,64.04000091552734,64.16999816894531,63.47999954223633,63.560001373291016,63.560001373291016,19269600,0.0,0.0,0.0
2026-07-21,65.12000274658203,65.5,64.81999969482422,65.33999633789062,65.33999633789062,20839300,0.0,0.0,0.0
2026-07-22,64.63999938964844,65.19000244140625,64.62999725341797,64.98999786376953,64.98999786376953,13399800,0.0,0.0,0.0
2026-07-23,64.48999786376953,65.04000091552734,63.9900016784668,64.5999984741211,64.5999984741211,13003300,0.0,0.0,0.0
2026-07-24,63.95000076293945,64.1500015258789,63.25,63.33000183105469,63.33000183105469,20525600,0.0,0.0,0.0
2026-07-27,64.22000122070312,64.2699966430664,62.849998474121094,63.619998931884766,63.619998931884766,23439900,0.0,0.0,0.0
2026-07-28,62.060001373291016,62.79999923706055,61.68000030517578,62.36000061035156,62.36000061035156,28991800,0.0,0.0,0.0
2026-07-29,61.72999954223633,62.70000076293945,60.77000045776367,61.06999969482422,61.06999969482422,32436600,0.0,0.0,0.0
2026-07-30,62.47999954223633,63.63999938964844,62.29999923706055,63.59000015258789,63.59000015258789,42233300,0.0,0.0,0.0
2026-07-31,64.93000030517578,65.05999755859375,63.5099983215332,64.08999633789062,64.08999633789062,31148600,0.0,0.0,0.0
2026-08-03,63.7400016784668,64.44999694824219,63.34000015258789,64.31999969482422,64.31999969482422,21829600,0.0,0.0,0.0
2026-08-04,65.22000122070312,66.13999938964844,65.12000274658203,66.0,66.0,25811400,0.0,0.0,0.0
2026-08-05,65.94999694824219,66.23999786376953,65.66999816894531,65.72000122070312,65.72000122070312,21452700,0.0,0.0,0.0
2026-08-06,64.68000030517578,65.55999755859375,64.47000122070312,65.0199966430664,65.0199966430664,20782000,0.0,0.0,0.0
2026-08-07,65.87000274658203,65.94000244140625,65.01000213623047,65.63999938964844,65.63999938964844,21462100,0.0,0.0,0.0
2026-08-10,65.20999908447266,65.36000061035156,64.9800033569336,65.16999816894531,65.16999816894531,19094800,0.0,0.0,0.0
2026-08-11,65.62000274658203,65.75,65.19000244140625,65.43000030517578,65.43000030517578,9763400,0.0,0.0,0.0
2026-08-12,66.61000061035156,66.66999816894531,66.19999694824219,66.45999908447266,66.45999908447266,20256500,0.0,0.0,0.0
2026-08-13,66.41999816894531,66.97000122070312,66.3499984741211,66.68000030517578,66.68000030517578,14548800,0.0,0.0,0.0
2026-08-14,66.8499984741211,67.08999633789062,66.41999816894531,66.61000061035156,66.61000061035156,11964600,0.0,0.0,0.0
2026-08-17,67.33000183105469,67.94000244140625,67.2300033569336,67.31999969482422,67.31999969482422,17036900,0.0,0.0,0.0
2026-08-18,66.02999877929688,66.27999877929688,65.25,65.33999633789062,65.33999633789062,24782800,0.0,0.0,0.0
2026-08-19,66.55000305175781,66.5999984741211,65.83999633789062,66.11000061035156,66.11000061035156,16168600,0.0,0.0,0.0
2026-08-20,66.18000030517578,66.80999755859375,66.13999938964844,66.62000274658203,66.62000274658203,16821800,0.0,0.0,0.0
2026-08-21,67.43000030517578,67.48999786376953,66.97000122070312,67.12000274658203,67.12000274658203,18381100,0.0,0.0,0.0
2026-08-24,66.4000015258789,66.44000244140625,65.77999877929688,66.11000061035156,66.11000061035156,16073600,0.0,0.0,0.0
2026-08-25,66.83999633789062,67.29000091552734,66.62999725341797,67.25,67.25,16396000,0.0,0.0,0.0
2026-08-26,67.36000061035156,67.55000305175781,67.13999938964844,67.16999816894531,67.16999816894531,14934200,0.0,0.0,0.0
2026-08-27,67.56999969482422,67.69000244140625,67.20999908447266,67.61000061035156,67.61000061035156,10911200,0.0,0.0,0.0
2026-08-28,67.69999694824219,68.0,66.97000122070312,67.13999938964844,67.13999938964844,11763200,0.0,0.0,0.0
2026-08-31,67.29000091552734,67.41000366210938,66.80999755859375,67.0199966430664,67.0199966430664,20905000,0.0,0.0,0.0
