Date,Open,High,Low,Close,Adj Close,Volume,Dividends,Stock Splits,Capital Gains
2003-01-02,33.279998779296875,33.79666519165039,33.12333297729492,33.70000076293945,17.56298828125,860700,0.0,0.0,0.0
2003-01-03,33.766666412353516,33.89666748046875,33.630001068115234,33.733333587646484,17.580360412597656,663000,0.0,0.0,0.0
2003-01-06,33.70000076293945,34.323333740234375,33.599998474121094,34.150001525878906,17.797510147094727,1602600,0.0,0.0,0.0
2003-01-07,33.61000061035156,33.779998779296875,33.41999816894531,33.616668701171875,17.51955795288086,6725400,0.0,0.0,0.0
2003-01-08,32.93333435058594,33.3466682434082,32.900001525878906,33.15999984741211,17.28156089782715,709200,0.0,0.0,0.0
2003-01-09,33.13666534423828,33.61333465576172,33.13666534423828,33.56666564941406,17.493499755859375,2422500,0.0,0.0,0.0
2003-01-10,33.47666549682617,33.733333587646484,33.336666107177734,33.52333450317383,17.47091293334961,675900,0.0,0.0,0.0
2003-01-13,33.78333282470703,33.88999938964844,33.42333221435547,33.59333419799805,17.50739288330078,1176900,0.0,0.0,0.0
2003-01-14,33.633331298828125,33.913333892822266,33.53333282470703,33.849998474121094,17.641155242919922,1388700,0.0,0.0,0.0
2003-01-15,33.69333267211914,33.69333267211914,33.38999938964844,33.526668548583984,17.47265625,499200,0.0,0.0,0.0
2003-01-16,33.70000076293945,33.71333312988281,33.5,33.66666793823242,17.545616149902344,717300,0.0,0.0,0.0
2003-01-17,33.46666717529297,33.5,33.17333221435547,33.313331604003906,17.361465454101562,805500,0.0,0.0,0.0
2003-01-21,32.93333435058594,33.03333282470703,32.599998474121094,32.72666549682617,17.055723190307617,1443900,0.0,0.0,0.0
2003-01-22,32.28333282470703,32.563331604003906,32.133331298828125,32.266666412353516,16.815998077392578,1064400,0.0,0.0,0.0
2003-01-23,32.83333206176758,32.83333206176758,32.336666107177734,32.49333190917969,16.934120178222656,821400,0.0,0.0,0.0
2003-01-24,32.54999923706055,32.54999923706055,32.00666809082031,32.150001525878906,16.755189895629883,541200,0.0,0.0,0.0
2003-01-27,31.450000762939453,31.683332443237305,31.170000076293945,31.293333053588867,16.308734893798828,1155300,0.0,0.0,0.0
2003-01-28,31.383333206176758,31.510000228881836,31.200000762939453,31.426666259765625,16.378217697143555,1166700,0.0,0.0,0.0
2003-01-29,31.100000381469727,31.616666793823242,31.083332061767578,31.350000381469727,16.338266372680664,1705500,0.0,0.0,0.0
2003-01-30,31.623332977294922,31.6299991607666,31.21666717529297,31.329999923706055,16.32784080505371,1506000,0.0,0.0,0.0
2003-01-31,31.316667556762695,31.726667404174805,31.203332901000977,31.583332061767578,16.459875106811523,1015800,0.0,0.0,0.0
2003-02-03,31.863332748413086,32.11333465576172,31.753332138061523,32.08000183105469,16.718719482421875,619200,0.0,0.0,0.0
2003-02-04,31.540000915527344,31.729999542236328,31.40333366394043,31.616666793823242,16.477235794067383,653400,0.0,0.0,0.0
2003-02-05,31.760000228881836,32.143333435058594,31.60333251953125,31.670000076293945,16.505037307739258,801000,0.0,0.0,0.0
2003-02-06,31.34000015258789,31.453332901000977,31.136667251586914,31.363332748413086,16.345216751098633,523200,0.0,0.0,0.0
2003-02-07,31.316667556762695,31.450000762939453,30.866666793823242,30.90999984741211,16.108959197998047,546600,0.0,0.0,0.0
2003-02-10,30.969999313354492,31.073333740234375,30.71666717529297,31.016666412353516,16.164548873901367,532200,0.0,0.0,0.0
2003-02-11,31.016666412353516,31.413333892822266,31.016666412353516,31.166667938232422,16.242717742919922,721800,0.0,0.0,0.0
2003-02-12,31.093332290649414,31.239999771118164,30.836666107177734,30.836666107177734,16.070735931396484,596700,0.0,0.0,0.0
2003-02-13,31.066667556762695,31.34666633605957,30.876667022705078,31.290000915527344,16.306997299194336,501000,0.0,0.0,0.0
2003-02-14,31.329999923706055,31.719999313354492,31.18666648864746,31.586666107177734,16.46160888671875,594300,0.0,0.0,0.0
2003-02-18,31.899999618530273,32.06666564941406,31.833332061767578,32.04999923706055,16.703075408935547,640200,0.0,0.0,0.0
2003-02-19,31.639999389648438,31.780000686645508,31.299999237060547,31.299999237060547,16.312210083007812,2189700,0.0,0.0,0.0
2003-02-20,31.633333206176758,31.633333206176758,31.286666870117188,31.333332061767578,16.32957649230957,250800,0.0,0.0,0.0
2003-02-21,31.233333587646484,31.579999923706055,31.233333587646484,31.53333282470703,16.433807373046875,1104000,0.0,0.0,0.0
2003-02-24,31.336666107177734,31.383333206176758,31.14666748046875,31.149999618530273,16.23403549194336,694800,0.0,0.0,0.0
2003-02-25,30.666667938232422,30.850000381469727,30.386667251586914,30.766666412353516,16.03426170349121,1611000,0.0,0.0,0.0
2003-02-26,30.399999618530273,30.516666412353516,30.233333587646484,30.399999618530273,15.843169212341309,1377600,0.0,0.0,0.0
2003-02-27,30.40999984741211,30.59000015258789,30.25,30.44333267211914,15.865748405456543,1026000,0.0,0.0,0.0
2003-02-28,30.74333381652832,30.916667938232422,30.606666564941406,30.916667938232422,16.112430572509766,899700,0.0,0.0,0.0
2003-03-03,31.293333053588867,31.31333351135254,30.899999618530273,31.049999237060547,16.181921005249023,718200,0.0,0.0,0.0
2003-03-04,30.833332061767578,30.833332061767578,30.5,30.600000381469727,15.94739818572998,1403700,0.0,0.0,0.0
2003-03-05,30.600000381469727,30.76333236694336,30.516666412353516,30.649999618530273,15.973455429077148,746700,0.0,0.0,0.0
2003-03-06,30.299999237060547,30.44333267211914,30.17333221435547,30.299999237060547,15.791053771972656,765300,0.0,0.0,0.0
2003-03-07,29.916667938232422,30.163333892822266,29.78333282470703,30.079999923706055,15.676397323608398,711000,0.0,0.0,0.0
2003-03-10,29.399999618530273,29.516666412353516,29.200000762939453,29.246667861938477,15.242106437683105,1649400,0.0,0.0,0.0
2003-03-11,29.266666412353516,29.406667709350586,29.149999618530273,29.149999618530273,15.191719055175781,1033500,0.0,0.0,0.0
2003-03-12,28.913333892822266,28.996667861938477,28.543333053588867,28.81333351135254,15.016271591186523,1614600,0.0,0.0,0.0
2003-03-13,29.253332138061523,29.773332595825195,29.15999984741211,29.636667251586914,15.445344924926758,2728800,0.0,0.0,0.0
2003-03-14,29.823333740234375,30.093332290649414,29.623332977294922,29.78333282470703,15.521787643432617,1962300,0.0,0.0,0.0
2003-03-17,29.60333251953125,30.719999313354492,29.583332061767578,30.623332977294922,15.959555625915527,2464200,0.0,0.0,0.0
2003-03-18,30.796667098999023,30.796667098999023,30.433332443237305,30.753332138061523,16.02730941772461,4454400,0.0,0.0,0.0
2003-03-19,30.833332061767578,31.03333282470703,30.670000076293945,30.916667938232422,16.112430572509766,1033800,0.0,0.0,0.0
2003-03-20,30.893333435058594,31.176666259765625,30.703332901000977,31.113332748413086,16.214927673339844,1044000,0.0,0.0,0.0
2003-03-21,31.536666870117188,32.063331604003906,31.350000381469727,31.866666793823242,16.60753059387207,2088600,0.0,0.0,0.0
2003-03-24,31.25,31.25,30.833332061767578,30.833332061767578,16.069002151489258,1530900,0.0,0.0,0.0
2003-03-25,30.799999237060547,31.18000030517578,30.799999237060547,31.176666259765625,16.247936248779297,1936500,0.0,0.0,0.0
2003-03-26,31.366666793823242,31.463333129882812,31.190000534057617,31.19333267211914,16.25661849975586,916500,0.0,0.0,0.0
2003-03-27,30.913333892822266,31.123332977294922,30.573333740234375,30.983333587646484,16.147178649902344,485100,0.0,0.0,0.0
2003-03-28,30.600000381469727,30.933332443237305,30.600000381469727,30.78333282470703,16.042943954467773,1169100,0.0,0.0,0.0
2003-03-31,30.25,30.456666946411133,30.03333282470703,30.200000762939453,15.73893928527832,1401900,0.0,0.0,0.0
2003-04-01,30.56333351135254,30.670000076293945,30.333332061767578,30.670000076293945,15.983880996704102,1181400,0.0,0.0,0.0
2003-04-02,31.066667556762695,31.23666763305664,31.02666664123535,31.176666259765625,16.247936248779297,2012400,0.0,0.0,0.0
2003-04-03,31.213333129882812,31.246667861938477,30.98666763305664,31.003332138061523,16.157596588134766,1245900,0.0,0.0,0.0
2003-04-04,31.266666412353516,31.51333236694336,31.206666946411133,31.420000076293945,16.3747501373291,621600,0.0,0.0,0.0
2003-04-07,32.22999954223633,32.28333282470703,31.82666778564453,31.82666778564453,16.58668327331543,1147800,0.0,0.0,0.0
2003-04-08,31.843332290649414,31.8799991607666,31.683332443237305,31.833332061767578,16.59016227722168,487500,0.0,0.0,0.0
2003-04-09,31.996667861938477,32.040000915527344,31.633333206176758,31.713333129882812,16.527620315551758,2949300,0.0,0.0,0.0
2003-04-10,31.733333587646484,31.733333587646484,31.446666717529297,31.549999237060547,16.442495346069336,639300,0.0,0.0,0.0
2003-04-11,31.700000762939453,31.706666946411133,31.366666793823242,31.3700008392334,16.348695755004883,327900,0.0,0.0,0.0
2003-04-14,31.56999969482422,31.883333206176758,31.43666648864746,31.84666633605957,16.59711265563965,1698600,0.0,0.0,0.0
2003-04-15,32.0966682434082,32.31999969482422,31.8700008392334,32.28333282470703,16.824678421020508,1128900,0.0,0.0,0.0
2003-04-16,32.206668853759766,32.31666564941406,32.0,32.06999969482422,16.713497161865234,1815000,0.0,0.0,0.0
2003-04-17,32.39666748046875,32.586666107177734,32.31999969482422,32.53333282470703,16.95496940612793,1543500,0.0,0.0,0.0
2003-04-21,32.43333435058594,32.529998779296875,32.26333236694336,32.41999816894531,16.895902633666992,1130400,0.0,0.0,0.0
2003-04-22,32.20333480834961,32.956668853759766,32.20333480834961,32.88999938964844,17.140846252441406,2584200,0.0,0.0,0.0
2003-04-23,32.96666717529297,33.28666687011719,32.88999938964844,33.18000030517578,17.291988372802734,5359200,0.0,0.0,0.0
2003-04-24,33.0,33.0,32.723331451416016,32.91999816894531,17.15648078918457,1192200,0.0,0.0,0.0
2003-04-25,32.43333435058594,32.456668853759766,32.3033332824707,32.336666107177734,16.852474212646484,1229100,0.0,0.0,0.0
2003-04-28,32.54999923706055,32.996665954589844,32.54999923706055,32.90999984741211,17.15126609802246,791400,0.0,0.0,0.0
2003-04-29,33.08333206176758,33.32666778564453,32.91999816894531,33.099998474121094,17.25028419494629,467700,0.0,0.0,0.0
2003-04-30,33.37666702270508,33.43000030517578,33.18333435058594,33.27000045776367,17.338886260986328,1732200,0.0,0.0,0.0
2003-05-01,33.35333251953125,33.5,33.04999923706055,33.40666580200195,17.41010856628418,913200,0.0,0.0,0.0
2003-05-02,33.310001373291016,33.79666519165039,33.176666259765625,33.6966667175293,17.561248779296875,778800,0.0,0.0,0.0
2003-05-05,34.03333282470703,34.12333297729492,33.869998931884766,33.95333480834961,17.695016860961914,1083600,0.0,0.0,0.0
2003-05-06,34.29999923706055,34.86000061035156,34.29999923706055,34.66999816894531,18.068500518798828,808200,0.0,0.0,0.0
2003-05-07,34.44333267211914,34.483333587646484,34.223331451416016,34.349998474121094,17.9017391204834,668700,0.0,0.0,0.0
2003-05-08,33.913333892822266,34.133331298828125,33.733333587646484,33.83333206176758,17.63247299194336,1073400,0.0,0.0,0.0
2003-05-09,33.93333435058594,34.37666702270508,33.93333435058594,34.2599983215332,17.854835510253906,957300,0.0,0.0,0.0
2003-05-12,34.33333206176758,34.68000030517578,34.15666580200195,34.53333282470703,17.997283935546875,860400,0.0,0.0,0.0
2003-05-13,34.3033332824707,34.68333435058594,34.3033332824707,34.529998779296875,17.995546340942383,952200,0.0,0.0,0.0
2003-05-14,34.813331604003906,34.81666564941406,34.45000076293945,34.540000915527344,18.00075340270996,522300,0.0,0.0,0.0
2003-05-15,34.75666809082031,34.75666809082031,34.5,34.599998474121094,18.03203010559082,612300,0.0,0.0,0.0
2003-05-16,34.776668548583984,35.07666778564453,34.70333480834961,35.026668548583984,18.2543888092041,459000,0.0,0.0,0.0
2003-05-19,34.65999984741211,34.71333312988281,34.03333282470703,34.08000183105469,17.761028289794922,676500,0.0,0.0,0.0
2003-05-20,34.233333587646484,34.496665954589844,34.17333221435547,34.41999816894531,17.938215255737305,693900,0.0,0.0,0.0
2003-05-21,34.119998931884766,34.186668395996094,33.936668395996094,34.063331604003906,17.75234031677246,1339800,0.0,0.0,0.0
2003-05-22,34.28333282470703,34.78333282470703,34.223331451416016,34.52000045776367,17.99033546447754,1334400,0.0,0.0,0.0
2003-05-23,34.58333206176758,34.790000915527344,34.470001220703125,34.71666717529297,18.092832565307617,632700,0.0,0.0,0.0
2003-05-27,34.54999923706055,35.0966682434082,34.483333587646484,35.016666412353516,18.24917221069336,763800,0.0,0.0,0.0
2003-05-28,35.03333282470703,35.313331604003906,34.98666763305664,35.18333435058594,18.336030960083008,801600,0.0,0.0,0.0
2003-05-29,35.233333587646484,35.619998931884766,35.223331451416016,35.349998474121094,18.42289161682129,594300,0.0,0.0,0.0
2003-05-30,35.46666717529297,35.633331298828125,35.33333206176758,35.41666793823242,18.457639694213867,1646400,0.0,0.0,0.0
2003-06-02,35.779998779296875,36.12666702270508,35.616668701171875,35.746665954589844,18.629619598388672,1393500,0.0,0.0,0.0
2003-06-03,35.746665954589844,35.866668701171875,35.52000045776367,35.83333206176758,18.674789428710938,1439400,0.0,0.0,0.0
2003-06-04,35.650001525878906,36.18000030517578,35.650001525878906,36.04999923706055,18.787702560424805,920100,0.0,0.0,0.0
2003-06-05,36.223331451416016,36.47999954223633,36.10333251953125,36.413333892822266,18.977054595947266,1451100,0.0,0.0,0.0
2003-06-06,36.79999923706055,36.959999084472656,36.44333267211914,36.633331298828125,19.091712951660156,1814100,0.0,0.0,0.0
2003-06-09,36.46666717529297,36.630001068115234,36.25,36.369998931884766,18.9544734954834,904500,0.0,0.0,0.0
2003-06-10,36.53666687011719,36.686668395996094,36.4033317565918,36.663333892822266,19.107345581054688,535800,0.0,0.0,0.0
2003-06-11,36.81666564941406,37.33333206176758,36.77000045776367,37.266666412353516,19.421777725219727,702300,0.0,0.0,0.0
2003-06-12,37.40999984741211,37.47999954223633,37.13666534423828,37.366668701171875,19.47389030456543,1860000,0.0,0.0,0.0
2003-06-13,37.426666259765625,37.46333312988281,37.043331146240234,37.150001525878906,19.36097526550293,1373100,0.0,0.0,0.0
2003-06-16,37.43000030517578,37.766666412353516,37.43000030517578,37.69333267211914,19.64413833618164,681300,0.0,0.0,0.0
2003-06-17,37.93000030517578,37.93000030517578,37.72999954223633,37.77000045776367,19.68409538269043,797700,0.0,0.0,0.0
2003-06-18,37.56666564941406,37.86000061035156,37.56666564941406,37.663333892822266,19.62849998474121,725100,0.0,0.0,0.0
2003-06-19,37.33333206176758,37.436668395996094,37.10333251953125,37.21666717529297,19.395719528198242,1944300,0.0,0.0,0.0
2003-06-20,37.43333435058594,37.529998779296875,37.0966682434082,37.266666412353516,19.421777725219727,1131300,0.0,0.0,0.0
2003-06-23,37.11000061035156,37.11000061035156,36.68333435058594,36.85333251953125,19.20636749267578,744000,0.0,0.0,0.0
2003-06-24,36.49333190917969,36.62666702270508,36.369998931884766,36.563331604003906,19.055233001708984,874800,0.0,0.0,0.0
2003-06-25,36.58000183105469,36.79666519165039,36.20000076293945,36.20000076293945,18.86587905883789,1455900,0.0,0.0,0.0
2003-06-26,36.34333419799805,36.59000015258789,36.186668395996094,36.366668701171875,18.95273780822754,417900,0.0,0.0,0.0
2003-06-27,36.40999984741211,36.46333312988281,36.063331604003906,36.09333419799805,18.810287475585938,1479000,0.0,0.0,0.0
2003-06-30,36.5099983215332,36.5099983215332,36.099998474121094,36.10333251953125,18.81549644470215,1613700,0.0,0.0,0.0
2003-07-01,36.0,36.426666259765625,35.893333435058594,36.31666564941406,18.926677703857422,1467000,0.0,0.0,0.0
2003-07-02,36.663333892822266,37.08333206176758,36.619998931884766,37.03333282470703,19.300174713134766,1419600,0.0,0.0,0.0
2003-07-03,36.86333465576172,36.96666717529297,36.74333190917969,36.83333206176758,19.195941925048828,1455300,0.0,0.0,0.0
2003-07-07,37.276668548583984,37.529998779296875,37.25666809082031,37.5099983215332,19.5485897064209,2078100,0.0,0.0,0.0
2003-07-08,37.150001525878906,37.516666412353516,37.10333251953125,37.33333206176758,19.456527709960938,719700,0.0,0.0,0.0
2003-07-09,37.246665954589844,37.349998474121094,36.93333435058594,37.13999938964844,19.355764389038086,635700,0.0,0.0,0.0
2003-07-10,36.71666717529297,37.099998474121094,36.71666717529297,36.95000076293945,19.256750106811523,2265900,0.0,0.0,0.0
2003-07-11,36.79666519165039,37.19333267211914,36.61333465576172,36.869998931884766,19.215049743652344,3879300,0.0,0.0,0.0
2003-07-14,37.28333282470703,37.650001525878906,37.10333251953125,37.266666412353516,19.421777725219727,1445400,0.0,0.0,0.0
2003-07-15,37.41666793823242,37.529998779296875,36.75,36.91666793823242,19.2393741607666,3166500,0.0,0.0,0.0
2003-07-16,36.913333892822266,36.9466667175293,36.426666259765625,36.63999938964844,19.095186233520508,1337100,0.0,0.0,0.0
2003-07-17,36.12666702270508,36.29666519165039,35.970001220703125,36.06666564941406,18.79639434814453,1727100,0.0,0.0,0.0
2003-07-18,36.28333282470703,36.6966667175293,36.233333587646484,36.633331298828125,19.091712951660156,683700,0.0,0.0,0.0
2003-07-21,36.4466667175293,36.4466667175293,36.25,36.35333251953125,18.945785522460938,1119000,0.0,0.0,0.0
2003-07-22,36.45000076293945,36.529998779296875,36.233333587646484,36.266666412353516,18.90062141418457,3241200,0.0,0.0,0.0
2003-07-23,36.59333419799805,36.90666580200195,36.5,36.8033332824707,19.180309295654297,724800,0.0,0.0,0.0
2003-07-24,37.21666717529297,37.28333282470703,36.86333465576172,36.86333465576172,19.21158218383789,1459200,0.0,0.0,0.0
2003-07-25,37.26333236694336,37.413333892822266,36.939998626708984,37.32666778564453,19.453046798706055,1580100,0.0,0.0,0.0
2003-07-28,37.31999969482422,37.49333190917969,37.31999969482422,37.42333221435547,19.503427505493164,1042500,0.0,0.0,0.0
2003-07-29,37.5966682434082,37.5966682434082,37.18333435058594,37.266666412353516,19.421777725219727,677700,0.0,0.0,0.0
2003-07-30,37.29999923706055,37.29999923706055,36.86333465576172,36.956668853759766,19.260215759277344,876600,0.0,0.0,0.0
2003-07-31,37.0966682434082,37.21666717529297,36.586666107177734,36.650001525878906,19.100399017333984,3659400,0.0,0.0,0.0
2003-08-01,36.66666793823242,36.70000076293945,36.53666687011719,36.643333435058594,19.096923828125,1482000,0.0,0.0,0.0
2003-08-04,36.89666748046875,36.89666748046875,36.470001220703125,36.75,19.152511596679688,835800,0.0,0.0,0.0
2003-08-05,36.746665954589844,36.790000915527344,36.40666580200195,36.40666580200195,18.97358512878418,1669200,0.0,0.0,0.0
2003-08-06,36.516666412353516,36.516666412353516,36.336666107177734,36.349998474121094,18.94405174255371,1060500,0.0,0.0,0.0
2003-08-07,36.66666793823242,36.66666793823242,36.276668548583984,36.56666564941406,19.056970596313477,432300,0.0,0.0,0.0
2003-08-08,36.71666717529297,36.95000076293945,36.5533332824707,36.68000030517578,19.116031646728516,1206600,0.0,0.0,0.0
2003-08-11,36.94333267211914,37.073333740234375,36.76333236694336,37.03333282470703,19.300174713134766,571800,0.0,0.0,0.0
2003-08-12,37.186668395996094,37.26333236694336,37.003334045410156,37.189998626708984,19.381820678710938,808200,0.0,0.0,0.0
2003-08-13,37.1966667175293,37.33000183105469,37.12666702270508,37.21666717529297,19.395719528198242,637800,0.0,0.0,0.0
2003-08-14,37.56666564941406,37.78666687011719,37.336666107177734,37.746665954589844,19.67193603515625,1311000,0.0,0.0,0.0
2003-08-15,37.71333312988281,37.78333282470703,37.599998474121094,37.65999984741211,19.62676239013672,366000,0.0,0.0,0.0
2003-08-18,37.64666748046875,38.21333312988281,37.529998779296875,38.18333435058594,19.899497985839844,1170300,0.0,0.0,0.0
2003-08-19,38.08333206176758,38.12666702270508,37.87333297729492,38.099998474121094,19.8560733795166,831900,0.0,0.0,0.0
2003-08-20,38.063331604003906,38.063331604003906,37.88666534423828,38.029998779296875,19.81958770751953,754800,0.0,0.0,0.0
2003-08-21,38.11333465576172,38.220001220703125,37.93000030517578,38.099998474121094,19.8560733795166,606300,0.0,0.0,0.0
2003-08-22,38.22999954223633,38.22999954223633,37.82666778564453,37.880001068115234,19.741424560546875,555900,0.0,0.0,0.0
2003-08-25,37.81666564941406,37.83333206176758,37.5533332824707,37.72666549682617,19.66151237487793,991200,0.0,0.0,0.0
2003-08-26,37.543331146240234,37.68333435058594,37.25,37.529998779296875,19.559011459350586,1089600,0.0,0.0,0.0
2003-08-27,37.61333465576172,37.6966667175293,37.53666687011719,37.5966682434082,19.593761444091797,1442400,0.0,0.0,0.0
2003-08-28,37.66666793823242,37.83333206176758,37.51333236694336,37.81666564941406,19.708412170410156,1079700,0.0,0.0,0.0
2003-08-29,37.7400016784668,37.996665954589844,37.7400016784668,37.856666564941406,19.72925567626953,591000,0.0,0.0,0.0
2003-09-02,38.016666412353516,38.439998626708984,38.016666412353516,38.43000030517578,20.028057098388672,901500,0.0,0.0,0.0
2003-09-03,38.776668548583984,39.026668548583984,38.66666793823242,38.93333435058594,20.290374755859375,2043000,0.0,0.0,0.0
2003-09-04,38.84333419799805,38.92333221435547,38.58333206176758,38.88666534423828,20.26604652404785,1139700,0.0,0.0,0.0
2003-09-05,38.926666259765625,39.02333450317383,38.77000045776367,38.96333312988281,20.30600929260254,423900,0.0,0.0,0.0
2003-09-08,39.09000015258789,39.31666564941406,39.0099983215332,39.13666534423828,20.396333694458008,1236000,0.0,0.0,0.0
2003-09-09,39.133331298828125,39.29999923706055,39.04999923706055,39.21333312988281,20.436298370361328,1450500,0.0,0.0,0.0
2003-09-10,39.150001525878906,39.150001525878906,38.79999923706055,38.81666564941406,20.229570388793945,2636700,0.0,0.0,0.0
2003-09-11,39.03333282470703,39.09333419799805,38.8466682434082,39.03333282470703,20.342487335205078,690600,0.0,0.0,0.0
2003-09-12,39.25666809082031,39.29999923706055,38.883331298828125,39.20000076293945,20.429346084594727,630600,0.0,0.0,0.0
2003-09-15,39.33333206176758,39.39666748046875,39.18000030517578,39.313331604003906,20.488412857055664,4375500,0.0,0.0,0.0
2003-09-16,39.57666778564453,39.956668853759766,39.43333435058594,39.70333480834961,20.691661834716797,813300,0.0,0.0,0.0
2003-09-17,39.936668395996094,40.01333236694336,39.74333190917969,39.96333312988281,20.82715606689453,886200,0.0,0.0,0.0
2003-09-18,40.426666259765625,40.426666259765625,39.869998931884766,40.383331298828125,21.04604721069336,1835700,0.0,0.0,0.0
2003-09-19,40.143333435058594,40.37666702270508,40.116668701171875,40.233333587646484,20.967872619628906,1131300,0.0,0.0,0.0
2003-09-22,40.08000183105469,40.08000183105469,39.68333435058594,39.779998779296875,20.73161506652832,2204700,0.0,0.0,0.0
2003-09-23,39.78666687011719,39.96666717529297,39.69333267211914,39.869998931884766,20.778520584106445,2469900,0.0,0.0,0.0
2003-09-24,40.08333206176758,40.116668701171875,39.66666793823242,39.676666259765625,20.677762985229492,2603400,0.0,0.0,0.0
2003-09-25,39.81666564941406,39.970001220703125,39.16666793823242,39.16666793823242,20.41197967529297,1749600,0.0,0.0,0.0
2003-09-26,39.27000045776367,39.383331298828125,39.0,39.0,20.325117111206055,2462700,0.0,0.0,0.0
2003-09-29,39.2599983215332,39.7599983215332,39.13666534423828,39.5,20.585693359375,765000,0.0,0.0,0.0
2003-09-30,39.5533332824707,39.5533332824707,38.939998626708984,39.0,20.325117111206055,2134200,0.0,0.0,0.0
2003-10-01,39.37333297729492,40.279998779296875,39.37333297729492,40.279998779296875,20.99220085144043,1397400,0.0,0.0,0.0
2003-10-02,40.246665954589844,40.27333450317383,40.03333282470703,40.21666717529297,20.959182739257812,1935000,0.0,0.0,0.0
2003-10-03,40.913333892822266,41.016666412353516,40.58333206176758,40.8033332824707,21.264938354492188,921600,0.0,0.0,0.0
2003-10-06,40.926666259765625,41.22999954223633,40.79999923706055,41.22999954223633,21.487295150756836,917400,0.0,0.0,0.0
2003-10-07,41.01333236694336,41.24333190917969,40.83333206176758,41.16666793823242,21.45429229736328,781800,0.0,0.0,0.0
2003-10-08,41.28333282470703,41.28666687011719,40.79999923706055,40.996665954589844,21.365694046020508,506700,0.0,0.0,0.0
2003-10-09,41.33000183105469,41.516666412353516,41.21666717529297,41.279998779296875,21.513351440429688,735600,0.0,0.0,0.0
2003-10-10,41.663333892822266,41.663333892822266,41.43333435058594,41.45333480834961,21.60369110107422,601500,0.0,0.0,0.0
2003-10-13,41.793331146240234,41.866668701171875,41.616668701171875,41.86333465576172,21.81736183166504,1119600,0.0,0.0,0.0
2003-10-14,41.709999084472656,42.09000015258789,41.5966682434082,42.08333206176758,21.932016372680664,448500,0.0,0.0,0.0
2003-10-15,41.92333221435547,42.063331604003906,41.66666793823242,41.68333435058594,21.723552703857422,667200,0.0,0.0,0.0
2003-10-16,41.793331146240234,42.150001525878906,41.709999084472656,41.93333435058594,21.853839874267578,570300,0.0,0.0,0.0
2003-10-17,41.939998626708984,41.959999084472656,41.68333435058594,41.71666717529297,21.74092674255371,444000,0.0,0.0,0.0
2003-10-20,41.9466667175293,42.163333892822266,41.753334045410156,42.163333892822266,21.973712921142578,521700,0.0,0.0,0.0
2003-10-21,42.063331604003906,42.20000076293945,41.883331298828125,42.02000045776367,21.89901351928711,1185300,0.0,0.0,0.0
2003-10-22,41.66666793823242,41.71333312988281,41.470001220703125,41.61000061035156,21.68533706665039,1143300,0.0,0.0,0.0
2003-10-23,40.83000183105469,41.22666549682617,40.70000076293945,41.08333206176758,21.410860061645508,679500,0.0,0.0,0.0
2003-10-24,41.05666732788086,41.26333236694336,40.93333435058594,41.163333892822266,21.452556610107422,556800,0.0,0.0,0.0
2003-10-27,41.16666793823242,41.496665954589844,41.16666793823242,41.3466682434082,21.5481014251709,843900,0.0,0.0,0.0
2003-10-28,41.560001373291016,41.93333435058594,41.503334045410156,41.83333206176758,21.80173110961914,876600,0.0,0.0,0.0
2003-10-29,41.86333465576172,42.0,41.689998626708984,41.78333282470703,21.77566909790039,804300,0.0,0.0,0.0
2003-10-30,42.26333236694336,42.29999923706055,41.753334045410156,41.83000183105469,21.79999351501465,1359300,0.0,0.0,0.0
2003-10-31,41.46666717529297,41.74333190917969,41.46666717529297,41.53333282470703,21.6453857421875,1472400,0.0,0.0,0.0
2003-11-03,42.08333206176758,42.116668701171875,41.616668701171875,41.74333190917969,21.754817962646484,2315100,0.0,0.0,0.0
2003-11-04,42.029998779296875,42.029998779296875,41.83333206176758,41.973331451416016,21.87468719482422,1264800,0.0,0.0,0.0
2003-11-05,41.663333892822266,41.793331146240234,41.57666778564453,41.733333587646484,21.749608993530273,1238400,0.0,0.0,0.0
2003-11-06,41.55666732788086,41.56666564941406,41.209999084472656,41.366668701171875,21.558523178100586,1919100,0.0,0.0,0.0
2003-11-07,41.83333206176758,41.99333190917969,41.58333206176758,41.75,21.7582950592041,6998100,0.0,0.0,0.0
2003-11-10,41.89666748046875,41.89666748046875,41.37333297729492,41.4033317565918,21.577634811401367,888300,0.0,0.0,0.0
2003-11-11,41.31666564941406,41.38999938964844,41.133331298828125,41.246665954589844,21.495981216430664,2766300,0.0,0.0,0.0
2003-11-12,41.61000061035156,42.186668395996094,41.52000045776367,42.106666564941406,21.94417381286621,891000,0.0,0.0,0.0
2003-11-13,42.246665954589844,42.393333435058594,42.116668701171875,42.3466682434082,22.06925392150879,1561800,0.0,0.0,0.0
2003-11-14,42.06999969482422,42.49333190917969,41.866668701171875,42.060001373291016,21.919862747192383,3168900,0.0,0.0,0.0
2003-11-17,41.64666748046875,41.663333892822266,41.099998474121094,41.336666107177734,21.542890548706055,988500,0.0,0.0,0.0
2003-11-18,41.56666564941406,41.74333190917969,41.5,41.5,21.628005981445312,674700,0.0,0.0,0.0
2003-11-19,41.5,41.7599983215332,41.349998474121094,41.599998474121094,21.680124282836914,1048200,0.0,0.0,0.0
2003-11-20,41.313331604003906,41.72999954223633,41.25,41.33333206176758,21.5411434173584,946800,0.0,0.0,0.0
2003-11-21,41.650001525878906,41.80666732788086,41.43333435058594,41.779998779296875,21.77393341064453,1952400,0.0,0.0,0.0
2003-11-24,41.83000183105469,42.253334045410156,41.733333587646484,42.09333419799805,21.937227249145508,1393500,0.0,0.0,0.0
2003-11-25,42.18000030517578,42.276668548583984,41.900001525878906,42.15999984741211,21.971967697143555,1729200,0.0,0.0,0.0
2003-11-26,42.54666519165039,42.54666519165039,42.20000076293945,42.516666412353516,22.15785026550293,1257900,0.0,0.0,0.0
2003-11-28,42.663333892822266,42.68333435058594,42.46666717529297,42.58333206176758,22.192590713500977,1150800,0.0,0.0,0.0
2003-12-01,43.266666412353516,43.45000076293945,43.04999923706055,43.426666259765625,22.63210678100586,1906500,0.0,0.0,0.0
2003-12-02,43.33333206176758,43.60333251953125,43.28333282470703,43.529998779296875,22.685958862304688,965100,0.0,0.0,0.0
2003-12-03,43.766666412353516,44.016666412353516,43.616668701171875,43.616668701171875,22.73111915588379,1653600,0.0,0.0,0.0
2003-12-04,43.913333892822266,43.93000030517578,43.58000183105469,43.71666717529297,22.78324317932129,1448700,0.0,0.0,0.0
2003-12-05,43.663333892822266,43.72999954223633,43.383331298828125,43.4033317565918,22.619943618774414,1191300,0.0,0.0,0.0
2003-12-08,43.663333892822266,43.813331604003906,43.29666519165039,43.766666412353516,22.809297561645508,1851900,0.0,0.0,0.0
2003-12-09,44.040000915527344,44.08000183105469,43.400001525878906,43.58333206176758,22.713754653930664,2191500,0.0,0.0,0.0
2003-12-10,43.45000076293945,43.45000076293945,43.18000030517578,43.27000045776367,22.550457000732422,2155500,0.0,0.0,0.0
2003-12-11,43.29666519165039,43.83000183105469,43.27000045776367,43.75,22.800613403320312,1652400,0.0,0.0,0.0
2003-12-12,43.96333312988281,43.96333312988281,43.67333221435547,43.893333435058594,22.87531089782715,967800,0.0,0.0,0.0
2003-12-15,44.39666748046875,44.39666748046875,43.599998474121094,43.599998474121094,22.722436904907227,2520000,0.0,0.0,0.0
2003-12-16,43.66666793823242,44.03333282470703,43.66666793823242,44.0,23.013595581054688,1147200,0.156667,0.0,0.0
2003-12-17,43.996665954589844,43.996665954589844,43.766666412353516,43.89666748046875,22.959550857543945,1482900,0.0,0.0,0.0
2003-12-18,44.246665954589844,44.62333297729492,44.04999923706055,44.54999923706055,23.301267623901367,3238800,0.0,0.0,0.0
2003-12-19,44.5966682434082,44.5966682434082,44.16666793823242,44.29999923706055,23.170507431030273,1152300,0.0,0.0,0.0
2003-12-22,44.08000183105469,44.08333206176758,43.83333206176758,44.06666564941406,23.323640823364258,1556400,0.522667,0.0,0.0
2003-12-23,44.0966682434082,44.22666549682617,43.926666259765625,44.15999984741211,23.373043060302734,1662000,0.0,0.0,0.0
2003-12-24,44.20000076293945,44.63666534423828,44.17333221435547,44.266666412353516,23.42950439453125,549000,0.0,0.0,0.0
2003-12-26,44.37666702270508,44.516666412353516,44.186668395996094,44.186668395996094,23.387161254882812,477300,0.0,0.0,0.0
2003-12-29,44.6966667175293,44.93333435058594,44.439998626708984,44.93000030517578,23.780595779418945,2037300,0.0,0.0,0.0
2003-12-30,44.79999923706055,45.223331451416016,44.79999923706055,45.016666412353516,23.826465606689453,3807000,0.0,0.0,0.0
2003-12-31,45.41666793823242,45.633331298828125,45.186668395996094,45.59333419799805,24.131683349609375,3129000,0.0,0.0,0.0
2004-01-02,45.60333251953125,46.01333236694336,45.5966682434082,45.71666717529297,24.19696617126465,1593300,0.0,0.0,0.0
2004-01-05,46.33000183105469,46.633331298828125,46.133331298828125,46.5966682434082,24.662734985351562,2562600,0.0,0.0,0.0
2004-01-06,46.5966682434082,46.733333587646484,46.39666748046875,46.66666793823242,24.699769973754883,1701000,0.0,0.0,0.0
2004-01-07,46.16666793823242,46.383331298828125,45.866668701171875,46.20000076293945,24.45277976989746,1582200,0.0,0.0,0.0
2004-01-08,46.913333892822266,46.913333892822266,46.503334045410156,46.86333465576172,24.803861618041992,1532100,0.0,0.0,0.0
2004-01-09,46.630001068115234,46.82666778564453,46.503334045410156,46.56666564941406,24.646848678588867,1413300,0.0,0.0,0.0
2004-01-12,46.6966667175293,47.33333206176758,46.43000030517578,46.5533332824707,24.639785766601562,1629600,0.0,0.0,0.0
2004-01-13,46.79666519165039,46.79666519165039,46.16666793823242,46.28333282470703,24.49688720703125,1532400,0.0,0.0,0.0
2004-01-14,46.6533317565918,46.836666107177734,46.52333450317383,46.68333435058594,24.708595275878906,1325400,0.0,0.0,0.0
2004-01-15,46.630001068115234,46.64666748046875,46.16666793823242,46.400001525878906,24.558631896972656,1477800,0.0,0.0,0.0
2004-01-16,46.3466682434082,46.45000076293945,46.03333282470703,46.233333587646484,24.470422744750977,2704800,0.0,0.0,0.0
2004-01-20,46.75,46.893333435058594,46.65999984741211,46.733333587646484,24.73505401611328,1307400,0.0,0.0,0.0
2004-01-21,46.959999084472656,47.40999984741211,46.7599983215332,47.29999923706055,25.03498077392578,2350200,0.0,0.0,0.0
2004-01-22,47.45000076293945,47.46333312988281,47.20000076293945,47.33000183105469,25.050870895385742,3117900,0.0,0.0,0.0
2004-01-23,47.1966667175293,47.279998779296875,46.60333251953125,46.823333740234375,24.782691955566406,1104900,0.0,0.0,0.0
2004-01-26,46.91999816894531,46.98666763305664,46.60333251953125,46.973331451416016,24.86208724975586,2091000,0.0,0.0,0.0
2004-01-27,47.05666732788086,47.05666732788086,46.71333312988281,46.766666412353516,24.752695083618164,1978500,0.0,0.0,0.0
2004-01-28,46.90999984741211,47.116668701171875,46.08000183105469,46.16666793823242,24.435142517089844,1808700,0.0,0.0,0.0
2004-01-29,46.16666793823242,46.28333282470703,45.66999816894531,46.22666549682617,24.466888427734375,2433300,0.0,0.0,0.0
2004-01-30,45.99333190917969,46.163333892822266,45.849998474121094,46.106666564941406,24.403369903564453,2088300,0.0,0.0,0.0
2004-02-02,46.04666519165039,46.2400016784668,45.866668701171875,46.0,24.346920013427734,1497900,0.0,0.0,0.0
2004-02-03,46.23666763305664,46.23666763305664,46.003334045410156,46.08333206176758,24.391021728515625,714000,0.0,0.0,0.0
2004-02-04,45.913333892822266,45.939998626708984,45.563331604003906,45.58333206176758,24.126394271850586,1631400,0.0,0.0,0.0
2004-02-05,46.1533317565918,46.206668853759766,45.733333587646484,45.77333450317383,24.226957321166992,1060800,0.0,0.0,0.0
2004-02-06,46.413333892822266,46.746665954589844,46.25666809082031,46.63666534423828,24.68389129638672,1552200,0.0,0.0,0.0
2004-02-09,47.33333206176758,47.33333206176758,46.790000915527344,46.93000030517578,24.839153289794922,1095300,0.0,0.0,0.0
2004-02-10,47.03666687011719,47.16666793823242,46.93000030517578,47.133331298828125,24.946779251098633,771000,0.0,0.0,0.0
2004-02-11,47.05666732788086,47.77333450317383,46.83333206176758,47.66666793823242,25.22905921936035,930000,0.0,0.0,0.0
2004-02-12,47.33000183105469,47.40999984741211,47.16999816894531,47.25,25.00851821899414,1710300,0.0,0.0,0.0
2004-02-13,47.71333312988281,47.71333312988281,47.06999969482422,47.189998626708984,24.976764678955078,732600,0.0,0.0,0.0
2004-02-17,48.08000183105469,48.2400016784668,47.849998474121094,48.099998474121094,25.458406448364258,1516800,0.0,0.0,0.0
2004-02-18,48.11333465576172,48.163333892822266,47.40666580200195,47.43333435058594,25.105558395385742,1000500,0.0,0.0,0.0
2004-02-19,48.06999969482422,48.163333892822266,47.720001220703125,47.75,25.273162841796875,809100,0.0,0.0,0.0
2004-02-20,47.79999923706055,47.79999923706055,46.83333206176758,47.16666793823242,24.964418411254883,2603100,0.0,0.0,0.0
2004-02-23,47.55666732788086,47.55666732788086,47.060001373291016,47.29999923706055,25.03498077392578,1345800,0.0,0.0,0.0
2004-02-24,46.93000030517578,47.33000183105469,46.81666564941406,47.116668701171875,24.937957763671875,1583400,0.0,0.0,0.0
2004-02-25,47.0966682434082,47.17333221435547,46.46666717529297,46.766666412353516,24.752695083618164,1878000,0.0,0.0,0.0
2004-02-26,46.663333892822266,46.96333312988281,46.48666763305664,46.78333282470703,24.76152992248535,1798800,0.0,0.0,0.0
2004-02-27,47.119998931884766,47.323333740234375,46.95000076293945,47.16666793823242,24.964418411254883,2097300,0.0,0.0,0.0
2004-03-01,47.663333892822266,47.8466682434082,47.5,47.79999923706055,25.299625396728516,1406700,0.0,0.0,0.0
2004-03-02,47.53666687011719,47.676666259765625,47.00666809082031,47.03333282470703,24.893842697143555,1731300,0.0,0.0,0.0
2004-03-03,46.893333435058594,46.996665954589844,46.46666717529297,46.93333435058594,24.84092140197754,1524300,0.0,0.0,0.0
2004-03-04,46.92333221435547,47.293331146240234,46.83333206176758,47.08333206176758,24.920305252075195,1689900,0.0,0.0,0.0
2004-03-05,47.1966667175293,47.72999954223633,47.1966667175293,47.633331298828125,25.211410522460938,1098300,0.0,0.0,0.0
2004-03-08,47.61333465576172,47.70000076293945,47.32666778564453,47.32666778564453,25.049102783203125,1105500,0.0,0.0,0.0
2004-03-09,47.4466667175293,47.47999954223633,46.970001220703125,47.0,24.876203536987305,1269600,0.0,0.0,0.0
2004-03-10,46.880001068115234,46.93333435058594,46.246665954589844,46.246665954589844,24.47747802734375,1806300,0.0,0.0,0.0
2004-03-11,45.766666412353516,46.08000183105469,45.496665954589844,45.496665954589844,24.08051300048828,2135400,0.0,0.0,0.0
2004-03-12,45.68000030517578,45.89666748046875,45.43333435058594,45.89666748046875,24.292232513427734,1599300,0.0,0.0,0.0
2004-03-15,45.45333480834961,45.65666580200195,45.0,45.116668701171875,23.87939453125,2073000,0.0,0.0,0.0
2004-03-16,45.70333480834961,45.75,45.233333587646484,45.53333282470703,24.09992218017578,1427400,0.0,0.0,0.0
2004-03-17,46.246665954589844,46.48666763305664,46.00666809082031,46.483333587646484,24.602739334106445,1678200,0.0,0.0,0.0
2004-03-18,46.4466667175293,46.53333282470703,46.150001525878906,46.46666717529297,24.59391975402832,2881500,0.0,0.0,0.0
2004-03-19,46.29666519165039,46.31666564941406,45.866668701171875,45.866668701171875,24.27635383605957,1089900,0.0,0.0,0.0
2004-03-22,45.68000030517578,45.68000030517578,45.16666793823242,45.27000045776367,23.960542678833008,1711500,0.0,0.0,0.0
2004-03-23,45.766666412353516,45.91999816894531,45.5,45.616668701171875,24.14402961730957,1414500,0.0,0.0,0.0
2004-03-24,45.57666778564453,45.71333312988281,45.27000045776367,45.436668395996094,24.04875946044922,1770900,0.0,0.0,0.0
2004-03-25,45.91999816894531,46.33000183105469,45.753334045410156,46.29999923706055,24.505706787109375,2658000,0.0,0.0,0.0
2004-03-26,46.26333236694336,46.3466682434082,46.0,46.099998474121094,24.39984703063965,1619700,0.0,0.0,0.0
2004-03-29,46.62666702270508,46.87666702270508,46.58333206176758,46.766666412353516,24.752695083618164,1683300,0.0,0.0,0.0
2004-03-30,46.68000030517578,46.893333435058594,46.54999923706055,46.866668701171875,24.805635452270508,1302600,0.0,0.0,0.0
2004-03-31,47.14666748046875,47.39666748046875,47.03666687011719,47.20000076293945,24.982053756713867,2627100,0.0,0.0,0.0
2004-04-01,47.470001220703125,47.83333206176758,47.18333435058594,47.82666778564453,25.313739776611328,2286300,0.0,0.0,0.0
2004-04-02,47.74333190917969,48.413333892822266,47.633331298828125,47.96333312988281,25.38606834411621,2089800,0.0,0.0,0.0
2004-04-05,47.663333892822266,47.96666717529297,47.516666412353516,47.96333312988281,25.38606834411621,1556700,0.0,0.0,0.0
2004-04-06,47.779998779296875,47.866668701171875,47.52000045776367,47.81666564941406,25.308446884155273,1522800,0.0,0.0,0.0
2004-04-07,47.96333312988281,47.96333312988281,47.709999084472656,47.88999938964844,25.34726333618164,1743300,0.0,0.0,0.0
2004-04-08,47.996665954589844,47.996665954589844,47.53666687011719,47.790000915527344,25.29433250427246,1018800,0.0,0.0,0.0
2004-04-12,47.996665954589844,48.133331298828125,47.83333206176758,48.099998474121094,25.458406448364258,880500,0.0,0.0,0.0
2004-04-13,47.79666519165039,47.813331604003906,47.369998931884766,47.483333587646484,25.13201332092285,972900,0.0,0.0,0.0
2004-04-14,46.64666748046875,46.99333190917969,46.53333282470703,46.99333190917969,24.872671127319336,1487400,0.0,0.0,0.0
2004-04-15,46.650001525878906,46.94333267211914,46.496665954589844,46.66666793823242,24.699769973754883,2116800,0.0,0.0,0.0
2004-04-16,46.89666748046875,47.21666717529297,46.78666687011719,47.16666793823242,24.964418411254883,814800,0.0,0.0,0.0
2004-04-19,47.12666702270508,47.21666717529297,46.900001525878906,47.21666717529297,24.99087142944336,1103100,0.0,0.0,0.0
2004-04-20,47.31666564941406,47.380001068115234,46.5,46.56666564941406,24.646848678588867,874200,0.0,0.0,0.0
2004-04-21,46.686668395996094,46.973331451416016,46.573333740234375,46.883331298828125,24.814455032348633,1887900,0.0,0.0,0.0
2004-04-22,46.72999954223633,47.36333465576172,46.586666107177734,47.21666717529297,24.99087142944336,1066200,0.0,0.0,0.0
2004-04-23,47.11333465576172,47.18333435058594,46.85333251953125,47.150001525878906,24.955596923828125,1048500,0.0,0.0,0.0
2004-04-26,47.45000076293945,47.45000076293945,46.91666793823242,47.13666534423828,24.948532104492188,1864200,0.0,0.0,0.0
2004-04-27,47.003334045410156,47.36333465576172,47.003334045410156,47.18333435058594,24.97323226928711,1936800,0.0,0.0,0.0
2004-04-28,47.003334045410156,47.003334045410156,46.25,46.313331604003906,24.512758255004883,2226900,0.0,0.0,0.0
2004-04-29,46.313331604003906,46.46333312988281,45.676666259765625,45.81666564941406,24.24988555908203,2768100,0.0,0.0,0.0
2004-04-30,46.26333236694336,46.26333236694336,45.5,45.599998474121094,24.13520622253418,4595100,0.0,0.0,0.0
2004-05-03,45.96333312988281,46.06666564941406,45.836666107177734,46.06666564941406,24.3822021484375,1395900,0.0,0.0,0.0
2004-05-04,46.64666748046875,46.8466682434082,46.37666702270508,46.6533317565918,24.69272232055664,1985400,0.0,0.0,0.0
2004-05-05,46.95000076293945,47.266666412353516,46.90666580200195,47.16666793823242,24.964418411254883,1707900,0.0,0.0,0.0
2004-05-06,46.5,46.5,45.95333480834961,46.16666793823242,24.435142517089844,1749000,0.0,0.0,0.0
2004-05-07,45.686668395996094,45.746665954589844,44.91666793823242,44.91666793823242,23.773529052734375,3348900,0.0,0.0,0.0
2004-05-10,43.78333282470703,44.23666763305664,43.470001220703125,43.766666412353516,23.164859771728516,5254200,0.0,0.0,0.0
2004-05-11,43.836666107177734,44.16666793823242,43.79999923706055,44.08333206176758,23.332469940185547,1500300,0.0,0.0,0.0
2004-05-12,44.46333312988281,44.46666717529297,43.619998931884766,44.366668701171875,23.4824275970459,2675700,0.0,0.0,0.0
2004-05-13,43.9466667175293,44.20333480834961,43.720001220703125,43.900001525878906,23.235437393188477,1188600,0.0,0.0,0.0
2004-05-14,43.9466667175293,43.996665954589844,43.66666793823242,43.86333465576172,23.216032028198242,972000,0.0,0.0,0.0
2004-05-17,43.27000045776367,43.54999923706055,43.27000045776367,43.383331298828125,22.96196746826172,1040100,0.0,0.0,0.0
2004-05-18,43.779998779296875,43.86333465576172,43.62333297729492,43.84333419799805,23.205434799194336,657300,0.0,0.0,0.0
2004-05-19,44.79666519165039,44.96333312988281,44.276668548583984,44.276668548583984,23.43479347229004,2612100,0.0,0.0,0.0
2004-05-20,44.27000045776367,44.54999923706055,44.06999969482422,44.33333206176758,23.464784622192383,1387800,0.0,0.0,0.0
2004-05-21,45.163333892822266,45.163333892822266,44.586666107177734,44.65999984741211,23.637678146362305,1630500,0.0,0.0,0.0
2004-05-24,45.11333465576172,45.16666793823242,44.66666793823242,44.9466667175293,23.789413452148438,1747800,0.0,0.0,0.0
2004-05-25,44.95000076293945,45.779998779296875,44.900001525878906,45.616668701171875,24.14402961730957,1480800,0.0,0.0,0.0
2004-05-26,45.62333297729492,45.70000076293945,45.38666534423828,45.53333282470703,24.09992218017578,1150200,0.0,0.0,0.0
2004-05-27,46.29666519165039,46.483333587646484,46.13666534423828,46.400001525878906,24.558631896972656,1328100,0.0,0.0,0.0
2004-05-28,46.36333465576172,46.37666702270508,46.03333282470703,46.119998931884766,24.410436630249023,1154400,0.0,0.0,0.0
2004-06-01,46.220001220703125,46.28333282470703,45.883331298828125,46.22999954223633,24.468660354614258,1382400,0.0,0.0,0.0
2004-06-02,46.529998779296875,46.573333740234375,46.1533317565918,46.36333465576172,24.539228439331055,1918500,0.0,0.0,0.0
2004-06-03,46.029998779296875,46.18000030517578,45.78333282470703,45.91666793823242,24.302818298339844,1050000,0.0,0.0,0.0
2004-06-04,46.3466682434082,46.630001068115234,46.133331298828125,46.46666717529297,24.59391975402832,1358400,0.0,0.0,0.0
2004-06-07,47.163333892822266,47.49333190917969,46.970001220703125,47.49333190917969,25.13731575012207,1045200,0.0,0.0,0.0
2004-06-08,47.233333587646484,47.27333450317383,46.91999816894531,47.22666549682617,24.996166229248047,1406700,0.0,0.0,0.0
2004-06-09,46.96333312988281,46.96666717529297,46.33333206176758,46.41666793823242,24.567453384399414,2286900,0.0,0.0,0.0
2004-06-10,46.83000183105469,47.0533332824707,46.720001220703125,46.96666717529297,24.858564376831055,804300,0.0,0.0,0.0
2004-06-14,46.08000183105469,46.1533317565918,45.7400016784668,45.836666107177734,24.26047134399414,1386300,0.0,0.0,0.0
2004-06-15,46.46333312988281,46.96333312988281,46.33333206176758,46.650001525878906,24.69094467163086,2062800,0.0,0.0,0.0
2004-06-16,46.650001525878906,46.83333206176758,46.496665954589844,46.633331298828125,24.68213653564453,636900,0.0,0.0,0.0
2004-06-17,46.686668395996094,46.97999954223633,46.573333740234375,46.93333435058594,24.84092140197754,932400,0.0,0.0,0.0
2004-06-18,46.88999938964844,47.323333740234375,46.84000015258789,47.016666412353516,24.88502311706543,1888800,0.0,0.0,0.0
2004-06-21,47.06666564941406,47.16666793823242,46.81666564941406,46.849998474121094,24.796802520751953,897600,0.0,0.0,0.0
2004-06-22,46.746665954589844,46.93333435058594,46.43333435058594,46.869998931884766,24.80739974975586,1382100,0.0,0.0,0.0
2004-06-23,46.78333282470703,47.233333587646484,46.599998474121094,47.16666793823242,24.964418411254883,979200,0.0,0.0,0.0
2004-06-24,47.3466682434082,47.47999954223633,47.233333587646484,47.349998474121094,25.061447143554688,1119000,0.0,0.0,0.0
2004-06-25,47.13666534423828,47.33333206176758,47.119998931884766,47.176666259765625,24.969703674316406,1457400,0.0,0.0,0.0
2004-06-28,47.68333435058594,47.75,47.33333206176758,47.46666717529297,25.123205184936523,2811900,0.0,0.0,0.0
2004-06-29,47.3033332824707,47.413333892822266,47.233333587646484,47.366668701171875,25.070270538330078,2685900,0.0,0.0,0.0
2004-06-30,47.529998779296875,47.71666717529297,47.119998931884766,47.66666793823242,25.22905921936035,5310000,0.0,0.0,0.0
2004-07-01,47.529998779296875,47.5533332824707,46.883331298828125,47.06666564941406,24.91148567199707,2171100,0.0,0.0,0.0
2004-07-02,47.10333251953125,47.380001068115234,47.10333251953125,47.33000183105469,25.050870895385742,1066800,0.0,0.0,0.0
2004-07-06,46.8466682434082,46.866668701171875,46.54999923706055,46.54999923706055,24.638029098510742,1130400,0.0,0.0,0.0
2004-07-07,46.97999954223633,47.19333267211914,46.90666580200195,47.099998474121094,24.92913055419922,979500,0.0,0.0,0.0
2004-07-08,46.913333892822266,47.03333282470703,46.66666793823242,46.79999923706055,24.770347595214844,1184100,0.0,0.0,0.0
2004-07-09,47.18000030517578,47.1966667175293,47.0,47.1966667175293,24.980295181274414,1107000,0.0,0.0,0.0
2004-07-12,47.20000076293945,47.33333206176758,47.03333282470703,47.33333206176758,25.052623748779297,576000,0.0,0.0,0.0
2004-07-13,47.21666717529297,47.21666717529297,46.82666778564453,47.099998474121094,24.92913055419922,1331700,0.0,0.0,0.0
2004-07-14,46.73666763305664,47.09000015258789,46.6966667175293,46.83333206176758,24.78798484802246,1405200,0.0,0.0,0.0
2004-07-15,46.68000030517578,46.71666717529297,46.223331451416016,46.25,24.479244232177734,2289300,0.0,0.0,0.0
2004-07-16,46.79999923706055,46.97999954223633,46.62333297729492,46.62333297729492,24.676843643188477,1351500,0.0,0.0,0.0
2004-07-19,46.79666519165039,46.849998474121094,46.43333435058594,46.65999984741211,24.696239471435547,769200,0.0,0.0,0.0
2004-07-20,46.529998779296875,46.71666717529297,46.356666564941406,46.68333435058594,24.708595275878906,777000,0.0,0.0,0.0
2004-07-21,46.813331604003906,46.813331604003906,45.66999816894531,45.66999816894531,24.1722469329834,1611000,0.0,0.0,0.0
2004-07-22,46.029998779296875,46.08333206176758,45.706668853759766,45.91666793823242,24.302818298339844,2698500,0.0,0.0,0.0
2004-07-23,45.663333892822266,45.663333892822266,45.02333450317383,45.06999969482422,23.85468864440918,1337700,0.0,0.0,0.0
2004-07-26,45.380001068115234,45.380001068115234,44.94333267211914,45.06999969482422,23.85468864440918,1568400,0.0,0.0,0.0
2004-07-27,45.1533317565918,45.40666580200195,44.91666793823242,45.349998474121094,24.00288963317871,1640400,0.0,0.0,0.0
2004-07-28,45.22999954223633,45.526668548583984,44.913333892822266,45.40999984741211,24.034643173217773,1755300,0.0,0.0,0.0
2004-07-29,45.39666748046875,45.650001525878906,45.25,45.46666717529297,24.064645767211914,2150100,0.0,0.0,0.0
2004-07-30,45.6966667175293,45.74333190917969,45.456668853759766,45.633331298828125,24.152860641479492,2845200,0.0,0.0,0.0
2004-08-02,45.630001068115234,45.89666748046875,45.516666412353516,45.849998474121094,24.26752471923828,1519800,0.0,0.0,0.0
2004-08-03,45.746665954589844,45.90666580200195,45.54999923706055,45.54999923706055,24.108741760253906,1063800,0.0,0.0,0.0
2004-08-04,45.163333892822266,45.66666793823242,45.133331298828125,45.543331146240234,24.10521697998047,969300,0.0,0.0,0.0
2004-08-05,45.51333236694336,45.51333236694336,44.85333251953125,44.866668701171875,23.747074127197266,1332900,0.0,0.0,0.0
2004-08-06,45.313331604003906,45.313331604003906,44.723331451416016,44.79999923706055,23.7117862701416,966900,0.0,0.0,0.0
2004-08-09,44.93000030517578,44.983333587646484,44.7400016784668,44.75,23.685327529907227,888000,0.0,0.0,0.0
2004-08-10,45.133331298828125,45.31666564941406,44.983333587646484,45.116668701171875,23.87939453125,853800,0.0,0.0,0.0
2004-08-11,44.79999923706055,45.040000915527344,44.630001068115234,44.96666717529297,23.799999237060547,870900,0.0,0.0,0.0
2004-08-12,44.83333206176758,44.849998474121094,44.46666717529297,44.46666717529297,23.535356521606445,828600,0.0,0.0,0.0
2004-08-13,44.89666748046875,44.89666748046875,44.64666748046875,44.733333587646484,23.676502227783203,742500,0.0,0.0,0.0
2004-08-16,44.70000076293945,45.313331604003906,44.6966667175293,45.18333435058594,23.9146785736084,1028700,0.0,0.0,0.0
2004-08-17,45.33000183105469,45.380001068115234,45.116668701171875,45.21666717529297,23.93231964111328,807600,0.0,0.0,0.0
2004-08-18,44.95000076293945,45.58333206176758,44.9033317565918,45.560001373291016,24.114042282104492,1868700,0.0,0.0,0.0
2004-08-19,45.54666519165039,45.64666748046875,45.33333206176758,45.45333480834961,24.057579040527344,1177500,0.0,0.0,0.0
2004-08-20,45.36333465576172,45.766666412353516,45.266666412353516,45.66666793823242,24.170494079589844,1521300,0.0,0.0,0.0
2004-08-23,45.71333312988281,45.71333312988281,45.24333190917969,45.29666519165039,23.974660873413086,1457700,0.0,0.0,0.0
2004-08-24,45.516666412353516,45.516666412353516,45.223331451416016,45.28666687011719,23.969369888305664,2878500,0.0,0.0,0.0
2004-08-25,45.366668701171875,45.83333206176758,45.25,45.766666412353516,24.223417282104492,2217900,0.0,0.0,0.0
2004-08-26,45.68333435058594,45.883331298828125,45.633331298828125,45.79999923706055,24.241069793701172,958200,0.0,0.0,0.0
2004-08-27,45.96666717529297,46.016666412353516,45.77333450317383,45.91666793823242,24.302818298339844,1377600,0.0,0.0,0.0
2004-08-30,45.733333587646484,45.89666748046875,45.71666717529297,45.75,24.214599609375,1250700,0.0,0.0,0.0
2004-08-31,45.86000061035156,46.20000076293945,45.75,46.176666259765625,24.440427780151367,1728300,0.0,0.0,0.0
2004-09-01,46.20000076293945,46.279998779296875,46.06999969482422,46.21666717529297,24.46159553527832,1734000,0.0,0.0,0.0
2004-09-02,46.21666717529297,46.70000076293945,46.16666793823242,46.70000076293945,24.717422485351562,1131900,0.0,0.0,0.0
2004-09-03,46.23666763305664,46.33333206176758,46.0,46.08000183105469,24.389263153076172,1324500,0.0,0.0,0.0
2004-09-07,46.54999923706055,46.72999954223633,46.4033317565918,46.723331451416016,24.72977066040039,1623600,0.0,0.0,0.0
2004-09-08,46.400001525878906,46.79666519165039,46.349998474121094,46.70000076293945,24.717422485351562,1557900,0.0,0.0,0.0
2004-09-09,46.483333587646484,46.66666793823242,46.30666732788086,46.54999923706055,24.638029098510742,1449300,0.0,0.0,0.0
2004-09-10,46.81666564941406,46.96666717529297,46.66666793823242,46.900001525878906,24.823274612426758,1054200,0.0,0.0,0.0
2004-09-13,46.99333190917969,47.233333587646484,46.936668395996094,47.06666564941406,24.91148567199707,850200,0.0,0.0,0.0
2004-09-14,47.130001068115234,47.25,47.03333282470703,47.18333435058594,24.97323226928711,1271100,0.0,0.0,0.0
2004-09-15,46.83333206176758,46.83333206176758,46.369998931884766,46.50666809082031,24.615093231201172,921300,0.0,0.0,0.0
2004-09-16,46.53333282470703,46.823333740234375,46.47666549682617,46.813331604003906,24.777406692504883,974400,0.0,0.0,0.0
2004-09-17,46.9466667175293,46.97999954223633,46.746665954589844,46.96666717529297,24.858564376831055,789600,0.0,0.0,0.0
2004-09-20,46.599998474121094,46.810001373291016,46.483333587646484,46.67333221435547,24.703298568725586,889200,0.0,0.0,0.0
2004-09-21,47.19333267211914,47.543331146240234,46.9900016784668,47.4033317565918,25.089677810668945,1576200,0.0,0.0,0.0
2004-09-22,47.016666412353516,47.016666412353516,46.586666107177734,46.633331298828125,24.68213653564453,1800900,0.0,0.0,0.0
2004-09-23,46.766666412353516,46.779998779296875,46.470001220703125,46.50666809082031,24.615093231201172,1859400,0.0,0.0,0.0
2004-09-24,46.66666793823242,46.72999954223633,46.503334045410156,46.56666564941406,24.646848678588867,1443000,0.0,0.0,0.0
2004-09-27,46.313331604003906,46.47999954223633,46.25,46.33333206176758,24.523347854614258,1306800,0.0,0.0,0.0
2004-09-28,46.70333480834961,46.88666534423828,46.44333267211914,46.78666687011719,24.763286590576172,1361100,0.0,0.0,0.0
2004-09-29,46.79999923706055,46.96666717529297,46.66666793823242,46.96666717529297,24.858564376831055,1462500,0.0,0.0,0.0
2004-09-30,47.099998474121094,47.22999954223633,46.91666793823242,47.133331298828125,24.946779251098633,3372000,0.0,0.0,0.0
2004-10-01,47.400001525878906,47.880001068115234,47.400001525878906,47.866668701171875,25.33490753173828,1596300,0.0,0.0,0.0
2004-10-04,47.95000076293945,48.03333282470703,47.766666412353516,47.939998626708984,25.373722076416016,1882500,0.0,0.0,0.0
2004-10-05,47.983333587646484,48.14666748046875,47.86333465576172,47.96666717529297,25.387840270996094,1347000,0.0,0.0,0.0
2004-10-06,47.883331298828125,48.18000030517578,47.733333587646484,48.14666748046875,25.483108520507812,1263300,0.0,0.0,0.0
2004-10-07,48.04999923706055,48.063331604003906,47.75,47.81666564941406,25.308446884155273,1461300,0.0,0.0,0.0
2004-10-08,48.133331298828125,48.29666519165039,48.07666778564453,48.150001525878906,25.48487663269043,2474400,0.0,0.0,0.0
2004-10-11,48.16666793823242,48.266666412353516,48.12666702270508,48.266666412353516,25.5466251373291,651300,0.0,0.0,0.0
2004-10-12,47.43333435058594,47.793331146240234,47.253334045410156,47.71666717529297,25.25551986694336,1691700,0.0,0.0,0.0
2004-10-13,47.65999984741211,47.676666259765625,47.22666549682617,47.383331298828125,25.079090118408203,2155200,0.0,0.0,0.0
2004-10-14,47.59000015258789,48.0,47.116668701171875,47.133331298828125,24.946779251098633,910800,0.0,0.0,0.0
2004-10-15,47.59333419799805,47.93333435058594,47.16666793823242,47.66999816894531,25.23082160949707,1442100,0.0,0.0,0.0
2004-10-18,47.65666580200195,47.866668701171875,47.47999954223633,47.86000061035156,25.331388473510742,1239600,0.0,0.0,0.0
2004-10-19,48.133331298828125,48.19333267211914,47.733333587646484,47.766666412353516,25.281984329223633,2419200,0.0,0.0,0.0
2004-10-20,47.83333206176758,48.30666732788086,47.62666702270508,47.95000076293945,25.379018783569336,2554200,0.0,0.0,0.0
2004-10-21,48.003334045410156,48.29999923706055,47.96666717529297,48.22999954223633,25.527217864990234,1383000,0.0,0.0,0.0
2004-10-22,48.25,48.65666580200195,47.80666732788086,47.93333435058594,25.370195388793945,1916700,0.0,0.0,0.0
2004-10-25,47.983333587646484,48.266666412353516,47.81666564941406,47.883331298828125,25.343725204467773,1527600,0.0,0.0,0.0
2004-10-26,48.04999923706055,48.209999084472656,47.90666580200195,48.150001525878906,25.48487663269043,2247600,0.0,0.0,0.0
2004-10-27,48.223331451416016,48.66666793823242,48.20000076293945,48.650001525878906,25.749507904052734,1210200,0.0,0.0,0.0
2004-10-28,48.68333435058594,48.883331298828125,48.5,48.78333282470703,25.820083618164062,1447200,0.0,0.0,0.0
2004-10-29,48.779998779296875,48.85333251953125,48.586666107177734,48.78333282470703,25.820083618164062,2553300,0.0,0.0,0.0
2004-11-01,48.793331146240234,49.063331604003906,48.793331146240234,48.866668701171875,25.864200592041016,4493400,0.0,0.0,0.0
2004-11-02,49.1966667175293,49.46666717529297,49.10333251953125,49.246665954589844,26.065319061279297,1418700,0.0,0.0,0.0
2004-11-03,49.96333312988281,50.0,49.2400016784668,49.83000183105469,26.374067306518555,1863900,0.0,0.0,0.0
2004-11-04,49.93333435058594,50.56666564941406,49.83333206176758,50.526668548583984,26.7428035736084,2343600,0.0,0.0,0.0
2004-11-05,50.41666793823242,50.81666564941406,50.413333892822266,50.76333236694336,26.868059158325195,2557200,0.0,0.0,0.0
2004-11-08,50.29999923706055,50.483333587646484,50.27000045776367,50.40999984741211,26.681045532226562,1785000,0.0,0.0,0.0
2004-11-09,50.26333236694336,50.41666793823242,50.25,50.28333282470703,26.614009857177734,1497000,0.0,0.0,0.0
2004-11-10,50.380001068115234,50.43000030517578,49.66999816894531,50.186668395996094,26.562847137451172,2506200,0.0,0.0,0.0
2004-11-11,50.413333892822266,50.78333282470703,50.37333297729492,50.733333587646484,26.852182388305664,1201800,0.0,0.0,0.0
2004-11-12,50.86333465576172,51.400001525878906,50.72666549682617,51.33333206176758,27.169748306274414,3053700,0.0,0.0,0.0
2004-11-15,51.266666412353516,51.383331298828125,51.060001373291016,51.383331298828125,27.196224212646484,2940000,0.0,0.0,0.0
2004-11-16,51.040000915527344,51.380001068115234,50.46666717529297,50.95000076293945,26.96685791015625,2542500,0.0,0.0,0.0
2004-11-17,51.496665954589844,51.766666412353516,51.43333435058594,51.599998474121094,27.310894012451172,1379400,0.0,0.0,0.0
2004-11-18,51.47999954223633,51.53666687011719,51.293331146240234,51.483333587646484,27.2491455078125,1743600,0.0,0.0,0.0
2004-11-19,51.71333312988281,51.71666717529297,51.026668548583984,51.150001525878906,27.072721481323242,2092800,0.0,0.0,0.0
2004-11-22,50.9466667175293,51.33333206176758,50.85333251953125,51.29999923706055,27.152111053466797,3271200,0.0,0.0,0.0
2004-11-23,51.33333206176758,51.51333236694336,51.16666793823242,51.400001525878906,27.205049514770508,2788800,0.0,0.0,0.0
2004-11-24,51.496665954589844,51.663333892822266,51.28666687011719,51.633331298828125,27.32855224609375,2311200,0.0,0.0,0.0
2004-11-26,51.95000076293945,52.0966682434082,51.83333206176758,51.93333435058594,27.487327575683594,900300,0.0,0.0,0.0
2004-11-29,52.28333282470703,52.413333892822266,51.96666717529297,52.099998474121094,27.575542449951172,1688700,0.0,0.0,0.0
2004-11-30,52.09333419799805,52.176666259765625,51.66999816894531,51.75,27.390287399291992,2875800,0.0,0.0,0.0
2004-12-01,52.099998474121094,52.650001525878906,52.0,52.650001525878906,27.866636276245117,3296700,0.0,0.0,0.0
2004-12-02,52.70000076293945,52.70000076293945,52.029998779296875,52.56666564941406,27.82253074645996,1785000,0.0,0.0,0.0
2004-12-03,52.630001068115234,52.93333435058594,52.5533332824707,52.880001068115234,27.988380432128906,3707400,0.0,0.0,0.0
2004-12-06,52.6966667175293,53.53333282470703,52.5099983215332,52.55666732788086,27.817235946655273,1775700,0.0,0.0,0.0
2004-12-07,52.866668701171875,53.31666564941406,52.20333480834961,52.27000045776367,27.665517807006836,2475600,0.0,0.0,0.0
2004-12-08,51.93333435058594,52.70000076293945,51.76333236694336,52.233333587646484,27.64609718322754,1833900,0.0,0.0,0.0
2004-12-09,51.599998474121094,52.13999938964844,51.30666732788086,52.016666412353516,27.531435012817383,1636500,0.0,0.0,0.0
2004-12-10,51.233333587646484,51.599998474121094,51.21666717529297,51.50666809082031,27.261497497558594,2391600,0.0,0.0,0.0
2004-12-13,51.95000076293945,52.46666717529297,51.50666809082031,52.28333282470703,27.67256736755371,2657100,0.0,0.0,0.0
2004-12-14,52.163333892822266,52.41666793823242,52.05666732788086,52.29999923706055,27.681386947631836,2719500,0.0,0.0,0.0
2004-12-15,52.56999969482422,52.72999954223633,52.53333282470703,52.616668701171875,27.8489990234375,1904700,0.0,0.0,0.0
2004-12-16,52.41666793823242,52.54999923706055,52.0533332824707,52.28333282470703,27.67256736755371,2297400,0.0,0.0,0.0
2004-12-17,52.14666748046875,52.21666717529297,51.973331451416016,52.133331298828125,27.59317398071289,3940800,0.0,0.0,0.0
2004-12-20,52.880001068115234,53.03333282470703,52.20000076293945,52.61000061035156,27.84547233581543,2919000,0.0,0.0,0.0
2004-12-21,52.746665954589844,52.97999954223633,52.41666793823242,52.97999954223633,28.041309356689453,5990100,0.0,0.0,0.0
2004-12-22,52.97999954223633,53.0966682434082,52.88666534423828,53.060001373291016,28.08364486694336,2148000,0.0,0.0,0.0
2004-12-23,52.563331604003906,52.66666793823242,52.46666717529297,52.599998474121094,28.267974853515625,3845700,0.803,0.0,0.0
2004-12-27,52.89666748046875,53.32666778564453,52.813331604003906,53.01333236694336,28.490100860595703,1929300,0.0,0.0,0.0
2004-12-28,53.15999984741211,53.41666793823242,53.10333251953125,53.366668701171875,28.679990768432617,2246100,0.0,0.0,0.0
2004-12-29,52.8033332824707,53.21666717529297,52.79999923706055,53.11000061035156,28.54206085205078,6386700,0.0,0.0,0.0
2004-12-30,53.21333312988281,53.393333435058594,53.11000061035156,53.116668701171875,28.545639038085938,4646400,0.0,0.0,0.0
2004-12-31,53.33333206176758,53.459999084472656,52.96666717529297,53.41666793823242,28.70686149597168,3647400,0.0,0.0,0.0
2005-01-03,53.39666748046875,53.5,52.93333435058594,53.03333282470703,28.50086212158203,5273700,0.0,0.0,0.0
2005-01-04,52.93000030517578,52.95000076293945,51.87333297729492,52.016666412353516,27.954496383666992,2983800,0.0,0.0,0.0
2005-01-05,52.06666564941406,52.650001525878906,51.689998626708984,51.983333587646484,27.93657684326172,3143700,0.0,0.0,0.0
2005-01-06,52.099998474121094,52.18333435058594,51.86333465576172,51.983333587646484,27.93657684326172,2673300,0.0,0.0,0.0
2005-01-07,52.51333236694336,52.51333236694336,51.73666763305664,51.75,27.81117820739746,2475300,0.0,0.0,0.0
2005-01-10,52.150001525878906,52.21666717529297,51.91666793823242,51.983333587646484,27.93657684326172,1698600,0.0,0.0,0.0
2005-01-11,52.130001068115234,52.130001068115234,51.80666732788086,51.883331298828125,27.88282585144043,2209800,0.0,0.0,0.0
2005-01-12,52.1966667175293,52.36000061035156,51.996665954589844,52.29999923706055,28.10674285888672,2629200,0.0,0.0,0.0
2005-01-13,52.14666748046875,52.16666793823242,51.766666412353516,51.849998474121094,27.864910125732422,1655100,0.0,0.0,0.0
2005-01-14,51.97999954223633,52.18333435058594,51.46666717529297,52.099998474121094,27.999277114868164,2011200,0.0,0.0,0.0
2005-01-18,51.849998474121094,52.21666717529297,51.66666793823242,52.13999938964844,28.0207576751709,3630000,0.0,0.0,0.0
2005-01-19,52.233333587646484,52.3466682434082,51.599998474121094,51.599998474121094,27.730566024780273,2236500,0.0,0.0,0.0
2005-01-20,51.46333312988281,51.5,51.133331298828125,51.25666809082031,27.546045303344727,2893500,0.0,0.0,0.0
2005-01-21,51.53333282470703,51.79999923706055,51.4033317565918,51.459999084472656,27.65532875061035,1255800,0.0,0.0,0.0
2005-01-24,51.61333465576172,51.83000183105469,51.54999923706055,51.54999923706055,27.703685760498047,1333500,0.0,0.0,0.0
2005-01-25,51.60333251953125,51.88666534423828,51.540000915527344,51.56666564941406,27.712650299072266,1710300,0.0,0.0,0.0
2005-01-26,52.163333892822266,52.31666564941406,52.06999969482422,52.189998626708984,28.04763412475586,2575800,0.0,0.0,0.0
2005-01-27,52.08000183105469,52.34333419799805,51.9466667175293,52.266666412353516,28.088830947875977,1803600,0.0,0.0,0.0
2005-01-28,52.1966667175293,52.209999084472656,51.849998474121094,52.150001525878906,28.026145935058594,1708500,0.0,0.0,0.0
2005-01-31,52.16666793823242,52.43333435058594,52.16666793823242,52.400001525878906,28.160490036010742,3236700,0.0,0.0,0.0
2005-02-01,52.383331298828125,52.79999923706055,52.31666564941406,52.72666549682617,28.33605194091797,3320100,0.0,0.0,0.0
2005-02-02,52.866668701171875,52.869998931884766,52.68333435058594,52.79999923706055,28.375465393066406,2643600,0.0,0.0,0.0
2005-02-03,52.46666717529297,52.56666564941406,52.2400016784668,52.51333236694336,28.221403121948242,1950600,0.0,0.0,0.0
2005-02-04,52.503334045410156,52.813331604003906,52.4900016784668,52.78333282470703,28.36649513244629,2401500,0.0,0.0,0.0
2005-02-07,52.68000030517578,52.7400016784668,52.26333236694336,52.45000076293945,28.18737030029297,1713600,0.0,0.0,0.0
2005-02-08,52.313331604003906,52.53333282470703,52.25,52.45000076293945,28.18737030029297,1944000,0.0,0.0,0.0
2005-02-09,52.45000076293945,52.543331146240234,52.30666732788086,52.31666564941406,28.11570930480957,1885200,0.0,0.0,0.0
2005-02-10,52.66666793823242,52.913333892822266,52.63999938964844,52.86000061035156,28.40770149230957,1296000,0.0,0.0,0.0
2005-02-11,52.9466667175293,53.31999969482422,52.86000061035156,53.22666549682617,28.604751586914062,3481800,0.0,0.0,0.0
2005-02-14,53.616668701171875,53.75,53.33333206176758,53.63999938964844,28.826889038085938,2572800,0.0,0.0,0.0
2005-02-15,53.68000030517578,54.01333236694336,53.67333221435547,54.0,29.02035903930664,2157000,0.0,0.0,0.0
2005-02-16,53.67333221435547,53.71666717529297,53.33333206176758,53.52333450317383,28.764192581176758,6873900,0.0,0.0,0.0
2005-02-17,53.689998626708984,53.87666702270508,53.58333206176758,53.633331298828125,28.823305130004883,2853000,0.0,0.0,0.0
2005-02-18,53.849998474121094,53.96333312988281,53.78333282470703,53.900001525878906,28.966615676879883,1808100,0.0,0.0,0.0
2005-02-22,54.016666412353516,54.16666793823242,53.70000076293945,53.77333450317383,28.89854621887207,2227800,0.0,0.0,0.0
2005-02-23,53.71333312988281,53.87333297729492,53.55666732788086,53.79999923706055,28.912874221801758,3172200,0.0,0.0,0.0
2005-02-24,53.86333465576172,53.95333480834961,53.56666564941406,53.883331298828125,28.957651138305664,3470700,0.0,0.0,0.0
2005-02-25,54.15999984741211,54.599998474121094,54.016666412353516,54.5099983215332,29.29443359375,2302800,0.0,0.0,0.0
2005-02-28,54.56666564941406,54.6966667175293,54.209999084472656,54.383331298828125,29.226367950439453,2276400,0.0,0.0,0.0
2005-03-01,54.54666519165039,54.75666809082031,54.5,54.68333435058594,29.387590408325195,2256000,0.0,0.0,0.0
2005-03-02,54.06666564941406,54.46666717529297,54.06666564941406,54.27333450317383,29.167253494262695,3374700,0.0,0.0,0.0
2005-03-03,54.496665954589844,54.563331604003906,54.189998626708984,54.29999923706055,29.181577682495117,2220000,0.0,0.0,0.0
2005-03-04,54.81999969482422,55.36333465576172,54.516666412353516,55.25,29.69213104248047,2952900,0.0,0.0,0.0
2005-03-07,54.9466667175293,55.116668701171875,54.883331298828125,55.016666412353516,29.566730499267578,2007600,0.0,0.0,0.0
2005-03-08,55.24333190917969,55.29999923706055,55.09333419799805,55.16666793823242,29.647342681884766,2472900,0.0,0.0,0.0
2005-03-09,55.18000030517578,55.29666519165039,54.88666534423828,54.91666793823242,29.512977600097656,2828400,0.0,0.0,0.0
2005-03-10,55.163333892822266,55.1966667175293,54.84000015258789,55.0966682434082,29.60972785949707,1933800,0.0,0.0,0.0
2005-03-11,55.1966667175293,55.313331604003906,55.003334045410156,55.08333206176758,29.602556228637695,2505900,0.0,0.0,0.0
2005-03-14,54.813331604003906,54.90666580200195,54.61000061035156,54.90666580200195,29.507606506347656,1933200,0.0,0.0,0.0
2005-03-15,55.06666564941406,55.08333206176758,54.53666687011719,54.56666564941406,29.324901580810547,2351400,0.0,0.0,0.0
2005-03-16,54.900001525878906,54.926666259765625,54.54999923706055,54.630001068115234,29.358922958374023,2791200,0.0,0.0,0.0
2005-03-17,54.48666763305664,54.70333480834961,54.459999084472656,54.56666564941406,29.324901580810547,1601400,0.0,0.0,0.0
2005-03-18,54.5966682434082,54.599998474121094,54.31999969482422,54.456668853759766,29.265771865844727,1447200,0.0,0.0,0.0
2005-03-21,54.313331604003906,54.313331604003906,54.0,54.086666107177734,29.06692886352539,2524500,0.0,0.0,0.0
2005-03-22,54.0533332824707,54.413333892822266,53.4033317565918,53.46666717529297,28.733728408813477,2239800,0.0,0.0,0.0
2005-03-23,53.33000183105469,53.33000183105469,53.0099983215332,53.11000061035156,28.54206085205078,3244800,0.0,0.0,0.0
2005-03-24,53.19333267211914,53.400001525878906,53.099998474121094,53.099998474121094,28.53668785095215,2715900,0.0,0.0,0.0
2005-03-28,53.133331298828125,53.323333740234375,53.099998474121094,53.099998474121094,28.53668785095215,1452300,0.0,0.0,0.0
2005-03-29,52.83333206176758,53.0099983215332,52.45333480834961,52.54999923706055,28.24111557006836,2633400,0.0,0.0,0.0
2005-03-30,52.866668701171875,53.13666534423828,52.836666107177734,52.97999954223633,28.47219467163086,3034200,0.0,0.0,0.0
2005-03-31,53.33000183105469,53.366668701171875,52.87666702270508,52.956668853759766,28.459667205810547,5814300,0.0,0.0,0.0
2005-04-01,53.400001525878906,53.47999954223633,52.70000076293945,52.83333206176758,28.39337730407715,2720700,0.0,0.0,0.0
2005-04-04,52.65999984741211,52.900001525878906,52.47666549682617,52.849998474121094,28.402339935302734,1936800,0.0,0.0,0.0
2005-04-05,52.96666717529297,53.16999816894531,52.91999816894531,53.133331298828125,28.554595947265625,3195000,0.0,0.0,0.0
2005-04-06,53.150001525878906,53.45000076293945,53.10333251953125,53.28333282470703,28.635215759277344,2424300,0.0,0.0,0.0
2005-04-07,53.400001525878906,53.706668853759766,53.400001525878906,53.5,28.751646041870117,1803300,0.0,0.0,0.0
2005-04-08,53.5,53.72999954223633,53.366668701171875,53.5,28.751646041870117,5148000,0.0,0.0,0.0
2005-04-11,53.79666519165039,53.883331298828125,53.59333419799805,53.70000076293945,28.8591365814209,1389000,0.0,0.0,0.0
2005-04-12,53.383331298828125,53.939998626708984,53.16666793823242,53.83333206176758,28.93077850341797,2382600,0.0,0.0,0.0
2005-04-13,53.46666717529297,53.706668853759766,53.21666717529297,53.266666412353516,28.626251220703125,2060400,0.0,0.0,0.0
2005-04-14,53.106666564941406,53.106666564941406,52.56666564941406,52.56666564941406,28.250062942504883,2802900,0.0,0.0,0.0
2005-04-15,52.66666793823242,52.709999084472656,51.91999816894531,51.92333221435547,27.904315948486328,3907800,0.0,0.0,0.0
2005-04-18,51.79999923706055,52.0,51.599998474121094,51.733333587646484,27.802223205566406,4774500,0.0,0.0,0.0
2005-04-19,52.20000076293945,52.46333312988281,52.14666748046875,52.41999816894531,28.17124366760254,2568600,0.0,0.0,0.0
2005-04-20,52.106666564941406,52.31666564941406,51.70000076293945,51.75,27.81117820739746,3272700,0.0,0.0,0.0
2005-04-21,52.33333206176758,52.6966667175293,52.119998931884766,52.686668395996094,28.314552307128906,4253100,0.0,0.0,0.0
2005-04-22,52.599998474121094,52.766666412353516,52.086666107177734,52.5,28.2142391204834,2785200,0.0,0.0,0.0
2005-04-25,52.650001525878906,52.793331146240234,52.5,52.776668548583984,28.362918853759766,1811100,0.0,0.0,0.0
2005-04-26,52.400001525878906,52.43333435058594,52.116668701171875,52.116668701171875,28.008230209350586,2562300,0.0,0.0,0.0
2005-04-27,51.836666107177734,52.063331604003906,51.753334045410156,51.97666549682617,27.932979583740234,2814900,0.0,0.0,0.0
2005-04-28,51.65666580200195,51.84333419799805,51.27000045776367,51.276668548583984,27.55681037902832,2952000,0.0,0.0,0.0
2005-04-29,52.0,52.116668701171875,51.599998474121094,52.099998474121094,27.999277114868164,3655800,0.0,0.0,0.0
2005-05-02,52.016666412353516,52.15999984741211,51.91666793823242,52.08333206176758,27.99030876159668,6243000,0.0,0.0,0.0
2005-05-03,52.11000061035156,52.29999923706055,51.97999954223633,52.1966667175293,28.05121421813965,2449500,0.0,0.0,0.0
2005-05-04,52.45000076293945,52.996665954589844,52.33333206176758,52.81666564941406,28.38442039489746,1389600,0.0,0.0,0.0
2005-05-05,52.96666717529297,53.063331604003906,52.72999954223633,52.893333435058594,28.425621032714844,2568000,0.0,0.0,0.0
2005-05-06,52.883331298828125,52.91666793823242,52.60333251953125,52.663333892822266,28.302013397216797,1951500,0.0,0.0,0.0
2005-05-09,52.58333206176758,52.79666519165039,52.483333587646484,52.78333282470703,28.36649513244629,2148900,0.0,0.0,0.0
2005-05-10,52.366668701171875,52.46666717529297,52.04999923706055,52.04999923706055,27.972396850585938,3199500,0.0,0.0,0.0
2005-05-11,52.26333236694336,52.34000015258789,51.99333190917969,52.28333282470703,28.097795486450195,1905000,0.0,0.0,0.0
2005-05-12,51.9900016784668,52.04999923706055,51.53333282470703,51.633331298828125,27.74848175048828,5169600,0.0,0.0,0.0
2005-05-13,51.58333206176758,51.663333892822266,51.119998931884766,51.33333206176758,27.587249755859375,2818800,0.0,0.0,0.0
2005-05-16,51.150001525878906,51.58000183105469,51.13666534423828,51.540000915527344,27.698318481445312,4869000,0.0,0.0,0.0
2005-05-17,51.18333435058594,51.59333419799805,51.133331298828125,51.53333282470703,27.69472885131836,3548100,0.0,0.0,0.0
2005-05-18,51.54999923706055,52.253334045410156,51.50666809082031,52.116668701171875,28.008230209350586,3137100,0.0,0.0,0.0
2005-05-19,51.973331451416016,52.163333892822266,51.93333435058594,52.1533317565918,28.027929306030273,1799400,0.0,0.0,0.0
2005-05-20,51.83333206176758,51.959999084472656,51.63999938964844,51.93333435058594,27.909700393676758,2433900,0.0,0.0,0.0
2005-05-23,52.06666564941406,52.426666259765625,52.003334045410156,52.36333465576172,28.14079475402832,3382800,0.0,0.0,0.0
2005-05-24,52.25,52.293331146240234,52.11000061035156,52.22666549682617,28.067340850830078,3470400,0.0,0.0,0.0
2005-05-25,52.1966667175293,52.1966667175293,51.926666259765625,52.08333206176758,27.99030876159668,3068400,0.0,0.0,0.0
2005-05-26,52.00666809082031,52.15999984741211,51.96666717529297,52.116668701171875,28.008230209350586,3284700,0.0,0.0,0.0
2005-05-27,52.18333435058594,52.36333465576172,52.09333419799805,52.33333206176758,28.12467384338379,2327100,0.0,0.0,0.0
2005-05-31,51.96333312988281,51.99333190917969,51.599998474121094,51.650001525878906,27.757431030273438,5366100,0.0,0.0,0.0
2005-06-01,51.686668395996094,52.116668701171875,51.686668395996094,51.96333312988281,27.925827026367188,2512500,0.0,0.0,0.0
2005-06-02,52.086666107177734,52.41666793823242,52.03666687011719,52.40666580200195,28.16408348083496,1892400,0.0,0.0,0.0
2005-06-03,52.21666717529297,52.313331604003906,51.82666778564453,51.91666793823242,27.900745391845703,1814700,0.0,0.0,0.0
2005-06-06,52.206668853759766,52.29666519165039,52.10333251953125,52.2599983215332,28.08525276184082,1891500,0.0,0.0,0.0
2005-06-07,52.473331451416016,52.73666763305664,52.44333267211914,52.526668548583984,28.228567123413086,3360600,0.0,0.0,0.0
2005-06-08,52.81666564941406,52.87666702270508,52.28333282470703,52.33333206176758,28.12467384338379,4509600,0.0,0.0,0.0
2005-06-09,52.18000030517578,52.599998474121094,52.130001068115234,52.540000915527344,28.235734939575195,2432300,0.0,3.0,0.0
2005-06-10,52.630001068115234,52.65999984741211,52.08000183105469,52.34000015258789,28.128246307373047,3986200,0.0,0.0,0.0
2005-06-13,51.959999084472656,52.209999084472656,51.849998474121094,52.15999984741211,28.03151512145996,1466900,0.0,0.0,0.0
2005-06-14,52.119998931884766,52.2599983215332,52.02000045776367,52.099998474121094,27.999277114868164,1955100,0.0,0.0,0.0
2005-06-15,52.349998474121094,52.5,52.099998474121094,52.40999984741211,28.165874481201172,3046500,0.0,0.0,0.0
2005-06-16,52.599998474121094,52.70000076293945,52.36000061035156,52.58000183105469,28.257232666015625,4516400,0.0,0.0,0.0
2005-06-17,53.06999969482422,53.439998626708984,53.060001373291016,53.369998931884766,28.68178939819336,2686500,0.0,0.0,0.0
2005-06-20,52.869998931884766,53.029998779296875,52.58000183105469,52.869998931884766,28.41307830810547,1714000,0.0,0.0,0.0
2005-06-21,52.869998931884766,53.279998779296875,52.75,53.27000045776367,28.628036499023438,1552400,0.0,0.0,0.0
2005-06-22,53.150001525878906,53.2400016784668,52.95000076293945,53.11000061035156,28.54206085205078,1439300,0.0,0.0,0.0
2005-06-23,52.95000076293945,53.060001373291016,52.470001220703125,52.5099983215332,28.219606399536133,2070900,0.0,0.0,0.0
2005-06-24,52.689998626708984,52.72999954223633,52.45000076293945,52.5,28.2142391204834,1790800,0.0,0.0,0.0
2005-06-27,52.380001068115234,52.54999923706055,52.2599983215332,52.380001068115234,28.149751663208008,2304000,0.0,0.0,0.0
2005-06-28,52.349998474121094,52.79999923706055,52.349998474121094,52.68000030517578,28.310970306396484,1779500,0.0,0.0,0.0
2005-06-29,52.540000915527344,52.75,52.400001525878906,52.459999084472656,28.1927433013916,4981800,0.0,0.0,0.0
2005-06-30,52.5099983215332,52.72999954223633,52.22999954223633,52.38999938964844,28.155115127563477,2959400,0.0,0.0,0.0
2005-07-01,52.45000076293945,52.650001525878906,52.27000045776367,52.31999969482422,28.11750602722168,2779400,0.0,0.0,0.0
2005-07-05,51.95000076293945,52.45000076293945,51.95000076293945,52.380001068115234,28.149751663208008,3690000,0.0,0.0,0.0
2005-07-06,52.349998474121094,52.5099983215332,52.119998931884766,52.2400016784668,28.074514389038086,1836900,0.0,0.0,0.0
2005-07-07,51.279998779296875,52.099998474121094,51.2400016784668,51.95000076293945,27.918663024902344,4927400,0.0,0.0,0.0
2005-07-08,52.029998779296875,52.650001525878906,51.95000076293945,52.650001525878906,28.29484748840332,4205300,0.0,0.0,0.0
2005-07-11,52.790000915527344,53.150001525878906,52.650001525878906,53.029998779296875,28.499059677124023,2530600,0.0,0.0,0.0
2005-07-12,53.380001068115234,53.689998626708984,53.20000076293945,53.58000183105469,28.794641494750977,1680200,0.0,0.0,0.0
2005-07-13,53.18000030517578,53.29999923706055,52.9900016784668,53.150001525878906,28.56355857849121,5145700,0.0,0.0,0.0
2005-07-14,53.459999084472656,53.61000061035156,53.2400016784668,53.29999923706055,28.644166946411133,2711100,0.0,0.0,0.0
2005-07-15,53.099998474121094,53.310001373291016,53.0099983215332,53.15999984741211,28.568925857543945,2391700,0.0,0.0,0.0
2005-07-18,53.150001525878906,53.27000045776367,53.0,53.0099983215332,28.488317489624023,1931900,0.0,0.0,0.0
2005-07-19,52.88999938964844,53.25,52.79999923706055,53.130001068115234,28.55280876159668,1868000,0.0,0.0,0.0
2005-07-20,53.099998474121094,53.709999084472656,52.7599983215332,53.4900016784668,28.746274948120117,2667900,0.0,0.0,0.0
2005-07-21,53.68000030517578,53.91999816894531,53.33000183105469,53.599998474121094,28.805387496948242,2875400,0.0,0.0,0.0
2005-07-22,53.630001068115234,53.630001068115234,53.25,53.54999923706055,28.77851676940918,1609300,0.0,0.0,0.0
2005-07-25,53.380001068115234,53.540000915527344,53.310001373291016,53.400001525878906,28.697906494140625,2713700,0.0,0.0,0.0
2005-07-26,53.279998779296875,53.41999816894531,53.15999984741211,53.2400016784668,28.611919403076172,2755800,0.0,0.0,0.0
2005-07-27,53.61000061035156,53.88999938964844,53.40999984741211,53.849998474121094,28.939741134643555,2259700,0.0,0.0,0.0
2005-07-28,53.91999816894531,54.2599983215332,53.7599983215332,54.220001220703125,29.138587951660156,3058500,0.0,0.0,0.0
2005-07-29,54.130001068115234,54.220001220703125,53.900001525878906,53.959999084472656,28.998863220214844,3734500,0.0,0.0,0.0
2005-08-01,54.59000015258789,54.65999984741211,54.38999938964844,54.4900016784668,29.2836856842041,4786100,0.0,0.0,0.0
2005-08-02,54.79999923706055,54.9900016784668,54.70000076293945,54.880001068115234,29.49327850341797,2443700,0.0,0.0,0.0
2005-08-03,55.099998474121094,55.31999969482422,55.02000045776367,55.290000915527344,29.713623046875,1682100,0.0,0.0,0.0
2005-08-04,54.959999084472656,55.279998779296875,54.83000183105469,54.84000015258789,29.471792221069336,2716800,0.0,0.0,0.0
2005-08-05,54.90999984741211,54.90999984741211,54.41999816894531,54.63999938964844,29.36429214477539,1971000,0.0,0.0,0.0
2005-08-08,55.099998474121094,55.11000061035156,54.70000076293945,54.77000045776367,29.434165954589844,2064000,0.0,0.0,0.0
2005-08-09,55.16999816894531,55.540000915527344,55.099998474121094,55.470001220703125,29.810348510742188,2101000,0.0,0.0,0.0
2005-08-10,56.029998779296875,56.279998779296875,55.70000076293945,55.849998474121094,30.01457405090332,1998200,0.0,0.0,0.0
2005-08-11,56.31999969482422,56.779998779296875,56.31999969482422,56.75,30.498241424560547,1175700,0.0,0.0,0.0
2005-08-12,56.400001525878906,56.599998474121094,56.20000076293945,56.400001525878906,30.310144424438477,1606600,0.0,0.0,0.0
2005-08-15,56.29999923706055,56.61000061035156,56.25,56.5,30.363889694213867,1636600,0.0,0.0,0.0
2005-08-16,56.29999923706055,56.29999923706055,55.810001373291016,55.88999938964844,30.036075592041016,2163600,0.0,0.0,0.0
2005-08-17,55.72999954223633,55.9900016784668,55.70000076293945,55.75,29.960826873779297,2994700,0.0,0.0,0.0
2005-08-18,55.31999969482422,55.31999969482422,55.04999923706055,55.150001525878906,29.638378143310547,1395300,0.0,0.0,0.0
2005-08-19,55.439998626708984,55.599998474121094,55.36000061035156,55.41999816894531,29.783475875854492,920400,0.0,0.0,0.0
2005-08-22,55.95000076293945,56.20000076293945,55.810001373291016,56.029998779296875,30.111312866210938,1383500,0.0,0.0,0.0
2005-08-23,55.54999923706055,55.849998474121094,55.5,55.790000915527344,29.98232650756836,1682000,0.0,0.0,0.0
2005-08-24,55.599998474121094,55.7400016784668,55.20000076293945,55.20000076293945,29.665254592895508,1171500,0.0,0.0,0.0
2005-08-25,55.470001220703125,55.619998931884766,55.369998931884766,55.40999984741211,29.778121948242188,1069700,0.0,0.0,0.0
2005-08-26,55.59000015258789,55.68000030517578,55.15999984741211,55.22999954223633,29.68137550354004,2065900,0.0,0.0,0.0
2005-08-29,55.0,55.25,54.90999984741211,55.20000076293945,29.665254592895508,1701500,0.0,0.0,0.0
2005-08-30,54.97999954223633,55.040000915527344,54.709999084472656,55.040000915527344,29.57927131652832,1669300,0.0,0.0,0.0
2005-08-31,55.27000045776367,56.04999923706055,55.20000076293945,56.029998779296875,30.111312866210938,2073600,0.0,0.0,0.0
2005-09-01,56.470001220703125,56.880001068115234,56.41999816894531,56.70000076293945,30.47138214111328,2482600,0.0,0.0,0.0
2005-09-02,56.880001068115234,57.040000915527344,56.79999923706055,56.900001525878906,30.578855514526367,2426400,0.0,0.0,0.0
2005-09-06,57.400001525878906,57.68000030517578,57.310001373291016,57.599998474121094,30.95505142211914,1571100,0.0,0.0,0.0
2005-09-07,57.290000915527344,57.5,57.189998626708984,57.439998626708984,30.86905860900879,2873600,0.0,0.0,0.0
2005-09-08,57.16999816894531,57.220001220703125,56.91999816894531,57.0,30.632593154907227,1847100,0.0,0.0,0.0
2005-09-09,57.470001220703125,57.83000183105469,57.400001525878906,57.75,31.035648345947266,1313600,0.0,0.0,0.0
2005-09-12,57.36000061035156,57.470001220703125,57.27000045776367,57.29999923706055,30.7938232421875,1162200,0.0,0.0,0.0
2005-09-13,57.08000183105469,57.150001525878906,56.81999969482422,56.90999984741211,30.584224700927734,2819700,0.0,0.0,0.0
2005-09-14,57.08000183105469,57.25,56.91999816894531,56.95000076293945,30.605728149414062,1404200,0.0,0.0,0.0
2005-09-15,57.150001525878906,57.150001525878906,56.90999984741211,56.9900016784668,30.62723159790039,2431700,0.0,0.0,0.0
2005-09-16,57.380001068115234,57.650001525878906,57.209999084472656,57.630001068115234,30.971168518066406,1952800,0.0,0.0,0.0
2005-09-19,57.34000015258789,57.34000015258789,57.060001373291016,57.25,30.76695442199707,3151000,0.0,0.0,0.0
2005-09-20,57.5,57.650001525878906,56.900001525878906,57.040000915527344,30.654102325439453,1926100,0.0,0.0,0.0
2005-09-21,57.439998626708984,57.47999954223633,57.0099983215332,57.099998474121094,30.686336517333984,2342400,0.0,0.0,0.0
2005-09-22,57.04999923706055,57.119998931884766,56.77000045776367,57.040000915527344,30.654102325439453,2868600,0.0,0.0,0.0
2005-09-23,56.83000183105469,56.970001220703125,56.650001525878906,56.79999923706055,30.525114059448242,2273500,0.0,0.0,0.0
2005-09-26,57.31999969482422,57.56999969482422,57.189998626708984,57.41999816894531,30.85830307006836,3019800,0.0,0.0,0.0
2005-09-27,57.150001525878906,57.400001525878906,56.93000030517578,57.20000076293945,30.740074157714844,1901900,0.0,0.0,0.0
2005-09-28,57.70000076293945,57.88999938964844,57.560001373291016,57.790000915527344,31.057151794433594,3054500,0.0,0.0,0.0
2005-09-29,57.970001220703125,58.56999969482422,57.880001068115234,58.47999954223633,31.4279727935791,2540400,0.0,0.0,0.0
2005-09-30,57.970001220703125,58.220001220703125,57.869998931884766,58.099998474121094,31.223756790161133,2702900,0.0,0.0,0.0
2005-10-03,57.91999816894531,58.0,57.72999954223633,57.900001525878906,31.116281509399414,1985900,0.0,0.0,0.0
2005-10-04,57.9900016784668,58.209999084472656,57.5099983215332,57.52000045776367,30.912065505981445,2071900,0.0,0.0,0.0
2005-10-05,57.599998474121094,57.650001525878906,56.9900016784668,57.02000045776367,30.643352508544922,2813000,0.0,0.0,0.0
2005-10-06,57.0,57.18000030517578,56.33000183105469,56.75,30.498241424560547,3380300,0.0,0.0,0.0
2005-10-07,57.0,57.08000183105469,56.79999923706055,56.95000076293945,30.605728149414062,1555800,0.0,0.0,0.0
2005-10-10,56.9900016784668,57.04999923706055,56.5099983215332,56.66999816894531,30.45525550842285,1096400,0.0,0.0,0.0
2005-10-11,57.060001373291016,57.130001068115234,56.65999984741211,56.7400016784668,30.492876052856445,1497800,0.0,0.0,0.0
2005-10-12,56.849998474121094,56.93000030517578,56.22999954223633,56.36000061035156,30.288652420043945,3101400,0.0,0.0,0.0
2005-10-13,55.93000030517578,56.33000183105469,55.619998931884766,56.2400016784668,30.224159240722656,2196500,0.0,0.0,0.0
2005-10-14,56.310001373291016,56.84000015258789,56.15999984741211,56.77000045776367,30.508989334106445,1748600,0.0,0.0,0.0
2005-10-17,56.2400016784668,56.33000183105469,56.0099983215332,56.20000076293945,30.20265769958496,2955500,0.0,0.0,0.0
2005-10-18,55.7599983215332,55.849998474121094,55.470001220703125,55.54999923706055,29.85335350036621,3051300,0.0,0.0,0.0
2005-10-19,54.95000076293945,56.0,54.88999938964844,56.0,30.09518814086914,2472800,0.0,0.0,0.0
2005-10-20,55.439998626708984,55.459999084472656,54.54999923706055,54.720001220703125,29.407291412353516,2368500,0.0,0.0,0.0
2005-10-21,55.15999984741211,55.33000183105469,54.779998779296875,54.959999084472656,29.536270141601562,1385300,0.0,0.0,0.0
2005-10-24,55.220001220703125,55.83000183105469,55.150001525878906,55.81999969482422,29.998451232910156,2223400,0.0,0.0,0.0
2005-10-25,55.880001068115234,56.13999938964844,55.59000015258789,55.880001068115234,30.03068733215332,2192200,0.0,0.0,0.0
2005-10-26,55.95000076293945,56.25,55.70000076293945,55.779998779296875,29.97694969177246,3255800,0.0,0.0,0.0
2005-10-27,56.25,56.29999923706055,55.599998474121094,55.66999816894531,29.917837142944336,1573000,0.0,0.0,0.0
2005-10-28,55.79999923706055,56.20000076293945,55.56999969482422,56.150001525878906,30.175806045532227,3726800,0.0,0.0,0.0
2005-10-31,56.349998474121094,56.619998931884766,56.20000076293945,56.25,30.22954559326172,4862900,0.0,0.0,0.0
2005-11-01,56.689998626708984,56.84000015258789,56.5,56.72999954223633,30.487491607666016,2795300,0.0,0.0,0.0
2005-11-02,56.650001525878906,57.5099983215332,56.63999938964844,57.5099983215332,30.906681060791016,3075900,0.0,0.0,0.0
2005-11-03,57.58000183105469,57.70000076293945,57.279998779296875,57.47999954223633,30.890554428100586,2471300,0.0,0.0,0.0
2005-11-04,57.41999816894531,57.459999084472656,56.709999084472656,56.95000076293945,30.605728149414062,1951400,0.0,0.0,0.0
2005-11-07,57.04999923706055,57.34000015258789,56.900001525878906,57.279998779296875,30.783065795898438,1630300,0.0,0.0,0.0
2005-11-08,57.040000915527344,57.25,56.91999816894531,57.13999938964844,30.707834243774414,3971600,0.0,0.0,0.0
2005-11-09,56.869998931884766,57.20000076293945,56.720001220703125,57.099998474121094,30.686336517333984,3981500,0.0,0.0,0.0
2005-11-10,57.0,57.130001068115234,56.599998474121094,57.029998779296875,30.648725509643555,2539600,0.0,0.0,0.0
2005-11-11,56.9900016784668,57.36000061035156,56.9900016784668,57.33000183105469,30.809946060180664,1850000,0.0,0.0,0.0
2005-11-14,57.22999954223633,57.22999954223633,56.77000045776367,56.9900016784668,30.62723159790039,2313900,0.0,0.0,0.0
2005-11-15,56.65999984741211,56.900001525878906,56.040000915527344,56.68000030517578,30.460630416870117,2382200,0.0,0.0,0.0
2005-11-16,56.47999954223633,56.59000015258789,56.33000183105469,56.58000183105469,30.406885147094727,1761000,0.0,0.0,0.0
2005-11-17,57.0,57.54999923706055,57.0,57.54999923706055,30.928176879882812,2169700,0.0,0.0,0.0
2005-11-18,57.790000915527344,57.95000076293945,57.369998931884766,57.95000076293945,31.143146514892578,5674400,0.0,0.0,0.0
2005-11-21,57.9900016784668,58.09000015258789,57.68000030517578,58.029998779296875,31.186128616333008,2170100,0.0,0.0,0.0
2005-11-22,57.529998779296875,58.2599983215332,57.43000030517578,58.220001220703125,31.288244247436523,2834400,0.0,0.0,0.0
2005-11-23,58.20000076293945,58.54999923706055,58.13999938964844,58.5,31.438709259033203,3026800,0.0,0.0,0.0
2005-11-25,58.13999938964844,58.25,57.849998474121094,57.939998626708984,31.137773513793945,2582900,0.0,0.0,0.0
2005-11-28,58.119998931884766,58.2400016784668,57.849998474121094,58.09000015258789,31.2183780670166,3798500,0.0,0.0,0.0
2005-11-29,58.16999816894531,58.209999084472656,57.900001525878906,58.0,31.17000961303711,2672700,0.0,0.0,0.0
2005-11-30,57.880001068115234,57.93000030517578,57.439998626708984,57.54999923706055,30.928176879882812,4958500,0.0,0.0,0.0
2005-12-01,58.16999816894531,58.650001525878906,58.099998474121094,58.630001068115234,31.508588790893555,2846500,0.0,0.0,0.0
2005-12-02,58.66999816894531,58.86000061035156,58.45000076293945,58.849998474121094,31.62681770324707,2407900,0.0,0.0,0.0
2005-12-05,59.209999084472656,59.209999084472656,58.70000076293945,59.11000061035156,31.76654624938965,1974800,0.0,0.0,0.0
2005-12-06,59.209999084472656,59.59000015258789,59.0099983215332,59.290000915527344,31.863269805908203,2462800,0.0,0.0,0.0
2005-12-07,59.209999084472656,59.22999954223633,58.689998626708984,58.900001525878906,31.653688430786133,2433700,0.0,0.0,0.0
2005-12-08,58.88999938964844,59.279998779296875,58.65999984741211,58.88999938964844,31.648311614990234,6019200,0.0,0.0,0.0
2005-12-09,59.25,59.540000915527344,59.20000076293945,59.47999954223633,31.96537971496582,2044400,0.0,0.0,0.0
2005-12-12,60.13999938964844,60.25,60.0,60.22999954223633,32.36845397949219,2521200,0.0,0.0,0.0
2005-12-13,60.15999984741211,60.599998474121094,60.0099983215332,60.52000045776367,32.52430725097656,2861000,0.0,0.0,0.0
2005-12-14,60.400001525878906,60.619998931884766,60.29999923706055,60.4900016784668,32.50817108154297,1811000,0.0,0.0,0.0
2005-12-15,60.279998779296875,60.279998779296875,59.77000045776367,59.93000030517578,32.20722579956055,5016800,0.0,0.0,0.0
2005-12-16,60.400001525878906,60.599998474121094,60.29999923706055,60.400001525878906,32.459808349609375,2155700,0.0,0.0,0.0
2005-12-19,60.66999816894531,60.66999816894531,60.20000076293945,60.290000915527344,32.40068054199219,2335400,0.0,0.0,0.0
2005-12-20,60.41999816894531,60.45000076293945,60.13999938964844,60.29999923706055,32.406063079833984,3313900,0.0,0.0,0.0
2005-12-21,60.58000183105469,60.650001525878906,60.279998779296875,60.59000015258789,32.56191635131836,4912400,0.0,0.0,0.0
2005-12-22,60.689998626708984,60.95000076293945,59.59000015258789,60.939998626708984,32.75001907348633,2659000,0.0,0.0,0.0
2005-12-23,59.58000183105469,59.79999923706055,59.5099983215332,59.79999923706055,32.73358917236328,2142700,1.11,0.0,0.0
2005-12-27,59.900001525878906,59.900001525878906,59.119998931884766,59.25,32.432518005371094,3543800,0.0,0.0,0.0
2005-12-28,59.84000015258789,60.0,59.52000045776367,59.68000030517578,32.667903900146484,3248600,0.0,0.0,0.0
2005-12-29,59.79999923706055,59.9900016784668,59.619998931884766,59.70000076293945,32.6788444519043,6123300,0.0,0.0,0.0
2005-12-30,59.349998474121094,59.470001220703125,59.04999923706055,59.43000030517578,32.53105926513672,4236600,0.0,0.0,0.0
2006-01-03,60.5,61.470001220703125,60.279998779296875,61.41999816894531,33.62035369873047,7778500,0.0,0.0,0.0
2006-01-04,61.650001525878906,61.970001220703125,61.540000915527344,61.93000030517578,33.89950942993164,5231500,0.0,0.0,0.0
2006-01-05,61.619998931884766,61.72999954223633,61.47999954223633,61.619998931884766,33.72983169555664,4953800,0.0,0.0,0.0
2006-01-06,62.15999984741211,62.5,61.9900016784668,62.45000076293945,34.18416213989258,5326600,0.0,0.0,0.0
2006-01-09,62.369998931884766,62.47999954223633,62.189998626708984,62.47999954223633,34.2005729675293,3057200,0.0,0.0,0.0
2006-01-10,61.4900016784668,61.91999816894531,61.4900016784668,61.91999816894531,33.8940544128418,3608400,0.0,0.0,0.0
2006-01-11,61.88999938964844,62.47999954223633,61.88999938964844,62.45000076293945,34.18416213989258,4077000,0.0,0.0,0.0
2006-01-12,62.099998474121094,62.25,61.81999969482422,61.939998626708984,33.90498733520508,3438400,0.0,0.0,0.0
2006-01-13,61.790000915527344,62.86000061035156,61.75,62.18000030517578,34.03636169433594,2582100,0.0,0.0,0.0
2006-01-17,61.189998626708984,61.40999984741211,61.06999969482422,61.400001525878906,33.60940933227539,3501700,0.0,0.0,0.0
2006-01-18,60.66999816894531,60.86000061035156,60.27000045776367,60.56999969482422,33.15507125854492,3444800,0.0,0.0,0.0
2006-01-19,60.93000030517578,61.34000015258789,60.86000061035156,61.2599983215332,33.53276824951172,5194300,0.0,0.0,0.0
2006-01-20,61.400001525878906,61.45000076293945,60.209999084472656,60.33000183105469,33.02370071411133,5101100,0.0,0.0,0.0
2006-01-23,60.970001220703125,61.2599983215332,60.86000061035156,61.16999816894531,33.48350524902344,5957000,0.0,0.0,0.0
2006-01-24,61.220001220703125,61.779998779296875,61.15999984741211,61.47999954223633,33.65317916870117,3037100,0.0,0.0,0.0
2006-01-25,61.70000076293945,61.849998474121094,61.400001525878906,61.689998626708984,33.76814651489258,3563000,0.0,0.0,0.0
2006-01-26,62.220001220703125,62.59000015258789,62.119998931884766,62.41999816894531,34.1677360534668,3474100,0.0,0.0,0.0
2006-01-27,62.88999938964844,63.08000183105469,62.45000076293945,62.75,34.34837341308594,3571300,0.0,0.0,0.0
2006-01-30,62.720001220703125,62.849998474121094,62.619998931884766,62.79999923706055,34.37574005126953,3050100,0.0,0.0,0.0
2006-01-31,62.86000061035156,63.220001220703125,62.70000076293945,62.86000061035156,34.40858459472656,3681800,0.0,0.0,0.0
2006-02-01,62.880001068115234,63.209999084472656,62.83000183105469,63.04999923706055,34.51258850097656,4100900,0.0,0.0,0.0
2006-02-02,62.77000045776367,62.9900016784668,62.25,62.34000015258789,34.12393569946289,4136500,0.0,0.0,0.0
2006-02-03,61.93000030517578,62.45000076293945,61.81999969482422,62.18000030517578,34.03636169433594,7103400,0.0,0.0,0.0
2006-02-06,62.36000061035156,62.36000061035156,61.88999938964844,62.09000015258789,33.98710632324219,2528900,0.0,0.0,0.0
2006-02-07,62.02000045776367,62.130001068115234,61.43000030517578,61.630001068115234,33.73529815673828,3779000,0.0,0.0,0.0
2006-02-08,61.5,61.9900016784668,61.279998779296875,61.849998474121094,33.8557243347168,4463400,0.0,0.0,0.0
2006-02-09,62.119998931884766,62.4900016784668,61.880001068115234,61.970001220703125,33.921409606933594,3885000,0.0,0.0,0.0
2006-02-10,62.18000030517578,62.20000076293945,61.4900016784668,61.83000183105469,33.84477996826172,2125000,0.0,0.0,0.0
2006-02-13,61.29999923706055,61.599998474121094,61.25,61.400001525878906,33.60940933227539,3482600,0.0,0.0,0.0
2006-02-14,61.29999923706055,62.9900016784668,61.27000045776367,62.08000183105469,33.98162841796875,3066500,0.0,0.0,0.0
2006-02-15,61.709999084472656,62.0,61.27000045776367,61.52000045776367,33.67508316040039,6430600,0.0,0.0,0.0
2006-02-16,61.58000183105469,62.150001525878906,61.470001220703125,62.11000061035156,33.99803924560547,2418100,0.0,0.0,0.0
2006-02-17,61.650001525878906,62.130001068115234,61.54999923706055,61.93000030517578,33.89950942993164,6936300,0.0,0.0,0.0
2006-02-21,62.150001525878906,62.290000915527344,61.849998474121094,61.939998626708984,33.90498733520508,2872600,0.0,0.0,0.0
2006-02-22,62.099998474121094,62.5,61.93000030517578,62.40999984741211,34.16226577758789,6620200,0.0,0.0,0.0
2006-02-23,62.72999954223633,62.83000183105469,62.40999984741211,62.56999969482422,34.24985885620117,3203900,0.0,0.0,0.0
2006-02-24,62.70000076293945,62.869998931884766,62.59000015258789,62.779998779296875,34.36478805541992,3580600,0.0,0.0,0.0
2006-02-27,62.91999816894531,63.150001525878906,62.83000183105469,63.0,34.4852180480957,2755700,0.0,0.0,0.0
2006-02-28,62.779998779296875,62.84000015258789,62.400001525878906,62.41999816894531,34.1677360534668,11384100,0.0,0.0,0.0
2006-03-01,62.869998931884766,63.150001525878906,62.68000030517578,63.060001373291016,34.51806640625,4076900,0.0,0.0,0.0
2006-03-02,62.650001525878906,62.95000076293945,62.40999984741211,62.939998626708984,34.45237731933594,2822200,0.0,0.0,0.0
2006-03-03,62.47999954223633,62.970001220703125,62.380001068115234,62.68000030517578,34.31006622314453,5237600,0.0,0.0,0.0
2006-03-06,62.90999984741211,62.90999984741211,62.310001373291016,62.439998626708984,34.17868423461914,2946500,0.0,0.0,0.0
2006-03-07,61.75,62.400001525878906,61.5099983215332,61.68000030517578,33.76267623901367,3858200,0.0,0.0,0.0
2006-03-08,61.5099983215332,61.97999954223633,61.36000061035156,61.88999938964844,33.877620697021484,2873700,0.0,0.0,0.0
2006-03-09,62.18000030517578,62.31999969482422,61.810001373291016,61.81999969482422,33.83930206298828,4765700,0.0,0.0,0.0
2006-03-10,62.119998931884766,62.810001373291016,61.90999984741211,62.7599983215332,34.353843688964844,3744300,0.0,0.0,0.0
2006-03-13,63.119998931884766,63.29999923706055,63.0,63.279998779296875,34.63848876953125,2515800,0.0,0.0,0.0
2006-03-14,63.25,64.05000305175781,63.150001525878906,63.95000076293945,35.00522994995117,3769000,0.0,0.0,0.0
2006-03-15,64.05999755859375,64.20999908447266,63.72999954223633,64.18000030517578,35.131126403808594,5171500,0.0,0.0,0.0
2006-03-16,64.0999984741211,64.55999755859375,64.0199966430664,64.38999938964844,35.2460823059082,3464200,0.0,0.0,0.0
2006-03-17,64.5999984741211,64.69999694824219,64.30999755859375,64.69999694824219,35.415775299072266,2797000,0.0,0.0,0.0
2006-03-20,65.01000213623047,65.04000091552734,64.63999938964844,64.83000183105469,35.486934661865234,2259000,0.0,0.0,0.0
2006-03-21,64.52999877929688,64.6500015258789,64.05000305175781,64.16000366210938,35.120182037353516,4341300,0.0,0.0,0.0
2006-03-22,64.4800033569336,64.9000015258789,64.37000274658203,64.76000213623047,35.4486198425293,3161400,0.0,0.0,0.0
2006-03-23,64.4000015258789,64.44000244140625,63.77000045776367,63.97999954223633,35.02165603637695,5467700,0.0,0.0,0.0
2006-03-24,64.06999969482422,64.5199966430664,63.939998626708984,64.48999786376953,35.300819396972656,3362600,0.0,0.0,0.0
2006-03-27,64.36000061035156,64.47000122070312,64.0999984741211,64.37999725341797,35.2406120300293,4893200,0.0,0.0,0.0
2006-03-28,64.33999633789062,64.5199966430664,63.650001525878906,63.7599983215332,34.90123748779297,3977600,0.0,0.0,0.0
2006-03-29,64.05000305175781,64.68000030517578,63.970001220703125,64.5999984741211,35.36103057861328,2738000,0.0,0.0,0.0
2006-03-30,64.87000274658203,65.5199966430664,64.86000061035156,65.37999725341797,35.78799057006836,5073200,0.0,0.0,0.0
2006-03-31,65.05000305175781,65.11000061035156,64.81999969482422,64.91999816894531,35.53619384765625,5380100,0.0,0.0,0.0
2006-04-03,65.18000030517578,65.86000061035156,65.12000274658203,65.62999725341797,35.924835205078125,6945100,0.0,0.0,0.0
2006-04-04,65.80000305175781,66.16999816894531,65.73999786376953,66.1500015258789,36.209468841552734,3560600,0.0,0.0,0.0
2006-04-05,66.16999816894531,66.58000183105469,66.05000305175781,66.37000274658203,36.32990264892578,3615600,0.0,0.0,0.0
2006-04-06,66.44999694824219,66.69999694824219,66.1500015258789,66.43000030517578,36.362754821777344,2806400,0.0,0.0,0.0
2006-04-07,66.41999816894531,66.86000061035156,65.51000213623047,65.66999816894531,35.94674301147461,4531900,0.0,0.0,0.0
2006-04-10,65.8499984741211,65.94999694824219,65.62999725341797,65.79000091552734,36.012420654296875,3222100,0.0,0.0,0.0
2006-04-11,65.8499984741211,65.9000015258789,65.1500015258789,65.3499984741211,35.77156448364258,5924600,0.0,0.0,0.0
2006-04-12,65.16000366210938,65.31999969482422,64.87000274658203,65.02999877929688,35.59640121459961,6929500,0.0,0.0,0.0
2006-04-13,64.97000122070312,65.27999877929688,64.87999725341797,65.19999694824219,35.689456939697266,3974900,0.0,0.0,0.0
2006-04-17,65.56999969482422,65.7699966430664,65.31999969482422,65.5,35.85368347167969,2309400,0.0,0.0,0.0
2006-04-18,66.06999969482422,66.8499984741211,65.6500015258789,66.83999633789062,36.58717727661133,4494100,0.0,0.0,0.0
2006-04-19,66.62000274658203,67.33000183105469,66.48999786376953,67.30000305175781,36.83897399902344,3753900,0.0,0.0,0.0
2006-04-20,66.9800033569336,67.19999694824219,66.80999755859375,67.0,36.674747467041016,6370500,0.0,0.0,0.0
2006-04-21,67.44999694824219,67.6500015258789,67.11000061035156,67.44999694824219,36.921077728271484,2464500,0.0,0.0,0.0
2006-04-24,67.37999725341797,67.63999938964844,67.13999938964844,67.5199966430664,36.95939636230469,1778000,0.0,0.0,0.0
2006-04-25,67.69999694824219,67.8499984741211,67.2300033569336,67.4800033569336,36.93750762939453,4088800,0.0,0.0,0.0
2006-04-26,67.75,67.97000122070312,67.6500015258789,67.9000015258789,37.16740417480469,4610400,0.0,0.0,0.0
2006-04-27,67.13999938964844,68.30000305175781,67.13999938964844,68.0199966430664,37.23308181762695,3101300,0.0,0.0,0.0
2006-04-28,67.8499984741211,68.27999877929688,67.22000122070312,68.02999877929688,37.238563537597656,3910500,0.0,0.0,0.0
2006-05-01,68.69999694824219,68.77999877929688,67.91000366210938,68.0,37.22213363647461,3377000,0.0,0.0,0.0
2006-05-02,68.81999969482422,69.04000091552734,68.69000244140625,69.04000091552734,37.791412353515625,6046400,0.0,0.0,0.0
2006-05-03,68.77999877929688,68.81999969482422,65.75,68.62999725341797,37.566986083984375,4595600,0.0,0.0,0.0
2006-05-04,68.62999725341797,69.23999786376953,68.55000305175781,69.16000366210938,37.85710144042969,2996100,0.0,0.0,0.0
2006-05-05,69.6500015258789,70.23999786376953,69.19999694824219,70.22000122070312,38.43734359741211,3404600,0.0,0.0,0.0
2006-05-08,70.4000015258789,70.4000015258789,70.0199966430664,70.16000366210938,38.40448760986328,3313400,0.0,0.0,0.0
2006-05-09,70.31999969482422,70.63999938964844,70.2300033569336,70.58000183105469,38.6343879699707,3747200,0.0,0.0,0.0
2006-05-10,70.3499984741211,70.6500015258789,70.13999938964844,70.36000061035156,38.51396560668945,4080100,0.0,0.0,0.0
2006-05-11,70.33000183105469,70.4000015258789,69.45999908447266,69.6500015258789,38.12532043457031,6549900,0.0,0.0,0.0
2006-05-12,69.41999816894531,69.61000061035156,68.61000061035156,68.75,37.6326789855957,5935200,0.0,0.0,0.0
2006-05-15,67.87000274658203,68.38999938964844,67.62999725341797,68.16000366210938,37.309722900390625,5947000,0.0,0.0,0.0
2006-05-16,68.27999877929688,68.37000274658203,67.68000030517578,68.05999755859375,37.254981994628906,2687500,0.0,0.0,0.0
2006-05-17,67.61000061035156,67.75,65.62000274658203,65.88999938964844,36.067161560058594,4996900,0.0,0.0,0.0
2006-05-18,66.23999786376953,66.72000122070312,65.52999877929688,65.69000244140625,35.95768737792969,5215300,0.0,0.0,0.0
2006-05-19,65.6500015258789,66.08999633789062,65.23999786376953,66.0199966430664,36.138328552246094,3712900,0.0,0.0,0.0
2006-05-22,64.3499984741211,64.91000366210938,63.93000030517578,64.56999969482422,35.344608306884766,5725300,0.0,0.0,0.0
2006-05-23,65.12000274658203,65.79000091552734,64.58999633789062,64.58999633789062,35.35554885864258,5083400,0.0,0.0,0.0
2006-05-24,64.66000366210938,64.7699966430664,63.75,64.55000305175781,35.33365249633789,4414000,0.0,0.0,0.0
2006-05-25,64.97000122070312,65.41999816894531,64.70999908447266,65.41999816894531,35.80988311767578,5204000,0.0,0.0,0.0
2006-05-26,65.94999694824219,66.0199966430664,65.3499984741211,65.94999694824219,36.100006103515625,5687200,0.0,0.0,0.0
2006-05-30,65.5,65.70999908447266,64.80000305175781,64.94999694824219,35.552616119384766,2933100,0.0,0.0,0.0
2006-05-31,65.33000183105469,65.55000305175781,64.97000122070312,65.43000030517578,35.815364837646484,5671700,0.0,0.0,0.0
2006-06-01,64.75,65.8499984741211,64.47000122070312,65.8499984741211,36.04526138305664,4111200,0.0,0.0,0.0
2006-06-02,66.63999938964844,66.77999877929688,66.05000305175781,66.48999786376953,36.39558792114258,4277800,0.0,0.0,0.0
2006-06-05,66.25,66.26000213623047,64.93000030517578,65.05000305175781,35.607357025146484,3549700,0.0,0.0,0.0
2006-06-06,64.55000305175781,64.61000061035156,63.70000076293945,64.26000213623047,35.17491912841797,4594400,0.0,0.0,0.0
2006-06-07,63.95000076293945,64.4000015258789,63.380001068115234,63.380001068115234,34.69322204589844,3892300,0.0,0.0,0.0
2006-06-08,62.04999923706055,62.150001525878906,61.09000015258789,61.97999954223633,33.926883697509766,12178100,0.0,0.0,0.0
2006-06-09,62.540000915527344,62.720001220703125,61.84000015258789,61.90999984741211,33.88856887817383,4961800,0.0,0.0,0.0
2006-06-12,62.29999923706055,62.470001220703125,61.310001373291016,61.380001068115234,33.598453521728516,3024300,0.0,0.0,0.0
2006-06-13,60.29999923706055,60.75,59.400001525878906,59.459999084472656,32.5474853515625,6131600,0.0,0.0,0.0
2006-06-14,60.40999984741211,60.72999954223633,59.849998474121094,60.31999969482422,33.01823043823242,5532100,0.0,0.0,0.0
2006-06-15,61.5099983215332,62.59000015258789,61.349998474121094,62.400001525878906,34.15678787231445,6355700,0.0,0.0,0.0
2006-06-16,62.13999938964844,62.2400016784668,61.7400016784668,61.900001525878906,33.883094787597656,4610800,0.0,0.0,0.0
2006-06-19,62.189998626708984,62.400001525878906,61.45000076293945,61.59000015258789,33.713401794433594,4358900,0.0,0.0,0.0
2006-06-20,61.849998474121094,62.29999923706055,61.599998474121094,61.959999084472656,33.91593551635742,3953400,0.0,0.0,0.0
2006-06-21,62.0,63.06999969482422,61.959999084472656,62.7599983215332,34.353843688964844,3138600,0.0,0.0,0.0
2006-06-22,62.63999938964844,63.650001525878906,62.16999816894531,62.43000030517578,34.1732177734375,4670300,0.0,0.0,0.0
2006-06-23,62.06999969482422,62.619998931884766,61.97999954223633,62.25,34.074676513671875,2508200,0.0,0.0,0.0
2006-06-26,62.47999954223633,62.77000045776367,62.22999954223633,62.7400016784668,34.342891693115234,2044000,0.0,0.0,0.0
2006-06-27,62.68000030517578,62.70000076293945,61.54999923706055,61.58000183105469,33.70792770385742,4121700,0.0,0.0,0.0
2006-06-28,62.099998474121094,62.349998474121094,61.810001373291016,62.279998779296875,34.09109115600586,4952700,0.0,0.0,0.0
2006-06-29,62.810001373291016,64.66999816894531,62.810001373291016,64.58000183105469,35.35007858276367,7741100,0.0,0.0,0.0
2006-06-30,65.27999877929688,65.41000366210938,64.93000030517578,65.38999938964844,35.79345703125,5907200,0.0,0.0,0.0
2006-07-03,65.5,65.9000015258789,65.36000061035156,65.7300033569336,35.97958755493164,9164600,0.0,0.0,0.0
2006-07-05,64.9000015258789,64.94999694824219,64.19999694824219,64.4800033569336,35.295345306396484,6388500,0.0,0.0,0.0
2006-07-06,64.88999938964844,65.29000091552734,64.86000061035156,65.16000366210938,35.66756820678711,4385500,0.0,0.0,0.0
2006-07-07,65.44000244140625,65.58999633789062,64.8499984741211,64.86000061035156,35.503353118896484,3124800,0.0,0.0,0.0
2006-07-10,65.4000015258789,65.58999633789062,65.19000244140625,65.4000015258789,35.79894256591797,3957500,0.0,0.0,0.0
2006-07-11,65.1500015258789,65.6500015258789,64.69999694824219,65.58000183105469,35.8974723815918,4199400,0.0,0.0,0.0
2006-07-12,64.7699966430664,64.87999725341797,64.1500015258789,64.3499984741211,35.22418212890625,3154800,0.0,0.0,0.0
2006-07-13,63.75,63.900001525878906,63.099998474121094,63.220001220703125,34.60563278198242,4183900,0.0,0.0,0.0
2006-07-14,62.880001068115234,63.0,61.5,62.68000030517578,34.31006622314453,3555800,0.0,0.0,0.0
2006-07-17,61.630001068115234,62.0,61.560001373291016,61.79999923706055,33.82834243774414,2899700,0.0,0.0,0.0
2006-07-18,61.79999923706055,61.88999938964844,60.93000030517578,61.70000076293945,33.77362060546875,3659800,0.0,0.0,0.0
2006-07-19,63.4900016784668,63.4900016784668,61.38999938964844,63.220001220703125,34.60563278198242,5192700,0.0,0.0,0.0
2006-07-20,63.459999084472656,63.68000030517578,62.79999923706055,62.880001068115234,34.41952896118164,2644500,0.0,0.0,0.0
2006-07-21,63.27000045776367,63.349998474121094,62.79999923706055,62.880001068115234,34.41952896118164,3641900,0.0,0.0,0.0
2006-07-24,63.18000030517578,64.05999755859375,63.130001068115234,64.0199966430664,35.04355239868164,3025500,0.0,0.0,0.0
2006-07-25,64.05999755859375,64.31999969482422,63.619998931884766,64.0,35.0326042175293,4507400,0.0,0.0,0.0
2006-07-26,63.91999816894531,64.61000061035156,63.7400016784668,64.44999694824219,35.27892303466797,3045900,0.0,0.0,0.0
2006-07-27,65.41000366210938,65.52999877929688,64.58000183105469,64.8499984741211,35.497867584228516,4190200,0.0,0.0,0.0
2006-07-28,65.44999694824219,66.1500015258789,65.41000366210938,66.1500015258789,36.209468841552734,3029200,0.0,0.0,0.0
2006-07-31,65.94000244140625,66.0,65.75,65.91999816894531,36.083580017089844,3475500,0.0,0.0,0.0
2006-08-01,65.5,65.6500015258789,64.9800033569336,65.45999908447266,35.831783294677734,3778900,0.0,0.0,0.0
2006-08-02,65.81999969482422,66.3499984741211,65.81999969482422,66.18000030517578,36.22590637207031,3247200,0.0,0.0,0.0
2006-08-03,65.4800033569336,66.25,65.4000015258789,66.06999969482422,36.165679931640625,3939100,0.0,0.0,0.0
2006-08-04,66.54000091552734,66.80000305175781,65.87999725341797,66.12000274658203,36.19306182861328,4047200,0.0,0.0,0.0
2006-08-07,65.63999938964844,65.87999725341797,65.5,65.70999908447266,35.96863555908203,2061800,0.0,0.0,0.0
2006-08-08,65.69999694824219,66.20999908447266,65.31999969482422,65.4800033569336,35.84273910522461,2627000,0.0,0.0,0.0
2006-08-09,66.37000274658203,66.66999816894531,65.77999877929688,65.80000305175781,36.01789855957031,3065500,0.0,0.0,0.0
2006-08-10,65.7300033569336,65.97000122070312,65.47000122070312,65.94999694824219,36.100006103515625,3848800,0.0,0.0,0.0
2006-08-11,65.43000030517578,65.6500015258789,65.22000122070312,65.37999725341797,35.78799057006836,1996200,0.0,0.0,0.0
2006-08-14,65.88999938964844,66.1500015258789,65.58999633789062,65.5999984741211,35.90841293334961,2221000,0.0,0.0,0.0
2006-08-15,66.80000305175781,67.1500015258789,66.68000030517578,67.0199966430664,36.685699462890625,2887400,0.0,0.0,0.0
2006-08-16,67.55000305175781,67.69999694824219,67.37000274658203,67.62999725341797,37.01960372924805,2618500,0.0,0.0,0.0
2006-08-17,67.55000305175781,67.80000305175781,67.25,67.37999725341797,36.88277053833008,2464400,0.0,0.0,0.0
2006-08-18,67.55000305175781,67.68000030517578,67.16999816894531,67.66000366210938,37.03602981567383,2019400,0.0,0.0,0.0
2006-08-21,67.52999877929688,67.80000305175781,67.44000244140625,67.44999694824219,36.921077728271484,3163500,0.0,0.0,0.0
2006-08-22,67.19999694824219,67.4800033569336,67.0,67.26000213623047,36.817081451416016,2552400,0.0,0.0,0.0
2006-08-23,67.44999694824219,67.5999984741211,66.9000015258789,67.0199966430664,36.685699462890625,2570600,0.0,0.0,0.0
2006-08-24,67.3499984741211,67.38999938964844,66.66000366210938,66.83000183105469,36.58169937133789,2849700,0.0,0.0,0.0
2006-08-25,66.81999969482422,66.97000122070312,66.62999725341797,66.77999877929688,36.5543327331543,3690800,0.0,0.0,0.0
2006-08-28,66.83000183105469,67.30000305175781,66.76000213623047,67.05999755859375,36.70759963989258,3573200,0.0,0.0,0.0
2006-08-29,67.45999908447266,67.68000030517578,66.9800033569336,67.5999984741211,37.00318145751953,3565000,0.0,0.0,0.0
2006-08-30,67.87999725341797,67.87999725341797,67.4800033569336,67.5999984741211,37.00318145751953,5866400,0.0,0.0,0.0
2006-08-31,67.95999908447266,67.95999908447266,67.5,67.5999984741211,37.00318145751953,5035800,0.0,0.0,0.0
2006-09-01,67.81999969482422,68.22000122070312,67.75,68.0999984741211,37.27687454223633,2611300,0.0,0.0,0.0
2006-09-05,68.37999725341797,68.5199966430664,68.12000274658203,68.45999908447266,37.47393798828125,3383200,0.0,0.0,0.0
2006-09-06,67.68000030517578,67.69000244140625,67.2300033569336,67.30999755859375,36.844451904296875,3474200,0.0,0.0,0.0
2006-09-07,66.5999984741211,66.93000030517578,66.36000061035156,66.5,36.40106964111328,3539200,0.0,0.0,0.0
2006-09-08,66.4800033569336,66.66000366210938,66.36000061035156,66.5199966430664,36.4119987487793,2230400,0.0,0.0,0.0
2006-09-11,66.13999938964844,66.4000015258789,65.77999877929688,66.12000274658203,36.19306182861328,3626400,0.0,0.0,0.0
2006-09-12,66.37999725341797,66.97000122070312,66.25,66.87999725341797,36.60908126831055,3787600,0.0,0.0,0.0
2006-09-13,66.5999984741211,66.94999694824219,66.4800033569336,66.75,36.53789520263672,2231000,0.0,0.0,0.0
2006-09-14,66.87999725341797,66.95999908447266,66.72000122070312,66.83999633789062,36.58717727661133,2314600,0.0,0.0,0.0
2006-09-15,67.02999877929688,67.05000305175781,66.5199966430664,66.69999694824219,36.51053237915039,3204300,0.0,0.0,0.0
2006-09-18,66.5999984741211,67.0999984741211,66.54000091552734,66.9800033569336,36.663814544677734,3239400,0.0,0.0,0.0
2006-09-19,66.9000015258789,66.94999694824219,66.0,66.36000061035156,36.32442855834961,2981300,0.0,0.0,0.0
2006-09-20,66.9000015258789,67.23999786376953,66.8499984741211,67.01000213623047,36.68022918701172,2951400,0.0,0.0,0.0
2006-09-21,67.47000122070312,67.51000213623047,67.02999877929688,67.16999816894531,36.7678108215332,3259600,0.0,0.0,0.0
2006-09-22,67.30999755859375,67.30999755859375,66.70999908447266,66.83999633789062,36.58717727661133,2685200,0.0,0.0,0.0
2006-09-25,67.0,67.23999786376953,66.25,67.12000274658203,36.740447998046875,6174600,0.0,0.0,0.0
2006-09-26,66.80000305175781,67.30000305175781,66.80000305175781,67.27999877929688,36.828025817871094,4046900,0.0,0.0,0.0
2006-09-27,67.5,67.79000091552734,67.4800033569336,67.70999908447266,37.06340026855469,3299600,0.0,0.0,0.0
2006-09-28,67.87000274658203,68.0,67.62000274658203,67.9000015258789,37.16740417480469,3508000,0.0,0.0,0.0
2006-09-29,67.8499984741211,67.9000015258789,67.66000366210938,67.75,37.08528518676758,6423000,0.0,0.0,0.0
2006-10-02,68.05000305175781,68.37000274658203,67.9000015258789,67.94000244140625,37.189300537109375,4369800,0.0,0.0,0.0
2006-10-03,67.7699966430664,68.22000122070312,67.61000061035156,68.0,37.22213363647461,4013800,0.0,0.0,0.0
2006-10-04,67.83000183105469,68.72000122070312,67.7699966430664,68.6500015258789,37.577938079833984,5653600,0.0,0.0,0.0
2006-10-05,68.66999816894531,68.79000091552734,68.12000274658203,68.7300033569336,37.621742248535156,6165000,0.0,0.0,0.0
2006-10-06,68.2699966430664,68.41000366210938,67.91999816894531,68.12000274658203,37.28782653808594,4727600,0.0,0.0,0.0
2006-10-09,67.95999908447266,68.22000122070312,67.86000061035156,68.16999816894531,37.31519317626953,1671700,0.0,0.0,0.0
2006-10-10,68.33000183105469,68.37999725341797,68.01000213623047,68.25,37.35899353027344,2482800,0.0,0.0,0.0
2006-10-11,68.12999725341797,68.5999984741211,67.95999908447266,68.19999694824219,37.331607818603516,2174200,0.0,0.0,0.0
2006-10-12,68.43000030517578,69.0199966430664,68.43000030517578,68.93000030517578,37.73121643066406,3457900,0.0,0.0,0.0
2006-10-13,68.87999725341797,69.0999984741211,68.68000030517578,69.05000305175781,37.796913146972656,2296200,0.0,0.0,0.0
2006-10-16,69.22000122070312,69.3499984741211,69.08000183105469,69.30999755859375,37.93921661376953,3775800,0.0,0.0,0.0
2006-10-17,68.98999786376953,69.0,68.55000305175781,68.87999725341797,37.703834533691406,2322400,0.0,0.0,0.0
2006-10-18,69.19000244140625,69.30999755859375,68.80000305175781,69.05000305175781,37.796913146972656,3554300,0.0,0.0,0.0
2006-10-19,69.27999877929688,69.69000244140625,69.20999908447266,69.56999969482422,38.0815315246582,4728700,0.0,0.0,0.0
2006-10-20,69.79000091552734,69.83999633789062,69.38999938964844,69.79000091552734,38.20195388793945,3792600,0.0,0.0,0.0
2006-10-23,69.33999633789062,69.93000030517578,69.25,69.8499984741211,38.234806060791016,2221500,0.0,0.0,0.0
2006-10-24,69.63999938964844,69.94999694824219,69.55999755859375,69.86000061035156,38.24028015136719,3483600,0.0,0.0,0.0
2006-10-25,69.94999694824219,70.44999694824219,69.87999725341797,70.3499984741211,38.50849533081055,3332400,0.0,0.0,0.0
2006-10-26,70.72000122070312,70.97000122070312,70.41000366210938,70.88999938964844,38.80408477783203,5856600,0.0,0.0,0.0
2006-10-27,70.69999694824219,70.76000213623047,70.30000305175781,70.4000015258789,38.535858154296875,5966100,0.0,0.0,0.0
2006-10-30,70.18000030517578,70.41000366210938,70.04000091552734,70.25,38.4537467956543,2264000,0.0,0.0,0.0
2006-10-31,70.18000030517578,70.4800033569336,70.08000183105469,70.29000091552734,38.47564697265625,2783000,0.0,0.0,0.0
2006-11-01,70.91999816894531,70.98999786376953,70.05999755859375,70.16999816894531,38.409950256347656,5579400,0.0,0.0,0.0
2006-11-02,70.19000244140625,70.47000122070312,70.12000274658203,70.43000030517578,38.55228042602539,3685800,0.0,0.0,0.0
2006-11-03,70.44999694824219,70.5,70.06999969482422,70.16000366210938,38.40448760986328,3242300,0.0,0.0,0.0
2006-11-06,70.63999938964844,71.22000122070312,70.51000213623047,71.19999694824219,38.973777770996094,5598700,0.0,0.0,0.0
2006-11-07,71.4000015258789,71.7699966430664,71.19000244140625,71.27999877929688,39.01756286621094,6005500,0.0,0.0,0.0
2006-11-08,70.9000015258789,71.4000015258789,70.8499984741211,71.30000305175781,39.02851104736328,3607400,0.0,0.0,0.0
2006-11-09,71.01000213623047,71.30000305175781,70.83000183105469,70.94000244140625,38.831451416015625,3768800,0.0,0.0,0.0
2006-11-10,71.25,71.30000305175781,71.05000305175781,71.22000122070312,38.984718322753906,4116400,0.0,0.0,0.0
2006-11-13,70.87999725341797,71.0199966430664,70.70999908447266,70.7699966430664,38.73839569091797,4064600,0.0,0.0,0.0
2006-11-14,71.44000244140625,71.58999633789062,70.87999725341797,71.55000305175781,39.16536331176758,6901700,0.0,0.0,0.0
2006-11-15,71.0999984741211,71.63999938964844,71.0,71.52999877929688,39.15439987182617,2810700,0.0,0.0,0.0
2006-11-16,71.41999816894531,71.44999694824219,71.18000030517578,71.37999725341797,39.07230758666992,3451900,0.0,0.0,0.0
2006-11-17,70.62000274658203,71.16999816894531,70.44999694824219,71.16999816894531,38.95734405517578,3346400,0.0,0.0,0.0
2006-11-20,70.54000091552734,70.73999786376953,70.44000244140625,70.62999725341797,38.6617546081543,3933700,0.0,0.0,0.0
2006-11-21,70.79000091552734,71.04000091552734,70.68000030517578,70.9800033569336,38.85334777832031,3291700,0.0,0.0,0.0
2006-11-22,71.55999755859375,71.69999694824219,71.38999938964844,71.66999816894531,39.23105239868164,4944600,0.0,0.0,0.0
2006-11-24,71.43000030517578,71.66999816894531,71.29000091552734,71.29000091552734,39.023033142089844,3341800,0.0,0.0,0.0
2006-11-27,71.44999694824219,71.5,70.62999725341797,70.69999694824219,38.700077056884766,4632000,0.0,0.0,0.0
2006-11-28,70.80000305175781,71.36000061035156,70.77999877929688,71.33000183105469,39.0449333190918,5369000,0.0,0.0,0.0
2006-11-29,71.94999694824219,72.16999816894531,71.73999786376953,72.13999938964844,39.48830032348633,4843500,0.0,0.0,0.0
2006-11-30,72.5,72.66000366210938,72.19000244140625,72.44999694824219,39.657997131347656,7728700,0.0,0.0,0.0
2006-12-01,72.54000091552734,72.56999969482422,71.83000183105469,72.36000061035156,39.60874557495117,4977800,0.0,0.0,0.0
2006-12-04,72.30000305175781,72.94999694824219,72.19999694824219,72.83000183105469,39.866004943847656,4143500,0.0,0.0,0.0
2006-12-05,72.94000244140625,73.30000305175781,72.80999755859375,73.23999786376953,40.09042739868164,13172300,0.0,0.0,0.0
2006-12-06,72.94999694824219,73.2300033569336,72.8499984741211,73.08000183105469,40.00286102294922,4641000,0.0,0.0,0.0
2006-12-07,73.66000366210938,73.72000122070312,73.25,73.33000183105469,40.13969802856445,3735000,0.0,0.0,0.0
2006-12-08,73.44999694824219,73.62000274658203,72.98999786376953,73.1500015258789,40.041175842285156,5172700,0.0,0.0,0.0
2006-12-11,73.06999969482422,73.62999725341797,73.02999877929688,73.44999694824219,40.20539093017578,2909400,0.0,0.0,0.0
2006-12-12,73.55999755859375,73.80000305175781,73.2300033569336,73.75,40.36960220336914,4246600,0.0,0.0,0.0
2006-12-13,73.87999725341797,74.02999877929688,73.7300033569336,74.02999877929688,40.522857666015625,3111900,0.0,0.0,0.0
2006-12-14,74.12999725341797,74.37000274658203,74.05000305175781,74.33000183105469,40.687095642089844,6839800,0.0,0.0,0.0
2006-12-15,74.52999877929688,74.52999877929688,73.87999725341797,74.02999877929688,40.522857666015625,6932400,0.0,0.0,0.0
2006-12-18,74.30000305175781,74.30000305175781,73.80000305175781,73.91999816894531,40.462646484375,3569600,0.0,0.0,0.0
2006-12-19,73.7699966430664,74.33000183105469,73.69000244140625,74.25,40.64329147338867,6391600,0.0,0.0,0.0
2006-12-20,74.52999877929688,74.66000366210938,74.05000305175781,74.12000274658203,40.57212829589844,4919700,0.0,0.0,0.0
2006-12-21,72.5999984741211,72.8499984741211,72.41999816894531,72.55000305175781,40.551456451416016,6433600,1.533,0.0,0.0
2006-12-22,72.80999755859375,72.80999755859375,72.08000183105469,72.37999725341797,40.456417083740234,5377900,0.0,0.0,0.0
2006-12-26,72.44999694824219,72.62000274658203,72.19999694824219,72.3499984741211,40.439666748046875,3353800,0.0,0.0,0.0
2006-12-27,72.86000061035156,73.25,72.83999633789062,73.25,40.94270706176758,3522400,0.0,0.0,0.0
2006-12-28,73.41000366210938,73.44000244140625,73.05000305175781,73.30000305175781,40.97066116333008,4539600,0.0,0.0,0.0
2006-12-29,73.18000030517578,73.44999694824219,73.0999984741211,73.22000122070312,40.92595672607422,5536000,0.0,0.0,0.0
2007-01-03,73.95999908447266,74.06999969482422,73.27999877929688,73.51000213623047,41.088035583496094,12081400,0.0,0.0,0.0
2007-01-04,73.30999755859375,73.47000122070312,73.0199966430664,73.30000305175781,40.97066116333008,8674000,0.0,0.0,0.0
2007-01-05,72.79000091552734,72.79000091552734,72.0999984741211,72.19999694824219,40.35581970214844,8961600,0.0,0.0,0.0
2007-01-08,72.47000122070312,72.47000122070312,72.11000061035156,72.30000305175781,40.411720275878906,6584100,0.0,0.0,0.0
2007-01-09,72.6500015258789,72.66999816894531,72.02999877929688,72.37000274658203,40.450843811035156,8505700,0.0,0.0,0.0
2007-01-10,71.69999694824219,71.91999816894531,71.5,71.81999969482422,40.14341354370117,5273600,0.0,0.0,0.0
2007-01-11,71.81999969482422,72.5199966430664,71.76000213623047,72.27999877929688,40.400535583496094,4562000,0.0,0.0,0.0
2007-01-12,72.61000061035156,73.16000366210938,72.58000183105469,73.0999984741211,40.85886764526367,6611900,0.0,0.0,0.0
2007-01-16,73.29000091552734,73.37999725341797,72.87000274658203,73.01000213623047,40.808570861816406,6899500,0.0,0.0,0.0
2007-01-17,72.91999816894531,73.31999969482422,72.81999969482422,73.05000305175781,40.830928802490234,3764900,0.0,0.0,0.0
2007-01-18,73.4000015258789,73.48999786376953,72.80000305175781,72.80000305175781,40.691192626953125,7926000,0.0,0.0,0.0
2007-01-19,73.12000274658203,73.77999877929688,73.08999633789062,73.69000244140625,41.188663482666016,7582600,0.0,0.0,0.0
2007-01-22,73.91999816894531,74.0,73.19999694824219,73.31999969482422,40.98184585571289,6171500,0.0,0.0,0.0
2007-01-23,73.6500015258789,74.12999725341797,73.5999984741211,73.97000122070312,41.34515380859375,5401500,0.0,0.0,0.0
2007-01-24,74.0999984741211,74.51000213623047,74.05999755859375,74.44999694824219,41.61344909667969,7744400,0.0,0.0,0.0
2007-01-25,74.12000274658203,74.16999816894531,73.0999984741211,73.23999786376953,40.9371223449707,5003800,0.0,0.0,0.0
2007-01-26,73.4000015258789,73.4800033569336,72.97000122070312,73.37999725341797,41.0153694152832,5965500,0.0,0.0,0.0
2007-01-29,73.4000015258789,73.66000366210938,73.26000213623047,73.45999908447266,41.06008529663086,5772600,0.0,0.0,0.0
2007-01-30,73.7300033569336,73.9800033569336,73.61000061035156,73.95999908447266,41.33956527709961,4124800,0.0,0.0,0.0
2007-01-31,73.44999694824219,74.33000183105469,73.27999877929688,74.23999786376953,41.49606704711914,5358500,0.0,0.0,0.0
2007-02-01,74.73999786376953,74.93000030517578,74.55999755859375,74.86000061035156,41.84262466430664,7254100,0.0,0.0,0.0
2007-02-02,74.75,74.80999755859375,74.5,74.70999908447266,41.75877380371094,7174500,0.0,0.0,0.0
2007-02-05,74.29000091552734,74.56999969482422,74.20999908447266,74.47000122070312,41.62462615966797,3339100,0.0,0.0,0.0
2007-02-06,74.98999786376953,75.11000061035156,74.66999816894531,75.05000305175781,41.94881820678711,4497700,0.0,0.0,0.0
2007-02-07,75.18000030517578,75.44999694824219,75.02999877929688,75.26000213623047,42.06619644165039,5121800,0.0,0.0,0.0
2007-02-08,74.58999633789062,75.0,74.45999908447266,74.95999908447266,41.89851379394531,3842600,0.0,0.0,0.0
2007-02-09,75.06999969482422,75.1500015258789,74.43000030517578,74.63999938964844,41.71964645385742,4636400,0.0,0.0,0.0
2007-02-12,74.52999877929688,74.56999969482422,74.22000122070312,74.3499984741211,41.557552337646484,5846900,0.0,0.0,0.0
2007-02-13,74.83000183105469,75.33999633789062,74.7699966430664,75.30000305175781,42.088558197021484,4569100,0.0,0.0,0.0
2007-02-14,75.66000366210938,76.4000015258789,75.62999725341797,76.31999969482422,42.65867614746094,5539000,0.0,0.0,0.0
2007-02-15,76.38999938964844,76.5199966430664,76.16999816894531,76.41000366210938,42.708984375,4191200,0.0,0.0,0.0
2007-02-16,76.31999969482422,76.94000244140625,75.5,76.37999725341797,42.69220733642578,4899400,0.0,0.0,0.0
2007-02-20,76.31999969482422,77.0,76.0,76.48999786376953,42.753700256347656,7949700,0.0,0.0,0.0
2007-02-21,75.83999633789062,76.37999725341797,75.69999694824219,76.0999984741211,42.535701751708984,6819200,0.0,0.0,0.0
2007-02-22,76.27999877929688,76.45999908447266,76.16999816894531,76.44000244140625,42.72574996948242,4327600,0.0,0.0,0.0
2007-02-23,76.55000305175781,76.79000091552734,76.4800033569336,76.68000030517578,42.859886169433594,3728100,0.0,0.0,0.0
2007-02-26,77.16000366210938,77.18000030517578,76.70999908447266,76.72000122070312,42.88224792480469,5972100,0.0,0.0,0.0
2007-02-27,75.66000366210938,75.76000213623047,73.01000213623047,73.62999725341797,41.155113220214844,12980000,0.0,0.0,0.0
2007-02-28,74.0,74.66000366210938,73.87999725341797,74.1500015258789,41.445762634277344,8136300,0.0,0.0,0.0
2007-03-01,72.9800033569336,73.66000366210938,72.0,73.38999938964844,41.02095413208008,11055900,0.0,0.0,0.0
2007-03-02,72.9000015258789,73.18000030517578,72.33999633789062,72.4000015258789,40.46760940551758,6951000,0.0,0.0,0.0
2007-03-05,71.45999908447266,72.23999786376953,70.9000015258789,70.9000015258789,39.62919235229492,8286300,0.0,0.0,0.0
2007-03-06,72.44000244140625,73.25,72.25,73.0999984741211,40.85886764526367,8908400,0.0,0.0,0.0
2007-03-07,73.06999969482422,73.58999633789062,72.94000244140625,73.12000274658203,40.87004852294922,6005700,0.0,0.0,0.0
2007-03-08,73.7699966430664,74.19999694824219,73.75,73.9800033569336,41.350746154785156,5305700,0.0,0.0,0.0
2007-03-09,74.18000030517578,74.30000305175781,73.77999877929688,74.0999984741211,41.41780471801758,8451700,0.0,0.0,0.0
2007-03-12,74.13999938964844,74.63999938964844,73.9800033569336,74.58000183105469,41.68611526489258,5143100,0.0,0.0,0.0
2007-03-13,73.97000122070312,74.18000030517578,72.69000244140625,72.80000305175781,40.691192626953125,5769600,0.0,0.0,0.0
2007-03-14,72.33000183105469,72.91000366210938,71.43000030517578,72.83000183105469,40.707969665527344,9299900,0.0,0.0,0.0
2007-03-15,72.69999694824219,73.30999755859375,72.66000366210938,73.16000366210938,40.892417907714844,4313700,0.0,0.0,0.0
2007-03-16,73.43000030517578,73.83999633789062,73.05999755859375,73.25,40.94270706176758,4659400,0.0,0.0,0.0
2007-03-19,74.0199966430664,74.37999725341797,73.87999725341797,74.37999725341797,41.574317932128906,6262200,0.0,0.0,0.0
2007-03-20,74.23999786376953,75.08000183105469,74.19999694824219,75.01000213623047,41.92646026611328,4477900,0.0,0.0,0.0
2007-03-21,75.25,76.72000122070312,75.01000213623047,76.61000061035156,42.820770263671875,6514700,0.0,0.0,0.0
2007-03-22,76.58000183105469,76.68000030517578,76.1500015258789,76.31999969482422,42.65867614746094,4099400,0.0,0.0,0.0
2007-03-23,76.5,76.69999694824219,76.37000274658203,76.5,42.75927734375,5361600,0.0,0.0,0.0
2007-03-26,76.47000122070312,76.63999938964844,75.80999755859375,76.52999877929688,42.77606201171875,4736400,0.0,0.0,0.0
2007-03-27,76.52999877929688,76.52999877929688,75.94999694824219,76.19000244140625,42.58601760864258,4700700,0.0,0.0,0.0
2007-03-28,75.70999908447266,75.87999725341797,75.30000305175781,75.5199966430664,42.211524963378906,7258800,0.0,0.0,0.0
2007-03-29,76.2699966430664,76.37999725341797,75.75,76.18000030517578,42.580421447753906,6979600,0.0,0.0,0.0
2007-03-30,76.16000366210938,76.48999786376953,76.08000183105469,76.30000305175781,42.64750289916992,8504700,0.0,0.0,0.0
2007-04-02,76.30000305175781,76.62999725341797,76.05000305175781,76.5,42.75927734375,7702400,0.0,0.0,0.0
2007-04-03,76.81999969482422,77.61000061035156,76.7699966430664,77.13999938964844,43.11701202392578,5387500,0.0,0.0,0.0
2007-04-04,77.25,77.5,77.05999755859375,77.45999908447266,43.295867919921875,7809700,0.0,0.0,0.0
2007-04-05,77.5,77.87999725341797,77.43000030517578,77.73999786376953,43.45236587524414,3051600,0.0,0.0,0.0
2007-04-09,77.75,77.8499984741211,77.52999877929688,77.68000030517578,43.4188346862793,4103200,0.0,0.0,0.0
2007-04-10,78.05000305175781,78.41000366210938,77.97000122070312,78.26000213623047,43.74303436279297,5112200,0.0,0.0,0.0
2007-04-11,78.4000015258789,78.44999694824219,77.68000030517578,77.87999725341797,43.53063201904297,7729600,0.0,0.0,0.0
2007-04-12,77.68000030517578,78.48999786376953,77.52999877929688,78.4000015258789,43.8212776184082,6007200,0.0,0.0,0.0
2007-04-13,78.54000091552734,78.69000244140625,78.23999786376953,78.66000366210938,43.96660614013672,3711700,0.0,0.0,0.0
2007-04-16,79.25,79.66999816894531,79.22000122070312,79.48999786376953,44.430538177490234,12054000,0.0,0.0,0.0
2007-04-17,79.48999786376953,79.62000274658203,79.1500015258789,79.5,44.436126708984375,24911200,0.0,0.0,0.0
2007-04-18,79.30000305175781,79.7300033569336,79.19000244140625,79.47000122070312,44.419349670410156,5797900,0.0,0.0,0.0
2007-04-19,78.66000366210938,79.37999725341797,78.62000274658203,79.16999816894531,44.25166702270508,6385900,0.0,0.0,0.0
2007-04-20,79.81999969482422,80.08000183105469,79.63999938964844,80.08000183105469,44.76029968261719,6654100,0.0,0.0,0.0
2007-04-23,79.5999984741211,79.68000030517578,79.23999786376953,79.30000305175781,44.324344635009766,6250100,0.0,0.0,0.0
2007-04-24,79.19000244140625,79.3499984741211,78.87999725341797,79.25,44.29640197753906,8034800,0.0,0.0,0.0
2007-04-25,79.6500015258789,80.02999877929688,79.30999755859375,79.98999786376953,44.70999526977539,6584200,0.0,0.0,0.0
2007-04-26,79.94999694824219,79.94999694824219,79.25,79.62000274658203,44.50318908691406,9558700,0.0,0.0,0.0
2007-04-27,79.30000305175781,79.58999633789062,79.11000061035156,79.44999694824219,44.40816879272461,3837700,0.0,0.0,0.0
2007-04-30,79.41999816894531,79.80000305175781,78.98999786376953,79.16000366210938,44.24609375,6285400,0.0,0.0,0.0
2007-05-01,79.3499984741211,79.4000015258789,78.63999938964844,79.08000183105469,44.20136260986328,5349800,0.0,0.0,0.0
2007-05-02,79.30000305175781,79.75,79.19999694824219,79.68000030517578,44.536739349365234,6366000,0.0,0.0,0.0
2007-05-03,79.70999908447266,79.79000091552734,79.41000366210938,79.79000091552734,44.59821701049805,5510700,0.0,0.0,0.0
2007-05-04,80.19999694824219,80.55999755859375,80.19999694824219,80.54000091552734,45.01742172241211,6404800,0.0,0.0,0.0
2007-05-07,80.68000030517578,80.80000305175781,80.5999984741211,80.66000366210938,45.08449935913086,4647500,0.0,0.0,0.0
2007-05-08,80.05000305175781,80.05999755859375,79.55999755859375,80.0,44.71559143066406,8882800,0.0,0.0,0.0
2007-05-09,80.08000183105469,80.48999786376953,79.94000244140625,80.44000244140625,44.9615364074707,7718100,0.0,0.0,0.0
2007-05-10,79.70999908447266,79.98999786376953,78.66000366210938,78.8499984741211,44.07280349731445,7110200,0.0,0.0,0.0
2007-05-11,79.33999633789062,80.23999786376953,79.33999633789062,80.18000030517578,44.81619644165039,5222000,0.0,0.0,0.0
2007-05-14,80.69000244140625,80.69000244140625,79.52999877929688,79.87999725341797,44.64851379394531,5662900,0.0,0.0,0.0
2007-05-15,79.72000122070312,80.55000305175781,79.62999725341797,80.0199966430664,44.72676467895508,6407900,0.0,0.0,0.0
2007-05-16,80.12000274658203,80.19999694824219,79.58999633789062,80.13999938964844,44.79384994506836,5397900,0.0,0.0,0.0
2007-05-17,79.66999816894531,79.91999816894531,79.45999908447266,79.7300033569336,44.564666748046875,3868000,0.0,0.0,0.0
2007-05-18,80.13999938964844,80.5,79.9800033569336,80.33999633789062,44.905635833740234,3817800,0.0,0.0,0.0
2007-05-21,80.1500015258789,80.27999877929688,79.94999694824219,79.97000122070312,44.698822021484375,7652800,0.0,0.0,0.0
2007-05-22,80.38999938964844,80.44000244140625,80.04000091552734,80.04000091552734,44.73794174194336,3605500,0.0,0.0,0.0
2007-05-23,80.83999633789062,80.9800033569336,80.33000183105469,80.44999694824219,44.967105865478516,11083800,0.0,0.0,0.0
2007-05-24,80.4800033569336,80.63999938964844,79.44999694824219,79.68000030517578,44.536739349365234,6064400,0.0,0.0,0.0
2007-05-25,79.94999694824219,80.19000244140625,79.79000091552734,80.19000244140625,44.8217887878418,6213100,0.0,0.0,0.0
2007-05-29,80.5199966430664,80.66999816894531,79.94000244140625,80.29000091552734,44.877689361572266,5330900,0.0,0.0,0.0
2007-05-30,79.5999984741211,80.62999725341797,79.55999755859375,80.62999725341797,45.067726135253906,5249800,0.0,0.0,0.0
2007-05-31,80.9000015258789,81.13999938964844,80.80000305175781,81.02999877929688,45.29130554199219,9318400,0.0,0.0,0.0
2007-06-01,81.36000061035156,81.5999984741211,81.30999755859375,81.55999755859375,45.587547302246094,3408400,0.0,0.0,0.0
2007-06-04,81.52999877929688,81.79000091552734,81.52999877929688,81.77999877929688,45.71052169799805,4870000,0.0,0.0,0.0
2007-06-05,81.66999816894531,81.7300033569336,81.01000213623047,81.36000061035156,45.475765228271484,4022000,0.0,0.0,0.0
2007-06-06,81.05000305175781,81.0999984741211,80.08000183105469,80.19000244140625,44.8217887878418,5453700,0.0,0.0,0.0
2007-06-07,78.83000183105469,80.19000244140625,78.68000030517578,78.81999969482422,44.056034088134766,10025900,0.0,0.0,0.0
2007-06-08,79.04000091552734,79.7699966430664,78.75,79.68000030517578,44.536739349365234,5170600,0.0,0.0,0.0
2007-06-11,79.4800033569336,80.13999938964844,79.33999633789062,79.94999694824219,44.687644958496094,3701900,0.0,0.0,0.0
2007-06-12,79.08000183105469,79.61000061035156,78.4800033569336,78.52999877929688,43.89393997192383,6530400,0.0,0.0,0.0
2007-06-13,78.80000305175781,79.63999938964844,78.70999908447266,79.55000305175781,44.46406173706055,8119500,0.0,0.0,0.0
2007-06-14,79.68000030517578,80.25,79.61000061035156,80.13999938964844,44.79384994506836,7109200,0.0,0.0,0.0
2007-06-15,81.02999877929688,81.30999755859375,80.79000091552734,80.79000091552734,45.15716552734375,4672300,0.0,0.0,0.0
2007-06-18,81.41000366210938,81.4800033569336,80.9800033569336,81.23999786376953,45.40867614746094,4333800,0.0,0.0,0.0
2007-06-19,81.12000274658203,81.41999816894531,80.9800033569336,81.31999969482422,45.45339584350586,3381500,0.0,0.0,0.0
2007-06-20,81.66999816894531,81.73999786376953,80.31999969482422,80.36000061035156,44.91681671142578,5157500,0.0,0.0,0.0
2007-06-21,80.5,81.44999694824219,80.26000213623047,81.08999633789062,45.32484817504883,4977900,0.0,0.0,0.0
2007-06-22,80.80000305175781,80.83999633789062,79.80000305175781,79.97000122070312,44.698822021484375,7624600,0.0,0.0,0.0
2007-06-25,80.05999755859375,80.69999694824219,79.68000030517578,79.94999694824219,44.687644958496094,6233400,0.0,0.0,0.0
2007-06-26,80.41999816894531,80.5,79.55000305175781,79.55000305175781,44.46406173706055,8359900,0.0,0.0,0.0
2007-06-27,79.2699966430664,80.1500015258789,79.22000122070312,80.12000274658203,44.78266143798828,6194900,0.0,0.0,0.0
2007-06-28,80.27999877929688,80.70999908447266,80.0999984741211,80.18000030517578,44.81619644165039,7796800,0.0,0.0,0.0
2007-06-29,80.7699966430664,81.16000366210938,80.33999633789062,80.7699966430664,45.14597702026367,10251500,0.0,0.0,0.0
2007-07-02,81.44999694824219,81.9800033569336,81.19000244140625,81.94000244140625,45.79995346069336,6357400,0.0,0.0,0.0
2007-07-03,82.18000030517578,82.61000061035156,82.06999969482422,82.33000183105469,46.01792907714844,2146300,0.0,0.0,0.0
2007-07-05,82.19999694824219,82.30000305175781,81.63999938964844,81.91999816894531,45.788761138916016,6216300,0.0,0.0,0.0
2007-07-06,82.12000274658203,82.55999755859375,81.95999908447266,82.51000213623047,46.118553161621094,3310600,0.0,0.0,0.0
2007-07-09,82.77999877929688,82.91999816894531,82.61000061035156,82.70999908447266,46.230342864990234,6013200,0.0,0.0,0.0
2007-07-10,82.25,82.4800033569336,81.61000061035156,81.69999694824219,45.66579818725586,5760000,0.0,0.0,0.0
2007-07-11,82.0,82.5199966430664,81.87000274658203,82.47000122070312,46.096187591552734,5451600,0.0,0.0,0.0
2007-07-12,82.62000274658203,83.80000305175781,82.62000274658203,83.62000274658203,46.738975524902344,5022800,0.0,0.0,0.0
2007-07-13,83.11000061035156,83.66000366210938,83.08999633789062,83.55999755859375,46.7054328918457,5231000,0.0,0.0,0.0
2007-07-16,83.55999755859375,83.69999694824219,83.27999877929688,83.37000274658203,46.599246978759766,3503000,0.0,0.0,0.0
2007-07-17,83.2699966430664,83.4800033569336,83.08999633789062,83.08999633789062,46.442718505859375,4005300,0.0,0.0,0.0
2007-07-18,82.80000305175781,83.08999633789062,82.22000122070312,82.80000305175781,46.28063201904297,10019900,0.0,0.0,0.0
2007-07-19,83.4800033569336,83.69000244140625,83.19000244140625,83.2699966430664,46.5433464050293,5586300,0.0,0.0,0.0
2007-07-20,83.19999694824219,83.2699966430664,82.18000030517578,82.41000366210938,46.062652587890625,5625600,0.0,0.0,0.0
2007-07-23,82.98999786376953,83.2699966430664,82.80000305175781,82.91000366210938,46.342132568359375,5016700,0.0,0.0,0.0
2007-07-24,82.68000030517578,82.68000030517578,81.2699966430664,81.66000366210938,45.64345169067383,9805600,0.0,0.0,0.0
2007-07-25,81.95999908447266,82.01000213623047,80.83999633789062,81.44000244140625,45.52048110961914,8867500,0.0,0.0,0.0
2007-07-26,81.05000305175781,81.05000305175781,78.04000091552734,78.7300033569336,44.0057373046875,13657300,0.0,0.0,0.0
2007-07-27,78.6500015258789,79.0,77.52999877929688,77.63999938964844,43.396484375,9895400,0.0,0.0,0.0
2007-07-30,78.7699966430664,79.30999755859375,78.37000274658203,79.0199966430664,44.1678352355957,9021100,0.0,0.0,0.0
2007-07-31,79.7699966430664,80.16000366210938,78.80000305175781,78.91999816894531,44.1119384765625,11469500,0.0,0.0,0.0
2007-08-01,78.6500015258789,79.63999938964844,77.7699966430664,79.05000305175781,44.184600830078125,11344300,0.0,0.0,0.0
2007-08-02,79.0,79.37000274658203,78.55000305175781,79.29000091552734,44.31874084472656,9015000,0.0,0.0,0.0
2007-08-03,78.68000030517578,79.01000213623047,77.52999877929688,77.86000061035156,43.519447326660156,7883200,0.0,0.0,0.0
2007-08-06,78.29000091552734,78.94999694824219,77.80000305175781,78.70999908447266,43.994544982910156,7220900,0.0,0.0,0.0
2007-08-07,78.1500015258789,79.41999816894531,78.08000183105469,78.9800033569336,44.145477294921875,8305700,0.0,0.0,0.0
2007-08-08,79.75,80.68000030517578,79.66999816894531,80.26000213623047,44.86091613769531,8609500,0.0,0.0,0.0
2007-08-09,78.26000213623047,78.94999694824219,77.80999755859375,77.97000122070312,43.5809326171875,8844100,0.0,0.0,0.0
2007-08-10,76.30000305175781,77.33999633789062,76.0,76.62999725341797,42.831939697265625,11124300,0.0,0.0,0.0
2007-08-13,77.55999755859375,77.7699966430664,76.77999877929688,76.77999877929688,42.91579055786133,5942900,0.0,0.0,0.0
2007-08-14,77.38999938964844,77.41999816894531,75.7699966430664,76.04000091552734,42.50217819213867,8083000,0.0,0.0,0.0
2007-08-15,75.08000183105469,76.5199966430664,74.08000183105469,74.26000213623047,41.50724792480469,11236300,0.0,0.0,0.0
2007-08-16,71.0,74.0,67.5,73.94000244140625,41.3283805847168,22832500,0.0,0.0,0.0
2007-08-17,74.94999694824219,75.37999725341797,73.80999755859375,74.62000274658203,41.70847702026367,11580600,0.0,0.0,0.0
2007-08-20,75.1500015258789,75.22000122070312,74.1500015258789,74.86000061035156,41.84262466430664,7638200,0.0,0.0,0.0
2007-08-21,74.75,75.25,74.5999984741211,74.80999755859375,41.81467056274414,6882500,0.0,0.0,0.0
2007-08-22,76.05999755859375,76.66999816894531,75.95999908447266,76.58000183105469,42.80400085449219,8277500,0.0,0.0,0.0
2007-08-23,77.41999816894531,77.44000244140625,76.47000122070312,76.91999816894531,42.99404525756836,4939500,0.0,0.0,0.0
2007-08-24,77.0999984741211,78.30000305175781,77.0199966430664,78.26000213623047,43.74303436279297,4861900,0.0,0.0,0.0
2007-08-27,77.95999908447266,77.9800033569336,77.43000030517578,77.43000030517578,43.27910232543945,7691500,0.0,0.0,0.0
2007-08-28,77.12000274658203,77.16000366210938,75.54000091552734,75.87000274658203,42.407161712646484,8262100,0.0,0.0,0.0
2007-08-29,76.69000244140625,77.75,76.43000030517578,77.61000061035156,43.37971115112305,5959300,0.0,0.0,0.0
2007-08-30,76.80000305175781,77.69999694824219,76.4000015258789,77.06999969482422,43.077877044677734,6076800,0.0,0.0,0.0
2007-08-31,78.70999908447266,78.97000122070312,78.18000030517578,78.41999816894531,43.83245849609375,7313400,0.0,0.0,0.0
2007-09-04,78.22000122070312,79.4800033569336,78.0999984741211,79.13999938964844,44.23490905761719,5454400,0.0,0.0,0.0
2007-09-05,78.13999938964844,78.22000122070312,77.6500015258789,77.98999786376953,43.59211349487305,7351400,0.0,0.0,0.0
2007-09-06,78.05000305175781,78.69000244140625,77.25,78.27999877929688,43.75420379638672,4950000,0.0,0.0,0.0
2007-09-07,77.4800033569336,77.72000122070312,77.02999877929688,77.33000183105469,43.223209381103516,7796000,0.0,0.0,0.0
2007-09-10,77.55000305175781,77.58999633789062,76.4000015258789,77.01000213623047,43.04435348510742,4196600,0.0,0.0,0.0
2007-09-11,77.62999725341797,78.36000061035156,77.54000091552734,78.33999633789062,43.78774642944336,7243200,0.0,0.0,0.0
2007-09-12,77.95999908447266,78.68000030517578,77.87999725341797,78.41999816894531,43.83245849609375,4960400,0.0,0.0,0.0
2007-09-13,78.72000122070312,79.06999969482422,78.45999908447266,78.75,44.016902923583984,7211100,0.0,0.0,0.0
2007-09-14,77.88999938964844,78.52999877929688,77.7699966430664,78.29000091552734,43.759803771972656,5239800,0.0,0.0,0.0
2007-09-17,77.55000305175781,77.83000183105469,76.91999816894531,77.19000244140625,43.14495849609375,5785200,0.0,0.0,0.0
2007-09-18,77.79000091552734,79.80999755859375,77.51000213623047,79.69999694824219,44.547908782958984,10021300,0.0,0.0,0.0
2007-09-19,80.5,80.91999816894531,80.18000030517578,80.41999816894531,44.95033645629883,6846200,0.0,0.0,0.0
2007-09-20,80.55999755859375,80.87000274658203,80.01000213623047,80.3499984741211,44.911224365234375,7612300,0.0,0.0,0.0
2007-09-21,80.86000061035156,81.19999694824219,80.69999694824219,80.69999694824219,45.10685729980469,5809500,0.0,0.0,0.0
2007-09-24,81.25,81.91000366210938,80.75,80.87999725341797,45.20746612548828,5901800,0.0,0.0,0.0
2007-09-25,80.4000015258789,81.05000305175781,80.4000015258789,80.9800033569336,45.26335525512695,4832900,0.0,0.0,0.0
2007-09-26,81.44999694824219,81.62000274658203,81.04000091552734,81.37999725341797,45.486934661865234,5547100,0.0,0.0,0.0
2007-09-27,82.41999816894531,82.5199966430664,80.45999908447266,82.45999908447266,46.09060287475586,6117100,0.0,0.0,0.0
2007-09-28,82.56999969482422,82.93000030517578,82.16999816894531,82.58999633789062,46.163265228271484,15156000,0.0,0.0,0.0
2007-10-01,82.73999786376953,83.94999694824219,82.6500015258789,83.6500015258789,46.755741119384766,8508100,0.0,0.0,0.0
2007-10-02,83.5999984741211,83.66999816894531,83.08000183105469,83.44000244140625,46.638362884521484,5801400,0.0,0.0,0.0
2007-10-03,83.41999816894531,83.44999694824219,82.93000030517578,83.05999755859375,46.42595672607422,6839700,0.0,0.0,0.0
2007-10-04,83.33999633789062,83.58999633789062,83.0199966430664,83.3499984741211,46.588069915771484,3061400,0.0,0.0,0.0
2007-10-05,83.6500015258789,84.44000244140625,83.6500015258789,84.19999694824219,47.06315231323242,5486700,0.0,0.0,0.0
2007-10-08,82.62000274658203,85.19999694824219,82.56999969482422,83.41999816894531,46.6271858215332,3801400,0.0,0.0,0.0
2007-10-09,83.56999969482422,84.38999938964844,83.56999969482422,84.3499984741211,47.14699935913086,4796200,0.0,0.0,0.0
2007-10-10,83.69999694824219,84.33000183105469,83.20999908447266,84.19000244140625,47.05757522583008,5991100,0.0,0.0,0.0
2007-10-11,85.5999984741211,85.5999984741211,84.26000213623047,84.58000183105469,47.27555847167969,7069500,0.0,0.0,0.0
2007-10-12,84.52999877929688,85.08999633789062,84.43000030517578,84.94999694824219,47.48236846923828,4354600,0.0,0.0,0.0
2007-10-15,84.87000274658203,84.91000366210938,83.8499984741211,84.26000213623047,47.096702575683594,5428100,0.0,0.0,0.0
2007-10-16,83.25,83.37000274658203,82.9000015258789,82.95999908447266,46.370059967041016,7389800,0.0,0.0,0.0
2007-10-17,83.94999694824219,84.08999633789062,83.16999816894531,83.83999633789062,46.8619270324707,6810300,0.0,0.0,0.0
2007-10-18,83.6500015258789,84.13999938964844,83.5999984741211,84.04000091552734,46.973731994628906,3925000,0.0,0.0,0.0
2007-10-19,83.5999984741211,83.5999984741211,82.13999938964844,82.19000244140625,45.9396858215332,9232400,0.0,0.0,0.0
2007-10-22,81.31999969482422,82.0999984741211,81.30999755859375,82.08999633789062,45.88377380371094,6704000,0.0,0.0,0.0
2007-10-23,83.12999725341797,83.41000366210938,82.5999984741211,83.25,46.53215026855469,7097000,0.0,0.0,0.0
2007-10-24,82.87999725341797,83.12000274658203,81.83999633789062,83.06999969482422,46.431556701660156,9818100,0.0,0.0,0.0
2007-10-25,83.29000091552734,83.44999694824219,82.76000213623047,83.44999694824219,46.643951416015625,8531500,0.0,0.0,0.0
2007-10-26,84.43000030517578,85.0199966430664,84.25,84.95999908447266,47.48796463012695,5992900,0.0,0.0,0.0
2007-10-29,85.26000213623047,85.69999694824219,85.16999816894531,85.58000183105469,47.83449172973633,5745100,0.0,0.0,0.0
2007-10-30,85.0,85.33999633789062,84.8499984741211,84.9000015258789,47.45442199707031,8347700,0.0,0.0,0.0
2007-10-31,85.36000061035156,86.5,85.2300033569336,86.0999984741211,48.12515640258789,8751300,0.0,0.0,0.0
2007-11-01,84.76000213623047,84.9000015258789,84.0,84.29000091552734,47.113468170166016,9412700,0.0,0.0,0.0
2007-11-02,84.27999877929688,84.76000213623047,83.7300033569336,84.76000213623047,47.37617111206055,9559700,0.0,0.0,0.0
2007-11-05,83.4800033569336,83.77999877929688,83.02999877929688,83.41000366210938,46.6215934753418,6812300,0.0,0.0,0.0
2007-11-06,84.02999877929688,84.68000030517578,83.94999694824219,84.66999816894531,47.32587432861328,6590000,0.0,0.0,0.0
2007-11-07,84.0,84.43000030517578,82.94000244140625,83.19999694824219,46.50419998168945,7956300,0.0,0.0,0.0
2007-11-08,83.01000213623047,83.77999877929688,82.54000091552734,83.3499984741211,46.588069915771484,9869300,0.0,0.0,0.0
2007-11-09,82.76000213623047,82.76000213623047,81.5,81.7300033569336,45.68256759643555,8293000,0.0,0.0,0.0
2007-11-12,80.80000305175781,81.55000305175781,80.30000305175781,80.38999938964844,44.933589935302734,7366400,0.0,0.0,0.0
2007-11-13,81.5,82.75,81.5,82.55000305175781,46.140899658203125,6678000,0.0,0.0,0.0
2007-11-14,83.73999786376953,83.73999786376953,82.12000274658203,82.41999816894531,46.06824493408203,9712300,0.0,0.0,0.0
2007-11-15,81.55000305175781,81.87999725341797,80.54000091552734,81.05999755859375,45.308067321777344,10754300,0.0,0.0,0.0
2007-11-16,81.56999969482422,81.58000183105469,80.63999938964844,81.31999969482422,45.45339584350586,13421500,0.0,0.0,0.0
2007-11-19,81.0,81.0,78.0,79.16999816894531,44.25166702270508,12391600,0.0,0.0,0.0
2007-11-20,80.2699966430664,81.20999908447266,80.02999877929688,80.94000244140625,45.241004943847656,11649200,0.0,0.0,0.0
2007-11-21,79.37999725341797,79.9800033569336,78.76000213623047,79.11000061035156,44.2181282043457,11096600,0.0,0.0,0.0
2007-11-23,80.30000305175781,81.12000274658203,80.30000305175781,81.0999984741211,45.33042907714844,3629400,0.0,0.0,0.0
2007-11-26,81.22000122070312,81.48999786376953,79.66999816894531,79.83000183105469,44.620567321777344,9880400,0.0,0.0,0.0
2007-11-27,80.9800033569336,81.12999725341797,80.11000061035156,80.91000366210938,45.224239349365234,10679800,0.0,0.0,0.0
2007-11-28,81.4000015258789,83.62999725341797,81.05000305175781,83.20999908447266,46.50979995727539,12647900,0.0,0.0,0.0
2007-11-29,82.0999984741211,83.0,82.0999984741211,82.52999877929688,46.12971115112305,8476000,0.0,0.0,0.0
2007-11-30,83.88999938964844,83.91000366210938,82.45999908447266,82.9800033569336,46.381248474121094,14157700,0.0,0.0,0.0
2007-12-03,83.11000061035156,83.11000061035156,82.52999877929688,82.66999816894531,46.207969665527344,11526100,0.0,0.0,0.0
2007-12-04,82.05000305175781,82.31999969482422,81.9000015258789,82.1500015258789,45.91733169555664,8961000,0.0,0.0,0.0
2007-12-05,82.76000213623047,83.41999816894531,82.76000213623047,83.0999984741211,46.448307037353516,8764100,0.0,0.0,0.0
2007-12-06,82.8499984741211,83.95999908447266,82.72000122070312,83.88999938964844,46.8898811340332,8492400,0.0,0.0,0.0
2007-12-07,83.76000213623047,83.80000305175781,83.43000030517578,83.55999755859375,46.7054328918457,9451900,0.0,0.0,0.0
2007-12-10,84.02999877929688,84.5199966430664,83.91000366210938,84.41999816894531,47.186134338378906,14407800,0.0,0.0,0.0
2007-12-11,84.29000091552734,84.54000091552734,82.0999984741211,82.22000122070312,45.95643615722656,15626400,0.0,0.0,0.0
2007-12-12,84.5,84.66999816894531,83.08999633789062,83.87000274658203,46.87870788574219,12330400,0.0,0.0,0.0
2007-12-13,82.23999786376953,82.44999694824219,81.38999938964844,82.16000366210938,45.92290115356445,26822200,0.0,0.0,0.0
2007-12-14,80.56999969482422,80.95999908447266,79.94000244140625,79.94000244140625,44.68205261230469,18638800,0.0,0.0,0.0
2007-12-17,79.0999984741211,79.27999877929688,78.20999908447266,78.23999786376953,43.73184585571289,21841800,0.0,0.0,0.0
2007-12-18,79.58999633789062,79.61000061035156,78.12000274658203,79.22000122070312,44.27960205078125,18508900,0.0,0.0,0.0
2007-12-19,78.93000030517578,79.13999938964844,78.13999938964844,78.56999969482422,43.916297912597656,13308700,0.0,0.0,0.0
2007-12-20,78.95999908447266,79.12999725341797,78.48999786376953,79.12999725341797,44.22931671142578,13827600,0.0,0.0,0.0
2007-12-21,79.83000183105469,80.26000213623047,79.62000274658203,80.26000213623047,44.86091613769531,26845200,0.0,0.0,0.0
2007-12-24,79.30000305175781,79.30000305175781,78.0,78.58000183105469,45.04436492919922,5156500,2.0,0.0,0.0
2007-12-26,78.83999633789062,79.12999725341797,78.5199966430664,78.80000305175781,45.170467376708984,7051800,0.0,0.0,0.0
2007-12-27,78.87999725341797,78.94000244140625,78.26000213623047,78.31999969482422,44.89531326293945,9729400,0.0,0.0,0.0
2007-12-28,79.2300033569336,79.2699966430664,78.8499984741211,78.98999786376953,45.27937316894531,6358300,0.0,0.0,0.0
2007-12-31,79.2300033569336,79.23999786376953,78.13999938964844,78.5,44.998497009277344,14091500,0.0,0.0,0.0
2008-01-02,79.02999877929688,79.22000122070312,78.0199966430664,78.22000122070312,44.837982177734375,13770500,0.0,0.0,0.0
2008-01-03,78.33999633789062,78.6500015258789,78.19999694824219,78.3499984741211,44.91251754760742,13924700,0.0,0.0,0.0
2008-01-04,78.0199966430664,78.0199966430664,76.5,76.56999969482422,43.89215850830078,11883900,0.0,0.0,0.0
2008-01-07,77.05000305175781,77.11000061035156,76.29000091552734,76.6500015258789,43.938011169433594,18197300,0.0,0.0,0.0
2008-01-08,77.43000030517578,77.77999877929688,76.08999633789062,76.22000122070312,43.691532135009766,15632600,0.0,0.0,0.0
2008-01-09,76.22000122070312,76.86000061035156,75.75,76.7699966430664,44.00680923461914,14863600,0.0,0.0,0.0
2008-01-10,75.87000274658203,77.0199966430664,75.72000122070312,76.69000244140625,43.96094512939453,14018200,0.0,0.0,0.0
2008-01-11,75.81999969482422,75.91000366210938,74.91999816894531,75.16000366210938,43.083900451660156,10759900,0.0,0.0,0.0
2008-01-14,76.5999984741211,76.62999725341797,76.0199966430664,76.36000061035156,43.771793365478516,10031000,0.0,0.0,0.0
2008-01-15,75.19000244140625,75.26000213623047,73.73999786376953,73.87999725341797,42.35017013549805,12630400,0.0,0.0,0.0
2008-01-16,73.3499984741211,73.94999694824219,72.13999938964844,72.38999938964844,41.496063232421875,16323300,0.0,0.0,0.0
2008-01-17,73.16999816894531,73.4000015258789,71.01000213623047,71.30000305175781,40.871253967285156,22476600,0.0,0.0,0.0
2008-01-18,72.5999984741211,72.97000122070312,71.1500015258789,71.70999908447266,41.10626983642578,21939600,0.0,0.0,0.0
2008-01-22,66.5,69.94000244140625,66.12999725341797,69.70999908447266,39.959815979003906,24637000,0.0,0.0,0.0
2008-01-23,66.25,69.37000274658203,65.62999725341797,69.30000305175781,39.72477722167969,33608600,0.0,0.0,0.0
2008-01-24,70.44999694824219,71.7300033569336,69.95999908447266,71.7300033569336,41.117733001708984,14649000,0.0,0.0,0.0
2008-01-25,72.7300033569336,72.77999877929688,70.20999908447266,70.69000244140625,40.521583557128906,15052900,0.0,0.0,0.0
2008-01-28,70.54000091552734,71.52999877929688,69.80000305175781,71.4800033569336,40.97441482543945,17770100,0.0,0.0,0.0
2008-01-29,71.80999755859375,71.9800033569336,71.1500015258789,71.91000366210938,41.22091293334961,12914400,0.0,0.0,0.0
2008-01-30,71.33999633789062,73.06999969482422,70.87999725341797,71.58000183105469,41.03175354003906,15417100,0.0,0.0,0.0
2008-01-31,70.25,72.76000213623047,70.20999908447266,72.33999633789062,41.46739959716797,18976200,0.0,0.0,0.0
2008-02-01,72.95999908447266,73.55000305175781,72.55000305175781,73.55000305175781,42.161006927490234,13916700,0.0,0.0,0.0
2008-02-04,73.41000366210938,73.43000030517578,72.72000122070312,72.80000305175781,41.73108673095703,11102300,0.0,0.0,0.0
2008-02-05,70.9800033569336,71.06999969482422,69.4000015258789,69.45999908447266,39.81649398803711,15487400,0.0,0.0,0.0
2008-02-06,70.20999908447266,70.54000091552734,69.31999969482422,69.4000015258789,39.7821159362793,15260200,0.0,0.0,0.0
2008-02-07,68.69999694824219,69.52999877929688,68.30999755859375,69.05000305175781,39.581485748291016,14439600,0.0,0.0,0.0
2008-02-08,68.3499984741211,69.0199966430664,67.9000015258789,68.33999633789062,39.17448043823242,12543800,0.0,0.0,0.0
2008-02-11,68.6500015258789,68.81999969482422,67.81999969482422,68.69999694824219,39.38085174560547,11886900,0.0,0.0,0.0
2008-02-12,69.76000213623047,70.70999908447266,69.62000274658203,70.18000030517578,40.22922134399414,14224000,0.0,0.0,0.0
2008-02-13,70.44000244140625,70.87000274658203,69.83000183105469,70.66000366210938,40.504371643066406,10028700,0.0,0.0,0.0
2008-02-14,71.27999877929688,71.33999633789062,70.2699966430664,70.33999633789062,40.32094192504883,9046200,0.0,0.0,0.0
2008-02-15,70.30000305175781,70.61000061035156,69.94999694824219,70.5999984741211,40.4699821472168,9362200,0.0,0.0,0.0
2008-02-19,72.19000244140625,72.2300033569336,71.08000183105469,71.29000091552734,40.865509033203125,10562000,0.0,0.0,0.0
2008-02-20,69.88999938964844,71.22000122070312,69.83000183105469,70.91999816894531,40.65340805053711,20118300,0.0,0.0,0.0
2008-02-21,71.69000244140625,71.83999633789062,70.73999786376953,70.79000091552734,40.578895568847656,11478900,0.0,0.0,0.0
2008-02-22,71.66999816894531,71.69000244140625,70.36000061035156,71.69000244140625,41.09479904174805,12524600,0.0,0.0,0.0
2008-02-25,71.91999816894531,72.86000061035156,71.52999877929688,72.83000183105469,41.74828338623047,12643600,0.0,0.0,0.0
2008-02-26,72.88999938964844,74.23999786376953,72.63999938964844,73.91000366210938,42.36736297607422,11409300,0.0,0.0,0.0
2008-02-27,73.4000015258789,74.52999877929688,73.37000274658203,74.1500015258789,42.504947662353516,12680700,0.0,0.0,0.0
2008-02-28,73.55999755859375,73.87000274658203,73.20999908447266,73.44000244140625,42.09794998168945,9345600,0.0,0.0,0.0
2008-02-29,72.54000091552734,72.5999984741211,71.45999908447266,71.5999984741211,41.043216705322266,16244300,0.0,0.0,0.0
2008-03-03,71.5199966430664,72.19000244140625,71.08999633789062,71.80999755859375,41.1635856628418,11907200,0.0,0.0,0.0
2008-03-04,70.52999877929688,70.9800033569336,69.94000244140625,70.72000122070312,40.53876876831055,14389700,0.0,0.0,0.0
2008-03-05,71.31999969482422,72.05999755859375,70.95999908447266,71.56999969482422,41.02601623535156,11441200,0.0,0.0,0.0
2008-03-06,71.5999984741211,71.7300033569336,70.52999877929688,70.55000305175781,40.441322326660156,11643200,0.0,0.0,0.0
2008-03-07,69.94999694824219,70.73999786376953,69.44999694824219,69.72000122070312,39.965538024902344,10738500,0.0,0.0,0.0
2008-03-10,70.19999694824219,72.5,68.97000122070312,69.37000274658203,39.76491165161133,25154900,0.0,0.0,0.0
2008-03-11,71.08000183105469,71.55999755859375,70.05000305175781,71.55999755859375,41.02028274536133,14641800,0.0,0.0,0.0
2008-03-12,71.80999755859375,72.0,71.25,71.55999755859375,41.02028274536133,15803200,0.0,0.0,0.0
2008-03-13,70.44000244140625,71.94999694824219,70.13999938964844,71.68000030517578,41.089073181152344,11435300,0.0,0.0,0.0
2008-03-14,71.63999938964844,71.79000091552734,69.43000030517578,69.94999694824219,40.097389221191406,13901300,0.0,0.0,0.0
2008-03-17,68.16000366210938,69.47000122070312,67.87999725341797,68.88999938964844,39.48976516723633,17473700,0.0,0.0,0.0
2008-03-18,70.05000305175781,71.0,69.80000305175781,71.0,40.69927978515625,18299700,0.0,0.0,0.0
2008-03-19,70.33999633789062,70.6500015258789,68.30999755859375,68.43000030517578,39.22607421875,13885800,0.0,0.0,0.0
2008-03-20,68.0,69.58000183105469,67.79000091552734,69.45999908447266,39.81649398803711,14106800,0.0,0.0,0.0
2008-03-24,69.7699966430664,71.08000183105469,69.7699966430664,70.7300033569336,40.54450225830078,13955800,0.0,0.0,0.0
2008-03-25,71.30000305175781,71.91999816894531,70.87999725341797,71.76000213623047,41.134925842285156,18299600,0.0,0.0,0.0
2008-03-26,71.79000091552734,72.06999969482422,71.38999938964844,71.76000213623047,41.134925842285156,12468500,0.0,0.0,0.0
2008-03-27,72.86000061035156,72.86000061035156,71.68000030517578,71.69999694824219,41.10053634643555,10316600,0.0,0.0,0.0
2008-03-28,72.12000274658203,72.29000091552734,71.55999755859375,71.63999938964844,41.06612777709961,11224600,0.0,0.0,0.0
2008-03-31,71.69000244140625,72.38999938964844,71.62000274658203,71.9000015258789,41.21518325805664,15065500,0.0,0.0,0.0
2008-04-01,72.9000015258789,74.23999786376953,72.73999786376953,74.16999816894531,42.516422271728516,18534500,0.0,0.0,0.0
2008-04-02,74.1500015258789,74.58999633789062,73.77999877929688,74.33000183105469,42.60812759399414,10982700,0.0,0.0,0.0
2008-04-03,73.8499984741211,74.80999755859375,73.80999755859375,74.55000305175781,42.73423767089844,7069400,0.0,0.0,0.0
2008-04-04,74.77999877929688,75.13999938964844,74.26000213623047,74.80000305175781,42.8775520324707,9901600,0.0,0.0,0.0
2008-04-07,75.5,75.62000274658203,75.0999984741211,75.26000213623047,43.141239166259766,7494700,0.0,0.0,0.0
2008-04-08,74.23999786376953,74.6500015258789,74.13999938964844,74.47000122070312,42.68838119506836,7534000,0.0,0.0,0.0
2008-04-09,74.44999694824219,74.48999786376953,73.73999786376953,73.86000061035156,42.33870315551758,11748900,0.0,0.0,0.0
2008-04-10,73.68000030517578,74.04000091552734,73.23999786376953,73.62999725341797,42.20685577392578,12757700,0.0,0.0,0.0
2008-04-11,73.19999694824219,73.44999694824219,72.63999938964844,72.63999938964844,41.639373779296875,7246900,0.0,0.0,0.0
2008-04-14,72.87000274658203,73.11000061035156,72.58000183105469,72.80000305175781,41.73108673095703,7161800,0.0,0.0,0.0
2008-04-15,73.26000213623047,73.33999633789062,72.73999786376953,73.30999755859375,42.023433685302734,10849500,0.0,0.0,0.0
2008-04-16,74.4800033569336,75.62000274658203,74.41000366210938,75.62000274658203,43.347591400146484,10529100,0.0,0.0,0.0
2008-04-17,74.4000015258789,74.88999938964844,74.30000305175781,74.77999877929688,42.86607360839844,17629000,0.0,0.0,0.0
2008-04-18,75.26000213623047,75.66999816894531,75.01000213623047,75.30999755859375,43.16990280151367,19354900,0.0,0.0,0.0
2008-04-21,75.47000122070312,75.93000030517578,75.29000091552734,75.9000015258789,43.508079528808594,6355100,0.0,0.0,0.0
2008-04-22,75.3499984741211,75.44999694824219,74.81999969482422,75.11000061035156,43.05523681640625,7264100,0.0,0.0,0.0
2008-04-23,75.0999984741211,75.63999938964844,74.69000244140625,75.5,43.278804779052734,10522800,0.0,0.0,0.0
2008-04-24,74.73999786376953,75.43000030517578,74.23999786376953,75.01000213623047,42.997920989990234,8145200,0.0,0.0,0.0
2008-04-25,75.79000091552734,75.9800033569336,75.33999633789062,75.62999725341797,43.35332107543945,17696000,0.0,0.0,0.0
2008-04-28,76.25,76.37000274658203,76.01000213623047,76.06999969482422,43.60554122924805,7686400,0.0,0.0,0.0
2008-04-29,75.56999969482422,75.66000366210938,75.29000091552734,75.4000015258789,43.22148513793945,7570100,0.0,0.0,0.0
2008-04-30,75.62999725341797,76.4000015258789,75.62000274658203,75.80999755859375,43.456512451171875,9458000,0.0,0.0,0.0
2008-05-01,75.4000015258789,76.33999633789062,75.33999633789062,76.2699966430664,43.720184326171875,11560300,0.0,0.0,0.0
2008-05-02,76.80000305175781,76.9000015258789,76.08999633789062,76.4800033569336,43.84056854248047,15374600,0.0,0.0,0.0
2008-05-05,76.69999694824219,76.77999877929688,76.41999816894531,76.61000061035156,43.91509246826172,7669900,0.0,0.0,0.0
2008-05-06,76.3499984741211,77.2699966430664,76.2699966430664,77.18000030517578,44.241825103759766,8318300,0.0,0.0,0.0
2008-05-07,76.69000244140625,76.87000274658203,75.7300033569336,75.83000183105469,43.467979431152344,9339200,0.0,0.0,0.0
2008-05-08,76.43000030517578,76.7699966430664,76.2300033569336,76.48999786376953,43.8463134765625,6971300,0.0,0.0,0.0
2008-05-09,75.7300033569336,76.1500015258789,75.62999725341797,75.87999725341797,43.49663543701172,5649300,0.0,0.0,0.0
2008-05-12,76.1500015258789,76.7699966430664,76.02999877929688,76.63999938964844,43.932281494140625,6293200,0.0,0.0,0.0
2008-05-13,76.41000366210938,76.47000122070312,76.05000305175781,76.37999725341797,43.78323745727539,8349900,0.0,0.0,0.0
2008-05-14,76.56999969482422,76.97000122070312,76.37999725341797,76.37999725341797,43.78323745727539,7236300,0.0,0.0,0.0
2008-05-15,76.97000122070312,77.73999786376953,76.83000183105469,77.68000030517578,44.528446197509766,6406700,0.0,0.0,0.0
2008-05-16,78.0,78.52999877929688,77.80000305175781,78.5199966430664,45.00996017456055,8314200,0.0,0.0,0.0
2008-05-19,78.55999755859375,78.7699966430664,78.08000183105469,78.19999694824219,44.82653045654297,7394100,0.0,0.0,0.0
2008-05-20,77.95999908447266,78.01000213623047,77.37000274658203,77.4800033569336,44.41381072998047,11190900,0.0,0.0,0.0
2008-05-21,77.56999969482422,77.69000244140625,76.52999877929688,76.5999984741211,43.90935516357422,13505300,0.0,0.0,0.0
2008-05-22,77.45999908447266,77.7300033569336,77.25,77.48999786376953,44.41952133178711,9171800,0.0,0.0,0.0
2008-05-23,77.33000183105469,77.33999633789062,76.5,76.61000061035156,43.91509246826172,7094000,0.0,0.0,0.0
2008-05-27,76.13999938964844,76.47000122070312,75.91000366210938,76.45999908447266,43.8291130065918,7625800,0.0,0.0,0.0
2008-05-28,76.37000274658203,76.48999786376953,75.8499984741211,76.44999694824219,43.8233757019043,7705900,0.0,0.0,0.0
2008-05-29,75.87000274658203,76.55999755859375,75.80000305175781,76.27999877929688,43.72592544555664,9804200,0.0,0.0,0.0
2008-05-30,76.5999984741211,76.9000015258789,76.54000091552734,76.70999908447266,43.972415924072266,8651600,0.0,0.0,0.0
2008-06-02,76.08000183105469,76.1500015258789,75.6500015258789,75.91000366210938,43.51383972167969,9327700,0.0,0.0,0.0
2008-06-03,76.08000183105469,76.29000091552734,75.30999755859375,75.75,43.4221076965332,9969600,0.0,0.0,0.0
2008-06-04,75.27999877929688,75.80000305175781,75.12999725341797,75.30999755859375,43.16990280151367,8132200,0.0,0.0,0.0
2008-06-05,75.5,76.55999755859375,75.30000305175781,76.55999755859375,43.886436462402344,8738200,0.0,0.0,0.0
2008-06-06,75.58999633789062,75.63999938964844,74.3499984741211,74.36000061035156,42.62532424926758,9983700,0.0,0.0,0.0
2008-06-09,75.0,75.01000213623047,73.88999938964844,74.26000213623047,42.5680046081543,8157900,0.0,0.0,0.0
2008-06-10,72.97000122070312,73.4800033569336,72.81999969482422,73.0,41.84573745727539,8925100,0.0,0.0,0.0
2008-06-11,72.9000015258789,72.98999786376953,71.97000122070312,72.06999969482422,41.31262969970703,13177900,0.0,0.0,0.0
2008-06-12,71.8499984741211,72.25,71.54000091552734,71.81999969482422,41.169315338134766,11209500,0.0,0.0,0.0
2008-06-13,71.69999694824219,72.4800033569336,71.58000183105469,72.4800033569336,41.54765319824219,10236300,0.0,0.0,0.0
2008-06-16,72.4000015258789,72.94000244140625,72.29000091552734,72.8499984741211,41.75974655151367,9815600,0.0,0.0,0.0
2008-06-17,73.66000366210938,73.66000366210938,72.9000015258789,73.06999969482422,41.885860443115234,7013000,0.0,0.0,0.0
2008-06-18,72.33000183105469,72.62000274658203,72.06999969482422,72.47000122070312,41.54192352294922,14861100,0.0,0.0,0.0
2008-06-19,72.08999633789062,72.5,71.8499984741211,72.33000183105469,41.461673736572266,25370000,0.0,0.0,0.0
2008-06-20,71.30000305175781,71.36000061035156,70.5999984741211,70.75,40.555965423583984,14909700,0.0,0.0,0.0
2008-06-23,70.80999755859375,70.91000366210938,70.43000030517578,70.73999786376953,40.550235748291016,12852800,0.0,0.0,0.0
2008-06-24,70.30999755859375,70.86000061035156,70.0,70.41999816894531,40.36680603027344,18685000,0.0,0.0,0.0
2008-06-25,69.6500015258789,70.4800033569336,69.6500015258789,69.8499984741211,40.79785919189453,21446000,1.308,0.0,0.0
2008-06-26,69.19999694824219,69.30000305175781,68.08000183105469,68.08000183105469,39.764041900634766,18484600,0.0,0.0,0.0
2008-06-27,68.70999908447266,68.80999755859375,68.05999755859375,68.26000213623047,39.869163513183594,28977200,0.0,0.0,0.0
2008-06-30,68.70999908447266,69.05999755859375,68.6500015258789,68.66999816894531,40.108642578125,16126000,0.0,0.0,0.0
2008-07-01,67.55000305175781,67.97000122070312,66.88999938964844,67.93000030517578,39.676422119140625,19350900,0.0,0.0,0.0
2008-07-02,68.3499984741211,68.37000274658203,66.66999816894531,66.8499984741211,39.045623779296875,16759900,0.0,0.0,0.0
2008-07-03,67.5,67.56999969482422,66.62999725341797,67.27999877929688,39.29677200317383,14420600,0.0,0.0,0.0
2008-07-07,67.04000091552734,67.43000030517578,66.2699966430664,66.69999694824219,38.958003997802734,13827600,0.0,0.0,0.0
2008-07-08,66.41000366210938,67.08999633789062,65.93000030517578,67.05000305175781,39.16243362426758,13982800,0.0,0.0,0.0
2008-07-09,67.37999725341797,67.5,66.18000030517578,66.18000030517578,38.65427780151367,12121800,0.0,0.0,0.0
2008-07-10,66.38999938964844,66.80999755859375,66.05999755859375,66.75,38.987205505371094,14732600,0.0,0.0,0.0
2008-07-11,65.69000244140625,66.11000061035156,64.9800033569336,65.69999694824219,38.373924255371094,15132800,0.0,0.0,0.0
2008-07-14,66.4000015258789,66.4000015258789,65.38999938964844,65.55999755859375,38.292152404785156,9231800,0.0,0.0,0.0
2008-07-15,64.63999938964844,65.19999694824219,64.06999969482422,64.51000213623047,37.67888641357422,21612800,0.0,0.0,0.0
2008-07-16,64.25,65.80000305175781,64.08000183105469,65.69999694824219,38.373924255371094,16201500,0.0,0.0,0.0
2008-07-17,66.62000274658203,66.87000274658203,66.16999816894531,66.69999694824219,38.958003997802734,13884100,0.0,0.0,0.0
2008-07-18,66.7699966430664,67.16000366210938,66.45999908447266,67.12999725341797,39.209163665771484,14274700,0.0,0.0,0.0
2008-07-21,67.7300033569336,67.75,67.19000244140625,67.5199966430664,39.436946868896484,9320000,0.0,0.0,0.0
2008-07-22,66.66999816894531,67.77999877929688,66.61000061035156,67.75,39.5712776184082,10336400,0.0,0.0,0.0
2008-07-23,67.97000122070312,68.38999938964844,67.81999969482422,68.0,39.71730041503906,10399000,0.0,0.0,0.0
2008-07-24,67.94999694824219,67.94999694824219,66.68000030517578,66.76000213623047,38.99305725097656,9628200,0.0,0.0,0.0
2008-07-25,66.87000274658203,67.22000122070312,66.55000305175781,66.9000015258789,39.07482147216797,7867600,0.0,0.0,0.0
2008-07-28,66.97000122070312,66.97000122070312,65.72000122070312,65.77999877929688,38.42064666748047,11142000,0.0,0.0,0.0
2008-07-29,65.69000244140625,66.45999908447266,65.66999816894531,66.43000030517578,38.8003044128418,10323600,0.0,0.0,0.0
2008-07-30,66.75,67.08999633789062,66.45999908447266,67.05000305175781,39.16243362426758,14376900,0.0,0.0,0.0
2008-07-31,66.69999694824219,67.0,66.23999786376953,66.38999938964844,38.77693557739258,11372800,0.0,0.0,0.0
2008-08-01,66.1500015258789,66.19000244140625,65.29000091552734,65.4000015258789,38.19871520996094,11859500,0.0,0.0,0.0
2008-08-04,65.3499984741211,65.37999725341797,64.7300033569336,64.77999877929688,37.83657455444336,8556700,0.0,0.0,0.0
2008-08-05,65.6500015258789,66.43000030517578,65.4800033569336,66.41999816894531,38.794464111328125,14263900,0.0,0.0,0.0
2008-08-06,65.95999908447266,66.55000305175781,65.73999786376953,66.44000244140625,38.806156158447266,11507700,0.0,0.0,0.0
2008-08-07,65.91000366210938,65.91999816894531,65.0,65.11000061035156,38.02933120727539,8099900,0.0,0.0,0.0
2008-08-08,64.23999786376953,65.55000305175781,64.06999969482422,65.37999725341797,38.18703079223633,10579200,0.0,0.0,0.0
2008-08-11,65.43000030517578,65.7300033569336,65.1500015258789,65.31999969482422,38.1519775390625,10024200,0.0,0.0,0.0
2008-08-12,65.31999969482422,65.33999633789062,64.62000274658203,64.8499984741211,37.87745666503906,9630900,0.0,0.0,0.0
2008-08-13,63.9900016784668,64.23999786376953,63.31999969482422,63.83000183105469,37.281707763671875,12559300,0.0,0.0,0.0
2008-08-14,63.36000061035156,63.97999954223633,63.25,63.58000183105469,37.13568115234375,10306700,0.0,0.0,0.0
2008-08-15,63.189998626708984,63.45000076293945,62.939998626708984,63.15999984741211,36.8903694152832,8640600,0.0,0.0,0.0
2008-08-18,63.779998779296875,63.79999923706055,62.599998474121094,62.84000015258789,36.70347595214844,11535300,0.0,0.0,0.0
2008-08-19,62.099998474121094,62.220001220703125,61.7599983215332,62.130001068115234,36.28876495361328,11853200,0.0,0.0,0.0
2008-08-20,62.29999923706055,62.5,61.900001525878906,62.5,36.504878997802734,15433500,0.0,0.0,0.0
2008-08-21,62.34000015258789,62.900001525878906,62.2400016784668,62.75,36.650901794433594,8964200,0.0,0.0,0.0
2008-08-22,62.83000183105469,63.189998626708984,62.70000076293945,63.040000915527344,36.820281982421875,6582300,0.0,0.0,0.0
2008-08-25,62.91999816894531,62.9900016784668,61.90999984741211,62.04999923706055,36.242042541503906,10955100,0.0,0.0,0.0
2008-08-26,62.119998931884766,62.650001525878906,61.93000030517578,62.36000061035156,36.42310333251953,7745000,0.0,0.0,0.0
2008-08-27,62.689998626708984,63.0099983215332,62.5,62.95000076293945,36.76771926879883,9295000,0.0,0.0,0.0
2008-08-28,63.720001220703125,63.83000183105469,63.5099983215332,63.7599983215332,37.240821838378906,11277400,0.0,0.0,0.0
2008-08-29,63.88999938964844,64.1500015258789,63.5099983215332,63.56999969482422,37.12984848022461,11080000,0.0,0.0,0.0
2008-09-02,63.41999816894531,63.540000915527344,62.540000915527344,62.59000015258789,36.55744552612305,14645400,0.0,0.0,0.0
2008-09-03,62.349998474121094,62.61000061035156,61.97999954223633,62.33000183105469,36.40558624267578,10635700,0.0,0.0,0.0
2008-09-04,61.61000061035156,61.68000030517578,59.619998931884766,59.65999984741211,34.8460807800293,16723100,0.0,0.0,0.0
2008-09-05,59.349998474121094,59.68000030517578,58.66999816894531,59.439998626708984,34.71759033203125,17543700,0.0,0.0,0.0
2008-09-08,61.33000183105469,61.38999938964844,59.959999084472656,60.77000045776367,35.49441146850586,19143200,0.0,0.0,0.0
2008-09-09,60.33000183105469,60.540000915527344,58.77000045776367,58.79999923706055,34.343788146972656,12860600,0.0,0.0,0.0
2008-09-10,59.68000030517578,59.83000183105469,59.060001373291016,59.369998931884766,34.67670822143555,15264600,0.0,0.0,0.0
2008-09-11,58.0,59.290000915527344,57.72999954223633,59.2400016784668,34.60078811645508,16722400,0.0,0.0,0.0
2008-09-12,59.36000061035156,60.5,59.06999969482422,60.400001525878906,35.2783203125,16526900,0.0,0.0,0.0
2008-09-15,57.75,58.869998931884766,57.25,57.83000183105469,33.777225494384766,31607800,0.0,0.0,0.0
2008-09-16,56.15999984741211,57.709999084472656,55.75,57.400001525878906,33.526084899902344,26092500,0.0,0.0,0.0
2008-09-17,56.31999969482422,56.75,54.849998474121094,55.209999084472656,32.24694061279297,31227800,0.0,0.0,0.0
2008-09-18,56.630001068115234,58.15999984741211,55.2599983215332,57.720001220703125,33.712989807128906,30062000,0.0,0.0,0.0
2008-09-19,60.689998626708984,63.7400016784668,59.470001220703125,61.810001373291016,36.101863861083984,38923300,0.0,0.0,0.0
2008-09-22,61.36000061035156,61.61000061035156,59.70000076293945,59.70000076293945,34.86946105957031,27789800,0.0,0.0,0.0
2008-09-23,59.70000076293945,60.15999984741211,58.439998626708984,58.86000061035156,34.37883377075195,14862000,0.0,0.0,0.0
2008-09-24,59.68000030517578,59.7599983215332,58.75,59.029998779296875,34.47813034057617,12657200,0.0,0.0,0.0
2008-09-25,59.790000915527344,60.540000915527344,59.689998626708984,60.38999938964844,35.2724723815918,16568100,0.0,0.0,0.0
2008-09-26,59.099998474121094,59.81999969482422,58.88999938964844,59.75,34.89866256713867,22570500,0.0,0.0,0.0
2008-09-29,56.84000015258789,56.849998474121094,52.36000061035156,53.08000183105469,31.002866744995117,35675800,0.0,0.0,0.0
2008-09-30,55.2400016784668,56.29999923706055,54.84000015258789,56.29999923706055,32.88359832763672,29246900,0.0,0.0,0.0
2008-10-01,55.54999923706055,56.41999816894531,54.90999984741211,55.880001068115234,32.638282775878906,27952600,0.0,0.0,0.0
2008-10-02,54.810001373291016,54.95000076293945,53.29999923706055,53.439998626708984,31.213138580322266,23232500,0.0,0.0,0.0
2008-10-03,53.54999923706055,55.470001220703125,53.09000015258789,53.22999954223633,31.090473175048828,34402700,0.0,0.0,0.0
2008-10-06,51.18000030517578,51.25,48.150001525878906,50.220001220703125,29.33240509033203,53409500,0.0,0.0,0.0
2008-10-07,51.29999923706055,51.4900016784668,47.869998931884766,47.869998931884766,27.959810256958008,37326000,0.0,0.0,0.0
2008-10-08,47.150001525878906,48.84000015258789,46.29999923706055,46.79999923706055,27.334861755371094,42426500,0.0,0.0,0.0
2008-10-09,48.13999938964844,48.310001373291016,43.630001068115234,44.0,25.699426651000977,35533300,0.0,0.0,0.0
2008-10-10,41.310001373291016,43.7599983215332,40.02000045776367,42.36000061035156,24.741548538208008,59719300,0.0,0.0,0.0
2008-10-13,45.650001525878906,49.52000045776367,45.31999969482422,49.09000015258789,28.67238998413086,57779900,0.0,0.0,0.0
2008-10-14,50.40999984741211,50.88999938964844,47.060001373291016,48.08000183105469,28.082469940185547,41811500,0.0,0.0,0.0
2008-10-15,46.849998474121094,47.0,42.90999984741211,42.95000076293945,25.08614730834961,35975400,0.0,0.0,0.0
2008-10-16,44.2599983215332,45.540000915527344,41.97999954223633,45.47999954223633,26.563873291015625,44651300,0.0,0.0,0.0
2008-10-17,43.40999984741211,46.5,43.209999084472656,44.5099983215332,25.997310638427734,31032400,0.0,0.0,0.0
2008-10-20,45.65999984741211,47.349998474121094,45.36000061035156,47.349998474121094,27.656091690063477,29347500,0.0,0.0,0.0
2008-10-21,45.66999816894531,46.34000015258789,44.540000915527344,44.68000030517578,26.09661102294922,34623800,0.0,0.0,0.0
2008-10-22,43.209999084472656,43.34000015258789,40.459999084472656,41.41999816894531,24.19251251220703,31546700,0.0,0.0,0.0
2008-10-23,41.619998931884766,42.77000045776367,40.22999954223633,42.33000183105469,24.724023818969727,33626600,0.0,0.0,0.0
2008-10-24,38.47999954223633,40.779998779296875,38.189998626708984,39.59000015258789,23.12364959716797,32920600,0.0,0.0,0.0
2008-10-27,38.099998474121094,39.459999084472656,37.5,37.5099983215332,21.908761978149414,31682200,0.0,0.0,0.0
2008-10-28,39.790000915527344,43.04999923706055,38.33000183105469,42.68000030517578,24.92845344543457,41688400,0.0,0.0,0.0
2008-10-29,42.189998626708984,44.20000076293945,41.810001373291016,42.779998779296875,24.986862182617188,34384700,0.0,0.0,0.0
2008-10-30,44.91999816894531,45.04999923706055,43.18000030517578,44.279998779296875,25.862974166870117,33312100,0.0,0.0,0.0
2008-10-31,43.290000915527344,45.279998779296875,43.02000045776367,44.56999969482422,26.032358169555664,40976800,0.0,0.0,0.0
2008-11-03,44.380001068115234,45.040000915527344,44.2599983215332,44.75,26.137502670288086,20436100,0.0,0.0,0.0
2008-11-04,46.20000076293945,47.900001525878906,46.08000183105469,47.81999969482422,27.930604934692383,29640600,0.0,0.0,0.0
2008-11-05,46.939998626708984,47.75,45.119998931884766,45.220001220703125,26.412006378173828,29660700,0.0,0.0,0.0
2008-11-06,44.77000045776367,45.060001373291016,41.91999816894531,42.29999923706055,24.70650291442871,35121300,0.0,0.0,0.0
2008-11-07,43.84000015258789,44.810001373291016,43.599998474121094,44.689998626708984,26.102441787719727,28171200,0.0,0.0,0.0
2008-11-10,45.45000076293945,45.4900016784668,43.310001373291016,44.02000045776367,25.711122512817383,25590000,0.0,0.0,0.0
2008-11-11,43.029998779296875,43.31999969482422,41.81999969482422,42.56999969482422,24.864208221435547,34095000,0.0,0.0,0.0
2008-11-12,41.61000061035156,41.810001373291016,40.25,40.279998779296875,23.52666473388672,35248700,0.0,0.0,0.0
2008-11-13,40.79999923706055,43.709999084472656,39.310001373291016,43.709999084472656,25.530044555664062,51118000,0.0,0.0,0.0
2008-11-14,41.68000030517578,42.7400016784668,40.77000045776367,41.20000076293945,24.06401252746582,48148100,0.0,0.0,0.0
2008-11-17,40.7599983215332,41.650001525878906,40.040000915527344,40.45000076293945,23.625959396362305,30054400,0.0,0.0,0.0
2008-11-18,40.0,41.029998779296875,39.5,40.52000045776367,23.666845321655273,44628000,0.0,0.0,0.0
2008-11-19,40.099998474121094,40.5,37.7400016784668,37.810001373291016,22.08399200439453,45216100,0.0,0.0,0.0
2008-11-20,37.68000030517578,38.47999954223633,35.529998779296875,35.72999954223633,20.869110107421875,54184200,0.0,0.0,0.0
2008-11-21,37.709999084472656,38.33000183105469,35.84000015258789,38.27000045776367,22.35266876220703,49797000,0.0,0.0,0.0
2008-11-24,39.09000015258789,41.5099983215332,38.75,40.560001373291016,23.690202713012695,41988500,0.0,0.0,0.0
2008-11-25,41.83000183105469,41.97999954223633,40.150001525878906,41.29999923706055,24.122425079345703,46002000,0.0,0.0,0.0
2008-11-26,40.189998626708984,41.900001525878906,40.11000061035156,41.75,24.385257720947266,34099900,0.0,0.0,0.0
2008-11-28,41.290000915527344,41.90999984741211,41.09000015258789,41.72999954223633,24.37357521057129,17627900,0.0,0.0,0.0
2008-12-01,40.310001373291016,40.400001525878906,38.18000030517578,38.31999969482422,22.381872177124023,50272000,0.0,0.0,0.0
2008-12-02,39.7400016784668,40.59000015258789,39.2400016784668,40.400001525878906,23.59676170349121,44399000,0.0,0.0,0.0
2008-12-03,39.18000030517578,40.939998626708984,39.040000915527344,40.939998626708984,23.912153244018555,41980400,0.0,0.0,0.0
2008-12-04,39.630001068115234,40.52000045776367,38.81999969482422,39.68000030517578,23.176212310791016,41836300,0.0,0.0,0.0
2008-12-05,38.95000076293945,40.349998474121094,38.09000015258789,40.18000030517578,23.4682559967041,41059200,0.0,0.0,0.0
2008-12-08,41.349998474121094,42.400001525878906,41.119998931884766,42.09000015258789,24.583843231201172,45982000,0.0,0.0,0.0
2008-12-09,41.810001373291016,42.630001068115234,41.439998626708984,41.70000076293945,24.356054306030273,38538000,0.0,0.0,0.0
2008-12-10,42.459999084472656,43.0,42.04999923706055,42.79999923706055,24.998546600341797,39997900,0.0,0.0,0.0
2008-12-11,42.939998626708984,43.63999938964844,42.29999923706055,42.61000061035156,24.887563705444336,36787800,0.0,0.0,0.0
2008-12-12,41.81999969482422,43.29999923706055,41.720001220703125,43.029998779296875,25.13288116455078,42675200,0.0,0.0,0.0
2008-12-15,43.220001220703125,43.31999969482422,42.470001220703125,43.13999938964844,25.197124481201172,44527700,0.0,0.0,0.0
2008-12-16,43.04999923706055,45.790000915527344,43.04999923706055,45.619998931884766,26.64563751220703,47026500,0.0,0.0,0.0
2008-12-17,44.59000015258789,45.779998779296875,44.5099983215332,45.38999938964844,26.511295318603516,45054900,0.0,0.0,0.0
2008-12-18,45.279998779296875,45.29999923706055,43.439998626708984,44.0,25.699426651000977,42315200,0.0,0.0,0.0
2008-12-19,43.63999938964844,44.119998931884766,43.02000045776367,43.36000061035156,25.32562828063965,38356000,0.0,0.0,0.0
2008-12-22,43.619998931884766,43.70000076293945,42.45000076293945,43.060001373291016,25.150407791137695,36928300,0.0,0.0,0.0
2008-12-23,42.880001068115234,42.97999954223633,41.970001220703125,42.20000076293945,24.961711883544922,32553600,0.541,0.0,0.0
2008-12-24,42.65999984741211,42.83000183105469,42.310001373291016,42.7599983215332,25.292957305908203,16114600,0.0,0.0,0.0
2008-12-26,42.880001068115234,43.2400016784668,42.599998474121094,42.959999084472656,25.411256790161133,13297600,0.0,0.0,0.0
2008-12-29,43.59000015258789,43.65999984741211,42.689998626708984,42.970001220703125,25.417173385620117,29150100,0.0,0.0,0.0
2008-12-30,43.45000076293945,44.33000183105469,43.310001373291016,44.2599983215332,26.180225372314453,28477600,0.0,0.0,0.0
2008-12-31,44.119998931884766,45.150001525878906,43.88999938964844,44.86000061035156,26.535125732421875,26881200,0.0,0.0,0.0
2009-01-02,44.59000015258789,45.619998931884766,44.45000076293945,45.439998626708984,26.878198623657227,21928500,0.0,0.0,0.0
2009-01-05,44.689998626708984,45.060001373291016,44.40999984741211,44.709999084472656,26.446399688720703,27947600,0.0,0.0,0.0
2009-01-06,44.900001525878906,45.5,44.529998779296875,45.189998626708984,26.73032569885254,23282100,0.0,0.0,0.0
2009-01-07,44.849998474121094,44.9900016784668,44.130001068115234,44.40999984741211,26.268945693969727,23930600,0.0,0.0,0.0
2009-01-08,44.470001220703125,45.099998474121094,44.13999938964844,45.06999969482422,26.659345626831055,19883800,0.0,0.0,0.0
2009-01-09,44.54999923706055,44.599998474121094,43.470001220703125,43.5099983215332,25.736583709716797,31728900,0.0,0.0,0.0
2009-01-12,43.279998779296875,43.31999969482422,42.2599983215332,42.459999084472656,25.115501403808594,28816400,0.0,0.0,0.0
2009-01-13,41.619998931884766,42.029998779296875,41.27000045776367,41.68000030517578,24.654125213623047,29424100,0.0,0.0,0.0
2009-01-14,40.56999969482422,40.59000015258789,39.709999084472656,39.970001220703125,23.64264488220215,37212600,0.0,0.0,0.0
2009-01-15,40.2400016784668,40.709999084472656,39.209999084472656,40.33000183105469,23.855588912963867,42030800,0.0,0.0,0.0
2009-01-16,41.25,41.310001373291016,39.709999084472656,40.56999969482422,23.997549057006836,39032500,0.0,0.0,0.0
2009-01-20,39.13999938964844,39.20000076293945,37.56999969482422,37.599998474121094,22.240766525268555,58657300,0.0,0.0,0.0
2009-01-21,38.400001525878906,39.47999954223633,37.900001525878906,39.439998626708984,23.329137802124023,48048200,0.0,0.0,0.0
2009-01-22,38.13999938964844,38.810001373291016,37.68000030517578,38.52000045776367,22.784954071044922,40891400,0.0,0.0,0.0
2009-01-23,37.11000061035156,38.529998779296875,37.0,38.25,22.625244140625,37917500,0.0,0.0,0.0
2009-01-26,38.619998931884766,39.52000045776367,38.470001220703125,39.0,23.06888198852539,38347800,0.0,0.0,0.0
2009-01-27,39.40999984741211,39.93000030517578,39.150001525878906,39.7599983215332,23.518423080444336,35276200,0.0,0.0,0.0
2009-01-28,40.75,41.2400016784668,40.5,40.93000030517578,24.210491180419922,37581800,0.0,0.0,0.0
2009-01-29,39.900001525878906,39.939998626708984,38.959999084472656,39.06999969482422,23.110286712646484,26066100,0.0,0.0,0.0
2009-01-30,39.4900016784668,39.58000183105469,38.5099983215332,38.70000076293945,22.89143180847168,33244900,0.0,0.0,0.0
2009-02-02,37.970001220703125,38.599998474121094,37.880001068115234,38.31999969482422,22.666654586791992,29679400,0.0,0.0,0.0
2009-02-03,38.810001373291016,39.77000045776367,38.47999954223633,39.41999816894531,23.31730842590332,28446900,0.0,0.0,0.0
2009-02-04,39.54999923706055,40.20000076293945,39.02000045776367,39.220001220703125,23.199016571044922,29274800,0.0,0.0,0.0
2009-02-05,38.9900016784668,40.11000061035156,38.68000030517578,39.779998779296875,23.53025245666504,31645600,0.0,0.0,0.0
2009-02-06,39.939998626708984,40.88999938964844,39.849998474121094,40.70000076293945,24.074443817138672,28635900,0.0,0.0,0.0
2009-02-09,40.68000030517578,40.959999084472656,40.40999984741211,40.689998626708984,24.068527221679688,27143500,0.0,0.0,0.0
2009-02-10,40.25,40.5099983215332,38.47999954223633,38.66999816894531,22.873682022094727,35169400,0.0,0.0,0.0
2009-02-11,39.279998779296875,39.439998626708984,38.5099983215332,39.09000015258789,23.122114181518555,24101600,0.0,0.0,0.0
2009-02-12,38.2599983215332,39.0,37.869998931884766,38.970001220703125,23.051132202148438,40755800,0.0,0.0,0.0
2009-02-13,38.790000915527344,39.08000183105469,38.47999954223633,38.54999923706055,22.80269432067871,21184200,0.0,0.0,0.0
2009-02-17,36.93000030517578,37.04999923706055,36.369998931884766,36.5,21.59010887145996,32955300,0.0,0.0,0.0
2009-02-18,36.779998779296875,36.790000915527344,36.029998779296875,36.470001220703125,21.572362899780273,35001300,0.0,0.0,0.0
2009-02-19,37.290000915527344,37.439998626708984,36.25,36.41999816894531,21.542783737182617,25953000,0.0,0.0,0.0
2009-02-20,35.29999923706055,36.33000183105469,35.25,35.88999938964844,21.22928237915039,52151800,0.0,0.0,0.0
2009-02-23,36.18000030517578,36.20000076293945,34.52000045776367,34.52000045776367,20.41891860961914,38218200,0.0,0.0,0.0
2009-02-24,34.86000061035156,36.099998474121094,34.58000183105469,35.959999084472656,21.270689010620117,36854600,0.0,0.0,0.0
2009-02-25,35.43000030517578,35.61000061035156,34.5099983215332,34.970001220703125,20.685094833374023,39168800,0.0,0.0,0.0
2009-02-26,35.58000183105469,35.79999923706055,34.61000061035156,34.68000030517578,20.513559341430664,27205700,0.0,0.0,0.0
2009-02-27,34.33000183105469,35.36000061035156,34.33000183105469,34.68000030517578,20.513559341430664,38490900,0.0,0.0,0.0
2009-03-02,33.63999938964844,33.79999923706055,32.61000061035156,32.689998626708984,19.336454391479492,42422600,0.0,0.0,0.0
2009-03-03,33.20000076293945,33.209999084472656,32.189998626708984,32.560001373291016,19.259552001953125,38727800,0.0,0.0,0.0
2009-03-04,33.36000061035156,34.45000076293945,33.220001220703125,34.0099983215332,20.117244720458984,52339900,0.0,0.0,0.0
2009-03-05,33.060001373291016,33.459999084472656,32.29999923706055,32.63999938964844,19.306875228881836,36082700,0.0,0.0,0.0
2009-03-06,33.08000183105469,33.45000076293945,31.8700008392334,32.58000183105469,19.27138900756836,42251800,0.0,0.0,0.0
2009-03-09,31.600000381469727,32.36000061035156,31.559999465942383,31.700000762939453,18.750864028930664,36485300,0.0,0.0,0.0
2009-03-10,32.97999954223633,34.02000045776367,32.91999816894531,33.83000183105469,20.010774612426758,50262200,0.0,0.0,0.0
2009-03-11,34.25,34.529998779296875,33.630001068115234,34.02000045776367,20.12315559387207,34253300,0.0,0.0,0.0
2009-03-12,33.65999984741211,34.880001068115234,33.34000015258789,34.790000915527344,20.578622817993164,32384600,0.0,0.0,0.0
2009-03-13,34.959999084472656,35.13999938964844,34.41999816894531,35.02000045776367,20.714670181274414,31335400,0.0,0.0,0.0
2009-03-16,35.61000061035156,36.22999954223633,35.310001373291016,35.400001525878906,20.9394474029541,29486900,0.0,0.0,0.0
2009-03-17,35.279998779296875,36.400001525878906,35.099998474121094,36.33000183105469,21.489547729492188,33219600,0.0,0.0,0.0
2009-03-18,35.90999984741211,37.54999923706055,35.54999923706055,37.369998931884766,22.104711532592773,40962300,0.0,0.0,0.0
2009-03-19,38.25,38.290000915527344,37.290000915527344,37.349998474121094,22.092884063720703,36731100,0.0,0.0,0.0
2009-03-20,37.400001525878906,37.560001373291016,36.65999984741211,36.83000183105469,21.78530502319336,35560500,0.0,0.0,0.0
2009-03-23,38.119998931884766,39.5099983215332,37.91999816894531,39.47999954223633,23.35280418395996,42113200,0.0,0.0,0.0
2009-03-24,38.459999084472656,39.029998779296875,38.18000030517578,38.2400016784668,22.619335174560547,30868900,0.0,0.0,0.0
2009-03-25,38.560001373291016,39.459999084472656,38.02000045776367,38.83000183105469,22.968324661254883,30873600,0.0,0.0,0.0
2009-03-26,39.130001068115234,39.560001373291016,38.7599983215332,39.349998474121094,23.275911331176758,30230400,0.0,0.0,0.0
2009-03-27,38.33000183105469,38.47999954223633,37.970001220703125,38.09000015258789,22.530603408813477,34326000,0.0,0.0,0.0
2009-03-30,36.959999084472656,37.0,36.310001373291016,36.63999938964844,21.67292022705078,25835700,0.0,0.0,0.0
2009-03-31,37.349998474121094,38.09000015258789,37.11000061035156,37.59000015258789,22.23484992980957,32838300,0.0,0.0,0.0
2009-04-01,37.36000061035156,38.7400016784668,37.279998779296875,38.56999969482422,22.814529418945312,25661700,0.0,0.0,0.0
2009-04-02,39.900001525878906,40.959999084472656,39.86000061035156,40.310001373291016,23.843753814697266,57242400,0.0,0.0,0.0
2009-04-03,40.13999938964844,40.540000915527344,39.79999923706055,40.540000915527344,23.97980499267578,41385200,0.0,0.0,0.0
2009-04-06,39.68000030517578,39.869998931884766,39.20000076293945,39.70000076293945,23.482934951782227,27320400,0.0,0.0,0.0
2009-04-07,39.09000015258789,39.349998474121094,38.7400016784668,38.869998931884766,22.991975784301758,19333900,0.0,0.0,0.0
2009-04-08,39.20000076293945,39.61000061035156,38.810001373291016,39.2599983215332,23.222671508789062,22120900,0.0,0.0,0.0
2009-04-09,40.150001525878906,40.36000061035156,39.83000183105469,40.310001373291016,23.843753814697266,23172500,0.0,0.0,0.0
2009-04-13,40.119998931884766,40.9900016784668,40.060001373291016,40.709999084472656,24.08036231994629,21135700,0.0,0.0,0.0
2009-04-14,40.349998474121094,40.900001525878906,40.209999084472656,40.31999969482422,23.84967613220215,41502500,0.0,0.0,0.0
2009-04-15,40.15999984741211,40.95000076293945,40.06999969482422,40.849998474121094,24.163169860839844,25623000,0.0,0.0,0.0
2009-04-16,41.02000045776367,41.400001525878906,40.650001525878906,41.11000061035156,24.31696128845215,25014400,0.0,0.0,0.0
2009-04-17,41.189998626708984,41.220001220703125,40.7599983215332,40.970001220703125,24.234159469604492,61325800,0.0,0.0,0.0
2009-04-20,40.02000045776367,40.06999969482422,39.279998779296875,39.290000915527344,23.240419387817383,26049700,0.0,0.0,0.0
2009-04-21,38.939998626708984,40.22999954223633,38.900001525878906,40.189998626708984,23.772777557373047,25499800,0.0,0.0,0.0
2009-04-22,39.560001373291016,40.58000183105469,39.41999816894531,39.869998931884766,23.583492279052734,25022000,0.0,0.0,0.0
2009-04-23,40.41999816894531,40.869998931884766,40.06999969482422,40.869998931884766,24.175003051757812,30545300,0.0,0.0,0.0
2009-04-24,41.4900016784668,41.790000915527344,41.22999954223633,41.5,24.547649383544922,25969200,0.0,0.0,0.0
2009-04-27,40.88999938964844,41.540000915527344,40.709999084472656,41.0099983215332,24.257814407348633,26745300,0.0,0.0,0.0
2009-04-28,40.220001220703125,41.029998779296875,40.16999816894531,40.619998931884766,24.027116775512695,18634000,0.0,0.0,0.0
2009-04-29,41.310001373291016,42.119998931884766,41.2400016784668,41.65999984741211,24.642295837402344,20784800,0.0,0.0,0.0
2009-04-30,42.2599983215332,42.61000061035156,41.61000061035156,41.91999816894531,24.796077728271484,26982200,0.0,0.0,0.0
2009-05-01,42.150001525878906,42.5,41.86000061035156,42.40999984741211,25.0859317779541,17786700,0.0,0.0,0.0
2009-05-04,42.88999938964844,44.189998626708984,42.869998931884766,44.16999816894531,26.126981735229492,23451200,0.0,0.0,0.0
2009-05-05,44.029998779296875,44.119998931884766,43.4900016784668,43.72999954223633,25.866718292236328,22298600,0.0,0.0,0.0
2009-05-06,44.59000015258789,44.900001525878906,43.970001220703125,44.790000915527344,26.49371910095215,21040600,0.0,0.0,0.0
2009-05-07,45.16999816894531,45.220001220703125,43.7400016784668,44.040000915527344,26.050085067749023,23946300,0.0,0.0,0.0
2009-05-08,45.02000045776367,46.02000045776367,44.7599983215332,45.95000076293945,27.17987060546875,22988400,0.0,0.0,0.0
2009-05-11,44.84000015258789,45.11000061035156,44.619998931884766,44.779998779296875,26.487804412841797,17460900,0.0,0.0,0.0
2009-05-12,45.380001068115234,45.4900016784668,44.66999816894531,45.2599983215332,26.7717342376709,26285000,0.0,0.0,0.0
2009-05-13,44.220001220703125,44.279998779296875,43.59000015258789,43.720001220703125,25.860815048217773,23257600,0.0,0.0,0.0
2009-05-14,43.689998626708984,44.459999084472656,43.58000183105469,44.150001525878906,26.11515235900879,27380600,0.0,0.0,0.0
2009-05-15,44.25,44.56999969482422,43.56999969482422,43.75,25.878551483154297,20457900,0.0,0.0,0.0
2009-05-18,44.68000030517578,45.5,44.529998779296875,45.41999816894531,26.866369247436523,18600700,0.0,0.0,0.0
2009-05-19,45.619998931884766,46.11000061035156,45.4900016784668,45.83000183105469,27.1088924407959,19522000,0.0,0.0,0.0
2009-05-20,46.2599983215332,46.849998474121094,46.029998779296875,46.130001068115234,27.28634262084961,18872900,0.0,0.0,0.0
2009-05-21,45.54999923706055,45.93000030517578,45.29999923706055,45.779998779296875,27.079313278198242,20081100,0.0,0.0,0.0
2009-05-22,46.209999084472656,46.34000015258789,45.849998474121094,46.040000915527344,27.233102798461914,14279100,0.0,0.0,0.0
2009-05-26,45.38999938964844,47.08000183105469,45.36000061035156,46.959999084472656,27.777294158935547,16247300,0.0,0.0,0.0
2009-05-27,46.959999084472656,47.02000045776367,45.959999084472656,46.04999923706055,27.239030838012695,16274500,0.0,0.0,0.0
2009-05-28,46.400001525878906,46.720001220703125,45.77000045776367,46.52000045776367,27.517026901245117,15523500,0.0,0.0,0.0
2009-05-29,47.18000030517578,47.45000076293945,46.810001373291016,47.45000076293945,28.067136764526367,24526200,0.0,0.0,0.0
2009-06-01,48.36000061035156,49.0,48.27000045776367,48.619998931884766,28.759199142456055,22592800,0.0,0.0,0.0
2009-06-02,48.470001220703125,49.119998931884766,48.380001068115234,49.040000915527344,29.00763702392578,22182800,0.0,0.0,0.0
2009-06-03,48.060001373291016,48.13999938964844,47.15999984741211,47.58000183105469,28.144027709960938,20937800,0.0,0.0,0.0
2009-06-04,47.720001220703125,48.0,47.439998626708984,47.880001068115234,28.321483612060547,17158800,0.0,0.0,0.0
2009-06-05,48.0,48.040000915527344,47.099998474121094,47.290000915527344,27.972501754760742,19216500,0.0,0.0,0.0
2009-06-08,46.77000045776367,47.4900016784668,46.43000030517578,47.189998626708984,27.91334342956543,13937000,0.0,0.0,0.0
2009-06-09,47.470001220703125,47.939998626708984,47.209999084472656,47.77000045776367,28.256423950195312,15957400,0.0,0.0,0.0
2009-06-10,48.4900016784668,48.52000045776367,47.279998779296875,47.86000061035156,28.309663772583008,18468000,0.0,0.0,0.0
2009-06-11,48.2599983215332,49.18000030517578,48.25,48.68000030517578,28.794696807861328,20225500,0.0,0.0,0.0
2009-06-12,48.15999984741211,48.5099983215332,47.91999816894531,48.43000030517578,28.64681625366211,21098000,0.0,0.0,0.0
2009-06-15,47.38999938964844,47.45000076293945,46.31999969482422,46.689998626708984,27.617589950561523,31484000,0.0,0.0,0.0
2009-06-16,47.02000045776367,47.04999923706055,46.099998474121094,46.150001525878906,27.298173904418945,23389000,0.0,0.0,0.0
2009-06-17,46.18000030517578,46.650001525878906,45.689998626708984,46.279998779296875,27.375072479248047,23802600,0.0,0.0,0.0
2009-06-18,46.15999984741211,46.7400016784668,45.970001220703125,46.20000076293945,27.327754974365234,22429300,0.0,0.0,0.0
2009-06-19,46.93000030517578,47.130001068115234,46.66999816894531,46.93000030517578,27.759550094604492,19576300,0.0,0.0,0.0
2009-06-22,46.11000061035156,46.150001525878906,45.2599983215332,45.41999816894531,26.866369247436523,21491900,0.0,0.0,0.0
2009-06-23,44.939998626708984,45.25,44.529998779296875,45.060001373291016,27.219764709472656,26980500,0.945,0.0,0.0
2009-06-24,45.58000183105469,45.9900016784668,44.93000030517578,45.099998474121094,27.243921279907227,25708600,0.0,0.0,0.0
2009-06-25,44.84000015258789,46.060001373291016,44.720001220703125,46.04999923706055,27.81779670715332,23606800,0.0,0.0,0.0
2009-06-26,45.91999816894531,46.18000030517578,45.66999816894531,45.959999084472656,27.76343536376953,20799800,0.0,0.0,0.0
2009-06-29,46.15999984741211,46.58000183105469,45.91999816894531,46.349998474121094,27.99901580810547,21139400,0.0,0.0,0.0
2009-06-30,46.349998474121094,46.45000076293945,45.47999954223633,45.810001373291016,27.672819137573242,31292000,0.0,0.0,0.0
2009-07-01,46.4900016784668,46.97999954223633,46.41999816894531,46.56999969482422,28.13191032409668,20169200,0.0,0.0,0.0
2009-07-02,45.630001068115234,45.68000030517578,45.060001373291016,45.22999954223633,27.322450637817383,20744600,0.0,0.0,0.0
2009-07-06,44.65999984741211,45.290000915527344,44.58000183105469,45.290000915527344,27.358692169189453,17299200,0.0,0.0,0.0
2009-07-07,45.02000045776367,45.06999969482422,44.11000061035156,44.189998626708984,26.6942081451416,20032700,0.0,0.0,0.0
2009-07-08,44.290000915527344,44.41999816894531,43.4900016784668,44.0099983215332,26.585472106933594,24263500,0.0,0.0,0.0
2009-07-09,44.52000045776367,44.70000076293945,44.20000076293945,44.54999923706055,26.911678314208984,22637100,0.0,0.0,0.0
2009-07-10,43.880001068115234,45.150001525878906,43.290000915527344,44.029998779296875,26.59755516052246,16245600,0.0,0.0,0.0
2009-07-13,44.130001068115234,44.93000030517578,43.81999969482422,44.79999923706055,27.062705993652344,19678700,0.0,0.0,0.0
2009-07-14,45.060001373291016,45.189998626708984,44.630001068115234,45.040000915527344,27.20767593383789,15241000,0.0,0.0,0.0
2009-07-15,46.0099983215332,46.689998626708984,45.939998626708984,46.58000183105469,28.13796043395996,21318700,0.0,0.0,0.0
2009-07-16,46.58000183105469,47.119998931884766,46.400001525878906,46.9900016784668,28.3856258392334,15476600,0.0,0.0,0.0
2009-07-17,46.689998626708984,46.959999084472656,46.5099983215332,46.81999969482422,28.282934188842773,16180900,0.0,0.0,0.0
2009-07-20,47.58000183105469,47.83000183105469,47.279998779296875,47.72999954223633,28.832651138305664,15950700,0.0,0.0,0.0
2009-07-21,48.310001373291016,48.31999969482422,47.5,48.029998779296875,29.013864517211914,19663900,0.0,0.0,0.0
2009-07-22,47.650001525878906,48.369998931884766,47.630001068115234,48.150001525878906,29.086360931396484,16927500,0.0,0.0,0.0
2009-07-23,48.06999969482422,49.220001220703125,48.029998779296875,48.959999084472656,29.57565689086914,19940000,0.0,0.0,0.0
2009-07-24,48.869998931884766,49.290000915527344,48.619998931884766,49.2599983215332,29.75688934326172,15432700,0.0,0.0,0.0
2009-07-27,49.06999969482422,49.369998931884766,48.7599983215332,49.310001373291016,29.787094116210938,14807400,0.0,0.0,0.0
2009-07-28,48.939998626708984,49.20000076293945,48.52000045776367,49.099998474121094,29.66024398803711,18335000,0.0,0.0,0.0
2009-07-29,48.959999084472656,49.11000061035156,48.45000076293945,48.70000076293945,29.41860580444336,20032100,0.0,0.0,0.0
2009-07-30,49.59000015258789,50.099998474121094,49.43000030517578,49.650001525878906,29.992475509643555,19165900,0.0,0.0,0.0
2009-07-31,49.91999816894531,50.529998779296875,49.70000076293945,50.40999984741211,30.451574325561523,20636100,0.0,0.0,0.0
2009-08-03,51.220001220703125,51.709999084472656,51.04999923706055,51.58000183105469,31.158342361450195,22184800,0.0,0.0,0.0
2009-08-04,51.09000015258789,51.58000183105469,50.380001068115234,51.5,31.110013961791992,18395300,0.0,0.0,0.0
2009-08-05,51.380001068115234,51.400001525878906,50.599998474121094,51.290000915527344,30.98316764831543,18679100,0.0,0.0,0.0
2009-08-06,51.41999816894531,51.5,50.59000015258789,50.970001220703125,30.789867401123047,16284900,0.0,0.0,0.0
2009-08-07,51.15999984741211,51.29999923706055,50.810001373291016,50.91999816894531,30.75965118408203,19822400,0.0,0.0,0.0
2009-08-10,50.70000076293945,50.86000061035156,50.349998474121094,50.61000061035156,30.572389602661133,14593800,0.0,0.0,0.0
2009-08-11,50.38999938964844,50.439998626708984,50.029998779296875,50.31999969482422,30.397207260131836,13047300,0.0,0.0,0.0
2009-08-12,50.29999923706055,51.290000915527344,50.27000045776367,50.88999938964844,30.741539001464844,18246400,0.0,0.0,0.0
2009-08-13,51.599998474121094,51.79999923706055,51.16999816894531,51.66999816894531,31.212722778320312,17806800,0.0,0.0,0.0
2009-08-14,51.790000915527344,51.790000915527344,50.84000015258789,51.22999954223633,30.946924209594727,17855000,0.0,0.0,0.0
2009-08-17,49.70000076293945,49.7599983215332,49.40999984741211,49.58000183105469,29.950183868408203,23357700,0.0,0.0,0.0
2009-08-18,49.90999984741211,50.630001068115234,49.689998626708984,50.439998626708984,30.469696044921875,17125200,0.0,0.0,0.0
2009-08-19,49.83000183105469,51.060001373291016,49.79999923706055,50.869998931884766,30.729450225830078,18921900,0.0,0.0,0.0
2009-08-20,50.849998474121094,51.5,50.7599983215332,51.22999954223633,30.946924209594727,14815500,0.0,0.0,0.0
2009-08-21,51.9900016784668,52.529998779296875,51.95000076293945,52.349998474121094,31.62348175048828,20819300,0.0,0.0,0.0
2009-08-24,52.56999969482422,52.849998474121094,52.209999084472656,52.34000015258789,31.6174373626709,19589500,0.0,0.0,0.0
2009-08-25,52.88999938964844,53.2400016784668,52.709999084472656,52.86000061035156,31.93155860900879,20682000,0.0,0.0,0.0
2009-08-26,52.43000030517578,52.66999816894531,52.16999816894531,52.63999938964844,31.79866600036621,16828400,0.0,0.0,0.0
2009-08-27,52.59000015258789,53.2599983215332,52.029998779296875,53.040000915527344,32.04030227661133,18976000,0.0,0.0,0.0
2009-08-28,53.52000045776367,53.630001068115234,52.84000015258789,53.06999969482422,32.05842208862305,17008900,0.0,0.0,0.0
2009-08-31,52.439998626708984,52.7599983215332,52.290000915527344,52.68000030517578,31.822834014892578,18793900,0.0,0.0,0.0
2009-09-01,52.13999938964844,52.88999938964844,51.22999954223633,51.369998931884766,31.0314884185791,33136100,0.0,0.0,0.0
2009-09-02,51.09000015258789,51.619998931884766,51.040000915527344,51.310001373291016,30.99524688720703,20632100,0.0,0.0,0.0
2009-09-03,51.83000183105469,51.849998474121094,51.25,51.709999084472656,31.23686981201172,14848800,0.0,0.0,0.0
2009-09-04,51.790000915527344,52.61000061035156,51.540000915527344,52.5,31.714094161987305,13312100,0.0,0.0,0.0
2009-09-08,53.650001525878906,53.70000076293945,53.279998779296875,53.540000915527344,32.342342376708984,17093100,0.0,0.0,0.0
2009-09-09,53.869998931884766,54.40999984741211,50.06999969482422,54.20000076293945,32.741024017333984,21243900,0.0,0.0,0.0
2009-09-10,54.099998474121094,54.779998779296875,53.75,54.68000030517578,33.0309944152832,17004400,0.0,0.0,0.0
2009-09-11,54.869998931884766,55.02000045776367,54.40999984741211,54.61000061035156,32.988704681396484,16105400,0.0,0.0,0.0
2009-09-14,54.0,54.75,53.970001220703125,54.720001220703125,33.05516052246094,18704400,0.0,0.0,0.0
2009-09-15,54.45000076293945,54.900001525878906,54.08000183105469,54.72999954223633,33.061187744140625,24528200,0.0,0.0,0.0
2009-09-16,55.36000061035156,55.83000183105469,55.119998931884766,55.810001373291016,33.713600158691406,22163300,0.0,0.0,0.0
2009-09-17,55.400001525878906,55.88999938964844,55.209999084472656,55.45000076293945,33.49613571166992,20940900,0.0,0.0,0.0
2009-09-18,55.849998474121094,55.880001068115234,55.349998474121094,55.599998474121094,33.58673858642578,15180700,0.0,0.0,0.0
2009-09-21,54.650001525878906,55.13999938964844,54.4900016784668,55.0099983215332,33.2303352355957,17452700,0.0,0.0,0.0
2009-09-22,55.869998931884766,55.91999816894531,55.540000915527344,55.77000045776367,33.68943786621094,13731800,0.0,0.0,0.0
2009-09-23,55.9900016784668,56.310001373291016,55.18000030517578,55.290000915527344,33.39948654174805,22848100,0.0,0.0,0.0
2009-09-24,55.650001525878906,55.779998779296875,54.16999816894531,54.47999954223633,32.91017150878906,27611900,0.0,0.0,0.0
2009-09-25,54.36000061035156,54.84000015258789,54.119998931884766,54.25,32.7712287902832,22919400,0.0,0.0,0.0
2009-09-28,54.439998626708984,55.369998931884766,54.369998931884766,54.9900016784668,33.2182502746582,15643900,0.0,0.0,0.0
2009-09-29,54.84000015258789,55.04999923706055,54.41999816894531,54.65999984741211,33.01890563964844,16359800,0.0,0.0,0.0
2009-09-30,55.11000061035156,55.189998626708984,54.25,54.68000030517578,33.0309944152832,25290400,0.0,0.0,0.0
2009-10-01,54.34000015258789,54.380001068115234,53.189998626708984,53.25,32.16716003417969,22406000,0.0,0.0,0.0
2009-10-02,52.45000076293945,53.11000061035156,52.41999816894531,52.65999984741211,31.810745239257812,27674800,0.0,0.0,0.0
2009-10-05,52.689998626708984,53.619998931884766,52.599998474121094,53.41999816894531,32.269840240478516,15838800,0.0,0.0,0.0
2009-10-06,54.040000915527344,54.72999954223633,54.0,54.31999969482422,32.81351852416992,18768200,0.0,0.0,0.0
2009-10-07,54.290000915527344,54.529998779296875,54.099998474121094,54.52000045776367,32.934329986572266,20064200,0.0,0.0,0.0
2009-10-08,55.220001220703125,55.650001525878906,54.900001525878906,55.310001373291016,33.41156005859375,14926100,0.0,0.0,0.0
2009-10-09,55.11000061035156,55.25,54.880001068115234,55.16999816894531,33.32698440551758,9190200,0.0,0.0,0.0
2009-10-12,55.72999954223633,55.900001525878906,55.38999938964844,55.5,33.52632522583008,9631800,0.0,0.0,0.0
2009-10-13,55.470001220703125,55.540000915527344,55.0,55.380001068115234,33.45384979248047,11697400,0.0,0.0,0.0
2009-10-14,56.459999084472656,56.77000045776367,56.209999084472656,56.709999084472656,34.25727081298828,16624600,0.0,0.0,0.0
2009-10-15,56.43000030517578,56.970001220703125,56.369998931884766,56.970001220703125,34.414329528808594,16062400,0.0,0.0,0.0
2009-10-16,56.02000045776367,56.34000015258789,55.75,56.11000061035156,33.89482498168945,19457400,0.0,0.0,0.0
2009-10-19,56.650001525878906,57.189998626708984,56.400001525878906,57.0099983215332,34.4384880065918,16127900,0.0,0.0,0.0
2009-10-20,57.18000030517578,57.189998626708984,56.29999923706055,56.709999084472656,34.25727081298828,14700400,0.0,0.0,0.0
2009-10-21,56.59000015258789,57.459999084472656,56.459999084472656,56.52000045776367,34.142494201660156,19720200,0.0,0.0,0.0
2009-10-22,56.47999954223633,57.22999954223633,56.029998779296875,57.06999969482422,34.474735260009766,15890400,0.0,0.0,0.0
2009-10-23,56.91999816894531,56.93000030517578,55.900001525878906,56.16999816894531,33.93105697631836,19383000,0.0,0.0,0.0
2009-10-26,56.369998931884766,56.790000915527344,55.099998474121094,55.31999969482422,33.417606353759766,21031300,0.0,0.0,0.0
2009-10-27,55.43000030517578,55.630001068115234,54.79999923706055,54.880001068115234,33.15180206298828,23313000,0.0,0.0,0.0
2009-10-28,54.349998474121094,54.61000061035156,53.40999984741211,53.560001373291016,32.35441970825195,25441000,0.0,0.0,0.0
2009-10-29,54.560001373291016,55.33000183105469,54.119998931884766,55.13999938964844,33.30885314941406,21274300,0.0,0.0,0.0
2009-10-30,54.779998779296875,54.959999084472656,53.209999084472656,53.29999923706055,32.197364807128906,31478700,0.0,0.0,0.0
2009-11-02,53.77000045776367,54.560001373291016,53.209999084472656,53.81999969482422,32.5114860534668,25878000,0.0,0.0,0.0
2009-11-03,52.849998474121094,53.720001220703125,52.779998779296875,53.61000061035156,32.38462448120117,19567300,0.0,0.0,0.0
2009-11-04,54.310001373291016,54.66999816894531,53.97999954223633,54.150001525878906,32.71083450317383,24340600,0.0,0.0,0.0
2009-11-05,54.68000030517578,55.13999938964844,54.5099983215332,54.849998474121094,33.1336784362793,13490700,0.0,0.0,0.0
2009-11-06,54.470001220703125,55.09000015258789,54.349998474121094,55.0099983215332,33.2303352355957,12750300,0.0,0.0,0.0
2009-11-09,56.0,56.560001373291016,55.90999984741211,56.54999923706055,34.160606384277344,17554500,0.0,0.0,0.0
2009-11-10,55.970001220703125,56.38999938964844,55.880001068115234,56.25,33.97938919067383,19583800,0.0,0.0,0.0
2009-11-11,56.63999938964844,56.90999984741211,56.150001525878906,56.41999816894531,34.08209228515625,14746200,0.0,0.0,0.0
2009-11-12,56.20000076293945,56.4900016784668,55.4900016784668,55.599998474121094,33.58673858642578,18177000,0.0,0.0,0.0
2009-11-13,55.93000030517578,56.560001373291016,55.619998931884766,56.380001068115234,34.05792999267578,20592200,0.0,0.0,0.0
2009-11-16,56.869998931884766,57.61000061035156,56.84000015258789,57.279998779296875,34.60159683227539,18105000,0.0,0.0,0.0
2009-11-17,56.689998626708984,56.95000076293945,56.349998474121094,56.900001525878906,34.37203598022461,15367600,0.0,0.0,0.0
2009-11-18,56.939998626708984,56.97999954223633,56.400001525878906,56.720001220703125,34.263309478759766,12114400,0.0,0.0,0.0
2009-11-19,55.90999984741211,55.90999984741211,55.209999084472656,55.650001525878906,33.616947174072266,21816500,0.0,0.0,0.0
2009-11-20,54.970001220703125,55.38999938964844,54.93000030517578,55.34000015258789,33.42967224121094,15379300,0.0,0.0,0.0
2009-11-23,56.459999084472656,56.77000045776367,56.16999816894531,56.33000183105469,34.0277214050293,17112800,0.0,0.0,0.0
2009-11-24,56.20000076293945,56.33000183105469,55.68000030517578,56.099998474121094,33.8887825012207,23601500,0.0,0.0,0.0
2009-11-25,56.56999969482422,56.88999938964844,56.29999923706055,56.849998474121094,34.341835021972656,15283000,0.0,0.0,0.0
2009-11-27,54.52000045776367,55.619998931884766,54.439998626708984,55.209999084472656,33.35114669799805,14507600,0.0,0.0,0.0
2009-11-30,55.2400016784668,55.75,54.900001525878906,55.38999938964844,33.45988464355469,20857000,0.0,0.0,0.0
2009-12-01,56.470001220703125,57.09000015258789,56.369998931884766,56.90999984741211,34.378089904785156,17952200,0.0,0.0,0.0
2009-12-02,56.880001068115234,57.310001373291016,56.7599983215332,57.0,34.43244552612305,13034600,0.0,0.0,0.0
2009-12-03,57.33000183105469,57.630001068115234,56.709999084472656,56.869998931884766,34.35392379760742,15714100,0.0,0.0,0.0
2009-12-04,57.36000061035156,57.65999984741211,56.29999923706055,56.66999816894531,34.233097076416016,17862600,0.0,0.0,0.0
2009-12-07,56.310001373291016,56.83000183105469,56.2599983215332,56.36000061035156,34.045833587646484,13057600,0.0,0.0,0.0
2009-12-08,55.790000915527344,55.79999923706055,55.22999954223633,55.380001068115234,33.45384979248047,16547700,0.0,0.0,0.0
2009-12-09,55.25,55.5,54.720001220703125,55.310001373291016,33.41156005859375,16435300,0.0,0.0,0.0
2009-12-10,55.599998474121094,55.779998779296875,54.77000045776367,55.47999954223633,33.514251708984375,12430600,0.0,0.0,0.0
2009-12-11,55.650001525878906,55.7400016784668,55.33000183105469,55.459999084472656,33.502174377441406,22797300,0.0,0.0,0.0
2009-12-14,55.86000061035156,56.02000045776367,55.63999938964844,56.0,33.828365325927734,23188500,0.0,0.0,0.0
2009-12-15,55.290000915527344,55.709999084472656,55.2400016784668,55.380001068115234,33.45384979248047,16211400,0.0,0.0,0.0
2009-12-16,55.90999984741211,56.310001373291016,55.849998474121094,56.029998779296875,33.84648895263672,17313400,0.0,0.0,0.0
2009-12-17,55.02000045776367,55.130001068115234,54.56999969482422,54.709999084472656,33.04911422729492,20345600,0.0,0.0,0.0
2009-12-18,54.939998626708984,55.060001373291016,54.22999954223633,54.84000015258789,33.12764358520508,18769700,0.0,0.0,0.0
2009-12-21,54.95000076293945,55.279998779296875,54.88999938964844,55.0,33.22429656982422,15019700,0.0,0.0,0.0
2009-12-22,54.77000045776367,54.97999954223633,54.58000183105469,54.849998474121094,33.435203552246094,15589200,0.496,0.0,0.0
2009-12-23,55.150001525878906,55.349998474121094,54.90999984741211,55.349998474121094,33.739986419677734,10683500,0.0,0.0,0.0
2009-12-24,55.560001373291016,55.650001525878906,55.45000076293945,55.56999969482422,33.87409591674805,4979300,0.0,0.0,0.0
2009-12-28,55.849998474121094,55.849998474121094,55.630001068115234,55.810001373291016,34.02040100097656,11762300,0.0,0.0,0.0
2009-12-29,56.189998626708984,56.20000076293945,55.689998626708984,55.900001525878906,34.07526779174805,10648300,0.0,0.0,0.0
2009-12-30,55.38999938964844,55.66999816894531,55.2599983215332,55.66999816894531,33.935062408447266,12566200,0.0,0.0,0.0
2009-12-31,55.91999816894531,55.95000076293945,55.220001220703125,55.279998779296875,33.697330474853516,13893400,0.0,0.0,0.0
2010-01-04,56.41999816894531,56.939998626708984,56.40999984741211,56.72999954223633,34.58120346069336,18556900,0.0,0.0,0.0
2010-01-05,56.869998931884766,57.099998474121094,56.5099983215332,56.779998779296875,34.611698150634766,14352800,0.0,0.0,0.0
2010-01-06,56.68000030517578,57.09000015258789,56.66999816894531,57.02000045776367,34.75798797607422,11888100,0.0,0.0,0.0
2010-01-07,56.63999938964844,56.84000015258789,56.369998931884766,56.79999923706055,34.623870849609375,10906600,0.0,0.0,0.0
2010-01-08,56.900001525878906,57.310001373291016,56.7400016784668,57.25,34.89818572998047,12826500,0.0,0.0,0.0
2010-01-11,57.83000183105469,57.86000061035156,57.470001220703125,57.720001220703125,35.184688568115234,12387500,0.0,0.0,0.0
2010-01-12,57.11000061035156,57.380001068115234,56.599998474121094,57.040000915527344,34.770179748535156,19029700,0.0,0.0,0.0
2010-01-13,57.279998779296875,57.70000076293945,56.939998626708984,57.52000045776367,35.06277847290039,15446600,0.0,0.0,0.0
2010-01-14,57.5,58.0,57.5,57.959999084472656,35.330989837646484,13362600,0.0,0.0,0.0
2010-01-15,57.5099983215332,57.61000061035156,56.779998779296875,57.04999923706055,34.776275634765625,19281700,0.0,0.0,0.0
2010-01-19,56.880001068115234,57.68000030517578,56.84000015258789,57.61000061035156,35.11763381958008,17507700,0.0,0.0,0.0
2010-01-20,56.369998931884766,56.400001525878906,55.619998931884766,56.13999938964844,34.221561431884766,24510100,0.0,0.0,0.0
2010-01-21,56.040000915527344,56.18000030517578,54.58000183105469,54.939998626708984,33.49006652832031,22979100,0.0,0.0,0.0
2010-01-22,54.70000076293945,55.04999923706055,53.790000915527344,53.869998931884766,32.83782196044922,27432500,0.0,0.0,0.0
2010-01-25,54.86000061035156,54.97999954223633,54.38999938964844,54.529998779296875,33.24014663696289,20242700,0.0,0.0,0.0
2010-01-26,54.04999923706055,54.68000030517578,53.90999984741211,54.220001220703125,33.05117416381836,22135300,0.0,0.0,0.0
2010-01-27,53.880001068115234,54.209999084472656,53.380001068115234,54.15999984741211,33.01459884643555,27156000,0.0,0.0,0.0
2010-01-28,54.189998626708984,54.20000076293945,52.849998474121094,53.25,32.45989227294922,26142600,0.0,0.0,0.0
2010-01-29,53.31999969482422,53.630001068115234,52.33000183105469,52.47999954223633,31.990522384643555,28917200,0.0,0.0,0.0
2010-02-01,53.20000076293945,53.52000045776367,52.47999954223633,53.439998626708984,32.57570266723633,23123800,0.0,0.0,0.0
2010-02-02,53.81999969482422,54.459999084472656,53.650001525878906,54.33000183105469,33.11823654174805,19720200,0.0,0.0,0.0
2010-02-03,53.97999954223633,54.20000076293945,53.47999954223633,53.7599983215332,32.77076721191406,20225900,0.0,0.0,0.0
2010-02-04,52.7400016784668,52.79999923706055,51.540000915527344,51.56999969482422,31.4357967376709,32202200,0.0,0.0,0.0
2010-02-05,51.290000915527344,51.47999954223633,49.939998626708984,51.47999954223633,31.38093376159668,43046100,0.0,0.0,0.0
2010-02-08,50.970001220703125,51.45000076293945,50.45000076293945,50.459999084472656,30.759172439575195,19238000,0.0,0.0,0.0
2010-02-09,51.59000015258789,52.52000045776367,51.09000015258789,52.04999923706055,31.728389739990234,30811800,0.0,0.0,0.0
2010-02-10,51.77000045776367,51.95000076293945,51.209999084472656,51.720001220703125,31.5272216796875,23502500,0.0,0.0,0.0
2010-02-11,51.540000915527344,52.290000915527344,51.150001525878906,52.20000076293945,31.81983757019043,19397300,0.0,0.0,0.0
2010-02-12,51.29999923706055,51.849998474121094,51.04999923706055,51.75,31.545522689819336,18994900,0.0,0.0,0.0
2010-02-16,51.9900016784668,53.0099983215332,51.810001373291016,52.900001525878906,32.24654006958008,19592800,0.0,0.0,0.0
2010-02-17,53.13999938964844,53.27000045776367,52.75,52.970001220703125,32.28921890258789,19682000,0.0,0.0,0.0
2010-02-18,52.810001373291016,53.349998474121094,52.810001373291016,53.27000045776367,32.47207260131836,13747600,0.0,0.0,0.0
2010-02-19,52.529998779296875,53.06999969482422,52.380001068115234,52.939998626708984,32.270912170410156,16069000,0.0,0.0,0.0
2010-02-22,53.22999954223633,53.310001373291016,52.90999984741211,53.040000915527344,32.33188247680664,14422100,0.0,0.0,0.0
2010-02-23,52.79999923706055,53.040000915527344,52.119998931884766,52.290000915527344,31.874692916870117,18038800,0.0,0.0,0.0
2010-02-24,52.369998931884766,52.93000030517578,52.22999954223633,52.619998931884766,32.07585144042969,15789800,0.0,0.0,0.0
2010-02-25,51.58000183105469,52.310001373291016,51.470001220703125,52.29999923706055,31.880781173706055,18544400,0.0,0.0,0.0
2010-02-26,52.189998626708984,52.849998474121094,51.90999984741211,52.619998931884766,32.07585144042969,19714200,0.0,0.0,0.0
2010-03-01,52.7400016784668,53.130001068115234,52.599998474121094,53.029998779296875,32.325782775878906,14774400,0.0,0.0,0.0
2010-03-02,53.38999938964844,53.790000915527344,53.16999816894531,53.43000030517578,32.569602966308594,14135700,0.0,0.0,0.0
2010-03-03,53.90999984741211,54.40999984741211,53.83000183105469,54.06999969482422,32.95973205566406,15292400,0.0,0.0,0.0
2010-03-04,54.130001068115234,54.22999954223633,53.619998931884766,53.93000030517578,32.874393463134766,12645600,0.0,0.0,0.0
2010-03-05,54.310001373291016,55.060001373291016,54.209999084472656,54.97999954223633,33.51445007324219,18656300,0.0,0.0,0.0
2010-03-08,55.060001373291016,55.209999084472656,54.810001373291016,54.97999954223633,33.51445007324219,11336100,0.0,0.0,0.0
2010-03-09,54.470001220703125,55.11000061035156,54.45000076293945,54.849998474121094,33.435203552246094,15356500,0.0,0.0,0.0
2010-03-10,54.849998474121094,55.34000015258789,54.779998779296875,55.08000183105469,33.57541275024414,13641100,0.0,0.0,0.0
2010-03-11,55.04999923706055,55.349998474121094,54.810001373291016,55.290000915527344,33.70341873168945,13015300,0.0,0.0,0.0
2010-03-12,55.72999954223633,55.75,55.369998931884766,55.65999984741211,33.92896270751953,11743300,0.0,0.0,0.0
2010-03-15,55.20000076293945,55.34000015258789,54.849998474121094,55.27000045776367,33.691226959228516,10182300,0.0,0.0,0.0
2010-03-16,55.459999084472656,56.029998779296875,55.31999969482422,55.970001220703125,34.11793518066406,15718300,0.0,0.0,0.0
2010-03-17,56.18000030517578,56.5099983215332,56.11000061035156,56.27000045776367,34.300804138183594,17400500,0.0,0.0,0.0
2010-03-18,56.08000183105469,56.189998626708984,55.58000183105469,55.939998626708984,34.099647521972656,15899600,0.0,0.0,0.0
2010-03-19,55.369998931884766,55.90999984741211,55.11000061035156,55.369998931884766,33.752193450927734,17819700,0.0,0.0,0.0
2010-03-22,54.63999938964844,55.599998474121094,54.599998474121094,55.529998779296875,33.84972381591797,17473800,0.0,0.0,0.0
2010-03-23,55.560001373291016,56.0099983215332,55.349998474121094,55.91999816894531,34.08745193481445,15533000,0.0,0.0,0.0
2010-03-24,55.0,55.209999084472656,54.7599983215332,55.0,33.52665328979492,18234000,0.0,0.0,0.0
2010-03-25,55.45000076293945,55.65999984741211,54.900001525878906,54.970001220703125,33.50835418701172,18633000,0.0,0.0,0.0
2010-03-26,55.33000183105469,55.720001220703125,55.15999984741211,55.5099983215332,33.8375244140625,23466200,0.0,0.0,0.0
2010-03-29,55.779998779296875,56.040000915527344,55.68000030517578,55.97999954223633,34.1240234375,13605700,0.0,0.0,0.0
2010-03-30,56.15999984741211,56.310001373291016,55.720001220703125,55.97999954223633,34.1240234375,16768000,0.0,0.0,0.0
2010-03-31,55.77000045776367,56.18000030517578,55.63999938964844,55.97999954223633,34.1240234375,22702600,0.0,0.0,0.0
2010-04-01,56.54999923706055,56.9900016784668,56.52000045776367,56.970001220703125,34.72750473022461,20493900,0.0,0.0,0.0
2010-04-05,56.939998626708984,57.20000076293945,56.75,57.029998779296875,34.76408386230469,14434000,0.0,0.0,0.0
2010-04-06,56.439998626708984,56.95000076293945,56.380001068115234,56.869998931884766,34.66655349731445,15025700,0.0,0.0,0.0
2010-04-07,56.560001373291016,56.68000030517578,56.2599983215332,56.470001220703125,34.4227180480957,19574500,0.0,0.0,0.0
2010-04-08,55.86000061035156,56.459999084472656,55.7400016784668,56.40999984741211,34.386146545410156,13853000,0.0,0.0,0.0
2010-04-09,56.58000183105469,57.220001220703125,56.560001373291016,57.150001525878906,34.83723449707031,17131200,0.0,0.0,0.0
2010-04-12,57.34000015258789,57.5,57.209999084472656,57.33000183105469,34.946956634521484,11992200,0.0,0.0,0.0
2010-04-13,57.38999938964844,57.439998626708984,56.849998474121094,57.279998779296875,34.916473388671875,9094000,0.0,0.0,0.0
2010-04-14,57.689998626708984,58.08000183105469,57.52000045776367,58.040000915527344,35.37975311279297,20763800,0.0,0.0,0.0
2010-04-15,57.689998626708984,58.09000015258789,57.63999938964844,58.0,35.35537338256836,13534200,0.0,0.0,0.0
2010-04-16,57.47999954223633,57.709999084472656,56.43000030517578,56.720001220703125,34.575103759765625,30341100,0.0,0.0,0.0
2010-04-19,56.08000183105469,56.61000061035156,55.88999938964844,56.56999969482422,34.483673095703125,19657000,0.0,0.0,0.0
2010-04-20,57.0,57.08000183105469,56.779998779296875,56.91999816894531,34.6970329284668,14039800,0.0,0.0,0.0
2010-04-21,56.689998626708984,56.790000915527344,56.2599983215332,56.54999923706055,34.47148513793945,15597400,0.0,0.0,0.0
2010-04-22,55.68000030517578,56.13999938964844,55.31999969482422,56.040000915527344,34.16060256958008,22128200,0.0,0.0,0.0
2010-04-23,55.810001373291016,56.4900016784668,55.630001068115234,56.459999084472656,34.416629791259766,18250100,0.0,0.0,0.0
2010-04-26,56.619998931884766,56.75,56.400001525878906,56.52000045776367,34.45319747924805,19670500,0.0,0.0,0.0
2010-04-27,55.70000076293945,56.08000183105469,54.119998931884766,54.25,33.069454193115234,39699100,0.0,0.0,0.0
2010-04-28,54.689998626708984,54.790000915527344,53.68000030517578,54.2599983215332,33.0755615234375,32895300,0.0,0.0,0.0
2010-04-29,54.849998474121094,55.22999954223633,54.709999084472656,55.099998474121094,33.58759307861328,21405900,0.0,0.0,0.0
2010-04-30,55.119998931884766,55.18000030517578,54.27000045776367,54.40999984741211,33.1670036315918,24817100,0.0,0.0,0.0
2010-05-03,54.5099983215332,54.9900016784668,54.40999984741211,54.79999923706055,33.40472412109375,22046300,0.0,0.0,0.0
2010-05-04,53.38999938964844,53.41999816894531,52.40999984741211,52.630001068115234,32.081947326660156,42932500,0.0,0.0,0.0
2010-05-05,51.45000076293945,52.2400016784668,51.34000015258789,51.619998931884766,31.466285705566406,40791300,0.0,0.0,0.0
2010-05-06,51.279998779296875,51.599998474121094,47.2599983215332,49.31999969482422,30.06425666809082,64526400,0.0,0.0,0.0
2010-05-07,49.810001373291016,50.310001373291016,48.29999923706055,49.209999084472656,29.9971923828125,66179200,0.0,0.0,0.0
2010-05-10,52.45000076293945,52.849998474121094,51.95000076293945,52.400001525878906,31.941755294799805,63301700,0.0,0.0,0.0
2010-05-11,51.209999084472656,52.36000061035156,51.15999984741211,51.54999923706055,31.42361068725586,42343600,0.0,0.0,0.0
2010-05-12,51.9900016784668,52.439998626708984,51.900001525878906,52.130001068115234,31.77716064453125,27785600,0.0,0.0,0.0
2010-05-13,51.7599983215332,52.119998931884766,51.31999969482422,51.45000076293945,31.362648010253906,29675400,0.0,0.0,0.0
2010-05-14,50.81999969482422,50.91999816894531,49.54999923706055,49.9900016784668,30.472673416137695,40366200,0.0,0.0,0.0
2010-05-17,50.16999816894531,50.400001525878906,48.900001525878906,50.060001373291016,30.515335083007812,33131000,0.0,0.0,0.0
2010-05-18,50.540000915527344,50.630001068115234,48.72999954223633,48.97999954223633,29.857006072998047,39152500,0.0,0.0,0.0
2010-05-19,48.880001068115234,49.34000015258789,48.349998474121094,49.16999816894531,29.972816467285156,41441600,0.0,0.0,0.0
2010-05-20,47.709999084472656,48.27000045776367,46.970001220703125,47.459999084472656,28.930444717407227,50013100,0.0,0.0,0.0
2010-05-21,47.02000045776367,48.68000030517578,46.90999984741211,48.619998931884766,29.637550354003906,52184600,0.0,0.0,0.0
2010-05-24,47.939998626708984,48.31999969482422,47.470001220703125,47.5,28.954833984375,26489400,0.0,0.0,0.0
2010-05-25,46.09000015258789,47.38999938964844,45.849998474121094,47.31999969482422,28.845109939575195,53441800,0.0,0.0,0.0
2010-05-26,47.369998931884766,47.779998779296875,46.5099983215332,46.619998931884766,28.418392181396484,42125600,0.0,0.0,0.0
2010-05-27,48.29999923706055,49.29999923706055,48.0099983215332,49.27000045776367,30.03377914428711,33506900,0.0,0.0,0.0
2010-05-28,49.029998779296875,49.150001525878906,48.11000061035156,48.31999969482422,29.454675674438477,39482100,0.0,0.0,0.0
2010-06-01,47.88999938964844,49.02000045776367,47.79999923706055,47.84000015258789,29.162084579467773,34753600,0.0,0.0,0.0
2010-06-02,48.060001373291016,49.150001525878906,47.790000915527344,49.119998931884766,29.94234275817871,25336300,0.0,0.0,0.0
2010-06-03,49.369998931884766,49.459999084472656,48.52000045776367,48.970001220703125,29.85089874267578,27019600,0.0,0.0,0.0
2010-06-04,47.7599983215332,48.02000045776367,46.650001525878906,46.880001068115234,28.5768985748291,36685200,0.0,0.0,0.0
2010-06-07,47.06999969482422,47.29999923706055,46.279998779296875,46.290000915527344,28.217247009277344,24384100,0.0,0.0,0.0
2010-06-08,46.54999923706055,47.09000015258789,46.130001068115234,47.029998779296875,28.6683292388916,33911600,0.0,0.0,0.0
2010-06-09,47.34000015258789,47.83000183105469,46.630001068115234,46.86000061035156,28.564697265625,30395500,0.0,0.0,0.0
2010-06-10,48.2400016784668,48.880001068115234,48.08000183105469,48.84000015258789,29.77166175842285,30506000,0.0,0.0,0.0
2010-06-11,48.290000915527344,48.93000030517578,48.20000076293945,48.90999984741211,29.814327239990234,22459100,0.0,0.0,0.0
2010-06-14,49.630001068115234,49.93000030517578,49.130001068115234,49.220001220703125,30.0032958984375,29477200,0.0,0.0,0.0
2010-06-15,50.0,50.810001373291016,49.81999969482422,50.779998779296875,30.954235076904297,28365100,0.0,0.0,0.0
2010-06-16,50.150001525878906,50.7400016784668,50.040000915527344,50.540000915527344,30.807939529418945,21785900,0.0,0.0,0.0
2010-06-17,50.779998779296875,50.79999923706055,50.20000076293945,50.70000076293945,30.905473709106445,23402900,0.0,0.0,0.0
2010-06-18,50.630001068115234,50.849998474121094,50.45000076293945,50.61000061035156,30.85060691833496,20182700,0.0,0.0,0.0
2010-06-21,51.38999938964844,51.4900016784668,50.400001525878906,50.599998474121094,30.844511032104492,26081200,0.0,0.0,0.0
2010-06-22,50.720001220703125,50.93000030517578,49.869998931884766,49.959999084472656,30.454378128051758,29123900,0.0,0.0,0.0
2010-06-23,49.459999084472656,49.779998779296875,48.83000183105469,49.43000030517578,30.658451080322266,31159100,0.859,0.0,0.0
2010-06-24,49.099998474121094,49.16999816894531,48.43000030517578,48.56999969482422,30.12504005432129,24218700,0.0,0.0,0.0
2010-06-25,48.540000915527344,48.9900016784668,48.16999816894531,48.849998474121094,30.2987060546875,31883900,0.0,0.0,0.0
2010-06-28,48.75,49.11000061035156,48.380001068115234,48.4900016784668,30.075424194335938,23915000,0.0,0.0,0.0
2010-06-29,47.599998474121094,47.599998474121094,46.66999816894531,46.83000183105469,29.04582405090332,39759300,0.0,0.0,0.0
2010-06-30,46.900001525878906,47.380001068115234,46.47999954223633,46.5099983215332,28.847333908081055,40112000,0.0,0.0,0.0
2010-07-01,47.099998474121094,47.2599983215332,46.45000076293945,47.189998626708984,29.269105911254883,43453600,0.0,0.0,0.0
2010-07-02,47.470001220703125,47.65999984741211,46.77000045776367,47.09000015258789,29.20707893371582,24580500,0.0,0.0,0.0
2010-07-06,48.43000030517578,48.790000915527344,47.709999084472656,48.029998779296875,29.79010581970215,26225800,0.0,0.0,0.0
2010-07-07,48.31999969482422,49.59000015258789,48.27000045776367,49.529998779296875,30.720470428466797,31096500,0.0,0.0,0.0
2010-07-08,49.70000076293945,50.02000045776367,49.33000183105469,50.0099983215332,31.018186569213867,30704400,0.0,0.0,0.0
2010-07-09,49.560001373291016,50.08000183105469,49.47999954223633,50.060001373291016,31.0491886138916,19807000,0.0,0.0,0.0
2010-07-12,49.650001525878906,49.9900016784668,49.5099983215332,49.869998931884766,30.93134117126465,19512900,0.0,0.0,0.0
2010-07-13,50.5099983215332,50.90999984741211,50.40999984741211,50.790000915527344,31.50197410583496,21027200,0.0,0.0,0.0
2010-07-14,50.56999969482422,51.02000045776367,50.43000030517578,50.970001220703125,31.613609313964844,17036100,0.0,0.0,0.0
2010-07-15,51.08000183105469,51.310001373291016,50.41999816894531,51.220001220703125,31.768674850463867,21741000,0.0,0.0,0.0
2010-07-16,50.61000061035156,50.619998931884766,49.5099983215332,49.58000183105469,30.751474380493164,29092500,0.0,0.0,0.0
2010-07-19,49.9900016784668,50.15999984741211,49.47999954223633,49.900001525878906,30.94994354248047,15344100,0.0,0.0,0.0
2010-07-20,49.13999938964844,50.310001373291016,49.119998931884766,50.2400016784668,31.160842895507812,17648600,0.0,0.0,0.0
2010-07-21,50.220001220703125,50.25,49.16999816894531,49.33000183105469,30.596410751342773,18248500,0.0,0.0,0.0
2010-07-22,50.52000045776367,51.16999816894531,50.52000045776367,50.9900016784668,31.626018524169922,25412400,0.0,0.0,0.0
2010-07-23,50.90999984741211,51.599998474121094,50.7400016784668,51.59000015258789,31.9981632232666,26349100,0.0,0.0,0.0
2010-07-26,51.310001373291016,51.970001220703125,51.189998626708984,51.95000076293945,32.22145080566406,29416900,0.0,0.0,0.0
2010-07-27,52.25,52.29999923706055,51.709999084472656,52.099998474121094,32.31447982788086,31043800,0.0,0.0,0.0
2010-07-28,51.959999084472656,52.119998931884766,51.66999816894531,51.83000183105469,32.14701461791992,18472800,0.0,0.0,0.0
2010-07-29,52.58000183105469,52.810001373291016,51.61000061035156,52.06999969482422,32.295875549316406,20313700,0.0,0.0,0.0
2010-07-30,51.459999084472656,52.25,51.400001525878906,51.90999984741211,32.19663619995117,25265700,0.0,0.0,0.0
2010-08-02,53.09000015258789,53.75,52.959999084472656,53.65999984741211,33.28205490112305,20257000,0.0,0.0,0.0
2010-08-03,53.41999816894531,53.7599983215332,53.15999984741211,53.58000183105469,33.23244857788086,18383000,0.0,0.0,0.0
2010-08-04,53.5099983215332,53.77000045776367,53.220001220703125,53.630001068115234,33.263450622558594,15891400,0.0,0.0,0.0
2010-08-05,53.43000030517578,53.59000015258789,53.150001525878906,53.59000015258789,33.23863983154297,13158500,0.0,0.0,0.0
2010-08-06,53.27000045776367,53.79999923706055,53.09000015258789,53.75,33.33787155151367,18078700,0.0,0.0,0.0
2010-08-09,53.88999938964844,53.95000076293945,53.68000030517578,53.810001373291016,33.37509536743164,13579600,0.0,0.0,0.0
2010-08-10,52.880001068115234,53.630001068115234,52.58000183105469,53.380001068115234,33.10838317871094,20251800,0.0,0.0,0.0
2010-08-11,51.70000076293945,51.709999084472656,50.869998931884766,50.95000076293945,31.60120391845703,40518300,0.0,0.0,0.0
2010-08-12,50.5099983215332,51.04999923706055,50.5,50.88999938964844,31.563995361328125,22039000,0.0,0.0,0.0
2010-08-13,50.869998931884766,51.16999816894531,50.689998626708984,50.709999084472656,31.45233917236328,18869200,0.0,0.0,0.0
2010-08-16,50.720001220703125,51.310001373291016,50.58000183105469,51.119998931884766,31.706647872924805,16634800,0.0,0.0,0.0
2010-08-17,51.689998626708984,51.97999954223633,51.400001525878906,51.689998626708984,32.0601806640625,13630600,0.0,0.0,0.0
2010-08-18,51.83000183105469,52.02000045776367,51.459999084472656,51.66999816894531,32.04777908325195,14140600,0.0,0.0,0.0
2010-08-19,51.70000076293945,51.84000015258789,50.599998474121094,50.84000015258789,31.532978057861328,20836400,0.0,0.0,0.0
2010-08-20,50.29999923706055,50.41999816894531,50.0,50.310001373291016,31.204242706298828,16366900,0.0,0.0,0.0
2010-08-23,50.560001373291016,50.88999938964844,50.20000076293945,50.209999084472656,31.142230987548828,13331200,0.0,0.0,0.0
2010-08-24,49.529998779296875,49.86000061035156,49.15999984741211,49.52000045776367,30.714262008666992,21659600,0.0,0.0,0.0
2010-08-25,49.08000183105469,49.66999816894531,48.81999969482422,49.56999969482422,30.745283126831055,18816000,0.0,0.0,0.0
2010-08-26,49.849998474121094,50.13999938964844,49.400001525878906,49.54999923706055,30.732872009277344,16038800,0.0,0.0,0.0
2010-08-27,50.130001068115234,50.58000183105469,49.47999954223633,50.52000045776367,31.334501266479492,16814200,0.0,0.0,0.0
2010-08-30,50.189998626708984,50.400001525878906,49.779998779296875,49.790000915527344,30.881725311279297,17372300,0.0,0.0,0.0
2010-08-31,49.7400016784668,50.27000045776367,49.540000915527344,49.939998626708984,30.974763870239258,24164600,0.0,0.0,0.0
2010-09-01,51.15999984741211,51.900001525878906,51.060001373291016,51.720001220703125,32.07878875732422,25500500,0.0,0.0,0.0
2010-09-02,51.70000076293945,52.0099983215332,51.540000915527344,52.0099983215332,32.258663177490234,14665200,0.0,0.0,0.0
2010-09-03,52.43000030517578,52.650001525878906,52.150001525878906,52.4900016784668,32.55637741088867,16061700,0.0,0.0,0.0
2010-09-07,52.099998474121094,52.13999938964844,51.72999954223633,51.7599983215332,32.10360336303711,17975300,0.0,0.0,0.0
2010-09-08,52.11000061035156,52.540000915527344,52.08000183105469,52.15999984741211,32.3516960144043,13422600,0.0,0.0,0.0
2010-09-09,53.0,53.0,52.400001525878906,52.650001525878906,32.655616760253906,14184700,0.0,0.0,0.0
2010-09-10,52.66999816894531,52.86000061035156,52.599998474121094,52.810001373291016,32.75484848022461,10187700,0.0,0.0,0.0
2010-09-13,53.540000915527344,53.810001373291016,53.459999084472656,53.77000045776367,33.35029220581055,23197400,0.0,0.0,0.0
2010-09-14,53.58000183105469,54.34000015258789,53.41999816894531,54.130001068115234,33.57356643676758,20933000,0.0,0.0,0.0
2010-09-15,53.779998779296875,54.209999084472656,53.540000915527344,54.150001525878906,33.58597183227539,19914900,0.0,0.0,0.0
2010-09-16,53.7599983215332,54.029998779296875,53.61000061035156,53.88999938964844,33.42470932006836,18005000,0.0,0.0,0.0
2010-09-17,53.880001068115234,53.97999954223633,53.33000183105469,53.630001068115234,33.263450622558594,18965300,0.0,0.0,0.0
2010-09-20,53.90999984741211,54.65999984741211,53.77000045776367,54.560001373291016,33.840267181396484,17245100,0.0,0.0,0.0
2010-09-21,54.56999969482422,54.97999954223633,54.04999923706055,54.54999923706055,33.83405685424805,24148000,0.0,0.0,0.0
2010-09-22,54.720001220703125,55.0099983215332,54.31999969482422,54.470001220703125,33.784454345703125,21603200,0.0,0.0,0.0
2010-09-23,53.86000061035156,54.40999984741211,53.7599983215332,53.880001068115234,33.41850662231445,20424200,0.0,0.0,0.0
2010-09-24,54.93000030517578,55.47999954223633,54.88999938964844,55.380001068115234,34.348873138427734,21041700,0.0,0.0,0.0
2010-09-27,55.36000061035156,55.40999984741211,55.04999923706055,55.099998474121094,34.175193786621094,13161000,0.0,0.0,0.0
2010-09-28,55.220001220703125,55.54999923706055,54.63999938964844,55.41999816894531,34.373680114746094,30726600,0.0,0.0,0.0
2010-09-29,55.43000030517578,55.619998931884766,55.150001525878906,55.33000183105469,34.31785583496094,18717500,0.0,0.0,0.0
2010-09-30,55.61000061035156,55.810001373291016,54.630001068115234,54.91999816894531,34.063560485839844,30372500,0.0,0.0,0.0
2010-10-01,55.47999954223633,55.59000015258789,55.02000045776367,55.470001220703125,34.40468978881836,15814900,0.0,0.0,0.0
2010-10-04,54.9900016784668,55.209999084472656,54.459999084472656,54.66999816894531,33.90850067138672,14760400,0.0,0.0,0.0
2010-10-05,55.650001525878906,56.380001068115234,55.540000915527344,56.220001220703125,34.869869232177734,25199800,0.0,0.0,0.0
2010-10-06,56.470001220703125,56.709999084472656,56.349998474121094,56.689998626708984,35.161380767822266,24251900,0.0,0.0,0.0
2010-10-07,57.11000061035156,57.119998931884766,56.20000076293945,56.5,35.043540954589844,22281600,0.0,0.0,0.0
2010-10-08,56.619998931884766,56.970001220703125,56.43000030517578,56.869998931884766,35.27302551269531,16558500,0.0,0.0,0.0
2010-10-11,56.970001220703125,57.029998779296875,56.599998474121094,56.79999923706055,35.2296028137207,9960700,0.0,0.0,0.0
2010-10-12,56.36000061035156,56.83000183105469,55.95000076293945,56.68000030517578,35.155174255371094,13383900,0.0,0.0,0.0
2010-10-13,57.209999084472656,57.619998931884766,57.08000183105469,57.31999969482422,35.5521354675293,15517400,0.0,0.0,0.0
2010-10-14,57.72999954223633,57.93000030517578,57.380001068115234,57.720001220703125,35.800228118896484,16135400,0.0,0.0,0.0
2010-10-15,57.88999938964844,57.93000030517578,57.119998931884766,57.529998779296875,35.682376861572266,20830900,0.0,0.0,0.0
2010-10-18,57.41999816894531,57.90999984741211,57.25,57.65999984741211,35.763004302978516,12315200,0.0,0.0,0.0
2010-10-19,56.650001525878906,57.0099983215332,56.11000061035156,56.38999938964844,34.975303649902344,20471000,0.0,0.0,0.0
2010-10-20,56.72999954223633,57.66999816894531,56.689998626708984,57.45000076293945,35.63275909423828,15578900,0.0,0.0,0.0
2010-10-21,57.5,57.869998931884766,56.810001373291016,57.13999938964844,35.440494537353516,14836300,0.0,0.0,0.0
2010-10-22,57.40999984741211,57.5,57.119998931884766,57.290000915527344,35.533512115478516,12456000,0.0,0.0,0.0
2010-10-25,57.88999938964844,58.099998474121094,57.47999954223633,57.5099983215332,35.669986724853516,13979000,0.0,0.0,0.0
2010-10-26,56.88999938964844,57.20000076293945,56.75,57.13999938964844,35.440494537353516,14724600,0.0,0.0,0.0
2010-10-27,56.630001068115234,56.77000045776367,56.06999969482422,56.59000015258789,35.09935760498047,15964500,0.0,0.0,0.0
2010-10-28,57.18000030517578,57.20000076293945,56.720001220703125,57.029998779296875,35.37226486206055,15896800,0.0,0.0,0.0
2010-10-29,56.939998626708984,57.13999938964844,56.77000045776367,57.0099983215332,35.35985565185547,13268100,0.0,0.0,0.0
2010-11-01,57.099998474121094,57.29999923706055,56.5,56.79999923706055,35.2296028137207,14155000,0.0,0.0,0.0
2010-11-02,57.68000030517578,57.849998474121094,57.529998779296875,57.7400016784668,35.81263732910156,13020600,0.0,0.0,0.0
2010-11-03,57.81999969482422,58.13999938964844,57.16999816894531,58.13999938964844,36.060726165771484,24589500,0.0,0.0,0.0
2010-11-04,59.189998626708984,59.5099983215332,59.119998931884766,59.459999084472656,36.879451751708984,19768900,0.0,0.0,0.0
2010-11-05,59.150001525878906,59.43000030517578,58.900001525878906,59.20000076293945,36.71818161010742,14176200,0.0,0.0,0.0
2010-11-08,58.7400016784668,58.959999084472656,58.4900016784668,58.84000015258789,36.494895935058594,11752500,0.0,0.0,0.0
2010-11-09,59.20000076293945,59.349998474121094,58.04999923706055,58.25,36.12895202636719,17333500,0.0,0.0,0.0
2010-11-10,58.45000076293945,58.56999969482422,57.650001525878906,58.41999816894531,36.23439025878906,19340700,0.0,0.0,0.0
2010-11-11,57.84000015258789,58.0099983215332,57.59000015258789,57.91999816894531,35.92428207397461,21357400,0.0,0.0,0.0
2010-11-12,57.75,58.060001373291016,57.130001068115234,57.439998626708984,35.62656021118164,19040600,0.0,0.0,0.0
2010-11-15,57.83000183105469,57.93000030517578,57.38999938964844,57.400001525878906,35.601749420166016,15067500,0.0,0.0,0.0
2010-11-16,56.900001525878906,57.0,55.79999923706055,56.04999923706055,34.76443099975586,40455500,0.0,0.0,0.0
2010-11-17,56.349998474121094,56.66999816894531,56.220001220703125,56.36000061035156,34.95669174194336,22315000,0.0,0.0,0.0
2010-11-18,57.54999923706055,57.83000183105469,57.5,57.77000045776367,35.83124542236328,19343000,0.0,0.0,0.0
2010-11-19,57.310001373291016,57.79999923706055,57.029998779296875,57.77000045776367,35.83124542236328,14201100,0.0,0.0,0.0
2010-11-22,57.099998474121094,57.400001525878906,56.4900016784668,57.150001525878906,35.44668960571289,28197600,0.0,0.0,0.0
2010-11-23,55.869998931884766,56.06999969482422,55.290000915527344,55.43000030517578,34.379878997802734,22439100,0.0,0.0,0.0
2010-11-24,55.959999084472656,56.33000183105469,55.939998626708984,56.310001373291016,34.92568588256836,18834800,0.0,0.0,0.0
2010-11-26,55.369998931884766,55.68000030517578,55.27000045776367,55.369998931884766,34.34266662597656,8691400,0.0,0.0,0.0
2010-11-29,54.77000045776367,55.0099983215332,54.22999954223633,54.880001068115234,34.03873825073242,25857100,0.0,0.0,0.0
2010-11-30,53.880001068115234,54.540000915527344,53.849998474121094,54.2599983215332,33.65419387817383,26227300,0.0,0.0,0.0
2010-12-01,55.33000183105469,55.84000015258789,55.220001220703125,55.79999923706055,34.60936737060547,21834400,0.0,0.0,0.0
2010-12-02,55.689998626708984,56.900001525878906,55.63999938964844,56.86000061035156,35.266822814941406,22405800,0.0,0.0,0.0
2010-12-03,56.900001525878906,57.459999084472656,56.849998474121094,57.40999984741211,35.60795593261719,17799200,0.0,0.0,0.0
2010-12-06,56.900001525878906,57.2599983215332,56.810001373291016,57.150001525878906,35.44668960571289,15412000,0.0,0.0,0.0
2010-12-07,57.90999984741211,57.97999954223633,57.119998931884766,57.18000030517578,35.46529006958008,24787900,0.0,0.0,0.0
2010-12-08,57.2400016784668,57.560001373291016,56.900001525878906,57.349998474121094,35.570743560791016,13426500,0.0,0.0,0.0
2010-12-09,57.52000045776367,57.58000183105469,57.09000015258789,57.5,35.663780212402344,14969800,0.0,0.0,0.0
2010-12-10,57.459999084472656,57.689998626708984,57.220001220703125,57.630001068115234,35.744407653808594,13417000,0.0,0.0,0.0
2010-12-13,58.09000015258789,58.560001373291016,57.9900016784668,58.25,36.12895202636719,15149500,0.0,0.0,0.0
2010-12-14,58.36000061035156,58.709999084472656,58.220001220703125,58.34000015258789,36.18478012084961,16046600,0.0,0.0,0.0
2010-12-15,57.95000076293945,58.189998626708984,57.41999816894531,57.56999969482422,35.707191467285156,19335800,0.0,0.0,0.0
2010-12-16,57.599998474121094,57.97999954223633,57.40999984741211,57.88999938964844,35.90566635131836,15424700,0.0,0.0,0.0
2010-12-17,57.560001373291016,57.61000061035156,57.2599983215332,57.56999969482422,35.707191467285156,16830000,0.0,0.0,0.0
2010-12-20,57.849998474121094,57.86000061035156,57.45000076293945,57.70000076293945,35.7878303527832,12685600,0.0,0.0,0.0
2010-12-21,57.650001525878906,57.720001220703125,57.52000045776367,57.63999938964844,36.08708953857422,18172500,0.538,0.0,0.0
2010-12-22,57.650001525878906,57.7599983215332,57.54999923706055,57.75,36.15595626831055,9188800,0.0,0.0,0.0
2010-12-23,57.56999969482422,57.7599983215332,57.54999923706055,57.720001220703125,36.13717269897461,10404000,0.0,0.0,0.0
2010-12-27,57.380001068115234,57.619998931884766,57.279998779296875,57.599998474121094,36.062042236328125,6348600,0.0,0.0,0.0
2010-12-28,57.90999984741211,57.91999816894531,57.52000045776367,57.650001525878906,36.093353271484375,9601200,0.0,0.0,0.0
2010-12-29,58.0099983215332,58.290000915527344,57.939998626708984,58.150001525878906,36.40638732910156,9244900,0.0,0.0,0.0
2010-12-30,58.029998779296875,58.08000183105469,57.650001525878906,57.869998931884766,36.23108673095703,10546300,0.0,0.0,0.0
2010-12-31,57.869998931884766,58.619998931884766,57.849998474121094,58.220001220703125,36.4502067565918,28390800,0.0,0.0,0.0
2011-01-03,58.61000061035156,58.869998931884766,58.560001373291016,58.70000076293945,36.75072479248047,16245400,0.0,0.0,0.0
2011-01-04,58.95000076293945,58.97999954223633,58.22999954223633,58.52000045776367,36.638031005859375,14583100,0.0,0.0,0.0
2011-01-05,57.65999984741211,58.27000045776367,57.650001525878906,58.27000045776367,36.48150634765625,13008800,0.0,0.0,0.0
2011-01-06,58.310001373291016,58.349998474121094,57.470001220703125,57.599998474121094,36.062042236328125,23622100,0.0,0.0,0.0
2011-01-07,57.689998626708984,57.83000183105469,57.06999969482422,57.369998931884766,35.918052673339844,16347400,0.0,0.0,0.0
2011-01-10,56.970001220703125,57.34000015258789,56.720001220703125,57.27000045776367,35.855438232421875,12666500,0.0,0.0,0.0
2011-01-11,57.619998931884766,57.7599983215332,57.36000061035156,57.65999984741211,36.09960174560547,15014100,0.0,0.0,0.0
2011-01-12,58.349998474121094,58.93000030517578,58.25,58.93000030517578,36.89473342895508,20472100,0.0,0.0,0.0
2011-01-13,59.34000015258789,59.5099983215332,59.0,59.09000015258789,36.99488830566406,16441100,0.0,0.0,0.0
2011-01-14,58.91999816894531,59.5099983215332,58.880001068115234,59.45000076293945,37.22029113769531,21884200,0.0,0.0,0.0
2011-01-18,59.709999084472656,59.95000076293945,59.630001068115234,59.84000015258789,37.46445846557617,11977100,0.0,0.0,0.0
2011-01-19,60.029998779296875,60.06999969482422,59.2599983215332,59.43000030517578,37.20777130126953,19678600,0.0,0.0,0.0
2011-01-20,58.900001525878906,59.150001525878906,58.439998626708984,58.91999816894531,36.88846206665039,17207900,0.0,0.0,0.0
2011-01-21,59.41999816894531,59.540000915527344,59.08000183105469,59.2400016784668,37.088809967041016,13671500,0.0,0.0,0.0
2011-01-24,59.13999938964844,59.869998931884766,59.13999938964844,59.869998931884766,37.483238220214844,13494000,0.0,0.0,0.0
2011-01-25,59.38999938964844,59.7599983215332,59.20000076293945,59.75,37.40811538696289,13323300,0.0,0.0,0.0
2011-01-26,60.029998779296875,60.2400016784668,59.849998474121094,60.130001068115234,37.646018981933594,20444700,0.0,0.0,0.0
2011-01-27,60.189998626708984,60.40999984741211,59.939998626708984,60.27000045776367,37.73365783691406,11889000,0.0,0.0,0.0
2011-01-28,59.90999984741211,60.08000183105469,58.810001373291016,58.93000030517578,36.89473342895508,18244200,0.0,0.0,0.0
2011-01-31,59.40999984741211,59.689998626708984,59.27000045776367,59.439998626708984,37.21403121948242,20763600,0.0,0.0,0.0
2011-02-01,60.20000076293945,60.970001220703125,60.119998931884766,60.849998474121094,38.096797943115234,25762500,0.0,0.0,0.0
2011-02-02,60.720001220703125,60.970001220703125,60.619998931884766,60.79999923706055,38.06547927856445,17063200,0.0,0.0,0.0
2011-02-03,60.5099983215332,60.84000015258789,60.06999969482422,60.810001373291016,38.07175827026367,11593300,0.0,0.0,0.0
2011-02-04,60.61000061035156,60.810001373291016,60.22999954223633,60.790000915527344,38.05921936035156,12648400,0.0,0.0,0.0
2011-02-07,60.65999984741211,61.060001373291016,60.630001068115234,60.97999954223633,38.17818832397461,13215000,0.0,0.0,0.0
2011-02-08,61.040000915527344,61.400001525878906,60.83000183105469,61.380001068115234,38.42861557006836,14437700,0.0,0.0,0.0
2011-02-09,61.029998779296875,61.31999969482422,60.869998931884766,61.20000076293945,38.315914154052734,17360700,0.0,0.0,0.0
2011-02-10,60.36000061035156,60.81999969482422,60.18000030517578,60.79999923706055,38.06547927856445,13190600,0.0,0.0,0.0
2011-02-11,60.2599983215332,60.93000030517578,60.25,60.83000183105469,38.08427810668945,12115100,0.0,0.0,0.0
2011-02-14,60.70000076293945,61.029998779296875,60.63999938964844,60.95000076293945,38.15940475463867,9851200,0.0,0.0,0.0
2011-02-15,60.88999938964844,60.95000076293945,60.630001068115234,60.77000045776367,38.04670715332031,14695100,0.0,0.0,0.0
2011-02-16,61.0,61.560001373291016,60.939998626708984,61.5,38.50374221801758,14665300,0.0,0.0,0.0
2011-02-17,61.36000061035156,61.86000061035156,61.33000183105469,61.709999084472656,38.635223388671875,15745900,0.0,0.0,0.0
2011-02-18,61.70000076293945,61.97999954223633,61.56999969482422,61.91999816894531,38.76669692993164,10151400,0.0,0.0,0.0
2011-02-22,60.630001068115234,61.09000015258789,60.09000015258789,60.150001525878906,37.658546447753906,24077500,0.0,0.0,0.0
2011-02-23,60.41999816894531,60.630001068115234,59.869998931884766,60.22999954223633,37.70862579345703,18757300,0.0,0.0,0.0
2011-02-24,60.349998474121094,60.52000045776367,59.79999923706055,60.279998779296875,37.739925384521484,17689600,0.0,0.0,0.0
2011-02-25,60.689998626708984,61.040000915527344,60.650001525878906,61.0,38.19070816040039,15585300,0.0,0.0,0.0
2011-02-28,61.619998931884766,61.79999923706055,61.2599983215332,61.54999923706055,38.53506088256836,19750700,0.0,0.0,0.0
2011-03-01,61.7599983215332,61.79999923706055,60.650001525878906,60.689998626708984,37.99662399291992,20476500,0.0,0.0,0.0
2011-03-02,60.810001373291016,61.29999923706055,60.7400016784668,61.0099983215332,38.19696807861328,17851200,0.0,0.0,0.0
2011-03-03,61.529998779296875,61.810001373291016,61.27000045776367,61.790000915527344,38.685306549072266,16087800,0.0,0.0,0.0
2011-03-04,61.56999969482422,61.689998626708984,60.81999969482422,61.22999954223633,38.3347053527832,18174100,0.0,0.0,0.0
2011-03-07,61.4900016784668,61.630001068115234,60.47999954223633,60.63999938964844,37.9653205871582,16467500,0.0,0.0,0.0
2011-03-08,60.540000915527344,61.029998779296875,60.209999084472656,60.83000183105469,38.08427810668945,13435000,0.0,0.0,0.0
2011-03-09,60.84000015258789,60.9900016784668,60.58000183105469,60.849998474121094,38.096797943115234,13058500,0.0,0.0,0.0
2011-03-10,59.7400016784668,59.75,59.25,59.34000015258789,37.15142059326172,24970100,0.0,0.0,0.0
2011-03-11,58.84000015258789,59.4900016784668,58.84000015258789,59.34000015258789,37.15142059326172,17713200,0.0,0.0,0.0
2011-03-14,57.869998931884766,58.33000183105469,57.63999938964844,58.279998779296875,36.48777389526367,31231300,0.0,0.0,0.0
2011-03-15,55.20000076293945,57.380001068115234,55.04999923706055,57.060001373291016,35.723960876464844,43537200,0.0,0.0,0.0
2011-03-16,56.66999816894531,56.86000061035156,54.099998474121094,55.290000915527344,34.61580276489258,40797800,0.0,0.0,0.0
2011-03-17,57.220001220703125,57.45000076293945,56.77000045776367,57.130001068115234,35.76777648925781,30662400,0.0,0.0,0.0
2011-03-18,57.9900016784668,58.099998474121094,57.650001525878906,57.91999816894531,36.26239776611328,44500400,0.0,0.0,0.0
2011-03-21,58.970001220703125,59.439998626708984,58.83000183105469,59.349998474121094,37.15768051147461,24131500,0.0,0.0,0.0
2011-03-22,59.310001373291016,59.36000061035156,58.88999938964844,59.18000030517578,37.05124282836914,16722000,0.0,0.0,0.0
2011-03-23,58.81999969482422,59.40999984741211,58.59000015258789,59.25,37.095069885253906,17400800,0.0,0.0,0.0
2011-03-24,59.5099983215332,60.040000915527344,59.34000015258789,60.040000915527344,37.58967208862305,14473700,0.0,0.0,0.0
2011-03-25,59.58000183105469,59.86000061035156,59.36000061035156,59.380001068115234,37.176456451416016,12687500,0.0,0.0,0.0
2011-03-28,59.54999923706055,59.7400016784668,59.310001373291016,59.349998474121094,37.15768051147461,11879900,0.0,0.0,0.0
2011-03-29,59.20000076293945,59.66999816894531,58.97999954223633,59.65999984741211,37.35175323486328,14375800,0.0,0.0,0.0
2011-03-30,60.09000015258789,60.439998626708984,59.959999084472656,60.369998931884766,37.7962760925293,13689000,0.0,0.0,0.0
2011-03-31,60.0,60.290000915527344,59.84000015258789,60.08000183105469,37.61473083496094,21688400,0.0,0.0,0.0
2011-04-01,60.189998626708984,60.72999954223633,59.91999816894531,60.650001525878906,37.97158432006836,15132800,0.0,0.0,0.0
2011-04-04,60.81999969482422,60.86000061035156,60.4900016784668,60.72999954223633,38.021663665771484,19410800,0.0,0.0,0.0
2011-04-05,60.209999084472656,60.77000045776367,60.15999984741211,60.58000183105469,37.92775344848633,14536800,0.0,0.0,0.0
2011-04-06,60.83000183105469,61.15999984741211,60.79999923706055,61.08000183105469,38.24079513549805,14204000,0.0,0.0,0.0
2011-04-07,60.93000030517578,61.130001068115234,60.43000030517578,60.779998779296875,38.05297088623047,16050000,0.0,0.0,0.0
2011-04-08,61.5,61.59000015258789,61.11000061035156,61.279998779296875,38.36600112915039,12447100,0.0,0.0,0.0
2011-04-11,61.439998626708984,61.61000061035156,61.029998779296875,61.15999984741211,38.2908821105957,10165800,0.0,0.0,0.0
2011-04-12,60.880001068115234,60.95000076293945,60.40999984741211,60.59000015258789,37.934017181396484,14527800,0.0,0.0,0.0
2011-04-13,61.25,61.290000915527344,60.61000061035156,60.77000045776367,38.04670715332031,14659800,0.0,0.0,0.0
2011-04-14,60.58000183105469,61.13999938964844,60.40999984741211,61.040000915527344,38.21575164794922,15109800,0.0,0.0,0.0
2011-04-15,60.84000015258789,61.060001373291016,60.599998474121094,60.95000076293945,38.15940475463867,14660500,0.0,0.0,0.0
2011-04-18,59.61000061035156,59.81999969482422,59.029998779296875,59.70000076293945,37.37680435180664,20667200,0.0,0.0,0.0
2011-04-19,60.02000045776367,60.22999954223633,59.83000183105469,60.13999938964844,37.65227508544922,11675700,0.0,0.0,0.0
2011-04-20,61.540000915527344,61.72999954223633,61.43000030517578,61.66999816894531,38.61017990112305,16665900,0.0,0.0,0.0
2011-04-21,62.119998931884766,62.16999816894531,61.86000061035156,62.06999969482422,38.86061096191406,12811800,0.0,0.0,0.0
2011-04-25,62.13999938964844,62.189998626708984,61.83000183105469,62.06999969482422,38.86061096191406,11593100,0.0,0.0,0.0
2011-04-26,62.22999954223633,62.65999984741211,62.11000061035156,62.54999923706055,39.16112518310547,11400000,0.0,0.0,0.0
2011-04-27,62.7599983215332,63.38999938964844,62.349998474121094,63.33000183105469,39.64947509765625,16032300,0.0,0.0,0.0
2011-04-28,63.290000915527344,63.790000915527344,63.279998779296875,63.7599983215332,39.918678283691406,19808900,0.0,0.0,0.0
2011-04-29,63.790000915527344,64.06999969482422,63.459999084472656,63.459999084472656,39.730857849121094,17700000,0.0,0.0,0.0
2011-05-02,64.12999725341797,64.3499984741211,63.779998779296875,63.869998931884766,39.987552642822266,18704300,0.0,0.0,0.0
2011-05-03,63.650001525878906,63.83000183105469,63.060001373291016,63.349998474121094,39.661983489990234,14222300,0.0,0.0,0.0
2011-05-04,63.43000030517578,63.439998626708984,62.59000015258789,62.810001373291016,39.32390594482422,18561500,0.0,0.0,0.0
2011-05-05,62.11000061035156,62.279998779296875,61.31999969482422,61.56999969482422,38.547576904296875,25543500,0.0,0.0,0.0
2011-05-06,62.43000030517578,62.650001525878906,61.2599983215332,61.599998474121094,38.566349029541016,24517800,0.0,0.0,0.0
2011-05-09,61.619998931884766,62.09000015258789,61.36000061035156,62.040000915527344,38.84183120727539,17228200,0.0,0.0,0.0
2011-05-10,62.25,62.65999984741211,62.119998931884766,62.630001068115234,39.211212158203125,15708200,0.0,0.0,0.0
2011-05-11,62.29999923706055,62.369998931884766,61.130001068115234,61.369998931884766,38.42236328125,33177300,0.0,0.0,0.0
2011-05-12,61.18000030517578,61.86000061035156,60.79999923706055,61.56999969482422,38.547576904296875,22162200,0.0,0.0,0.0
2011-05-13,61.45000076293945,61.4900016784668,60.279998779296875,60.61000061035156,37.946537017822266,20874000,0.0,0.0,0.0
2011-05-16,60.45000076293945,61.15999984741211,60.310001373291016,60.5,37.87767028808594,19340700,0.0,0.0,0.0
2011-05-17,60.18000030517578,60.65999984741211,59.900001525878906,60.630001068115234,37.95906448364258,18296900,0.0,0.0,0.0
2011-05-18,60.560001373291016,61.18000030517578,60.41999816894531,61.0,38.19070816040039,12848200,0.0,0.0,0.0
2011-05-19,61.18000030517578,61.41999816894531,60.810001373291016,61.349998474121094,38.40982437133789,10888100,0.0,0.0,0.0
2011-05-20,60.93000030517578,61.0,60.25,60.47999954223633,37.86514663696289,18552000,0.0,0.0,0.0
2011-05-23,59.08000183105469,59.33000183105469,58.81999969482422,59.08000183105469,36.988643646240234,20519400,0.0,0.0,0.0
2011-05-24,59.56999969482422,59.77000045776367,59.2400016784668,59.41999816894531,37.201507568359375,17309500,0.0,0.0,0.0
2011-05-25,59.2400016784668,59.959999084472656,59.20000076293945,59.79999923706055,37.43941116333008,15848600,0.0,0.0,0.0
2011-05-26,60.060001373291016,60.5099983215332,59.709999084472656,60.36000061035156,37.790016174316406,18511100,0.0,0.0,0.0
2011-05-27,60.68000030517578,60.9900016784668,60.59000015258789,60.79999923706055,38.06547927856445,17160100,0.0,0.0,0.0
2011-05-31,61.810001373291016,62.060001373291016,61.45000076293945,62.060001373291016,38.85435104370117,33441600,0.0,0.0,0.0
2011-06-01,61.720001220703125,61.790000915527344,60.52000045776367,60.59000015258789,37.934017181396484,25264400,0.0,0.0,0.0
2011-06-02,60.880001068115234,61.02000045776367,60.2400016784668,60.900001525878906,38.12810516357422,19489600,0.0,0.0,0.0
2011-06-03,60.279998779296875,61.279998779296875,60.2599983215332,60.93000030517578,38.146873474121094,21376300,0.0,0.0,0.0
2011-06-06,60.779998779296875,60.83000183105469,60.099998474121094,60.13999938964844,37.65227508544922,16339800,0.0,0.0,0.0
2011-06-07,60.900001525878906,61.13999938964844,60.65999984741211,60.689998626708984,37.99662399291992,23850300,0.0,0.0,0.0
2011-06-08,60.2400016784668,60.439998626708984,59.81999969482422,59.90999984741211,37.50829315185547,18499300,0.0,0.0,0.0
2011-06-09,60.11000061035156,60.68000030517578,59.970001220703125,60.529998779296875,37.89645004272461,14991000,0.0,0.0,0.0
2011-06-10,60.0,60.02000045776367,58.95000076293945,59.130001068115234,37.01994705200195,23965600,0.0,0.0,0.0
2011-06-13,59.349998474121094,59.58000183105469,58.88999938964844,59.220001220703125,37.07628631591797,26144800,0.0,0.0,0.0
2011-06-14,60.06999969482422,60.439998626708984,60.02000045776367,60.27000045776367,37.73365783691406,16389900,0.0,0.0,0.0
2011-06-15,59.08000183105469,59.310001373291016,58.150001525878906,58.290000915527344,36.494041442871094,26678400,0.0,0.0,0.0
2011-06-16,58.02000045776367,58.40999984741211,57.59000015258789,58.09000015258789,36.36882400512695,21331500,0.0,0.0,0.0
2011-06-17,58.880001068115234,58.959999084472656,58.5099983215332,58.65999984741211,36.725685119628906,22489900,0.0,0.0,0.0
2011-06-20,58.2400016784668,58.75,58.2400016784668,58.59000015258789,36.68185806274414,16304000,0.0,0.0,0.0
2011-06-21,59.15999984741211,59.88999938964844,59.09000015258789,59.86000061035156,37.47698211669922,17407400,0.0,0.0,0.0
2011-06-22,58.41999816894531,58.77000045776367,58.119998931884766,58.150001525878906,37.11381530761719,20975200,1.141,0.0,0.0
2011-06-23,57.060001373291016,57.68000030517578,56.70000076293945,57.650001525878906,36.79469680786133,22617400,0.0,0.0,0.0
2011-06-24,57.68000030517578,57.70000076293945,57.0099983215332,57.099998474121094,36.443660736083984,18681900,0.0,0.0,0.0
2011-06-27,57.060001373291016,57.720001220703125,56.939998626708984,57.56999969482422,36.74363708496094,16916400,0.0,0.0,0.0
2011-06-28,57.81999969482422,58.310001373291016,57.75,58.2599983215332,37.184024810791016,20936100,0.0,0.0,0.0
2011-06-29,58.900001525878906,59.33000183105469,58.560001373291016,59.279998779296875,37.835025787353516,28707600,0.0,0.0,0.0
2011-06-30,59.56999969482422,60.33000183105469,59.47999954223633,60.13999938964844,38.383914947509766,30800700,0.0,0.0,0.0
2011-07-01,60.04999923706055,60.86000061035156,59.880001068115234,60.79999923706055,38.80514907836914,17093200,0.0,0.0,0.0
2011-07-05,60.540000915527344,60.720001220703125,60.279998779296875,60.439998626708984,38.57538986206055,17598300,0.0,0.0,0.0
2011-07-06,59.93000030517578,60.150001525878906,59.63999938964844,60.060001373291016,38.33286666870117,12980200,0.0,0.0,0.0
2011-07-07,60.40999984741211,60.709999084472656,60.31999969482422,60.58000183105469,38.664756774902344,15687200,0.0,0.0,0.0
2011-07-08,59.91999816894531,60.150001525878906,59.5,59.83000183105469,38.18606948852539,17211100,0.0,0.0,0.0
2011-07-11,58.5099983215332,58.65999984741211,57.90999984741211,58.02000045776367,37.03084945678711,25138000,0.0,0.0,0.0
2011-07-12,57.66999816894531,58.290000915527344,57.560001373291016,57.630001068115234,36.78193283081055,17446900,0.0,0.0,0.0
2011-07-13,58.279998779296875,59.08000183105469,58.150001525878906,58.4900016784668,37.3308219909668,22333600,0.0,0.0,0.0
2011-07-14,58.79999923706055,58.91999816894531,57.849998474121094,57.97999954223633,37.00532150268555,24454000,0.0,0.0,0.0
2011-07-15,58.27000045776367,58.4900016784668,57.88999938964844,58.18000030517578,37.13296890258789,20163000,0.0,0.0,0.0
2011-07-18,57.439998626708984,57.61000061035156,56.849998474121094,57.31999969482422,36.584083557128906,23639200,0.0,0.0,0.0
2011-07-19,57.810001373291016,58.31999969482422,57.810001373291016,58.18000030517578,37.13296890258789,20782400,0.0,0.0,0.0
2011-07-20,58.70000076293945,58.95000076293945,58.38999938964844,58.869998931884766,37.57334518432617,15577400,0.0,0.0,0.0
2011-07-21,59.470001220703125,60.220001220703125,59.369998931884766,60.119998931884766,38.37115478515625,26791900,0.0,0.0,0.0
2011-07-22,60.15999984741211,60.25,59.72999954223633,60.18000030517578,38.409461975097656,11854600,0.0,0.0,0.0
2011-07-25,59.79999923706055,60.06999969482422,59.66999816894531,59.79999923706055,38.16691589355469,15580200,0.0,0.0,0.0
2011-07-26,60.119998931884766,60.369998931884766,59.849998474121094,60.15999984741211,38.39668655395508,14454200,0.0,0.0,0.0
2011-07-27,59.77000045776367,59.790000915527344,58.59000015258789,58.70000076293945,37.464847564697266,29604200,0.0,0.0,0.0
2011-07-28,58.61000061035156,59.15999984741211,58.5,58.560001373291016,37.375492095947266,17540500,0.0,0.0,0.0
2011-07-29,58.459999084472656,59.2400016784668,58.220001220703125,58.709999084472656,37.47124099731445,28563800,0.0,0.0,0.0
2011-08-01,59.369998931884766,59.400001525878906,57.5,57.970001220703125,36.998939514160156,26159000,0.0,0.0,0.0
2011-08-02,57.310001373291016,57.810001373291016,56.43000030517578,56.439998626708984,36.022422790527344,25546200,0.0,0.0,0.0
2011-08-03,56.79999923706055,56.88999938964844,55.790000915527344,56.77000045776367,36.23305130004883,36176300,0.0,0.0,0.0
2011-08-04,54.88999938964844,55.0099983215332,52.7400016784668,52.810001373291016,33.705596923828125,39911200,0.0,0.0,0.0
2011-08-05,54.0099983215332,54.209999084472656,51.779998779296875,53.7400016784668,34.299163818359375,61793400,0.0,0.0,0.0
2011-08-08,51.720001220703125,52.40999984741211,49.630001068115234,49.72999954223633,31.739816665649414,53894700,0.0,0.0,0.0
2011-08-09,51.68000030517578,53.08000183105469,50.189998626708984,53.08000183105469,33.8779296875,55660900,0.0,0.0,0.0
2011-08-10,51.630001068115234,51.68000030517578,49.84000015258789,49.90999984741211,31.854698181152344,43347500,0.0,0.0,0.0
2011-08-11,50.15999984741211,52.68000030517578,50.08000183105469,52.29999923706055,33.38009262084961,35724500,0.0,0.0,0.0
2011-08-12,52.849998474121094,53.310001373291016,52.20000076293945,52.900001525878906,33.76304626464844,26243500,0.0,0.0,0.0
2011-08-15,53.540000915527344,54.13999938964844,53.529998779296875,54.130001068115234,34.54808044433594,20913700,0.0,0.0,0.0
2011-08-16,53.189998626708984,53.959999084472656,52.790000915527344,53.34000015258789,34.04387664794922,23238300,0.0,0.0,0.0
2011-08-17,53.849998474121094,54.29999923706055,53.33000183105469,53.650001525878906,34.24171829223633,20680200,0.0,0.0,0.0
2011-08-18,51.70000076293945,51.81999969482422,50.59000015258789,51.040000915527344,32.575904846191406,32657800,0.0,0.0,0.0
2011-08-19,50.439998626708984,51.689998626708984,50.099998474121094,50.16999816894531,32.020633697509766,29395100,0.0,0.0,0.0
2011-08-22,51.720001220703125,51.7599983215332,50.45000076293945,50.4900016784668,32.224884033203125,23408300,0.0,0.0,0.0
2011-08-23,51.09000015258789,52.18000030517578,50.7599983215332,52.130001068115234,33.271602630615234,24830200,0.0,0.0,0.0
2011-08-24,51.709999084472656,52.45000076293945,51.41999816894531,52.150001525878906,33.28436279296875,18042600,0.0,0.0,0.0
2011-08-25,52.02000045776367,52.22999954223633,50.72999954223633,50.88999938964844,32.48017883300781,18597700,0.0,0.0,0.0
2011-08-26,50.720001220703125,51.86000061035156,50.15999984741211,51.689998626708984,32.99076461791992,26600900,0.0,0.0,0.0
2011-08-29,52.439998626708984,52.95000076293945,52.41999816894531,52.91999816894531,33.77580642700195,18267000,0.0,0.0,0.0
2011-08-30,52.33000183105469,52.849998474121094,51.93000030517578,52.61000061035156,33.57794952392578,16811400,0.0,0.0,0.0
2011-08-31,53.45000076293945,53.900001525878906,53.220001220703125,53.56999969482422,34.190670013427734,29114100,0.0,0.0,0.0
2011-09-01,53.310001373291016,53.79999923706055,52.90999984741211,52.90999984741211,33.769432067871094,21110800,0.0,0.0,0.0
2011-09-02,51.95000076293945,52.27000045776367,51.619998931884766,51.72999954223633,33.016300201416016,23310400,0.0,0.0,0.0
2011-09-06,49.29999923706055,50.060001373291016,49.150001525878906,50.029998779296875,31.9312801361084,27238100,0.0,0.0,0.0
2011-09-07,50.72999954223633,51.529998779296875,50.56999969482422,51.52000045776367,32.88226318359375,18331400,0.0,0.0,0.0
2011-09-08,50.790000915527344,51.38999938964844,50.369998931884766,50.5,32.231258392333984,17412400,0.0,0.0,0.0
2011-09-09,49.529998779296875,49.72999954223633,48.540000915527344,48.75,31.11433982849121,23270800,0.0,0.0,0.0
2011-09-12,47.7599983215332,48.560001373291016,47.40999984741211,48.540000915527344,30.980302810668945,31133200,0.0,0.0,0.0
2011-09-13,48.540000915527344,49.22999954223633,48.369998931884766,49.060001373291016,31.312198638916016,27622400,0.0,0.0,0.0
2011-09-14,49.22999954223633,50.18000030517578,48.40999984741211,49.79999923706055,31.78449249267578,26017000,0.0,0.0,0.0
2011-09-15,50.56999969482422,50.91999816894531,50.209999084472656,50.880001068115234,32.47379684448242,36415500,0.0,0.0,0.0
2011-09-16,50.970001220703125,51.130001068115234,50.36000061035156,50.900001525878906,32.48655319213867,19035400,0.0,0.0,0.0
2011-09-19,49.209999084472656,49.83000183105469,48.900001525878906,49.5,31.593013763427734,22184900,0.0,0.0,0.0
2011-09-20,49.709999084472656,50.2400016784668,49.310001373291016,49.70000076293945,31.720661163330078,27969100,0.0,0.0,0.0
2011-09-21,49.650001525878906,49.84000015258789,48.20000076293945,48.220001220703125,30.77606964111328,74730700,0.0,0.0,0.0
2011-09-22,46.709999084472656,47.0,46.08000183105469,46.65999984741211,29.780410766601562,49431400,0.0,0.0,0.0
2011-09-23,46.29999923706055,47.279998779296875,46.22999954223633,47.189998626708984,30.11867904663086,39581500,0.0,0.0,0.0
2011-09-26,47.5,48.20000076293945,46.79999923706055,48.15999984741211,30.73777198791504,24237700,0.0,0.0,0.0
2011-09-27,49.529998779296875,50.15999984741211,49.060001373291016,49.349998474121094,31.497283935546875,35316000,0.0,0.0,0.0
2011-09-28,49.630001068115234,49.900001525878906,48.45000076293945,48.5099983215332,30.961158752441406,32537000,0.0,0.0,0.0
2011-09-29,49.810001373291016,49.9900016784668,48.75,49.459999084472656,31.567485809326172,29540100,0.0,0.0,0.0
2011-09-30,48.25,48.65999984741211,47.75,47.779998779296875,30.4952392578125,29785700,0.0,0.0,0.0
2011-10-03,47.310001373291016,47.97999954223633,46.5,46.52000045776367,29.691059112548828,31113700,0.0,0.0,0.0
2011-10-04,46.02000045776367,47.310001373291016,45.45000076293945,47.29999923706055,30.188884735107422,37700000,0.0,0.0,0.0
2011-10-05,47.2400016784668,48.08000183105469,46.880001068115234,48.029998779296875,30.654802322387695,33843200,0.0,0.0,0.0
2011-10-06,48.0,49.349998474121094,47.86000061035156,49.31999969482422,31.478137969970703,30835600,0.0,0.0,0.0
2011-10-07,49.56999969482422,49.83000183105469,48.86000061035156,48.97999954223633,31.26114273071289,32306700,0.0,0.0,0.0
2011-10-10,50.150001525878906,50.88999938964844,50.150001525878906,50.849998474121094,32.454647064208984,22300800,0.0,0.0,0.0
2011-10-11,50.16999816894531,50.81999969482422,50.09000015258789,50.7599983215332,32.3972053527832,22967800,0.0,0.0,0.0
2011-10-12,51.45000076293945,52.0,51.369998931884766,51.5,32.8694953918457,40438500,0.0,0.0,0.0
2011-10-13,51.18000030517578,51.56999969482422,50.7400016784668,51.52000045776367,32.88226318359375,16967200,0.0,0.0,0.0
2011-10-14,52.0099983215332,52.209999084472656,51.630001068115234,52.119998931884766,33.26522445678711,16226500,0.0,0.0,0.0
2011-10-17,51.720001220703125,51.7400016784668,50.790000915527344,50.91999816894531,32.499324798583984,15645500,0.0,0.0,0.0
2011-10-18,50.81999969482422,52.02000045776367,50.22999954223633,51.650001525878906,32.96523666381836,27807500,0.0,0.0,0.0
2011-10-19,51.36000061035156,51.540000915527344,50.63999938964844,50.720001220703125,32.371681213378906,18229900,0.0,0.0,0.0
2011-10-20,50.869998931884766,50.939998626708984,50.060001373291016,50.849998474121094,32.454647064208984,23120200,0.0,0.0,0.0
2011-10-21,51.65999984741211,52.11000061035156,51.58000183105469,52.08000183105469,33.23967742919922,21149500,0.0,0.0,0.0
2011-10-24,52.060001373291016,52.95000076293945,52.04999923706055,52.86000061035156,33.737510681152344,16040000,0.0,0.0,0.0
2011-10-25,52.5099983215332,52.58000183105469,51.7599983215332,51.95000076293945,33.156715393066406,25668900,0.0,0.0,0.0
2011-10-26,52.84000015258789,52.95000076293945,51.61000061035156,52.65999984741211,33.60986328125,19159800,0.0,0.0,0.0
2011-10-27,55.060001373291016,55.869998931884766,54.58000183105469,55.56999969482422,35.46715545654297,27559600,0.0,0.0,0.0
2011-10-28,54.869998931884766,55.2599983215332,54.72999954223633,55.25,35.26290512084961,41372400,0.0,0.0,0.0
2011-10-31,53.63999938964844,53.68000030517578,52.369998931884766,52.380001068115234,33.4311637878418,29378700,0.0,0.0,0.0
2011-11-01,50.27000045776367,51.310001373291016,50.150001525878906,50.7400016784668,32.38443374633789,34733100,0.0,0.0,0.0
2011-11-02,51.15999984741211,51.560001373291016,50.86000061035156,51.16999816894531,32.65888214111328,24423500,0.0,0.0,0.0
2011-11-03,51.9900016784668,52.650001525878906,51.220001220703125,52.459999084472656,33.48221969604492,23891000,0.0,0.0,0.0
2011-11-04,51.849998474121094,52.040000915527344,51.209999084472656,51.79999923706055,33.06097412109375,23089500,0.0,0.0,0.0
2011-11-07,51.7400016784668,52.11000061035156,51.349998474121094,52.02000045776367,33.20138168334961,21383700,0.0,0.0,0.0
2011-11-08,52.29999923706055,52.79999923706055,51.81999969482422,52.650001525878906,33.60348892211914,22483600,0.0,0.0,0.0
2011-11-09,50.689998626708984,50.84000015258789,49.83000183105469,49.95000076293945,31.880226135253906,28669400,0.0,0.0,0.0
2011-11-10,50.95000076293945,50.9900016784668,50.040000915527344,50.540000915527344,32.256778717041016,25065000,0.0,0.0,0.0
2011-11-11,51.33000183105469,51.959999084472656,51.29999923706055,51.79999923706055,33.06097412109375,19095800,0.0,0.0,0.0
2011-11-14,51.189998626708984,51.33000183105469,50.63999938964844,50.880001068115234,32.47379684448242,16886200,0.0,0.0,0.0
2011-11-15,50.720001220703125,51.060001373291016,50.34000015258789,50.7400016784668,32.38443374633789,23477400,0.0,0.0,0.0
2011-11-16,50.20000076293945,50.66999816894531,49.75,49.77000045776367,31.765342712402344,26147100,0.0,0.0,0.0
2011-11-17,50.0099983215332,50.220001220703125,49.029998779296875,49.22999954223633,31.42068862915039,28385300,0.0,0.0,0.0
2011-11-18,49.810001373291016,49.84000015258789,49.29999923706055,49.400001525878906,31.529193878173828,16813600,0.0,0.0,0.0
2011-11-21,48.38999938964844,48.45000076293945,47.790000915527344,48.150001525878906,30.73139190673828,25465000,0.0,0.0,0.0
2011-11-22,48.099998474121094,48.310001373291016,47.720001220703125,48.0099983215332,30.642032623291016,29937500,0.0,0.0,0.0
2011-11-23,47.40999984741211,47.470001220703125,46.63999938964844,46.689998626708984,29.799560546875,27206700,0.0,0.0,0.0
2011-11-25,46.599998474121094,47.11000061035156,46.45000076293945,46.45000076293945,29.64638328552246,10871200,0.0,0.0,0.0
2011-11-28,48.470001220703125,48.619998931884766,48.119998931884766,48.43000030517578,30.91010093688965,21753000,0.0,0.0,0.0
2011-11-29,48.65999984741211,49.0,48.470001220703125,48.75,31.11433982849121,23035900,0.0,0.0,0.0
2011-11-30,50.689998626708984,51.29999923706055,50.58000183105469,51.2400016784668,32.703556060791016,43525100,0.0,0.0,0.0
2011-12-01,50.97999954223633,51.36000061035156,50.630001068115234,50.79999923706055,32.422733306884766,19770900,0.0,0.0,0.0
2011-12-02,51.459999084472656,51.47999954223633,50.77000045776367,50.790000915527344,32.41635513305664,17848000,0.0,0.0,0.0
2011-12-05,51.7599983215332,51.810001373291016,51.060001373291016,51.369998931884766,32.786537170410156,18107200,0.0,0.0,0.0
2011-12-06,51.08000183105469,51.470001220703125,50.95000076293945,51.130001068115234,32.63335418701172,21382100,0.0,0.0,0.0
2011-12-07,50.790000915527344,51.70000076293945,50.56999969482422,51.4900016784668,32.86311721801758,29174100,0.0,0.0,0.0
2011-12-08,50.779998779296875,50.86000061035156,49.7400016784668,49.79999923706055,31.78449249267578,26351100,0.0,0.0,0.0
2011-12-09,50.2599983215332,51.06999969482422,50.2400016784668,51.040000915527344,32.575904846191406,20706100,0.0,0.0,0.0
2011-12-12,49.95000076293945,49.959999084472656,49.2599983215332,49.54999923706055,31.624927520751953,23868300,0.0,0.0,0.0
2011-12-13,49.779998779296875,50.13999938964844,48.650001525878906,48.880001068115234,31.19731330871582,33861500,0.0,0.0,0.0
2011-12-14,48.599998474121094,48.779998779296875,48.13999938964844,48.29999923706055,30.827123641967773,28164100,0.0,0.0,0.0
2011-12-15,48.880001068115234,48.95000076293945,48.369998931884766,48.540000915527344,30.980302810668945,25474900,0.0,0.0,0.0
2011-12-16,48.70000076293945,48.849998474121094,48.119998931884766,48.34000015258789,30.8526554107666,28537100,0.0,0.0,0.0
2011-12-19,48.58000183105469,48.66999816894531,47.83000183105469,47.88999938964844,30.565452575683594,21443400,0.0,0.0,0.0
2011-12-20,48.41999816894531,49.040000915527344,48.400001525878906,48.9900016784668,31.64348793029785,34746000,0.569,0.0,0.0
2011-12-21,48.66999816894531,48.790000915527344,48.290000915527344,48.72999954223633,31.47554588317871,27654000,0.0,0.0,0.0
2011-12-22,48.7400016784668,49.189998626708984,48.689998626708984,49.16999816894531,31.759740829467773,25753700,0.0,0.0,0.0
2011-12-23,49.25,49.5099983215332,49.13999938964844,49.5099983215332,31.979347229003906,14901700,0.0,0.0,0.0
2011-12-27,49.34000015258789,49.400001525878906,49.20000076293945,49.290000915527344,31.837261199951172,14440000,0.0,0.0,0.0
2011-12-28,49.150001525878906,49.16999816894531,48.38999938964844,48.400001525878906,31.262393951416016,20384600,0.0,0.0,0.0
2011-12-29,48.54999923706055,49.349998474121094,48.5,49.290000915527344,31.837261199951172,25565500,0.0,0.0,0.0
2011-12-30,49.27000045776367,49.599998474121094,49.22999954223633,49.529998779296875,31.992284774780273,32979100,0.0,0.0,0.0
2012-01-03,50.540000915527344,51.02000045776367,50.5099983215332,50.880001068115234,32.8642692565918,33352000,0.0,0.0,0.0
2012-01-04,50.56999969482422,50.66999816894531,50.20000076293945,50.58000183105469,32.67049789428711,14692800,0.0,0.0,0.0
2012-01-05,49.75,49.900001525878906,49.459999084472656,49.83000183105469,32.18606185913086,16354900,0.0,0.0,0.0
2012-01-06,49.650001525878906,49.68000030517578,49.06999969482422,49.150001525878906,31.746835708618164,28504800,0.0,0.0,0.0
2012-01-09,49.45000076293945,49.45000076293945,48.9900016784668,49.34000015258789,31.869556427001953,12756100,0.0,0.0,0.0
2012-01-10,50.18000030517578,50.220001220703125,49.970001220703125,50.09000015258789,32.35399627685547,13409900,0.0,0.0,0.0
2012-01-11,49.689998626708984,49.970001220703125,49.4900016784668,49.93000030517578,32.250648498535156,13372300,0.0,0.0,0.0
2012-01-12,50.13999938964844,50.25,49.77000045776367,50.13999938964844,32.386287689208984,13774400,0.0,0.0,0.0
2012-01-13,49.56999969482422,49.63999938964844,49.04999923706055,49.599998474121094,32.03749465942383,17154100,0.0,0.0,0.0
2012-01-17,50.25,50.5,50.130001068115234,50.189998626708984,32.41858673095703,19915900,0.0,0.0,0.0
2012-01-18,50.4900016784668,51.06999969482422,50.43000030517578,51.029998779296875,32.96116638183594,15999300,0.0,0.0,0.0
2012-01-19,51.38999938964844,52.189998626708984,51.18000030517578,51.65999984741211,33.36808395385742,17256900,0.0,0.0,0.0
2012-01-20,51.59000015258789,51.93000030517578,51.540000915527344,51.93000030517578,33.54248046875,23922600,0.0,0.0,0.0
2012-01-23,52.02000045776367,52.349998474121094,51.939998626708984,52.130001068115234,33.67166519165039,18529000,0.0,0.0,0.0
2012-01-24,51.58000183105469,51.93000030517578,51.400001525878906,51.84000015258789,33.48435592651367,18320600,0.0,0.0,0.0
2012-01-25,51.599998474121094,52.5099983215332,51.380001068115234,52.380001068115234,33.83314895629883,24497400,0.0,0.0,0.0
2012-01-26,52.880001068115234,52.97999954223633,52.290000915527344,52.400001525878906,33.846073150634766,20276800,0.0,0.0,0.0
2012-01-27,52.2400016784668,52.619998931884766,52.2400016784668,52.4900016784668,33.90419006347656,22868700,0.0,0.0,0.0
2012-01-30,51.650001525878906,51.97999954223633,51.560001373291016,51.869998931884766,33.50373077392578,21139400,0.0,0.0,0.0
2012-01-31,52.41999816894531,52.41999816894531,51.83000183105469,52.13999938964844,33.678123474121094,26358300,0.0,0.0,0.0
2012-02-01,52.84000015258789,53.2400016784668,52.790000915527344,52.959999084472656,34.20777893066406,28274600,0.0,0.0,0.0
2012-02-02,53.08000183105469,53.290000915527344,52.91999816894531,53.06999969482422,34.27882766723633,19337400,0.0,0.0,0.0
2012-02-03,53.41999816894531,53.93000030517578,53.349998474121094,53.900001525878906,34.814937591552734,15187000,0.0,0.0,0.0
2012-02-06,53.369998931884766,53.70000076293945,53.31999969482422,53.63999938964844,34.646995544433594,15349200,0.0,0.0,0.0
2012-02-07,53.68000030517578,54.0099983215332,53.41999816894531,53.970001220703125,34.86014938354492,26462700,0.0,0.0,0.0
2012-02-08,54.099998474121094,54.290000915527344,53.83000183105469,54.15999984741211,34.98286437988281,13873200,0.0,0.0,0.0
2012-02-09,54.369998931884766,54.43000030517578,54.02000045776367,54.29999923706055,35.073307037353516,16265900,0.0,0.0,0.0
2012-02-10,53.29999923706055,53.43000030517578,53.11000061035156,53.27000045776367,34.40800857543945,19405700,0.0,0.0,0.0
2012-02-13,53.93000030517578,54.0,53.66999816894531,53.880001068115234,34.8020133972168,16406900,0.0,0.0,0.0
2012-02-14,53.630001068115234,53.72999954223633,53.11000061035156,53.47999954223633,34.54364776611328,17037300,0.0,0.0,0.0
2012-02-15,53.93000030517578,53.95000076293945,53.459999084472656,53.540000915527344,34.58241653442383,25177100,0.0,0.0,0.0
2012-02-16,53.400001525878906,54.310001373291016,53.349998474121094,54.279998779296875,35.06039047241211,17583900,0.0,0.0,0.0
2012-02-17,54.59000015258789,54.599998474121094,54.220001220703125,54.52000045776367,35.21540451049805,14472400,0.0,0.0,0.0
2012-02-21,54.709999084472656,54.90999984741211,54.45000076293945,54.529998779296875,35.22186279296875,17594800,0.0,0.0,0.0
2012-02-22,54.43000030517578,54.59000015258789,54.25,54.369998931884766,35.118526458740234,15857800,0.0,0.0,0.0
2012-02-23,54.43000030517578,54.86000061035156,54.189998626708984,54.81999969482422,35.4091682434082,12721100,0.0,0.0,0.0
2012-02-24,55.04999923706055,55.310001373291016,55.040000915527344,55.150001525878906,35.62232971191406,25346500,0.0,0.0,0.0
2012-02-27,54.40999984741211,55.0099983215332,54.290000915527344,54.869998931884766,35.44147491455078,20054200,0.0,0.0,0.0
2012-02-28,55.029998779296875,55.400001525878906,54.880001068115234,55.380001068115234,35.770896911621094,16619300,0.0,0.0,0.0
2012-02-29,55.4900016784668,55.63999938964844,54.630001068115234,54.65999984741211,35.30583190917969,33950800,0.0,0.0,0.0
2012-03-01,54.959999084472656,55.349998474121094,54.91999816894531,55.279998779296875,35.70630645751953,20340800,0.0,0.0,0.0
2012-03-02,54.88999938964844,54.93000030517578,54.599998474121094,54.77000045776367,35.37688064575195,14435600,0.0,0.0,0.0
2012-03-05,54.65999984741211,54.66999816894531,54.310001373291016,54.47999954223633,35.1895751953125,10047900,0.0,0.0,0.0
2012-03-06,53.20000076293945,53.25,52.59000015258789,52.7400016784668,34.065673828125,21589300,0.0,0.0,0.0
2012-03-07,53.119998931884766,53.45000076293945,52.79999923706055,53.38999938964844,34.48552322387695,18013000,0.0,0.0,0.0
2012-03-08,54.2400016784668,54.77000045776367,54.09000015258789,54.540000915527344,35.22832489013672,21590500,0.0,0.0,0.0
2012-03-09,54.279998779296875,54.529998779296875,54.15999984741211,54.36000061035156,35.1120491027832,23096900,0.0,0.0,0.0
2012-03-12,54.15999984741211,54.290000915527344,53.88999938964844,54.220001220703125,35.021629333496094,13724200,0.0,0.0,0.0
2012-03-13,54.43000030517578,55.11000061035156,54.36000061035156,55.099998474121094,35.59003448486328,24475900,0.0,0.0,0.0
2012-03-14,54.9900016784668,55.06999969482422,54.45000076293945,54.61000061035156,35.27354049682617,18872700,0.0,0.0,0.0
2012-03-15,54.79999923706055,55.20000076293945,54.650001525878906,55.130001068115234,35.609413146972656,13721000,0.0,0.0,0.0
2012-03-16,55.540000915527344,55.720001220703125,55.459999084472656,55.5099983215332,35.8548698425293,15837000,0.0,0.0,0.0
2012-03-19,55.34000015258789,55.90999984741211,55.310001373291016,55.79999923706055,36.04218292236328,17182000,0.0,0.0,0.0
2012-03-20,55.02000045776367,55.220001220703125,54.790000915527344,55.13999938964844,35.615875244140625,14092600,0.0,0.0,0.0
2012-03-21,54.93000030517578,54.959999084472656,54.54999923706055,54.779998779296875,35.383338928222656,16614400,0.0,0.0,0.0
2012-03-22,54.20000076293945,54.5,54.130001068115234,54.400001525878906,35.137901306152344,17106600,0.0,0.0,0.0
2012-03-23,54.349998474121094,54.790000915527344,54.060001373291016,54.779998779296875,35.383338928222656,14777400,0.0,0.0,0.0
2012-03-26,55.189998626708984,55.5099983215332,55.18000030517578,55.47999954223633,35.83549499511719,19961800,0.0,0.0,0.0
2012-03-27,55.560001373291016,55.560001373291016,55.11000061035156,55.130001068115234,35.609413146972656,14826100,0.0,0.0,0.0
2012-03-28,55.150001525878906,55.189998626708984,54.470001220703125,54.75,35.36396408081055,20448500,0.0,0.0,0.0
2012-03-29,54.209999084472656,54.459999084472656,53.970001220703125,54.400001525878906,35.137901306152344,25848400,0.0,0.0,0.0
2012-03-30,54.84000015258789,54.939998626708984,54.5,54.88999938964844,35.45439529418945,22341500,0.0,0.0,0.0
2012-04-02,54.63999938964844,55.68000030517578,54.529998779296875,55.529998779296875,35.86777877807617,25434800,0.0,0.0,0.0
2012-04-03,55.209999084472656,55.2400016784668,54.25,54.560001373291016,35.24123764038086,20840000,0.0,0.0,0.0
2012-04-04,53.4900016784668,53.599998474121094,53.04999923706055,53.34000015258789,34.45323181152344,20326700,0.0,0.0,0.0
2012-04-05,52.869998931884766,53.33000183105469,52.86000061035156,53.02000045776367,34.24652862548828,13507000,0.0,0.0,0.0
2012-04-09,52.459999084472656,52.959999084472656,52.439998626708984,52.790000915527344,34.09797286987305,12950500,0.0,0.0,0.0
2012-04-10,52.61000061035156,52.7599983215332,51.650001525878906,51.65999984741211,33.36808395385742,25615800,0.0,0.0,0.0
2012-04-11,52.650001525878906,52.7400016784668,52.31999969482422,52.380001068115234,33.83314895629883,22972100,0.0,0.0,0.0
2012-04-12,52.630001068115234,53.40999984741211,52.599998474121094,53.34000015258789,34.45323181152344,21024400,0.0,0.0,0.0
2012-04-13,52.869998931884766,52.869998931884766,52.25,52.31999969482422,33.79438400268555,27100500,0.0,0.0,0.0
2012-04-16,52.72999954223633,52.91999816894531,52.290000915527344,52.70000076293945,34.03983688354492,20447400,0.0,0.0,0.0
2012-04-17,53.189998626708984,53.66999816894531,52.9900016784668,53.540000915527344,34.58241653442383,12959800,0.0,0.0,0.0
2012-04-18,53.16999816894531,53.5099983215332,53.08000183105469,53.2599983215332,34.40155029296875,19804600,0.0,0.0,0.0
2012-04-19,53.22999954223633,53.529998779296875,52.66999816894531,52.939998626708984,34.194854736328125,27862900,0.0,0.0,0.0
2012-04-20,53.31999969482422,53.630001068115234,53.290000915527344,53.45000076293945,34.52427291870117,15499300,0.0,0.0,0.0
2012-04-23,52.40999984741211,52.5,52.040000915527344,52.380001068115234,33.83314895629883,23904000,0.0,0.0,0.0
2012-04-24,52.61000061035156,53.04999923706055,52.58000183105469,52.79999923706055,34.10443115234375,14529100,0.0,0.0,0.0
2012-04-25,53.41999816894531,53.58000183105469,53.18000030517578,53.52000045776367,34.56948471069336,21423800,0.0,0.0,0.0
2012-04-26,53.29999923706055,53.93000030517578,53.2400016784668,53.84000015258789,34.77617645263672,13428200,0.0,0.0,0.0
2012-04-27,54.0,54.15999984741211,53.72999954223633,54.060001373291016,34.918277740478516,16016300,0.0,0.0,0.0
2012-04-30,53.81999969482422,53.849998474121094,53.529998779296875,53.75,34.71804428100586,16865300,0.0,0.0,0.0
2012-05-01,53.630001068115234,54.220001220703125,53.58000183105469,53.970001220703125,34.86014938354492,15437300,0.0,0.0,0.0
2012-05-02,53.310001373291016,53.630001068115234,53.099998474121094,53.54999923706055,34.588863372802734,15890700,0.0,0.0,0.0
2012-05-03,53.439998626708984,53.529998779296875,52.97999954223633,53.08000183105469,34.28528594970703,14260300,0.0,0.0,0.0
2012-05-04,52.79999923706055,52.880001068115234,52.220001220703125,52.27000045776367,33.76209259033203,20026500,0.0,0.0,0.0
2012-05-07,52.27000045776367,52.70000076293945,52.22999954223633,52.650001525878906,34.00754928588867,21882700,0.0,0.0,0.0
2012-05-08,52.029998779296875,52.08000183105469,51.290000915527344,51.84000015258789,33.48435592651367,21062600,0.0,0.0,0.0
2012-05-09,50.84000015258789,51.52000045776367,50.61000061035156,51.2400016784668,33.0967903137207,31090500,0.0,0.0,0.0
2012-05-10,51.75,51.81999969482422,51.400001525878906,51.47999954223633,33.25181198120117,15309000,0.0,0.0,0.0
2012-05-11,50.880001068115234,51.61000061035156,50.880001068115234,51.15999984741211,33.04512023925781,14493200,0.0,0.0,0.0
2012-05-14,50.36000061035156,50.58000183105469,50.18000030517578,50.18000030517578,32.4121208190918,22125400,0.0,0.0,0.0
2012-05-15,49.900001525878906,50.150001525878906,49.4900016784668,49.54999923706055,32.005191802978516,18011800,0.0,0.0,0.0
2012-05-16,49.560001373291016,49.81999969482422,49.02000045776367,49.060001373291016,31.68870735168457,23983300,0.0,0.0,0.0
2012-05-17,49.0,49.060001373291016,48.45000076293945,48.459999084472656,31.301145553588867,26475900,0.0,0.0,0.0
2012-05-18,48.68000030517578,48.689998626708984,47.68000030517578,48.11000061035156,31.0750732421875,21407900,0.0,0.0,0.0
2012-05-21,48.5,49.20000076293945,48.380001068115234,49.16999816894531,31.759740829467773,22460000,0.0,0.0,0.0
2012-05-22,49.20000076293945,49.58000183105469,48.779998779296875,48.9900016784668,31.64348793029785,17114800,0.0,0.0,0.0
2012-05-23,48.41999816894531,48.59000015258789,47.75,48.59000015258789,31.385114669799805,42276400,0.0,0.0,0.0
2012-05-24,48.529998779296875,48.65999984741211,47.9900016784668,48.27000045776367,31.178430557250977,27309500,0.0,0.0,0.0
2012-05-25,48.029998779296875,48.349998474121094,48.02000045776367,48.099998474121094,31.068614959716797,13397100,0.0,0.0,0.0
2012-05-29,48.689998626708984,48.939998626708984,48.310001373291016,48.709999084472656,31.462627410888672,22042200,0.0,0.0,0.0
2012-05-30,47.970001220703125,47.97999954223633,47.5099983215332,47.560001373291016,30.719820022583008,19349900,0.0,0.0,0.0
2012-05-31,47.77000045776367,47.91999816894531,47.220001220703125,47.7599983215332,30.8489990234375,41638100,0.0,0.0,0.0
2012-06-01,46.93000030517578,47.13999938964844,46.529998779296875,46.54999923706055,30.067455291748047,34294700,0.0,0.0,0.0
2012-06-04,46.9900016784668,47.13999938964844,46.599998474121094,46.939998626708984,30.31935691833496,19574500,0.0,0.0,0.0
2012-06-05,46.90999984741211,47.31999969482422,46.869998931884766,47.279998779296875,30.53896713256836,20139100,0.0,0.0,0.0
2012-06-06,47.65999984741211,48.619998931884766,47.61000061035156,48.599998474121094,31.391572952270508,19868200,0.0,0.0,0.0
2012-06-07,49.27000045776367,49.290000915527344,48.560001373291016,48.66999816894531,31.436784744262695,18578800,0.0,0.0,0.0
2012-06-08,47.939998626708984,48.560001373291016,47.79999923706055,48.5099983215332,31.33344268798828,14439600,0.0,0.0,0.0
2012-06-11,49.02000045776367,49.040000915527344,47.9900016784668,48.040000915527344,31.02985954284668,19296200,0.0,0.0,0.0
2012-06-12,48.5,48.86000061035156,48.09000015258789,48.84000015258789,31.546594619750977,16053900,0.0,0.0,0.0
2012-06-13,48.470001220703125,48.91999816894531,48.31999969482422,48.45000076293945,31.294694900512695,16202800,0.0,0.0,0.0
2012-06-14,48.41999816894531,48.9900016784668,48.29999923706055,48.810001373291016,31.527219772338867,14670400,0.0,0.0,0.0
2012-06-15,49.099998474121094,49.560001373291016,48.9900016784668,49.5,31.972900390625,20066100,0.0,0.0,0.0
2012-06-18,49.2400016784668,49.5,49.11000061035156,49.36000061035156,31.882476806640625,19122200,0.0,0.0,0.0
2012-06-19,49.869998931884766,50.5099983215332,49.810001373291016,50.18000030517578,32.4121208190918,23104500,0.0,0.0,0.0
2012-06-20,50.41999816894531,50.83000183105469,50.04999923706055,50.470001220703125,32.59943771362305,27983500,0.0,0.0,0.0
2012-06-21,49.22999954223633,49.33000183105469,47.9900016784668,48.029998779296875,31.746137619018555,25741600,1.149,0.0,0.0
2012-06-22,48.5099983215332,48.56999969482422,48.130001068115234,48.439998626708984,32.01712417602539,16488100,0.0,0.0,0.0
2012-06-25,47.630001068115234,47.650001525878906,47.25,47.36000061035156,31.30329704284668,32410900,0.0,0.0,0.0
2012-06-26,47.619998931884766,47.79999923706055,47.2599983215332,47.66999816894531,31.508195877075195,26606100,0.0,0.0,0.0
2012-06-27,47.84000015258789,48.209999084472656,47.720001220703125,48.119998931884766,31.805631637573242,19727600,0.0,0.0,0.0
2012-06-28,47.779998779296875,48.2599983215332,47.56999969482422,48.220001220703125,31.871719360351562,22778500,0.0,0.0,0.0
2012-06-29,49.72999954223633,49.9900016784668,49.630001068115234,49.959999084472656,33.02180099487305,31235200,0.0,0.0,0.0
2012-07-02,50.099998474121094,50.34000015258789,49.86000061035156,50.290000915527344,33.23991775512695,30092900,0.0,0.0,0.0
2012-07-03,50.33000183105469,50.790000915527344,50.279998779296875,50.75,33.54396438598633,12175100,0.0,0.0,0.0
2012-07-05,49.95000076293945,50.06999969482422,49.66999816894531,49.90999984741211,32.98875427246094,14389900,0.0,0.0,0.0
2012-07-06,49.470001220703125,49.560001373291016,49.13999938964844,49.439998626708984,32.6781005859375,15075800,0.0,0.0,0.0
2012-07-09,49.16999816894531,49.349998474121094,48.970001220703125,49.33000183105469,32.60540008544922,16313700,0.0,0.0,0.0
2012-07-10,49.54999923706055,49.63999938964844,48.880001068115234,49.0,32.387264251708984,20026100,0.0,0.0,0.0
2012-07-11,49.22999954223633,49.36000061035156,48.86000061035156,49.150001525878906,32.486427307128906,19418100,0.0,0.0,0.0
2012-07-12,48.5099983215332,48.810001373291016,48.22999954223633,48.65999984741211,32.16254806518555,21406500,0.0,0.0,0.0
2012-07-13,48.689998626708984,49.439998626708984,48.66999816894531,49.349998474121094,32.618614196777344,12613300,0.0,0.0,0.0
2012-07-16,49.209999084472656,49.4900016784668,48.959999084472656,49.34000015258789,32.61199188232422,12207500,0.0,0.0,0.0
2012-07-17,49.47999954223633,49.61000061035156,48.86000061035156,49.47999954223633,32.70454788208008,17158600,0.0,0.0,0.0
2012-07-18,49.31999969482422,49.91999816894531,49.290000915527344,49.869998931884766,32.962318420410156,13588000,0.0,0.0,0.0
2012-07-19,50.119998931884766,50.41999816894531,50.0,50.33000183105469,33.266353607177734,14039600,0.0,0.0,0.0
2012-07-20,49.400001525878906,49.439998626708984,49.029998779296875,49.150001525878906,32.486427307128906,24165100,0.0,0.0,0.0
2012-07-23,47.84000015258789,48.25,47.65999984741211,48.13999938964844,31.818851470947266,16082900,0.0,0.0,0.0
2012-07-24,48.08000183105469,48.119998931884766,47.290000915527344,47.619998931884766,31.475141525268555,18959800,0.0,0.0,0.0
2012-07-25,48.040000915527344,48.11000061035156,47.630001068115234,47.869998931884766,31.64039421081543,10156700,0.0,0.0,0.0
2012-07-26,49.18000030517578,49.720001220703125,49.060001373291016,49.33000183105469,32.60540008544922,18177000,0.0,0.0,0.0
2012-07-27,49.79999923706055,50.58000183105469,49.689998626708984,50.369998931884766,33.29279708862305,24134200,0.0,0.0,0.0
2012-07-30,50.09000015258789,50.47999954223633,50.08000183105469,50.310001373291016,33.25313186645508,24850000,0.0,0.0,0.0
2012-07-31,50.27000045776367,50.400001525878906,49.97999954223633,50.0,33.04823684692383,38450700,0.0,0.0,0.0
2012-08-01,50.349998474121094,50.45000076293945,49.9900016784668,50.0099983215332,33.05484390258789,17751600,0.0,0.0,0.0
2012-08-02,49.470001220703125,49.900001525878906,48.939998626708984,49.310001373291016,32.5921630859375,23218900,0.0,0.0,0.0
2012-08-03,50.38999938964844,51.130001068115234,50.349998474121094,50.9900016784668,33.70259475708008,26429600,0.0,0.0,0.0
2012-08-06,51.209999084472656,51.52000045776367,51.130001068115234,51.349998474121094,33.940528869628906,15028700,0.0,0.0,0.0
2012-08-07,51.779998779296875,52.04999923706055,51.72999954223633,51.779998779296875,34.224754333496094,17651200,0.0,0.0,0.0
2012-08-08,51.4900016784668,51.86000061035156,51.470001220703125,51.75,34.20492172241211,13491300,0.0,0.0,0.0
2012-08-09,51.630001068115234,51.95000076293945,51.56999969482422,51.779998779296875,34.224754333496094,12183000,0.0,0.0,0.0
2012-08-10,51.369998931884766,51.869998931884766,51.25,51.869998931884766,34.284236907958984,15265100,0.0,0.0,0.0
2012-08-13,51.72999954223633,51.880001068115234,51.45000076293945,51.619998931884766,34.118995666503906,15320400,0.0,0.0,0.0
2012-08-14,51.77000045776367,51.849998474121094,51.619998931884766,51.7400016784668,34.19831848144531,10610200,0.0,0.0,0.0
2012-08-15,51.56999969482422,51.72999954223633,51.52000045776367,51.59000015258789,34.09917068481445,14045700,0.0,0.0,0.0
2012-08-16,51.86000061035156,52.310001373291016,51.70000076293945,52.22999954223633,34.52219009399414,13498000,0.0,0.0,0.0
2012-08-17,52.31999969482422,52.369998931884766,52.08000183105469,52.29999923706055,34.568450927734375,17243500,0.0,0.0,0.0
2012-08-20,52.15999984741211,52.290000915527344,51.939998626708984,52.2400016784668,34.52880859375,10066600,0.0,0.0,0.0
2012-08-21,52.650001525878906,52.91999816894531,52.380001068115234,52.540000915527344,34.72709274291992,19489800,0.0,0.0,0.0
2012-08-22,52.09000015258789,52.59000015258789,52.040000915527344,52.47999954223633,34.68742752075195,12494200,0.0,0.0,0.0
2012-08-23,52.27000045776367,52.43000030517578,52.06999969482422,52.18000030517578,34.489131927490234,16203200,0.0,0.0,0.0
2012-08-24,51.810001373291016,52.369998931884766,51.709999084472656,52.099998474121094,34.436256408691406,15841400,0.0,0.0,0.0
2012-08-27,52.2400016784668,52.38999938964844,52.060001373291016,52.130001068115234,34.45608901977539,12419900,0.0,0.0,0.0
2012-08-28,51.91999816894531,52.16999816894531,51.83000183105469,52.08000183105469,34.42304229736328,14528900,0.0,0.0,0.0
2012-08-29,52.029998779296875,52.11000061035156,51.84000015258789,51.91999816894531,34.317291259765625,11418300,0.0,0.0,0.0
2012-08-30,51.630001068115234,51.65999984741211,51.150001525878906,51.150001525878906,33.808345794677734,24315600,0.0,0.0,0.0
2012-08-31,51.779998779296875,51.939998626708984,51.33000183105469,51.599998474121094,34.10577392578125,26992000,0.0,0.0,0.0
2012-09-04,51.470001220703125,51.529998779296875,51.130001068115234,51.34000015258789,33.933929443359375,23863200,0.0,0.0,0.0
2012-09-05,51.34000015258789,51.43000030517578,51.119998931884766,51.20000076293945,33.841392517089844,17360500,0.0,0.0,0.0
2012-09-06,51.619998931884766,52.61000061035156,51.61000061035156,52.470001220703125,34.68082046508789,23697600,0.0,0.0,0.0
2012-09-07,53.04999923706055,53.400001525878906,53.0099983215332,53.2599983215332,35.202980041503906,17210600,0.0,0.0,0.0
2012-09-10,53.04999923706055,53.20000076293945,52.7599983215332,52.84000015258789,34.925376892089844,12831800,0.0,0.0,0.0
2012-09-11,53.060001373291016,53.59000015258789,53.060001373291016,53.439998626708984,35.32194137573242,15417500,0.0,0.0,0.0
2012-09-12,53.88999938964844,53.91999816894531,53.599998474121094,53.790000915527344,35.55329895019531,14731600,0.0,0.0,0.0
2012-09-13,53.72999954223633,54.86000061035156,53.56999969482422,54.61000061035156,36.09528350830078,21654700,0.0,0.0,0.0
2012-09-14,55.18000030517578,55.58000183105469,55.06999969482422,55.150001525878906,36.45219421386719,36185500,0.0,0.0,0.0
2012-09-17,55.09000015258789,55.20000076293945,54.720001220703125,54.86000061035156,36.26052474975586,14851900,0.0,0.0,0.0
2012-09-18,54.560001373291016,54.7599983215332,54.45000076293945,54.630001068115234,36.10850143432617,16695300,0.0,0.0,0.0
2012-09-19,54.720001220703125,54.970001220703125,54.54999923706055,54.86000061035156,36.26052474975586,17193300,0.0,0.0,0.0
2012-09-20,54.16999816894531,54.540000915527344,54.02000045776367,54.5099983215332,36.02918243408203,21727600,0.0,0.0,0.0
2012-09-21,54.86000061035156,54.900001525878906,54.52000045776367,54.540000915527344,36.04901123046875,21583300,0.0,0.0,0.0
2012-09-24,54.11000061035156,54.47999954223633,54.060001373291016,54.349998474121094,35.923431396484375,16172500,0.0,0.0,0.0
2012-09-25,54.4900016784668,54.7400016784668,53.970001220703125,53.970001220703125,35.67226791381836,22290200,0.0,0.0,0.0
2012-09-26,53.540000915527344,53.61000061035156,53.220001220703125,53.43000030517578,35.315345764160156,22161700,0.0,0.0,0.0
2012-09-27,53.790000915527344,54.2599983215332,53.619998931884766,54.06999969482422,35.73835754394531,20720800,0.0,0.0,0.0
2012-09-28,53.5,53.54999923706055,52.90999984741211,53.0,35.031131744384766,43265100,0.0,0.0,0.0
2012-10-01,53.56999969482422,53.97999954223633,53.36000061035156,53.43000030517578,35.315345764160156,18016800,0.0,0.0,0.0
2012-10-02,53.95000076293945,53.9900016784668,53.459999084472656,53.63999938964844,35.454139709472656,14274000,0.0,0.0,0.0
2012-10-03,53.599998474121094,53.63999938964844,53.29999923706055,53.41999816894531,35.308746337890625,17416800,0.0,0.0,0.0
2012-10-04,53.810001373291016,54.130001068115234,53.70000076293945,54.06999969482422,35.73835754394531,15963600,0.0,0.0,0.0
2012-10-05,54.5099983215332,54.650001525878906,54.040000915527344,54.13999938964844,35.78461456298828,13420500,0.0,0.0,0.0
2012-10-08,53.810001373291016,53.900001525878906,53.709999084472656,53.81999969482422,35.57312774658203,6656000,0.0,0.0,0.0
2012-10-09,53.47999954223633,53.58000183105469,53.040000915527344,53.040000915527344,35.05757522583008,15400300,0.0,0.0,0.0
2012-10-10,53.04999923706055,53.13999938964844,52.720001220703125,52.88999938964844,34.95842742919922,13899400,0.0,0.0,0.0
2012-10-11,53.41999816894531,53.650001525878906,53.150001525878906,53.22999954223633,35.183143615722656,13497700,0.0,0.0,0.0
2012-10-12,53.369998931884766,53.56999969482422,53.09000015258789,53.16999816894531,35.143489837646484,9295500,0.0,0.0,0.0
2012-10-15,53.529998779296875,53.75,53.2599983215332,53.689998626708984,35.4871940612793,21186600,0.0,0.0,0.0
2012-10-16,54.22999954223633,54.619998931884766,54.220001220703125,54.58000183105469,36.07545471191406,19155600,0.0,0.0,0.0
2012-10-17,54.849998474121094,55.150001525878906,54.720001220703125,55.09000015258789,36.41254806518555,15644700,0.0,0.0,0.0
2012-10-18,54.900001525878906,55.22999954223633,54.720001220703125,54.880001068115234,36.27375030517578,18096200,0.0,0.0,0.0
2012-10-19,54.72999954223633,54.7400016784668,54.060001373291016,54.13999938964844,35.78461456298828,19565700,0.0,0.0,0.0
2012-10-22,54.5099983215332,54.599998474121094,54.150001525878906,54.52000045776367,36.03580093383789,14263400,0.0,0.0,0.0
2012-10-23,53.41999816894531,53.470001220703125,53.040000915527344,53.349998474121094,35.262474060058594,18033600,0.0,0.0,0.0
2012-10-24,53.68000030517578,53.7599983215332,53.369998931884766,53.380001068115234,35.282310485839844,11683400,0.0,0.0,0.0
2012-10-25,54.0,54.08000183105469,53.5,53.70000076293945,35.49380111694336,15728800,0.0,0.0,0.0
2012-10-26,53.54999923706055,53.72999954223633,53.369998931884766,53.619998931884766,35.44092559814453,11745100,0.0,0.0,0.0
2012-10-31,53.91999816894531,53.97999954223633,53.439998626708984,53.58000183105469,35.414493560791016,21750700,0.0,0.0,0.0
2012-11-01,53.849998474121094,54.220001220703125,53.779998779296875,54.209999084472656,35.83090591430664,18856700,0.0,0.0,0.0
2012-11-02,54.16999816894531,54.16999816894531,53.61000061035156,53.689998626708984,35.4871940612793,16524400,0.0,0.0,0.0
2012-11-05,53.560001373291016,53.65999984741211,53.38999938964844,53.560001373291016,35.40126419067383,9714000,0.0,0.0,0.0
2012-11-06,53.77000045776367,54.150001525878906,53.75,54.06999969482422,35.73835754394531,11045300,0.0,0.0,0.0
2012-11-07,53.5,53.52000045776367,52.970001220703125,53.2599983215332,35.202980041503906,20992600,0.0,0.0,0.0
2012-11-08,53.060001373291016,53.310001373291016,52.7599983215332,52.779998779296875,34.88571548461914,19833000,0.0,0.0,0.0
2012-11-09,52.5099983215332,53.029998779296875,52.5,52.79999923706055,34.89894104003906,20872100,0.0,0.0,0.0
2012-11-12,52.810001373291016,52.91999816894531,52.630001068115234,52.7599983215332,34.872493743896484,11864800,0.0,0.0,0.0
2012-11-13,52.2599983215332,52.900001525878906,52.209999084472656,52.5,34.700653076171875,14507400,0.0,0.0,0.0
2012-11-14,52.689998626708984,52.7400016784668,51.86000061035156,51.95000076293945,34.33712387084961,20602900,0.0,0.0,0.0
2012-11-15,52.189998626708984,52.36000061035156,51.91999816894531,52.119998931884766,34.44948959350586,15479300,0.0,0.0,0.0
2012-11-16,52.130001068115234,52.209999084472656,51.630001068115234,52.09000015258789,34.42965316772461,18052300,0.0,0.0,0.0
2012-11-19,52.790000915527344,53.220001220703125,52.779998779296875,53.220001220703125,35.176544189453125,15934900,0.0,0.0,0.0
2012-11-20,53.0,53.310001373291016,52.900001525878906,53.29999923706055,35.22941970825195,13642300,0.0,0.0,0.0
2012-11-21,53.349998474121094,53.45000076293945,53.27000045776367,53.38999938964844,35.28890609741211,10368200,0.0,0.0,0.0
2012-11-23,54.20000076293945,54.540000915527344,54.16999816894531,54.540000915527344,36.04901123046875,8397700,0.0,0.0,0.0
2012-11-26,54.2400016784668,54.41999816894531,54.11000061035156,54.40999984741211,35.963096618652344,13682100,0.0,0.0,0.0
2012-11-27,54.290000915527344,54.439998626708984,54.119998931884766,54.13999938964844,35.78461456298828,13987200,0.0,0.0,0.0
2012-11-28,53.83000183105469,54.59000015258789,53.720001220703125,54.529998779296875,36.04240798950195,23549600,0.0,0.0,0.0
2012-11-29,54.959999084472656,55.130001068115234,54.709999084472656,55.0,36.353057861328125,19765500,0.0,0.0,0.0
2012-11-30,55.029998779296875,55.25,54.970001220703125,55.06999969482422,36.399322509765625,23565800,0.0,0.0,0.0
2012-12-03,55.34000015258789,55.369998931884766,55.060001373291016,55.13999938964844,36.445587158203125,22076600,0.0,0.0,0.0
2012-12-04,55.31999969482422,55.400001525878906,55.189998626708984,55.279998779296875,36.53813171386719,18736900,0.0,0.0,0.0
2012-12-05,55.29999923706055,55.599998474121094,55.11000061035156,55.36000061035156,36.591007232666016,22117800,0.0,0.0,0.0
2012-12-06,55.45000076293945,55.5099983215332,55.18000030517578,55.470001220703125,36.66371536254883,12963300,0.0,0.0,0.0
2012-12-07,55.349998474121094,55.5099983215332,53.400001525878906,55.4900016784668,36.676937103271484,11949100,0.0,0.0,0.0
2012-12-10,55.33000183105469,55.58000183105469,55.31999969482422,55.54999923706055,36.71657943725586,17617400,0.0,0.0,0.0
2012-12-11,55.720001220703125,55.95000076293945,55.720001220703125,55.869998931884766,36.92809295654297,15684400,0.0,0.0,0.0
2012-12-12,56.040000915527344,56.369998931884766,55.959999084472656,56.04999923706055,37.04707336425781,18266500,0.0,0.0,0.0
2012-12-13,55.95000076293945,56.099998474121094,55.75,55.880001068115234,36.9347038269043,13693600,0.0,0.0,0.0
2012-12-14,55.939998626708984,56.2599983215332,55.900001525878906,56.08000183105469,37.06690216064453,18514600,0.0,0.0,0.0
2012-12-17,56.040000915527344,56.369998931884766,56.0,56.310001373291016,37.21892547607422,22550700,0.0,0.0,0.0
2012-12-18,55.95000076293945,56.349998474121094,55.869998931884766,56.279998779296875,37.60647964477539,24270800,0.61,0.0,0.0
2012-12-19,56.720001220703125,56.77000045776367,56.459999084472656,56.47999954223633,37.74011993408203,19356300,0.0,0.0,0.0
2012-12-20,56.68000030517578,56.880001068115234,56.540000915527344,56.86000061035156,37.99403762817383,18545600,0.0,0.0,0.0
2012-12-21,56.08000183105469,56.52000045776367,56.060001373291016,56.5099983215332,37.76016616821289,22418300,0.0,0.0,0.0
2012-12-24,56.439998626708984,56.47999954223633,56.25,56.36000061035156,37.65994644165039,7699100,0.0,0.0,0.0
2012-12-26,56.52000045776367,56.56999969482422,56.119998931884766,56.349998474121094,37.65325927734375,11718000,0.0,0.0,0.0
2012-12-27,56.65999984741211,56.68000030517578,56.15999984741211,56.61000061035156,37.82698059082031,14207500,0.0,0.0,0.0
2012-12-28,56.13999938964844,56.29999923706055,55.970001220703125,56.0099983215332,37.42606735229492,18734500,0.0,0.0,0.0
2012-12-31,56.2400016784668,56.869998931884766,56.06999969482422,56.86000061035156,37.99403762817383,22820800,0.0,0.0,0.0
2013-01-02,57.66999816894531,57.779998779296875,57.38999938964844,57.7400016784668,38.58205795288086,26056300,0.0,0.0,0.0
2013-01-03,57.33000183105469,57.540000915527344,57.09000015258789,57.18000030517578,38.20787048339844,23239700,0.0,0.0,0.0
2013-01-04,57.06999969482422,57.540000915527344,57.0099983215332,57.470001220703125,38.40163803100586,15522200,0.0,0.0,0.0
2013-01-07,57.02000045776367,57.279998779296875,56.939998626708984,57.220001220703125,38.234596252441406,14102600,0.0,0.0,0.0
2013-01-08,57.02000045776367,57.08000183105469,56.689998626708984,56.900001525878906,38.02076721191406,15592300,0.0,0.0,0.0
2013-01-09,57.09000015258789,57.27000045776367,57.029998779296875,57.189998626708984,38.21454620361328,12779400,0.0,0.0,0.0
2013-01-10,57.79999923706055,58.0099983215332,57.59000015258789,57.91999816894531,38.70234298706055,17718600,0.0,0.0,0.0
2013-01-11,58.0099983215332,58.11000061035156,57.84000015258789,58.040000915527344,38.78252029418945,12624700,0.0,0.0,0.0
2013-01-14,58.04999923706055,58.150001525878906,57.869998931884766,58.11000061035156,38.82929992675781,9980400,0.0,0.0,0.0
2013-01-15,57.75,58.04999923706055,57.689998626708984,58.02000045776367,38.76915740966797,12534000,0.0,0.0,0.0
2013-01-16,57.619998931884766,57.810001373291016,57.52000045776367,57.7400016784668,38.58205795288086,12907000,0.0,0.0,0.0
2013-01-17,58.13999938964844,58.31999969482422,58.0,58.209999084472656,38.896114349365234,14936200,0.0,0.0,0.0
2013-01-18,58.13999938964844,58.220001220703125,57.88999938964844,58.150001525878906,38.85602569580078,18844000,0.0,0.0,0.0
2013-01-22,58.029998779296875,58.18000030517578,57.83000183105469,58.18000030517578,38.876075744628906,12090100,0.0,0.0,0.0
2013-01-23,58.040000915527344,58.15999984741211,57.880001068115234,58.119998931884766,38.83597946166992,10139900,0.0,0.0,0.0
2013-01-24,58.220001220703125,58.540000915527344,58.189998626708984,58.400001525878906,39.023075103759766,13640100,0.0,0.0,0.0
2013-01-25,58.95000076293945,59.029998779296875,58.70000076293945,59.029998779296875,39.44403839111328,16643500,0.0,0.0,0.0
2013-01-28,58.810001373291016,58.849998474121094,58.540000915527344,58.7400016784668,39.25026321411133,14802900,0.0,0.0,0.0
2013-01-29,58.869998931884766,59.20000076293945,58.849998474121094,59.13999938964844,39.517539978027344,13403300,0.0,0.0,0.0
2013-01-30,59.16999816894531,59.43000030517578,59.130001068115234,59.20000076293945,39.55763626098633,18943400,0.0,0.0,0.0
2013-01-31,59.11000061035156,59.279998779296875,58.939998626708984,58.97999954223633,39.41062545776367,22252200,0.0,0.0,0.0
2013-02-01,59.36000061035156,59.59000015258789,59.209999084472656,59.45000076293945,39.72468185424805,19989200,0.0,0.0,0.0
2013-02-04,58.790000915527344,58.88999938964844,58.2599983215332,58.380001068115234,39.009700775146484,18125200,0.0,0.0,0.0
2013-02-05,58.540000915527344,58.810001373291016,58.4900016784668,58.650001525878906,39.19011688232422,15418900,0.0,0.0,0.0
2013-02-06,58.279998779296875,58.66999816894531,58.2400016784668,58.63999938964844,39.183441162109375,26336000,0.0,0.0,0.0
2013-02-07,58.59000015258789,58.63999938964844,57.86000061035156,58.15999984741211,38.862701416015625,21947700,0.0,0.0,0.0
2013-02-08,58.36000061035156,58.59000015258789,58.36000061035156,58.529998779296875,39.10993957519531,18326200,0.0,0.0,0.0
2013-02-11,58.529998779296875,58.540000915527344,58.25,58.470001220703125,39.069847106933594,12677200,0.0,0.0,0.0
2013-02-12,58.5,58.880001068115234,58.45000076293945,58.7599983215332,39.26362991333008,11534200,0.0,0.0,0.0
2013-02-13,59.040000915527344,59.16999816894531,58.84000015258789,58.900001525878906,39.35717010498047,8955200,0.0,0.0,0.0
2013-02-14,58.380001068115234,58.619998931884766,58.36000061035156,58.58000183105469,39.14334487915039,10409900,0.0,0.0,0.0
2013-02-15,58.65999984741211,58.709999084472656,58.2599983215332,58.43000030517578,39.043121337890625,12095000,0.0,0.0,0.0
2013-02-19,58.93000030517578,59.15999984741211,58.91999816894531,59.119998931884766,39.50417709350586,20173800,0.0,0.0,0.0
2013-02-20,59.25,59.290000915527344,58.529998779296875,58.540000915527344,39.116615295410156,17523500,0.0,0.0,0.0
2013-02-21,57.84000015258789,57.869998931884766,57.400001525878906,57.65999984741211,38.528602600097656,34195200,0.0,0.0,0.0
2013-02-22,58.119998931884766,58.5099983215332,57.95000076293945,58.4900016784668,39.08320617675781,23364000,0.0,0.0,0.0
2013-02-25,58.83000183105469,58.93000030517578,57.02000045776367,57.09000015258789,38.14773178100586,40205000,0.0,0.0,0.0
2013-02-26,57.68000030517578,57.84000015258789,57.189998626708984,57.54999923706055,38.455101013183594,25416500,0.0,0.0,0.0
2013-02-27,57.470001220703125,58.349998474121094,57.400001525878906,58.279998779296875,38.942893981933594,16819600,0.0,0.0,0.0
2013-02-28,58.2599983215332,58.560001373291016,58.150001525878906,58.220001220703125,38.90280532836914,17815100,0.0,0.0,0.0
2013-03-01,57.79999923706055,58.20000076293945,57.58000183105469,58.099998474121094,38.822608947753906,18241800,0.0,0.0,0.0
2013-03-04,57.95000076293945,58.36000061035156,57.849998474121094,58.349998474121094,38.989662170410156,14580300,0.0,0.0,0.0
2013-03-05,58.81999969482422,59.040000915527344,58.79999923706055,58.93000030517578,39.37721252441406,16168000,0.0,0.0,0.0
2013-03-06,59.18000030517578,59.220001220703125,58.81999969482422,59.08000183105469,39.47745895385742,17189600,0.0,0.0,0.0
2013-03-07,59.220001220703125,59.34000015258789,59.18000030517578,59.25,39.5910530090332,11797900,0.0,0.0,0.0
2013-03-08,59.290000915527344,59.41999816894531,59.040000915527344,59.380001068115234,39.67790985107422,23305900,0.0,0.0,0.0
2013-03-11,59.290000915527344,59.560001373291016,59.220001220703125,59.560001373291016,39.798187255859375,10873200,0.0,0.0,0.0
2013-03-12,59.529998779296875,59.599998474121094,59.150001525878906,59.2599983215332,39.59772872924805,16015600,0.0,0.0,0.0
2013-03-13,59.130001068115234,59.33000183105469,58.869998931884766,59.16999816894531,39.53759002685547,20517900,0.0,0.0,0.0
2013-03-14,59.43000030517578,59.810001373291016,59.400001525878906,59.75,39.92514419555664,12158300,0.0,0.0,0.0
2013-03-15,59.91999816894531,59.9900016784668,59.709999084472656,59.869998931884766,40.00531768798828,18191100,0.0,0.0,0.0
2013-03-18,59.119998931884766,59.650001525878906,59.09000015258789,59.209999084472656,39.5643196105957,25132800,0.0,0.0,0.0
2013-03-19,59.36000061035156,59.439998626708984,58.630001068115234,59.029998779296875,39.44403839111328,25745200,0.0,0.0,0.0
2013-03-20,59.439998626708984,59.540000915527344,59.290000915527344,59.38999938964844,39.684600830078125,16134800,0.0,0.0,0.0
2013-03-21,58.900001525878906,59.22999954223633,58.81999969482422,58.849998474121094,39.32375717163086,18106800,0.0,0.0,0.0
2013-03-22,59.18000030517578,59.45000076293945,59.08000183105469,59.36000061035156,39.66455078125,18090400,0.0,0.0,0.0
2013-03-25,59.38999938964844,59.470001220703125,58.470001220703125,58.619998931884766,39.17008590698242,31933000,0.0,0.0,0.0
2013-03-26,58.83000183105469,59.0,58.65999984741211,58.9900016784668,39.41731643676758,15040700,0.0,0.0,0.0
2013-03-27,58.310001373291016,58.720001220703125,58.20000076293945,58.70000076293945,39.22352981567383,14990300,0.0,0.0,0.0
2013-03-28,58.81999969482422,59.040000915527344,58.7400016784668,58.97999954223633,39.41062545776367,28690100,0.0,0.0,0.0
2013-04-01,58.56999969482422,58.619998931884766,58.09000015258789,58.189998626708984,38.88274002075195,24852900,0.0,0.0,0.0
2013-04-02,58.84000015258789,59.099998474121094,58.72999954223633,58.810001373291016,39.29703903198242,19636600,0.0,0.0,0.0
2013-04-03,59.060001373291016,59.13999938964844,58.470001220703125,58.52000045776367,39.1032600402832,16961000,0.0,0.0,0.0
2013-04-04,58.720001220703125,59.099998474121094,58.59000015258789,59.040000915527344,39.450721740722656,14924900,0.0,0.0,0.0
2013-04-05,58.220001220703125,58.779998779296875,58.15999984741211,58.77000045776367,39.27030563354492,18160400,0.0,0.0,0.0
2013-04-08,58.7400016784668,59.0,58.63999938964844,59.0,39.42399215698242,17117700,0.0,0.0,0.0
2013-04-09,58.97999954223633,59.40999984741211,58.75,59.209999084472656,39.5643196105957,17406300,0.0,0.0,0.0
2013-04-10,59.75,60.220001220703125,59.7400016784668,60.09000015258789,40.1523323059082,18195500,0.0,0.0,0.0
2013-04-11,60.470001220703125,60.84000015258789,60.380001068115234,60.560001373291016,40.466392517089844,19865300,0.0,0.0,0.0
2013-04-12,60.279998779296875,60.43000030517578,60.029998779296875,60.40999984741211,40.36616134643555,16777400,0.0,0.0,0.0
2013-04-15,59.869998931884766,59.900001525878906,59.189998626708984,59.220001220703125,39.57099914550781,22699900,0.0,0.0,0.0
2013-04-16,59.900001525878906,60.060001373291016,59.599998474121094,60.060001373291016,40.13229751586914,14675700,0.0,0.0,0.0
2013-04-17,59.34000015258789,59.369998931884766,58.52000045776367,58.810001373291016,39.29703903198242,30730800,0.0,0.0,0.0
2013-04-18,58.91999816894531,58.95000076293945,58.439998626708984,58.630001068115234,39.176761627197266,19211400,0.0,0.0,0.0
2013-04-19,59.0099983215332,59.119998931884766,58.84000015258789,59.099998474121094,39.49081039428711,24725900,0.0,0.0,0.0
2013-04-22,59.099998474121094,59.439998626708984,58.790000915527344,59.349998474121094,39.65786361694336,16899700,0.0,0.0,0.0
2013-04-23,59.84000015258789,60.22999954223633,59.81999969482422,60.189998626708984,40.21915054321289,21257700,0.0,0.0,0.0
2013-04-24,60.52000045776367,60.880001068115234,60.45000076293945,60.709999084472656,40.566619873046875,18269400,0.0,0.0,0.0
2013-04-25,61.0099983215332,61.29999923706055,60.959999084472656,61.029998779296875,40.78044509887695,20079200,0.0,0.0,0.0
2013-04-26,60.959999084472656,61.13999938964844,60.88999938964844,61.08000183105469,40.813846588134766,13910200,0.0,0.0,0.0
2013-04-29,61.36000061035156,61.93000030517578,61.349998474121094,61.86000061035156,41.33505630493164,14721000,0.0,0.0,0.0
2013-04-30,61.84000015258789,61.9900016784668,61.709999084472656,61.939998626708984,41.388511657714844,22261300,0.0,0.0,0.0
2013-05-01,62.0,62.02000045776367,61.439998626708984,61.56999969482422,41.141265869140625,19104600,0.0,0.0,0.0
2013-05-02,61.41999816894531,61.88999938964844,61.36000061035156,61.7599983215332,41.268226623535156,18247200,0.0,0.0,0.0
2013-05-03,62.310001373291016,62.630001068115234,62.279998779296875,62.54999923706055,41.79611587524414,19161200,0.0,0.0,0.0
2013-05-06,62.279998779296875,62.470001220703125,62.220001220703125,62.470001220703125,41.7426643371582,7583700,0.0,0.0,0.0
2013-05-07,62.560001373291016,62.65999984741211,62.36000061035156,62.56999969482422,41.809471130371094,15724500,0.0,0.0,0.0
2013-05-08,62.900001525878906,63.2599983215332,62.900001525878906,63.22999954223633,42.25048828125,17768200,0.0,0.0,0.0
2013-05-09,62.900001525878906,62.959999084472656,62.369998931884766,62.619998931884766,41.842891693115234,16372400,0.0,0.0,0.0
2013-05-10,62.54999923706055,62.720001220703125,62.34000015258789,62.689998626708984,41.88966751098633,15403400,0.0,0.0,0.0
2013-05-13,62.619998931884766,62.70000076293945,62.459999084472656,62.65999984741211,41.8696174621582,11911400,0.0,0.0,0.0
2013-05-14,62.560001373291016,62.880001068115234,62.54999923706055,62.779998779296875,41.94980239868164,26158800,0.0,0.0,0.0
2013-05-15,62.689998626708984,63.06999969482422,62.68000030517578,63.04999923706055,42.130218505859375,15961600,0.0,0.0,0.0
2013-05-16,62.72999954223633,62.95000076293945,62.4900016784668,62.619998931884766,41.842891693115234,16669100,0.0,0.0,0.0
2013-05-17,62.650001525878906,63.06999969482422,62.59000015258789,63.04999923706055,42.130218505859375,12925700,0.0,0.0,0.0
2013-05-20,63.08000183105469,63.439998626708984,63.06999969482422,63.400001525878906,42.364097595214844,16117200,0.0,0.0,0.0
2013-05-21,63.150001525878906,63.65999984741211,63.029998779296875,63.529998779296875,42.450950622558594,15283700,0.0,0.0,0.0
2013-05-22,63.540000915527344,64.13999938964844,62.70000076293945,62.88999938964844,42.023292541503906,21713500,0.0,0.0,0.0
2013-05-23,61.33000183105469,62.0099983215332,60.9900016784668,61.9900016784668,41.42191696166992,27055200,0.0,0.0,0.0
2013-05-24,61.16999816894531,61.470001220703125,60.9900016784668,61.45000076293945,41.06109619140625,19956800,0.0,0.0,0.0
2013-05-28,61.970001220703125,62.15999984741211,61.470001220703125,61.61000061035156,41.168006896972656,20275800,0.0,0.0,0.0
2013-05-29,61.08000183105469,61.15999984741211,60.72999954223633,61.02000045776367,40.773765563964844,18099400,0.0,0.0,0.0
2013-05-30,61.029998779296875,61.45000076293945,60.9900016784668,61.2599983215332,40.93415069580078,27382900,0.0,0.0,0.0
2013-05-31,60.5099983215332,60.650001525878906,60.029998779296875,60.06999969482422,40.13897705078125,36549400,0.0,0.0,0.0
2013-06-03,60.08000183105469,60.5099983215332,59.77000045776367,60.29999923706055,40.29265594482422,30340700,0.0,0.0,0.0
2013-06-04,60.790000915527344,60.88999938964844,60.20000076293945,60.52000045776367,40.439659118652344,17024400,0.0,0.0,0.0
2013-06-05,59.83000183105469,59.849998474121094,59.150001525878906,59.16999816894531,39.53759002685547,28821600,0.0,0.0,0.0
2013-06-06,59.15999984741211,59.529998779296875,58.869998931884766,59.5,39.75809860229492,24386900,0.0,0.0,0.0
2013-06-07,59.540000915527344,60.310001373291016,59.400001525878906,60.29999923706055,40.29265594482422,19245200,0.0,0.0,0.0
2013-06-10,60.470001220703125,60.4900016784668,60.130001068115234,60.36000061035156,40.3327522277832,14559800,0.0,0.0,0.0
2013-06-11,59.47999954223633,59.95000076293945,59.349998474121094,59.619998931884766,39.838279724121094,16619000,0.0,0.0,0.0
2013-06-12,60.29999923706055,60.36000061035156,59.470001220703125,59.54999923706055,39.791507720947266,14378100,0.0,0.0,0.0
2013-06-13,59.689998626708984,60.56999969482422,59.59000015258789,60.459999084472656,40.39958190917969,20158400,0.0,0.0,0.0
2013-06-14,60.0099983215332,60.33000183105469,59.61000061035156,59.79999923706055,39.95855712890625,17334200,0.0,0.0,0.0
2013-06-17,60.869998931884766,61.04999923706055,60.29999923706055,60.65999984741211,40.533206939697266,17560400,0.0,0.0,0.0
2013-06-18,60.869998931884766,61.20000076293945,60.849998474121094,61.09000015258789,40.820533752441406,13168500,0.0,0.0,0.0
2013-06-19,61.040000915527344,61.18000030517578,59.939998626708984,59.95000076293945,40.05878829956055,33232800,0.0,0.0,0.0
2013-06-20,58.709999084472656,58.7400016784668,57.65999984741211,57.75,38.5887451171875,40517100,0.0,0.0,0.0
2013-06-21,58.41999816894531,58.470001220703125,57.43000030517578,57.939998626708984,38.7156982421875,30474300,0.0,0.0,0.0
2013-06-24,56.7400016784668,57.33000183105469,56.439998626708984,57.029998779296875,38.107635498046875,24351500,0.0,0.0,0.0
2013-06-25,57.529998779296875,57.849998474121094,57.099998474121094,57.7599983215332,38.59543228149414,24494900,0.0,0.0,0.0
2013-06-26,58.029998779296875,58.18000030517578,57.779998779296875,57.9900016784668,38.74911117553711,27142000,0.0,0.0,0.0
2013-06-27,57.33000183105469,57.709999084472656,57.33000183105469,57.40999984741211,39.139068603515625,17753800,1.152,0.0,0.0
2013-06-28,57.310001373291016,57.599998474121094,57.09000015258789,57.29999923706055,39.0640869140625,31174100,0.0,0.0,0.0
2013-07-01,57.810001373291016,58.08000183105469,57.75,57.84000015258789,39.43220901489258,15315900,0.0,0.0,0.0
2013-07-02,57.779998779296875,58.09000015258789,57.33000183105469,57.54999923706055,39.23451232910156,13492800,0.0,0.0,0.0
2013-07-03,57.11000061035156,57.68000030517578,57.02000045776367,57.56999969482422,39.24815368652344,11748500,0.0,0.0,0.0
2013-07-05,57.959999084472656,57.97999954223633,57.40999984741211,57.84000015258789,39.43220901489258,10197800,0.0,0.0,0.0
2013-07-08,58.04999923706055,58.31999969482422,58.0,58.20000076293945,39.67765426635742,11993200,0.0,0.0,0.0
2013-07-09,58.63999938964844,58.63999938964844,58.15999984741211,58.52000045776367,39.89580154418945,11624200,0.0,0.0,0.0
2013-07-10,58.5099983215332,59.11000061035156,58.45000076293945,58.689998626708984,40.011695861816406,16162300,0.0,0.0,0.0
2013-07-11,59.779998779296875,60.27000045776367,59.540000915527344,60.209999084472656,41.04795837402344,20284600,0.0,0.0,0.0
2013-07-12,59.77000045776367,59.91999816894531,59.630001068115234,59.810001373291016,40.775264739990234,15189800,0.0,0.0,0.0
2013-07-15,60.029998779296875,60.189998626708984,59.93000030517578,60.18000030517578,41.02750778198242,17063200,0.0,0.0,0.0
2013-07-16,60.130001068115234,60.22999954223633,59.97999954223633,60.13999938964844,41.00023651123047,10894600,0.0,0.0,0.0
2013-07-17,60.619998931884766,60.619998931884766,60.18000030517578,60.31999969482422,41.122947692871094,13744500,0.0,0.0,0.0
2013-07-18,60.4900016784668,60.779998779296875,60.11000061035156,60.720001220703125,41.39564514160156,11036600,0.0,0.0,0.0
2013-07-19,60.5099983215332,60.77000045776367,60.400001525878906,60.66999816894531,41.3615608215332,23299300,0.0,0.0,0.0
2013-07-22,60.810001373291016,61.06999969482422,60.779998779296875,61.0099983215332,41.593360900878906,16518900,0.0,0.0,0.0
2013-07-23,61.209999084472656,61.2599983215332,60.95000076293945,61.13999938964844,41.681983947753906,11132000,0.0,0.0,0.0
2013-07-24,61.369998931884766,61.380001068115234,60.810001373291016,61.060001373291016,41.6274528503418,12887500,0.0,0.0,0.0
2013-07-25,60.5,61.209999084472656,60.4900016784668,61.18000030517578,41.709251403808594,14467100,0.0,0.0,0.0
2013-07-26,60.630001068115234,60.79999923706055,60.29999923706055,60.79999923706055,41.4501838684082,15499000,0.0,0.0,0.0
2013-07-29,60.2400016784668,60.34000015258789,60.119998931884766,60.220001220703125,41.05477523803711,11063600,0.0,0.0,0.0
2013-07-30,60.470001220703125,60.5099983215332,60.02000045776367,60.209999084472656,41.04795837402344,10712500,0.0,0.0,0.0
2013-07-31,60.060001373291016,60.75,60.060001373291016,60.349998474121094,41.143402099609375,22989900,0.0,0.0,0.0
2013-08-01,61.119998931884766,61.2599983215332,60.959999084472656,61.16999816894531,41.70243835449219,24484500,0.0,0.0,0.0
2013-08-02,61.22999954223633,61.66999816894531,61.209999084472656,61.66999816894531,42.043304443359375,15475000,0.0,0.0,0.0
2013-08-05,61.400001525878906,61.560001373291016,61.22999954223633,61.540000915527344,41.954681396484375,11483000,0.0,0.0,0.0
2013-08-06,61.689998626708984,61.7400016784668,61.29999923706055,61.45000076293945,41.89332580566406,18325300,0.0,0.0,0.0
2013-08-07,61.20000076293945,61.29999923706055,61.099998474121094,61.18000030517578,41.709251403808594,11989700,0.0,0.0,0.0
2013-08-08,61.52000045776367,61.83000183105469,61.34000015258789,61.72999954223633,42.08421325683594,12612700,0.0,0.0,0.0
2013-08-09,61.650001525878906,61.939998626708984,61.61000061035156,61.84000015258789,42.15919876098633,14951500,0.0,0.0,0.0
2013-08-12,61.5099983215332,61.72999954223633,61.5,61.66999816894531,42.043304443359375,13785000,0.0,0.0,0.0
2013-08-13,61.83000183105469,62.13999938964844,61.4900016784668,62.06999969482422,42.31600570678711,13189100,0.0,0.0,0.0
2013-08-14,62.099998474121094,62.189998626708984,61.9900016784668,62.099998474121094,42.336463928222656,14258600,0.0,0.0,0.0
2013-08-15,61.33000183105469,61.65999984741211,60.939998626708984,61.58000183105469,41.98194885253906,23650000,0.0,0.0,0.0
2013-08-16,61.709999084472656,61.83000183105469,61.59000015258789,61.689998626708984,42.05693817138672,15219600,0.0,0.0,0.0
2013-08-19,61.619998931884766,61.65999984741211,61.209999084472656,61.25,41.75697708129883,13596700,0.0,0.0,0.0
2013-08-20,61.029998779296875,61.33000183105469,60.91999816894531,61.16999816894531,41.70243835449219,12885800,0.0,0.0,0.0
2013-08-21,60.77000045776367,61.0,60.22999954223633,60.45000076293945,41.211578369140625,12755200,0.0,0.0,0.0
2013-08-22,60.900001525878906,61.130001068115234,60.880001068115234,61.040000915527344,41.61381149291992,8041700,0.0,0.0,0.0
2013-08-23,61.380001068115234,61.58000183105469,61.209999084472656,61.56999969482422,41.97513198852539,10141600,0.0,0.0,0.0
2013-08-26,61.279998779296875,61.400001525878906,61.11000061035156,61.119998931884766,41.6683464050293,8471000,0.0,0.0,0.0
2013-08-27,60.43000030517578,60.630001068115234,60.040000915527344,60.08000183105469,40.95933532714844,18839100,0.0,0.0,0.0
2013-08-28,59.75,60.220001220703125,59.68000030517578,60.0099983215332,40.9116096496582,10521700,0.0,0.0,0.0
2013-08-29,59.86000061035156,60.15999984741211,59.79999923706055,59.90999984741211,40.843441009521484,10555800,0.0,0.0,0.0
2013-08-30,59.619998931884766,59.63999938964844,59.15999984741211,59.16999816894531,40.33894348144531,21045300,0.0,0.0,0.0
2013-09-03,60.5099983215332,60.59000015258789,60.040000915527344,60.310001373291016,41.11613845825195,18912700,0.0,0.0,0.0
2013-09-04,60.209999084472656,60.939998626708984,60.150001525878906,60.849998474121094,41.484275817871094,11868800,0.0,0.0,0.0
2013-09-05,60.59000015258789,60.86000061035156,60.58000183105469,60.79999923706055,41.4501838684082,10523400,0.0,0.0,0.0
2013-09-06,61.060001373291016,61.310001373291016,60.650001525878906,61.130001068115234,41.6751708984375,16398000,0.0,0.0,0.0
2013-09-09,61.4900016784668,62.0,61.4900016784668,61.970001220703125,42.247833251953125,17398000,0.0,0.0,0.0
2013-09-10,62.47999954223633,62.70000076293945,62.40999984741211,62.66999816894531,42.72505187988281,15972400,0.0,0.0,0.0
2013-09-11,62.41999816894531,62.90999984741211,62.40999984741211,62.88999938964844,42.875038146972656,11864200,0.0,0.0,0.0
2013-09-12,62.56999969482422,62.810001373291016,62.52000045776367,62.529998779296875,42.629608154296875,16745000,0.0,0.0,0.0
2013-09-13,62.61000061035156,62.84000015258789,62.43000030517578,62.83000183105469,42.83414077758789,13590900,0.0,0.0,0.0
2013-09-16,63.650001525878906,63.650001525878906,63.27000045776367,63.31999969482422,43.16819381713867,18909500,0.0,0.0,0.0
2013-09-17,63.16999816894531,63.36000061035156,63.16999816894531,63.36000061035156,43.19546890258789,10370400,0.0,0.0,0.0
2013-09-18,63.40999984741211,65.11000061035156,63.2400016784668,65.05000305175781,44.347618103027344,21359000,0.0,0.0,0.0
2013-09-19,65.06999969482422,65.08000183105469,64.6500015258789,64.73999786376953,44.13627243041992,19195600,0.0,0.0,0.0
2013-09-20,64.62999725341797,64.62999725341797,64.23999786376953,64.2699966430664,43.81584930419922,18878600,0.0,0.0,0.0
2013-09-23,64.29000091552734,64.36000061035156,63.95000076293945,64.25,43.80221939086914,17860700,0.0,0.0,0.0
2013-09-24,64.19999694824219,64.41000366210938,63.97999954223633,64.1500015258789,43.734046936035156,14979200,0.0,0.0,0.0
2013-09-25,64.11000061035156,64.36000061035156,64.01000213623047,64.22000122070312,43.781761169433594,14478100,0.0,0.0,0.0
2013-09-26,64.30000305175781,64.58999633789062,64.25,64.48999786376953,43.9658317565918,15653800,0.0,0.0,0.0
2013-09-27,64.19000244140625,64.41999816894531,64.12999725341797,64.26000213623047,43.80902862548828,17705800,0.0,0.0,0.0
2013-09-30,63.61000061035156,63.970001220703125,63.54999923706055,63.79999923706055,43.495426177978516,22274400,0.0,0.0,0.0
2013-10-01,63.869998931884766,64.30000305175781,63.75,64.13999938964844,43.727237701416016,15392400,0.0,0.0,0.0
2013-10-02,63.90999984741211,64.16000366210938,63.59000015258789,64.12000274658203,43.71358871459961,12620200,0.0,0.0,0.0
2013-10-03,63.9900016784668,64.02999877929688,63.59000015258789,63.70000076293945,43.42726135253906,16212700,0.0,0.0,0.0
2013-10-04,63.61000061035156,63.91999816894531,63.58000183105469,63.849998474121094,43.529510498046875,11699000,0.0,0.0,0.0
2013-10-07,63.060001373291016,63.4900016784668,63.040000915527344,63.189998626708984,43.079559326171875,17360800,0.0,0.0,0.0
2013-10-08,63.220001220703125,63.310001373291016,62.68000030517578,62.70000076293945,42.745513916015625,19635600,0.0,0.0,0.0
2013-10-09,62.93000030517578,63.09000015258789,62.540000915527344,62.970001220703125,42.9295768737793,19659500,0.0,0.0,0.0
2013-10-10,63.5099983215332,64.19999694824219,63.5,64.0999984741211,43.699954986572266,16423300,0.0,0.0,0.0
2013-10-11,64.11000061035156,64.47000122070312,64.06999969482422,64.44000244140625,43.93175506591797,13279100,0.0,0.0,0.0
2013-10-14,64.16999816894531,64.70999908447266,64.12000274658203,64.66000366210938,44.08172607421875,7213800,0.0,0.0,0.0
2013-10-15,64.4000015258789,64.5199966430664,64.27999877929688,64.3499984741211,43.87039566040039,15599400,0.0,0.0,0.0
2013-10-16,64.54000091552734,64.8499984741211,64.48999786376953,64.83000183105469,44.1976318359375,17389900,0.0,0.0,0.0
2013-10-17,65.19000244140625,65.72000122070312,65.12999725341797,65.69000244140625,44.783931732177734,21850200,0.0,0.0,0.0
2013-10-18,65.88999938964844,66.11000061035156,65.77999877929688,66.08000183105469,45.04981231689453,16283000,0.0,0.0,0.0
2013-10-21,65.98999786376953,66.18000030517578,65.93000030517578,66.18000030517578,45.11798858642578,11068000,0.0,0.0,0.0
2013-10-22,66.5199966430664,66.95999908447266,66.5199966430664,66.83999633789062,45.567935943603516,13015200,0.0,0.0,0.0
2013-10-23,66.20999908447266,66.25,65.97000122070312,66.19000244140625,45.12480163574219,13384700,0.0,0.0,0.0
2013-10-24,66.55999755859375,66.69000244140625,66.4000015258789,66.6500015258789,45.43841552734375,11820900,0.0,0.0,0.0
2013-10-25,66.44999694824219,66.47000122070312,66.27999877929688,66.45999908447266,45.308868408203125,16688300,0.0,0.0,0.0
2013-10-28,66.27999877929688,66.4800033569336,66.19000244140625,66.3499984741211,45.233882904052734,9936700,0.0,0.0,0.0
2013-10-29,66.41000366210938,66.51000213623047,66.30999755859375,66.48999786376953,45.32932662963867,12121400,0.0,0.0,0.0
2013-10-30,66.55999755859375,66.58999633789062,65.91999816894531,66.25,45.165706634521484,18774000,0.0,0.0,0.0
2013-10-31,66.06999969482422,66.25,65.77999877929688,65.87999725341797,44.913455963134766,22366900,0.0,0.0,0.0
2013-11-01,65.52999877929688,65.58999633789062,65.19000244140625,65.55999755859375,44.69529724121094,18921000,0.0,0.0,0.0
2013-11-04,65.68000030517578,65.87999725341797,65.55000305175781,65.87999725341797,44.913455963134766,27539500,0.0,0.0,0.0
2013-11-05,65.19999694824219,65.41999816894531,64.98999786376953,65.30999755859375,44.52485656738281,13129600,0.0,0.0,0.0
2013-11-06,65.88999938964844,66.05000305175781,65.75,65.87999725341797,44.913455963134766,16260600,0.0,0.0,0.0
2013-11-07,65.62000274658203,65.66999816894531,64.76000213623047,64.83999633789062,44.20443344116211,22820200,0.0,0.0,0.0
2013-11-08,64.69999694824219,65.23999786376953,64.69000244140625,65.22000122070312,44.46350860595703,15873000,0.0,0.0,0.0
2013-11-11,65.23999786376953,65.37000274658203,65.16000366210938,65.36000061035156,44.55895233154297,14206100,0.0,0.0,0.0
2013-11-12,65.18000030517578,65.31999969482422,64.97000122070312,65.13999938964844,44.408973693847656,13391000,0.0,0.0,0.0
2013-11-13,64.63999938964844,65.41999816894531,64.62000274658203,65.3499984741211,44.55213928222656,12669400,0.0,0.0,0.0
2013-11-14,65.3499984741211,65.7300033569336,65.29000091552734,65.6500015258789,44.756675720214844,14537100,0.0,0.0,0.0
2013-11-15,66.02999877929688,66.31999969482422,65.95999908447266,66.18000030517578,45.11798858642578,25278400,0.0,0.0,0.0
2013-11-18,66.55999755859375,66.5999984741211,66.08999633789062,66.18000030517578,45.11798858642578,12776200,0.0,0.0,0.0
2013-11-19,66.0199966430664,66.19999694824219,65.87999725341797,66.01000213623047,45.002098083496094,10664300,0.0,0.0,0.0
2013-11-20,66.08000183105469,66.22000122070312,65.37999725341797,65.55000305175781,44.68849563598633,18220600,0.0,0.0,0.0
2013-11-21,65.7699966430664,65.97000122070312,65.66000366210938,65.95999908447266,44.9680061340332,15963400,0.0,0.0,0.0
2013-11-22,65.94999694824219,66.2300033569336,65.91000366210938,66.1500015258789,45.097530364990234,18657100,0.0,0.0,0.0
2013-11-25,66.0999984741211,66.11000061035156,65.87000274658203,65.94999694824219,44.9611930847168,11835000,0.0,0.0,0.0
2013-11-26,65.81999969482422,66.01000213623047,65.75,65.94999694824219,44.9611930847168,14620200,0.0,0.0,0.0
2013-11-27,66.18000030517578,66.29000091552734,66.02999877929688,66.11000061035156,45.07026672363281,9667100,0.0,0.0,0.0
2013-11-29,66.5199966430664,66.58000183105469,66.23999786376953,66.23999786376953,45.15889358520508,13964200,0.0,0.0,0.0
2013-12-02,66.01000213623047,66.11000061035156,65.73999786376953,65.75,44.824832916259766,17686300,0.0,0.0,0.0
2013-12-03,65.41999816894531,65.54000091552734,65.08999633789062,65.29000091552734,44.51123809814453,14776300,0.0,0.0,0.0
2013-12-04,64.52999877929688,65.0,64.5199966430664,64.94000244140625,44.272621154785156,18603800,0.0,0.0,0.0
2013-12-05,64.7300033569336,64.87000274658203,64.4800033569336,64.56999969482422,44.0203742980957,13115500,0.0,0.0,0.0
2013-12-06,65.12999725341797,65.4000015258789,65.01000213623047,65.37000274658203,44.565773010253906,12965100,0.0,0.0,0.0
2013-12-09,65.25,65.41000366210938,65.20999908447266,65.30000305175781,44.51805114746094,11275800,0.0,0.0,0.0
2013-12-10,65.1500015258789,65.29000091552734,65.0,65.19000244140625,44.44305419921875,13978200,0.0,0.0,0.0
2013-12-11,65.19999694824219,65.20999908447266,64.55000305175781,64.58000183105469,44.02717971801758,14151000,0.0,0.0,0.0
2013-12-12,64.27999877929688,64.33999633789062,63.95000076293945,64.11000061035156,43.70676803588867,14118200,0.0,0.0,0.0
2013-12-13,64.0999984741211,64.1500015258789,63.849998474121094,64.06999969482422,43.679500579833984,12214200,0.0,0.0,0.0
2013-12-16,64.51000213623047,64.7300033569336,64.47000122070312,64.52999877929688,43.99310302734375,13338900,0.0,0.0,0.0
2013-12-17,64.36000061035156,64.37999725341797,64.08000183105469,64.25,43.80221939086914,15966500,0.0,0.0,0.0
2013-12-18,64.22000122070312,64.86000061035156,63.5,64.69999694824219,44.491241455078125,28970800,0.552,0.0,0.0
2013-12-19,64.48999786376953,64.80999755859375,64.41999816894531,64.69999694824219,44.491241455078125,20647100,0.0,0.0,0.0
2013-12-20,64.91000366210938,65.18000030517578,64.87999725341797,65.06999969482422,44.74568557739258,18427500,0.0,0.0,0.0
2013-12-23,65.48999786376953,65.76000213623047,65.4000015258789,65.73999786376953,45.20640182495117,15767500,0.0,0.0,0.0
2013-12-24,65.62999725341797,65.87000274658203,65.55999755859375,65.87000274658203,45.29580307006836,6708500,0.0,0.0,0.0
2013-12-26,66.16000366210938,66.27999877929688,66.1500015258789,66.2300033569336,45.54336166381836,8510500,0.0,0.0,0.0
2013-12-27,66.76000213623047,66.7699966430664,66.51000213623047,66.56999969482422,45.77716064453125,18585400,0.0,0.0,0.0
2013-12-30,66.73999786376953,66.91000366210938,66.68000030517578,66.8499984741211,45.96969985961914,14432400,0.0,0.0,0.0
2013-12-31,67.04000091552734,67.36000061035156,67.0,67.0999984741211,46.14160919189453,21704700,0.0,0.0,0.0
2014-01-02,66.20999908447266,66.2699966430664,65.73999786376953,65.91000366210938,45.323299407958984,26240600,0.0,0.0,0.0
2014-01-03,66.0199966430664,66.19000244140625,65.87000274658203,65.9800033569336,45.37144088745117,19270100,0.0,0.0,0.0
2014-01-06,66.05000305175781,66.11000061035156,65.83999633789062,65.9000015258789,45.31644058227539,14737600,0.0,0.0,0.0
2014-01-07,66.16999816894531,66.3499984741211,66.12999725341797,66.2699966430664,45.570865631103516,12075700,0.0,0.0,0.0
2014-01-08,66.31999969482422,66.37000274658203,66.0999984741211,66.25,45.557106018066406,17555600,0.0,0.0,0.0
2014-01-09,66.27999877929688,66.27999877929688,65.80000305175781,66.19999694824219,45.52272415161133,13128600,0.0,0.0,0.0
2014-01-10,66.5,66.8499984741211,66.43000030517578,66.80999755859375,45.94218826293945,19676400,0.0,0.0,0.0
2014-01-13,66.5199966430664,66.68000030517578,66.11000061035156,66.2300033569336,45.54336166381836,19464700,0.0,0.0,0.0
2014-01-14,66.41999816894531,66.80999755859375,66.22000122070312,66.76000213623047,45.90781021118164,12268900,0.0,0.0,0.0
2014-01-15,66.72000122070312,67.08000183105469,66.69000244140625,67.04000091552734,46.100341796875,12388800,0.0,0.0,0.0
2014-01-16,66.93000030517578,67.01000213623047,66.69999694824219,67.01000213623047,46.0797233581543,21172000,0.0,0.0,0.0
2014-01-17,66.9800033569336,67.02999877929688,66.70999908447266,66.80999755859375,45.94218826293945,22526900,0.0,0.0,0.0
2014-01-21,67.19999694824219,67.22000122070312,66.81999969482422,67.12999725341797,46.1622314453125,18600200,0.0,0.0,0.0
2014-01-22,67.11000061035156,67.16999816894531,66.94999694824219,67.12999725341797,46.1622314453125,12664100,0.0,0.0,0.0
2014-01-23,66.88999938964844,66.91000366210938,66.41000366210938,66.68000030517578,45.852806091308594,17691700,0.0,0.0,0.0
2014-01-24,65.69000244140625,65.69999694824219,64.8499984741211,64.8499984741211,44.594390869140625,25036300,0.0,0.0,0.0
2014-01-27,64.87999725341797,64.93000030517578,64.1500015258789,64.55000305175781,44.388092041015625,21487100,0.0,0.0,0.0
2014-01-28,64.86000061035156,65.18000030517578,64.83000183105469,65.11000061035156,44.77317810058594,15857600,0.0,0.0,0.0
2014-01-29,64.26000213623047,64.72000122070312,64.19000244140625,64.37999725341797,44.27118682861328,21210400,0.0,0.0,0.0
2014-01-30,64.66000366210938,64.80999755859375,64.37999725341797,64.70999908447266,44.498111724853516,14681000,0.0,0.0,0.0
2014-01-31,63.33000183105469,64.0199966430664,63.310001373291016,63.61000061035156,43.74170684814453,39572600,0.0,0.0,0.0
2014-02-03,63.540000915527344,63.619998931884766,62.279998779296875,62.310001373291016,42.84775161743164,45762000,0.0,0.0,0.0
2014-02-04,62.77000045776367,63.06999969482422,62.58000183105469,63.029998779296875,43.342857360839844,26309300,0.0,0.0,0.0
2014-02-05,63.0,63.209999084472656,62.7599983215332,63.15999984741211,43.43225860595703,17503900,0.0,0.0,0.0
2014-02-06,63.720001220703125,64.30999755859375,63.709999084472656,64.27999877929688,44.20242691040039,16589100,0.0,0.0,0.0
2014-02-07,64.62000274658203,65.12999725341797,64.47000122070312,65.12000274658203,44.780059814453125,14500900,0.0,0.0,0.0
2014-02-10,64.93000030517578,64.94000244140625,64.75,64.9000015258789,44.62877655029297,13885400,0.0,0.0,0.0
2014-02-11,65.2699966430664,66.05000305175781,65.25,65.93000030517578,45.3370475769043,18061900,0.0,0.0,0.0
2014-02-12,65.94999694824219,66.11000061035156,65.8499984741211,66.04000091552734,45.41269302368164,14801400,0.0,0.0,0.0
2014-02-13,65.45999908447266,66.27999877929688,65.43000030517578,66.23999786376953,45.550228118896484,17329500,0.0,0.0,0.0
2014-02-14,66.16999816894531,66.55999755859375,66.0999984741211,66.48999786376953,45.72214126586914,18540700,0.0,0.0,0.0
2014-02-18,66.94000244140625,67.13999938964844,66.76000213623047,67.05999755859375,46.11410140991211,16668600,0.0,0.0,0.0
2014-02-19,66.91999816894531,67.22000122070312,66.56999969482422,66.61000061035156,45.80466842651367,13139900,0.0,0.0,0.0
2014-02-20,66.54000091552734,66.93000030517578,66.4000015258789,66.83999633789062,45.96282196044922,14098500,0.0,0.0,0.0
2014-02-21,67.1500015258789,67.33000183105469,66.95999908447266,66.97000122070312,46.05222702026367,12629800,0.0,0.0,0.0
2014-02-24,67.22000122070312,67.87000274658203,67.19000244140625,67.55000305175781,46.45106506347656,22573000,0.0,0.0,0.0
2014-02-25,67.56999969482422,67.76000213623047,67.2699966430664,67.38999938964844,46.34102249145508,16833800,0.0,0.0,0.0
2014-02-26,67.26000213623047,67.33000183105469,66.94000244140625,67.16000366210938,46.1828727722168,14872400,0.0,0.0,0.0
2014-02-27,66.9800033569336,67.41000366210938,66.8499984741211,67.38999938964844,46.34102249145508,11392500,0.0,0.0,0.0
2014-02-28,67.5,67.87000274658203,67.30000305175781,67.51000213623047,46.42355728149414,41960000,0.0,0.0,0.0
2014-03-03,66.37999725341797,66.54000091552734,65.91000366210938,66.08000183105469,45.440208435058594,27783400,0.0,0.0,0.0
2014-03-04,67.4000015258789,67.48999786376953,67.29000091552734,67.38999938964844,46.34102249145508,29272000,0.0,0.0,0.0
2014-03-05,67.29000091552734,67.45999908447266,67.20999908447266,67.33000183105469,46.29978942871094,16872800,0.0,0.0,0.0
2014-03-06,68.0199966430664,68.19000244140625,67.93000030517578,68.02999877929688,46.7811393737793,15087000,0.0,0.0,0.0
2014-03-07,67.91000366210938,67.95999908447266,67.31999969482422,67.66000366210938,46.52669906616211,21133800,0.0,0.0,0.0
2014-03-10,67.20999908447266,67.29000091552734,66.83000183105469,67.23999786376953,46.23788833618164,23329100,0.0,0.0,0.0
2014-03-11,67.11000061035156,67.33999633789062,66.68000030517578,66.75,45.900936126708984,17811900,0.0,0.0,0.0
2014-03-12,66.16000366210938,66.5999984741211,66.01000213623047,66.5,45.72901916503906,14151000,0.0,0.0,0.0
2014-03-13,66.63999938964844,66.69000244140625,65.13999938964844,65.26000213623047,44.876338958740234,35340200,0.0,0.0,0.0
2014-03-14,64.87000274658203,65.43000030517578,64.87000274658203,65.12000274658203,44.780059814453125,24796000,0.0,0.0,0.0
2014-03-17,65.62999725341797,66.0199966430664,65.5999984741211,65.94000244140625,45.34393310546875,24052700,0.0,0.0,0.0
2014-03-18,65.98999786376953,66.4800033569336,65.9800033569336,66.3499984741211,45.62586975097656,19417000,0.0,0.0,0.0
2014-03-19,66.27999877929688,66.30999755859375,65.12000274658203,65.54000091552734,45.068870544433594,22330200,0.0,0.0,0.0
2014-03-20,64.95999908447266,65.41999816894531,64.81999969482422,65.29000091552734,44.89696502685547,18788100,0.0,0.0,0.0
2014-03-21,65.61000061035156,65.80999755859375,65.12000274658203,65.16000366210938,44.80756378173828,17668300,0.0,0.0,0.0
2014-03-24,65.61000061035156,65.6500015258789,64.93000030517578,65.33000183105469,44.92447280883789,17552900,0.0,0.0,0.0
2014-03-25,65.83000183105469,66.19000244140625,65.62999725341797,66.04000091552734,45.41269302368164,20785500,0.0,0.0,0.0
2014-03-26,66.56999969482422,66.5999984741211,66.0199966430664,66.02999877929688,45.405826568603516,27028900,0.0,0.0,0.0
2014-03-27,66.27999877929688,66.48999786376953,66.13999938964844,66.36000061035156,45.632747650146484,22352000,0.0,0.0,0.0
2014-03-28,66.86000061035156,67.05999755859375,66.80000305175781,66.86000061035156,45.9765739440918,13875500,0.0,0.0,0.0
2014-03-31,67.37000274658203,67.47000122070312,67.13999938964844,67.19999694824219,46.21038055419922,24498300,0.0,0.0,0.0
2014-04-01,67.5999984741211,67.66999816894531,67.44000244140625,67.62999725341797,46.506072998046875,13738100,0.0,0.0,0.0
2014-04-02,67.63999938964844,67.9000015258789,67.55999755859375,67.76000213623047,46.5954704284668,15497500,0.0,0.0,0.0
2014-04-03,67.68000030517578,67.7699966430664,67.38999938964844,67.56999969482422,46.46481704711914,14943500,0.0,0.0,0.0
2014-04-04,67.83999633789062,67.94000244140625,67.26000213623047,67.36000061035156,46.32040023803711,20967400,0.0,0.0,0.0
2014-04-07,67.26000213623047,67.36000061035156,66.88999938964844,67.04000091552734,46.100341796875,16647900,0.0,0.0,0.0
2014-04-08,66.79000091552734,67.13999938964844,66.7300033569336,67.0,46.072853088378906,12246200,0.0,0.0,0.0
2014-04-09,67.55000305175781,67.9000015258789,67.2699966430664,67.86000061035156,46.66422653198242,18492100,0.0,0.0,0.0
2014-04-10,67.55000305175781,67.62000274658203,66.5999984741211,66.66000366210938,45.83905029296875,23677900,0.0,0.0,0.0
2014-04-11,66.3499984741211,66.76000213623047,66.25,66.26000213623047,45.563987731933594,18550700,0.0,0.0,0.0
2014-04-14,66.5999984741211,66.76000213623047,66.31999969482422,66.63999938964844,45.825294494628906,13239000,0.0,0.0,0.0
2014-04-15,66.52999877929688,66.62999725341797,65.68000030517578,66.36000061035156,45.632747650146484,21055100,0.0,0.0,0.0
2014-04-16,66.91000366210938,67.20999908447266,66.7300033569336,67.18000030517578,46.19662857055664,19643900,0.0,0.0,0.0
2014-04-17,67.27999877929688,67.63999938964844,67.12999725341797,67.52999877929688,46.43730163574219,19204100,0.0,0.0,0.0
2014-04-21,67.52999877929688,67.6500015258789,67.41000366210938,67.62000274658203,46.49919891357422,10723800,0.0,0.0,0.0
2014-04-22,67.83000183105469,67.97000122070312,67.76000213623047,67.9000015258789,46.691741943359375,12342500,0.0,0.0,0.0
2014-04-23,67.83999633789062,67.83999633789062,67.62999725341797,67.73999786376953,46.58171081542969,11595300,0.0,0.0,0.0
2014-04-24,67.72000122070312,67.79000091552734,67.27999877929688,67.7300033569336,46.57484436035156,17646700,0.0,0.0,0.0
2014-04-25,67.61000061035156,67.62999725341797,67.19999694824219,67.4000015258789,46.34791564941406,19435900,0.0,0.0,0.0
2014-04-28,67.62000274658203,67.77999877929688,67.13999938964844,67.61000061035156,46.4923095703125,19986000,0.0,0.0,0.0
2014-04-29,67.95999908447266,68.19000244140625,67.88999938964844,68.05000305175781,46.794883728027344,16162500,0.0,0.0,0.0
2014-04-30,68.05000305175781,68.4000015258789,67.95999908447266,68.31999969482422,46.980560302734375,29172800,0.0,0.0,0.0
2014-05-01,68.38999938964844,68.62000274658203,68.30000305175781,68.51000213623047,47.111202239990234,17645400,0.0,0.0,0.0
2014-05-02,68.26000213623047,68.54000091552734,68.19000244140625,68.4000015258789,47.03557586669922,14332800,0.0,0.0,0.0
2014-05-05,67.9000015258789,68.37999725341797,67.76000213623047,68.3499984741211,47.00117874145508,18715300,0.0,0.0,0.0
2014-05-06,68.36000061035156,68.4000015258789,68.16000366210938,68.2300033569336,46.918678283691406,10209100,0.0,0.0,0.0
2014-05-07,68.20999908447266,68.3499984741211,67.94000244140625,68.30999755859375,46.97367477416992,12801700,0.0,0.0,0.0
2014-05-08,68.41000366210938,68.63999938964844,68.22000122070312,68.31999969482422,46.980560302734375,13187500,0.0,0.0,0.0
2014-05-09,68.2699966430664,68.31999969482422,67.9800033569336,68.22000122070312,46.91179275512695,8089900,0.0,0.0,0.0
2014-05-12,68.4800033569336,68.69000244140625,68.41999816894531,68.66999816894531,47.22123718261719,13953600,0.0,0.0,0.0
2014-05-13,68.7699966430664,68.80000305175781,68.61000061035156,68.7699966430664,47.29000473022461,18673500,0.0,0.0,0.0
2014-05-14,68.75,68.9000015258789,68.55000305175781,68.63999938964844,47.20059585571289,15816700,0.0,0.0,0.0
2014-05-15,68.48999786376953,68.52999877929688,68.08000183105469,68.33999633789062,46.99430465698242,20007500,0.0,0.0,0.0
2014-05-16,68.3499984741211,68.48999786376953,68.2300033569336,68.48999786376953,47.097450256347656,12874500,0.0,0.0,0.0
2014-05-19,68.12000274658203,68.4000015258789,68.0999984741211,68.3499984741211,47.00117874145508,9415200,0.0,0.0,0.0
2014-05-20,68.11000061035156,68.1500015258789,67.72000122070312,67.91999816894531,46.70549011230469,13695200,0.0,0.0,0.0
2014-05-21,68.19999694824219,68.47000122070312,68.16999816894531,68.44999694824219,47.06993865966797,10953400,0.0,0.0,0.0
2014-05-22,68.45999908447266,68.61000061035156,68.41000366210938,68.54000091552734,47.13182067871094,8121800,0.0,0.0,0.0
2014-05-23,68.48999786376953,68.79000091552734,68.48999786376953,68.72000122070312,47.255619049072266,7649000,0.0,0.0,0.0
2014-05-27,69.22000122070312,69.26000213623047,68.9800033569336,69.20999908447266,47.59256362915039,9819700,0.0,0.0,0.0
2014-05-28,69.0199966430664,69.05999755859375,68.8499984741211,68.9800033569336,47.434410095214844,8894300,0.0,0.0,0.0
2014-05-29,69.27999877929688,69.4000015258789,69.13999938964844,69.4000015258789,47.72322082519531,16668400,0.0,0.0,0.0
2014-05-30,69.31999969482422,69.44999694824219,69.26000213623047,69.41000366210938,47.7300910949707,15728200,0.0,0.0,0.0
2014-06-02,69.63999938964844,69.63999938964844,69.4000015258789,69.55000305175781,47.82636260986328,8915100,0.0,0.0,0.0
2014-06-03,69.31999969482422,69.41000366210938,69.29000091552734,69.37999725341797,47.70947265625,9629100,0.0,0.0,0.0
2014-06-04,69.2300033569336,69.43000030517578,69.16000366210938,69.36000061035156,47.695716857910156,10850800,0.0,0.0,0.0
2014-06-05,69.55999755859375,69.9000015258789,69.30999755859375,69.83999633789062,48.02578353881836,11099400,0.0,0.0,0.0
2014-06-06,70.0199966430664,70.22000122070312,69.91000366210938,70.22000122070312,48.287109375,11780100,0.0,0.0,0.0
2014-06-09,69.94999694824219,70.19000244140625,69.91999816894531,70.1500015258789,48.23896026611328,12685200,0.0,0.0,0.0
2014-06-10,69.8499984741211,70.0,69.73999786376953,70.0,48.13581848144531,11347600,0.0,0.0,0.0
2014-06-11,69.69000244140625,69.77999877929688,69.56999969482422,69.6500015258789,47.89513397216797,8827200,0.0,0.0,0.0
2014-06-12,69.87000274658203,69.94000244140625,69.55000305175781,69.66999816894531,47.908878326416016,10679500,0.0,0.0,0.0
2014-06-13,69.72000122070312,69.86000061035156,69.55000305175781,69.72000122070312,47.943275451660156,22214700,0.0,0.0,0.0
2014-06-16,69.5999984741211,69.80999755859375,69.55999755859375,69.73999786376953,47.9570198059082,9584600,0.0,0.0,0.0
2014-06-17,69.41000366210938,69.69999694824219,69.38999938964844,69.69000244140625,47.922637939453125,9222700,0.0,0.0,0.0
2014-06-18,69.7699966430664,70.30999755859375,69.54000091552734,70.29000091552734,48.335235595703125,14870300,0.0,0.0,0.0
2014-06-19,70.7300033569336,70.79000091552734,70.54000091552734,70.66999816894531,48.596534729003906,12490400,0.0,0.0,0.0
2014-06-20,70.56999969482422,70.61000061035156,70.41999816894531,70.55000305175781,48.5140380859375,16113100,0.0,0.0,0.0
2014-06-23,70.2300033569336,70.38999938964844,70.04000091552734,70.36000061035156,48.38336944580078,9836000,0.0,0.0,0.0
2014-06-24,70.20999908447266,70.27999877929688,69.83999633789062,69.91999816894531,48.08080291748047,17809900,0.0,0.0,0.0
2014-06-25,67.88999938964844,68.27999877929688,67.87999725341797,68.22000122070312,48.06389617919922,17373100,1.676,0.0,0.0
2014-06-26,68.12000274658203,68.27999877929688,67.66999816894531,68.2699966430664,48.099117279052734,14342000,0.0,0.0,0.0
2014-06-27,68.04000091552734,68.33999633789062,67.97000122070312,68.30999755859375,48.127296447753906,9721300,0.0,0.0,0.0
2014-06-30,68.16000366210938,68.44000244140625,68.1500015258789,68.37000274658203,48.16958236694336,16580700,0.0,0.0,0.0
2014-07-01,68.72000122070312,69.08000183105469,68.68000030517578,68.97000122070312,48.59230041503906,12975000,0.0,0.0,0.0
2014-07-02,68.94999694824219,69.08999633789062,68.87000274658203,69.08000183105469,48.6697998046875,11254400,0.0,0.0,0.0
2014-07-03,69.05999755859375,69.29000091552734,69.02999877929688,69.22000122070312,48.76844024658203,7757300,0.0,0.0,0.0
2014-07-07,68.69000244140625,68.79000091552734,68.58000183105469,68.68000030517578,48.38798141479492,8533400,0.0,0.0,0.0
2014-07-08,68.27999877929688,68.29000091552734,67.77999877929688,67.95999908447266,47.88071060180664,11505200,0.0,0.0,0.0
2014-07-09,67.88999938964844,68.2699966430664,67.8499984741211,68.18000030517578,48.03572082519531,15042700,0.0,0.0,0.0
2014-07-10,66.95999908447266,67.44999694824219,66.91999816894531,67.43000030517578,47.50730514526367,12905700,0.0,0.0,0.0
2014-07-11,67.33999633789062,67.5199966430664,67.16999816894531,67.47000122070312,47.53549575805664,11225800,0.0,0.0,0.0
2014-07-14,68.11000061035156,68.12000274658203,67.94000244140625,67.97000122070312,47.887760162353516,9020800,0.0,0.0,0.0
2014-07-15,68.02999877929688,68.08999633789062,67.5199966430664,67.80000305175781,47.767982482910156,12444500,0.0,0.0,0.0
2014-07-16,68.27999877929688,68.31999969482422,68.11000061035156,68.22000122070312,48.06389617919922,9427600,0.0,0.0,0.0
2014-07-17,67.81999969482422,68.0999984741211,67.30999755859375,67.3499984741211,47.450931549072266,15085100,0.0,0.0,0.0
2014-07-18,67.5199966430664,67.98999786376953,67.4800033569336,67.87999725341797,47.8243408203125,11615300,0.0,0.0,0.0
2014-07-21,67.45999908447266,67.66999816894531,67.31999969482422,67.62999725341797,47.64821243286133,12114800,0.0,0.0,0.0
2014-07-22,67.98999786376953,68.05999755859375,67.88999938964844,67.93000030517578,47.859580993652344,12232800,0.0,0.0,0.0
2014-07-23,68.19999694824219,68.19999694824219,68.0,68.06999969482422,47.95821762084961,8668200,0.0,0.0,0.0
2014-07-24,68.26000213623047,68.31999969482422,68.13999938964844,68.2300033569336,48.070945739746094,6826200,0.0,0.0,0.0
2014-07-25,68.11000061035156,68.1500015258789,67.69000244140625,67.94999694824219,47.87366485595703,8885700,0.0,0.0,0.0
2014-07-28,67.95999908447266,68.05999755859375,67.58000183105469,67.95999908447266,47.88071060180664,8065900,0.0,0.0,0.0
2014-07-29,68.1500015258789,68.19000244140625,67.77999877929688,67.81999969482422,47.782066345214844,9154800,0.0,0.0,0.0
2014-07-30,67.81999969482422,67.95999908447266,67.45999908447266,67.72000122070312,47.711631774902344,11169300,0.0,0.0,0.0
2014-07-31,67.02999877929688,67.12000274658203,66.5199966430664,66.58999633789062,46.91547393798828,26161000,0.0,0.0,0.0
2014-08-01,66.31999969482422,66.56999969482422,66.0,66.12999725341797,46.59138870239258,25398300,0.0,0.0,0.0
2014-08-04,66.41000366210938,66.55999755859375,66.02999877929688,66.44000244140625,46.8098030090332,15220800,0.0,0.0,0.0
2014-08-05,66.06999969482422,66.12000274658203,65.45999908447266,65.58999633789062,46.210941314697266,20914100,0.0,0.0,0.0
2014-08-06,65.08999633789062,65.61000061035156,65.08000183105469,65.43000030517578,46.09822082519531,16592700,0.0,0.0,0.0
2014-08-07,65.56999969482422,65.63999938964844,64.7300033569336,64.9000015258789,45.72481155395508,17344900,0.0,0.0,0.0
2014-08-08,64.83999633789062,65.31999969482422,64.70999908447266,65.27999877929688,45.9925422668457,15434200,0.0,0.0,0.0
2014-08-11,65.56999969482422,65.69000244140625,65.47000122070312,65.52999877929688,46.168670654296875,10497600,0.0,0.0,0.0
2014-08-12,65.43000030517578,65.58000183105469,65.31999969482422,65.4800033569336,46.13344955444336,12398400,0.0,0.0,0.0
2014-08-13,65.87000274658203,65.98999786376953,65.72000122070312,65.8499984741211,46.39411926269531,12378700,0.0,0.0,0.0
2014-08-14,66.0999984741211,66.20999908447266,66.0,66.19999694824219,46.640716552734375,11941600,0.0,0.0,0.0
2014-08-15,66.51000213623047,66.62000274658203,65.5999984741211,66.12999725341797,46.59138870239258,23432900,0.0,0.0,0.0
2014-08-18,66.43000030517578,66.58999633789062,66.38999938964844,66.55999755859375,46.89434814453125,11630700,0.0,0.0,0.0
2014-08-19,66.58999633789062,66.72000122070312,66.55999755859375,66.72000122070312,47.00708770751953,8514300,0.0,0.0,0.0
2014-08-20,66.33000183105469,66.5999984741211,66.31999969482422,66.51000213623047,46.85912322998047,11419400,0.0,0.0,0.0
2014-08-21,66.69000244140625,66.88999938964844,66.6500015258789,66.79000091552734,47.056392669677734,8522800,0.0,0.0,0.0
2014-08-22,66.5999984741211,66.6500015258789,66.23999786376953,66.47000122070312,46.83094787597656,9000900,0.0,0.0,0.0
2014-08-25,66.77999877929688,67.08000183105469,66.73999786376953,66.9000015258789,47.13390350341797,13867600,0.0,0.0,0.0
2014-08-26,66.9800033569336,67.19000244140625,66.88999938964844,66.91000366210938,47.140933990478516,22103600,0.0,0.0,0.0
2014-08-27,67.19000244140625,67.19999694824219,66.97000122070312,67.04000091552734,47.232521057128906,10792900,0.0,0.0,0.0
2014-08-28,66.62999725341797,66.79000091552734,66.56999969482422,66.73999786376953,47.02116394042969,10674300,0.0,0.0,0.0
2014-08-29,66.72000122070312,66.7699966430664,66.45999908447266,66.70999908447266,47.000030517578125,19832700,0.0,0.0,0.0
2014-09-02,66.91000366210938,66.91000366210938,66.61000061035156,66.83999633789062,47.09161376953125,14537000,0.0,0.0,0.0
2014-09-03,67.44999694824219,67.47000122070312,67.19000244140625,67.30999755859375,47.42274856567383,15490700,0.0,0.0,0.0
2014-09-04,67.22000122070312,67.41000366210938,66.83000183105469,66.98999786376953,47.19729995727539,11043000,0.0,0.0,0.0
2014-09-05,66.80000305175781,67.0199966430664,66.63999938964844,67.0,47.2043571472168,9374300,0.0,0.0,0.0
2014-09-08,66.5,66.61000061035156,66.16000366210938,66.29000091552734,46.704124450683594,13282600,0.0,0.0,0.0
2014-09-09,66.20999908447266,66.20999908447266,65.87999725341797,66.0999984741211,46.57026290893555,15015000,0.0,0.0,0.0
2014-09-10,66.0999984741211,66.4800033569336,66.02999877929688,66.4800033569336,46.837989807128906,14634800,0.0,0.0,0.0
2014-09-11,66.01000213623047,66.13999938964844,65.83999633789062,66.11000061035156,46.577308654785156,12136700,0.0,0.0,0.0
2014-09-12,66.05000305175781,66.0999984741211,65.83999633789062,66.0199966430664,46.5139045715332,12022900,0.0,0.0,0.0
2014-09-15,65.93000030517578,65.97000122070312,65.76000213623047,65.87999725341797,46.41525650024414,8709500,0.0,0.0,0.0
2014-09-16,65.52999877929688,66.25,65.51000213623047,66.16000366210938,46.61253356933594,14405100,0.0,0.0,0.0
2014-09-17,65.97000122070312,66.0999984741211,65.52999877929688,65.69000244140625,46.28139877319336,19753900,0.0,0.0,0.0
2014-09-18,66.05999755859375,66.26000213623047,66.05000305175781,66.19999694824219,46.640716552734375,14467500,0.0,0.0,0.0
2014-09-19,66.29000091552734,66.30999755859375,65.91999816894531,65.97000122070312,46.478668212890625,11800500,0.0,0.0,0.0
2014-09-22,65.88999938964844,65.9000015258789,65.52999877929688,65.68000030517578,46.27435302734375,29390800,0.0,0.0,0.0
2014-09-23,65.23999786376953,65.44000244140625,65.05000305175781,65.12999725341797,45.886844635009766,18721700,0.0,0.0,0.0
2014-09-24,65.13999938964844,65.51000213623047,64.94999694824219,65.45999908447266,46.11935043334961,12589900,0.0,0.0,0.0
2014-09-25,65.12000274658203,65.12000274658203,64.43000030517578,64.5,45.44300079345703,15639300,0.0,0.0,0.0
2014-09-26,64.70999908447266,64.97000122070312,64.55000305175781,64.7699966430664,45.63322067260742,14040200,0.0,0.0,0.0
2014-09-29,64.08000183105469,64.3499984741211,63.9900016784668,64.16999816894531,45.21049118041992,17351800,0.0,0.0,0.0
2014-09-30,63.9900016784668,64.33000183105469,63.849998474121094,64.12000274658203,45.17526626586914,17807600,0.0,0.0,0.0
2014-10-01,63.75,63.83000183105469,63.22999954223633,63.36000061035156,44.63981628417969,21791100,0.0,0.0,0.0
2014-10-02,63.0099983215332,63.08000183105469,62.099998474121094,62.68000030517578,44.160728454589844,21687600,0.0,0.0,0.0
2014-10-03,62.59000015258789,62.7599983215332,62.43000030517578,62.68000030517578,44.160728454589844,11116900,0.0,0.0,0.0
2014-10-06,63.02000045776367,63.16999816894531,62.66999816894531,63.08000183105469,44.442535400390625,16614000,0.0,0.0,0.0
2014-10-07,62.65999984741211,62.689998626708984,62.0,62.0099983215332,43.68868637084961,15615700,0.0,0.0,0.0
2014-10-08,62.08000183105469,63.09000015258789,61.849998474121094,62.9900016784668,44.3791389465332,18310300,0.0,0.0,0.0
2014-10-09,62.380001068115234,62.5099983215332,61.22999954223633,61.29999923706055,43.18844985961914,23813400,0.0,0.0,0.0
2014-10-10,61.0099983215332,61.18000030517578,60.36000061035156,60.380001068115234,42.540283203125,26414400,0.0,0.0,0.0
2014-10-13,61.04999923706055,61.20000076293945,60.279998779296875,60.29999923706055,42.483909606933594,16363600,0.0,0.0,0.0
2014-10-14,60.7400016784668,60.95000076293945,60.34000015258789,60.45000076293945,42.589595794677734,22292200,0.0,0.0,0.0
2014-10-15,60.04999923706055,60.15999984741211,58.970001220703125,60.09000015258789,42.335960388183594,37303900,0.0,0.0,0.0
2014-10-16,58.68000030517578,60.09000015258789,58.61000061035156,59.529998779296875,41.94141387939453,49006500,0.0,0.0,0.0
2014-10-17,60.459999084472656,60.79999923706055,60.279998779296875,60.63999938964844,42.72346115112305,22794100,0.0,0.0,0.0
2014-10-20,60.56999969482422,61.119998931884766,60.54999923706055,61.02000045776367,42.991180419921875,22996200,0.0,0.0,0.0
2014-10-21,61.34000015258789,61.79999923706055,61.290000915527344,61.75,43.50550079345703,16849600,0.0,0.0,0.0
2014-10-22,61.709999084472656,61.880001068115234,61.25,61.29999923706055,43.18844985961914,13982300,0.0,0.0,0.0
2014-10-23,61.81999969482422,62.209999084472656,61.75,61.88999938964844,43.60414123535156,17097000,0.0,0.0,0.0
2014-10-24,62.060001373291016,62.25,61.869998931884766,62.22999954223633,43.84367752075195,12251100,0.0,0.0,0.0
2014-10-27,61.68000030517578,62.15999984741211,61.59000015258789,61.880001068115234,43.59709167480469,17838400,0.0,0.0,0.0
2014-10-28,62.529998779296875,62.83000183105469,62.45000076293945,62.81999969482422,44.259361267089844,14653100,0.0,0.0,0.0
2014-10-29,63.0,63.119998931884766,62.13999938964844,62.34000015258789,43.921173095703125,21781800,0.0,0.0,0.0
2014-10-30,62.13999938964844,62.97999954223633,62.08000183105469,62.790000915527344,44.23823165893555,14596000,0.0,0.0,0.0
2014-10-31,63.709999084472656,63.97999954223633,63.529998779296875,63.95000076293945,45.05549240112305,22786800,0.0,0.0,0.0
2014-11-03,63.52000045776367,63.61000061035156,63.20000076293945,63.400001525878906,44.667999267578125,14384800,0.0,0.0,0.0
2014-11-04,62.939998626708984,63.06999969482422,62.65999984741211,63.040000915527344,44.41436004638672,12741800,0.0,0.0,0.0
2014-11-05,63.18000030517578,63.25,62.880001068115234,63.15999984741211,44.49890899658203,13033500,0.0,0.0,0.0
2014-11-06,63.02000045776367,63.18000030517578,62.65999984741211,62.81999969482422,44.259361267089844,13624500,0.0,0.0,0.0
2014-11-07,62.61000061035156,62.869998931884766,62.380001068115234,62.849998474121094,44.280494689941406,10950900,0.0,0.0,0.0
2014-11-10,63.09000015258789,63.20000076293945,62.900001525878906,63.130001068115234,44.4777717590332,10235200,0.0,0.0,0.0
2014-11-11,63.290000915527344,63.58000183105469,63.15999984741211,63.5099983215332,44.74549865722656,12372800,0.0,0.0,0.0
2014-11-12,62.810001373291016,63.08000183105469,62.79999923706055,62.970001220703125,44.36504364013672,9970700,0.0,0.0,0.0
2014-11-13,63.040000915527344,63.400001525878906,63.0,63.27000045776367,44.57640838623047,18654700,0.0,0.0,0.0
2014-11-14,62.880001068115234,63.38999938964844,62.869998931884766,63.36000061035156,44.63981628417969,13368600,0.0,0.0,0.0
2014-11-17,62.84000015258789,63.16999816894531,62.810001373291016,63.11000061035156,44.463680267333984,11203700,0.0,0.0,0.0
2014-11-18,63.58000183105469,63.90999984741211,63.540000915527344,63.79999923706055,44.94981384277344,19695400,0.0,0.0,0.0
2014-11-19,63.630001068115234,63.83000183105469,63.34000015258789,63.61000061035156,44.815956115722656,13908800,0.0,0.0,0.0
2014-11-20,62.970001220703125,63.400001525878906,62.95000076293945,63.22999954223633,44.54822540283203,16494400,0.0,0.0,0.0
2014-11-21,64.0199966430664,64.05999755859375,63.56999969482422,63.779998779296875,44.93572998046875,22414400,0.0,0.0,0.0
2014-11-24,64.05999755859375,64.16000366210938,63.93000030517578,64.1500015258789,45.1964111328125,16662600,0.0,0.0,0.0
2014-11-25,64.16000366210938,64.33000183105469,64.0199966430664,64.26000213623047,45.27389907836914,18289600,0.0,0.0,0.0
2014-11-26,64.33999633789062,64.54000091552734,64.23999786376953,64.51000213623047,45.45004653930664,9788000,0.0,0.0,0.0
2014-11-28,64.0999984741211,64.16000366210938,63.939998626708984,63.9900016784668,45.08367919921875,8429300,0.0,0.0,0.0
2014-12-01,64.02999877929688,64.08000183105469,63.72999954223633,63.93000030517578,45.04140090942383,14827800,0.0,0.0,0.0
2014-12-02,64.05999755859375,64.12999725341797,63.91999816894531,64.11000061035156,45.1682243347168,19349300,0.0,0.0,0.0
2014-12-03,63.95000076293945,64.08999633789062,63.86000061035156,64.02999877929688,45.11185836791992,10722400,0.0,0.0,0.0
2014-12-04,63.86000061035156,64.08999633789062,63.61000061035156,63.81999969482422,44.963905334472656,18286400,0.0,0.0,0.0
2014-12-05,63.97999954223633,64.16000366210938,63.810001373291016,63.959999084472656,45.062538146972656,13947000,0.0,0.0,0.0
2014-12-08,63.59000015258789,63.709999084472656,63.349998474121094,63.400001525878906,44.667999267578125,14590200,0.0,0.0,0.0
2014-12-09,62.810001373291016,63.11000061035156,62.619998931884766,63.060001373291016,44.42845916748047,18136300,0.0,0.0,0.0
2014-12-10,62.900001525878906,62.900001525878906,62.15999984741211,62.2599983215332,43.86482238769531,27669700,0.0,0.0,0.0
2014-12-11,62.36000061035156,62.68000030517578,62.11000061035156,62.18000030517578,43.808448791503906,19542600,0.0,0.0,0.0
2014-12-12,62.0099983215332,62.119998931884766,60.939998626708984,60.97999954223633,42.96300506591797,31169600,0.0,0.0,0.0
2014-12-15,61.15999984741211,61.2599983215332,59.779998779296875,59.970001220703125,42.25141525268555,38599900,0.0,0.0,0.0
2014-12-16,60.02000045776367,61.15999984741211,59.91999816894531,60.400001525878906,42.55437469482422,38250500,0.0,0.0,0.0
2014-12-17,60.02000045776367,60.959999084472656,59.9900016784668,60.529998779296875,43.063045501708984,28795300,0.585,0.0,0.0
2014-12-18,61.220001220703125,61.70000076293945,61.119998931884766,61.61000061035156,43.83139419555664,33053700,0.0,0.0,0.0
2014-12-19,61.470001220703125,61.880001068115234,61.33000183105469,61.70000076293945,43.895423889160156,29690700,0.0,0.0,0.0
2014-12-22,61.970001220703125,62.040000915527344,61.75,62.0,44.10884475708008,24782500,0.0,0.0,0.0
2014-12-23,61.869998931884766,61.95000076293945,61.709999084472656,61.79999923706055,43.96656799316406,21929200,0.0,0.0,0.0
2014-12-24,61.880001068115234,62.220001220703125,61.779998779296875,62.08000183105469,44.1657600402832,12379400,0.0,0.0,0.0
2014-12-26,62.27000045776367,62.349998474121094,62.189998626708984,62.2400016784668,44.27959442138672,17681100,0.0,0.0,0.0
2014-12-29,61.709999084472656,62.0099983215332,61.70000076293945,61.790000915527344,43.959442138671875,22005600,0.0,0.0,0.0
2014-12-30,61.439998626708984,61.5,61.20000076293945,61.220001220703125,43.553932189941406,20271600,0.0,0.0,0.0
2014-12-31,61.45000076293945,61.459999084472656,60.810001373291016,60.84000015258789,43.28359603881836,22495000,0.0,0.0,0.0
2015-01-02,61.04999923706055,61.130001068115234,60.459999084472656,60.58000183105469,43.09861373901367,24674800,0.0,0.0,0.0
2015-01-05,59.72999954223633,59.779998779296875,59.0,59.150001525878906,42.08127212524414,28468200,0.0,0.0,0.0
2015-01-06,59.099998474121094,59.310001373291016,58.290000915527344,58.47999954223633,41.60459899902344,21711600,0.0,0.0,0.0
2015-01-07,58.95000076293945,59.22999954223633,58.56999969482422,59.130001068115234,42.06703186035156,19048900,0.0,0.0,0.0
2015-01-08,59.4900016784668,60.13999938964844,59.459999084472656,59.93000030517578,42.63617706298828,16680000,0.0,0.0,0.0
2015-01-09,60.0,60.0,59.34000015258789,59.63999938964844,42.42987823486328,17938200,0.0,0.0,0.0
2015-01-12,59.709999084472656,59.7599983215332,59.209999084472656,59.5,42.330265045166016,18561200,0.0,0.0,0.0
2015-01-13,60.2400016784668,60.38999938964844,59.380001068115234,59.79999923706055,42.543701171875,15396200,0.0,0.0,0.0
2015-01-14,59.5099983215332,59.75,59.220001220703125,59.630001068115234,42.422760009765625,16051900,0.0,0.0,0.0
2015-01-15,60.349998474121094,60.40999984741211,59.86000061035156,60.0099983215332,42.69309997558594,21885100,0.0,0.0,0.0
2015-01-16,60.08000183105469,60.84000015258789,59.9900016784668,60.790000915527344,43.248016357421875,29675500,0.0,0.0,0.0
2015-01-20,61.27000045776367,61.310001373291016,60.7599983215332,61.0,43.39741134643555,19318000,0.0,0.0,0.0
2015-01-21,60.97999954223633,61.5,60.88999938964844,61.47999954223633,43.73890686035156,26882500,0.0,0.0,0.0
2015-01-22,61.29999923706055,61.869998931884766,61.16999816894531,61.709999084472656,43.90253829956055,15610400,0.0,0.0,0.0
2015-01-23,61.599998474121094,61.77000045776367,61.34000015258789,61.36000061035156,43.65353775024414,19495700,0.0,0.0,0.0
2015-01-26,61.86000061035156,62.34000015258789,61.70000076293945,62.20000076293945,44.25114440917969,18463300,0.0,0.0,0.0
2015-01-27,62.06999969482422,62.41999816894531,61.93000030517578,62.290000915527344,44.31516647338867,20064300,0.0,0.0,0.0
2015-01-28,62.310001373291016,62.380001068115234,61.33000183105469,61.36000061035156,43.65353775024414,20033100,0.0,0.0,0.0
2015-01-29,61.88999938964844,62.25,61.66999816894531,62.20000076293945,44.25114440917969,31207900,0.0,0.0,0.0
2015-01-30,61.59000015258789,61.810001373291016,61.20000076293945,61.220001220703125,43.553932189941406,39271000,0.0,0.0,0.0
2015-02-02,61.630001068115234,62.099998474121094,61.459999084472656,61.959999084472656,44.08039093017578,24878700,0.0,0.0,0.0
2015-02-03,62.34000015258789,63.060001373291016,62.31999969482422,62.95000076293945,44.78470993041992,27679400,0.0,0.0,0.0
2015-02-04,62.619998931884766,62.95000076293945,62.380001068115234,62.43000030517578,44.414764404296875,17454200,0.0,0.0,0.0
2015-02-05,62.84000015258789,63.29999923706055,62.7599983215332,63.290000915527344,45.0265998840332,23933500,0.0,0.0,0.0
2015-02-06,62.689998626708984,62.900001525878906,62.31999969482422,62.5,44.464569091796875,18530100,0.0,0.0,0.0
2015-02-09,61.9900016784668,62.380001068115234,61.9900016784668,62.20000076293945,44.25114440917969,15940500,0.0,0.0,0.0
2015-02-10,62.59000015258789,62.81999969482422,62.310001373291016,62.77000045776367,44.65666198730469,14302500,0.0,0.0,0.0
2015-02-11,62.36000061035156,62.560001373291016,62.119998931884766,62.43000030517578,44.414764404296875,16405400,0.0,0.0,0.0
2015-02-12,62.86000061035156,63.40999984741211,62.86000061035156,63.400001525878906,45.10486602783203,16664700,0.0,0.0,0.0
2015-02-13,63.65999984741211,63.84000015258789,63.650001525878906,63.81999969482422,45.403656005859375,17919100,0.0,0.0,0.0
2015-02-17,63.70000076293945,64.0999984741211,63.540000915527344,63.970001220703125,45.510372161865234,13660300,0.0,0.0,0.0
2015-02-18,64.16000366210938,64.54000091552734,64.04000091552734,64.3499984741211,45.780723571777344,16777800,0.0,0.0,0.0
2015-02-19,64.3499984741211,64.66999816894531,64.30999755859375,64.43000030517578,45.837623596191406,17091000,0.0,0.0,0.0
2015-02-20,64.23999786376953,65.2699966430664,64.12999725341797,65.02999877929688,46.264488220214844,34658700,0.0,0.0,0.0
2015-02-23,64.68000030517578,64.91000366210938,64.62999725341797,64.80000305175781,46.10087203979492,13630900,0.0,0.0,0.0
2015-02-24,64.77999877929688,65.29000091552734,64.66000366210938,65.19999694824219,46.385433197021484,16373400,0.0,0.0,0.0
2015-02-25,65.0999984741211,65.33000183105469,65.0199966430664,65.25,46.42100524902344,10224800,0.0,0.0,0.0
2015-02-26,65.0999984741211,65.23999786376953,64.93000030517578,65.06999969482422,46.2929573059082,12791000,0.0,0.0,0.0
2015-02-27,65.12999725341797,65.3499984741211,65.02999877929688,65.0999984741211,46.314292907714844,22960900,0.0,0.0,0.0
2015-03-02,65.08000183105469,65.22000122070312,64.97000122070312,65.19999694824219,46.385433197021484,21297800,0.0,0.0,0.0
2015-03-03,64.95999908447266,65.05000305175781,64.62999725341797,64.80000305175781,46.10087203979492,12564400,0.0,0.0,0.0
2015-03-04,64.44000244140625,64.58999633789062,64.08000183105469,64.54000091552734,45.91588592529297,15625100,0.0,0.0,0.0
2015-03-05,64.73999786376953,64.88999938964844,64.56999969482422,64.69000244140625,46.02261734008789,15540900,0.0,0.0,0.0
2015-03-06,64.18000030517578,64.31999969482422,63.75,63.810001373291016,45.396549224853516,24040500,0.0,0.0,0.0
2015-03-09,63.779998779296875,63.9900016784668,63.709999084472656,63.90999984741211,45.467689514160156,11909000,0.0,0.0,0.0
2015-03-10,62.86000061035156,62.97999954223633,62.4900016784668,62.52000045776367,44.47879409790039,20980000,0.0,0.0,0.0
2015-03-11,62.630001068115234,62.81999969482422,62.38999938964844,62.68000030517578,44.592628479003906,20000400,0.0,0.0,0.0
2015-03-12,63.400001525878906,63.47999954223633,63.130001068115234,63.459999084472656,45.147544860839844,16362200,0.0,0.0,0.0
2015-03-13,62.95000076293945,63.13999938964844,62.689998626708984,63.09000015258789,44.884315490722656,16277200,0.0,0.0,0.0
2015-03-16,63.529998779296875,63.900001525878906,63.5,63.79999923706055,45.389434814453125,15828700,0.0,0.0,0.0
2015-03-17,63.47999954223633,63.72999954223633,63.29999923706055,63.63999938964844,45.27560043334961,16273300,0.0,0.0,0.0
2015-03-18,63.630001068115234,65.0999984741211,63.61000061035156,65.0,46.24314498901367,28290700,0.0,0.0,0.0
2015-03-19,64.23999786376953,64.41000366210938,64.06999969482422,64.23999786376953,45.70245361328125,20155100,0.0,0.0,0.0
2015-03-20,65.31999969482422,65.9000015258789,65.11000061035156,65.66000366210938,46.71269226074219,28789300,0.0,0.0,0.0
2015-03-23,65.87999725341797,66.12999725341797,65.72000122070312,65.98999786376953,46.94746017456055,13958700,0.0,0.0,0.0
2015-03-24,66.11000061035156,66.20999908447266,65.8499984741211,65.8499984741211,46.84785842895508,18037300,0.0,0.0,0.0
2015-03-25,66.08999633789062,66.19000244140625,65.5,65.54000091552734,46.62732696533203,17853700,0.0,0.0,0.0
2015-03-26,64.9800033569336,65.12000274658203,64.54000091552734,64.97000122070312,46.22180938720703,24344500,0.0,0.0,0.0
2015-03-27,64.9800033569336,65.20999908447266,64.81999969482422,65.13999938964844,46.34275436401367,16596700,0.0,0.0,0.0
2015-03-30,65.12999725341797,65.33000183105469,65.0999984741211,65.18000030517578,46.37120819091797,27480200,0.0,0.0,0.0
2015-03-31,64.13999938964844,64.54000091552734,64.06999969482422,64.16999816894531,45.65265655517578,27717200,0.0,0.0,0.0
2015-04-01,64.66000366210938,64.66000366210938,64.16999816894531,64.62999725341797,45.97991180419922,30907000,0.0,0.0,0.0
2015-04-02,65.01000213623047,65.23999786376953,64.93000030517578,65.19000244140625,46.378326416015625,15597200,0.0,0.0,0.0
2015-04-06,65.58999633789062,66.1500015258789,65.41000366210938,65.8499984741211,46.84785842895508,16304600,0.0,0.0,0.0
2015-04-07,65.94999694824219,66.23999786376953,65.7300033569336,65.76000213623047,46.783851623535156,13742900,0.0,0.0,0.0
2015-04-08,66.4000015258789,66.43000030517578,65.75,66.04000091552734,46.9830322265625,16148300,0.0,0.0,0.0
2015-04-09,66.0999984741211,66.13999938964844,65.80999755859375,66.12999725341797,47.047061920166016,17741100,0.0,0.0,0.0
2015-04-10,65.98999786376953,66.2699966430664,65.93000030517578,66.26000213623047,47.139564514160156,12665800,0.0,0.0,0.0
2015-04-13,65.95999908447266,66.12000274658203,65.72000122070312,65.83999633789062,46.840755462646484,15048700,0.0,0.0,0.0
2015-04-14,66.23999786376953,66.37000274658203,66.12999725341797,66.33000183105469,47.18935775756836,13929800,0.0,0.0,0.0
2015-04-15,66.51000213623047,66.73999786376953,66.22000122070312,66.62999725341797,47.40278244018555,13210600,0.0,0.0,0.0
2015-04-16,66.69999694824219,67.0,66.41000366210938,66.80999755859375,47.53084182739258,17461200,0.0,0.0,0.0
2015-04-17,65.94000244140625,66.04000091552734,65.69000244140625,65.97000122070312,46.93324661254883,18805200,0.0,0.0,0.0
2015-04-20,66.01000213623047,66.2300033569336,65.95999908447266,66.04000091552734,46.9830322265625,12557400,0.0,0.0,0.0
2015-04-21,66.62000274658203,66.79000091552734,66.48999786376953,66.62999725341797,47.40278244018555,10696800,0.0,0.0,0.0
2015-04-22,66.6500015258789,66.77999877929688,66.31999969482422,66.76000213623047,47.495277404785156,8776100,0.0,0.0,0.0
2015-04-23,66.38999938964844,67.11000061035156,66.3499984741211,67.01000213623047,47.673133850097656,12240700,0.0,0.0,0.0
2015-04-24,67.2699966430664,67.51000213623047,66.98999786376953,67.4000015258789,47.950592041015625,11090300,0.0,0.0,0.0
2015-04-27,67.7699966430664,68.05999755859375,67.66000366210938,67.7300033569336,48.18536376953125,18320600,0.0,0.0,0.0
2015-04-28,67.55999755859375,67.83000183105469,67.3499984741211,67.80999755859375,48.242271423339844,13769200,0.0,0.0,0.0
2015-04-29,67.30000305175781,67.5199966430664,66.95999908447266,67.22000122070312,47.82253646850586,19465500,0.0,0.0,0.0
2015-04-30,66.75,66.91999816894531,66.43000030517578,66.51000213623047,47.317413330078125,27726500,0.0,0.0,0.0
2015-05-01,66.86000061035156,67.4000015258789,66.6500015258789,67.25,47.843875885009766,28710200,0.0,0.0,0.0
2015-05-04,67.20999908447266,67.30000305175781,67.05000305175781,67.18000030517578,47.7940788269043,18863100,0.0,0.0,0.0
2015-05-05,66.9000015258789,66.91000366210938,66.08000183105469,66.18000030517578,47.082637786865234,21317400,0.0,0.0,0.0
2015-05-06,66.5999984741211,66.69999694824219,66.06999969482422,66.3499984741211,47.203582763671875,16573500,0.0,0.0,0.0
2015-05-07,66.05999755859375,66.22000122070312,65.8499984741211,66.12999725341797,47.047061920166016,17710600,0.0,0.0,0.0
2015-05-08,67.27999877929688,67.76000213623047,67.26000213623047,67.66000366210938,48.135562896728516,30634400,0.0,0.0,0.0
2015-05-11,67.16000366210938,67.37999725341797,67.04000091552734,67.06999969482422,47.71581268310547,14535400,0.0,0.0,0.0
2015-05-12,66.94999694824219,67.19999694824219,66.83000183105469,67.02999877929688,47.68736267089844,12054200,0.0,0.0,0.0
2015-05-13,67.72000122070312,67.9000015258789,67.43000030517578,67.52999877929688,48.0430793762207,14542800,0.0,0.0,0.0
2015-05-14,68.12999725341797,68.36000061035156,68.0,68.33999633789062,48.619327545166016,18271700,0.0,0.0,0.0
2015-05-15,68.11000061035156,68.4800033569336,67.9800033569336,68.41999816894531,48.676246643066406,14671800,0.0,0.0,0.0
2015-05-18,68.0999984741211,68.25,67.98999786376953,68.19000244140625,48.51261901855469,11873600,0.0,0.0,0.0
2015-05-19,67.91999816894531,68.08999633789062,67.83999633789062,67.93000030517578,48.32765579223633,11406600,0.0,0.0,0.0
2015-05-20,67.9000015258789,68.27999877929688,67.80000305175781,68.05999755859375,48.42013168334961,13862700,0.0,0.0,0.0
2015-05-21,68.16000366210938,68.5199966430664,68.11000061035156,68.41999816894531,48.676246643066406,11439500,0.0,0.0,0.0
2015-05-22,68.06999969482422,68.12999725341797,67.91999816894531,67.9800033569336,48.36323165893555,12172900,0.0,0.0,0.0
2015-05-26,67.36000061035156,67.38999938964844,66.62999725341797,66.76000213623047,47.495277404785156,20327400,0.0,0.0,0.0
2015-05-27,66.83999633789062,67.4800033569336,66.80999755859375,67.41000366210938,47.95770263671875,17786100,0.0,0.0,0.0
2015-05-28,67.05999755859375,67.36000061035156,66.76000213623047,67.29000091552734,47.8723258972168,12744700,0.0,0.0,0.0
2015-05-29,66.94999694824219,67.08000183105469,66.31999969482422,66.63999938964844,47.4099006652832,23778800,0.0,0.0,0.0
2015-06-01,66.80000305175781,66.8499984741211,66.19000244140625,66.45999908447266,47.28184509277344,19068900,0.0,0.0,0.0
2015-06-02,66.63999938964844,67.08999633789062,66.5199966430664,66.7699966430664,47.502384185791016,14239100,0.0,0.0,0.0
2015-06-03,67.02999877929688,67.4800033569336,67.02999877929688,67.13999938964844,47.7656135559082,21307800,0.0,0.0,0.0
2015-06-04,66.69999694824219,67.19000244140625,66.20999908447266,66.41999816894531,47.253395080566406,17187400,0.0,0.0,0.0
2015-06-05,65.47000122070312,65.87999725341797,65.23999786376953,65.62999725341797,46.69135284423828,14624100,0.0,0.0,0.0
2015-06-08,65.52999877929688,65.5999984741211,65.29000091552734,65.54000091552734,46.62732696533203,14677000,0.0,0.0,0.0
2015-06-09,65.19999694824219,65.36000061035156,64.87000274658203,65.18000030517578,46.37120819091797,13114600,0.0,0.0,0.0
2015-06-10,66.1500015258789,66.7300033569336,66.06999969482422,66.55000305175781,47.345882415771484,17291600,0.0,0.0,0.0
2015-06-11,66.80999755859375,66.94999694824219,66.43000030517578,66.7300033569336,47.47391891479492,20555100,0.0,0.0,0.0
2015-06-12,66.04000091552734,66.45999908447266,65.81999969482422,66.19999694824219,47.09687042236328,15305800,0.0,0.0,0.0
2015-06-15,65.38999938964844,65.8499984741211,65.33999633789062,65.80000305175781,46.81229019165039,15121100,0.0,0.0,0.0
2015-06-16,65.47000122070312,65.83999633789062,65.36000061035156,65.77999877929688,46.798065185546875,11991200,0.0,0.0,0.0
2015-06-17,65.54000091552734,65.79000091552734,64.98999786376953,65.62999725341797,46.69135284423828,17100700,0.0,0.0,0.0
2015-06-18,65.83000183105469,66.77999877929688,65.77999877929688,66.22000122070312,47.11109924316406,24587300,0.0,0.0,0.0
2015-06-19,66.16000366210938,66.26000213623047,66.0199966430664,66.05999755859375,46.99726867675781,15281900,0.0,0.0,0.0
2015-06-22,67.33000183105469,67.72000122070312,67.19000244140625,67.30999755859375,47.886558532714844,28716900,0.0,0.0,0.0
2015-06-23,67.41999816894531,67.5999984741211,67.4000015258789,67.48999786376953,48.01461410522461,13661300,0.0,0.0,0.0
2015-06-24,67.12999725341797,67.30000305175781,66.87000274658203,66.91000366210938,47.601985931396484,21326500,0.0,0.0,0.0
2015-06-25,66.06999969482422,66.06999969482422,65.72000122070312,65.7699966430664,47.580997467041016,16402800,1.111,0.0,0.0
2015-06-26,65.87000274658203,66.02999877929688,65.58000183105469,65.73999786376953,47.559303283691406,19240800,0.0,0.0,0.0
2015-06-29,64.43000030517578,64.66999816894531,63.56999969482422,63.720001220703125,46.09794235229492,33747100,0.0,0.0,0.0
2015-06-30,64.37000274658203,64.37999725341797,63.2599983215332,63.4900016784668,45.93156051635742,32195400,0.0,0.0,0.0
2015-07-01,64.2300033569336,64.31999969482422,63.650001525878906,63.900001525878906,46.228172302246094,31824800,0.0,0.0,0.0
2015-07-02,64.08000183105469,64.11000061035156,63.81999969482422,63.97999954223633,46.286033630371094,20988500,0.0,0.0,0.0
2015-07-06,62.63999938964844,63.2400016784668,62.4900016784668,62.689998626708984,45.3527946472168,21103800,0.0,0.0,0.0
2015-07-07,62.25,62.81999969482422,61.43000030517578,62.709999084472656,45.36725997924805,36633400,0.0,0.0,0.0
2015-07-08,61.720001220703125,61.7599983215332,61.119998931884766,61.25,44.311038970947266,32728200,0.0,0.0,0.0
2015-07-09,62.650001525878906,62.720001220703125,62.130001068115234,62.2599983215332,45.041709899902344,19963400,0.0,0.0,0.0
2015-07-10,64.18000030517578,64.38999938964844,63.86000061035156,64.30000305175781,46.517547607421875,28190400,0.0,0.0,0.0
2015-07-13,64.51000213623047,64.66999816894531,64.44000244140625,64.54000091552734,46.691162109375,14287600,0.0,0.0,0.0
2015-07-14,64.79000091552734,65.16000366210938,64.69999694824219,65.08000183105469,47.081825256347656,19816200,0.0,0.0,0.0
2015-07-15,64.91999816894531,65.06999969482422,64.66999816894531,64.83999633789062,46.90818405151367,14709600,0.0,0.0,0.0
2015-07-16,65.44999694824219,65.55999755859375,65.33999633789062,65.4000015258789,47.31333541870117,20763400,0.0,0.0,0.0
2015-07-17,65.37000274658203,65.37000274658203,65.20999908447266,65.29000091552734,47.23375701904297,14773600,0.0,0.0,0.0
2015-07-20,65.48999786376953,65.61000061035156,65.30999755859375,65.45999908447266,47.35673904418945,8767800,0.0,0.0,0.0
2015-07-21,65.23999786376953,65.37000274658203,65.13999938964844,65.2699966430664,47.21928024291992,14081800,0.0,0.0,0.0
2015-07-22,64.58999633789062,64.80999755859375,64.58999633789062,64.7699966430664,46.85756301879883,10181700,0.0,0.0,0.0
2015-07-23,64.87999725341797,64.9000015258789,64.48999786376953,64.5999984741211,46.73457717895508,10900900,0.0,0.0,0.0
2015-07-24,64.44999694824219,64.47000122070312,63.81999969482422,63.88999938964844,46.22092056274414,13709400,0.0,0.0,0.0
2015-07-27,63.7400016784668,63.75,63.31999969482422,63.41999816894531,45.880897521972656,19026100,0.0,0.0,0.0
2015-07-28,63.869998931884766,64.25,63.56999969482422,64.22000122070312,46.45966720581055,14788100,0.0,0.0,0.0
2015-07-29,64.16999816894531,64.66000366210938,64.12999725341797,64.44999694824219,46.62605285644531,15938900,0.0,0.0,0.0
2015-07-30,64.20999908447266,64.41000366210938,63.91999816894531,64.4000015258789,46.58988952636719,17496700,0.0,0.0,0.0
2015-07-31,64.9800033569336,65.0199966430664,64.58999633789062,64.77999877929688,46.864803314208984,20646900,0.0,0.0,0.0
2015-08-03,64.8499984741211,64.87999725341797,64.41000366210938,64.61000061035156,46.74181365966797,25131600,0.0,0.0,0.0
2015-08-04,64.75,64.86000061035156,64.51000213623047,64.66000366210938,46.777984619140625,13359000,0.0,0.0,0.0
2015-08-05,65.0199966430664,65.19000244140625,64.91999816894531,65.0,47.02395248413086,13602700,0.0,0.0,0.0
2015-08-06,64.87999725341797,64.95999908447266,64.54000091552734,64.7300033569336,46.8286247253418,12451300,0.0,0.0,0.0
2015-08-07,64.38999938964844,64.6500015258789,64.30999755859375,64.61000061035156,46.74181365966797,14351200,0.0,0.0,0.0
2015-08-10,64.77999877929688,65.43000030517578,64.7699966430664,65.4000015258789,47.31333541870117,13702900,0.0,0.0,0.0
2015-08-11,64.5,64.58000183105469,64.12999725341797,64.4000015258789,46.58988952636719,15705800,0.0,0.0,0.0
2015-08-12,63.52000045776367,63.939998626708984,63.150001525878906,63.939998626708984,46.25709915161133,27756600,0.0,0.0,0.0
2015-08-13,63.83000183105469,64.0199966430664,63.650001525878906,63.900001525878906,46.228172302246094,12709600,0.0,0.0,0.0
2015-08-14,63.68000030517578,64.02999877929688,63.619998931884766,64.0,46.30051040649414,16930100,0.0,0.0,0.0
2015-08-17,63.459999084472656,63.88999938964844,63.349998474121094,63.880001068115234,46.21369552612305,8885600,0.0,0.0,0.0
2015-08-18,63.470001220703125,63.599998474121094,63.279998779296875,63.400001525878906,45.86644744873047,10943800,0.0,0.0,0.0
2015-08-19,62.900001525878906,63.130001068115234,62.47999954223633,62.84000015258789,45.46131896972656,16573300,0.0,0.0,0.0
2015-08-20,62.119998931884766,62.220001220703125,61.29999923706055,61.31999969482422,44.361663818359375,32339100,0.0,0.0,0.0
2015-08-21,61.13999938964844,61.29999923706055,59.7599983215332,59.91999816894531,43.34885025024414,47017700,0.0,0.0,0.0
2015-08-24,57.349998474121094,59.119998931884766,56.5099983215332,57.849998474121094,41.85131072998047,62952900,0.0,0.0,0.0
2015-08-25,60.380001068115234,60.38999938964844,58.29999923706055,58.400001525878906,42.24922561645508,50627000,0.0,0.0,0.0
2015-08-26,59.68000030517578,59.810001373291016,58.380001068115234,59.779998779296875,43.24756622314453,49202900,0.0,0.0,0.0
2015-08-27,60.06999969482422,60.70000076293945,59.970001220703125,60.5099983215332,43.77568054199219,39984000,0.0,0.0,0.0
2015-08-28,60.11000061035156,60.540000915527344,60.06999969482422,60.41999816894531,43.710575103759766,24230800,0.0,0.0,0.0
2015-08-31,60.040000915527344,60.27000045776367,59.7599983215332,59.970001220703125,43.38502502441406,35806800,0.0,0.0,0.0
2015-09-01,58.25,58.56999969482422,57.77000045776367,57.959999084472656,41.93089294433594,42250400,0.0,0.0,0.0
2015-09-02,58.93000030517578,58.939998626708984,58.20000076293945,58.81999969482422,42.55305862426758,23372700,0.0,0.0,0.0
2015-09-03,59.02000045776367,59.40999984741211,58.81999969482422,58.959999084472656,42.65434646606445,23500600,0.0,0.0,0.0
2015-09-04,57.709999084472656,57.939998626708984,57.34000015258789,57.61000061035156,41.67768859863281,25772900,0.0,0.0,0.0
2015-09-08,59.04999923706055,59.33000183105469,58.86000061035156,59.29999923706055,42.90031814575195,21504500,0.0,0.0,0.0
2015-09-09,60.22999954223633,60.25,59.0,59.060001373291016,42.7266845703125,29179700,0.0,0.0,0.0
2015-09-10,59.11000061035156,59.689998626708984,59.0,59.45000076293945,43.00883102416992,20800900,0.0,0.0,0.0
2015-09-11,59.02000045776367,59.439998626708984,58.90999984741211,59.439998626708984,43.0015869140625,12954100,0.0,0.0,0.0
2015-09-14,58.93000030517578,59.029998779296875,58.720001220703125,58.9900016784668,42.676055908203125,12187400,0.0,0.0,0.0
2015-09-15,58.880001068115234,59.439998626708984,58.790000915527344,59.38999938964844,42.96542739868164,18168800,0.0,0.0,0.0
2015-09-16,59.900001525878906,60.31999969482422,59.810001373291016,60.29999923706055,43.623756408691406,28218500,0.0,0.0,0.0
2015-09-17,59.939998626708984,61.02000045776367,59.91999816894531,60.33000183105469,43.64546203613281,24074700,0.0,0.0,0.0
2015-09-18,59.189998626708984,59.47999954223633,58.790000915527344,58.81999969482422,42.55305862426758,36952900,0.0,0.0,0.0
2015-09-21,59.0,59.11000061035156,58.540000915527344,58.790000915527344,42.53135299682617,17896300,0.0,0.0,0.0
2015-09-22,57.40999984741211,57.56999969482422,56.97999954223633,57.38999938964844,41.51852798461914,29234800,0.0,0.0,0.0
2015-09-23,57.470001220703125,57.52000045776367,56.900001525878906,57.119998931884766,41.32320785522461,17145200,0.0,0.0,0.0
2015-09-24,56.63999938964844,57.09000015258789,56.29999923706055,56.959999084472656,41.207454681396484,22895100,0.0,0.0,0.0
2015-09-25,57.81999969482422,57.939998626708984,57.220001220703125,57.459999084472656,41.56917190551758,21771400,0.0,0.0,0.0
2015-09-28,57.02000045776367,57.060001373291016,56.2400016784668,56.33000183105469,40.751686096191406,18785000,0.0,0.0,0.0
2015-09-29,56.130001068115234,56.36000061035156,55.880001068115234,56.25,40.693817138671875,20216400,0.0,0.0,0.0
2015-09-30,57.150001525878906,57.369998931884766,56.7400016784668,57.31999969482422,41.467899322509766,37769800,0.0,0.0,0.0
2015-10-01,57.66999816894531,57.779998779296875,56.9900016784668,57.5,41.59811019897461,20445200,0.0,0.0,0.0
2015-10-02,57.25,58.4900016784668,57.119998931884766,58.47999954223633,42.30708694458008,20793800,0.0,0.0,0.0
2015-10-05,59.220001220703125,59.66999816894531,59.220001220703125,59.63999938964844,43.14628601074219,27746500,0.0,0.0,0.0
2015-10-06,59.63999938964844,59.95000076293945,59.56999969482422,59.709999084472656,43.196929931640625,18133100,0.0,0.0,0.0
2015-10-07,60.369998931884766,60.619998931884766,59.959999084472656,60.459999084472656,43.739505767822266,20499100,0.0,0.0,0.0
2015-10-08,60.060001373291016,60.939998626708984,60.060001373291016,60.939998626708984,44.08675765991211,16875500,0.0,0.0,0.0
2015-10-09,61.04999923706055,61.189998626708984,60.849998474121094,61.04999923706055,44.16634750366211,16867900,0.0,0.0,0.0
2015-10-12,60.93000030517578,61.02000045776367,60.79999923706055,60.93000030517578,44.079532623291016,9238000,0.0,0.0,0.0
2015-10-13,60.119998931884766,60.630001068115234,60.099998474121094,60.15999984741211,43.52248001098633,19519200,0.0,0.0,0.0
2015-10-14,60.31999969482422,60.5099983215332,60.099998474121094,60.279998779296875,43.609283447265625,20762200,0.0,0.0,0.0
2015-10-15,60.7599983215332,61.34000015258789,60.70000076293945,61.310001373291016,44.35443878173828,21855600,0.0,0.0,0.0
2015-10-16,61.220001220703125,61.31999969482422,61.0099983215332,61.2599983215332,44.318275451660156,23372400,0.0,0.0,0.0
2015-10-19,61.0,61.060001373291016,60.810001373291016,61.04999923706055,44.16634750366211,11784700,0.0,0.0,0.0
2015-10-20,60.779998779296875,60.959999084472656,60.720001220703125,60.79999923706055,43.98548126220703,12930000,0.0,0.0,0.0
2015-10-21,61.16999816894531,61.20000076293945,60.72999954223633,60.77000045776367,43.96377944946289,12731700,0.0,0.0,0.0
2015-10-22,61.11000061035156,61.70000076293945,61.09000015258789,61.45000076293945,44.45572280883789,28347500,0.0,0.0,0.0
2015-10-23,61.9900016784668,62.189998626708984,61.79999923706055,62.060001373291016,44.89702606201172,16648500,0.0,0.0,0.0
2015-10-26,61.970001220703125,61.9900016784668,61.779998779296875,61.83000183105469,44.73063278198242,14032900,0.0,0.0,0.0
2015-10-27,61.369998931884766,61.47999954223633,61.20000076293945,61.290000915527344,44.3399658203125,14566400,0.0,0.0,0.0
2015-10-28,61.540000915527344,62.029998779296875,61.119998931884766,61.689998626708984,44.62934875488281,17326300,0.0,0.0,0.0
2015-10-29,60.959999084472656,61.290000915527344,60.959999084472656,61.2400016784668,44.30380630493164,12843000,0.0,0.0,0.0
2015-10-30,61.2599983215332,61.52000045776367,61.08000183105469,61.11000061035156,44.20975875854492,19115300,0.0,0.0,0.0
2015-11-02,61.439998626708984,61.689998626708984,61.369998931884766,61.689998626708984,44.62934875488281,14749700,0.0,0.0,0.0
2015-11-03,61.290000915527344,61.81999969482422,61.209999084472656,61.66999816894531,44.61488342285156,14282900,0.0,0.0,0.0
2015-11-04,61.720001220703125,61.75,61.150001525878906,61.33000183105469,44.36891174316406,21019300,0.0,0.0,0.0
2015-11-05,61.45000076293945,61.529998779296875,61.06999969482422,61.220001220703125,44.289329528808594,21648100,0.0,0.0,0.0
2015-11-06,60.84000015258789,61.0,60.540000915527344,60.939998626708984,44.08675765991211,17523200,0.0,0.0,0.0
2015-11-09,60.560001373291016,60.630001068115234,60.06999969482422,60.310001373291016,43.63100051879883,23887600,0.0,0.0,0.0
2015-11-10,60.029998779296875,60.290000915527344,59.93000030517578,60.27000045776367,43.602054595947266,14471900,0.0,0.0,0.0
2015-11-11,60.79999923706055,60.84000015258789,60.47999954223633,60.58000183105469,43.82632064819336,14220000,0.0,0.0,0.0
2015-11-12,60.060001373291016,60.290000915527344,59.790000915527344,59.790000915527344,43.25481033325195,31911300,0.0,0.0,0.0
2015-11-13,59.5,59.59000015258789,59.189998626708984,59.290000915527344,42.89308547973633,26248400,0.0,0.0,0.0
2015-11-16,59.34000015258789,60.04999923706055,59.31999969482422,60.040000915527344,43.4356575012207,16939200,0.0,0.0,0.0
2015-11-17,60.29999923706055,60.52000045776367,60.09000015258789,60.20000076293945,43.551422119140625,22458600,0.0,0.0,0.0
2015-11-18,60.38999938964844,60.83000183105469,60.27000045776367,60.75,43.949310302734375,15481000,0.0,0.0,0.0
2015-11-19,61.11000061035156,61.29999923706055,61.02000045776367,61.060001373291016,44.173580169677734,19981100,0.0,0.0,0.0
2015-11-20,61.2400016784668,61.349998474121094,60.880001068115234,60.91999816894531,44.072296142578125,18499800,0.0,0.0,0.0
2015-11-23,60.7599983215332,60.900001525878906,60.41999816894531,60.540000915527344,43.79738998413086,19432800,0.0,0.0,0.0
2015-11-24,60.099998474121094,60.63999938964844,60.060001373291016,60.54999923706055,43.80461883544922,21727000,0.0,0.0,0.0
2015-11-25,60.63999938964844,60.81999969482422,60.47999954223633,60.689998626708984,43.90589141845703,13351700,0.0,0.0,0.0
2015-11-27,60.7599983215332,60.79999923706055,60.650001525878906,60.70000076293945,43.91313552856445,6400400,0.0,0.0,0.0
2015-11-30,60.790000915527344,60.81999969482422,60.59000015258789,60.650001525878906,43.87697219848633,23366700,0.0,0.0,0.0
2015-12-01,61.13999938964844,61.33000183105469,60.97999954223633,61.290000915527344,44.3399658203125,34990700,0.0,0.0,0.0
2015-12-02,61.0099983215332,61.16999816894531,60.560001373291016,60.63999938964844,43.8697395324707,21426000,0.0,0.0,0.0
2015-12-03,60.95000076293945,60.97999954223633,60.099998474121094,60.349998474121094,43.65992736816406,26897100,0.0,0.0,0.0
2015-12-04,60.13999938964844,60.90999984741211,60.11000061035156,60.84000015258789,44.014427185058594,23382100,0.0,0.0,0.0
2015-12-07,60.560001373291016,60.59000015258789,60.22999954223633,60.45000076293945,43.73227310180664,29861700,0.0,0.0,0.0
2015-12-08,59.41999816894531,59.68000030517578,59.2400016784668,59.560001373291016,43.08840560913086,26323000,0.0,0.0,0.0
2015-12-09,59.56999969482422,60.02000045776367,58.9900016784668,59.290000915527344,42.89308547973633,26646700,0.0,0.0,0.0
2015-12-10,59.560001373291016,59.630001068115234,59.220001220703125,59.29999923706055,42.90031814575195,20267800,0.0,0.0,0.0
2015-12-11,58.5,58.59000015258789,58.09000015258789,58.16999816894531,42.08281707763672,29945000,0.0,0.0,0.0
2015-12-14,58.41999816894531,58.5,57.650001525878906,58.2599983215332,42.14793014526367,32246600,0.0,0.0,0.0
2015-12-15,58.619998931884766,58.81999969482422,58.41999816894531,58.54999923706055,42.357730865478516,37876700,0.0,0.0,0.0
2015-12-16,59.220001220703125,59.84000015258789,58.95000076293945,59.72999954223633,43.21139907836914,45167400,0.0,0.0,0.0
2015-12-17,59.65999984741211,59.66999816894531,58.959999084472656,58.970001220703125,42.66157913208008,40456800,0.0,0.0,0.0
2015-12-18,58.689998626708984,58.77000045776367,58.34000015258789,58.349998474121094,42.213043212890625,41659100,0.0,0.0,0.0
2015-12-21,58.5,58.560001373291016,57.84000015258789,58.11000061035156,42.408626556396484,28869600,0.508,0.0,0.0
2015-12-22,58.290000915527344,58.630001068115234,58.09000015258789,58.54999923706055,42.72974395751953,29319500,0.0,0.0,0.0
2015-12-23,59.099998474121094,59.560001373291016,59.06999969482422,59.529998779296875,43.44492721557617,29782200,0.0,0.0,0.0
2015-12-24,59.279998779296875,59.59000015258789,59.279998779296875,59.43000030517578,43.37196350097656,10950500,0.0,0.0,0.0
2015-12-28,59.29999923706055,59.33000183105469,59.099998474121094,59.290000915527344,43.26979064941406,28946900,0.0,0.0,0.0
2015-12-29,59.72999954223633,60.029998779296875,59.709999084472656,59.880001068115234,43.700374603271484,30796100,0.0,0.0,0.0
2015-12-30,59.650001525878906,59.7400016784668,59.47999954223633,59.52000045776367,43.43764114379883,18855500,0.0,0.0,0.0
2015-12-31,59.130001068115234,59.20000076293945,58.720001220703125,58.720001220703125,42.85380554199219,31818900,0.0,0.0,0.0
2016-01-04,57.81999969482422,57.849998474121094,57.150001525878906,57.81999969482422,42.196990966796875,34260200,0.0,0.0,0.0
2016-01-05,57.709999084472656,57.79999923706055,57.33000183105469,57.72999954223633,42.13130569458008,23891500,0.0,0.0,0.0
2016-01-06,56.529998779296875,56.91999816894531,56.45000076293945,56.779998779296875,41.437992095947266,22412600,0.0,0.0,0.0
2016-01-07,55.720001220703125,56.20000076293945,55.529998779296875,55.599998474121094,40.576839447021484,37579400,0.0,0.0,0.0
2016-01-08,55.93000030517578,55.9900016784668,54.84000015258789,54.93000030517578,40.08786392211914,31301100,0.0,0.0,0.0
2016-01-11,55.560001373291016,55.58000183105469,54.66999816894531,55.15999984741211,40.25571823120117,33017900,0.0,0.0,0.0
2016-01-12,55.630001068115234,55.709999084472656,54.95000076293945,55.41999816894531,40.445465087890625,29930200,0.0,0.0,0.0
2016-01-13,55.79999923706055,55.900001525878906,54.40999984741211,54.560001373291016,39.817840576171875,33481800,0.0,0.0,0.0
2016-01-14,54.77000045776367,55.5,54.36000061035156,55.2599983215332,40.32870101928711,35140200,0.0,0.0,0.0
2016-01-15,53.459999084472656,53.849998474121094,53.02000045776367,53.2599983215332,38.86909866333008,60554300,0.0,0.0,0.0
2016-01-19,54.189998626708984,54.220001220703125,53.369998931884766,53.75,39.22670364379883,35709800,0.0,0.0,0.0
2016-01-20,52.65999984741211,52.86000061035156,51.52000045776367,52.529998779296875,38.33633804321289,47944200,0.0,0.0,0.0
2016-01-21,52.31999969482422,53.22999954223633,51.93000030517578,52.91999816894531,38.620967864990234,48974700,0.0,0.0,0.0
2016-01-22,54.20000076293945,54.540000915527344,54.08000183105469,54.47999954223633,39.75944900512695,44855900,0.0,0.0,0.0
2016-01-25,54.060001373291016,54.279998779296875,53.709999084472656,53.75,39.22670364379883,36799400,0.0,0.0,0.0
2016-01-26,54.04999923706055,54.7400016784668,53.97999954223633,54.709999084472656,39.92731475830078,26789300,0.0,0.0,0.0
2016-01-27,54.599998474121094,55.15999984741211,54.150001525878906,54.36000061035156,39.6718864440918,32829200,0.0,0.0,0.0
2016-01-28,54.86000061035156,54.93000030517578,54.04999923706055,54.52000045776367,39.78864669799805,31267000,0.0,0.0,0.0
2016-01-29,54.75,55.52000045776367,54.70000076293945,55.47999954223633,40.4892578125,37109700,0.0,0.0,0.0
2016-02-01,55.02000045776367,55.58000183105469,54.83000183105469,55.41999816894531,40.445465087890625,31082700,0.0,0.0,0.0
2016-02-02,54.630001068115234,54.630001068115234,53.939998626708984,54.130001068115234,39.504024505615234,29809100,0.0,0.0,0.0
2016-02-03,54.41999816894531,54.59000015258789,53.41999816894531,54.58000183105469,39.83244323730469,36337300,0.0,0.0,0.0
2016-02-04,54.22999954223633,54.84000015258789,54.130001068115234,54.650001525878906,39.88352584838867,28236200,0.0,0.0,0.0
2016-02-05,54.40999984741211,54.47999954223633,53.58000183105469,53.810001373291016,39.27050018310547,31548100,0.0,0.0,0.0
2016-02-08,52.939998626708984,52.959999084472656,52.31999969482422,52.810001373291016,38.54069137573242,37822400,0.0,0.0,0.0
2016-02-09,51.66999816894531,52.43000030517578,51.630001068115234,52.20000076293945,38.095516204833984,34142700,0.0,0.0,0.0
2016-02-10,52.380001068115234,52.779998779296875,52.04999923706055,52.13999938964844,38.051719665527344,32088400,0.0,0.0,0.0
2016-02-11,51.43000030517578,51.650001525878906,50.939998626708984,51.380001068115234,37.4970817565918,41750200,0.0,0.0,0.0
2016-02-12,51.529998779296875,52.290000915527344,51.310001373291016,52.279998779296875,38.153900146484375,38730500,0.0,0.0,0.0
2016-02-16,53.20000076293945,53.369998931884766,52.77000045776367,53.34000015258789,38.927486419677734,31605800,0.0,0.0,0.0
2016-02-17,53.790000915527344,54.33000183105469,53.7599983215332,54.2599983215332,39.598899841308594,25594700,0.0,0.0,0.0
2016-02-18,54.4900016784668,54.4900016784668,53.939998626708984,53.97999954223633,39.39455795288086,32694100,0.0,0.0,0.0
2016-02-19,53.56999969482422,53.970001220703125,53.400001525878906,53.91999816894531,39.35078048706055,26685400,0.0,0.0,0.0
2016-02-22,54.31999969482422,54.58000183105469,54.29999923706055,54.529998779296875,39.79594802856445,19217000,0.0,0.0,0.0
2016-02-23,54.18000030517578,54.220001220703125,53.54999923706055,53.63999938964844,39.146427154541016,19709000,0.0,0.0,0.0
2016-02-24,52.75,53.529998779296875,52.4900016784668,53.45000076293945,39.00776290893555,26718800,0.0,0.0,0.0
2016-02-25,53.75,54.099998474121094,53.5,54.09000015258789,39.474830627441406,25167000,0.0,0.0,0.0
2016-02-26,54.369998931884766,54.400001525878906,53.849998474121094,53.95000076293945,39.37266159057617,19604500,0.0,0.0,0.0
2016-02-29,53.84000015258789,54.130001068115234,53.599998474121094,53.630001068115234,39.139129638671875,30315200,0.0,0.0,0.0
2016-03-01,54.40999984741211,55.06999969482422,54.279998779296875,55.029998779296875,40.16084289550781,24585800,0.0,0.0,0.0
2016-03-02,55.0,55.45000076293945,54.880001068115234,55.40999984741211,40.43817138671875,22549400,0.0,0.0,0.0
2016-03-03,55.560001373291016,55.97999954223633,55.5099983215332,55.95000076293945,40.83226013183594,21109600,0.0,0.0,0.0
2016-03-04,56.34000015258789,56.65999984741211,56.209999084472656,56.36000061035156,41.131473541259766,22752200,0.0,0.0,0.0
2016-03-07,55.779998779296875,56.47999954223633,55.7400016784668,56.290000915527344,41.08039093017578,24047500,0.0,0.0,0.0
2016-03-08,56.04999923706055,56.04999923706055,55.66999816894531,55.7400016784668,40.67900085449219,16893200,0.0,0.0,0.0
2016-03-09,55.9900016784668,56.11000061035156,55.810001373291016,55.95000076293945,40.83226013183594,15467400,0.0,0.0,0.0
2016-03-10,56.400001525878906,56.7599983215332,55.41999816894531,55.86000061035156,40.76658248901367,28133500,0.0,0.0,0.0
2016-03-11,56.869998931884766,57.349998474121094,56.81999969482422,57.31999969482422,41.83209228515625,24374600,0.0,0.0,0.0
2016-03-14,57.2400016784668,57.349998474121094,57.06999969482422,57.20000076293945,41.7445182800293,15953300,0.0,0.0,0.0
2016-03-15,56.61000061035156,56.66999816894531,56.45000076293945,56.65999984741211,41.35041427612305,19646300,0.0,0.0,0.0
2016-03-16,56.22999954223633,57.209999084472656,56.22999954223633,57.15999984741211,41.7153205871582,25413000,0.0,0.0,0.0
2016-03-17,57.189998626708984,57.709999084472656,57.0,57.599998474121094,42.03643035888672,17906600,0.0,0.0,0.0
2016-03-18,57.5099983215332,57.689998626708984,57.41999816894531,57.5,41.96345138549805,30733400,0.0,0.0,0.0
2016-03-21,57.36000061035156,57.540000915527344,57.22999954223633,57.40999984741211,41.89776611328125,17625800,0.0,0.0,0.0
2016-03-22,56.95000076293945,57.400001525878906,56.900001525878906,57.310001373291016,41.824790954589844,15926700,0.0,0.0,0.0
2016-03-23,57.15999984741211,57.18000030517578,56.650001525878906,56.72999954223633,41.40150451660156,18291400,0.0,0.0,0.0
2016-03-24,56.02000045776367,56.349998474121094,55.95000076293945,56.349998474121094,41.12417984008789,18326500,0.0,0.0,0.0
2016-03-28,56.7400016784668,56.779998779296875,56.54999923706055,56.689998626708984,41.372310638427734,18491100,0.0,0.0,0.0
2016-03-29,56.41999816894531,57.33000183105469,56.279998779296875,57.29999923706055,41.81748962402344,22376800,0.0,0.0,0.0
2016-03-30,57.790000915527344,58.060001373291016,57.63999938964844,57.72999954223633,42.13130569458008,18999500,0.0,0.0,0.0
2016-03-31,57.459999084472656,57.59000015258789,57.130001068115234,57.15999984741211,41.7153205871582,37335100,0.0,0.0,0.0
2016-04-01,55.9900016784668,56.619998931884766,55.93000030517578,56.54999923706055,41.270137786865234,30396100,0.0,0.0,0.0
2016-04-04,56.70000076293945,56.77000045776367,56.36000061035156,56.43000030517578,41.18256759643555,16977200,0.0,0.0,0.0
2016-04-05,55.41999816894531,55.5,55.2400016784668,55.31999969482422,40.37248992919922,20199600,0.0,0.0,0.0
2016-04-06,55.5099983215332,56.2599983215332,55.41999816894531,56.220001220703125,41.02931213378906,20465500,0.0,0.0,0.0
2016-04-07,55.7599983215332,55.91999816894531,55.27000045776367,55.400001525878906,40.430870056152344,19855600,0.0,0.0,0.0
2016-04-08,56.5099983215332,56.65999984741211,56.31999969482422,56.459999084472656,41.204463958740234,18462800,0.0,0.0,0.0
2016-04-11,56.83000183105469,57.06999969482422,56.47999954223633,56.4900016784668,41.226348876953125,15640400,0.0,0.0,0.0
2016-04-12,56.939998626708984,57.439998626708984,56.61000061035156,57.33000183105469,41.839385986328125,25164700,0.0,0.0,0.0
2016-04-13,58.13999938964844,58.36000061035156,58.0099983215332,58.2400016784668,42.50349807739258,25583900,0.0,0.0,0.0
2016-04-14,58.540000915527344,58.650001525878906,58.33000183105469,58.43000030517578,42.64215850830078,26844400,0.0,0.0,0.0
2016-04-15,58.38999938964844,58.5,58.290000915527344,58.29999923706055,42.54729080200195,17558000,0.0,0.0,0.0
2016-04-18,58.220001220703125,58.86000061035156,58.16999816894531,58.79999923706055,42.91218566894531,20200400,0.0,0.0,0.0
2016-04-19,59.689998626708984,59.939998626708984,59.599998474121094,59.81999969482422,43.65658187866211,24251400,0.0,0.0,0.0
2016-04-20,59.790000915527344,60.15999984741211,59.70000076293945,59.869998931884766,43.69306945800781,14402600,0.0,0.0,0.0
2016-04-21,59.779998779296875,59.83000183105469,59.40999984741211,59.5099983215332,43.43035125732422,19135100,0.0,0.0,0.0
2016-04-22,59.45000076293945,59.63999938964844,59.290000915527344,59.540000915527344,43.452247619628906,17262700,0.0,0.0,0.0
2016-04-25,59.2400016784668,59.290000915527344,59.02000045776367,59.2400016784668,43.23329544067383,13518400,0.0,0.0,0.0
2016-04-26,59.470001220703125,59.560001373291016,59.2599983215332,59.45000076293945,43.386558532714844,15657800,0.0,0.0,0.0
2016-04-27,59.27000045776367,59.61000061035156,59.18000030517578,59.4900016784668,43.41575241088867,13054700,0.0,0.0,0.0
2016-04-28,58.779998779296875,59.2599983215332,58.54999923706055,58.68000030517578,42.824615478515625,25204500,0.0,0.0,0.0
2016-04-29,58.720001220703125,58.810001373291016,58.220001220703125,58.43000030517578,42.64215850830078,27642900,0.0,0.0,0.0
2016-05-02,58.900001525878906,59.06999969482422,58.720001220703125,58.97999954223633,43.04355239868164,25207300,0.0,0.0,0.0
2016-05-03,58.400001525878906,58.40999984741211,57.93000030517578,58.0099983215332,42.335655212402344,25287100,0.0,0.0,0.0
2016-05-04,57.52000045776367,57.61000061035156,57.16999816894531,57.34000015258789,41.846683502197266,20213100,0.0,0.0,0.0
2016-05-05,57.29999923706055,57.45000076293945,57.040000915527344,57.220001220703125,41.759098052978516,21552600,0.0,0.0,0.0
2016-05-06,56.970001220703125,57.40999984741211,56.91999816894531,57.380001068115234,41.875877380371094,21498200,0.0,0.0,0.0
2016-05-09,57.52000045776367,57.630001068115234,57.22999954223633,57.2599983215332,41.78830337524414,17842700,0.0,0.0,0.0
2016-05-10,57.689998626708984,58.08000183105469,57.63999938964844,58.08000183105469,42.38673400878906,21333600,0.0,0.0,0.0
2016-05-11,57.70000076293945,57.93000030517578,57.58000183105469,57.58000183105469,42.0218391418457,20180500,0.0,0.0,0.0
2016-05-12,58.06999969482422,58.09000015258789,57.310001373291016,57.560001373291016,42.00724411010742,17642000,0.0,0.0,0.0
2016-05-13,57.11000061035156,57.36000061035156,56.810001373291016,56.970001220703125,41.57666015625,19052400,0.0,0.0,0.0
2016-05-16,57.15999984741211,57.68000030517578,57.130001068115234,57.650001525878906,42.07292175292969,24500500,0.0,0.0,0.0
2016-05-17,57.54999923706055,57.7400016784668,57.16999816894531,57.22999954223633,41.76640701293945,25116900,0.0,0.0,0.0
2016-05-18,57.290000915527344,57.849998474121094,57.040000915527344,57.25,41.78099822998047,34940400,0.0,0.0,0.0
2016-05-19,56.90999984741211,57.0099983215332,56.66999816894531,56.84000015258789,41.481781005859375,26976000,0.0,0.0,0.0
2016-05-20,57.31999969482422,57.459999084472656,57.189998626708984,57.310001373291016,41.824790954589844,23377800,0.0,0.0,0.0
2016-05-23,57.099998474121094,57.279998779296875,57.0099983215332,57.119998931884766,41.68613815307617,18828700,0.0,0.0,0.0
2016-05-24,57.5099983215332,58.060001373291016,57.5,57.95000076293945,42.2918586730957,28901600,0.0,0.0,0.0
2016-05-25,58.380001068115234,58.68000030517578,58.349998474121094,58.560001373291016,42.73703384399414,35575000,0.0,0.0,0.0
2016-05-26,58.779998779296875,58.849998474121094,58.58000183105469,58.720001220703125,42.85380554199219,21115400,0.0,0.0,0.0
2016-05-27,58.619998931884766,58.75,58.52000045776367,58.65999984741211,42.81001281738281,16066600,0.0,0.0,0.0
2016-05-31,58.900001525878906,58.9900016784668,58.2400016784668,58.380001068115234,42.60567092895508,25438500,0.0,0.0,0.0
2016-06-01,58.099998474121094,58.380001068115234,58.029998779296875,58.33000183105469,42.56919479370117,19567300,0.0,0.0,0.0
2016-06-02,58.0,58.349998474121094,57.93000030517578,58.33000183105469,42.56919479370117,32992100,0.0,0.0,0.0
2016-06-03,58.540000915527344,58.72999954223633,58.22999954223633,58.709999084472656,42.84650802612305,27770200,0.0,0.0,0.0
2016-06-06,58.900001525878906,59.18000030517578,58.849998474121094,59.040000915527344,43.08734130859375,22191900,0.0,0.0,0.0
2016-06-07,59.4900016784668,59.630001068115234,59.41999816894531,59.470001220703125,43.401153564453125,15311700,0.0,0.0,0.0
2016-06-08,59.650001525878906,59.7400016784668,59.540000915527344,59.59000015258789,43.488731384277344,14673400,0.0,0.0,0.0
2016-06-09,58.86000061035156,59.0099983215332,58.68000030517578,58.86000061035156,42.95598220825195,18489100,0.0,0.0,0.0
2016-06-10,57.619998931884766,57.709999084472656,56.9900016784668,57.150001525878906,41.70802688598633,29812900,0.0,0.0,0.0
2016-06-13,56.40999984741211,56.86000061035156,56.15999984741211,56.31999969482422,41.1022834777832,25323100,0.0,0.0,0.0
2016-06-14,55.72999954223633,55.86000061035156,55.119998931884766,55.41999816894531,40.445465087890625,69490000,0.0,0.0,0.0
2016-06-15,55.900001525878906,56.099998474121094,55.66999816894531,55.790000915527344,40.71549606323242,34010400,0.0,0.0,0.0
2016-06-16,55.0,55.95000076293945,54.59000015258789,55.90999984741211,40.803070068359375,27677700,0.0,0.0,0.0
2016-06-17,56.099998474121094,56.599998474121094,55.83000183105469,56.459999084472656,41.204463958740234,51689600,0.0,0.0,0.0
2016-06-20,58.20000076293945,58.27000045776367,57.84000015258789,57.86000061035156,42.22618103027344,38890400,0.0,0.0,0.0
2016-06-21,58.34000015258789,58.779998779296875,58.09000015258789,58.33000183105469,42.56919479370117,37705500,0.0,0.0,0.0
2016-06-22,57.38999938964844,57.66999816894531,57.119998931884766,57.119998931884766,42.54310989379883,45176500,1.175,0.0,0.0
2016-06-23,58.34000015258789,58.79999923706055,57.93000030517578,58.70000076293945,43.71989440917969,33064500,0.0,0.0,0.0
2016-06-24,53.88999938964844,55.09000015258789,53.630001068115234,53.65999984741211,39.966094970703125,85314600,0.0,0.0,0.0
2016-06-27,52.90999984741211,52.939998626708984,51.93000030517578,52.630001068115234,39.19895553588867,58864400,0.0,0.0,0.0
2016-06-28,53.86000061035156,54.040000915527344,53.369998931884766,54.0099983215332,40.226776123046875,45213500,0.0,0.0,0.0
2016-06-29,54.810001373291016,55.189998626708984,54.720001220703125,55.0,40.964141845703125,33914900,0.0,0.0,0.0
2016-06-30,55.11000061035156,55.81999969482422,54.959999084472656,55.81999969482422,41.57487869262695,48143600,0.0,0.0,0.0
2016-07-01,55.84000015258789,56.0,55.7400016784668,55.81999969482422,41.57487869262695,22693400,0.0,0.0,0.0
2016-07-05,55.13999938964844,55.20000076293945,54.58000183105469,54.7400016784668,40.77048110961914,33647400,0.0,0.0,0.0
2016-07-06,54.11000061035156,54.66999816894531,53.77000045776367,54.63999938964844,40.69601058959961,28451400,0.0,0.0,0.0
2016-07-07,54.7400016784668,54.939998626708984,54.25,54.41999816894531,40.532142639160156,24824900,0.0,0.0,0.0
2016-07-08,55.040000915527344,55.34000015258789,54.90999984741211,55.25,41.150333404541016,26189500,0.0,0.0,0.0
2016-07-11,55.9900016784668,56.290000915527344,55.95000076293945,56.060001373291016,41.75362777709961,25474900,0.0,0.0,0.0
2016-07-12,56.86000061035156,57.09000015258789,56.75,56.81999969482422,42.319679260253906,29839000,0.0,0.0,0.0
2016-07-13,56.959999084472656,57.099998474121094,56.709999084472656,56.7599983215332,42.274986267089844,27351600,0.0,0.0,0.0
2016-07-14,57.290000915527344,57.43000030517578,57.16999816894531,57.25,42.639930725097656,28145500,0.0,0.0,0.0
2016-07-15,57.099998474121094,57.130001068115234,56.84000015258789,56.959999084472656,42.423946380615234,29705400,0.0,0.0,0.0
2016-07-18,56.959999084472656,57.27000045776367,56.849998474121094,57.099998474121094,42.528221130371094,17614300,0.0,0.0,0.0
2016-07-19,56.650001525878906,56.7400016784668,56.5,56.650001525878906,42.19305419921875,19896900,0.0,0.0,0.0
2016-07-20,57.0099983215332,57.22999954223633,56.900001525878906,57.15999984741211,42.572906494140625,20885200,0.0,0.0,0.0
2016-07-21,56.97999954223633,57.189998626708984,56.83000183105469,56.93000030517578,42.40159606933594,19635000,0.0,0.0,0.0
2016-07-22,57.04999923706055,57.08000183105469,56.880001068115234,57.040000915527344,42.4835319519043,16069300,0.0,0.0,0.0
2016-07-25,57.08000183105469,57.099998474121094,56.810001373291016,56.970001220703125,42.4313850402832,13277400,0.0,0.0,0.0
2016-07-26,57.189998626708984,57.380001068115234,56.970001220703125,57.209999084472656,42.610137939453125,15025700,0.0,0.0,0.0
2016-07-27,57.47999954223633,57.58000183105469,57.0,57.41999816894531,42.766563415527344,17126900,0.0,0.0,0.0
2016-07-28,57.380001068115234,57.459999084472656,57.08000183105469,57.36000061035156,42.72187423706055,14445300,0.0,0.0,0.0
2016-07-29,57.84000015258789,58.150001525878906,57.709999084472656,58.040000915527344,43.228336334228516,21590400,0.0,0.0,0.0
2016-08-01,57.86000061035156,57.97999954223633,57.59000015258789,57.65999984741211,42.945316314697266,21623700,0.0,0.0,0.0
2016-08-02,57.529998779296875,57.56999969482422,57.150001525878906,57.369998931884766,42.72932052612305,20476100,0.0,0.0,0.0
2016-08-03,56.88999938964844,57.189998626708984,56.849998474121094,57.16999816894531,42.58035659790039,19684400,0.0,0.0,0.0
2016-08-04,57.349998474121094,57.529998779296875,57.2400016784668,57.5,42.82613754272461,16761800,0.0,0.0,0.0
2016-08-05,57.5,57.779998779296875,57.4900016784668,57.7599983215332,43.01978302001953,15143500,0.0,0.0,0.0
2016-08-08,57.86000061035156,57.91999816894531,57.790000915527344,57.880001068115234,43.109161376953125,10326800,0.0,0.0,0.0
2016-08-09,58.13999938964844,58.52000045776367,58.11000061035156,58.34000015258789,43.4517707824707,27514400,0.0,0.0,0.0
2016-08-10,58.720001220703125,58.7599983215332,58.52000045776367,58.540000915527344,43.60073471069336,17539500,0.0,0.0,0.0
2016-08-11,58.81999969482422,59.11000061035156,58.77000045776367,58.959999084472656,43.91354751586914,19675800,0.0,0.0,0.0
2016-08-12,58.9900016784668,59.060001373291016,58.7400016784668,58.810001373291016,43.80183029174805,11331600,0.0,0.0,0.0
2016-08-15,59.0,59.18000030517578,58.9900016784668,59.040000915527344,43.97313690185547,9048700,0.0,0.0,0.0
2016-08-16,58.93000030517578,59.11000061035156,58.849998474121094,58.95000076293945,43.906105041503906,14286200,0.0,0.0,0.0
2016-08-17,58.790000915527344,59.09000015258789,58.540000915527344,58.93000030517578,43.89120864868164,12103600,0.0,0.0,0.0
2016-08-18,58.88999938964844,59.22999954223633,58.79999923706055,59.22999954223633,44.114646911621094,17723900,0.0,0.0,0.0
2016-08-19,58.619998931884766,58.81999969482422,58.45000076293945,58.790000915527344,43.78693389892578,12142800,0.0,0.0,0.0
2016-08-22,58.61000061035156,58.88999938964844,58.5,58.849998474121094,43.83162307739258,10095600,0.0,0.0,0.0
2016-08-23,59.2400016784668,59.349998474121094,59.08000183105469,59.099998474121094,44.017818450927734,12534100,0.0,0.0,0.0
2016-08-24,59.130001068115234,59.20000076293945,58.88999938964844,58.959999084472656,43.91354751586914,12206600,0.0,0.0,0.0
2016-08-25,58.7599983215332,58.88999938964844,58.66999816894531,58.720001220703125,43.73480224609375,10953500,0.0,0.0,0.0
2016-08-26,58.810001373291016,59.33000183105469,58.11000061035156,58.369998931884766,43.47412872314453,19518100,0.0,0.0,0.0
2016-08-29,58.2400016784668,58.58000183105469,58.220001220703125,58.54999923706055,43.60818099975586,10482100,0.0,0.0,0.0
2016-08-30,58.599998474121094,58.689998626708984,58.36000061035156,58.470001220703125,43.54860305786133,10046300,0.0,0.0,0.0
2016-08-31,58.400001525878906,58.529998779296875,58.13999938964844,58.349998474121094,43.45921325683594,20437200,0.0,0.0,0.0
2016-09-01,58.619998931884766,58.779998779296875,58.40999984741211,58.75,43.75714111328125,18389800,0.0,0.0,0.0
2016-09-02,59.29999923706055,59.5,59.11000061035156,59.43000030517578,44.263607025146484,19151600,0.0,0.0,0.0
2016-09-06,59.560001373291016,59.86000061035156,59.540000915527344,59.83000183105469,44.5615348815918,14730600,0.0,0.0,0.0
2016-09-07,59.9900016784668,60.099998474121094,59.75,59.86000061035156,44.583866119384766,17917500,0.0,0.0,0.0
2016-09-08,59.810001373291016,59.97999954223633,59.619998931884766,59.689998626708984,44.45726776123047,15572700,0.0,0.0,0.0
2016-09-09,59.25,59.25,58.5099983215332,58.529998779296875,43.59327697753906,23547000,0.0,0.0,0.0
2016-09-12,58.099998474121094,59.040000915527344,58.04999923706055,59.0099983215332,43.95078659057617,26966800,0.0,0.0,0.0
2016-09-13,58.25,58.36000061035156,57.56999969482422,57.81999969482422,43.06447982788086,24865900,0.0,0.0,0.0
2016-09-14,57.7400016784668,58.060001373291016,57.630001068115234,57.7400016784668,43.0048828125,16841500,0.0,0.0,0.0
2016-09-15,57.790000915527344,58.349998474121094,57.630001068115234,58.2400016784668,43.377288818359375,20280700,0.0,0.0,0.0
2016-09-16,57.61000061035156,57.63999938964844,57.33000183105469,57.4900016784668,42.81869125366211,47897900,0.0,0.0,0.0
2016-09-19,58.060001373291016,58.13999938964844,57.7400016784668,57.790000915527344,43.04213333129883,24184400,0.0,0.0,0.0
2016-09-20,58.34000015258789,58.38999938964844,58.06999969482422,58.13999938964844,43.30280685424805,23968200,0.0,0.0,0.0
2016-09-21,58.70000076293945,59.220001220703125,58.4900016784668,59.15999984741211,44.06251907348633,28804000,0.0,0.0,0.0
2016-09-22,60.029998779296875,60.15999984741211,59.689998626708984,59.7599983215332,44.509395599365234,27047600,0.0,0.0,0.0
2016-09-23,59.279998779296875,59.45000076293945,59.2400016784668,59.2599983215332,44.13699722290039,19380000,0.0,0.0,0.0
2016-09-26,58.75,58.83000183105469,58.619998931884766,58.709999084472656,43.72734832763672,23824900,0.0,0.0,0.0
2016-09-27,58.470001220703125,59.0,58.40999984741211,58.9900016784668,43.93589782714844,19862100,0.0,0.0,0.0
2016-09-28,58.9900016784668,59.43000030517578,58.79999923706055,59.40999984741211,44.24871063232422,21673400,0.0,0.0,0.0
2016-09-29,59.40999984741211,59.40999984741211,58.470001220703125,58.66999816894531,43.69755554199219,16703800,0.0,0.0,0.0
2016-09-30,58.810001373291016,59.290000915527344,58.72999954223633,59.130001068115234,44.040164947509766,29074600,0.0,0.0,0.0
2016-10-03,58.970001220703125,59.09000015258789,58.84000015258789,58.970001220703125,43.92100524902344,17903600,0.0,0.0,0.0
2016-10-04,59.2400016784668,59.349998474121094,58.72999954223633,58.959999084472656,43.91354751586914,28707500,0.0,0.0,0.0
2016-10-05,59.18000030517578,59.290000915527344,59.040000915527344,59.20000076293945,44.09230041503906,14774300,0.0,0.0,0.0
2016-10-06,58.900001525878906,58.95000076293945,58.72999954223633,58.880001068115234,43.853973388671875,11592200,0.0,0.0,0.0
2016-10-07,58.630001068115234,58.68000030517578,58.119998931884766,58.58000183105469,43.63052749633789,16684900,0.0,0.0,0.0
2016-10-10,58.58000183105469,58.900001525878906,58.58000183105469,58.75,43.75714111328125,7860700,0.0,0.0,0.0
2016-10-11,58.47999954223633,58.5099983215332,57.75,57.91999816894531,43.138954162597656,18434600,0.0,0.0,0.0
2016-10-12,57.84000015258789,57.939998626708984,57.630001068115234,57.790000915527344,43.04213333129883,13537300,0.0,0.0,0.0
2016-10-13,57.150001525878906,57.70000076293945,56.9900016784668,57.56999969482422,42.878273010253906,13090900,0.0,0.0,0.0
2016-10-14,57.959999084472656,58.06999969482422,57.650001525878906,57.66999816894531,42.952762603759766,19288400,0.0,0.0,0.0
2016-10-17,57.540000915527344,57.65999984741211,57.40999984741211,57.5,42.82613754272461,12641000,0.0,0.0,0.0
2016-10-18,58.189998626708984,58.2400016784668,57.97999954223633,58.06999969482422,43.250675201416016,13028000,0.0,0.0,0.0
2016-10-19,58.15999984741211,58.369998931884766,58.119998931884766,58.22999954223633,43.369850158691406,12500100,0.0,0.0,0.0
2016-10-20,58.150001525878906,58.43000030517578,58.09000015258789,58.31999969482422,43.43688201904297,9959000,0.0,0.0,0.0
2016-10-21,57.91999816894531,58.209999084472656,57.86000061035156,58.189998626708984,43.340049743652344,12584900,0.0,0.0,0.0
2016-10-24,58.36000061035156,58.369998931884766,58.04999923706055,58.18000030517578,43.33260726928711,12723000,0.0,0.0,0.0
2016-10-25,58.04999923706055,58.189998626708984,57.90999984741211,58.13999938964844,43.30280685424805,12430400,0.0,0.0,0.0
2016-10-26,57.84000015258789,58.06999969482422,57.77000045776367,57.880001068115234,43.109161376953125,12169500,0.0,0.0,0.0
2016-10-27,58.0099983215332,58.040000915527344,57.75,57.810001373291016,43.05702590942383,9309300,0.0,0.0,0.0
2016-10-28,57.709999084472656,57.91999816894531,57.650001525878906,57.790000915527344,43.04213333129883,15377800,0.0,0.0,0.0
2016-10-31,57.75,57.900001525878906,57.58000183105469,57.81999969482422,43.06447982788086,19266200,0.0,0.0,0.0
2016-11-01,57.959999084472656,57.97999954223633,57.380001068115234,57.56999969482422,42.878273010253906,19495200,0.0,0.0,0.0
2016-11-02,57.529998779296875,57.61000061035156,57.099998474121094,57.18000030517578,42.587806701660156,17538900,0.0,0.0,0.0
2016-11-03,57.380001068115234,57.41999816894531,57.040000915527344,57.119998931884766,42.54310989379883,12959100,0.0,0.0,0.0
2016-11-04,56.7400016784668,56.90999984741211,56.54999923706055,56.56999969482422,42.13347244262695,17423800,0.0,0.0,0.0
2016-11-07,57.279998779296875,57.380001068115234,57.150001525878906,57.349998474121094,42.714420318603516,21383600,0.0,0.0,0.0
2016-11-08,57.18000030517578,57.68000030517578,57.130001068115234,57.5099983215332,42.833587646484375,17403900,0.0,0.0,0.0
2016-11-09,57.06999969482422,57.790000915527344,57.0099983215332,57.560001373291016,42.87083053588867,27175100,0.0,0.0,0.0
2016-11-10,57.529998779296875,57.66999816894531,56.93000030517578,57.400001525878906,42.75165557861328,37382800,0.0,0.0,0.0
2016-11-11,57.150001525878906,57.20000076293945,56.7400016784668,57.04999923706055,42.49097442626953,18430100,0.0,0.0,0.0
2016-11-14,56.630001068115234,56.75,56.47999954223633,56.7400016784668,42.26008987426758,20650900,0.0,0.0,0.0
2016-11-15,56.59000015258789,57.02000045776367,56.529998779296875,56.9900016784668,42.44629669189453,15311700,0.0,0.0,0.0
2016-11-16,56.43000030517578,56.619998931884766,56.34000015258789,56.38999938964844,41.99940490722656,22261200,0.0,0.0,0.0
2016-11-17,56.66999816894531,56.88999938964844,56.619998931884766,56.81999969482422,42.319679260253906,18459300,0.0,0.0,0.0
2016-11-18,56.310001373291016,56.380001068115234,56.099998474121094,56.20000076293945,41.85789489746094,17047300,0.0,0.0,0.0
2016-11-21,56.41999816894531,56.709999084472656,56.40999984741211,56.68000030517578,42.21540832519531,18504500,0.0,0.0,0.0
2016-11-22,56.810001373291016,56.849998474121094,56.58000183105469,56.81999969482422,42.319679260253906,17866500,0.0,0.0,0.0
2016-11-23,56.25,56.619998931884766,56.189998626708984,56.619998931884766,42.170711517333984,13840300,0.0,0.0,0.0
2016-11-25,56.81999969482422,56.83000183105469,56.709999084472656,56.790000915527344,42.297325134277344,7842800,0.0,0.0,0.0
2016-11-28,56.630001068115234,56.689998626708984,56.459999084472656,56.4900016784668,42.07389450073242,13608000,0.0,0.0,0.0
2016-11-29,56.529998779296875,56.97999954223633,56.470001220703125,56.849998474121094,42.34201431274414,14719800,0.0,0.0,0.0
2016-11-30,56.97999954223633,56.9900016784668,56.70000076293945,56.790000915527344,42.297325134277344,23874700,0.0,0.0,0.0
2016-12-01,56.72999954223633,56.7599983215332,56.4900016784668,56.56999969482422,42.13347244262695,22693500,0.0,0.0,0.0
2016-12-02,56.470001220703125,56.84000015258789,56.400001525878906,56.709999084472656,42.23775100708008,16077700,0.0,0.0,0.0
2016-12-05,57.0,57.380001068115234,56.9900016784668,57.27000045776367,42.65483856201172,19686200,0.0,0.0,0.0
2016-12-06,57.33000183105469,57.7400016784668,57.29999923706055,57.65999984741211,42.945316314697266,19217500,0.0,0.0,0.0
2016-12-07,57.880001068115234,58.619998931884766,57.86000061035156,58.52000045776367,43.58583450317383,25749300,0.0,0.0,0.0
2016-12-08,58.52000045776367,58.56999969482422,58.27000045776367,58.470001220703125,43.54860305786133,23427000,0.0,0.0,0.0
2016-12-09,58.470001220703125,58.720001220703125,58.43000030517578,58.720001220703125,43.73480224609375,20886500,0.0,0.0,0.0
2016-12-12,58.5,58.689998626708984,58.38999938964844,58.459999084472656,43.54115295410156,16612700,0.0,0.0,0.0
2016-12-13,58.97999954223633,59.25,58.95000076293945,59.09000015258789,44.010379791259766,22116800,0.0,0.0,0.0
2016-12-14,58.959999084472656,59.09000015258789,58.130001068115234,58.220001220703125,43.362403869628906,26473700,0.0,0.0,0.0
2016-12-15,58.0,58.189998626708984,57.959999084472656,58.09000015258789,43.26557540893555,25317900,0.0,0.0,0.0
2016-12-16,58.04999923706055,58.290000915527344,58.02000045776367,58.130001068115234,43.29536437988281,24359100,0.0,0.0,0.0
2016-12-19,58.15999984741211,58.310001373291016,58.040000915527344,58.040000915527344,43.228336334228516,17705200,0.0,0.0,0.0
2016-12-20,58.11000061035156,58.290000915527344,58.06999969482422,58.2400016784668,43.377288818359375,17813500,0.0,0.0,0.0
2016-12-21,57.650001525878906,57.70000076293945,57.58000183105469,57.65999984741211,43.389339447021484,17793900,0.596,0.0,0.0
2016-12-22,57.619998931884766,57.689998626708984,57.5099983215332,57.529998779296875,43.291500091552734,16310200,0.0,0.0,0.0
2016-12-23,57.58000183105469,57.68000030517578,57.540000915527344,57.68000030517578,43.40438461303711,14821600,0.0,0.0,0.0
2016-12-27,57.630001068115234,57.720001220703125,57.599998474121094,57.61000061035156,43.351707458496094,13327700,0.0,0.0,0.0
2016-12-28,57.560001373291016,57.58000183105469,57.310001373291016,57.38999938964844,43.186153411865234,19569400,0.0,0.0,0.0
2016-12-29,57.5,57.65999984741211,57.47999954223633,57.529998779296875,43.291500091552734,16406100,0.0,0.0,0.0
2016-12-30,57.970001220703125,57.97999954223633,57.599998474121094,57.72999954223633,43.44200897216797,25266000,0.0,0.0,0.0
2017-01-03,57.95000076293945,58.11000061035156,57.849998474121094,58.09000015258789,43.712913513183594,27938300,0.0,0.0,0.0
2017-01-04,58.400001525878906,58.779998779296875,58.349998474121094,58.75,44.20956039428711,25670000,0.0,0.0,0.0
2017-01-05,58.900001525878906,59.310001373291016,58.900001525878906,59.25,44.585811614990234,22063100,0.0,0.0,0.0
2017-01-06,58.970001220703125,59.11000061035156,58.90999984741211,59.04999923706055,44.43531799316406,22073700,0.0,0.0,0.0
2017-01-09,58.83000183105469,58.9900016784668,58.75,58.959999084472656,44.367584228515625,13962400,0.0,0.0,0.0
2017-01-10,58.91999816894531,59.130001068115234,58.91999816894531,58.970001220703125,44.375118255615234,16296600,0.0,0.0,0.0
2017-01-11,58.849998474121094,59.29999923706055,58.779998779296875,59.279998779296875,44.60838317871094,31352400,0.0,0.0,0.0
2017-01-12,59.36000061035156,59.380001068115234,59.11000061035156,59.369998931884766,44.676109313964844,25127300,0.0,0.0,0.0
2017-01-13,59.41999816894531,59.599998474121094,59.33000183105469,59.59000015258789,44.841670989990234,20901900,0.0,0.0,0.0
2017-01-17,59.40999984741211,59.439998626708984,59.27000045776367,59.369998931884766,44.676109313964844,22524800,0.0,0.0,0.0
2017-01-18,59.189998626708984,59.31999969482422,59.02000045776367,59.20000076293945,44.548187255859375,14581400,0.0,0.0,0.0
2017-01-19,59.099998474121094,59.18000030517578,58.869998931884766,59.04999923706055,44.43531799316406,17619300,0.0,0.0,0.0
2017-01-20,59.2599983215332,59.40999984741211,59.18000030517578,59.38999938964844,44.691158294677734,24974100,0.0,0.0,0.0
2017-01-23,59.310001373291016,59.540000915527344,59.18000030517578,59.540000915527344,44.804039001464844,43093600,0.0,0.0,0.0
2017-01-24,59.439998626708984,59.720001220703125,59.41999816894531,59.689998626708984,44.91692352294922,18176000,0.0,0.0,0.0
2017-01-25,60.0099983215332,60.33000183105469,59.9900016784668,60.310001373291016,45.38346481323242,27237600,0.0,0.0,0.0
2017-01-26,60.189998626708984,60.25,59.9900016784668,60.06999969482422,45.20286560058594,20838800,0.0,0.0,0.0
2017-01-27,60.02000045776367,60.04999923706055,59.86000061035156,59.970001220703125,45.12761688232422,13061000,0.0,0.0,0.0
2017-01-30,59.45000076293945,59.58000183105469,59.2599983215332,59.540000915527344,44.804039001464844,19146200,0.0,0.0,0.0
2017-01-31,59.650001525878906,59.7400016784668,59.38999938964844,59.630001068115234,44.871761322021484,29996800,0.0,0.0,0.0
2017-02-01,60.0,60.029998779296875,59.709999084472656,59.869998931884766,45.05236053466797,26726400,0.0,0.0,0.0
2017-02-02,59.93000030517578,59.9900016784668,59.72999954223633,59.900001525878906,45.0749397277832,14796700,0.0,0.0,0.0
2017-02-03,60.0099983215332,60.18000030517578,59.93000030517578,60.13999938964844,45.25553894042969,13963800,0.0,0.0,0.0
2017-02-06,59.52000045776367,59.709999084472656,59.47999954223633,59.709999084472656,44.93196105957031,16220200,0.0,0.0,0.0
2017-02-07,59.58000183105469,59.68000030517578,59.529998779296875,59.650001525878906,44.886810302734375,12123000,0.0,0.0,0.0
2017-02-08,59.59000015258789,59.810001373291016,59.52000045776367,59.75,44.96206283569336,16749200,0.0,0.0,0.0
2017-02-09,59.83000183105469,60.02000045776367,59.75,60.0,45.15019607543945,14299600,0.0,0.0,0.0
2017-02-10,59.93000030517578,60.18000030517578,59.90999984741211,60.13999938964844,45.25553894042969,13212100,0.0,0.0,0.0
2017-02-13,60.38999938964844,60.470001220703125,60.279998779296875,60.380001068115234,45.4361457824707,12694400,0.0,0.0,0.0
2017-02-14,60.16999816894531,60.290000915527344,59.91999816894531,60.290000915527344,45.3684196472168,14256600,0.0,0.0,0.0
2017-02-15,60.029998779296875,60.52000045776367,60.0099983215332,60.52000045776367,45.54148483276367,15460100,0.0,0.0,0.0
2017-02-16,60.540000915527344,60.65999984741211,60.459999084472656,60.65999984741211,45.64684295654297,14416500,0.0,0.0,0.0
2017-02-17,60.31999969482422,60.52000045776367,60.27000045776367,60.5,45.52643585205078,14938000,0.0,0.0,0.0
2017-02-21,60.439998626708984,60.70000076293945,60.41999816894531,60.70000076293945,45.676944732666016,11550300,0.0,0.0,0.0
2017-02-22,60.38999938964844,60.7400016784668,60.38999938964844,60.70000076293945,45.676944732666016,17129400,0.0,0.0,0.0
2017-02-23,60.880001068115234,60.93000030517578,60.66999816894531,60.83000183105469,45.77477264404297,12410600,0.0,0.0,0.0
2017-02-24,60.16999816894531,60.43000030517578,60.13999938964844,60.38999938964844,45.44367218017578,16198700,0.0,0.0,0.0
2017-02-27,60.189998626708984,60.439998626708984,60.18000030517578,60.43000030517578,45.4737663269043,14039000,0.0,0.0,0.0
2017-02-28,60.31999969482422,60.52000045776367,60.22999954223633,60.34000015258789,45.406044006347656,20439100,0.0,0.0,0.0
2017-03-01,60.75,61.119998931884766,60.72999954223633,60.970001220703125,45.88011932373047,20198000,0.0,0.0,0.0
2017-03-02,60.709999084472656,60.779998779296875,60.560001373291016,60.56999969482422,45.5791130065918,16452800,0.0,0.0,0.0
2017-03-03,60.70000076293945,61.0,60.61000061035156,60.93000030517578,45.85001754760742,19149100,0.0,0.0,0.0
2017-03-06,60.72999954223633,60.75,60.56999969482422,60.7400016784668,45.70704650878906,10965800,0.0,0.0,0.0
2017-03-07,60.470001220703125,60.630001068115234,60.380001068115234,60.529998779296875,45.54901885986328,16308800,0.0,0.0,0.0
2017-03-08,60.4900016784668,60.54999923706055,60.25,60.310001373291016,45.38346481323242,11568200,0.0,0.0,0.0
2017-03-09,60.470001220703125,60.56999969482422,60.380001068115234,60.540000915527344,45.556541442871094,13369300,0.0,0.0,0.0
2017-03-10,60.959999084472656,61.119998931884766,60.849998474121094,61.04999923706055,45.9403190612793,18987900,0.0,0.0,0.0
2017-03-13,61.20000076293945,61.380001068115234,61.189998626708984,61.369998931884766,46.18111801147461,19718700,0.0,0.0,0.0
2017-03-14,60.91999816894531,60.970001220703125,60.790000915527344,60.900001525878906,45.82744216918945,15953500,0.0,0.0,0.0
2017-03-15,61.029998779296875,61.779998779296875,61.02000045776367,61.77000045776367,46.482120513916016,22841100,0.0,0.0,0.0
2017-03-16,62.099998474121094,62.130001068115234,61.93000030517578,62.06999969482422,46.7078742980957,24380100,0.0,0.0,0.0
2017-03-17,62.18000030517578,62.349998474121094,62.060001373291016,62.22999954223633,46.828269958496094,20697400,0.0,0.0,0.0
2017-03-20,62.25,62.34000015258789,62.02000045776367,62.099998474121094,46.73045349121094,13484400,0.0,0.0,0.0
2017-03-21,62.58000183105469,62.630001068115234,61.779998779296875,61.81999969482422,46.51974868774414,23331500,0.0,0.0,0.0
2017-03-22,61.619998931884766,61.88999938964844,61.56999969482422,61.83000183105469,46.52727508544922,14492800,0.0,0.0,0.0
2017-03-23,61.72999954223633,62.099998474121094,61.72999954223633,61.970001220703125,46.63262176513672,25394800,0.0,0.0,0.0
2017-03-24,62.11000061035156,62.27000045776367,62.040000915527344,62.13999938964844,46.76054763793945,25264500,0.0,0.0,0.0
2017-03-27,62.09000015258789,62.380001068115234,62.02000045776367,62.29999923706055,46.880943298339844,30294500,0.0,0.0,0.0
2017-03-28,62.38999938964844,62.650001525878906,62.36000061035156,62.599998474121094,47.10669708251953,23196000,0.0,0.0,0.0
2017-03-29,62.290000915527344,62.630001068115234,62.279998779296875,62.599998474121094,47.10669708251953,19090800,0.0,0.0,0.0
2017-03-30,62.43000030517578,65.36000061035156,62.31999969482422,62.380001068115234,46.94115447998047,16049800,0.0,0.0,0.0
2017-03-31,62.11000061035156,62.36000061035156,62.04999923706055,62.290000915527344,46.8734245300293,30871700,0.0,0.0,0.0
2017-04-03,62.189998626708984,62.2400016784668,61.7599983215332,62.20000076293945,46.805702209472656,32855200,0.0,0.0,0.0
2017-04-04,61.93000030517578,62.18000030517578,61.849998474121094,62.18000030517578,46.790645599365234,16793800,0.0,0.0,0.0
2017-04-05,62.130001068115234,62.290000915527344,61.83000183105469,61.849998474121094,46.54232406616211,22710400,0.0,0.0,0.0
2017-04-06,61.880001068115234,61.97999954223633,61.75,61.86000061035156,46.54985427856445,17795900,0.0,0.0,0.0
2017-04-07,61.75,61.93000030517578,61.7400016784668,61.81999969482422,46.51974868774414,15848900,0.0,0.0,0.0
2017-04-10,61.72999954223633,61.849998474121094,61.68000030517578,61.75,46.46707534790039,11321500,0.0,0.0,0.0
2017-04-11,62.0,62.06999969482422,61.619998931884766,62.040000915527344,46.68528747558594,18663100,0.0,0.0,0.0
2017-04-12,61.95000076293945,62.029998779296875,61.720001220703125,61.9900016784668,46.647666931152344,25045600,0.0,0.0,0.0
2017-04-13,61.70000076293945,61.779998779296875,61.529998779296875,61.59000015258789,46.3466682434082,16760100,0.0,0.0,0.0
2017-04-17,61.849998474121094,62.02000045776367,61.84000015258789,61.970001220703125,46.63262176513672,15573500,0.0,0.0,0.0
2017-04-18,61.54999923706055,61.689998626708984,61.349998474121094,61.689998626708984,46.421913146972656,21171100,0.0,0.0,0.0
2017-04-19,61.7599983215332,61.79999923706055,61.369998931884766,61.439998626708984,46.23379135131836,13263100,0.0,0.0,0.0
2017-04-20,61.959999084472656,62.099998474121094,61.91999816894531,61.93000030517578,46.60251998901367,20485300,0.0,0.0,0.0
2017-04-21,61.93000030517578,62.02000045776367,61.84000015258789,61.970001220703125,46.63262176513672,18989800,0.0,0.0,0.0
2017-04-24,63.40999984741211,63.61000061035156,63.380001068115234,63.540000915527344,47.814056396484375,32694900,0.0,0.0,0.0
2017-04-25,63.849998474121094,64.08000183105469,63.779998779296875,63.9900016784668,48.152687072753906,24975200,0.0,0.0,0.0
2017-04-26,63.810001373291016,64.02999877929688,63.810001373291016,63.810001373291016,48.01723098754883,20489600,0.0,0.0,0.0
2017-04-27,63.91999816894531,63.91999816894531,63.75,63.869998931884766,48.06237030029297,13855700,0.0,0.0,0.0
2017-04-28,63.88999938964844,63.90999984741211,63.77000045776367,63.79999923706055,48.009700775146484,25361200,0.0,0.0,0.0
2017-05-01,63.9900016784668,64.19999694824219,63.90999984741211,64.05999755859375,48.20535659790039,22211300,0.0,0.0,0.0
2017-05-02,64.25,64.41999816894531,64.19000244140625,64.38999938964844,48.453678131103516,23500000,0.0,0.0,0.0
2017-05-03,64.22000122070312,64.33000183105469,64.0999984741211,64.26000213623047,48.355857849121094,12811000,0.0,0.0,0.0
2017-05-04,64.4800033569336,64.88999938964844,64.43000030517578,64.87000274658203,48.814876556396484,16359700,0.0,0.0,0.0
2017-05-05,64.94000244140625,65.58999633789062,64.91999816894531,65.58999633789062,49.35668182373047,18990900,0.0,0.0,0.0
2017-05-08,65.11000061035156,65.11000061035156,64.95999908447266,65.0999984741211,48.98796081542969,19823800,0.0,0.0,0.0
2017-05-09,64.9800033569336,65.04000091552734,64.80999755859375,64.94000244140625,48.867557525634766,28186600,0.0,0.0,0.0
2017-05-10,64.9800033569336,65.04000091552734,64.88999938964844,65.04000091552734,48.94281005859375,18524300,0.0,0.0,0.0
2017-05-11,64.7699966430664,64.9000015258789,64.61000061035156,64.87999725341797,48.82240676879883,18381600,0.0,0.0,0.0
2017-05-12,64.94000244140625,65.23999786376953,64.94000244140625,65.23999786376953,49.09330749511719,27683000,0.0,0.0,0.0
2017-05-15,65.37999725341797,65.56999969482422,65.36000061035156,65.56999969482422,49.34162139892578,20493900,0.0,0.0,0.0
2017-05-16,65.94999694824219,66.0,65.86000061035156,65.98999786376953,49.657676696777344,21931200,0.0,0.0,0.0
2017-05-17,65.66999816894531,65.75,65.22000122070312,65.23999786376953,49.09330749511719,30198700,0.0,0.0,0.0
2017-05-18,65.08000183105469,65.4000015258789,65.0199966430664,65.3499984741211,49.17607879638672,19242600,0.0,0.0,0.0
2017-05-19,65.80999755859375,66.12000274658203,65.77999877929688,66.11000061035156,49.74799346923828,34855500,0.0,0.0,0.0
2017-05-22,66.18000030517578,66.30999755859375,66.11000061035156,66.19000244140625,49.808189392089844,14692600,0.0,0.0,0.0
2017-05-23,66.33999633789062,66.37999725341797,66.11000061035156,66.19999694824219,49.815704345703125,12489200,0.0,0.0,0.0
2017-05-24,66.0199966430664,66.25,65.9800033569336,66.23999786376953,49.845802307128906,15075500,0.0,0.0,0.0
2017-05-25,66.23999786376953,66.33999633789062,66.1500015258789,66.23999786376953,49.845802307128906,13265300,0.0,0.0,0.0
2017-05-26,65.87000274658203,66.05999755859375,65.8499984741211,66.05000305175781,49.70283889770508,25971500,0.0,0.0,0.0
2017-05-30,65.87000274658203,66.02999877929688,65.8499984741211,65.9800033569336,49.65016555786133,14415300,0.0,0.0,0.0
2017-05-31,66.31999969482422,66.37999725341797,66.02999877929688,66.05999755859375,49.71035385131836,31167900,0.0,0.0,0.0
2017-06-01,66.30999755859375,66.51000213623047,66.25,66.48999786376953,50.033931732177734,25610000,0.0,0.0,0.0
2017-06-02,66.95999908447266,67.23999786376953,66.86000061035156,67.22000122070312,50.58326721191406,22765300,0.0,0.0,0.0
2017-06-05,66.86000061035156,66.9000015258789,66.7699966430664,66.8499984741211,50.30484390258789,14304500,0.0,0.0,0.0
2017-06-06,66.58000183105469,66.70999908447266,66.55999755859375,66.66000366210938,50.161865234375,11387200,0.0,0.0,0.0
2017-06-07,66.7699966430664,66.87999725341797,66.44999694824219,66.68000030517578,50.176918029785156,15346400,0.0,0.0,0.0
2017-06-08,66.41999816894531,66.56999969482422,66.33999633789062,66.55999755859375,50.086605072021484,15425200,0.0,0.0,0.0
2017-06-09,66.22000122070312,66.45999908447266,66.05999755859375,66.30999755859375,49.89848327636719,20807900,0.0,0.0,0.0
2017-06-12,66.12000274658203,66.19000244140625,65.9800033569336,66.05999755859375,49.71035385131836,17937200,0.0,0.0,0.0
2017-06-13,66.47000122070312,66.61000061035156,66.37999725341797,66.56999969482422,50.094139099121094,19123700,0.0,0.0,0.0
2017-06-14,66.94999694824219,66.95999908447266,66.30000305175781,66.5199966430664,50.0565185546875,18739500,0.0,0.0,0.0
2017-06-15,65.51000213623047,65.87000274658203,65.48999786376953,65.83000183105469,49.537288665771484,22870900,0.0,0.0,0.0
2017-06-16,66.1500015258789,66.41000366210938,66.06999969482422,66.38999938964844,49.95868682861328,24571500,0.0,0.0,0.0
2017-06-19,66.63999938964844,66.79000091552734,66.5999984741211,66.66000366210938,50.161865234375,26706100,0.0,0.0,0.0
2017-06-20,65.41999816894531,65.43000030517578,64.91999816894531,65.06999969482422,49.75811767578125,23798500,1.062,0.0,0.0
2017-06-21,64.91999816894531,65.05000305175781,64.83000183105469,64.98999786376953,49.69693374633789,10989000,0.0,0.0,0.0
2017-06-22,64.97000122070312,65.0999984741211,64.88999938964844,64.9800033569336,49.689292907714844,13521700,0.0,0.0,0.0
2017-06-23,64.98999786376953,65.25,64.9000015258789,65.13999938964844,49.8116340637207,15138700,0.0,0.0,0.0
2017-06-26,65.55999755859375,65.62000274658203,65.22000122070312,65.25,49.895748138427734,21872800,0.0,0.0,0.0
2017-06-27,65.27999877929688,65.44000244140625,65.16999816894531,65.23999786376953,49.88809585571289,17466000,0.0,0.0,0.0
2017-06-28,65.48999786376953,65.87000274658203,65.45999908447266,65.80999755859375,50.32398223876953,26317300,0.0,0.0,0.0
2017-06-29,65.61000061035156,65.62000274658203,64.87999725341797,65.16000366210938,49.82693862915039,35923300,0.0,0.0,0.0
2017-06-30,65.33000183105469,65.3499984741211,64.83000183105469,65.19999694824219,49.85751724243164,28866100,0.0,0.0,0.0
2017-07-03,65.12000274658203,65.27999877929688,65.0999984741211,65.12000274658203,49.796348571777344,9564300,0.0,0.0,0.0
2017-07-05,64.93000030517578,65.16000366210938,64.81999969482422,65.12000274658203,49.796348571777344,26253300,0.0,0.0,0.0
2017-07-06,64.69999694824219,64.97000122070312,64.62999725341797,64.83000183105469,49.5745849609375,22874100,0.0,0.0,0.0
2017-07-07,64.6500015258789,64.91999816894531,64.55999755859375,64.83999633789062,49.58222198486328,18885700,0.0,0.0,0.0
2017-07-10,64.80000305175781,65.0199966430664,64.76000213623047,65.0,49.70457458496094,10674800,0.0,0.0,0.0
2017-07-11,64.83000183105469,65.16000366210938,64.73999786376953,65.1500015258789,49.81928253173828,13584000,0.0,0.0,0.0
2017-07-12,65.55000305175781,65.75,65.52999877929688,65.66999816894531,50.216922760009766,15995600,0.0,0.0,0.0
2017-07-13,65.75,65.91000366210938,65.66000366210938,65.86000061035156,50.362205505371094,22520700,0.0,0.0,0.0
2017-07-14,66.05000305175781,66.33000183105469,66.0,66.31999969482422,50.71396255493164,14145100,0.0,0.0,0.0
2017-07-17,66.19000244140625,66.27999877929688,66.12000274658203,66.19000244140625,50.61455154418945,10326100,0.0,0.0,0.0
2017-07-18,66.12999725341797,66.25,66.08000183105469,66.25,50.66043472290039,11718200,0.0,0.0,0.0
2017-07-19,66.36000061035156,66.54000091552734,66.3499984741211,66.54000091552734,50.882198333740234,12542300,0.0,0.0,0.0
2017-07-20,66.70999908447266,66.8499984741211,66.5999984741211,66.80999755859375,51.088653564453125,13792700,0.0,0.0,0.0
2017-07-21,66.45999908447266,66.55000305175781,66.23999786376953,66.55000305175781,50.889854431152344,18391200,0.0,0.0,0.0
2017-07-24,66.25,66.38999938964844,66.08000183105469,66.37000274658203,50.752201080322266,17486100,0.0,0.0,0.0
2017-07-25,66.70999908447266,66.73999786376953,66.44000244140625,66.45999908447266,50.82102584838867,12297600,0.0,0.0,0.0
2017-07-26,66.6500015258789,66.9800033569336,66.54000091552734,66.87000274658203,51.13454818725586,19186700,0.0,0.0,0.0
2017-07-27,67.0,67.04000091552734,66.5,66.72000122070312,51.01983642578125,13754400,0.0,0.0,0.0
2017-07-28,66.55000305175781,66.80000305175781,66.4800033569336,66.79000091552734,51.0733757019043,15080800,0.0,0.0,0.0
2017-07-31,66.87999725341797,67.01000213623047,66.7300033569336,66.93000030517578,51.1804313659668,20998800,0.0,0.0,0.0
2017-08-01,67.44000244140625,67.54000091552734,67.30000305175781,67.30000305175781,51.46337127685547,16206800,0.0,0.0,0.0
2017-08-02,67.33999633789062,67.41999816894531,67.16000366210938,67.33000183105469,51.48630142211914,8948300,0.0,0.0,0.0
2017-08-03,67.30999755859375,67.48999786376953,67.26000213623047,67.37000274658203,51.51688003540039,11245900,0.0,0.0,0.0
2017-08-04,67.44000244140625,67.51000213623047,67.19999694824219,67.45999908447266,51.58570861816406,14178000,0.0,0.0,0.0
2017-08-07,67.31999969482422,67.5,67.31999969482422,67.48999786376953,51.60865020751953,11865600,0.0,0.0,0.0
2017-08-08,67.37000274658203,67.45999908447266,67.08999633789062,67.12999725341797,51.33335876464844,13510100,0.0,0.0,0.0
2017-08-09,66.7300033569336,67.05000305175781,66.69000244140625,67.0199966430664,51.24924087524414,15080100,0.0,0.0,0.0
2017-08-10,66.62000274658203,66.62000274658203,66.01000213623047,66.06999969482422,50.522789001464844,28825100,0.0,0.0,0.0
2017-08-11,66.02999877929688,66.12999725341797,65.86000061035156,65.94999694824219,50.4310302734375,27456400,0.0,0.0,0.0
2017-08-14,66.43000030517578,66.5999984741211,66.4000015258789,66.43000030517578,50.79808044433594,13311500,0.0,0.0,0.0
2017-08-15,66.3499984741211,66.41999816894531,66.13999938964844,66.37999725341797,50.75984191894531,13212200,0.0,0.0,0.0
2017-08-16,66.5999984741211,66.83999633789062,66.58000183105469,66.76000213623047,51.05043029785156,14030700,0.0,0.0,0.0
2017-08-17,66.5199966430664,66.62999725341797,66.01000213623047,66.01000213623047,50.47690963745117,18647700,0.0,0.0,0.0
2017-08-18,66.12000274658203,66.33000183105469,65.98999786376953,66.19000244140625,50.61455154418945,16347200,0.0,0.0,0.0
2017-08-21,66.16000366210938,66.2699966430664,66.0,66.16999816894531,50.59926986694336,11760800,0.0,0.0,0.0
2017-08-22,66.30999755859375,66.5199966430664,66.29000091552734,66.48999786376953,50.84396743774414,11528800,0.0,0.0,0.0
2017-08-23,66.30000305175781,66.51000213623047,66.29000091552734,66.5,50.85160827636719,13007000,0.0,0.0,0.0
2017-08-24,66.5199966430664,66.58999633789062,66.33999633789062,66.3499984741211,50.736907958984375,13150600,0.0,0.0,0.0
2017-08-25,66.58999633789062,66.91000366210938,66.56999969482422,66.75,51.042781829833984,14942000,0.0,0.0,0.0
2017-08-28,66.81999969482422,66.8499984741211,66.70999908447266,66.75,51.042781829833984,13422100,0.0,0.0,0.0
2017-08-29,66.37999725341797,66.6500015258789,66.36000061035156,66.4800033569336,50.836307525634766,11536900,0.0,0.0,0.0
2017-08-30,66.37000274658203,66.44999694824219,66.27999877929688,66.38999938964844,50.76749038696289,10510300,0.0,0.0,0.0
2017-08-31,66.6500015258789,66.94999694824219,66.62000274658203,66.9000015258789,51.1574821472168,20277900,0.0,0.0,0.0
2017-09-01,67.1500015258789,67.16999816894531,66.94999694824219,66.98999786376953,51.22631072998047,15541800,0.0,0.0,0.0
2017-09-05,66.98999786376953,66.98999786376953,66.33000183105469,66.54000091552734,50.882198333740234,18682300,0.0,0.0,0.0
2017-09-06,66.9000015258789,67.0999984741211,66.81999969482422,66.94999694824219,51.195716857910156,21335800,0.0,0.0,0.0
2017-09-07,67.5,67.52999877929688,67.33000183105469,67.5,51.616302490234375,14599300,0.0,0.0,0.0
2017-09-08,67.66000366210938,67.69000244140625,67.51000213623047,67.51000213623047,51.62394332885742,16168800,0.0,0.0,0.0
2017-09-11,67.95999908447266,68.16000366210938,67.94999694824219,68.04000091552734,52.02922058105469,19127300,0.0,0.0,0.0
2017-09-12,68.04000091552734,68.29000091552734,68.04000091552734,68.25,52.1898193359375,11803000,0.0,0.0,0.0
2017-09-13,68.11000061035156,68.1500015258789,67.81999969482422,67.87999725341797,51.906883239746094,14672800,0.0,0.0,0.0
2017-09-14,67.76000213623047,68.01000213623047,67.73999786376953,68.0,51.998634338378906,14862300,0.0,0.0,0.0
2017-09-15,68.05999755859375,68.0999984741211,67.94000244140625,68.05999755859375,52.04452896118164,16315500,0.0,0.0,0.0
2017-09-18,68.2300033569336,68.33999633789062,68.02999877929688,68.1500015258789,52.113338470458984,13594900,0.0,0.0,0.0
2017-09-19,68.43000030517578,68.48999786376953,68.30000305175781,68.47000122070312,52.3580436706543,8877200,0.0,0.0,0.0
2017-09-20,68.48999786376953,68.70999908447266,68.0,68.31999969482422,52.24333572387695,15309700,0.0,0.0,0.0
2017-09-21,68.16000366210938,68.27999877929688,68.08999633789062,68.18000030517578,52.13628005981445,10250100,0.0,0.0,0.0
2017-09-22,68.37999725341797,68.5,68.31999969482422,68.38999938964844,52.29685974121094,8442800,0.0,0.0,0.0
2017-09-25,68.11000061035156,68.2699966430664,67.87000274658203,68.0,51.998634338378906,13473900,0.0,0.0,0.0
2017-09-26,67.88999938964844,67.94000244140625,67.63999938964844,67.8499984741211,51.883934020996094,20026600,0.0,0.0,0.0
2017-09-27,67.76000213623047,68.0,67.72000122070312,67.9000015258789,51.92217254638672,17751800,0.0,0.0,0.0
2017-09-28,67.9000015258789,68.18000030517578,67.9000015258789,68.08000183105469,52.059814453125,11704000,0.0,0.0,0.0
2017-09-29,68.08000183105469,68.55000305175781,68.08000183105469,68.4800033569336,52.36569595336914,24981400,0.0,0.0,0.0
2017-10-02,68.2699966430664,68.48999786376953,68.23999786376953,68.41999816894531,52.319801330566406,16475600,0.0,0.0,0.0
2017-10-03,68.45999908447266,68.66000366210938,68.43000030517578,68.6500015258789,52.49568176269531,12073300,0.0,0.0,0.0
2017-10-04,68.47000122070312,68.58999633789062,68.45999908447266,68.5199966430664,52.39626693725586,12518600,0.0,0.0,0.0
2017-10-05,68.38999938964844,68.51000213623047,68.3499984741211,68.4800033569336,52.36569595336914,11871200,0.0,0.0,0.0
2017-10-06,68.16999816894531,68.44000244140625,68.13999938964844,68.43000030517578,52.32746124267578,16923300,0.0,0.0,0.0
2017-10-09,68.5199966430664,68.54000091552734,68.38999938964844,68.44999694824219,52.342742919921875,5155600,0.0,0.0,0.0
2017-10-10,68.8499984741211,69.11000061035156,68.79000091552734,69.0999984741211,52.83979797363281,16626700,0.0,0.0,0.0
2017-10-11,69.06999969482422,69.29000091552734,69.05999755859375,69.2699966430664,52.96977615356445,16732400,0.0,0.0,0.0
2017-10-12,69.1500015258789,69.33000183105469,69.08999633789062,69.20999908447266,52.923912048339844,10774000,0.0,0.0,0.0
2017-10-13,69.5999984741211,69.66000366210938,69.51000213623047,69.56999969482422,53.19919967651367,12928900,0.0,0.0,0.0
2017-10-16,69.56999969482422,69.62000274658203,69.47000122070312,69.5199966430664,53.16096115112305,8800600,0.0,0.0,0.0
2017-10-17,69.3499984741211,69.38999938964844,69.20999908447266,69.33999633789062,53.02332305908203,8286800,0.0,0.0,0.0
2017-10-18,69.44999694824219,69.56999969482422,69.36000061035156,69.54000091552734,53.17626190185547,11793200,0.0,0.0,0.0
2017-10-19,69.2300033569336,69.43000030517578,69.19000244140625,69.43000030517578,53.092140197753906,10368300,0.0,0.0,0.0
2017-10-20,69.37999725341797,69.37999725341797,69.2300033569336,69.33999633789062,53.02332305908203,12636300,0.0,0.0,0.0
2017-10-23,69.37000274658203,69.4000015258789,69.13999938964844,69.19000244140625,52.90861129760742,8422200,0.0,0.0,0.0
2017-10-24,69.27999877929688,69.44000244140625,69.19999694824219,69.30000305175781,52.99272918701172,10586500,0.0,0.0,0.0
2017-10-25,69.2699966430664,69.30999755859375,68.7699966430664,69.02999877929688,52.78627014160156,11495500,0.0,0.0,0.0
2017-10-26,69.20999908447266,69.26000213623047,69.01000213623047,69.0199966430664,52.77861404418945,12355500,0.0,0.0,0.0
2017-10-27,68.9800033569336,69.19999694824219,68.88999938964844,69.18000030517578,52.900962829589844,18853800,0.0,0.0,0.0
2017-10-30,69.22000122070312,69.36000061035156,69.19999694824219,69.33999633789062,53.02332305908203,14308400,0.0,0.0,0.0
2017-10-31,69.4800033569336,69.66999816894531,69.4000015258789,69.62999725341797,53.245079040527344,24418400,0.0,0.0,0.0
2017-11-01,69.93000030517578,70.0,69.66999816894531,69.69999694824219,53.29860305786133,23674500,0.0,0.0,0.0
2017-11-02,69.6500015258789,69.91000366210938,69.62999725341797,69.91000366210938,53.45918655395508,20430900,0.0,0.0,0.0
2017-11-03,69.80000305175781,69.80000305175781,69.55999755859375,69.80000305175781,53.37506866455078,14078700,0.0,0.0,0.0
2017-11-06,69.61000061035156,69.91999816894531,69.5999984741211,69.9000015258789,53.4515380859375,11959000,0.0,0.0,0.0
2017-11-07,69.7699966430664,69.86000061035156,69.45999908447266,69.63999938964844,53.25271987915039,13024200,0.0,0.0,0.0
2017-11-08,69.75,69.9800033569336,69.70999908447266,69.87000274658203,53.4286003112793,15924200,0.0,0.0,0.0
2017-11-09,69.29000091552734,69.5,69.04000091552734,69.47000122070312,53.12272262573242,22577000,0.0,0.0,0.0
2017-11-10,69.23999786376953,69.36000061035156,69.12999725341797,69.27999877929688,52.977439880371094,11070800,0.0,0.0,0.0
2017-11-13,68.58999633789062,69.0199966430664,68.58000183105469,68.98999786376953,52.755672454833984,13605200,0.0,0.0,0.0
2017-11-14,68.86000061035156,68.98999786376953,68.69999694824219,68.94000244140625,52.71744155883789,13850100,0.0,0.0,0.0
2017-11-15,68.37000274658203,68.68000030517578,68.27999877929688,68.61000061035156,52.465091705322266,18547300,0.0,0.0,0.0
2017-11-16,69.05000305175781,69.23999786376953,68.97000122070312,69.16000366210938,52.885677337646484,17372500,0.0,0.0,0.0
2017-11-17,68.97000122070312,69.02999877929688,68.83999633789062,68.91000366210938,52.69451141357422,24773400,0.0,0.0,0.0
2017-11-20,69.12999725341797,69.2699966430664,69.05999755859375,69.05999755859375,52.809200286865234,20689600,0.0,0.0,0.0
2017-11-21,69.52999877929688,69.66999816894531,69.48999786376953,69.58000183105469,53.20684051513672,17104800,0.0,0.0,0.0
2017-11-22,69.87000274658203,69.91999816894531,69.55000305175781,69.7699966430664,53.35212707519531,17943200,0.0,0.0,0.0
2017-11-24,70.3499984741211,70.38999938964844,70.25,70.33999633789062,53.788002014160156,11732300,0.0,0.0,0.0
2017-11-27,70.19999694824219,70.26000213623047,69.91999816894531,69.91999816894531,53.46684265136719,17066500,0.0,0.0,0.0
2017-11-28,70.13999938964844,70.33999633789062,70.01000213623047,70.31999969482422,53.772708892822266,19389400,0.0,0.0,0.0
2017-11-29,70.37000274658203,70.43000030517578,69.94000244140625,70.04000091552734,53.558597564697266,19328300,0.0,0.0,0.0
2017-11-30,70.33000183105469,70.41000366210938,70.05000305175781,70.11000061035156,53.61212921142578,24443400,0.0,0.0,0.0
2017-12-01,69.76000213623047,70.01000213623047,69.4800033569336,69.83000183105469,53.398014068603516,33370400,0.0,0.0,0.0
2017-12-04,69.6500015258789,69.98999786376953,69.56999969482422,69.58000183105469,53.20684051513672,19355500,0.0,0.0,0.0
2017-12-05,69.47000122070312,69.73999786376953,69.41999816894531,69.43000030517578,53.092140197753906,15853700,0.0,0.0,0.0
2017-12-06,69.33000183105469,69.43000030517578,69.18000030517578,69.29000091552734,52.98508071899414,12481600,0.0,0.0,0.0
2017-12-07,69.54000091552734,69.63999938964844,69.2699966430664,69.47000122070312,53.12272262573242,16966100,0.0,0.0,0.0
2017-12-08,69.79000091552734,69.87999725341797,69.62999725341797,69.83999633789062,53.40565490722656,19106800,0.0,0.0,0.0
2017-12-11,69.9800033569336,70.04000091552734,69.87999725341797,70.0199966430664,53.543304443359375,20038600,0.0,0.0,0.0
2017-12-12,70.11000061035156,70.16999816894531,69.91000366210938,70.11000061035156,53.61212921142578,16514700,0.0,0.0,0.0
2017-12-13,70.22000122070312,70.51000213623047,70.16999816894531,70.37999725341797,53.81858825683594,25920500,0.0,0.0,0.0
2017-12-14,70.33000183105469,70.36000061035156,69.94999694824219,69.98999786376953,53.520355224609375,27424600,0.0,0.0,0.0
2017-12-15,69.91999816894531,70.06999969482422,69.76000213623047,69.97000122070312,53.50507736206055,32906900,0.0,0.0,0.0
2017-12-18,70.72000122070312,70.95999908447266,70.69999694824219,70.80000305175781,54.1397590637207,38998500,0.0,0.0,0.0
2017-12-19,69.94999694824219,69.9800033569336,69.69000244140625,69.80000305175781,53.94114685058594,37373700,0.743,0.0,0.0
2017-12-20,69.87000274658203,69.91000366210938,69.62999725341797,69.68000030517578,53.84841537475586,18729500,0.0,0.0,0.0
2017-12-21,69.7699966430664,70.11000061035156,69.75,69.93000030517578,54.04160690307617,22930000,0.0,0.0,0.0
2017-12-22,69.9000015258789,70.12000274658203,69.86000061035156,70.11000061035156,54.18071746826172,18767000,0.0,0.0,0.0
2017-12-26,69.9800033569336,70.16999816894531,69.91999816894531,70.08999633789062,54.16525650024414,15995000,0.0,0.0,0.0
2017-12-27,70.19000244140625,70.33000183105469,70.0999984741211,70.22000122070312,54.265716552734375,19835400,0.0,0.0,0.0
2017-12-28,70.4000015258789,70.45999908447266,70.22000122070312,70.26000213623047,54.29664993286133,20811200,0.0,0.0,0.0
2017-12-29,70.56999969482422,70.58000183105469,70.26000213623047,70.30999755859375,54.335262298583984,16214700,0.0,0.0,0.0
2018-01-02,70.52999877929688,70.8499984741211,70.41999816894531,70.83000183105469,54.73713684082031,26530000,0.0,0.0,0.0
2018-01-03,70.88999938964844,71.26000213623047,70.8499984741211,71.16999816894531,54.9998779296875,33384900,0.0,0.0,0.0
2018-01-04,71.86000061035156,72.05999755859375,71.80999755859375,71.94999694824219,55.6026611328125,23974400,0.0,0.0,0.0
2018-01-05,72.1500015258789,72.4000015258789,72.06999969482422,72.3499984741211,55.91177749633789,17483800,0.0,0.0,0.0
2018-01-08,72.26000213623047,72.3499984741211,72.18000030517578,72.33000183105469,55.896331787109375,21733700,0.0,0.0,0.0
2018-01-09,72.33999633789062,72.44000244140625,72.12000274658203,72.41000366210938,55.95814895629883,19138900,0.0,0.0,0.0
2018-01-10,72.41999816894531,72.44999694824219,72.22000122070312,72.2699966430664,55.84994888305664,18118900,0.0,0.0,0.0
2018-01-11,72.47000122070312,72.77999877929688,72.41000366210938,72.7699966430664,56.23634338378906,17314400,0.0,0.0,0.0
2018-01-12,73.02999877929688,73.51000213623047,72.95999908447266,73.5,56.80049514770508,22694300,0.0,0.0,0.0
2018-01-16,73.70999908447266,73.83999633789062,73.33999633789062,73.43000030517578,56.74639892578125,24617800,0.0,0.0,0.0
2018-01-17,73.62999725341797,74.08000183105469,73.47000122070312,73.80999755859375,57.04006576538086,21424400,0.0,0.0,0.0
2018-01-18,73.61000061035156,73.80000305175781,73.48999786376953,73.72000122070312,56.97050857543945,19094600,0.0,0.0,0.0
2018-01-19,74.08999633789062,74.13999938964844,73.86000061035156,74.12999725341797,57.2873420715332,19622600,0.0,0.0,0.0
2018-01-22,74.19000244140625,74.54000091552734,74.1500015258789,74.51000213623047,57.58102798461914,14992500,0.0,0.0,0.0
2018-01-23,74.5999984741211,74.80000305175781,74.51000213623047,74.75,57.7664909362793,15575400,0.0,0.0,0.0
2018-01-24,75.16000366210938,75.2300033569336,74.62999725341797,74.87999725341797,57.8669548034668,24383800,0.0,0.0,0.0
2018-01-25,75.18000030517578,75.20999908447266,74.44000244140625,74.58999633789062,57.64284133911133,23272500,0.0,0.0,0.0
2018-01-26,74.9800033569336,75.2699966430664,74.93000030517578,75.25,58.15287780761719,19192600,0.0,0.0,0.0
2018-01-29,74.6500015258789,74.72000122070312,74.41999816894531,74.55999755859375,57.61966323852539,26906700,0.0,0.0,0.0
2018-01-30,74.31999969482422,74.37000274658203,73.8499984741211,73.94000244140625,57.14052963256836,113986300,0.0,0.0,0.0
2018-01-31,74.19000244140625,74.2300033569336,73.70999908447266,73.83999633789062,57.0632438659668,38465500,0.0,0.0,0.0
2018-02-01,73.72000122070312,74.19000244140625,73.68000030517578,74.05000305175781,57.22552490234375,30876200,0.0,0.0,0.0
2018-02-02,73.33000183105469,73.33000183105469,72.47000122070312,72.55000305175781,56.06633758544922,36590600,0.0,0.0,0.0
2018-02-05,71.63999938964844,71.97000122070312,69.30999755859375,69.51000213623047,53.717044830322266,78968000,0.0,0.0,0.0
2018-02-06,69.41999816894531,71.06999969482422,69.26000213623047,70.87999725341797,54.775760650634766,84302300,0.0,0.0,0.0
2018-02-07,70.25,70.86000061035156,69.98999786376953,70.12999725341797,54.1961669921875,44411300,0.0,0.0,0.0
2018-02-08,70.16999816894531,70.19999694824219,68.27999877929688,68.30000305175781,52.781959533691406,59223600,0.0,0.0,0.0
2018-02-09,68.75,68.95999908447266,66.88999938964844,68.58999633789062,53.00606155395508,67466800,0.0,0.0,0.0
2018-02-12,69.0999984741211,69.77999877929688,68.87999725341797,69.63999938964844,53.817501068115234,37528600,0.0,0.0,0.0
2018-02-13,69.08999633789062,69.5,69.06999969482422,69.43000030517578,53.655216217041016,20574300,0.0,0.0,0.0
2018-02-14,69.01000213623047,70.69999694824219,68.9800033569336,70.66000366210938,54.60576248168945,31475400,0.0,0.0,0.0
2018-02-15,71.05999755859375,71.20999908447266,70.51000213623047,71.0999984741211,54.94579315185547,31600600,0.0,0.0,0.0
2018-02-16,71.20999908447266,71.72000122070312,71.18000030517578,71.41999816894531,55.19308090209961,23606400,0.0,0.0,0.0
2018-02-20,70.87999725341797,71.19999694824219,70.58000183105469,70.75,54.67531204223633,25286900,0.0,0.0,0.0
2018-02-21,70.94999694824219,71.4000015258789,70.37999725341797,70.41000366210938,54.41256332397461,30247700,0.0,0.0,0.0
2018-02-22,70.70999908447266,71.0999984741211,70.54000091552734,70.77999877929688,54.69849395751953,20537000,0.0,0.0,0.0
2018-02-23,71.04000091552734,71.43000030517578,70.9000015258789,71.33999633789062,55.131256103515625,30298500,0.0,0.0,0.0
2018-02-26,71.63999938964844,72.02999877929688,71.38999938964844,72.01000213623047,55.64903259277344,21007200,0.0,0.0,0.0
2018-02-27,71.55999755859375,71.63999938964844,70.9000015258789,70.94000244140625,54.8221321105957,22449300,0.0,0.0,0.0
2018-02-28,71.04000091552734,71.08000183105469,70.16999816894531,70.2699966430664,54.30436325073242,31642500,0.0,0.0,0.0
2018-03-01,69.69999694824219,70.04000091552734,68.75,69.08999633789062,53.39246368408203,51282100,0.0,0.0,0.0
2018-03-02,68.8499984741211,69.44000244140625,68.56999969482422,69.41999816894531,53.64747619628906,35512000,0.0,0.0,0.0
2018-03-05,68.91000366210938,69.83999633789062,68.88999938964844,69.79000091552734,53.93342208862305,18968500,0.0,0.0,0.0
2018-03-06,70.3499984741211,70.38999938964844,70.01000213623047,70.19999694824219,54.25027084350586,20996900,0.0,0.0,0.0
2018-03-07,69.86000061035156,70.22000122070312,69.66000366210938,70.18000030517578,54.23480987548828,14492500,0.0,0.0,0.0
2018-03-08,70.37999725341797,70.48999786376953,70.0999984741211,70.33000183105469,54.350730895996094,14883300,0.0,0.0,0.0
2018-03-09,70.43000030517578,70.79000091552734,70.31999969482422,70.77999877929688,54.69849395751953,17319800,0.0,0.0,0.0
2018-03-12,70.86000061035156,71.01000213623047,70.70999908447266,70.86000061035156,54.76032257080078,12801300,0.0,0.0,0.0
2018-03-13,71.0999984741211,71.1500015258789,70.26000213623047,70.38999938964844,54.397098541259766,19138100,0.0,0.0,0.0
2018-03-14,70.93000030517578,70.9800033569336,70.30999755859375,70.55999755859375,54.52845764160156,13670800,0.0,0.0,0.0
2018-03-15,70.55999755859375,70.8499984741211,70.4000015258789,70.5199966430664,54.49756622314453,21712300,0.0,0.0,0.0
2018-03-16,70.38999938964844,70.66000366210938,70.36000061035156,70.47000122070312,54.458919525146484,16119900,0.0,0.0,0.0
2018-03-19,70.20999908447266,70.22000122070312,69.52999877929688,69.9000015258789,54.01842498779297,24159700,0.0,0.0,0.0
2018-03-20,69.81999969482422,70.04000091552734,69.72000122070312,69.88999938964844,54.01069641113281,20578800,0.0,0.0,0.0
2018-03-21,69.77999877929688,70.27999877929688,69.70999908447266,70.0,54.09571838378906,17479200,0.0,0.0,0.0
2018-03-22,69.29000091552734,69.44000244140625,68.68000030517578,68.69999694824219,53.091060638427734,42084300,0.0,0.0,0.0
2018-03-23,68.81999969482422,68.91999816894531,67.91000366210938,67.94000244140625,52.503753662109375,44983200,0.0,0.0,0.0
2018-03-26,68.9800033569336,69.20999908447266,68.29000091552734,69.16000366210938,53.446563720703125,31279000,0.0,0.0,0.0
2018-03-27,69.5,69.56999969482422,68.38999938964844,68.6500015258789,53.052433013916016,36493900,0.0,0.0,0.0
2018-03-28,69.08000183105469,69.55999755859375,68.77999877929688,69.05000305175781,53.361549377441406,35737600,0.0,0.0,0.0
2018-03-29,69.55000305175781,69.9800033569336,69.37000274658203,69.68000030517578,53.84841537475586,34745000,0.0,0.0,0.0
2018-04-02,69.41000366210938,69.58000183105469,68.25,68.72000122070312,53.10653305053711,52362500,0.0,0.0,0.0
2018-04-03,69.08999633789062,69.26000213623047,68.73999786376953,69.16000366210938,53.446563720703125,30413600,0.0,0.0,0.0
2018-04-04,68.3499984741211,69.43000030517578,68.31999969482422,69.4000015258789,53.63203048706055,26041500,0.0,0.0,0.0
2018-04-05,69.7300033569336,70.05000305175781,69.69000244140625,69.86000061035156,53.987525939941406,22625800,0.0,0.0,0.0
2018-04-06,69.80999755859375,70.05999755859375,69.16999816894531,69.4000015258789,53.63203048706055,24999600,0.0,0.0,0.0
2018-04-09,70.06999969482422,70.44000244140625,69.86000061035156,69.97000122070312,54.072532653808594,18498700,0.0,0.0,0.0
2018-04-10,70.66999816894531,70.88999938964844,70.5199966430664,70.72000122070312,54.652122497558594,19233800,0.0,0.0,0.0
2018-04-11,70.56999969482422,70.86000061035156,70.4000015258789,70.44999694824219,54.44347381591797,21099100,0.0,0.0,0.0
2018-04-12,70.54000091552734,70.81999969482422,70.5,70.72000122070312,54.652122497558594,18012500,0.0,0.0,0.0
2018-04-13,70.95999908447266,70.97000122070312,70.55000305175781,70.79000091552734,54.706214904785156,14515400,0.0,0.0,0.0
2018-04-16,70.97000122070312,71.0,70.73999786376953,70.9000015258789,54.791221618652344,15678300,0.0,0.0,0.0
2018-04-17,71.02999877929688,71.36000061035156,70.95999908447266,71.22000122070312,55.038509368896484,17545600,0.0,0.0,0.0
2018-04-18,71.5199966430664,71.69000244140625,71.44999694824219,71.58999633789062,55.32445526123047,17035100,0.0,0.0,0.0
2018-04-19,71.51000213623047,71.61000061035156,71.11000061035156,71.31999969482422,55.11579513549805,20004000,0.0,0.0,0.0
2018-04-20,71.08999633789062,71.1500015258789,70.91000366210938,71.05000305175781,54.90713882446289,27586500,0.0,0.0,0.0
2018-04-23,70.98999786376953,71.06999969482422,70.7699966430664,70.95999908447266,54.83759689331055,17696000,0.0,0.0,0.0
2018-04-24,71.08999633789062,71.18000030517578,70.45999908447266,70.66999816894531,54.61347961425781,22013400,0.0,0.0,0.0
2018-04-25,70.41000366210938,70.63999938964844,70.19000244140625,70.55000305175781,54.52074432373047,18280700,0.0,0.0,0.0
2018-04-26,70.9000015258789,71.01000213623047,70.72000122070312,70.9000015258789,54.791221618652344,23697700,0.0,0.0,0.0
2018-04-27,70.87999725341797,71.05000305175781,70.69000244140625,70.97000122070312,54.8453254699707,15395400,0.0,0.0,0.0
2018-04-30,70.88999938964844,71.13999938964844,70.69000244140625,70.73999786376953,54.667572021484375,21883700,0.0,0.0,0.0
2018-05-01,70.66000366210938,70.72000122070312,70.16999816894531,70.48999786376953,54.474388122558594,17308000,0.0,0.0,0.0
2018-05-02,70.8499984741211,70.94000244140625,70.41000366210938,70.45999908447266,54.451194763183594,16409400,0.0,0.0,0.0
2018-05-03,70.58000183105469,70.7699966430664,70.05000305175781,70.68000030517578,54.621212005615234,19854600,0.0,0.0,0.0
2018-05-04,70.16999816894531,71.0,70.12999725341797,70.93000030517578,54.81441116333008,17022600,0.0,0.0,0.0
2018-05-07,70.87999725341797,71.12000274658203,70.80999755859375,70.94000244140625,54.8221321105957,8172600,0.0,0.0,0.0
2018-05-08,70.69000244140625,70.94999694824219,70.55999755859375,70.94999694824219,54.829864501953125,12400300,0.0,0.0,0.0
2018-05-09,70.8499984741211,71.19999694824219,70.79000091552734,71.12000274658203,54.961238861083984,15414000,0.0,0.0,0.0
2018-05-10,71.33999633789062,71.58000183105469,71.20999908447266,71.58000183105469,55.316741943359375,18107500,0.0,0.0,0.0
2018-05-11,71.80000305175781,71.91000366210938,71.68000030517578,71.7699966430664,55.46355056762695,19083700,0.0,0.0,0.0
2018-05-14,72.02999877929688,72.0999984741211,71.81999969482422,71.9000015258789,55.56401824951172,17790300,0.0,0.0,0.0
2018-05-15,71.27999877929688,71.5199966430664,71.0999984741211,71.37999725341797,55.16215896606445,18330100,0.0,0.0,0.0
2018-05-16,71.30999755859375,71.52999877929688,71.2300033569336,71.4800033569336,55.23945236206055,13758300,0.0,0.0,0.0
2018-05-17,71.51000213623047,71.70999908447266,71.38999938964844,71.58999633789062,55.32445526123047,16191300,0.0,0.0,0.0
2018-05-18,71.37999725341797,71.44999694824219,71.2300033569336,71.33000183105469,55.12354278564453,21815600,0.0,0.0,0.0
2018-05-21,71.69000244140625,71.77999877929688,71.5999984741211,71.77999877929688,55.471282958984375,13441700,0.0,0.0,0.0
2018-05-22,71.87999725341797,71.94000244140625,71.61000061035156,71.69000244140625,55.401737213134766,12897900,0.0,0.0,0.0
2018-05-23,70.77999877929688,70.91999816894531,70.55999755859375,70.9000015258789,54.791221618652344,23332600,0.0,0.0,0.0
2018-05-24,70.77999877929688,70.80999755859375,70.20999908447266,70.68000030517578,54.621212005615234,21542400,0.0,0.0,0.0
2018-05-25,70.16999816894531,70.31999969482422,70.02999877929688,70.22000122070312,54.265716552734375,17225600,0.0,0.0,0.0
2018-05-29,69.13999938964844,69.37999725341797,68.52999877929688,68.79000091552734,53.160621643066406,57008900,0.0,0.0,0.0
2018-05-30,69.37999725341797,69.88999938964844,69.19000244140625,69.83999633789062,53.97206115722656,25531900,0.0,0.0,0.0
2018-05-31,69.62999725341797,69.69999694824219,69.11000061035156,69.4000015258789,53.63203048706055,47992800,0.0,0.0,0.0
2018-06-01,69.91999816894531,70.0199966430664,69.63999938964844,70.0,54.09571838378906,39232600,0.0,0.0,0.0
2018-06-04,70.45999908447266,70.54000091552734,70.18000030517578,70.20999908447266,54.257999420166016,18561900,0.0,0.0,0.0
2018-06-05,70.22000122070312,70.25,69.91999816894531,70.0999984741211,54.17300033569336,16641000,0.0,0.0,0.0
2018-06-06,70.3499984741211,70.7300033569336,70.18000030517578,70.7300033569336,54.65986251831055,25445400,0.0,0.0,0.0
2018-06-07,70.79000091552734,70.81999969482422,70.19999694824219,70.33000183105469,54.350730895996094,25977000,0.0,0.0,0.0
2018-06-08,70.2699966430664,70.5,70.08999633789062,70.41000366210938,54.41256332397461,23206300,0.0,0.0,0.0
2018-06-11,70.66999816894531,71.02999877929688,70.61000061035156,70.86000061035156,54.76032257080078,26145100,0.0,0.0,0.0
2018-06-12,70.72000122070312,70.76000213623047,70.3499984741211,70.41000366210938,54.41256332397461,22706300,0.0,0.0,0.0
2018-06-13,70.63999938964844,70.70999908447266,70.22000122070312,70.51000213623047,54.489830017089844,20486700,0.0,0.0,0.0
2018-06-14,70.51000213623047,70.72000122070312,70.31999969482422,70.36000061035156,54.37390899658203,24099000,0.0,0.0,0.0
2018-06-15,70.02999877929688,70.04000091552734,69.7300033569336,70.0,54.09571838378906,31433500,0.0,0.0,0.0
2018-06-18,69.2300033569336,69.5199966430664,69.13999938964844,69.5,53.70931625366211,30778500,0.0,0.0,0.0
2018-06-19,67.16000366210938,67.56999969482422,67.05999755859375,67.5199966430664,53.21592712402344,30397600,1.354,0.0,0.0
2018-06-20,67.77999877929688,67.83000183105469,67.4000015258789,67.56999969482422,53.25533676147461,38687300,0.0,0.0,0.0
2018-06-21,67.38999938964844,67.38999938964844,67.0199966430664,67.08999633789062,52.87702560424805,23793400,0.0,0.0,0.0
2018-06-22,67.94999694824219,68.12999725341797,67.66000366210938,67.80000305175781,53.436614990234375,26146100,0.0,0.0,0.0
2018-06-25,67.31999969482422,67.38999938964844,66.68000030517578,66.86000061035156,52.69575119018555,39388300,0.0,0.0,0.0
2018-06-26,67.08000183105469,67.11000061035156,66.70999908447266,66.9800033569336,52.79032516479492,23117500,0.0,0.0,0.0
2018-06-27,67.04000091552734,67.30000305175781,66.31999969482422,66.3499984741211,52.29379653930664,29616800,0.0,0.0,0.0
2018-06-28,66.33000183105469,66.68000030517578,66.19000244140625,66.5999984741211,52.49082565307617,21384800,0.0,0.0,0.0
2018-06-29,67.12000274658203,67.37000274658203,66.91000366210938,66.97000122070312,52.78244400024414,32031400,0.0,0.0,0.0
2018-07-02,66.0199966430664,66.43000030517578,66.0,66.36000061035156,52.30168151855469,39167900,0.0,0.0,0.0
2018-07-03,66.88999938964844,66.98999786376953,66.52999877929688,66.55999755859375,52.459293365478516,14919900,0.0,0.0,0.0
2018-07-05,67.16999816894531,67.2699966430664,66.97000122070312,67.22000122070312,52.979488372802734,18593200,0.0,0.0,0.0
2018-07-06,67.30999755859375,67.72000122070312,67.23999786376953,67.58000183105469,53.26321792602539,16641600,0.0,0.0,0.0
2018-07-09,68.12000274658203,68.25,67.94999694824219,68.2300033569336,53.775516510009766,20682100,0.0,0.0,0.0
2018-07-10,68.11000061035156,68.2699966430664,68.06999969482422,68.19999694824219,53.751861572265625,18981400,0.0,0.0,0.0
2018-07-11,67.43000030517578,67.61000061035156,66.86000061035156,67.05999755859375,52.853370666503906,30172400,0.0,0.0,0.0
2018-07-12,67.41999816894531,67.6500015258789,67.30000305175781,67.58000183105469,53.26321792602539,18810600,0.0,0.0,0.0
2018-07-13,67.61000061035156,67.81999969482422,67.47000122070312,67.79000091552734,53.428733825683594,17206900,0.0,0.0,0.0
2018-07-16,67.7699966430664,67.86000061035156,67.6500015258789,67.76000213623047,53.40508270263672,15422200,0.0,0.0,0.0
2018-07-17,67.58000183105469,67.95999908447266,67.54000091552734,67.87999725341797,53.49966812133789,16965000,0.0,0.0,0.0
2018-07-18,67.83000183105469,68.04000091552734,67.72000122070312,67.88999938964844,53.50754165649414,13712400,0.0,0.0,0.0
2018-07-19,67.54000091552734,67.87999725341797,67.47000122070312,67.75,53.397193908691406,26316500,0.0,0.0,0.0
2018-07-20,67.7699966430664,68.18000030517578,67.76000213623047,68.06999969482422,53.649410247802734,28610200,0.0,0.0,0.0
2018-07-23,68.06999969482422,68.13999938964844,67.94000244140625,68.06999969482422,53.649410247802734,10192900,0.0,0.0,0.0
2018-07-24,68.63999938964844,68.80000305175781,68.36000061035156,68.47000122070312,53.96467208862305,17645500,0.0,0.0,0.0
2018-07-25,68.45999908447266,69.08999633789062,68.23999786376953,68.9800033569336,54.366634368896484,29698900,0.0,0.0,0.0
2018-07-26,68.72000122070312,68.8499984741211,68.5999984741211,68.66999816894531,54.12229919433594,23009400,0.0,0.0,0.0
2018-07-27,68.97000122070312,69.11000061035156,68.7300033569336,68.80000305175781,54.224761962890625,28911800,0.0,0.0,0.0
2018-07-30,69.04000091552734,69.08999633789062,68.7699966430664,68.79000091552734,54.216880798339844,17630300,0.0,0.0,0.0
2018-07-31,69.04000091552734,69.0999984741211,68.75,68.87999725341797,54.287818908691406,25087500,0.0,0.0,0.0
2018-08-01,68.7699966430664,68.80000305175781,68.44000244140625,68.52999877929688,54.011959075927734,25402700,0.0,0.0,0.0
2018-08-02,67.79000091552734,68.08000183105469,67.72000122070312,68.08000183105469,53.65729522705078,24343200,0.0,0.0,0.0
2018-08-03,67.81999969482422,68.1500015258789,67.77999877929688,68.12000274658203,53.68882751464844,14176200,0.0,0.0,0.0
2018-08-06,67.69999694824219,67.93000030517578,67.58000183105469,67.83000183105469,53.46025085449219,12077900,0.0,0.0,0.0
2018-08-07,68.51000213623047,68.54000091552734,68.30000305175781,68.36000061035156,53.87797546386719,17495500,0.0,0.0,0.0
2018-08-08,68.27999877929688,68.43000030517578,68.12999725341797,68.30000305175781,53.8306884765625,13812800,0.0,0.0,0.0
2018-08-09,68.31999969482422,68.38999938964844,68.05999755859375,68.0999984741211,53.67305374145508,11964700,0.0,0.0,0.0
2018-08-10,66.86000061035156,66.98999786376953,66.61000061035156,66.73999786376953,52.60117721557617,28624600,0.0,0.0,0.0
2018-08-13,66.6500015258789,66.77999877929688,66.3499984741211,66.5,52.41201400756836,24817700,0.0,0.0,0.0
2018-08-14,66.58999633789062,66.6500015258789,66.37000274658203,66.48999786376953,52.40413284301758,22596700,0.0,0.0,0.0
2018-08-15,65.61000061035156,65.69000244140625,65.1500015258789,65.52999877929688,51.64751052856445,41602700,0.0,0.0,0.0
2018-08-16,65.95999908447266,66.23999786376953,65.93000030517578,65.98999786376953,52.01005172729492,23297100,0.0,0.0,0.0
2018-08-17,65.97000122070312,66.55000305175781,65.91000366210938,66.37999725341797,52.31743240356445,25722900,0.0,0.0,0.0
2018-08-20,66.63999938964844,66.81999969482422,66.62000274658203,66.73999786376953,52.60117721557617,16229300,0.0,0.0,0.0
2018-08-21,67.16999816894531,67.36000061035156,66.98999786376953,67.1500015258789,52.92430877685547,15670100,0.0,0.0,0.0
2018-08-22,67.44999694824219,67.52999877929688,67.33000183105469,67.41000366210938,53.12923812866211,13217500,0.0,0.0,0.0
2018-08-23,67.06999969482422,67.22000122070312,66.87000274658203,66.93000030517578,52.75092315673828,22030700,0.0,0.0,0.0
2018-08-24,67.2300033569336,67.45999908447266,67.13999938964844,67.31999969482422,53.05829620361328,21816600,0.0,0.0,0.0
2018-08-27,67.91000366210938,68.2699966430664,67.87000274658203,68.22000122070312,53.76763916015625,24820300,0.0,0.0,0.0
2018-08-28,68.38999938964844,68.44999694824219,68.12000274658203,68.16000366210938,53.72035217285156,19866800,0.0,0.0,0.0
2018-08-29,68.16000366210938,68.54000091552734,68.08000183105469,68.52999877929688,54.011959075927734,18107700,0.0,0.0,0.0
2018-08-30,67.94999694824219,68.05000305175781,67.70999908447266,67.87999725341797,53.49966812133789,20743000,0.0,0.0,0.0
2018-08-31,67.45999908447266,67.69000244140625,67.08000183105469,67.33999633789062,53.07405471801758,30945900,0.0,0.0,0.0
2018-09-04,66.5,66.77999877929688,66.41999816894531,66.7699966430664,52.624813079833984,25303400,0.0,0.0,0.0
2018-09-05,66.33999633789062,66.41999816894531,65.95999908447266,66.16000366210938,52.14405059814453,26850800,0.0,0.0,0.0
2018-09-06,66.05999755859375,66.22000122070312,65.6500015258789,65.95999908447266,51.98641586303711,25557900,0.0,0.0,0.0
2018-09-07,65.33000183105469,65.62999725341797,65.23999786376953,65.43000030517578,51.568687438964844,22989400,0.0,0.0,0.0
2018-09-10,65.94999694824219,65.98999786376953,65.75,65.83000183105469,51.88396072387695,15646700,0.0,0.0,0.0
2018-09-11,65.5,65.91000366210938,65.4000015258789,65.88999938964844,51.93124771118164,17652700,0.0,0.0,0.0
2018-09-12,65.95999908447266,66.33000183105469,65.91000366210938,66.16999816894531,52.15192794799805,19372500,0.0,0.0,0.0
2018-09-13,66.80999755859375,66.87000274658203,66.48999786376953,66.66000366210938,52.538116455078125,26009600,0.0,0.0,0.0
2018-09-14,66.86000061035156,66.94000244140625,66.5999984741211,66.76000213623047,52.61693572998047,21047500,0.0,0.0,0.0
2018-09-17,67.08999633789062,67.20999908447266,66.80999755859375,66.81999969482422,52.66421890258789,13679100,0.0,0.0,0.0
2018-09-18,67.30999755859375,67.62000274658203,67.30000305175781,67.5199966430664,53.21592712402344,20734400,0.0,0.0,0.0
2018-09-19,67.58999633789062,67.86000061035156,67.58999633789062,67.76000213623047,53.40508270263672,15330300,0.0,0.0,0.0
2018-09-20,68.47000122070312,68.68000030517578,68.29000091552734,68.5999984741211,54.06713104248047,24625300,0.0,0.0,0.0
2018-09-21,68.58000183105469,68.73999786376953,68.5199966430664,68.62999725341797,54.09077453613281,19003300,0.0,0.0,0.0
2018-09-24,68.63999938964844,68.66000366210938,68.31999969482422,68.31999969482422,53.84645080566406,20382700,0.0,0.0,0.0
2018-09-25,68.8499984741211,68.88999938964844,68.63999938964844,68.66000366210938,54.11442947387695,19623000,0.0,0.0,0.0
2018-09-26,68.62999725341797,69.12999725341797,68.62000274658203,68.69000244140625,54.13807678222656,26899900,0.0,0.0,0.0
2018-09-27,68.55999755859375,68.86000061035156,68.4800033569336,68.55000305175781,54.02772903442383,21555300,0.0,0.0,0.0
2018-09-28,67.93000030517578,68.2699966430664,67.8499984741211,67.98999786376953,53.58635330200195,37330500,0.0,0.0,0.0
2018-10-01,68.20999908447266,68.31999969482422,68.05000305175781,68.06999969482422,53.649410247802734,27922300,0.0,0.0,0.0
2018-10-02,67.55000305175781,67.77999877929688,67.47000122070312,67.72000122070312,53.373558044433594,18689200,0.0,0.0,0.0
2018-10-03,67.83999633789062,67.87999725341797,67.54000091552734,67.5999984741211,53.27898406982422,19372300,0.0,0.0,0.0
2018-10-04,67.16999816894531,67.19999694824219,66.5,66.80999755859375,52.656333923339844,38671500,0.0,0.0,0.0
2018-10-05,66.6500015258789,66.70999908447266,66.16000366210938,66.41000366210938,52.34108352661133,28116900,0.0,0.0,0.0
2018-10-08,65.69000244140625,66.11000061035156,65.54000091552734,66.08999633789062,52.088871002197266,24471300,0.0,0.0,0.0
2018-10-09,65.4000015258789,66.01000213623047,65.31999969482422,65.91999816894531,51.95489501953125,23011200,0.0,0.0,0.0
2018-10-10,65.68000030517578,65.68000030517578,64.37999725341797,64.5199966430664,50.851470947265625,64586200,0.0,0.0,0.0
2018-10-11,64.33000183105469,64.54000091552734,63.189998626708984,63.619998931884766,50.14214324951172,119275100,0.0,0.0,0.0
2018-10-12,64.11000061035156,64.13999938964844,63.18000030517578,63.849998474121094,50.32341766357422,66647600,0.0,0.0,0.0
2018-10-15,63.689998626708984,64.04000091552734,63.5099983215332,63.70000076293945,50.205196380615234,32702300,0.0,0.0,0.0
2018-10-16,64.52999877929688,64.91999816894531,64.43000030517578,64.79000091552734,51.06428146362305,35959100,0.0,0.0,0.0
2018-10-17,64.58999633789062,64.66999816894531,64.12000274658203,64.41999816894531,50.77265548706055,26566600,0.0,0.0,0.0
2018-10-18,64.16999816894531,64.25,63.18000030517578,63.380001068115234,49.9529914855957,48286500,0.0,0.0,0.0
2018-10-19,63.720001220703125,64.0999984741211,63.70000076293945,63.7400016784668,50.23671340942383,31924100,0.0,0.0,0.0
2018-10-22,63.79999923706055,63.849998474121094,63.27000045776367,63.459999084472656,50.01603698730469,28641300,0.0,0.0,0.0
2018-10-23,62.41999816894531,63.130001068115234,62.04999923706055,62.86000061035156,49.54314422607422,54694300,0.0,0.0,0.0
2018-10-24,62.5,62.540000915527344,61.040000915527344,61.08000183105469,48.14024353027344,62942300,0.0,0.0,0.0
2018-10-25,61.58000183105469,62.16999816894531,61.34000015258789,61.849998474121094,48.74711227416992,47758100,0.0,0.0,0.0
2018-10-26,61.09000015258789,61.83000183105469,60.58000183105469,61.43000030517578,48.416099548339844,72008800,0.0,0.0,0.0
2018-10-29,62.099998474121094,62.22999954223633,60.77000045776367,61.2599983215332,48.282108306884766,60675300,0.0,0.0,0.0
2018-10-30,61.38999938964844,62.0099983215332,61.29999923706055,62.0,48.86534118652344,50851500,0.0,0.0,0.0
2018-10-31,62.5099983215332,62.79999923706055,62.400001525878906,62.459999084472656,49.22788619995117,49348900,0.0,0.0,0.0
2018-11-01,63.0,63.27000045776367,62.7599983215332,63.2599983215332,49.858402252197266,42760200,0.0,0.0,0.0
2018-11-02,63.83000183105469,63.91999816894531,62.97999954223633,63.349998474121094,49.92934036254883,39087900,0.0,0.0,0.0
2018-11-05,63.38999938964844,63.5099983215332,63.15999984741211,63.349998474121094,49.92934036254883,23002700,0.0,0.0,0.0
2018-11-06,63.369998931884766,63.65999984741211,63.310001373291016,63.61000061035156,50.13425827026367,18973700,0.0,0.0,0.0
2018-11-07,64.19000244140625,64.5,63.97999954223633,64.45999908447266,50.80418395996094,34148400,0.0,0.0,0.0
2018-11-08,64.22000122070312,64.3499984741211,63.689998626708984,63.83000183105469,50.307647705078125,31336600,0.0,0.0,0.0
2018-11-09,63.40999984741211,63.52000045776367,63.11000061035156,63.40999984741211,49.97662353515625,27581700,0.0,0.0,0.0
2018-11-12,62.970001220703125,62.9900016784668,62.290000915527344,62.369998931884766,49.15694808959961,31068900,0.0,0.0,0.0
2018-11-13,62.529998779296875,63.08000183105469,62.369998931884766,62.63999938964844,49.36975860595703,37193900,0.0,0.0,0.0
2018-11-14,63.08000183105469,63.130001068115234,62.34000015258789,62.689998626708984,49.40916061401367,51506100,0.0,0.0,0.0
2018-11-15,62.279998779296875,63.02000045776367,61.970001220703125,62.88999938964844,49.5667839050293,54666300,0.0,0.0,0.0
2018-11-16,62.47999954223633,63.029998779296875,62.380001068115234,62.959999084472656,49.62196350097656,30723600,0.0,0.0,0.0
2018-11-19,62.91999816894531,62.95000076293945,62.25,62.40999984741211,49.188480377197266,30409700,0.0,0.0,0.0
2018-11-20,61.56999969482422,61.83000183105469,61.18000030517578,61.33000183105469,48.3372688293457,41209700,0.0,0.0,0.0
2018-11-21,62.09000015258789,62.439998626708984,61.9900016784668,62.189998626708984,49.01509094238281,32720600,0.0,0.0,0.0
2018-11-23,61.65999984741211,61.97999954223633,61.65999984741211,61.779998779296875,48.69194412231445,13336500,0.0,0.0,0.0
2018-11-26,62.560001373291016,62.77000045776367,62.5,62.709999084472656,49.424922943115234,31007400,0.0,0.0,0.0
2018-11-27,62.34000015258789,62.5099983215332,62.15999984741211,62.470001220703125,49.23576736450195,38111400,0.0,0.0,0.0
2018-11-28,62.560001373291016,63.40999984741211,62.279998779296875,63.36000061035156,49.93722152709961,40600800,0.0,0.0,0.0
2018-11-29,62.9900016784668,63.25,62.83000183105469,63.040000915527344,49.685020446777344,31259700,0.0,0.0,0.0
2018-11-30,62.68000030517578,62.84000015258789,62.4900016784668,62.77000045776367,49.47220993041992,32068600,0.0,0.0,0.0
2018-12-03,63.75,63.75,63.36000061035156,63.599998474121094,50.126380920410156,43673900,0.0,0.0,0.0
2018-12-04,63.279998779296875,63.34000015258789,61.88999938964844,61.95000076293945,48.825927734375,50079600,0.0,0.0,0.0
2018-12-06,60.900001525878906,61.41999816894531,60.22999954223633,61.369998931884766,48.368797302246094,78905500,0.0,0.0,0.0
2018-12-07,61.459999084472656,61.70000076293945,60.61000061035156,60.75,47.88015365600586,54090300,0.0,0.0,0.0
2018-12-10,60.4900016784668,60.599998474121094,59.65999984741211,60.279998779296875,47.50971984863281,61630500,0.0,0.0,0.0
2018-12-11,60.900001525878906,60.91999816894531,60.11000061035156,60.470001220703125,47.65946578979492,71163600,0.0,0.0,0.0
2018-12-12,61.41999816894531,61.779998779296875,61.36000061035156,61.36000061035156,48.36092758178711,45925600,0.0,0.0,0.0
2018-12-13,61.47999954223633,61.630001068115234,61.189998626708984,61.25,48.27423095703125,44498200,0.0,0.0,0.0
2018-12-14,60.59000015258789,60.849998474121094,60.40999984741211,60.459999084472656,47.651588439941406,50416200,0.0,0.0,0.0
2018-12-17,60.45000076293945,60.52000045776367,59.72999954223633,59.97999954223633,47.27326965332031,58508500,0.0,0.0,0.0
2018-12-18,59.619998931884766,59.81999969482422,59.20000076293945,59.38999938964844,47.3115119934082,48896500,0.638,0.0,0.0
2018-12-19,59.63999938964844,60.099998474121094,58.58000183105469,58.81999969482422,46.85743713378906,68491500,0.0,0.0,0.0
2018-12-20,58.900001525878906,59.06999969482422,58.349998474121094,58.58000183105469,46.6662483215332,97602600,0.0,0.0,0.0
2018-12-21,58.16999816894531,58.5099983215332,57.47999954223633,57.560001373291016,45.85369110107422,93622500,0.0,0.0,0.0
2018-12-24,57.560001373291016,57.790000915527344,56.84000015258789,56.88999938964844,45.31995391845703,47120300,0.0,0.0,0.0
2018-12-26,57.25,58.29999923706055,56.77000045776367,58.209999084472656,46.37149429321289,69827600,0.0,0.0,0.0
2018-12-27,57.54999923706055,58.380001068115234,57.11000061035156,58.380001068115234,46.506919860839844,76591200,0.0,0.0,0.0
2018-12-28,58.959999084472656,58.9900016784668,58.52000045776367,58.689998626708984,46.753875732421875,68541800,0.0,0.0,0.0
2018-12-31,59.02000045776367,59.060001373291016,58.58000183105469,58.779998779296875,46.8255729675293,62878800,0.0,0.0,0.0
2019-01-02,58.0,58.66999816894531,57.97999954223633,58.65999984741211,46.72998046875,38723200,0.0,0.0,0.0
2019-01-03,58.52000045776367,58.54999923706055,58.029998779296875,58.130001068115234,46.307762145996094,35012600,0.0,0.0,0.0
2019-01-04,59.08000183105469,60.119998931884766,58.9900016784668,59.90999984741211,47.72575378417969,47001700,0.0,0.0,0.0
2019-01-07,59.9900016784668,60.41999816894531,59.81999969482422,60.13999938964844,47.90897750854492,30335900,0.0,0.0,0.0
2019-01-08,60.72999954223633,60.7599983215332,60.349998474121094,60.529998779296875,48.219661712646484,26444600,0.0,0.0,0.0
2019-01-09,61.08000183105469,61.34000015258789,60.90999984741211,61.209999084472656,48.76136016845703,34615300,0.0,0.0,0.0
2019-01-10,60.970001220703125,61.459999084472656,60.91999816894531,61.45000076293945,48.95255661010742,33699300,0.0,0.0,0.0
2019-01-11,60.97999954223633,61.15999984741211,60.849998474121094,61.029998779296875,48.61797332763672,40655600,0.0,0.0,0.0
2019-01-14,60.58000183105469,60.95000076293945,60.54999923706055,60.75,48.394927978515625,28319800,0.0,0.0,0.0
2019-01-15,60.90999984741211,61.15999984741211,60.709999084472656,61.06999969482422,48.649845123291016,35202700,0.0,0.0,0.0
2019-01-16,61.130001068115234,61.310001373291016,61.099998474121094,61.2400016784668,48.78526306152344,38473900,0.0,0.0,0.0
2019-01-17,60.880001068115234,61.56999969482422,60.86000061035156,61.459999084472656,48.96051788330078,28896000,0.0,0.0,0.0
2019-01-18,62.06999969482422,62.150001525878906,61.84000015258789,62.08000183105469,49.454429626464844,39380800,0.0,0.0,0.0
2019-01-22,61.43000030517578,61.5099983215332,61.0,61.119998931884766,48.689666748046875,36637900,0.0,0.0,0.0
2019-01-23,61.63999938964844,61.689998626708984,61.150001525878906,61.400001525878906,48.9127197265625,21725600,0.0,0.0,0.0
2019-01-24,61.43000030517578,61.650001525878906,61.2599983215332,61.470001220703125,48.96849822998047,21843800,0.0,0.0,0.0
2019-01-25,62.060001373291016,62.279998779296875,62.02000045776367,62.16999816894531,49.526123046875,31128800,0.0,0.0,0.0
2019-01-28,61.66999816894531,61.88999938964844,61.58000183105469,61.83000183105469,49.255271911621094,28738200,0.0,0.0,0.0
2019-01-29,62.209999084472656,62.34000015258789,61.970001220703125,61.970001220703125,49.36680221557617,23933700,0.0,0.0,0.0
2019-01-30,62.27000045776367,62.900001525878906,62.11000061035156,62.650001525878906,49.90850830078125,30465700,0.0,0.0,0.0
2019-01-31,62.560001373291016,62.83000183105469,62.40999984741211,62.68000030517578,49.93239974975586,33012500,0.0,0.0,0.0
2019-02-01,62.689998626708984,62.83000183105469,62.5,62.65999984741211,49.91647720336914,22056000,0.0,0.0,0.0
2019-02-04,62.56999969482422,62.91999816894531,62.45000076293945,62.88999938964844,50.09968948364258,20260600,0.0,0.0,0.0
2019-02-05,63.290000915527344,63.43000030517578,63.20000076293945,63.380001068115234,50.49003982543945,29367100,0.0,0.0,0.0
2019-02-06,63.220001220703125,63.29999923706055,62.959999084472656,63.060001373291016,50.23511505126953,19675600,0.0,0.0,0.0
2019-02-07,62.56999969482422,62.66999816894531,62.09000015258789,62.220001220703125,49.56596374511719,33930700,0.0,0.0,0.0
2019-02-08,61.81999969482422,62.029998779296875,61.61000061035156,62.02000045776367,49.406639099121094,21440400,0.0,0.0,0.0
2019-02-11,61.959999084472656,62.09000015258789,61.81999969482422,61.959999084472656,49.35883712768555,22453000,0.0,0.0,0.0
2019-02-12,62.540000915527344,62.709999084472656,62.5,62.68000030517578,49.93239974975586,28176300,0.0,0.0,0.0
2019-02-13,62.900001525878906,63.04999923706055,62.689998626708984,62.689998626708984,49.940372467041016,22923500,0.0,0.0,0.0
2019-02-14,62.70000076293945,62.91999816894531,62.529998779296875,62.709999084472656,49.956298828125,23166900,0.0,0.0,0.0
2019-02-15,63.34000015258789,63.619998931884766,62.709999084472656,63.619998931884766,50.68122863769531,29544700,0.0,0.0,0.0
2019-02-19,63.40999984741211,63.970001220703125,63.40999984741211,63.86000061035156,50.8724250793457,19126800,0.0,0.0,0.0
2019-02-20,63.939998626708984,64.30000305175781,63.93000030517578,64.04000091552734,51.015811920166016,27833100,0.0,0.0,0.0
2019-02-21,63.9900016784668,64.04000091552734,63.75,63.90999984741211,50.912254333496094,19709600,0.0,0.0,0.0
2019-02-22,64.0999984741211,64.2699966430664,64.0199966430664,64.12000274658203,51.07954025268555,19653800,0.0,0.0,0.0
2019-02-25,64.5199966430664,64.58000183105469,64.27999877929688,64.30999755859375,51.23090362548828,21208900,0.0,0.0,0.0
2019-02-26,64.41999816894531,64.7699966430664,64.38999938964844,64.62000274658203,51.47785568237305,23246200,0.0,0.0,0.0
2019-02-27,64.5,64.58000183105469,64.30000305175781,64.36000061035156,51.270729064941406,19933400,0.0,0.0,0.0
2019-02-28,64.30999755859375,64.45999908447266,64.19999694824219,64.2699966430664,51.199039459228516,27730700,0.0,0.0,0.0
2019-03-01,64.63999938964844,64.75,64.38999938964844,64.62000274658203,51.47785568237305,26191800,0.0,0.0,0.0
2019-03-04,64.68000030517578,64.70999908447266,64.12000274658203,64.37999725341797,51.28666305541992,22255100,0.0,0.0,0.0
2019-03-05,64.36000061035156,64.61000061035156,64.2699966430664,64.44000244140625,51.33446502685547,22315100,0.0,0.0,0.0
2019-03-06,64.55000305175781,64.56999969482422,64.25,64.27999877929688,51.207000732421875,14060100,0.0,0.0,0.0
2019-03-07,64.0,64.06999969482422,63.45000076293945,63.459999084472656,50.55376434326172,29445800,0.0,0.0,0.0
2019-03-08,63.06999969482422,63.470001220703125,63.060001373291016,63.470001220703125,50.561737060546875,21427600,0.0,0.0,0.0
2019-03-11,63.5099983215332,64.04000091552734,63.5099983215332,64.0199966430664,50.999881744384766,16204800,0.0,0.0,0.0
2019-03-12,63.9900016784668,64.11000061035156,63.900001525878906,63.97999954223633,50.96802520751953,31559400,0.0,0.0,0.0
2019-03-13,64.22000122070312,64.58999633789062,64.22000122070312,64.52999877929688,51.406158447265625,17856300,0.0,0.0,0.0
2019-03-14,64.48999786376953,64.6500015258789,64.38999938964844,64.5199966430664,51.398189544677734,20861400,0.0,0.0,0.0
2019-03-15,64.97000122070312,65.23999786376953,64.93000030517578,65.22000122070312,51.95582580566406,44272000,0.0,0.0,0.0
2019-03-18,65.33000183105469,65.4800033569336,65.22000122070312,65.44999694824219,52.13905334472656,27734300,0.0,0.0,0.0
2019-03-19,65.83999633789062,65.87999725341797,65.44000244140625,65.58000183105469,52.242618560791016,32094800,0.0,0.0,0.0
2019-03-20,65.33000183105469,65.91999816894531,65.11000061035156,65.61000061035156,52.26651382446289,33136000,0.0,0.0,0.0
2019-03-21,65.16999816894531,65.62999725341797,65.16000366210938,65.56999969482422,52.23465347290039,34686500,0.0,0.0,0.0
2019-03-22,64.8499984741211,64.95999908447266,64.27999877929688,64.30999755859375,51.23090362548828,36194200,0.0,0.0,0.0
2019-03-25,64.26000213623047,64.44999694824219,64.0999984741211,64.4000015258789,51.3026008605957,26707900,0.0,0.0,0.0
2019-03-26,64.87000274658203,64.94000244140625,64.61000061035156,64.72000122070312,51.55752182006836,36734400,0.0,0.0,0.0
2019-03-27,64.88999938964844,64.97000122070312,64.30999755859375,64.75,51.5814208984375,21772300,0.0,0.0,0.0
2019-03-28,64.62999725341797,64.70999908447266,64.36000061035156,64.58999633789062,51.453956604003906,16531200,0.0,0.0,0.0
2019-03-29,64.87000274658203,64.9000015258789,64.56999969482422,64.86000061035156,51.669044494628906,23423900,0.0,0.0,0.0
2019-04-01,65.4800033569336,65.70999908447266,65.38999938964844,65.69000244140625,52.33024215698242,33228100,0.0,0.0,0.0
2019-04-02,65.5999984741211,65.73999786376953,65.43000030517578,65.70999908447266,52.34617233276367,18209100,0.0,0.0,0.0
2019-04-03,66.16999816894531,66.37999725341797,66.08999633789062,66.22000122070312,52.75245666503906,25471600,0.0,0.0,0.0
2019-04-04,65.98999786376953,66.12999725341797,65.95999908447266,66.08000183105469,52.640933990478516,23580500,0.0,0.0,0.0
2019-04-05,66.02999877929688,66.25,66.02999877929688,66.25,52.77635192871094,27828800,0.0,0.0,0.0
2019-04-08,66.23999786376953,66.29000091552734,66.08000183105469,66.29000091552734,52.80821228027344,21464100,0.0,0.0,0.0
2019-04-09,66.05000305175781,66.05999755859375,65.83999633789062,65.87000274658203,52.4736328125,17074900,0.0,0.0,0.0
2019-04-10,65.95999908447266,66.13999938964844,65.87999725341797,66.12000274658203,52.67279052734375,25289300,0.0,0.0,0.0
2019-04-11,66.05000305175781,66.12999725341797,65.8499984741211,65.9800033569336,52.5612678527832,16309400,0.0,0.0,0.0
2019-04-12,66.41999816894531,66.47000122070312,66.29000091552734,66.44000244140625,52.92771911621094,31507700,0.0,0.0,0.0
2019-04-15,66.48999786376953,66.51000213623047,66.33000183105469,66.47000122070312,52.95161819458008,11608000,0.0,0.0,0.0
2019-04-16,66.7300033569336,66.73999786376953,66.47000122070312,66.5199966430664,52.99143600463867,19958100,0.0,0.0,0.0
2019-04-17,66.8499984741211,66.87000274658203,66.5999984741211,66.70999908447266,53.14279556274414,23540000,0.0,0.0,0.0
2019-04-18,66.70999908447266,66.75,66.51000213623047,66.66999816894531,53.11094284057617,21794000,0.0,0.0,0.0
2019-04-22,66.45999908447266,66.66999816894531,66.41999816894531,66.55999755859375,53.02330017089844,21336700,0.0,0.0,0.0
2019-04-23,66.44000244140625,66.72000122070312,66.4000015258789,66.69000244140625,53.12687301635742,17741400,0.0,0.0,0.0
2019-04-24,66.33999633789062,66.4000015258789,66.11000061035156,66.2300033569336,52.76042175292969,26417500,0.0,0.0,0.0
2019-04-25,66.0199966430664,66.19999694824219,65.95999908447266,66.18000030517578,52.7205810546875,16020300,0.0,0.0,0.0
2019-04-26,66.30000305175781,66.45999908447266,66.19999694824219,66.44999694824219,52.93567657470703,17705700,0.0,0.0,0.0
2019-04-29,66.4800033569336,66.73999786376953,66.43000030517578,66.72000122070312,53.15076446533203,16992700,0.0,0.0,0.0
2019-04-30,66.69999694824219,66.87000274658203,66.4800033569336,66.76000213623047,53.18263626098633,36645900,0.0,0.0,0.0
2019-05-01,66.86000061035156,66.9800033569336,66.33000183105469,66.37999725341797,52.879905700683594,25870800,0.0,0.0,0.0
2019-05-02,66.44000244140625,66.47000122070312,66.11000061035156,66.27999877929688,52.80025100708008,21120700,0.0,0.0,0.0
2019-05-03,66.58999633789062,66.98999786376953,66.55000305175781,66.98999786376953,53.365848541259766,22117400,0.0,0.0,0.0
2019-05-06,65.5199966430664,66.31999969482422,65.5,66.2300033569336,52.76042175292969,24641100,0.0,0.0,0.0
2019-05-07,65.62999725341797,65.69000244140625,64.86000061035156,65.06999969482422,51.83633804321289,30661400,0.0,0.0,0.0
2019-05-08,65.08999633789062,65.38999938964844,64.97000122070312,65.1500015258789,51.90006637573242,31028300,0.0,0.0,0.0
2019-05-09,64.44000244140625,64.91999816894531,64.2300033569336,64.8499984741211,51.66107940673828,28991500,0.0,0.0,0.0
2019-05-10,64.83999633789062,65.3499984741211,64.47000122070312,65.33000183105469,52.0434684753418,34968000,0.0,0.0,0.0
2019-05-13,64.12999725341797,64.22000122070312,63.709999084472656,63.810001373291016,50.83258819580078,42253200,0.0,0.0,0.0
2019-05-14,64.2699966430664,64.62000274658203,64.20999908447266,64.44999694824219,51.34243392944336,32214000,0.0,0.0,0.0
2019-05-15,63.97999954223633,64.79000091552734,63.95000076293945,64.68000030517578,51.5256462097168,39054900,0.0,0.0,0.0
2019-05-16,64.91999816894531,65.41000366210938,64.91000366210938,65.19999694824219,51.93989944458008,27414300,0.0,0.0,0.0
2019-05-17,64.80000305175781,65.11000061035156,64.72000122070312,64.7699966430664,51.59734344482422,35566300,0.0,0.0,0.0
2019-05-20,64.51000213623047,64.7300033569336,64.3499984741211,64.51000213623047,51.39023208618164,27914500,0.0,0.0,0.0
2019-05-21,64.86000061035156,65.02999877929688,64.69999694824219,64.94000244140625,51.7327766418457,20838900,0.0,0.0,0.0
2019-05-22,64.62000274658203,64.83000183105469,64.61000061035156,64.68000030517578,51.5256462097168,22818000,0.0,0.0,0.0
2019-05-23,64.0,64.16000366210938,63.81999969482422,64.08999633789062,51.05564498901367,29106800,0.0,0.0,0.0
2019-05-24,64.7699966430664,64.79000091552734,64.54000091552734,64.77999877929688,51.60531997680664,23320000,0.0,0.0,0.0
2019-05-28,64.7300033569336,64.83999633789062,64.12999725341797,64.1500015258789,51.10344314575195,32637000,0.0,0.0,0.0
2019-05-29,63.68000030517578,63.75,63.439998626708984,63.7400016784668,50.77682113647461,32910400,0.0,0.0,0.0
2019-05-30,63.81999969482422,63.9900016784668,63.7400016784668,63.97999954223633,50.96802520751953,28874300,0.0,0.0,0.0
2019-05-31,63.130001068115234,63.470001220703125,63.06999969482422,63.400001525878906,50.5059700012207,34278600,0.0,0.0,0.0
2019-06-03,63.59000015258789,63.869998931884766,63.40999984741211,63.77000045776367,50.800724029541016,36735900,0.0,0.0,0.0
2019-06-04,64.20999908447266,64.55999755859375,64.04000091552734,64.5,51.382259368896484,34241600,0.0,0.0,0.0
2019-06-05,64.79000091552734,64.80000305175781,64.37999725341797,64.4800033569336,51.3663330078125,19015300,0.0,0.0,0.0
2019-06-06,64.7300033569336,64.87999725341797,64.55999755859375,64.73999786376953,51.573448181152344,28586900,0.0,0.0,0.0
2019-06-07,65.36000061035156,65.7300033569336,65.33000183105469,65.55999755859375,52.22667694091797,31020100,0.0,0.0,0.0
2019-06-10,65.7300033569336,65.91999816894531,65.66999816894531,65.73999786376953,52.37007522583008,21435800,0.0,0.0,0.0
2019-06-11,66.33999633789062,66.36000061035156,65.9800033569336,66.06999969482422,52.63296127319336,22255000,0.0,0.0,0.0
2019-06-12,65.80999755859375,65.9000015258789,65.55000305175781,65.58000183105469,52.242618560791016,17110500,0.0,0.0,0.0
2019-06-13,65.73999786376953,65.7699966430664,65.47000122070312,65.63999938964844,52.29042053222656,24194500,0.0,0.0,0.0
2019-06-14,65.25,65.25,65.08999633789062,65.16000366210938,51.90803909301758,37202100,0.0,0.0,0.0
2019-06-17,63.79999923706055,63.959999084472656,63.7599983215332,63.83000183105469,51.945465087890625,22615800,1.376,0.0,0.0
2019-06-18,64.3499984741211,64.70999908447266,64.33000183105469,64.68000030517578,52.63720703125,34024300,0.0,0.0,0.0
2019-06-19,64.83000183105469,65.19999694824219,64.77999877929688,65.08000183105469,52.962738037109375,25092700,0.0,0.0,0.0
2019-06-20,65.83000183105469,65.86000061035156,65.44000244140625,65.6500015258789,53.42660140991211,32817400,0.0,0.0,0.0
2019-06-21,65.37000274658203,65.55999755859375,65.31999969482422,65.37000274658203,53.1987419128418,25032400,0.0,0.0,0.0
2019-06-24,65.55999755859375,65.63999938964844,65.48999786376953,65.51000213623047,53.31266784667969,23238800,0.0,0.0,0.0
2019-06-25,65.58000183105469,65.5999984741211,65.12000274658203,65.12000274658203,52.99528503417969,24373000,0.0,0.0,0.0
2019-06-26,65.37000274658203,65.41000366210938,65.19999694824219,65.19999694824219,53.060386657714844,13170700,0.0,0.0,0.0
2019-06-27,65.37000274658203,65.47000122070312,65.33000183105469,65.36000061035156,53.19059371948242,14439800,0.0,0.0,0.0
2019-06-28,65.63999938964844,65.80000305175781,65.5999984741211,65.7300033569336,53.49171447753906,27667900,0.0,0.0,0.0
2019-07-01,66.38999938964844,66.38999938964844,65.87999725341797,66.04000091552734,53.74398422241211,25538600,0.0,0.0,0.0
2019-07-02,66.16999816894531,66.29000091552734,66.12999725341797,66.2300033569336,53.89862060546875,26045900,0.0,0.0,0.0
2019-07-03,66.58999633789062,66.72000122070312,66.55000305175781,66.68000030517578,54.26482009887695,14359300,0.0,0.0,0.0
2019-07-05,66.0999984741211,66.20999908447266,65.76000213623047,66.16999816894531,53.84978485107422,21696200,0.0,0.0,0.0
2019-07-08,65.80000305175781,65.91999816894531,65.75,65.79000091552734,53.540531158447266,15839500,0.0,0.0,0.0
2019-07-09,65.33000183105469,65.54000091552734,65.30000305175781,65.51000213623047,53.31266784667969,11661800,0.0,0.0,0.0
2019-07-10,65.81999969482422,65.93000030517578,65.62000274658203,65.73999786376953,53.499847412109375,15051500,0.0,0.0,0.0
2019-07-11,65.87000274658203,65.9000015258789,65.55000305175781,65.72000122070312,53.48357009887695,14023800,0.0,0.0,0.0
2019-07-12,65.69000244140625,65.80000305175781,65.58999633789062,65.80000305175781,53.548675537109375,14459500,0.0,0.0,0.0
2019-07-15,65.87000274658203,65.91999816894531,65.76000213623047,65.86000061035156,53.59750747680664,12363200,0.0,0.0,0.0
2019-07-16,65.66999816894531,65.80000305175781,65.52999877929688,65.58999633789062,53.377769470214844,23641400,0.0,0.0,0.0
2019-07-17,65.76000213623047,65.76000213623047,65.47000122070312,65.5,53.30453109741211,13318800,0.0,0.0,0.0
2019-07-18,65.25,65.69999694824219,65.18000030517578,65.69999694824219,53.46729278564453,18639700,0.0,0.0,0.0
2019-07-19,65.66999816894531,65.75,65.4800033569336,65.51000213623047,53.31266784667969,16908600,0.0,0.0,0.0
2019-07-22,65.5999984741211,65.66000366210938,65.47000122070312,65.58000183105469,53.3696403503418,15203900,0.0,0.0,0.0
2019-07-23,65.9800033569336,66.05000305175781,65.83999633789062,65.98999786376953,53.70329666137695,22078400,0.0,0.0,0.0
2019-07-24,65.80999755859375,66.04000091552734,65.80000305175781,66.04000091552734,53.74398422241211,11192500,0.0,0.0,0.0
2019-07-25,65.83999633789062,65.86000061035156,65.30000305175781,65.37000274658203,53.1987419128418,24288100,0.0,0.0,0.0
2019-07-26,65.55000305175781,65.5999984741211,65.47000122070312,65.5,53.30453109741211,16616500,0.0,0.0,0.0
2019-07-29,65.72000122070312,65.7300033569336,65.52999877929688,65.63999938964844,53.4184684753418,11655500,0.0,0.0,0.0
2019-07-30,64.9000015258789,64.94000244140625,64.7300033569336,64.87999725341797,52.79996871948242,24945300,0.0,0.0,0.0
2019-07-31,64.8499984741211,65.04000091552734,64.0,64.44999694824219,52.45003128051758,32619000,0.0,0.0,0.0
2019-08-01,64.52999877929688,65.06999969482422,64.01000213623047,64.2699966430664,52.30353927612305,38568600,0.0,0.0,0.0
2019-08-02,64.0199966430664,64.0199966430664,63.45000076293945,63.70000076293945,51.83967971801758,37778000,0.0,0.0,0.0
2019-08-05,62.779998779296875,62.779998779296875,61.83000183105469,62.11000061035156,50.545719146728516,54766700,0.0,0.0,0.0
2019-08-06,62.599998474121094,62.689998626708984,62.08000183105469,62.529998779296875,50.887516021728516,33907400,0.0,0.0,0.0
2019-08-07,62.27000045776367,62.88999938964844,62.09000015258789,62.77000045776367,51.082828521728516,41814700,0.0,0.0,0.0
2019-08-08,63.02000045776367,63.540000915527344,62.939998626708984,63.380001068115234,51.57925796508789,29156400,0.0,0.0,0.0
2019-08-09,63.189998626708984,63.2400016784668,62.790000915527344,62.939998626708984,51.2211799621582,23227400,0.0,0.0,0.0
2019-08-12,62.689998626708984,62.869998931884766,62.33000183105469,62.439998626708984,50.81427764892578,21906000,0.0,0.0,0.0
2019-08-13,62.31999969482422,63.20000076293945,62.2599983215332,63.029998779296875,51.2944221496582,30781900,0.0,0.0,0.0
2019-08-14,61.86000061035156,61.939998626708984,61.29999923706055,61.29999923706055,49.88652420043945,39692900,0.0,0.0,0.0
2019-08-15,61.58000183105469,61.70000076293945,61.2599983215332,61.5099983215332,50.05743408203125,40936100,0.0,0.0,0.0
2019-08-16,61.86000061035156,62.310001373291016,61.86000061035156,62.25,50.65965270996094,22856400,0.0,0.0,0.0
2019-08-19,62.81999969482422,62.849998474121094,62.619998931884766,62.630001068115234,50.96889877319336,22998600,0.0,0.0,0.0
2019-08-20,62.61000061035156,62.630001068115234,62.34000015258789,62.41999816894531,50.79799270629883,21710200,0.0,0.0,0.0
2019-08-21,63.099998474121094,63.099998474121094,62.86000061035156,62.86000061035156,51.15607452392578,25971800,0.0,0.0,0.0
2019-08-22,62.88999938964844,62.970001220703125,62.5099983215332,62.7400016784668,51.05842590332031,20505100,0.0,0.0,0.0
2019-08-23,62.59000015258789,63.0099983215332,61.95000076293945,61.959999084472656,50.423648834228516,34410500,0.0,0.0,0.0
2019-08-26,62.59000015258789,62.61000061035156,62.2599983215332,62.470001220703125,50.838680267333984,27774800,0.0,0.0,0.0
2019-08-27,62.77000045776367,62.81999969482422,62.41999816894531,62.41999816894531,50.79799270629883,24511400,0.0,0.0,0.0
2019-08-28,62.27000045776367,62.630001068115234,62.09000015258789,62.41999816894531,50.79799270629883,25028400,0.0,0.0,0.0
2019-08-29,63.02000045776367,63.09000015258789,62.79999923706055,62.959999084472656,51.237457275390625,19046700,0.0,0.0,0.0
2019-08-30,63.400001525878906,63.41999816894531,62.93000030517578,63.209999084472656,51.44090270996094,33527300,0.0,0.0,0.0
2019-09-03,62.849998474121094,63.099998474121094,62.779998779296875,63.09000015258789,51.3432502746582,33998200,0.0,0.0,0.0
2019-09-04,63.7400016784668,63.97999954223633,63.65999984741211,63.97999954223633,52.06754684448242,25619300,0.0,0.0,0.0
2019-09-05,64.43000030517578,64.56999969482422,64.30999755859375,64.31999969482422,52.34423065185547,22265900,0.0,0.0,0.0
2019-09-06,64.51000213623047,64.69000244140625,64.45999908447266,64.52999877929688,52.515132904052734,21338300,0.0,0.0,0.0
2019-09-09,64.7300033569336,64.7300033569336,64.56999969482422,64.72000122070312,52.66975402832031,15965600,0.0,0.0,0.0
2019-09-10,64.5999984741211,64.88999938964844,64.47000122070312,64.83000183105469,52.75927734375,19028800,0.0,0.0,0.0
2019-09-11,65.0199966430664,65.20999908447266,64.95999908447266,65.19000244140625,53.0522575378418,18413200,0.0,0.0,0.0
2019-09-12,65.23999786376953,65.66000366210938,65.1500015258789,65.56999969482422,53.36149597167969,30292200,0.0,0.0,0.0
2019-09-13,65.88999938964844,66.08000183105469,65.80000305175781,65.94000244140625,53.662620544433594,22132200,0.0,0.0,0.0
2019-09-16,65.52999877929688,65.56999969482422,65.30999755859375,65.3499984741211,53.18244934082031,31083600,0.0,0.0,0.0
2019-09-17,65.25,65.62000274658203,65.19000244140625,65.56999969482422,53.36149597167969,23554300,0.0,0.0,0.0
2019-09-18,65.41000366210938,65.58000183105469,65.11000061035156,65.48999786376953,53.29639434814453,17807600,0.0,0.0,0.0
2019-09-19,65.83000183105469,65.94000244140625,65.69000244140625,65.70999908447266,53.475433349609375,18972500,0.0,0.0,0.0
2019-09-20,65.79000091552734,65.9000015258789,65.4800033569336,65.55999755859375,53.353355407714844,35368700,0.0,0.0,0.0
2019-09-23,65.19999694824219,65.44000244140625,65.12999725341797,65.38999938964844,53.21500778198242,15457000,0.0,0.0,0.0
2019-09-24,65.55000305175781,65.61000061035156,65.0999984741211,65.13999938964844,53.01156234741211,32233100,0.0,0.0,0.0
2019-09-25,64.79000091552734,65.05000305175781,64.55999755859375,64.94999694824219,52.856937408447266,21342600,0.0,0.0,0.0
2019-09-26,65.30000305175781,65.3499984741211,65.08000183105469,65.19000244140625,53.0522575378418,25098000,0.0,0.0,0.0
2019-09-27,65.19000244140625,65.30000305175781,64.83000183105469,64.97000122070312,52.87321090698242,20607400,0.0,0.0,0.0
2019-09-30,64.97000122070312,65.23999786376953,64.94999694824219,65.20999908447266,53.06852722167969,25423400,0.0,0.0,0.0
2019-10-01,65.0199966430664,65.06999969482422,64.45999908447266,64.56999969482422,52.54768371582031,42550500,0.0,0.0,0.0
2019-10-02,63.72999954223633,63.779998779296875,63.099998474121094,63.25,51.47345733642578,43464100,0.0,0.0,0.0
2019-10-03,63.2599983215332,63.689998626708984,62.97999954223633,63.66999816894531,51.81525802612305,39571700,0.0,0.0,0.0
2019-10-04,63.720001220703125,64.19999694824219,63.68000030517578,64.16999816894531,52.222164154052734,18837500,0.0,0.0,0.0
2019-10-07,64.12000274658203,64.41000366210938,64.08000183105469,64.08999633789062,52.15705871582031,19228000,0.0,0.0,0.0
2019-10-08,63.7599983215332,63.810001373291016,63.439998626708984,63.4900016784668,51.66877746582031,27797800,0.0,0.0,0.0
2019-10-09,63.91999816894531,64.08000183105469,63.77000045776367,63.95000076293945,52.04312515258789,22989500,0.0,0.0,0.0
2019-10-10,63.91999816894531,64.43000030517578,63.880001068115234,64.4000015258789,52.40933609008789,25532400,0.0,0.0,0.0
2019-10-11,65.37000274658203,65.81999969482422,65.37000274658203,65.55000305175781,53.34522247314453,37665600,0.0,0.0,0.0
2019-10-14,65.23999786376953,65.41000366210938,65.19999694824219,65.27999877929688,53.125492095947266,12662000,0.0,0.0,0.0
2019-10-15,65.55999755859375,66.25,65.51000213623047,66.04000091552734,53.74398422241211,24932600,0.0,0.0,0.0
2019-10-16,66.0199966430664,66.29000091552734,65.97000122070312,66.13999938964844,53.82537841796875,28518700,0.0,0.0,0.0
2019-10-17,66.4800033569336,66.52999877929688,66.12999725341797,66.30000305175781,53.955589294433594,26853900,0.0,0.0,0.0
2019-10-18,66.20999908447266,66.37999725341797,66.01000213623047,66.2699966430664,53.93117141723633,21446100,0.0,0.0,0.0
2019-10-21,66.70999908447266,66.75,66.58999633789062,66.62999725341797,54.22413635253906,29016200,0.0,0.0,0.0
2019-10-22,66.68000030517578,66.91000366210938,66.45999908447266,66.47000122070312,54.09393310546875,21293000,0.0,0.0,0.0
2019-10-23,66.5999984741211,66.83000183105469,66.5199966430664,66.83000183105469,54.38690948486328,14206200,0.0,0.0,0.0
2019-10-24,67.06999969482422,67.08000183105469,66.81999969482422,66.94999694824219,54.48454666137695,23429100,0.0,0.0,0.0
2019-10-25,66.76000213623047,67.06999969482422,66.75,67.0199966430664,54.54152297973633,17184200,0.0,0.0,0.0
2019-10-28,67.12000274658203,67.33999633789062,67.11000061035156,67.31999969482422,54.78566360473633,16490600,0.0,0.0,0.0
2019-10-29,67.05999755859375,67.33000183105469,67.02999877929688,67.30000305175781,54.7693977355957,15251900,0.0,0.0,0.0
2019-10-30,67.23999786376953,67.58000183105469,66.91999816894531,67.58000183105469,54.99725341796875,22592900,0.0,0.0,0.0
2019-10-31,67.37000274658203,67.41999816894531,67.11000061035156,67.41999816894531,54.86703872680664,22047900,0.0,0.0,0.0
2019-11-01,67.8499984741211,68.0199966430664,67.80999755859375,68.0199966430664,55.355323791503906,32338600,0.0,0.0,0.0
2019-11-04,68.4800033569336,68.52999877929688,68.2300033569336,68.37000274658203,55.640167236328125,20429900,0.0,0.0,0.0
2019-11-05,68.29000091552734,68.3499984741211,68.11000061035156,68.23999786376953,55.534358978271484,15727300,0.0,0.0,0.0
2019-11-06,68.30999755859375,68.37999725341797,68.11000061035156,68.20999908447266,55.50995635986328,16600200,0.0,0.0,0.0
2019-11-07,68.58999633789062,68.63999938964844,68.38999938964844,68.41999816894531,55.68085479736328,21271500,0.0,0.0,0.0
2019-11-08,68.18000030517578,68.37999725341797,68.02999877929688,68.37999725341797,55.64830017089844,10298800,0.0,0.0,0.0
2019-11-11,68.0199966430664,68.30999755859375,68.0199966430664,68.29000091552734,55.57505798339844,8544000,0.0,0.0,0.0
2019-11-12,68.27999877929688,68.45999908447266,68.18000030517578,68.31999969482422,55.5994758605957,18570100,0.0,0.0,0.0
2019-11-13,67.83999633789062,68.12000274658203,67.81999969482422,68.08000183105469,55.40415954589844,21006500,0.0,0.0,0.0
2019-11-14,67.7300033569336,67.93000030517578,67.66000366210938,67.88999938964844,55.24952697753906,17870900,0.0,0.0,0.0
2019-11-15,68.05000305175781,68.31999969482422,68.05000305175781,68.31999969482422,55.5994758605957,23494600,0.0,0.0,0.0
2019-11-18,68.23999786376953,68.45999908447266,68.12999725341797,68.4000015258789,55.66458511352539,20587500,0.0,0.0,0.0
2019-11-19,68.5999984741211,68.62999725341797,68.22000122070312,68.30999755859375,55.59135055541992,18664800,0.0,0.0,0.0
2019-11-20,67.94000244140625,68.0999984741211,67.68000030517578,67.87999725341797,55.24140548706055,20655200,0.0,0.0,0.0
2019-11-21,67.87000274658203,67.9000015258789,67.62000274658203,67.79000091552734,55.16815948486328,14293400,0.0,0.0,0.0
2019-11-22,68.05999755859375,68.11000061035156,67.81999969482422,67.9800033569336,55.32278823852539,14969300,0.0,0.0,0.0
2019-11-25,68.27999877929688,68.5199966430664,68.27999877929688,68.5199966430664,55.762229919433594,19329100,0.0,0.0,0.0
2019-11-26,68.41000366210938,68.54000091552734,68.36000061035156,68.4800033569336,55.72969055175781,24276000,0.0,0.0,0.0
2019-11-27,68.56999969482422,68.69000244140625,68.54000091552734,68.66000366210938,55.87617111206055,16942100,0.0,0.0,0.0
2019-11-29,68.22000122070312,68.33999633789062,68.13999938964844,68.18000030517578,55.485538482666016,11587200,0.0,0.0,0.0
2019-12-02,68.0999984741211,68.13999938964844,67.52999877929688,67.83000183105469,55.20071029663086,38855400,0.0,0.0,0.0
2019-12-03,67.2300033569336,67.62000274658203,67.0199966430664,67.58000183105469,54.99725341796875,28161500,0.0,0.0,0.0
2019-12-04,68.0,68.20999908447266,67.94000244140625,68.19999694824219,55.50181198120117,21762200,0.0,0.0,0.0
2019-12-05,68.23999786376953,68.23999786376953,67.95999908447266,68.06999969482422,55.396018981933594,21039700,0.0,0.0,0.0
2019-12-06,68.62000274658203,68.70999908447266,68.55000305175781,68.69000244140625,55.900596618652344,23179600,0.0,0.0,0.0
2019-12-09,68.56999969482422,68.68000030517578,68.33000183105469,68.33000183105469,55.60760498046875,21946200,0.0,0.0,0.0
2019-12-10,68.26000213623047,68.5,68.13999938964844,68.36000061035156,55.632022857666016,23419000,0.0,0.0,0.0
2019-12-11,68.38999938964844,68.79000091552734,68.37000274658203,68.72000122070312,55.92500305175781,16546800,0.0,0.0,0.0
2019-12-12,68.63999938964844,69.25,68.5999984741211,69.18000030517578,56.299346923828125,30690900,0.0,0.0,0.0
2019-12-13,69.55999755859375,69.9800033569336,69.4000015258789,69.66000366210938,56.68998718261719,46988400,0.0,0.0,0.0
2019-12-16,69.5999984741211,69.70999908447266,69.51000213623047,69.62000274658203,57.295684814453125,34004700,0.776,0.0,0.0
2019-12-17,69.30000305175781,69.4000015258789,69.22000122070312,69.22000122070312,56.966495513916016,28111100,0.0,0.0,0.0
2019-12-18,69.13999938964844,69.20999908447266,69.01000213623047,69.12999725341797,56.89243698120117,18590900,0.0,0.0,0.0
2019-12-19,68.98999786376953,69.1500015258789,68.93000030517578,69.12999725341797,56.89243698120117,25939200,0.0,0.0,0.0
2019-12-20,69.29000091552734,69.31999969482422,69.16000366210938,69.18000030517578,56.9335823059082,38587700,0.0,0.0,0.0
2019-12-23,69.23999786376953,69.33000183105469,69.18000030517578,69.29000091552734,57.02411651611328,21313800,0.0,0.0,0.0
2019-12-24,69.27999877929688,69.27999877929688,69.16000366210938,69.22000122070312,56.966495513916016,5947000,0.0,0.0,0.0
2019-12-26,69.3499984741211,69.54000091552734,69.2699966430664,69.5199966430664,57.2133903503418,8372000,0.0,0.0,0.0
2019-12-27,69.83999633789062,69.8499984741211,69.58999633789062,69.63999938964844,57.31214904785156,16281600,0.0,0.0,0.0
2019-12-30,69.76000213623047,69.7699966430664,69.0999984741211,69.12000274658203,56.88420104980469,24069000,0.0,0.0,0.0
2019-12-31,69.19000244140625,69.4800033569336,68.97000122070312,69.44000244140625,57.147560119628906,20142100,0.0,0.0,0.0
2020-01-02,69.95999908447266,70.16000366210938,69.83999633789062,70.13999938964844,57.7236442565918,24749300,0.0,0.0,0.0
2020-01-03,69.19000244140625,69.69999694824219,69.19000244140625,69.2699966430664,57.00764083862305,29921500,0.0,0.0,0.0
2020-01-06,69.16000366210938,69.56999969482422,69.1500015258789,69.54000091552734,57.22985076904297,22636400,0.0,0.0,0.0
2020-01-07,69.5199966430664,69.54000091552734,69.30000305175781,69.3499984741211,57.073486328125,15107500,0.0,0.0,0.0
2020-01-08,69.2699966430664,69.73999786376953,69.26000213623047,69.55000305175781,57.23808288574219,14249500,0.0,0.0,0.0
2020-01-09,69.68000030517578,69.75,69.54000091552734,69.70999908447266,57.369747161865234,13749100,0.0,0.0,0.0
2020-01-10,69.66000366210938,69.77999877929688,69.37000274658203,69.44999694824219,57.15578079223633,33832300,0.0,0.0,0.0
2020-01-13,69.51000213623047,69.8499984741211,69.37000274658203,69.80999755859375,57.45205307006836,16443000,0.0,0.0,0.0
2020-01-14,69.68000030517578,70.0,69.66999816894531,69.87999725341797,57.50965881347656,28826600,0.0,0.0,0.0
2020-01-15,69.81999969482422,69.98999786376953,69.79000091552734,69.87999725341797,57.50965881347656,12217900,0.0,0.0,0.0
2020-01-16,69.98999786376953,70.19999694824219,69.91000366210938,70.16999816894531,57.748321533203125,12883400,0.0,0.0,0.0
2020-01-17,70.36000061035156,70.41999816894531,70.20999908447266,70.37999725341797,57.92115020751953,18473700,0.0,0.0,0.0
2020-01-21,70.05999755859375,70.13999938964844,69.80999755859375,69.81999969482422,57.460289001464844,20026600,0.0,0.0,0.0
2020-01-22,70.13999938964844,70.16000366210938,69.91000366210938,69.95999908447266,57.57550811767578,14047000,0.0,0.0,0.0
2020-01-23,69.69999694824219,69.86000061035156,69.36000061035156,69.79000091552734,57.43559646606445,18720200,0.0,0.0,0.0
2020-01-24,70.08000183105469,70.08000183105469,69.37000274658203,69.48999786376953,57.188697814941406,24107500,0.0,0.0,0.0
2020-01-27,68.1500015258789,68.41999816894531,68.05000305175781,68.05000305175781,56.00361633300781,32766700,0.0,0.0,0.0
2020-01-28,68.36000061035156,68.73999786376953,68.26000213623047,68.69000244140625,56.53032684326172,18001700,0.0,0.0,0.0
2020-01-29,68.81999969482422,68.93000030517578,68.5999984741211,68.69999694824219,56.53854751586914,14916600,0.0,0.0,0.0
2020-01-30,68.1500015258789,68.66999816894531,67.9800033569336,68.63999938964844,56.48917770385742,26285300,0.0,0.0,0.0
2020-01-31,68.0,68.02999877929688,67.26000213623047,67.4800033569336,55.534523010253906,40101600,0.0,0.0,0.0
2020-02-03,67.66999816894531,67.98999786376953,67.5999984741211,67.63999938964844,55.66619110107422,35288000,0.0,0.0,0.0
2020-02-04,68.66000366210938,68.87000274658203,68.58999633789062,68.7699966430664,56.59615707397461,32540000,0.0,0.0,0.0
2020-02-05,69.43000030517578,69.4800033569336,69.19999694824219,69.43000030517578,57.13931655883789,28162100,0.0,0.0,0.0
2020-02-06,69.63999938964844,69.68000030517578,69.5,69.62000274658203,57.295684814453125,23422500,0.0,0.0,0.0
2020-02-07,69.20999908447266,69.25,68.94000244140625,68.95999908447266,56.75252151489258,22188200,0.0,0.0,0.0
2020-02-10,68.8499984741211,69.12999725341797,68.8499984741211,69.0999984741211,56.867740631103516,13957600,0.0,0.0,0.0
2020-02-11,69.58000183105469,69.70999908447266,69.43000030517578,69.56999969482422,57.25454330444336,16040600,0.0,0.0,0.0
2020-02-12,69.80000305175781,69.86000061035156,69.68000030517578,69.80999755859375,57.45205307006836,13218100,0.0,0.0,0.0
2020-02-13,69.18000030517578,69.51000213623047,69.0999984741211,69.31999969482422,57.04880142211914,20113100,0.0,0.0,0.0
2020-02-14,69.30999755859375,69.33000183105469,69.0199966430664,69.19999694824219,56.95003890991211,15005100,0.0,0.0,0.0
2020-02-18,68.69999694824219,68.9000015258789,68.62000274658203,68.76000213623047,56.58792495727539,29201900,0.0,0.0,0.0
2020-02-19,69.0,69.11000061035156,68.94000244140625,68.98999786376953,56.77720642089844,16232700,0.0,0.0,0.0
2020-02-20,68.72000122070312,68.87000274658203,68.19000244140625,68.58000183105469,56.43979263305664,24607700,0.0,0.0,0.0
2020-02-21,68.36000061035156,68.41999816894531,68.05999755859375,68.26000213623047,56.176448822021484,24361900,0.0,0.0,0.0
2020-02-24,65.51000213623047,66.02999877929688,65.5,65.52999877929688,53.929718017578125,51653500,0.0,0.0,0.0
2020-02-25,65.83000183105469,65.88999938964844,64.3499984741211,64.44999694824219,53.040897369384766,55520000,0.0,0.0,0.0
2020-02-26,65.0,65.43000030517578,64.4800033569336,64.52999877929688,53.10673141479492,64966000,0.0,0.0,0.0
2020-02-27,63.5099983215332,64.19999694824219,62.59000015258789,62.619998931884766,51.53484344482422,80201400,0.0,0.0,0.0
2020-02-28,61.2599983215332,62.349998474121094,60.66999816894531,62.2400016784668,51.22212219238281,122342000,0.0,0.0,0.0
2020-03-02,62.22999954223633,63.16999816894531,61.709999084472656,63.040000915527344,51.88050079345703,78735900,0.0,0.0,0.0
2020-03-03,63.56999969482422,64.2699966430664,62.04999923706055,62.529998779296875,51.46078109741211,77691700,0.0,0.0,0.0
2020-03-04,63.630001068115234,64.47000122070312,63.099998474121094,64.4000015258789,52.9997444152832,41681700,0.0,0.0,0.0
2020-03-05,62.959999084472656,63.369998931884766,62.40999984741211,62.689998626708984,51.59245300292969,46294000,0.0,0.0,0.0
2020-03-06,61.560001373291016,62.099998474121094,61.15999984741211,61.75,50.8188591003418,64277200,0.0,0.0,0.0
2020-03-09,57.630001068115234,58.810001373291016,56.7599983215332,56.959999084472656,46.876792907714844,68431000,0.0,0.0,0.0
2020-03-10,59.20000076293945,59.369998931884766,57.189998626708984,59.060001373291016,48.605045318603516,110061600,0.0,0.0,0.0
2020-03-11,57.540000915527344,57.689998626708984,55.689998626708984,56.04999923706055,46.12788391113281,77459000,0.0,0.0,0.0
2020-03-12,51.79999923706055,51.959999084472656,49.209999084472656,49.88999938964844,41.058345794677734,91385100,0.0,0.0,0.0
2020-03-13,53.119998931884766,53.29999923706055,49.77000045776367,52.90999984741211,43.543739318847656,73588700,0.0,0.0,0.0
2020-03-16,46.59000015258789,49.06999969482422,45.77000045776367,47.45000076293945,39.0502815246582,54122400,0.0,0.0,0.0
2020-03-17,48.119998931884766,49.900001525878906,47.36000061035156,49.7599983215332,40.951358795166016,55045400,0.0,0.0,0.0
2020-03-18,46.68000030517578,48.119998931884766,45.72999954223633,46.90999984741211,38.60586929321289,74919600,0.0,0.0,0.0
2020-03-19,46.86000061035156,48.70000076293945,46.459999084472656,47.63999938964844,39.20663833618164,65863000,0.0,0.0,0.0
2020-03-20,48.869998931884766,49.38999938964844,47.0,47.04999923706055,38.72108459472656,62803000,0.0,0.0,0.0
2020-03-23,47.34000015258789,47.630001068115234,46.189998626708984,46.5,38.268455505371094,61708000,0.0,0.0,0.0
2020-03-24,50.029998779296875,50.810001373291016,49.43000030517578,50.439998626708984,41.510986328125,51118500,0.0,0.0,0.0
2020-03-25,51.0,52.90999984741211,50.279998779296875,52.08000183105469,42.86066818237305,60405600,0.0,0.0,0.0
2020-03-26,52.380001068115234,54.5,52.380001068115234,54.40999984741211,44.7781982421875,60511800,0.0,0.0,0.0
2020-03-27,52.439998626708984,53.7400016784668,52.040000915527344,52.86000061035156,43.50259017944336,53372400,0.0,0.0,0.0
2020-03-30,53.04999923706055,53.970001220703125,52.70000076293945,53.93000030517578,44.3831787109375,45987700,0.0,0.0,0.0
2020-03-31,53.09000015258789,53.939998626708984,52.79999923706055,53.459999084472656,43.99637222290039,64906600,0.0,0.0,0.0
2020-04-01,51.72999954223633,52.27000045776367,51.04999923706055,51.09000015258789,42.04591751098633,40960200,0.0,0.0,0.0
2020-04-02,51.16999816894531,52.29999923706055,51.0099983215332,52.09000015258789,42.868892669677734,38008700,0.0,0.0,0.0
2020-04-03,51.2599983215332,51.470001220703125,50.59000015258789,50.900001525878906,41.88955307006836,33029800,0.0,0.0,0.0
2020-04-06,52.75,53.79999923706055,52.59000015258789,53.599998474121094,44.11158752441406,42257500,0.0,0.0,0.0
2020-04-07,55.41999816894531,55.4900016784668,53.79999923706055,53.900001525878906,44.35848617553711,36678000,0.0,0.0,0.0
2020-04-08,54.04999923706055,54.58000183105469,53.599998474121094,54.34000015258789,44.72059631347656,35282900,0.0,0.0,0.0
2020-04-09,55.18000030517578,55.77000045776367,55.0,55.56999969482422,45.732852935791016,42218200,0.0,0.0,0.0
2020-04-13,55.400001525878906,55.4900016784668,54.619998931884766,55.040000915527344,45.29667282104492,33424700,0.0,0.0,0.0
2020-04-14,55.91999816894531,56.43000030517578,55.810001373291016,56.02000045776367,46.10319519042969,36915600,0.0,0.0,0.0
2020-04-15,54.45000076293945,54.70000076293945,54.119998931884766,54.27000045776367,44.662986755371094,30158700,0.0,0.0,0.0
2020-04-16,54.47999954223633,54.560001373291016,53.779998779296875,54.29999923706055,44.68767166137695,37284200,0.0,0.0,0.0
2020-04-17,55.599998474121094,55.810001373291016,55.119998931884766,55.7400016784668,45.87276077270508,36205100,0.0,0.0,0.0
2020-04-20,55.060001373291016,55.77000045776367,54.900001525878906,54.90999984741211,45.1896858215332,25077400,0.0,0.0,0.0
2020-04-21,54.099998474121094,54.52000045776367,53.66999816894531,53.84000015258789,44.309104919433594,35535300,0.0,0.0,0.0
2020-04-22,54.7599983215332,54.869998931884766,54.5099983215332,54.75,45.058021545410156,28732700,0.0,0.0,0.0
2020-04-23,54.86000061035156,55.650001525878906,54.45000076293945,54.58000183105469,44.91811752319336,34733400,0.0,0.0,0.0
2020-04-24,54.9900016784668,55.2599983215332,54.56999969482422,55.209999084472656,45.436588287353516,30445100,0.0,0.0,0.0
2020-04-27,55.58000183105469,56.06999969482422,55.4900016784668,55.939998626708984,46.03736114501953,30786900,0.0,0.0,0.0
2020-04-28,57.08000183105469,57.099998474121094,56.31999969482422,56.36000061035156,46.38300704956055,35115400,0.0,0.0,0.0
2020-04-29,57.540000915527344,57.970001220703125,57.40999984741211,57.77000045776367,47.543399810791016,34921800,0.0,0.0,0.0
2020-04-30,56.9900016784668,57.09000015258789,56.2599983215332,56.56999969482422,46.55583572387695,52183100,0.0,0.0,0.0
2020-05-01,55.72999954223633,55.810001373291016,55.11000061035156,55.34000015258789,45.54357147216797,32088300,0.0,0.0,0.0
2020-05-04,54.91999816894531,55.33000183105469,54.70000076293945,55.31999969482422,45.52710723876953,23432000,0.0,0.0,0.0
2020-05-05,55.72999954223633,55.939998626708984,55.33000183105469,55.41999816894531,45.609405517578125,23459100,0.0,0.0,0.0
2020-05-06,55.849998474121094,55.88999938964844,55.060001373291016,55.060001373291016,45.313140869140625,22596000,0.0,0.0,0.0
2020-05-07,55.869998931884766,56.15999984741211,55.619998931884766,55.88999938964844,45.99620819091797,30628700,0.0,0.0,0.0
2020-05-08,56.58000183105469,56.849998474121094,56.4900016784668,56.84000015258789,46.77803421020508,20445800,0.0,0.0,0.0
2020-05-11,56.5,56.95000076293945,56.40999984741211,56.790000915527344,46.73688888549805,30772300,0.0,0.0,0.0
2020-05-12,56.959999084472656,57.02000045776367,56.06999969482422,56.06999969482422,46.14434051513672,59246700,0.0,0.0,0.0
2020-05-13,56.40999984741211,56.41999816894531,55.369998931884766,55.63999938964844,45.790470123291016,31920300,0.0,0.0,0.0
2020-05-14,54.349998474121094,55.189998626708984,54.0099983215332,55.11000061035156,45.35429000854492,41217500,0.0,0.0,0.0
2020-05-15,55.040000915527344,55.380001068115234,54.79999923706055,55.15999984741211,45.39543533325195,34086000,0.0,0.0,0.0
2020-05-18,56.560001373291016,57.52000045776367,56.529998779296875,57.38999938964844,47.230674743652344,39999500,0.0,0.0,0.0
2020-05-19,56.970001220703125,57.22999954223633,56.59000015258789,56.599998474121094,46.58053207397461,31462400,0.0,0.0,0.0
2020-05-20,57.68000030517578,58.060001373291016,57.54999923706055,57.779998779296875,47.551639556884766,32827600,0.0,0.0,0.0
2020-05-21,57.59000015258789,57.75,56.939998626708984,57.11000061035156,47.00023651123047,27554400,0.0,0.0,0.0
2020-05-22,56.83000183105469,56.9900016784668,56.58000183105469,56.95000076293945,46.86856460571289,27513100,0.0,0.0,0.0
2020-05-26,58.689998626708984,58.90999984741211,58.540000915527344,58.58000183105469,48.21002197265625,46679700,0.0,0.0,0.0
2020-05-27,59.310001373291016,59.34000015258789,58.66999816894531,59.290000915527344,48.794334411621094,33723400,0.0,0.0,0.0
2020-05-28,60.060001373291016,60.52000045776367,59.81999969482422,59.849998474121094,49.25520324707031,40630200,0.0,0.0,0.0
2020-05-29,59.7599983215332,59.79999923706055,59.0099983215332,59.63999938964844,49.082366943359375,47437100,0.0,0.0,0.0
2020-06-01,60.130001068115234,60.9900016784668,60.08000183105469,60.970001220703125,50.17693328857422,30195300,0.0,0.0,0.0
2020-06-02,61.34000015258789,61.65999984741211,61.25,61.540000915527344,50.646034240722656,31663000,0.0,0.0,0.0
2020-06-03,62.31999969482422,63.189998626708984,62.29999923706055,63.0099983215332,51.85580825805664,29773100,0.0,0.0,0.0
2020-06-04,62.61000061035156,63.119998931884766,62.56999969482422,62.7400016784668,51.633602142333984,26190300,0.0,0.0,0.0
2020-06-05,63.97999954223633,64.31999969482422,63.70000076293945,63.81999969482422,52.52241516113281,31208000,0.0,0.0,0.0
2020-06-08,64.16999816894531,64.66000366210938,63.790000915527344,64.6500015258789,53.20549392700195,29644000,0.0,0.0,0.0
2020-06-09,63.540000915527344,64.02999877929688,63.45000076293945,63.810001373291016,52.51419448852539,30176500,0.0,0.0,0.0
2020-06-10,64.04000091552734,64.22000122070312,63.43000030517578,63.66999816894531,52.39897155761719,27492200,0.0,0.0,0.0
2020-06-11,61.97999954223633,62.18000030517578,60.130001068115234,60.2599983215332,49.59261703491211,54699700,0.0,0.0,0.0
2020-06-12,61.86000061035156,62.0099983215332,60.439998626708984,61.29999923706055,50.44852066040039,57668900,0.0,0.0,0.0
2020-06-15,59.31999969482422,60.84000015258789,59.130001068115234,60.689998626708984,50.65550994873047,30698700,0.858,0.0,0.0
2020-06-16,61.900001525878906,62.02000045776367,60.7599983215332,61.439998626708984,51.2815055847168,37029400,0.0,0.0,0.0
2020-06-17,61.91999816894531,62.02000045776367,61.4900016784668,61.66999816894531,51.47347640991211,26238300,0.0,0.0,0.0
2020-06-18,61.16999816894531,61.54999923706055,61.04999923706055,61.34000015258789,51.19804763793945,20035700,0.0,0.0,0.0
2020-06-19,62.040000915527344,62.060001373291016,60.95000076293945,61.040000915527344,50.94765090942383,32270800,0.0,0.0,0.0
2020-06-22,61.45000076293945,61.849998474121094,61.209999084472656,61.77000045776367,51.55694580078125,20743000,0.0,0.0,0.0
2020-06-23,62.4900016784668,62.61000061035156,62.040000915527344,62.11000061035156,51.840736389160156,20897800,0.0,0.0,0.0
2020-06-24,61.38999938964844,61.529998779296875,60.34000015258789,60.52000045776367,50.513614654541016,34030900,0.0,0.0,0.0
2020-06-25,60.58000183105469,61.439998626708984,60.29999923706055,61.380001068115234,51.23142623901367,26357100,0.0,0.0,0.0
2020-06-26,61.22999954223633,61.290000915527344,60.400001525878906,60.4900016784668,50.488582611083984,32279300,0.0,0.0,0.0
2020-06-29,60.790000915527344,61.099998474121094,60.439998626708984,60.97999954223633,50.89756393432617,23749700,0.0,0.0,0.0
2020-06-30,60.54999923706055,61.099998474121094,60.45000076293945,60.869998931884766,50.805755615234375,32612900,0.0,0.0,0.0
2020-07-01,60.79999923706055,61.290000915527344,60.75,61.099998474121094,50.997718811035156,25243100,0.0,0.0,0.0
2020-07-02,61.95000076293945,62.2599983215332,61.68000030517578,61.77000045776367,51.55694580078125,20854100,0.0,0.0,0.0
2020-07-06,62.70000076293945,62.88999938964844,62.45000076293945,62.779998779296875,52.39994812011719,21537100,0.0,0.0,0.0
2020-07-07,62.209999084472656,62.47999954223633,61.84000015258789,61.86000061035156,51.63206481933594,17394200,0.0,0.0,0.0
2020-07-08,61.869998931884766,62.40999984741211,61.7599983215332,62.380001068115234,52.06609344482422,17363400,0.0,0.0,0.0
2020-07-09,62.290000915527344,62.29999923706055,61.25,61.66999816894531,51.47347640991211,26098200,0.0,0.0,0.0
2020-07-10,61.91999816894531,62.36000061035156,61.72999954223633,62.33000183105469,52.024356842041016,22008800,0.0,0.0,0.0
2020-07-13,62.68000030517578,63.029998779296875,61.84000015258789,61.93000030517578,51.690494537353516,20515500,0.0,0.0,0.0
2020-07-14,62.04999923706055,62.90999984741211,61.97999954223633,62.84000015258789,52.45003128051758,35121300,0.0,0.0,0.0
2020-07-15,63.790000915527344,63.9900016784668,63.380001068115234,63.54999923706055,53.042633056640625,28888600,0.0,0.0,0.0
2020-07-16,63.150001525878906,63.40999984741211,63.029998779296875,63.13999938964844,52.70043182373047,24677200,0.0,0.0,0.0
2020-07-17,63.290000915527344,63.52000045776367,63.130001068115234,63.5099983215332,53.00925064086914,19641800,0.0,0.0,0.0
2020-07-20,63.5099983215332,63.84000015258789,63.33000183105469,63.81999969482422,53.26799392700195,17996600,0.0,0.0,0.0
2020-07-21,64.1500015258789,64.31999969482422,63.90999984741211,63.95000076293945,53.376502990722656,21179700,0.0,0.0,0.0
2020-07-22,63.95000076293945,64.20999908447266,63.84000015258789,64.12000274658203,53.51839828491211,18023400,0.0,0.0,0.0
2020-07-23,63.970001220703125,64.22000122070312,63.45000076293945,63.61000061035156,53.09272384643555,16080700,0.0,0.0,0.0
2020-07-24,63.220001220703125,63.459999084472656,63.08000183105469,63.2599983215332,52.80059051513672,16017900,0.0,0.0,0.0
2020-07-27,63.869998931884766,64.19999694824219,63.810001373291016,64.08999633789062,53.49335479736328,16368200,0.0,0.0,0.0
2020-07-28,63.75,64.05000305175781,63.650001525878906,63.68000030517578,53.15114974975586,20470300,0.0,0.0,0.0
2020-07-29,63.970001220703125,64.45999908447266,63.84000015258789,64.3499984741211,53.710365295410156,20055900,0.0,0.0,0.0
2020-07-30,62.83000183105469,63.52000045776367,62.310001373291016,63.400001525878906,52.91743850708008,24664100,0.0,0.0,0.0
2020-07-31,63.0099983215332,63.02000045776367,61.65999984741211,62.04999923706055,51.7906494140625,36002300,0.0,0.0,0.0
2020-08-03,62.689998626708984,63.27000045776367,62.540000915527344,63.2599983215332,52.80059051513672,23609700,0.0,0.0,0.0
2020-08-04,62.970001220703125,63.61000061035156,62.939998626708984,63.61000061035156,53.09272384643555,16236800,0.0,0.0,0.0
2020-08-05,64.08999633789062,64.26000213623047,63.72999954223633,63.81999969482422,53.26799392700195,17901300,0.0,0.0,0.0
2020-08-06,63.56999969482422,63.9900016784668,63.400001525878906,63.88999938964844,53.3264274597168,17210500,0.0,0.0,0.0
2020-08-07,63.27000045776367,63.63999938964844,63.20000076293945,63.630001068115234,53.10941696166992,14988900,0.0,0.0,0.0
2020-08-10,63.68000030517578,63.849998474121094,63.470001220703125,63.84000015258789,53.284698486328125,10049000,0.0,0.0,0.0
2020-08-11,64.93000030517578,64.97000122070312,64.0199966430664,64.06999969482422,53.47665786743164,31465500,0.0,0.0,0.0
2020-08-12,65.3499984741211,65.76000213623047,65.26000213623047,65.48999786376953,54.66188430786133,28638500,0.0,0.0,0.0
2020-08-13,65.41000366210938,65.58000183105469,65.01000213623047,65.19999694824219,54.419822692871094,17783100,0.0,0.0,0.0
2020-08-14,64.73999786376953,64.94000244140625,64.62000274658203,64.80000305175781,54.085968017578125,10874100,0.0,0.0,0.0
2020-08-17,65.11000061035156,65.31999969482422,65.0999984741211,65.29000091552734,54.49495315551758,11429900,0.0,0.0,0.0
2020-08-18,65.52999877929688,65.62000274658203,65.05999755859375,65.25,54.46156311035156,23832500,0.0,0.0,0.0
2020-08-19,65.54000091552734,65.62000274658203,64.91999816894531,64.95999908447266,54.219512939453125,15591900,0.0,0.0,0.0
2020-08-20,64.3499984741211,64.86000061035156,64.29000091552734,64.75,54.04423522949219,19825800,0.0,0.0,0.0
2020-08-21,64.01000213623047,64.43000030517578,63.97999954223633,64.41999816894531,53.768798828125,15926400,0.0,0.0,0.0
2020-08-24,65.38999938964844,65.4000015258789,65.0,65.2699966430664,54.478248596191406,14627700,0.0,0.0,0.0
2020-08-25,65.62999725341797,65.63999938964844,64.95999908447266,65.30999755859375,54.511634826660156,18507500,0.0,0.0,0.0
2020-08-26,65.33999633789062,65.7699966430664,65.26000213623047,65.69000244140625,54.82880783081055,19549800,0.0,0.0,0.0
2020-08-27,65.7300033569336,65.76000213623047,64.77999877929688,65.0199966430664,54.26959228515625,24413900,0.0,0.0,0.0
2020-08-28,65.41000366210938,65.51000213623047,65.05999755859375,65.4800033569336,54.65353775024414,15197300,0.0,0.0,0.0
2020-08-31,65.30999755859375,65.5199966430664,64.94999694824219,64.9800033569336,54.236209869384766,24929800,0.0,0.0,0.0
2020-09-01,65.0199966430664,65.18000030517578,64.76000213623047,65.05000305175781,54.29462814331055,23945500,0.0,0.0,0.0
2020-09-02,65.5199966430664,65.97000122070312,65.2699966430664,65.91999816894531,55.020782470703125,20748400,0.0,0.0,0.0
2020-09-03,65.70999908447266,65.7699966430664,64.16000366210938,64.43000030517578,53.777137756347656,43834300,0.0,0.0,0.0
2020-09-04,64.69000244140625,64.8499984741211,63.349998474121094,64.5199966430664,53.85226058959961,33992800,0.0,0.0,0.0
2020-09-08,63.72999954223633,64.2699966430664,63.5,63.72999954223633,53.1928825378418,26869600,0.0,0.0,0.0
2020-09-09,64.75,65.16000366210938,64.62999725341797,64.91999816894531,54.18612289428711,23374000,0.0,0.0,0.0
2020-09-10,65.2699966430664,65.37000274658203,64.16000366210938,64.16000366210938,53.551788330078125,30361000,0.0,0.0,0.0
2020-09-11,64.94999694824219,65.13999938964844,64.52999877929688,64.80000305175781,54.085968017578125,29958900,0.0,0.0,0.0
2020-09-14,65.3499984741211,65.44999694824219,65.0999984741211,65.1500015258789,54.37809753417969,14663300,0.0,0.0,0.0
2020-09-15,65.80999755859375,65.83999633789062,65.43000030517578,65.56999969482422,54.72864532470703,17678700,0.0,0.0,0.0
2020-09-16,65.76000213623047,66.0199966430664,65.44999694824219,65.56999969482422,54.72864532470703,18052600,0.0,0.0,0.0
2020-09-17,65.18000030517578,65.68000030517578,65.12000274658203,65.66000366210938,54.80377960205078,18149700,0.0,0.0,0.0
2020-09-18,65.47000122070312,65.5,64.91000366210938,65.12999725341797,54.36140060424805,27897500,0.0,0.0,0.0
2020-09-21,63.5099983215332,63.560001373291016,62.79999923706055,63.47999954223633,52.98421096801758,39928700,0.0,0.0,0.0
2020-09-22,63.47999954223633,63.54999923706055,62.88999938964844,63.459999084472656,52.967529296875,15810800,0.0,0.0,0.0
2020-09-23,63.84000015258789,63.880001068115234,62.86000061035156,62.93000030517578,52.525150299072266,18325800,0.0,0.0,0.0
2020-09-24,62.77000045776367,63.279998779296875,62.45000076293945,62.869998931884766,52.47507095336914,25234900,0.0,0.0,0.0
2020-09-25,62.33000183105469,63.099998474121094,62.13999938964844,63.08000183105469,52.650352478027344,24180700,0.0,0.0,0.0
2020-09-28,63.88999938964844,64.05000305175781,63.779998779296875,64.02999877929688,53.443275451660156,18102700,0.0,0.0,0.0
2020-09-29,64.02999877929688,64.2300033569336,63.720001220703125,63.959999084472656,53.38484573364258,16168300,0.0,0.0,0.0
2020-09-30,63.720001220703125,64.12999725341797,63.43000030517578,63.650001525878906,53.12610626220703,37083000,0.0,0.0,0.0
2020-10-01,64.0,64.06999969482422,63.63999938964844,64.0199966430664,53.43492889404297,33266700,0.0,0.0,0.0
2020-10-02,63.2400016784668,64.05000305175781,63.20000076293945,63.88999938964844,53.3264274597168,25285500,0.0,0.0,0.0
2020-10-05,64.41000366210938,64.87999725341797,64.38999938964844,64.86000061035156,54.136051177978516,14564100,0.0,0.0,0.0
2020-10-06,64.91000366210938,64.94999694824219,64.04000091552734,64.16999816894531,53.56012725830078,22901400,0.0,0.0,0.0
2020-10-07,64.62000274658203,64.80999755859375,64.48999786376953,64.72000122070312,54.019195556640625,17055500,0.0,0.0,0.0
2020-10-08,65.01000213623047,65.19000244140625,64.94000244140625,65.16999816894531,54.39479446411133,13385000,0.0,0.0,0.0
2020-10-09,65.51000213623047,65.72000122070312,65.41999816894531,65.68000030517578,54.820465087890625,22181600,0.0,0.0,0.0
2020-10-12,65.83000183105469,66.11000061035156,65.7699966430664,66.05999755859375,55.137630462646484,9676100,0.0,0.0,0.0
2020-10-13,65.5199966430664,65.5199966430664,65.19000244140625,65.31999969482422,54.51999282836914,16260500,0.0,0.0,0.0
2020-10-14,65.52999877929688,65.63999938964844,65.1500015258789,65.20999908447266,54.42817306518555,13144000,0.0,0.0,0.0
2020-10-15,63.939998626708984,64.5,63.91999816894531,64.44000244140625,53.785491943359375,20631800,0.0,0.0,0.0
2020-10-16,64.6500015258789,65.0199966430664,64.5999984741211,64.73999786376953,54.035888671875,15792600,0.0,0.0,0.0
2020-10-19,65.08999633789062,65.16999816894531,64.41999816894531,64.5,53.83556365966797,14736400,0.0,0.0,0.0
2020-10-20,64.97000122070312,65.18000030517578,64.80999755859375,64.81999969482422,54.1026611328125,23268000,0.0,0.0,0.0
2020-10-21,64.72000122070312,65.04000091552734,64.48999786376953,64.51000213623047,53.84391403198242,21699100,0.0,0.0,0.0
2020-10-22,64.44000244140625,64.66999816894531,64.0999984741211,64.55999755859375,53.885650634765625,20533700,0.0,0.0,0.0
2020-10-23,64.94999694824219,64.9800033569336,64.58000183105469,64.9800033569336,54.236209869384766,19334200,0.0,0.0,0.0
2020-10-26,64.16000366210938,64.23999786376953,63.41999816894531,63.810001373291016,53.2596549987793,17745700,0.0,0.0,0.0
2020-10-27,63.70000076293945,63.72999954223633,63.220001220703125,63.310001373291016,52.842323303222656,19616900,0.0,0.0,0.0
2020-10-28,61.90999984741211,62.040000915527344,61.369998931884766,61.41999816894531,51.26481246948242,36132600,0.0,0.0,0.0
2020-10-29,61.459999084472656,61.90999984741211,61.13999938964844,61.709999084472656,51.50686264038086,30898400,0.0,0.0,0.0
2020-10-30,61.439998626708984,61.529998779296875,60.970001220703125,61.38999938964844,51.239776611328125,35889900,0.0,0.0,0.0
2020-11-02,62.08000183105469,62.2400016784668,61.77000045776367,62.189998626708984,51.90749740600586,24388600,0.0,0.0,0.0
2020-11-03,63.40999984741211,64.05000305175781,63.33000183105469,63.81999969482422,53.26799392700195,26474500,0.0,0.0,0.0
2020-11-04,64.0999984741211,65.06999969482422,63.84000015258789,64.5199966430664,53.85226058959961,26490200,0.0,0.0,0.0
2020-11-05,66.01000213623047,66.19000244140625,65.66999816894531,66.06999969482422,55.14598083496094,28528300,0.0,0.0,0.0
2020-11-06,66.31999969482422,66.48999786376953,66.0999984741211,66.20999908447266,55.26283645629883,21980100,0.0,0.0,0.0
2020-11-09,69.36000061035156,69.37999725341797,68.12000274658203,68.13999938964844,56.87372970581055,43606500,0.0,0.0,0.0
2020-11-10,68.7300033569336,69.12000274658203,68.55000305175781,68.75,57.382877349853516,37172600,0.0,0.0,0.0
2020-11-11,69.23999786376953,69.37999725341797,69.05000305175781,69.33000183105469,57.86697006225586,16643200,0.0,0.0,0.0
2020-11-12,68.75,68.97000122070312,68.16000366210938,68.31999969482422,57.02397155761719,24076600,0.0,0.0,0.0
2020-11-13,68.75,69.41000366210938,68.72000122070312,69.37000274658203,57.90036392211914,21594600,0.0,0.0,0.0
2020-11-16,70.06999969482422,70.13999938964844,69.70999908447266,70.08999633789062,58.501304626464844,20294600,0.0,0.0,0.0
2020-11-17,69.83999633789062,70.22000122070312,69.66000366210938,70.0199966430664,58.44288635253906,18574500,0.0,0.0,0.0
2020-11-18,70.12999725341797,70.3499984741211,69.6500015258789,69.6500015258789,58.134063720703125,15018000,0.0,0.0,0.0
2020-11-19,69.63999938964844,70.19000244140625,69.5199966430664,70.13999938964844,58.543052673339844,24048000,0.0,0.0,0.0
2020-11-20,70.12000274658203,70.44000244140625,70.05000305175781,70.3499984741211,58.71832275390625,18571900,0.0,0.0,0.0
2020-11-23,70.5999984741211,70.69000244140625,70.01000213623047,70.26000213623047,58.64320755004883,14340300,0.0,0.0,0.0
2020-11-24,70.91000366210938,71.37999725341797,70.83000183105469,71.30999755859375,59.51959991455078,23399300,0.0,0.0,0.0
2020-11-25,70.88999938964844,71.4000015258789,70.76000213623047,71.22000122070312,59.44448471069336,19214900,0.0,0.0,0.0
2020-11-27,71.37999725341797,71.7699966430664,71.37000274658203,71.70999908447266,59.85346221923828,11839100,0.0,0.0,0.0
2020-11-30,71.45999908447266,71.52999877929688,70.08999633789062,70.1500015258789,58.551395416259766,46146500,0.0,0.0,0.0
2020-12-01,71.33999633789062,71.86000061035156,71.30000305175781,71.80000305175781,59.9285888671875,29860500,0.0,0.0,0.0
2020-12-02,71.44999694824219,71.87999725341797,71.4000015258789,71.80999755859375,59.936920166015625,20864700,0.0,0.0,0.0
2020-12-03,72.05999755859375,72.2699966430664,71.80999755859375,71.93000030517578,60.03709411621094,16572700,0.0,0.0,0.0
2020-12-04,72.33999633789062,72.55999755859375,72.30999755859375,72.54000091552734,60.54623794555664,18956100,0.0,0.0,0.0
2020-12-07,72.0199966430664,72.22000122070312,71.77999877929688,71.94999694824219,60.05377960205078,19537700,0.0,0.0,0.0
2020-12-08,71.77999877929688,72.23999786376953,71.77999877929688,72.19999694824219,60.262447357177734,12428100,0.0,0.0,0.0
2020-12-09,72.63999938964844,72.63999938964844,71.83999633789062,72.30000305175781,60.345916748046875,18355000,0.0,0.0,0.0
2020-12-10,71.91000366210938,72.55999755859375,71.91000366210938,72.4000015258789,60.42938995361328,20871300,0.0,0.0,0.0
2020-12-11,71.95999908447266,72.19000244140625,71.75,72.18000030517578,60.24575424194336,21812000,0.0,0.0,0.0
2020-12-14,71.95999908447266,72.06999969482422,71.4800033569336,71.52999877929688,60.2828369140625,26176400,0.694,0.0,0.0
2020-12-15,71.81999969482422,72.30999755859375,71.70999908447266,72.26000213623047,60.89805221557617,24075700,0.0,0.0,0.0
2020-12-16,72.37000274658203,72.62000274658203,72.1500015258789,72.54000091552734,61.13402557373047,15642300,0.0,0.0,0.0
2020-12-17,73.16999816894531,73.27999877929688,72.9800033569336,73.05000305175781,61.563838958740234,18633100,0.0,0.0,0.0
2020-12-18,73.0,73.0199966430664,72.55999755859375,72.66999816894531,61.243587493896484,27367900,0.0,0.0,0.0
2020-12-21,70.88999938964844,71.91000366210938,70.66999816894531,71.73999786376953,60.45980453491211,31488000,0.0,0.0,0.0
2020-12-22,71.58999633789062,71.66999816894531,71.33999633789062,71.55999755859375,60.308109283447266,20355000,0.0,0.0,0.0
2020-12-23,72.16999816894531,72.44000244140625,72.11000061035156,72.33000183105469,60.95705032348633,13577300,0.0,0.0,0.0
2020-12-24,72.30000305175781,72.44000244140625,72.19000244140625,72.36000061035156,60.98232650756836,7252900,0.0,0.0,0.0
2020-12-28,73.12000274658203,73.1500015258789,72.8499984741211,72.94999694824219,61.47956085205078,11142200,0.0,0.0,0.0
2020-12-29,73.80000305175781,73.86000061035156,73.31999969482422,73.41999816894531,61.87565612792969,17541500,0.0,0.0,0.0
2020-12-30,73.80999755859375,74.0,73.47000122070312,73.5199966430664,61.95992660522461,15147100,0.0,0.0,0.0
2020-12-31,73.44000244140625,73.44999694824219,72.79000091552734,72.95999908447266,61.48800277709961,34218500,0.0,0.0,0.0
2021-01-04,74.38999938964844,74.41999816894531,73.05000305175781,73.33999633789062,61.8082389831543,26703400,0.0,0.0,0.0
2021-01-05,73.58000183105469,74.27999877929688,73.5199966430664,74.0999984741211,62.44872283935547,19748500,0.0,0.0,0.0
2021-01-06,74.30000305175781,75.31999969482422,74.22000122070312,74.94999694824219,63.16509246826172,25426900,0.0,0.0,0.0
2021-01-07,74.8499984741211,75.13999938964844,74.77999877929688,75.02999877929688,63.232505798339844,18783700,0.0,0.0,0.0
2021-01-08,75.58000183105469,75.7300033569336,74.94999694824219,75.7300033569336,63.82243728637695,25272200,0.0,0.0,0.0
2021-01-11,74.3499984741211,74.95999908447266,74.33000183105469,74.73999786376953,62.98809814453125,23190200,0.0,0.0,0.0
2021-01-12,74.68000030517578,75.12999725341797,74.47000122070312,75.08000183105469,63.2746467590332,20914000,0.0,0.0,0.0
2021-01-13,74.95999908447266,75.16000366210938,74.81999969482422,74.9800033569336,63.190372467041016,15580700,0.0,0.0,0.0
2021-01-14,75.20999908447266,75.75,75.19999694824219,75.58000183105469,63.69601821899414,22607500,0.0,0.0,0.0
2021-01-15,74.61000061035156,74.76000213623047,73.97000122070312,74.4000015258789,62.701576232910156,27355900,0.0,0.0,0.0
2021-01-19,74.97000122070312,75.0199966430664,74.62999725341797,74.94000244140625,63.15665817260742,20162300,0.0,0.0,0.0
2021-01-20,75.05000305175781,75.45999908447266,74.91000366210938,75.44999694824219,63.586463928222656,14419000,0.0,0.0,0.0
2021-01-21,75.5,75.56999969482422,75.04000091552734,75.51000213623047,63.63703536987305,20536300,0.0,0.0,0.0
2021-01-22,74.86000061035156,75.27999877929688,74.83000183105469,75.1500015258789,63.3336296081543,18854700,0.0,0.0,0.0
2021-01-25,74.58000183105469,75.06999969482422,74.13999938964844,75.05999755859375,63.257774353027344,21748100,0.0,0.0,0.0
2021-01-26,75.16999816894531,75.2699966430664,74.9000015258789,75.16999816894531,63.350486755371094,14175200,0.0,0.0,0.0
2021-01-27,73.79000091552734,74.2300033569336,73.18000030517578,73.44999694824219,61.90093994140625,31245200,0.0,0.0,0.0
2021-01-28,73.63999938964844,74.33999633789062,73.56999969482422,73.91999816894531,62.29703140258789,26658600,0.0,0.0,0.0
2021-01-29,73.04000091552734,73.26000213623047,72.0,72.38999938964844,61.007606506347656,42149500,0.0,0.0,0.0
2021-02-01,73.27999877929688,73.33000183105469,72.93000030517578,73.25,61.73238754272461,23243900,0.0,0.0,0.0
2021-02-02,73.6500015258789,74.05000305175781,73.47000122070312,73.98999786376953,62.35603713989258,20388500,0.0,0.0,0.0
2021-02-03,74.0199966430664,74.20999908447266,73.80999755859375,74.16999816894531,62.50772476196289,11345800,0.0,0.0,0.0
2021-02-04,73.88999938964844,74.25,73.81999969482422,74.25,62.57514190673828,10500300,0.0,0.0,0.0
2021-02-05,74.61000061035156,74.75,74.31999969482422,74.70999908447266,62.96281433105469,10955600,0.0,0.0,0.0
2021-02-08,75.25,75.43000030517578,75.02999877929688,75.2300033569336,63.401058197021484,16405600,0.0,0.0,0.0
2021-02-09,75.33999633789062,75.69000244140625,75.26000213623047,75.63999938964844,63.74658203125,16337600,0.0,0.0,0.0
2021-02-10,75.87000274658203,75.93000030517578,75.06999969482422,75.37999725341797,63.5274658203125,15402800,0.0,0.0,0.0
2021-02-11,75.79000091552734,75.9000015258789,75.5,75.88999938964844,63.95728302001953,12314100,0.0,0.0,0.0
2021-02-12,75.68000030517578,76.3499984741211,75.66999816894531,76.30999755859375,64.31124877929688,11946800,0.0,0.0,0.0
2021-02-16,76.98999786376953,77.16999816894531,76.72000122070312,76.86000061035156,64.77477264404297,20225600,0.0,0.0,0.0
2021-02-17,76.30000305175781,76.52999877929688,76.01000213623047,76.41000366210938,64.39551544189453,19198800,0.0,0.0,0.0
2021-02-18,75.8499984741211,76.08000183105469,75.48999786376953,76.02999877929688,64.07526397705078,19191700,0.0,0.0,0.0
2021-02-19,76.33999633789062,76.58999633789062,76.13999938964844,76.25,64.26066589355469,14962300,0.0,0.0,0.0
2021-02-22,76.0199966430664,76.5199966430664,75.97000122070312,76.05999755859375,64.10054779052734,19515800,0.0,0.0,0.0
2021-02-23,75.97000122070312,76.37000274658203,75.30000305175781,76.12999725341797,64.15953826904297,25014500,0.0,0.0,0.0
2021-02-24,75.66000366210938,76.44999694824219,75.47000122070312,76.37000274658203,64.36180877685547,21877600,0.0,0.0,0.0
2021-02-25,76.5,76.68000030517578,74.94000244140625,75.06999969482422,63.26622009277344,36921800,0.0,0.0,0.0
2021-02-26,74.86000061035156,74.86000061035156,73.95999908447266,74.01000213623047,62.372886657714844,48798100,0.0,0.0,0.0
2021-03-01,74.9000015258789,75.45999908447266,74.86000061035156,75.4000015258789,63.5443229675293,24268100,0.0,0.0,0.0
2021-03-02,75.33999633789062,75.58000183105469,75.11000061035156,75.31999969482422,63.47691345214844,22204900,0.0,0.0,0.0
2021-03-03,75.08999633789062,75.41000366210938,74.75,74.86000061035156,63.089229583740234,20856100,0.0,0.0,0.0
2021-03-04,74.93000030517578,75.23999786376953,73.72000122070312,74.1500015258789,62.49087142944336,34648600,0.0,0.0,0.0
2021-03-05,74.61000061035156,74.75,73.55999755859375,74.62999725341797,62.89540100097656,29694200,0.0,0.0,0.0
2021-03-08,74.31999969482422,74.9000015258789,74.13999938964844,74.37000274658203,62.6762809753418,25080900,0.0,0.0,0.0
2021-03-09,75.18000030517578,75.5199966430664,75.05999755859375,75.37000274658203,63.519046783447266,19060200,0.0,0.0,0.0
2021-03-10,75.69999694824219,75.79000091552734,75.33000183105469,75.69000244140625,63.78872299194336,19467400,0.0,0.0,0.0
2021-03-11,75.93000030517578,76.22000122070312,75.75,76.08999633789062,64.1258316040039,15485300,0.0,0.0,0.0
2021-03-12,75.68000030517578,76.30999755859375,75.6500015258789,76.27999877929688,64.28594970703125,16342500,0.0,0.0,0.0
2021-03-15,76.16999816894531,76.37999725341797,75.72000122070312,76.33999633789062,64.33650970458984,17320100,0.0,0.0,0.0
2021-03-16,76.5199966430664,76.58000183105469,76.33999633789062,76.47000122070312,64.44608306884766,16662600,0.0,0.0,0.0
2021-03-17,76.20999908447266,77.01000213623047,76.11000061035156,76.91999816894531,64.8253173828125,16305000,0.0,0.0,0.0
2021-03-18,76.54000091552734,77.05999755859375,76.20999908447266,76.22000122070312,64.23539733886719,23176300,0.0,0.0,0.0
2021-03-19,76.20999908447266,76.51000213623047,75.7699966430664,76.43000030517578,64.4123764038086,31465200,0.0,0.0,0.0
2021-03-22,76.30000305175781,76.69000244140625,76.23999786376953,76.5,64.47136688232422,27978200,0.0,0.0,0.0
2021-03-23,75.9800033569336,76.08999633789062,75.33999633789062,75.44000244140625,63.57804489135742,22514200,0.0,0.0,0.0
2021-03-24,75.2300033569336,75.58999633789062,75.05000305175781,75.05999755859375,63.257774353027344,20717000,0.0,0.0,0.0
2021-03-25,75.0,75.66000366210938,74.83000183105469,75.62000274658203,63.729740142822266,25183000,0.0,0.0,0.0
2021-03-26,75.87999725341797,76.62000274658203,75.87000274658203,76.5999984741211,64.55563354492188,27419100,0.0,0.0,0.0
2021-03-29,76.13999938964844,76.43000030517578,75.91999816894531,76.30000305175781,64.30281829833984,18381600,0.0,0.0,0.0
2021-03-30,75.88999938964844,76.2699966430664,75.80999755859375,76.19999694824219,64.2185287475586,15377400,0.0,0.0,0.0
2021-03-31,75.87999725341797,76.2300033569336,75.81999969482422,75.87000274658203,63.9404182434082,32191600,0.0,0.0,0.0
2021-04-01,76.26000213623047,76.93000030517578,76.20999908447266,76.86000061035156,64.77477264404297,26312600,0.0,0.0,0.0
2021-04-05,77.48999786376953,78.05000305175781,77.36000061035156,77.9800033569336,65.71866607666016,20340500,0.0,0.0,0.0
2021-04-06,77.05000305175781,77.2699966430664,76.95999908447266,77.1500015258789,65.01915740966797,18995900,0.0,0.0,0.0
2021-04-07,77.16999816894531,77.41999816894531,77.11000061035156,77.30999755859375,65.15399932861328,14349400,0.0,0.0,0.0
2021-04-08,77.66000366210938,77.87000274658203,77.5199966430664,77.75,65.52481842041016,15502500,0.0,0.0,0.0
2021-04-09,77.69000244140625,78.05000305175781,77.69000244140625,77.98999786376953,65.72708892822266,16330500,0.0,0.0,0.0
2021-04-12,77.66999816894531,77.73999786376953,77.44000244140625,77.55999755859375,65.36469268798828,13729500,0.0,0.0,0.0
2021-04-13,77.66999816894531,78.02999877929688,77.62000274658203,78.01000213623047,65.74394226074219,12712500,0.0,0.0,0.0
2021-04-14,78.05000305175781,78.3499984741211,78.0,78.06999969482422,65.79449462890625,13079200,0.0,0.0,0.0
2021-04-15,78.55999755859375,78.75,78.48999786376953,78.72000122070312,66.3423080444336,20480100,0.0,0.0,0.0
2021-04-16,79.0199966430664,79.30999755859375,78.9000015258789,79.29000091552734,66.82267761230469,17058700,0.0,0.0,0.0
2021-04-19,79.37000274658203,79.41999816894531,78.94000244140625,79.1500015258789,66.7046890258789,15206800,0.0,0.0,0.0
2021-04-20,78.23999786376953,78.33000183105469,77.55000305175781,77.7300033569336,65.50796508789062,29570100,0.0,0.0,0.0
2021-04-21,77.58000183105469,78.55999755859375,77.55999755859375,78.52999877929688,66.18216705322266,15615600,0.0,0.0,0.0
2021-04-22,78.70999908447266,78.77999877929688,78.13999938964844,78.2699966430664,65.96306610107422,22677800,0.0,0.0,0.0
2021-04-23,78.55000305175781,79.2300033569336,78.52999877929688,79.06999969482422,66.63726043701172,18607900,0.0,0.0,0.0
2021-04-26,79.0999984741211,79.2300033569336,79.0,79.12999725341797,66.68782043457031,14052100,0.0,0.0,0.0
2021-04-27,78.73999786376953,78.93000030517578,78.63999938964844,78.87000274658203,66.46871185302734,13612200,0.0,0.0,0.0
2021-04-28,78.80999755859375,79.26000213623047,78.73999786376953,79.06999969482422,66.63726043701172,14288600,0.0,0.0,0.0
2021-04-29,79.33999633789062,79.37999725341797,78.61000061035156,79.0999984741211,66.66255187988281,16411000,0.0,0.0,0.0
2021-04-30,78.62000274658203,78.75,77.83000183105469,78.11000061035156,65.8282241821289,28951400,0.0,0.0,0.0
2021-05-03,78.75,79.05999755859375,78.56999969482422,78.97000122070312,66.55299377441406,21382200,0.0,0.0,0.0
2021-05-04,78.11000061035156,78.30999755859375,77.41000366210938,77.80000305175781,65.56697082519531,29144900,0.0,0.0,0.0
2021-05-05,78.6500015258789,79.02999877929688,78.47000122070312,78.86000061035156,66.46028137207031,17680000,0.0,0.0,0.0
2021-05-06,78.95999908447266,79.54000091552734,78.70999908447266,79.51000213623047,67.0080795288086,21533100,0.0,0.0,0.0
2021-05-07,79.6500015258789,80.44999694824219,79.56999969482422,80.41000366210938,67.76656341552734,23316000,0.0,0.0,0.0
2021-05-10,80.66999816894531,80.66999816894531,79.91999816894531,79.9800033569336,67.40418243408203,16927500,0.0,0.0,0.0
2021-05-11,78.52999877929688,79.11000061035156,78.41999816894531,78.93000030517578,66.51927947998047,34624600,0.0,0.0,0.0
2021-05-12,78.38999938964844,78.73999786376953,77.51000213623047,77.66999816894531,65.45740509033203,32608200,0.0,0.0,0.0
2021-05-13,77.69000244140625,78.41999816894531,77.66000366210938,78.25,65.94620513916016,36208800,0.0,0.0,0.0
2021-05-14,79.01000213623047,79.63999938964844,78.95999908447266,79.55999755859375,67.05021667480469,18601700,0.0,0.0,0.0
2021-05-17,79.0999984741211,79.41999816894531,79.02999877929688,79.41000366210938,66.9238052368164,16699500,0.0,0.0,0.0
2021-05-18,80.04000091552734,80.06999969482422,79.58000183105469,79.58000183105469,67.06707763671875,16526900,0.0,0.0,0.0
2021-05-19,78.58999633789062,79.19000244140625,78.22000122070312,78.87999725341797,66.47715759277344,30391700,0.0,0.0,0.0
2021-05-20,79.38999938964844,80.05000305175781,79.36000061035156,79.91999816894531,67.35362243652344,21650300,0.0,0.0,0.0
2021-05-21,80.18000030517578,80.20999908447266,79.76000213623047,80.02999877929688,67.4463119506836,26751600,0.0,0.0,0.0
2021-05-24,80.25,80.62000274658203,80.19000244140625,80.5199966430664,67.8592758178711,12267900,0.0,0.0,0.0
2021-05-25,80.7699966430664,80.83999633789062,80.41000366210938,80.54000091552734,67.87612915039062,14338900,0.0,0.0,0.0
2021-05-26,80.44999694824219,80.62999725341797,80.3499984741211,80.48999786376953,67.833984375,12732000,0.0,0.0,0.0
2021-05-27,80.62000274658203,80.79000091552734,80.4000015258789,80.63999938964844,67.96040344238281,16211200,0.0,0.0,0.0
2021-05-28,80.83999633789062,81.1500015258789,80.79000091552734,80.83000183105469,68.12052917480469,21449500,0.0,0.0,0.0
2021-06-01,81.5,81.5199966430664,81.0199966430664,81.12000274658203,68.36492919921875,27524200,0.0,0.0,0.0
2021-06-02,81.2699966430664,81.51000213623047,81.16000366210938,81.38999938964844,68.59249114990234,13561200,0.0,0.0,0.0
2021-06-03,80.95999908447266,81.08999633789062,80.75,80.98999786376953,68.25537109375,16987600,0.0,0.0,0.0
2021-06-04,81.52999877929688,81.73999786376953,81.4000015258789,81.68000030517578,68.83686828613281,13335200,0.0,0.0,0.0
2021-06-07,81.87000274658203,81.98999786376953,81.7699966430664,81.94999694824219,69.06440734863281,16738700,0.0,0.0,0.0
2021-06-08,82.02999877929688,82.11000061035156,81.7699966430664,81.91000366210938,69.03071594238281,13218700,0.0,0.0,0.0
2021-06-09,81.87999725341797,81.94000244140625,81.61000061035156,81.69000244140625,68.84529876708984,20203600,0.0,0.0,0.0
2021-06-10,80.66999816894531,80.94999694824219,80.58000183105469,80.80999755859375,69.03495788574219,16555200,1.102,0.0,0.0
2021-06-11,80.91000366210938,81.05999755859375,80.69000244140625,81.0,69.197265625,12864700,0.0,0.0,0.0
2021-06-14,80.93000030517578,81.16000366210938,80.87999725341797,81.13999938964844,69.31687927246094,17044400,0.0,0.0,0.0
2021-06-15,81.20999908447266,81.2699966430664,81.06999969482422,81.23999786376953,69.40229797363281,17729200,0.0,0.0,0.0
2021-06-16,81.30999755859375,81.4000015258789,80.47000122070312,80.73999786376953,68.97514343261719,21706700,0.0,0.0,0.0
2021-06-17,80.22000122070312,80.38999938964844,79.80000305175781,80.18000030517578,68.49675750732422,27756300,0.0,0.0,0.0
2021-06-18,78.7300033569336,78.93000030517578,78.43000030517578,78.5199966430664,67.07864379882812,36755100,0.0,0.0,0.0
2021-06-21,78.87000274658203,79.5999984741211,78.75,79.55000305175781,67.95855712890625,20228000,0.0,0.0,0.0
2021-06-22,79.31999969482422,79.75,79.1500015258789,79.55999755859375,67.96708679199219,14010200,0.0,0.0,0.0
2021-06-23,79.47000122070312,79.52999877929688,78.93000030517578,79.05000305175781,67.53141784667969,17074600,0.0,0.0,0.0
2021-06-24,79.63999938964844,79.8499984741211,79.58999633789062,79.80999755859375,68.18067169189453,19833300,0.0,0.0,0.0
2021-06-25,79.98999786376953,80.05000305175781,79.83000183105469,79.9800033569336,68.3259048461914,12418800,0.0,0.0,0.0
2021-06-28,79.69999694824219,79.76000213623047,79.36000061035156,79.47000122070312,67.89021301269531,26952900,0.0,0.0,0.0
2021-06-29,79.62999725341797,79.68000030517578,79.38999938964844,79.48999786376953,67.90730285644531,9357500,0.0,0.0,0.0
2021-06-30,78.76000213623047,79.05999755859375,78.55000305175781,78.87999725341797,67.38618469238281,33578500,0.0,0.0,0.0
2021-07-01,78.88999938964844,79.12000274658203,78.69999694824219,79.06999969482422,67.54849243164062,28075400,0.0,0.0,0.0
2021-07-02,79.08000183105469,79.36000061035156,78.87999725341797,79.33999633789062,67.77915954589844,13712600,0.0,0.0,0.0
2021-07-06,79.37999725341797,79.4000015258789,78.54000091552734,78.81999969482422,67.33492279052734,21289800,0.0,0.0,0.0
2021-07-07,79.16000366210938,79.3499984741211,78.83000183105469,79.25,67.7022705078125,21686400,0.0,0.0,0.0
2021-07-08,77.9800033569336,78.37000274658203,77.75,78.2300033569336,66.83090209960938,24175500,0.0,0.0,0.0
2021-07-09,79.05000305175781,79.61000061035156,78.97000122070312,79.55999755859375,67.96708679199219,35200100,0.0,0.0,0.0
2021-07-12,79.58000183105469,79.94000244140625,79.51000213623047,79.9000015258789,68.25756072998047,11995800,0.0,0.0,0.0
2021-07-13,79.61000061035156,79.79000091552734,79.36000061035156,79.4800033569336,67.89874267578125,15689500,0.0,0.0,0.0
2021-07-14,79.81999969482422,79.83000183105469,79.55999755859375,79.66000366210938,68.05252838134766,14023600,0.0,0.0,0.0
2021-07-15,78.9000015258789,79.0999984741211,78.5999984741211,78.9000015258789,67.40326690673828,21637900,0.0,0.0,0.0
2021-07-16,78.8499984741211,78.9000015258789,78.18000030517578,78.31999969482422,66.90778350830078,23034100,0.0,0.0,0.0
2021-07-19,77.08999633789062,77.2300033569336,76.4800033569336,76.9000015258789,65.6947021484375,44844800,0.0,0.0,0.0
2021-07-20,76.72000122070312,77.61000061035156,76.62000274658203,77.45999908447266,66.17308044433594,30309900,0.0,0.0,0.0
2021-07-21,78.01000213623047,78.69000244140625,77.97000122070312,78.63999938964844,67.18114471435547,22928600,0.0,0.0,0.0
2021-07-22,78.93000030517578,78.97000122070312,78.4800033569336,78.66999816894531,67.20677947998047,15874000,0.0,0.0,0.0
2021-07-23,79.19000244140625,79.37000274658203,79.02999877929688,79.22000122070312,67.6766357421875,16550600,0.0,0.0,0.0
2021-07-26,79.06999969482422,79.36000061035156,79.06999969482422,79.33000183105469,67.77061462402344,14870900,0.0,0.0,0.0
2021-07-27,78.97000122070312,79.06999969482422,78.62999725341797,79.01000213623047,67.49724578857422,20952500,0.0,0.0,0.0
2021-07-28,79.0199966430664,79.5,78.88999938964844,79.3499984741211,67.7876968383789,19700600,0.0,0.0,0.0
2021-07-29,80.01000213623047,80.12000274658203,79.87999725341797,79.9000015258789,68.25756072998047,23670000,0.0,0.0,0.0
2021-07-30,79.58999633789062,79.83999633789062,79.33000183105469,79.48999786376953,67.90730285644531,23997100,0.0,0.0,0.0
2021-08-02,80.13999938964844,80.27999877929688,79.73999786376953,79.88999938964844,68.2490234375,25364000,0.0,0.0,0.0
2021-08-03,80.2300033569336,80.4800033569336,79.9000015258789,80.45999908447266,68.73595428466797,19028100,0.0,0.0,0.0
2021-08-04,80.51000213623047,80.6500015258789,80.19000244140625,80.22000122070312,68.53093719482422,12852000,0.0,0.0,0.0
2021-08-05,80.62999725341797,80.70999908447266,80.5199966430664,80.61000061035156,68.86408996582031,11868900,0.0,0.0,0.0
2021-08-06,80.43000030517578,80.5199966430664,80.18000030517578,80.30999755859375,68.6078109741211,10892500,0.0,0.0,0.0
2021-08-09,80.33000183105469,80.37999725341797,80.18000030517578,80.2699966430664,68.57363891601562,7897000,0.0,0.0,0.0
2021-08-10,80.2699966430664,80.44999694824219,80.22000122070312,80.44999694824219,68.72740173339844,10438200,0.0,0.0,0.0
2021-08-11,80.93000030517578,81.05000305175781,80.76000213623047,81.0,69.197265625,14996100,0.0,0.0,0.0
2021-08-12,80.83000183105469,80.95999908447266,80.66999816894531,80.93000030517578,69.1374740600586,12443200,0.0,0.0,0.0
2021-08-13,81.19000244140625,81.44999694824219,81.12000274658203,81.41999816894531,69.55606842041016,14590400,0.0,0.0,0.0
2021-08-16,80.79000091552734,81.01000213623047,80.52999877929688,81.0,69.197265625,19192300,0.0,0.0,0.0
2021-08-17,80.23999786376953,80.41999816894531,79.88999938964844,80.23999786376953,68.54801177978516,23555000,0.0,0.0,0.0
2021-08-18,80.22000122070312,80.52999877929688,79.91999816894531,79.93000030517578,68.2831802368164,16384700,0.0,0.0,0.0
2021-08-19,78.88999938964844,79.3499984741211,78.8499984741211,79.13999938964844,67.60829162597656,30515300,0.0,0.0,0.0
2021-08-20,78.91000366210938,79.47000122070312,78.81999969482422,79.44999694824219,67.87312316894531,15774200,0.0,0.0,0.0
2021-08-23,79.87999725341797,80.27999877929688,79.8499984741211,80.19000244140625,68.50531005859375,22524800,0.0,0.0,0.0
2021-08-24,80.16000366210938,80.48999786376953,80.08000183105469,80.36000061035156,68.6505355834961,13722900,0.0,0.0,0.0
2021-08-25,80.27999877929688,80.47000122070312,80.1500015258789,80.38999938964844,68.67615509033203,12891400,0.0,0.0,0.0
2021-08-26,80.12999725341797,80.23999786376953,79.8499984741211,79.97000122070312,68.31735229492188,16927900,0.0,0.0,0.0
2021-08-27,79.98999786376953,80.7699966430664,79.95999908447266,80.69999694824219,68.94098663330078,24935800,0.0,0.0,0.0
2021-08-30,80.66999816894531,80.80000305175781,80.55999755859375,80.68000030517578,68.92390441894531,8142000,0.0,0.0,0.0
2021-08-31,80.81999969482422,80.83000183105469,80.48999786376953,80.63999938964844,68.88973236083984,18738400,0.0,0.0,0.0
2021-09-01,81.26000213623047,81.58999633789062,81.20999908447266,81.37000274658203,69.51335144042969,30472100,0.0,0.0,0.0
2021-09-02,81.70999908447266,81.87999725341797,81.61000061035156,81.69999694824219,69.79525756835938,13827400,0.0,0.0,0.0
2021-09-03,81.80000305175781,82.18000030517578,81.69000244140625,82.06999969482422,70.11134338378906,16303200,0.0,0.0,0.0
2021-09-07,82.19999694824219,82.29000091552734,82.08000183105469,82.12999725341797,70.16261291503906,13967800,0.0,0.0,0.0
2021-09-08,81.77999877929688,81.91999816894531,81.3499984741211,81.4800033569336,69.60733795166016,22764200,0.0,0.0,0.0
2021-09-09,81.44999694824219,81.76000213623047,81.2699966430664,81.33999633789062,69.48773193359375,18963300,0.0,0.0,0.0
2021-09-10,81.91999816894531,81.9800033569336,81.13999938964844,81.16000366210938,69.33395385742188,26709900,0.0,0.0,0.0
2021-09-13,81.94999694824219,81.95999908447266,81.5199966430664,81.80000305175781,69.8807144165039,22335000,0.0,0.0,0.0
2021-09-14,82.04000091552734,82.05000305175781,81.37999725341797,81.45999908447266,69.59024047851562,19177500,0.0,0.0,0.0
2021-09-15,81.37999725341797,81.70999908447266,81.22000122070312,81.69999694824219,69.79525756835938,26233800,0.0,0.0,0.0
2021-09-16,81.3499984741211,81.58999633789062,81.12999725341797,81.56999969482422,69.68421173095703,25765500,0.0,0.0,0.0
2021-09-17,81.06999969482422,81.20999908447266,80.2300033569336,80.5,68.77013397216797,37070600,0.0,0.0,0.0
2021-09-20,78.73999786376953,79.19999694824219,78.33000183105469,79.01000213623047,67.49724578857422,45028000,0.0,0.0,0.0
2021-09-21,80.08000183105469,80.20999908447266,79.68000030517578,79.79000091552734,68.16358947753906,37472300,0.0,0.0,0.0
2021-09-22,80.18000030517578,80.80000305175781,80.12000274658203,80.19000244140625,68.50531005859375,28718400,0.0,0.0,0.0
2021-09-23,80.81999969482422,81.22000122070312,80.7699966430664,81.05999755859375,69.24853515625,31257800,0.0,0.0,0.0
2021-09-24,80.22000122070312,80.5,80.16999816894531,80.30000305175781,68.59927368164062,20066300,0.0,0.0,0.0
2021-09-27,80.06999969482422,80.33000183105469,79.97000122070312,80.25,68.55654907226562,15526500,0.0,0.0,0.0
2021-09-28,79.04000091552734,79.08000183105469,78.23999786376953,78.5,67.06155395507812,48064900,0.0,0.0,0.0
2021-09-29,78.70999908447266,78.76000213623047,78.23999786376953,78.31999969482422,66.90778350830078,31733200,0.0,0.0,0.0
2021-09-30,78.4000015258789,78.5199966430664,77.81999969482422,78.01000213623047,66.6429443359375,39506300,0.0,0.0,0.0
2021-10-01,78.05000305175781,78.37999725341797,77.5,78.19999694824219,66.80526733398438,44524800,0.0,0.0,0.0
2021-10-04,77.95999908447266,78.05999755859375,77.0999984741211,77.37999725341797,66.10476684570312,32751400,0.0,0.0,0.0
2021-10-05,77.55000305175781,78.19000244140625,77.45999908447266,77.91000366210938,66.55754089355469,25903300,0.0,0.0,0.0
2021-10-06,76.6500015258789,77.43000030517578,76.43000030517578,77.38999938964844,66.11328887939453,36917200,0.0,0.0,0.0
2021-10-07,77.80999755859375,78.30999755859375,77.80000305175781,77.98999786376953,66.62586975097656,19908700,0.0,0.0,0.0
2021-10-08,78.19000244140625,78.25,77.83999633789062,77.9800033569336,66.61732482910156,23628700,0.0,0.0,0.0
2021-10-11,78.16000366210938,78.41000366210938,77.72000122070312,77.7300033569336,66.40377044677734,23542500,0.0,0.0,0.0
2021-10-12,77.87000274658203,78.04000091552734,77.62999725341797,77.7699966430664,66.43792724609375,18697400,0.0,0.0,0.0
2021-10-13,78.18000030517578,78.63999938964844,78.0,78.54000091552734,67.09574890136719,23073600,0.0,0.0,0.0
2021-10-14,79.29000091552734,79.4000015258789,79.11000061035156,79.31999969482422,67.76206970214844,19304400,0.0,0.0,0.0
2021-10-15,79.76000213623047,80.0,79.66999816894531,79.9800033569336,68.3259048461914,24447200,0.0,0.0,0.0
2021-10-18,79.37999725341797,79.68000030517578,79.23999786376953,79.63999938964844,68.03543853759766,19044700,0.0,0.0,0.0
2021-10-19,79.94999694824219,80.25,79.9000015258789,80.12000274658203,68.44549560546875,14649000,0.0,0.0,0.0
2021-10-20,80.19999694824219,80.5,80.12000274658203,80.4000015258789,68.68470001220703,11235500,0.0,0.0,0.0
2021-10-21,79.87999725341797,80.1500015258789,79.83999633789062,80.0199966430664,68.36006164550781,16278800,0.0,0.0,0.0
2021-10-22,80.37000274658203,80.66000366210938,80.1500015258789,80.5,68.77013397216797,22173500,0.0,0.0,0.0
2021-10-25,80.29000091552734,80.47000122070312,80.05999755859375,80.33999633789062,68.6334457397461,13658000,0.0,0.0,0.0
2021-10-26,80.83000183105469,80.83000183105469,80.38999938964844,80.5,68.77013397216797,10552900,0.0,0.0,0.0
2021-10-27,80.51000213623047,80.62999725341797,80.16000366210938,80.18000030517578,68.49675750732422,18449000,0.0,0.0,0.0
2021-10-28,80.56999969482422,81.0199966430664,80.55000305175781,80.95999908447266,69.1631088256836,15260200,0.0,0.0,0.0
2021-10-29,80.2699966430664,80.55000305175781,80.19000244140625,80.48999786376953,68.76158142089844,25406900,0.0,0.0,0.0
2021-11-01,80.94999694824219,81.30000305175781,80.79000091552734,81.2699966430664,69.42792510986328,20337400,0.0,0.0,0.0
2021-11-02,81.02999877929688,81.20999908447266,80.9800033569336,81.0999984741211,69.28269958496094,10184500,0.0,0.0,0.0
2021-11-03,81.06999969482422,81.79000091552734,80.94000244140625,81.76000213623047,69.8465347290039,14911000,0.0,0.0,0.0
2021-11-04,81.52999877929688,81.70999908447266,81.3499984741211,81.70999908447266,69.8038101196289,14083300,0.0,0.0,0.0
2021-11-05,81.69999694824219,81.83000183105469,81.4800033569336,81.83000183105469,69.90634155273438,15593600,0.0,0.0,0.0
2021-11-08,81.87000274658203,82.0,81.7300033569336,81.81999969482422,69.89779663085938,9065900,0.0,0.0,0.0
2021-11-09,81.87000274658203,81.91999816894531,81.38999938964844,81.63999938964844,69.7440185546875,16011200,0.0,0.0,0.0
2021-11-10,81.30000305175781,81.44000244140625,80.54000091552734,80.6500015258789,68.89827728271484,21546800,0.0,0.0,0.0
2021-11-11,81.05999755859375,81.16000366210938,80.88999938964844,80.94000244140625,69.14601135253906,9264600,0.0,0.0,0.0
2021-11-12,81.20999908447266,81.44000244140625,81.0999984741211,81.37999725341797,69.52190399169922,14817900,0.0,0.0,0.0
2021-11-15,81.58000183105469,81.5999984741211,81.18000030517578,81.2300033569336,69.39375305175781,14064500,0.0,0.0,0.0
2021-11-16,81.22000122070312,81.30999755859375,81.0199966430664,81.05000305175781,69.239990234375,12167900,0.0,0.0,0.0
2021-11-17,80.87999725341797,81.02999877929688,80.80000305175781,80.94999694824219,69.1545639038086,10415400,0.0,0.0,0.0
2021-11-18,80.94000244140625,81.08000183105469,80.6500015258789,81.02999877929688,69.222900390625,13236800,0.0,0.0,0.0
2021-11-19,80.58999633789062,80.66999816894531,80.29000091552734,80.33999633789062,68.6334457397461,20761900,0.0,0.0,0.0
2021-11-22,80.2300033569336,80.47000122070312,79.8499984741211,79.87000274658203,68.23193359375,17802300,0.0,0.0,0.0
2021-11-23,79.69999694824219,79.98999786376953,79.37000274658203,79.79000091552734,68.16358947753906,26736800,0.0,0.0,0.0
2021-11-24,78.66000366210938,79.2699966430664,78.62000274658203,79.26000213623047,67.7108154296875,20238700,0.0,0.0,0.0
2021-11-26,77.7300033569336,77.81999969482422,76.86000061035156,77.12999725341797,65.89118194580078,37776000,0.0,0.0,0.0
2021-11-29,77.73999786376953,77.80999755859375,77.16999816894531,77.5199966430664,66.22434997558594,31913600,0.0,0.0,0.0
2021-11-30,77.3499984741211,77.58999633789062,76.16999816894531,76.83999633789062,65.6434326171875,52770800,0.0,0.0,0.0
2021-12-01,77.88999938964844,78.25,76.38999938964844,76.4000015258789,65.26754760742188,43883900,0.0,0.0,0.0
2021-12-02,76.87999725341797,77.58999633789062,76.80000305175781,77.3499984741211,66.07910919189453,42264500,0.0,0.0,0.0
2021-12-03,77.5999984741211,77.69999694824219,76.56999969482422,77.02999877929688,65.80575561523438,46147500,0.0,0.0,0.0
2021-12-06,77.55000305175781,77.91999816894531,77.27999877929688,77.7699966430664,66.43792724609375,30884300,0.0,0.0,0.0
2021-12-07,78.7699966430664,79.43000030517578,78.7699966430664,79.41000366210938,67.8389663696289,28244900,0.0,0.0,0.0
2021-12-08,79.47000122070312,79.68000030517578,79.27999877929688,79.55999755859375,67.96708679199219,21619400,0.0,0.0,0.0
2021-12-09,79.04000091552734,79.12999725341797,78.83999633789062,78.9000015258789,67.40326690673828,32026500,0.0,0.0,0.0
2021-12-10,79.04000091552734,79.13999938964844,78.77999877929688,79.06999969482422,67.54849243164062,23412200,0.0,0.0,0.0
2021-12-13,77.38999938964844,77.48999786376953,76.9000015258789,76.98999786376953,66.9157485961914,27594700,1.352,0.0,0.0
2021-12-14,76.66999816894531,76.95999908447266,76.23999786376953,76.58000183105469,66.55941772460938,30040400,0.0,0.0,0.0
2021-12-15,76.79000091552734,77.63999938964844,76.43000030517578,77.62000274658203,67.46331787109375,31109400,0.0,0.0,0.0
2021-12-16,78.0,78.08000183105469,77.44000244140625,77.62999725341797,67.4720230102539,44621100,0.0,0.0,0.0
2021-12-17,77.05999755859375,77.25,76.5999984741211,76.6500015258789,66.62024688720703,44476200,0.0,0.0,0.0
2021-12-20,76.19999694824219,76.52999877929688,76.0,76.4800033569336,66.47248840332031,26303400,0.0,0.0,0.0
2021-12-21,76.8499984741211,77.37000274658203,76.79000091552734,77.33000183105469,67.21125793457031,22744100,0.0,0.0,0.0
2021-12-22,77.22000122070312,78.0999984741211,77.18000030517578,78.05000305175781,67.83706665039062,21609700,0.0,0.0,0.0
2021-12-23,78.12999725341797,78.69000244140625,78.12000274658203,78.51000213623047,68.23685455322266,28320000,0.0,0.0,0.0
2021-12-27,78.55000305175781,79.12000274658203,78.54000091552734,79.12000274658203,68.76705169677734,15219700,0.0,0.0,0.0
2021-12-28,79.19999694824219,79.38999938964844,79.11000061035156,79.1500015258789,68.7931137084961,15631300,0.0,0.0,0.0
2021-12-29,79.05000305175781,79.22000122070312,78.93000030517578,79.12000274658203,68.76705169677734,15046900,0.0,0.0,0.0
2021-12-30,79.02999877929688,79.12999725341797,78.69000244140625,78.75,68.5867691040039,20617500,0.163,0.0,0.0
2021-12-31,78.73999786376953,79.08000183105469,78.62999725341797,78.68000030517578,68.52579498291016,23252200,0.0,0.0,0.0
2022-01-03,79.13999938964844,79.22000122070312,78.77999877929688,79.19000244140625,68.96997833251953,24096900,0.0,0.0,0.0
2022-01-04,79.68000030517578,79.87999725341797,79.43000030517578,79.63999938964844,69.36189270019531,24314300,0.0,0.0,0.0
2022-01-05,79.94000244140625,80.04000091552734,78.94000244140625,78.94000244140625,68.75224304199219,24704100,0.0,0.0,0.0
2022-01-06,78.68000030517578,78.91999816894531,78.33000183105469,78.54000091552734,68.40386962890625,32472900,0.0,0.0,0.0
2022-01-07,78.5,78.88999938964844,78.19999694824219,78.7699966430664,68.60417175292969,22833900,0.0,0.0,0.0
2022-01-10,77.88999938964844,78.08999633789062,77.36000061035156,78.04000091552734,67.9683837890625,45587600,0.0,0.0,0.0
2022-01-11,78.08999633789062,78.91999816894531,77.87000274658203,78.88999938964844,68.70868682861328,30847000,0.0,0.0,0.0
2022-01-12,79.37999725341797,79.72000122070312,79.30000305175781,79.66000366210938,69.37932586669922,30780700,0.0,0.0,0.0
2022-01-13,79.88999938964844,79.94000244140625,78.9800033569336,79.08000183105469,68.87417602539062,24991200,0.0,0.0,0.0
2022-01-14,78.77999877929688,79.16000366210938,78.51000213623047,79.0,68.80448913574219,26136500,0.0,0.0,0.0
2022-01-18,78.06999969482422,78.26000213623047,77.66000366210938,77.83999633789062,67.794189453125,37504600,0.0,0.0,0.0
2022-01-19,78.2300033569336,78.37999725341797,77.70999908447266,77.7699966430664,67.73323059082031,34437700,0.0,0.0,0.0
2022-01-20,78.05000305175781,78.44999694824219,77.29000091552734,77.38999938964844,67.40227508544922,38225400,0.0,0.0,0.0
2022-01-21,77.1500015258789,77.23999786376953,76.20999908447266,76.33999633789062,66.48778533935547,60761300,0.0,0.0,0.0
2022-01-24,74.91000366210938,75.61000061035156,73.55000305175781,75.58000183105469,65.82588195800781,85455900,0.0,0.0,0.0
2022-01-25,74.68000030517578,75.62999725341797,74.0999984741211,75.12000274658203,65.42523956298828,54516800,0.0,0.0,0.0
2022-01-26,76.04000091552734,76.16999816894531,74.45999908447266,74.83000183105469,65.17266845703125,55217000,0.0,0.0,0.0
2022-01-27,74.97000122070312,75.30999755859375,74.19000244140625,74.4800033569336,64.86783599853516,46252100,0.0,0.0,0.0
2022-01-28,73.9800033569336,74.73999786376953,73.52999877929688,74.7300033569336,65.08557891845703,44588300,0.0,0.0,0.0
2022-01-31,74.70999908447266,75.86000061035156,74.69000244140625,75.81999969482422,66.03489685058594,38299200,0.0,0.0,0.0
2022-02-01,76.29000091552734,76.55000305175781,75.75,76.54000091552734,66.6619873046875,53240700,0.0,0.0,0.0
2022-02-02,77.16000366210938,77.20999908447266,76.7300033569336,77.11000061035156,67.15841674804688,35225900,0.0,0.0,0.0
2022-02-03,76.38999938964844,76.6500015258789,75.87000274658203,75.88999938964844,66.09586334228516,46207200,0.0,0.0,0.0
2022-02-04,75.75,76.41999816894531,75.5199966430664,76.06999969482422,66.25263214111328,32188300,0.0,0.0,0.0
2022-02-07,76.12999725341797,76.58999633789062,76.05999755859375,76.19999694824219,66.36585998535156,17045500,0.0,0.0,0.0
2022-02-08,76.19000244140625,76.69999694824219,76.0,76.58999633789062,66.70551300048828,27066900,0.0,0.0,0.0
2022-02-09,77.66000366210938,77.8499984741211,77.5199966430664,77.83000183105469,67.78549194335938,26858900,0.0,0.0,0.0
2022-02-10,76.72000122070312,77.9000015258789,76.68000030517578,76.83999633789062,66.92325592041016,27349500,0.0,0.0,0.0
2022-02-11,76.80999755859375,77.11000061035156,75.45999908447266,75.68000030517578,65.91295623779297,51519400,0.0,0.0,0.0
2022-02-14,75.37000274658203,75.44999694824219,74.66999816894531,75.19000244140625,65.48621368408203,45356000,0.0,0.0,0.0
2022-02-15,76.08000183105469,76.61000061035156,76.0,76.56999969482422,66.68810272216797,30223600,0.0,0.0,0.0
2022-02-16,76.2699966430664,77.0199966430664,76.2300033569336,76.86000061035156,66.940673828125,22557600,0.0,0.0,0.0
2022-02-17,76.29000091552734,76.33000183105469,75.58999633789062,75.62000274658203,65.8607177734375,34691300,0.0,0.0,0.0
2022-02-18,75.66000366210938,75.86000061035156,75.08000183105469,75.30000305175781,65.5820083618164,34752000,0.0,0.0,0.0
2022-02-22,74.62000274658203,75.05000305175781,73.93000030517578,74.41999816894531,64.8155746459961,32967600,0.0,0.0,0.0
2022-02-23,75.16999816894531,75.18000030517578,73.66000366210938,73.80999755859375,64.28430938720703,39771800,0.0,0.0,0.0
2022-02-24,71.11000061035156,72.86000061035156,70.9800033569336,72.81999969482422,63.42206954956055,72044600,0.0,0.0,0.0
2022-02-25,73.45999908447266,74.68000030517578,73.4000015258789,74.63999938964844,65.00718688964844,47641800,0.0,0.0,0.0
2022-02-28,73.11000061035156,74.16000366210938,72.87999725341797,73.22000122070312,63.770442962646484,50821600,0.0,0.0,0.0
2022-03-01,72.91000366210938,73.12000274658203,71.2300033569336,71.62000274658203,62.37693405151367,49003900,0.0,0.0,0.0
2022-03-02,72.12999725341797,72.72000122070312,71.87000274658203,72.5199966430664,63.160797119140625,43906000,0.0,0.0,0.0
2022-03-03,72.22000122070312,72.2699966430664,70.87999725341797,71.08999633789062,61.91533279418945,44389700,0.0,0.0,0.0
2022-03-04,69.11000061035156,69.27999877929688,68.43000030517578,69.02999877929688,60.12120056152344,54455500,0.0,0.0,0.0
2022-03-07,68.58999633789062,68.69999694824219,66.54000091552734,66.83999633789062,58.213829040527344,55499400,0.0,0.0,0.0
2022-03-08,67.48999786376953,68.73999786376953,66.55000305175781,67.41999816894531,58.71897506713867,56682500,0.0,0.0,0.0
2022-03-09,69.54000091552734,70.70999908447266,69.1500015258789,70.23999786376953,61.1750373840332,55565000,0.0,0.0,0.0
2022-03-10,69.25,69.86000061035156,68.98999786376953,69.4000015258789,60.44343948364258,33804200,0.0,0.0,0.0
2022-03-11,69.95999908447266,70.05999755859375,68.55000305175781,68.6500015258789,59.79023361206055,32380700,0.0,0.0,0.0
2022-03-14,69.69000244140625,70.16999816894531,69.13999938964844,69.27999877929688,60.338924407958984,32048200,0.0,0.0,0.0
2022-03-15,69.6500015258789,70.0999984741211,69.30999755859375,69.94000244140625,60.91375732421875,36961200,0.0,0.0,0.0
2022-03-16,71.4000015258789,72.5,70.77999877929688,72.44999694824219,63.09982681274414,44821400,0.0,0.0,0.0
2022-03-17,72.13999938964844,73.20999908447266,72.08000183105469,73.05999755859375,63.63109588623047,35025600,0.0,0.0,0.0
2022-03-18,72.44999694824219,73.83000183105469,72.31999969482422,73.7699966430664,64.24945831298828,36684100,0.0,0.0,0.0
2022-03-21,73.55999755859375,73.72000122070312,72.93000030517578,73.30999755859375,63.84881591796875,29985700,0.0,0.0,0.0
2022-03-22,73.76000213623047,74.13999938964844,73.69999694824219,74.0,64.44977569580078,21840800,0.0,0.0,0.0
2022-03-23,73.18000030517578,73.5199966430664,73.02999877929688,73.04000091552734,63.613677978515625,22375800,0.0,0.0,0.0
2022-03-24,73.27999877929688,73.72000122070312,73.16000366210938,73.72000122070312,64.2059097290039,22098200,0.0,0.0,0.0
2022-03-25,73.66000366210938,73.86000061035156,73.25,73.76000213623047,64.24076843261719,18372100,0.0,0.0,0.0
2022-03-28,73.29000091552734,73.56999969482422,72.95999908447266,73.5199966430664,64.03173065185547,24829900,0.0,0.0,0.0
2022-03-29,75.18000030517578,75.37999725341797,74.48999786376953,75.1500015258789,65.45137023925781,25591200,0.0,0.0,0.0
2022-03-30,74.87999725341797,75.13999938964844,74.55999755859375,74.83999633789062,65.1813735961914,22487000,0.0,0.0,0.0
2022-03-31,74.30000305175781,74.58000183105469,73.5199966430664,73.5999984741211,64.10140228271484,31677200,0.0,0.0,0.0
2022-04-01,74.05999755859375,74.30999755859375,73.73999786376953,74.29000091552734,64.70236206054688,23182800,0.0,0.0,0.0
2022-04-04,74.12999725341797,74.62000274658203,74.05000305175781,74.58999633789062,64.96363830566406,20875700,0.0,0.0,0.0
2022-04-05,74.11000061035156,74.37999725341797,73.38999938964844,73.58000183105469,64.083984375,27759400,0.0,0.0,0.0
2022-04-06,72.66000366210938,73.08999633789062,72.29000091552734,72.69999694824219,63.31754684448242,30692700,0.0,0.0,0.0
2022-04-07,72.7699966430664,73.0999984741211,72.23999786376953,72.86000061035156,63.456912994384766,27838500,0.0,0.0,0.0
2022-04-08,72.58999633789062,73.19000244140625,72.48999786376953,72.88999938964844,63.48303985595703,21937200,0.0,0.0,0.0
2022-04-11,72.58000183105469,72.75,72.06999969482422,72.12000274658203,62.812400817871094,22149900,0.0,0.0,0.0
2022-04-12,72.2300033569336,72.41000366210938,71.4000015258789,71.58000183105469,62.34210205078125,28916200,0.0,0.0,0.0
2022-04-13,71.56999969482422,72.38999938964844,71.56999969482422,72.3499984741211,63.01272964477539,20164900,0.0,0.0,0.0
2022-04-14,72.48999786376953,72.62000274658203,71.9800033569336,72.0199966430664,62.725311279296875,19861900,0.0,0.0,0.0
2022-04-18,71.69999694824219,72.12999725341797,71.47000122070312,71.5999984741211,62.35952377319336,18508900,0.0,0.0,0.0
2022-04-19,71.18000030517578,72.02999877929688,71.18000030517578,71.94000244140625,62.655643463134766,24863500,0.0,0.0,0.0
2022-04-20,72.5,72.66000366210938,72.19999694824219,72.41999816894531,63.07368469238281,30249800,0.0,0.0,0.0
2022-04-21,73.08999633789062,73.22000122070312,71.51000213623047,71.63999938964844,62.39435577392578,32960800,0.0,0.0,0.0
2022-04-22,71.52999877929688,71.54000091552734,70.4000015258789,70.47000122070312,61.3753547668457,34878400,0.0,0.0,0.0
2022-04-25,69.70999908447266,70.19000244140625,69.16000366210938,70.12999725341797,61.07923126220703,37193600,0.0,0.0,0.0
2022-04-26,69.56999969482422,69.61000061035156,68.12999725341797,68.16999816894531,59.3721809387207,41284200,0.0,0.0,0.0
2022-04-27,68.43000030517578,68.94999694824219,68.06999969482422,68.4800033569336,59.642181396484375,43593100,0.0,0.0,0.0
2022-04-28,68.91000366210938,69.62000274658203,68.30000305175781,69.44999694824219,60.48699951171875,32154000,0.0,0.0,0.0
2022-04-29,69.69999694824219,70.12000274658203,68.56999969482422,68.63999938964844,59.781517028808594,54305300,0.0,0.0,0.0
2022-05-02,68.38999938964844,68.73999786376953,67.66000366210938,68.47000122070312,59.633480072021484,45813900,0.0,0.0,0.0
2022-05-03,68.93000030517578,69.23999786376953,68.69999694824219,68.9800033569336,60.07765197753906,39643500,0.0,0.0,0.0
2022-05-04,69.0,70.30999755859375,68.19999694824219,70.19000244140625,61.131492614746094,47419100,0.0,0.0,0.0
2022-05-05,69.18000030517578,69.22000122070312,67.41999816894531,67.93000030517578,59.16316604614258,38827000,0.0,0.0,0.0
2022-05-06,67.44000244140625,67.69000244140625,66.8499984741211,67.2699966430664,58.58833312988281,48268900,0.0,0.0,0.0
2022-05-09,66.04000091552734,66.1500015258789,65.11000061035156,65.23999786376953,56.820316314697266,50145000,0.0,0.0,0.0
2022-05-10,66.4000015258789,66.44000244140625,65.23999786376953,65.7300033569336,57.24708557128906,57682400,0.0,0.0,0.0
2022-05-11,65.91000366210938,66.7699966430664,65.26000213623047,65.33999633789062,56.90740966796875,49751100,0.0,0.0,0.0
2022-05-12,64.93000030517578,65.80000305175781,64.62999725341797,65.18000030517578,56.768062591552734,39410900,0.0,0.0,0.0
2022-05-13,66.13999938964844,67.0199966430664,66.12000274658203,66.98999786376953,58.34446334838867,34682200,0.0,0.0,0.0
2022-05-16,66.69000244140625,67.3499984741211,66.47000122070312,67.05000305175781,58.39673614501953,21254300,0.0,0.0,0.0
2022-05-17,68.16000366210938,68.3499984741211,67.77999877929688,68.30000305175781,59.48540496826172,31487000,0.0,0.0,0.0
2022-05-18,67.70999908447266,67.80999755859375,66.56999969482422,66.66999816894531,58.065765380859375,23553000,0.0,0.0,0.0
2022-05-19,66.58999633789062,67.69999694824219,66.56999969482422,67.30999755859375,58.623172760009766,35999600,0.0,0.0,0.0
2022-05-20,68.08000183105469,68.1500015258789,66.91000366210938,67.7699966430664,59.0238037109375,36357000,0.0,0.0,0.0
2022-05-23,68.48999786376953,69.06999969482422,68.37000274658203,68.91999816894531,60.025390625,23838500,0.0,0.0,0.0
2022-05-24,68.69999694824219,69.04000091552734,68.33999633789062,68.80999755859375,59.92958068847656,19504600,0.0,0.0,0.0
2022-05-25,68.33999633789062,69.13999938964844,68.33999633789062,68.83000183105469,59.9470100402832,18826400,0.0,0.0,0.0
2022-05-26,68.93000030517578,69.76000213623047,68.91999816894531,69.58999633789062,60.60892868041992,20930500,0.0,0.0,0.0
2022-05-27,70.04000091552734,70.44999694824219,70.0,70.43000030517578,61.340518951416016,13697600,0.0,0.0,0.0
2022-05-31,70.19000244140625,70.47000122070312,69.83999633789062,70.01000213623047,60.9747200012207,25025200,0.0,0.0,0.0
2022-06-01,70.41999816894531,70.45999908447266,69.05999755859375,69.2699966430664,60.33021926879883,28336400,0.0,0.0,0.0
2022-06-02,69.83000183105469,70.7300033569336,69.58000183105469,70.70999908447266,61.58437728881836,21642000,0.0,0.0,0.0
2022-06-03,69.80999755859375,70.0,69.5,69.69999694824219,60.70471954345703,21327200,0.0,0.0,0.0
2022-06-06,70.51000213623047,70.61000061035156,69.83000183105469,69.9800033569336,60.94859313964844,15192300,0.0,0.0,0.0
2022-06-07,69.27999877929688,70.22000122070312,69.2699966430664,70.19000244140625,61.131492614746094,19039600,0.0,0.0,0.0
2022-06-08,69.41999816894531,69.72000122070312,69.12999725341797,69.20999908447266,60.2779655456543,21219400,0.0,0.0,0.0
2022-06-09,67.3499984741211,67.51000213623047,66.26000213623047,66.29000091552734,59.012088775634766,25675700,1.498,0.0,0.0
2022-06-10,65.05999755859375,65.12999725341797,64.48999786376953,64.69000244140625,57.58774948120117,34102000,0.0,0.0,0.0
2022-06-13,63.029998779296875,63.369998931884766,62.439998626708984,62.54999923706055,55.682701110839844,54218000,0.0,0.0,0.0
2022-06-14,62.529998779296875,62.72999954223633,61.41999816894531,61.959999084472656,55.157474517822266,38601700,0.0,0.0,0.0
2022-06-15,62.63999938964844,63.470001220703125,61.86000061035156,63.119998931884766,56.19011688232422,37790700,0.0,0.0,0.0
2022-06-16,61.59000015258789,62.18000030517578,61.34000015258789,61.72999954223633,54.95272445678711,38025300,0.0,0.0,0.0
2022-06-17,61.68000030517578,62.0,61.119998931884766,61.47999954223633,54.730167388916016,43097500,0.0,0.0,0.0
2022-06-21,62.56999969482422,62.77000045776367,62.380001068115234,62.40999984741211,55.558067321777344,31891400,0.0,0.0,0.0
2022-06-22,61.709999084472656,62.56999969482422,61.619998931884766,61.9900016784668,55.18417739868164,30368200,0.0,0.0,0.0
2022-06-23,61.849998474121094,62.0,61.27000045776367,61.91999816894531,55.121864318847656,26482500,0.0,0.0,0.0
2022-06-24,62.790000915527344,63.790000915527344,62.7400016784668,63.77000045776367,56.76875686645508,31235000,0.0,0.0,0.0
2022-06-27,63.65999984741211,63.939998626708984,63.43000030517578,63.5,56.52840042114258,20987600,0.0,0.0,0.0
2022-06-28,64.0199966430664,64.22000122070312,63.04999923706055,63.06999969482422,56.145606994628906,19187400,0.0,0.0,0.0
2022-06-29,63.099998474121094,63.290000915527344,62.790000915527344,62.83000183105469,55.93195343017578,18226800,0.0,0.0,0.0
2022-06-30,61.709999084472656,62.59000015258789,61.470001220703125,62.4900016784668,55.62928771972656,37316200,0.0,0.0,0.0
2022-07-01,61.709999084472656,62.650001525878906,61.5,62.63999938964844,55.7628173828125,26046600,0.0,0.0,0.0
2022-07-05,60.65999984741211,61.31999969482422,60.40999984741211,61.29999923706055,54.5699348449707,30911300,0.0,0.0,0.0
2022-07-06,61.20000076293945,61.4900016784668,60.86000061035156,61.349998474121094,54.61444091796875,18030000,0.0,0.0,0.0
2022-07-07,61.86000061035156,62.290000915527344,61.849998474121094,62.279998779296875,55.44233703613281,17215100,0.0,0.0,0.0
2022-07-08,62.119998931884766,62.560001373291016,61.849998474121094,62.349998474121094,55.50465393066406,13135200,0.0,0.0,0.0
2022-07-11,61.56999969482422,61.75,61.290000915527344,61.34000015258789,54.60554504394531,15757900,0.0,0.0,0.0
2022-07-12,61.2400016784668,61.83000183105469,61.189998626708984,61.33000183105469,54.59663772583008,16350500,0.0,0.0,0.0
2022-07-13,60.58000183105469,61.54999923706055,60.5099983215332,61.29999923706055,54.5699348449707,17907500,0.0,0.0,0.0
2022-07-14,59.9900016784668,60.4900016784668,59.540000915527344,60.439998626708984,53.804351806640625,25329100,0.0,0.0,0.0
2022-07-15,60.880001068115234,61.439998626708984,60.61000061035156,61.400001525878906,54.65895462036133,28570100,0.0,0.0,0.0
2022-07-18,62.2599983215332,62.41999816894531,61.54999923706055,61.650001525878906,54.881507873535156,23785600,0.0,0.0,0.0
2022-07-19,62.81999969482422,63.349998474121094,62.7599983215332,63.33000183105469,56.3770637512207,25474500,0.0,0.0,0.0
2022-07-20,63.130001068115234,63.31999969482422,62.59000015258789,62.90999984741211,56.003170013427734,18738200,0.0,0.0,0.0
2022-07-21,62.77000045776367,63.630001068115234,62.689998626708984,63.560001373291016,56.581809997558594,19165500,0.0,0.0,0.0
2022-07-22,63.83000183105469,64.19000244140625,63.150001525878906,63.400001525878906,56.43938064575195,18771500,0.0,0.0,0.0
2022-07-25,63.880001068115234,63.970001220703125,63.54999923706055,63.88999938964844,56.87557601928711,17451300,0.0,0.0,0.0
2022-07-26,63.41999816894531,63.47999954223633,63.0,63.0,56.08329391479492,11610000,0.0,0.0,0.0
2022-07-27,63.63999938964844,64.55999755859375,63.43000030517578,64.48999786376953,57.40970230102539,20945500,0.0,0.0,0.0
2022-07-28,64.38999938964844,64.94000244140625,64.01000213623047,64.81999969482422,57.70347595214844,19385400,0.0,0.0,0.0
2022-07-29,64.94000244140625,65.76000213623047,64.76000213623047,65.72000122070312,58.504669189453125,23958000,0.0,0.0,0.0
2022-08-01,65.69999694824219,66.08000183105469,65.48999786376953,65.80999755859375,58.58477783203125,19450500,0.0,0.0,0.0
2022-08-02,65.27999877929688,65.45999908447266,64.73999786376953,64.76000213623047,57.65006637573242,17857700,0.0,0.0,0.0
2022-08-03,65.05000305175781,65.26000213623047,64.6500015258789,65.13999938964844,57.988346099853516,16011100,0.0,0.0,0.0
2022-08-04,65.26000213623047,65.58999633789062,65.18000030517578,65.47000122070312,58.28211212158203,15153600,0.0,0.0,0.0
2022-08-05,64.66000366210938,65.12000274658203,64.56999969482422,65.01000213623047,57.87261962890625,15130400,0.0,0.0,0.0
2022-08-08,65.52999877929688,65.76000213623047,65.04000091552734,65.16000366210938,58.00615692138672,12069100,0.0,0.0,0.0
2022-08-09,65.12999725341797,65.23999786376953,64.69999694824219,64.80999755859375,57.69457244873047,10867800,0.0,0.0,0.0
2022-08-10,66.16999816894531,66.48999786376953,65.94000244140625,66.2699966430664,58.994285583496094,16870800,0.0,0.0,0.0
2022-08-11,66.52999877929688,66.73999786376953,66.13999938964844,66.25,58.97648239135742,11539400,0.0,0.0,0.0
2022-08-12,66.29000091552734,66.7699966430664,66.12999725341797,66.76000213623047,59.43048095703125,13680300,0.0,0.0,0.0
2022-08-15,66.19000244140625,66.41000366210938,66.05999755859375,66.36000061035156,59.074398040771484,15733100,0.0,0.0,0.0
2022-08-16,65.94999694824219,66.45999908447266,65.94999694824219,66.33999633789062,59.05659484863281,13497100,0.0,0.0,0.0
2022-08-17,65.69999694824219,66.16999816894531,65.47000122070312,65.80999755859375,58.58477783203125,14822100,0.0,0.0,0.0
2022-08-18,65.7300033569336,65.76000213623047,65.36000061035156,65.58999633789062,58.38893508911133,14303900,0.0,0.0,0.0
2022-08-19,64.97000122070312,65.04000091552734,64.54000091552734,64.69000244140625,57.58774948120117,20257600,0.0,0.0,0.0
2022-08-22,63.9900016784668,64.01000213623047,63.43000030517578,63.59000015258789,56.608516693115234,20062200,0.0,0.0,0.0
2022-08-23,63.43000030517578,64.08999633789062,63.349998474121094,63.619998931884766,56.635223388671875,19101400,0.0,0.0,0.0
2022-08-24,63.349998474121094,63.90999984741211,63.279998779296875,63.70000076293945,56.70643997192383,12086600,0.0,0.0,0.0
2022-08-25,63.86000061035156,64.41999816894531,63.720001220703125,64.4000015258789,57.32958984375,13980500,0.0,0.0,0.0
2022-08-26,64.43000030517578,64.5,62.66999816894531,62.709999084472656,55.825130462646484,19338300,0.0,0.0,0.0
2022-08-29,62.43000030517578,62.83000183105469,62.369998931884766,62.56999969482422,55.70050048828125,16199700,0.0,0.0,0.0
2022-08-30,62.9900016784668,63.060001373291016,61.9900016784668,62.119998931884766,55.299903869628906,24907400,0.0,0.0,0.0
2022-08-31,62.119998931884766,62.349998474121094,61.68000030517578,61.70000076293945,54.92601776123047,32178200,0.0,0.0,0.0
2022-09-01,60.79999923706055,60.93000030517578,60.22999954223633,60.869998931884766,54.187137603759766,33526300,0.0,0.0,0.0
2022-09-02,61.38999938964844,61.84000015258789,60.279998779296875,60.470001220703125,53.83106231689453,28234000,0.0,0.0,0.0
2022-09-06,60.7599983215332,60.88999938964844,60.11000061035156,60.31999969482422,53.69752883911133,21862300,0.0,0.0,0.0
2022-09-07,59.84000015258789,60.86000061035156,59.83000183105469,60.849998474121094,54.16933059692383,21289000,0.0,0.0,0.0
2022-09-08,60.16999816894531,60.970001220703125,60.060001373291016,60.88999938964844,54.20494079589844,17589900,0.0,0.0,0.0
2022-09-09,62.060001373291016,62.5,62.02000045776367,62.439998626708984,55.584774017333984,22655100,0.0,0.0,0.0
2022-09-12,63.220001220703125,63.59000015258789,63.150001525878906,63.310001373291016,56.35926055908203,22338600,0.0,0.0,0.0
2022-09-13,62.130001068115234,62.47999954223633,61.060001373291016,61.11000061035156,54.40079116821289,26513900,0.0,0.0,0.0
2022-09-14,61.29999923706055,61.56999969482422,60.95000076293945,61.310001373291016,54.57883834838867,19052800,0.0,0.0,0.0
2022-09-15,60.86000061035156,61.400001525878906,60.66999816894531,60.77000045776367,54.09811782836914,23181900,0.0,0.0,0.0
2022-09-16,60.2400016784668,60.619998931884766,60.060001373291016,60.400001525878906,53.76874542236328,31914300,0.0,0.0,0.0
2022-09-19,59.709999084472656,60.650001525878906,59.70000076293945,60.61000061035156,53.9556884765625,19597500,0.0,0.0,0.0
2022-09-20,59.77000045776367,59.900001525878906,59.22999954223633,59.58000183105469,53.03877258300781,23429600,0.0,0.0,0.0
2022-09-21,59.529998779296875,60.040000915527344,58.75,58.79999923706055,52.34440612792969,22678800,0.0,0.0,0.0
2022-09-22,59.029998779296875,59.150001525878906,58.349998474121094,58.630001068115234,52.19306945800781,25400900,0.0,0.0,0.0
2022-09-23,57.290000915527344,57.349998474121094,56.310001373291016,56.7599983215332,50.528377532958984,33958900,0.0,0.0,0.0
2022-09-26,56.18000030517578,56.689998626708984,55.619998931884766,55.91999816894531,49.78059768676758,41892400,0.0,0.0,0.0
2022-09-27,56.189998626708984,56.4900016784668,55.220001220703125,55.540000915527344,49.44232177734375,38742700,0.0,0.0,0.0
2022-09-28,55.52000045776367,57.029998779296875,55.349998474121094,56.880001068115234,50.63520050048828,35116000,0.0,0.0,0.0
2022-09-29,56.0099983215332,56.25,55.439998626708984,56.209999084472656,50.038761138916016,30971600,0.0,0.0,0.0
2022-09-30,55.959999084472656,56.70000076293945,55.88999938964844,56.0099983215332,49.8607177734375,38527600,0.0,0.0,0.0
2022-10-03,56.59000015258789,57.36000061035156,56.36000061035156,57.119998931884766,50.848854064941406,37451600,0.0,0.0,0.0
2022-10-04,58.630001068115234,59.5,58.61000061035156,59.40999984741211,52.88743209838867,32480200,0.0,0.0,0.0
2022-10-05,58.41999816894531,59.11000061035156,58.09000015258789,58.779998779296875,52.326602935791016,28550700,0.0,0.0,0.0
2022-10-06,58.09000015258789,58.380001068115234,57.689998626708984,57.75,51.40968322753906,28668800,0.0,0.0,0.0
2022-10-07,57.47999954223633,57.54999923706055,56.63999938964844,56.83000183105469,50.590694427490234,22200000,0.0,0.0,0.0
2022-10-10,56.79999923706055,56.86000061035156,56.18000030517578,56.5099983215332,50.305824279785156,26510200,0.0,0.0,0.0
2022-10-11,56.13999938964844,56.790000915527344,55.709999084472656,55.88999938964844,49.75389099121094,26577200,0.0,0.0,0.0
2022-10-12,55.7400016784668,56.040000915527344,55.54999923706055,55.709999084472656,49.593650817871094,24455800,0.0,0.0,0.0
2022-10-13,54.7400016784668,57.119998931884766,54.61000061035156,56.86000061035156,50.61740493774414,48010100,0.0,0.0,0.0
2022-10-14,57.220001220703125,57.400001525878906,55.95000076293945,56.0099983215332,49.8607177734375,28145900,0.0,0.0,0.0
2022-10-17,57.22999954223633,57.650001525878906,57.220001220703125,57.38999938964844,51.08920669555664,32731000,0.0,0.0,0.0
2022-10-18,58.2400016784668,58.29999923706055,57.380001068115234,57.79999923706055,51.454193115234375,26876700,0.0,0.0,0.0
2022-10-19,57.2599983215332,57.5,56.709999084472656,57.09000015258789,50.8221435546875,22958200,0.0,0.0,0.0
2022-10-20,57.13999938964844,57.79999923706055,56.83000183105469,56.959999084472656,50.706417083740234,25989700,0.0,0.0,0.0
2022-10-21,56.439998626708984,58.0099983215332,56.220001220703125,57.9900016784668,51.62333679199219,37761800,0.0,0.0,0.0
2022-10-24,57.779998779296875,58.25,57.4900016784668,58.0,51.63223648071289,20327600,0.0,0.0,0.0
2022-10-25,58.41999816894531,59.33000183105469,58.40999984741211,59.279998779296875,52.771705627441406,21583300,0.0,0.0,0.0
2022-10-26,59.2599983215332,60.25,59.2400016784668,59.84000015258789,53.27022933959961,27095500,0.0,0.0,0.0
2022-10-27,59.630001068115234,60.08000183105469,59.25,59.279998779296875,52.771705627441406,20349600,0.0,0.0,0.0
2022-10-28,59.189998626708984,59.869998931884766,59.08000183105469,59.869998931884766,53.29692840576172,19235500,0.0,0.0,0.0
2022-10-31,59.20000076293945,59.439998626708984,59.11000061035156,59.310001373291016,52.79841232299805,27032700,0.0,0.0,0.0
2022-11-01,60.5,60.52000045776367,59.5099983215332,59.779998779296875,53.21681213378906,42687000,0.0,0.0,0.0
2022-11-02,59.869998931884766,60.650001525878906,58.90999984741211,58.90999984741211,52.442325592041016,30497700,0.0,0.0,0.0
2022-11-03,58.11000061035156,58.689998626708984,58.060001373291016,58.40999984741211,51.997222900390625,23604200,0.0,0.0,0.0
2022-11-04,60.16999816894531,60.81999969482422,59.790000915527344,60.75,54.080318450927734,33756400,0.0,0.0,0.0
2022-11-07,60.970001220703125,61.209999084472656,60.709999084472656,60.939998626708984,54.24945831298828,19904600,0.0,0.0,0.0
2022-11-08,61.36000061035156,62.0099983215332,61.220001220703125,61.630001068115234,54.86370849609375,19882900,0.0,0.0,0.0
2022-11-09,61.20000076293945,61.63999938964844,60.7599983215332,60.77000045776367,54.09811782836914,22418600,0.0,0.0,0.0
2022-11-10,63.27000045776367,64.18000030517578,62.91999816894531,64.18000030517578,57.13373947143555,29640900,0.0,0.0,0.0
2022-11-11,64.76000213623047,65.55999755859375,64.51000213623047,65.45999908447266,58.27320861816406,24071300,0.0,0.0,0.0
2022-11-14,64.93000030517578,65.3499984741211,64.7699966430664,64.7699966430664,57.65896224975586,21599900,0.0,0.0,0.0
2022-11-15,65.81999969482422,65.93000030517578,64.5999984741211,65.19999694824219,58.041751861572266,34956600,0.0,0.0,0.0
2022-11-16,65.30000305175781,65.41000366210938,64.86000061035156,65.05000305175781,57.908226013183594,22730400,0.0,0.0,0.0
2022-11-17,64.22000122070312,65.05999755859375,64.19999694824219,65.0199966430664,57.88151168823242,21271100,0.0,0.0,0.0
2022-11-18,65.31999969482422,65.33000183105469,64.93000030517578,65.1500015258789,57.99724197387695,18431100,0.0,0.0,0.0
2022-11-21,64.5999984741211,64.77999877929688,64.37000274658203,64.66000366210938,57.56104278564453,21877400,0.0,0.0,0.0
2022-11-22,65.06999969482422,65.58000183105469,64.97000122070312,65.55999755859375,58.36222839355469,14698700,0.0,0.0,0.0
2022-11-23,65.68000030517578,66.37999725341797,65.68000030517578,66.27999877929688,59.003177642822266,13400800,0.0,0.0,0.0
2022-11-25,66.36000061035156,66.76000213623047,66.36000061035156,66.62000274658203,59.305850982666016,10934400,0.0,0.0,0.0
2022-11-28,66.29000091552734,66.56999969482422,65.72000122070312,65.76000213623047,58.54027557373047,18618500,0.0,0.0,0.0
2022-11-29,65.91999816894531,66.31999969482422,65.79000091552734,65.94999694824219,58.70941162109375,17666900,0.0,0.0,0.0
2022-11-30,66.47000122070312,67.3499984741211,65.83000183105469,67.12000274658203,59.75095748901367,41966500,0.0,0.0,0.0
2022-12-01,67.87000274658203,68.05999755859375,67.41999816894531,67.7699966430664,60.32959747314453,24209700,0.0,0.0,0.0
2022-12-02,67.13999938964844,67.93000030517578,67.13999938964844,67.72000122070312,60.28508758544922,36230700,0.0,0.0,0.0
2022-12-05,67.48999786376953,67.68000030517578,66.63999938964844,66.83000183105469,59.4927978515625,26304900,0.0,0.0,0.0
2022-12-06,66.97000122070312,67.11000061035156,66.25,66.52999877929688,59.22574234008789,25663000,0.0,0.0,0.0
2022-12-07,66.55999755859375,66.80999755859375,66.27999877929688,66.52999877929688,59.22574234008789,23274300,0.0,0.0,0.0
2022-12-08,66.5199966430664,66.94000244140625,66.31999969482422,66.87000274658203,59.528411865234375,20080400,0.0,0.0,0.0
2022-12-09,67.02999877929688,67.41999816894531,66.87000274658203,66.91000366210938,59.56401824951172,25772900,0.0,0.0,0.0
2022-12-12,66.9000015258789,67.11000061035156,66.68000030517578,67.11000061035156,59.74205780029297,18725400,0.0,0.0,0.0
2022-12-13,68.6500015258789,68.77999877929688,67.54000091552734,67.79000091552734,60.5893669128418,29377300,0.268,0.0,0.0
2022-12-14,67.88999938964844,68.33000183105469,67.29000091552734,67.7300033569336,60.53573226928711,23707700,0.0,0.0,0.0
2022-12-15,66.88999938964844,67.01000213623047,65.7699966430664,66.0,58.989498138427734,25617500,0.0,0.0,0.0
2022-12-16,65.45999908447266,65.76000213623047,65.12999725341797,65.41999816894531,58.471107482910156,23998700,0.0,0.0,0.0
2022-12-19,65.62999725341797,65.72000122070312,65.08999633789062,65.26000213623047,58.32809829711914,21180700,0.0,0.0,0.0
2022-12-20,65.4000015258789,65.8499984741211,65.30999755859375,65.5199966430664,58.56047821044922,21440600,0.0,0.0,0.0
2022-12-21,65.91999816894531,66.38999938964844,65.83000183105469,66.19999694824219,59.168251037597656,17112200,0.0,0.0,0.0
2022-12-22,65.94999694824219,65.95999908447266,65.11000061035156,65.66000366210938,58.68561935424805,21251200,0.0,0.0,0.0
2022-12-23,65.55000305175781,65.98999786376953,65.41000366210938,65.88999938964844,58.891178131103516,12536600,0.0,0.0,0.0
2022-12-27,65.94000244140625,66.23999786376953,65.81999969482422,65.98999786376953,58.980560302734375,16247400,0.0,0.0,0.0
2022-12-28,66.12999725341797,66.33000183105469,65.29000091552734,65.29000091552734,58.35491943359375,14526900,0.0,0.0,0.0
2022-12-29,66.04000091552734,66.5,66.0,66.31999969482422,59.275508880615234,17455400,0.0,0.0,0.0
2022-12-30,65.94999694824219,66.18000030517578,65.56999969482422,65.63999938964844,58.6677360534668,25629000,0.0,0.0,0.0
2023-01-03,66.45999908447266,66.83000183105469,65.9000015258789,66.22000122070312,59.186126708984375,25179300,0.0,0.0,0.0
2023-01-04,67.18000030517578,67.31999969482422,66.70999908447266,67.0999984741211,59.97265625,26751400,0.0,0.0,0.0
2023-01-05,66.47000122070312,66.69000244140625,66.30000305175781,66.43000030517578,59.37382507324219,17376900,0.0,0.0,0.0
2023-01-06,66.83000183105469,68.16999816894531,66.44000244140625,68.12999725341797,60.89325714111328,17951400,0.0,0.0,0.0
2023-01-09,68.6500015258789,69.05999755859375,68.37999725341797,68.41999816894531,61.15244674682617,23392800,0.0,0.0,0.0
2023-01-10,68.33000183105469,68.62999725341797,68.16999816894531,68.62000274658203,61.33120346069336,18811500,0.0,0.0,0.0
2023-01-11,68.94999694824219,69.1500015258789,68.73999786376953,69.13999938964844,61.79596710205078,17732700,0.0,0.0,0.0
2023-01-12,69.70999908447266,70.27999877929688,69.0,70.16000366210938,62.7076301574707,19767100,0.0,0.0,0.0
2023-01-13,69.80999755859375,70.55000305175781,69.80999755859375,70.52999877929688,63.03832244873047,18092100,0.0,0.0,0.0
2023-01-17,70.77999877929688,71.05999755859375,70.55999755859375,70.75,63.23495101928711,25184100,0.0,0.0,0.0
2023-01-18,71.55000305175781,71.68000030517578,70.5,70.5,63.01150894165039,35935300,0.0,0.0,0.0
2023-01-19,70.27999877929688,70.54000091552734,70.0199966430664,70.38999938964844,62.9131965637207,23519000,0.0,0.0,0.0
2023-01-20,70.36000061035156,71.02999877929688,70.18000030517578,71.01000213623047,63.46733474731445,28289500,0.0,0.0,0.0
2023-01-23,70.69999694824219,71.30999755859375,70.66999816894531,71.30000305175781,63.726531982421875,24252900,0.0,0.0,0.0
2023-01-24,70.91000366210938,71.36000061035156,70.66999816894531,71.20999908447266,63.646087646484375,12996500,0.0,0.0,0.0
2023-01-25,70.9800033569336,71.73999786376953,70.93000030517578,71.68000030517578,64.06617736816406,14250500,0.0,0.0,0.0
2023-01-26,71.73999786376953,71.81999969482422,71.16000366210938,71.73999786376953,64.11979675292969,13272300,0.0,0.0,0.0
2023-01-27,71.30000305175781,71.76000213623047,71.20999908447266,71.5999984741211,63.99467086791992,13986800,0.0,0.0,0.0
2023-01-30,71.33999633789062,71.66999816894531,71.13999938964844,71.13999938964844,63.583526611328125,14111500,0.0,0.0,0.0
2023-01-31,70.94000244140625,71.58999633789062,70.80000305175781,71.55000305175781,63.94998550415039,23544400,0.0,0.0,0.0
2023-02-01,71.48999786376953,72.44000244140625,70.94000244140625,72.19000244140625,64.5219955444336,27861400,0.0,0.0,0.0
2023-02-02,72.37999725341797,72.43000030517578,71.63999938964844,72.08999633789062,64.43262481689453,15588000,0.0,0.0,0.0
2023-02-03,71.38999938964844,72.0,71.26000213623047,71.41999816894531,63.83377456665039,18589800,0.0,0.0,0.0
2023-02-06,70.72000122070312,70.87999725341797,70.33000183105469,70.69000244140625,63.18132781982422,18409500,0.0,0.0,0.0
2023-02-07,70.36000061035156,71.37999725341797,70.22000122070312,71.29000091552734,63.717594146728516,19440100,0.0,0.0,0.0
2023-02-08,71.18000030517578,71.29000091552734,70.72000122070312,70.8499984741211,63.32433319091797,18281400,0.0,0.0,0.0
2023-02-09,71.87000274658203,71.93000030517578,70.8499984741211,70.9800033569336,63.440528869628906,10875300,0.0,0.0,0.0
2023-02-10,70.72000122070312,70.7699966430664,70.36000061035156,70.66999816894531,63.16344451904297,16681200,0.0,0.0,0.0
2023-02-13,70.7699966430664,71.37999725341797,70.69000244140625,71.37999725341797,63.798030853271484,11806300,0.0,0.0,0.0
2023-02-14,71.05000305175781,71.83000183105469,70.86000061035156,71.51000213623047,63.91422653198242,14082900,0.0,0.0,0.0
2023-02-15,70.62999725341797,71.19000244140625,70.56999969482422,71.19000244140625,63.62822341918945,14031200,0.0,0.0,0.0
2023-02-16,70.56999969482422,71.2699966430664,70.48999786376953,70.83999633789062,63.31539535522461,13151000,0.0,0.0,0.0
2023-02-17,70.51000213623047,71.0999984741211,70.38999938964844,71.0199966430664,63.47627639770508,13768200,0.0,0.0,0.0
2023-02-21,70.5199966430664,70.7699966430664,70.19000244140625,70.23999786376953,62.77912139892578,14419700,0.0,0.0,0.0
2023-02-22,70.12000274658203,70.23999786376953,69.69999694824219,69.8499984741211,62.43055725097656,12991700,0.0,0.0,0.0
2023-02-23,70.1500015258789,70.29000091552734,69.56999969482422,70.20999908447266,62.752315521240234,25783700,0.0,0.0,0.0
2023-02-24,69.0199966430664,69.2699966430664,68.76000213623047,69.04000091552734,61.70659637451172,25120200,0.0,0.0,0.0
2023-02-27,69.83999633789062,70.04000091552734,69.63999938964844,69.86000061035156,62.439483642578125,19736300,0.0,0.0,0.0
2023-02-28,69.66000366210938,69.81999969482422,69.31999969482422,69.3499984741211,61.983665466308594,28408000,0.0,0.0,0.0
2023-03-01,69.9000015258789,70.05999755859375,69.45999908447266,69.72000122070312,62.314361572265625,20961000,0.0,0.0,0.0
2023-03-02,69.2300033569336,69.91999816894531,69.20999908447266,69.86000061035156,62.439483642578125,20540100,0.0,0.0,0.0
2023-03-03,70.25,70.91999816894531,70.05999755859375,70.87999725341797,63.351139068603516,23663300,0.0,0.0,0.0
2023-03-06,70.72000122070312,71.0,70.62000274658203,70.69999694824219,63.19026565551758,22289600,0.0,0.0,0.0
2023-03-07,70.5999984741211,70.66000366210938,69.44000244140625,69.5199966430664,62.13560485839844,26319800,0.0,0.0,0.0
2023-03-08,69.73999786376953,70.11000061035156,69.56999969482422,69.9000015258789,62.47523880004883,21016200,0.0,0.0,0.0
2023-03-09,70.02999877929688,70.2699966430664,69.2699966430664,69.38999938964844,62.01942443847656,25914100,0.0,0.0,0.0
2023-03-10,69.41000366210938,69.56999969482422,68.58000183105469,68.6500015258789,61.35801696777344,31703800,0.0,0.0,0.0
2023-03-13,67.93000030517578,68.73999786376953,67.80999755859375,68.18000030517578,60.937950134277344,27005100,0.0,0.0,0.0
2023-03-14,68.88999938964844,69.0999984741211,68.55999755859375,69.08999633789062,61.751277923583984,18054000,0.0,0.0,0.0
2023-03-15,66.52999877929688,67.05000305175781,66.06999969482422,66.94999694824219,59.838584899902344,37928500,0.0,0.0,0.0
2023-03-16,66.61000061035156,67.98999786376953,66.55000305175781,67.98999786376953,60.76811218261719,33179100,0.0,0.0,0.0
2023-03-17,67.37999725341797,67.52999877929688,66.91000366210938,67.18000030517578,60.04415512084961,23846200,0.0,0.0,0.0
2023-03-20,67.93000030517578,68.45999908447266,67.80999755859375,68.2300033569336,60.982627868652344,24003200,0.0,0.0,0.0
2023-03-21,69.2300033569336,69.33000183105469,68.86000061035156,69.26000213623047,61.903221130371094,16669400,0.0,0.0,0.0
2023-03-22,69.37000274658203,70.22000122070312,68.9800033569336,69.0199966430664,61.6887092590332,16277900,0.0,0.0,0.0
2023-03-23,69.62999725341797,70.04000091552734,68.72000122070312,69.02999877929688,61.69764709472656,23067200,0.0,0.0,0.0
2023-03-24,68.54000091552734,68.86000061035156,68.13999938964844,68.81999969482422,61.50996017456055,27879000,0.0,0.0,0.0
2023-03-27,69.23999786376953,69.52999877929688,69.08000183105469,69.47000122070312,62.09091567993164,23269300,0.0,0.0,0.0
2023-03-28,69.43000030517578,69.66000366210938,69.33000183105469,69.5,62.117733001708984,20324500,0.0,0.0,0.0
2023-03-29,70.18000030517578,70.4000015258789,70.05000305175781,70.33999633789062,62.86850357055664,29119300,0.0,0.0,0.0
2023-03-30,71.1500015258789,71.26000213623047,70.98999786376953,71.16000366210938,63.601402282714844,21615800,0.0,0.0,0.0
2023-03-31,71.3499984741211,71.68000030517578,71.3499984741211,71.5199966430664,63.92316436767578,28532600,0.0,0.0,0.0
2023-04-03,71.69000244140625,72.11000061035156,71.58999633789062,72.08999633789062,64.43262481689453,20737100,0.0,0.0,0.0
2023-04-04,72.0999984741211,72.31999969482422,71.88999938964844,72.0999984741211,64.44155883789062,15364600,0.0,0.0,0.0
2023-04-05,71.72000122070312,71.91999816894531,71.36000061035156,71.5999984741211,63.99467086791992,16313900,0.0,0.0,0.0
2023-04-06,71.61000061035156,72.12999725341797,71.5199966430664,71.94000244140625,64.29855346679688,13659900,0.0,0.0,0.0
2023-04-10,71.48999786376953,71.9000015258789,71.37999725341797,71.88999938964844,64.25386810302734,12854000,0.0,0.0,0.0
2023-04-11,72.05000305175781,72.25,71.98999786376953,72.12999725341797,64.46837615966797,11264100,0.0,0.0,0.0
2023-04-12,72.77999877929688,72.94000244140625,72.37000274658203,72.58999633789062,64.8794937133789,13241500,0.0,0.0,0.0
2023-04-13,73.19000244140625,73.58000183105469,73.11000061035156,73.5199966430664,65.71073150634766,12233000,0.0,0.0,0.0
2023-04-14,73.48999786376953,73.69000244140625,72.94000244140625,73.22000122070312,65.44258880615234,14209900,0.0,0.0,0.0
2023-04-17,73.0199966430664,73.12000274658203,72.73999786376953,73.08999633789062,65.32638549804688,17323800,0.0,0.0,0.0
2023-04-18,73.45999908447266,73.55000305175781,73.29000091552734,73.48999786376953,65.68390655517578,13753400,0.0,0.0,0.0
2023-04-19,73.12000274658203,73.33999633789062,73.0999984741211,73.26000213623047,65.47834777832031,8840800,0.0,0.0,0.0
2023-04-20,73.08999633789062,73.44000244140625,73.06999969482422,73.26000213623047,65.47834777832031,12478600,0.0,0.0,0.0
2023-04-21,73.3499984741211,73.68000030517578,73.02999877929688,73.62999725341797,65.80904388427734,14053000,0.0,0.0,0.0
2023-04-24,73.62999725341797,73.8499984741211,73.61000061035156,73.81999969482422,65.9788589477539,12864900,0.0,0.0,0.0
2023-04-25,73.4800033569336,73.5199966430664,72.77999877929688,72.79000091552734,65.05825805664062,12582200,0.0,0.0,0.0
2023-04-26,73.23999786376953,73.25,72.6500015258789,72.73999786376953,65.0135726928711,16928600,0.0,0.0,0.0
2023-04-27,73.12000274658203,73.66000366210938,72.97000122070312,73.6500015258789,65.82691955566406,14505700,0.0,0.0,0.0
2023-04-28,73.02999877929688,73.62999725341797,73.01000213623047,73.62000274658203,65.80010223388672,16936800,0.0,0.0,0.0
2023-05-01,73.69000244140625,73.88999938964844,73.48999786376953,73.51000213623047,65.7017822265625,24499500,0.0,0.0,0.0
2023-05-02,72.83000183105469,72.83999633789062,72.33000183105469,72.7699966430664,65.0403823852539,12907200,0.0,0.0,0.0
2023-05-03,73.04000091552734,73.55000305175781,72.94999694824219,72.95999908447266,65.210205078125,13977300,0.0,0.0,0.0
2023-05-04,72.75,73.06999969482422,72.55999755859375,72.80999755859375,65.07614135742188,17411200,0.0,0.0,0.0
2023-05-05,73.16999816894531,73.98999786376953,73.12000274658203,73.87999725341797,66.03248596191406,11096900,0.0,0.0,0.0
2023-05-08,74.02999877929688,74.05000305175781,73.7699966430664,73.9000015258789,66.05036163330078,7533200,0.0,0.0,0.0
2023-05-09,73.29000091552734,73.69999694824219,73.25,73.5999984741211,65.7822265625,14835400,0.0,0.0,0.0
2023-05-10,73.68000030517578,73.69000244140625,72.98999786376953,73.44999694824219,65.64815521240234,14009800,0.0,0.0,0.0
2023-05-11,73.02999877929688,73.2699966430664,72.72000122070312,73.2699966430664,65.4872817993164,14971700,0.0,0.0,0.0
2023-05-12,73.36000061035156,73.41000366210938,72.87000274658203,73.13999938964844,65.37108612060547,15823200,0.0,0.0,0.0
2023-05-15,73.36000061035156,73.70999908447266,73.27999877929688,73.69999694824219,65.8716049194336,10580600,0.0,0.0,0.0
2023-05-16,73.31999969482422,73.44000244140625,72.97000122070312,73.0,65.24596405029297,13335700,0.0,0.0,0.0
2023-05-17,73.08999633789062,73.38999938964844,72.81999969482422,73.33999633789062,65.54984283447266,21491300,0.0,0.0,0.0
2023-05-18,73.16999816894531,73.26000213623047,72.83000183105469,73.2300033569336,65.4515380859375,10657000,0.0,0.0,0.0
2023-05-19,73.55000305175781,73.83999633789062,73.47000122070312,73.66000366210938,65.83585357666016,15971200,0.0,0.0,0.0
2023-05-22,73.55999755859375,73.81999969482422,73.55000305175781,73.68000030517578,65.8537368774414,12122700,0.0,0.0,0.0
2023-05-23,73.04000091552734,73.1500015258789,72.56999969482422,72.5999984741211,64.88844299316406,19215100,0.0,0.0,0.0
2023-05-24,71.88999938964844,71.91000366210938,71.5,71.54000091552734,63.9410400390625,21758100,0.0,0.0,0.0
2023-05-25,71.51000213623047,71.56999969482422,71.1500015258789,71.44000244140625,63.8516731262207,17393700,0.0,0.0,0.0
2023-05-26,71.75,72.19999694824219,71.73999786376953,72.13999938964844,64.47730255126953,11189800,0.0,0.0,0.0
2023-05-30,71.91999816894531,71.94000244140625,71.20999908447266,71.41000366210938,63.824851989746094,13979800,0.0,0.0,0.0
2023-05-31,70.69000244140625,70.80000305175781,70.12999725341797,70.66999816894531,63.16344451904297,32754700,0.0,0.0,0.0
2023-06-01,71.05000305175781,71.77999877929688,71.0,71.72000122070312,64.10191345214844,29681600,0.0,0.0,0.0
2023-06-02,72.6500015258789,72.76000213623047,72.47000122070312,72.6500015258789,64.93315124511719,18693500,0.0,0.0,0.0
2023-06-05,72.54000091552734,72.61000061035156,72.18000030517578,72.2300033569336,64.55775451660156,18029700,0.0,0.0,0.0
2023-06-06,72.37999725341797,72.87000274658203,72.3499984741211,72.83000183105469,65.0940170288086,17811900,0.0,0.0,0.0
2023-06-07,71.25,71.5,70.83000183105469,70.88999938964844,64.52152252197266,29259200,1.311,0.0,0.0
2023-06-08,71.2300033569336,71.6500015258789,71.11000061035156,71.63999938964844,65.20414733886719,15781000,0.0,0.0,0.0
2023-06-09,71.56999969482422,71.68000030517578,71.4000015258789,71.5199966430664,65.09493255615234,15419000,0.0,0.0,0.0
2023-06-12,71.76000213623047,71.86000061035156,71.58999633789062,71.83000183105469,65.37708282470703,15814700,0.0,0.0,0.0
2023-06-13,72.48999786376953,72.69000244140625,72.37999725341797,72.51000213623047,65.99598693847656,17620600,0.0,0.0,0.0
2023-06-14,72.97000122070312,73.18000030517578,72.37999725341797,72.77999877929688,66.24173736572266,17305800,0.0,0.0,0.0
2023-06-15,72.7699966430664,73.58999633789062,72.72000122070312,73.55000305175781,66.94256591796875,14597200,0.0,0.0,0.0
2023-06-16,73.87999725341797,73.91000366210938,73.36000061035156,73.38999938964844,66.79693603515625,20036200,0.0,0.0,0.0
2023-06-20,72.58999633789062,72.72000122070312,72.2699966430664,72.41999816894531,65.91407012939453,16873000,0.0,0.0,0.0
2023-06-21,72.30000305175781,72.77999877929688,72.19000244140625,72.52999877929688,66.01419067382812,11322700,0.0,0.0,0.0
2023-06-22,72.01000213623047,72.19999694824219,71.94000244140625,72.08000183105469,65.60462188720703,11313300,0.0,0.0,0.0
2023-06-23,70.83000183105469,71.1500015258789,70.80999755859375,70.95999908447266,64.58524322509766,15929700,0.0,0.0,0.0
2023-06-26,71.05000305175781,71.19000244140625,70.94000244140625,71.05000305175781,64.66716003417969,12950900,0.0,0.0,0.0
2023-06-27,71.26000213623047,71.72000122070312,71.05000305175781,71.66999816894531,65.2314453125,11034100,0.0,0.0,0.0
2023-06-28,71.6500015258789,71.86000061035156,71.5199966430664,71.72000122070312,65.2769546508789,9256500,0.0,0.0,0.0
2023-06-29,71.38999938964844,71.62000274658203,71.3499984741211,71.62000274658203,65.18594360351562,6736000,0.0,0.0,0.0
2023-06-30,72.29000091552734,72.55000305175781,72.20999908447266,72.5,65.98688507080078,28381100,0.0,0.0,0.0
2023-07-03,72.47000122070312,72.58000183105469,72.30999755859375,72.41999816894531,65.91407012939453,13375500,0.0,0.0,0.0
2023-07-05,71.9000015258789,71.93000030517578,71.54000091552734,71.61000061035156,65.17684936523438,15971500,0.0,0.0,0.0
2023-07-06,70.54000091552734,70.55999755859375,69.94000244140625,70.37000274658203,64.0482406616211,17415300,0.0,0.0,0.0
2023-07-07,70.44000244140625,71.22000122070312,70.41000366210938,70.9000015258789,64.5306167602539,16721300,0.0,0.0,0.0
2023-07-10,70.77999877929688,71.12999725341797,70.75,71.0999984741211,64.71266174316406,9486000,0.0,0.0,0.0
2023-07-11,71.41000366210938,71.76000213623047,71.22000122070312,71.73999786376953,65.29517364501953,12811300,0.0,0.0,0.0
2023-07-12,72.69000244140625,73.19000244140625,72.56999969482422,73.11000061035156,66.5420913696289,16111100,0.0,0.0,0.0
2023-07-13,74.06999969482422,74.37999725341797,74.04000091552734,74.27999877929688,67.60697937011719,12707500,0.0,0.0,0.0
2023-07-14,74.2300033569336,74.29000091552734,73.83000183105469,73.86000061035156,67.2247085571289,12549100,0.0,0.0,0.0
2023-07-17,73.52999877929688,73.86000061035156,73.41000366210938,73.7699966430664,67.14279174804688,15876600,0.0,0.0,0.0
2023-07-18,73.9000015258789,74.33999633789062,73.83000183105469,74.25,67.57967376708984,11519400,0.0,0.0,0.0
2023-07-19,74.30000305175781,74.44999694824219,74.0199966430664,74.20999908447266,67.54325866699219,11138700,0.0,0.0,0.0
2023-07-20,74.05000305175781,74.25,73.70999908447266,73.83000183105469,67.1974105834961,14843900,0.0,0.0,0.0
2023-07-21,74.0,74.05999755859375,73.7699966430664,73.9800033569336,67.33393859863281,10318400,0.0,0.0,0.0
2023-07-24,73.66000366210938,73.95999908447266,73.62000274658203,73.80000305175781,67.17010498046875,9421100,0.0,0.0,0.0
2023-07-25,73.68000030517578,74.05999755859375,73.66000366210938,73.87999725341797,67.24291229248047,9151000,0.0,0.0,0.0
2023-07-26,73.54000091552734,74.31999969482422,73.5,74.08000183105469,67.4249496459961,12325300,0.0,0.0,0.0
2023-07-27,74.69000244140625,74.69000244140625,73.8499984741211,73.91000366210938,67.27022552490234,12775700,0.0,0.0,0.0
2023-07-28,74.45999908447266,74.73999786376953,74.30000305175781,74.44000244140625,67.75260925292969,15891100,0.0,0.0,0.0
2023-07-31,74.51000213623047,74.70999908447266,74.36000061035156,74.45999908447266,67.77079772949219,13797600,0.0,0.0,0.0
2023-08-01,73.7300033569336,73.94000244140625,73.37999725341797,73.52999877929688,66.92436218261719,16707800,0.0,0.0,0.0
2023-08-02,72.62000274658203,72.7300033569336,72.08000183105469,72.16000366210938,65.67743682861328,16805400,0.0,0.0,0.0
2023-08-03,71.58999633789062,72.16000366210938,71.52999877929688,71.95999908447266,65.49539947509766,12745700,0.0,0.0,0.0
2023-08-04,72.33000183105469,72.91000366210938,72.0999984741211,72.16000366210938,65.67743682861328,14079600,0.0,0.0,0.0
2023-08-07,72.62999725341797,72.79000091552734,72.30000305175781,72.7699966430664,66.23262786865234,12940600,0.0,0.0,0.0
2023-08-08,71.97000122070312,72.38999938964844,71.79000091552734,72.33000183105469,65.8321533203125,14144400,0.0,0.0,0.0
2023-08-09,72.43000030517578,72.62000274658203,72.19000244140625,72.30999755859375,65.81396484375,12188700,0.0,0.0,0.0
2023-08-10,73.08999633789062,73.51000213623047,72.55000305175781,72.62000274658203,66.09609985351562,16788900,0.0,0.0,0.0
2023-08-11,72.11000061035156,72.37000274658203,71.97000122070312,72.12999725341797,65.65013122558594,14863700,0.0,0.0,0.0
2023-08-14,71.4000015258789,71.87999725341797,71.20999908447266,71.80999755859375,65.35887908935547,9959400,0.0,0.0,0.0
2023-08-15,71.38999938964844,71.41000366210938,70.79000091552734,70.91999816894531,64.54883575439453,13863600,0.0,0.0,0.0
2023-08-16,70.69000244140625,70.97000122070312,70.31999969482422,70.33999633789062,64.02092742919922,10940100,0.0,0.0,0.0
2023-08-17,70.55999755859375,70.63999938964844,69.75,69.83999633789062,63.565853118896484,14730500,0.0,0.0,0.0
2023-08-18,69.31999969482422,69.95999908447266,69.30999755859375,69.83999633789062,63.565853118896484,13617500,0.0,0.0,0.0
2023-08-21,70.0199966430664,70.18000030517578,69.70999908447266,70.0999984741211,63.802490234375,15838400,0.0,0.0,0.0
2023-08-22,70.43000030517578,70.44999694824219,69.91000366210938,69.97000122070312,63.68417739868164,10563000,0.0,0.0,0.0
2023-08-23,70.25,70.83000183105469,70.23999786376953,70.7300033569336,64.37588500976562,12670000,0.0,0.0,0.0
2023-08-24,70.37999725341797,70.5999984741211,69.7300033569336,69.76000213623047,63.4930419921875,14879000,0.0,0.0,0.0
2023-08-25,70.19999694824219,70.47000122070312,69.5999984741211,70.2300033569336,63.92081832885742,11617700,0.0,0.0,0.0
2023-08-28,70.70999908447266,71.0199966430664,70.69000244140625,70.97000122070312,64.59434509277344,12320400,0.0,0.0,0.0
2023-08-29,70.83000183105469,71.9000015258789,70.76000213623047,71.8499984741211,65.39527893066406,12224400,0.0,0.0,0.0
2023-08-30,71.91000366210938,72.1500015258789,71.70999908447266,71.80999755859375,65.35887908935547,12235800,0.0,0.0,0.0
2023-08-31,71.83999633789062,71.9000015258789,71.30999755859375,71.52999877929688,65.10403442382812,13375200,0.0,0.0,0.0
2023-09-01,72.1500015258789,72.18000030517578,71.30000305175781,71.48999786376953,65.06761932373047,17069800,0.0,0.0,0.0
2023-09-05,71.30999755859375,71.33000183105469,70.86000061035156,70.87000274658203,64.50332641601562,12085000,0.0,0.0,0.0
2023-09-06,70.8499984741211,71.0,70.47000122070312,70.72000122070312,64.36679077148438,11294600,0.0,0.0,0.0
2023-09-07,70.5,70.63999938964844,70.27999877929688,70.48999786376953,64.15745544433594,13543000,0.0,0.0,0.0
2023-09-08,70.38999938964844,70.62000274658203,70.30000305175781,70.38999938964844,64.06644439697266,11813900,0.0,0.0,0.0
2023-09-11,70.9800033569336,71.18000030517578,70.79000091552734,71.12000274658203,64.73086547851562,11650900,0.0,0.0,0.0
2023-09-12,70.76000213623047,71.08000183105469,70.72000122070312,70.83000183105469,64.46691131591797,7947100,0.0,0.0,0.0
2023-09-13,70.68000030517578,70.87999725341797,70.47000122070312,70.61000061035156,64.26667785644531,10047900,0.0,0.0,0.0
2023-09-14,71.1500015258789,71.61000061035156,71.12999725341797,71.54000091552734,65.1131362915039,13519800,0.0,0.0,0.0
2023-09-15,71.69000244140625,71.93000030517578,71.3499984741211,71.37999725341797,64.96749877929688,13678500,0.0,0.0,0.0
2023-09-18,71.08000183105469,71.20999908447266,70.83000183105469,71.12999725341797,64.73997497558594,9121300,0.0,0.0,0.0
2023-09-19,71.25,71.37999725341797,71.01000213623047,71.19000244140625,64.79458618164062,10339900,0.0,0.0,0.0
2023-09-20,71.52999877929688,71.87999725341797,70.9800033569336,71.0199966430664,64.63985443115234,14523400,0.0,0.0,0.0
2023-09-21,70.3499984741211,70.48999786376953,69.83999633789062,69.83999633789062,63.565853118896484,17619900,0.0,0.0,0.0
2023-09-22,70.22000122070312,70.45999908447266,69.83999633789062,69.9000015258789,63.62046432495117,14714800,0.0,0.0,0.0
2023-09-25,69.31999969482422,69.62999725341797,69.16000366210938,69.58999633789062,63.33831024169922,16853100,0.0,0.0,0.0
2023-09-26,69.04000091552734,69.25,68.62999725341797,68.69000244140625,62.519161224365234,17756900,0.0,0.0,0.0
2023-09-27,68.94999694824219,69.0,68.08000183105469,68.55999755859375,62.40083694458008,16390400,0.0,0.0,0.0
2023-09-28,68.62000274658203,69.33000183105469,68.52999877929688,69.12000274658203,62.910526275634766,19507400,0.0,0.0,0.0
2023-09-29,69.75,69.76000213623047,68.75,68.91999816894531,62.7285041809082,20292800,0.0,0.0,0.0
2023-10-02,68.47000122070312,68.52999877929688,67.68000030517578,67.91000366210938,61.80923843383789,23671400,0.0,0.0,0.0
2023-10-03,67.30000305175781,67.48999786376953,66.83000183105469,67.05999755859375,61.03559494018555,19913200,0.0,0.0,0.0
2023-10-04,67.2300033569336,67.2699966430664,66.62000274658203,67.18000030517578,61.144813537597656,19586200,0.0,0.0,0.0
2023-10-05,67.56999969482422,67.87000274658203,67.33999633789062,67.7699966430664,61.68180465698242,18327200,0.0,0.0,0.0
2023-10-06,67.63999938964844,68.68000030517578,67.2300033569336,68.5199966430664,62.36442947387695,17758900,0.0,0.0,0.0
2023-10-09,67.87999725341797,68.5,67.80999755859375,68.41999816894531,62.27342224121094,11015700,0.0,0.0,0.0
2023-10-10,69.19000244140625,69.63999938964844,69.0999984741211,69.36000061035156,63.12897491455078,23682800,0.0,0.0,0.0
2023-10-11,69.76000213623047,69.86000061035156,69.26000213623047,69.6500015258789,63.39292907714844,15393600,0.0,0.0,0.0
2023-10-12,69.73999786376953,69.76000213623047,68.80999755859375,69.06999969482422,62.865020751953125,16764600,0.0,0.0,0.0
2023-10-13,68.87000274658203,69.02999877929688,68.26000213623047,68.43000030517578,62.28252410888672,19900300,0.0,0.0,0.0
2023-10-16,68.55000305175781,69.0,68.45999908447266,68.93000030517578,62.73759841918945,20119600,0.0,0.0,0.0
2023-10-17,68.36000061035156,69.29000091552734,68.3499984741211,68.97000122070312,62.774017333984375,12155100,0.0,0.0,0.0
2023-10-18,68.36000061035156,68.43000030517578,67.69000244140625,67.7699966430664,61.68180465698242,16945900,0.0,0.0,0.0
2023-10-19,67.55000305175781,67.91000366210938,67.05000305175781,67.16999816894531,61.135719299316406,27204100,0.0,0.0,0.0
2023-10-20,66.93000030517578,67.08999633789062,66.54000091552734,66.56999969482422,60.5896110534668,28251800,0.0,0.0,0.0
2023-10-23,66.31999969482422,67.04000091552734,66.06999969482422,66.62000274658203,60.63512420654297,18574700,0.0,0.0,0.0
2023-10-24,66.73999786376953,67.05999755859375,66.6500015258789,67.0,60.980995178222656,22138700,0.0,0.0,0.0
2023-10-25,66.81999969482422,67.08000183105469,66.44000244140625,66.5199966430664,60.54410171508789,17400900,0.0,0.0,0.0
2023-10-26,66.3499984741211,66.48999786376953,65.83000183105469,66.04000091552734,60.10723114013672,22914700,0.0,0.0,0.0
2023-10-27,66.5,66.52999877929688,65.68000030517578,65.83999633789062,59.92518615722656,24116300,0.0,0.0,0.0
2023-10-30,66.55999755859375,66.70999908447266,66.2699966430664,66.68000030517578,60.689735412597656,23954500,0.0,0.0,0.0
2023-10-31,66.76000213623047,66.97000122070312,66.52999877929688,66.91999816894531,60.90817642211914,18291300,0.0,0.0,0.0
2023-11-01,67.08000183105469,67.56999969482422,66.88999938964844,67.55000305175781,61.4815788269043,21115000,0.0,0.0,0.0
2023-11-02,68.68000030517578,68.94000244140625,68.4800033569336,68.93000030517578,62.73759841918945,19669400,0.0,0.0,0.0
2023-11-03,69.51000213623047,70.0,69.41000366210938,69.66000366210938,63.40203094482422,20752900,0.0,0.0,0.0
2023-11-06,69.55999755859375,69.62999725341797,69.16999816894531,69.30999755859375,63.083465576171875,15938000,0.0,0.0,0.0
2023-11-07,68.7699966430664,69.0199966430664,68.63999938964844,68.88999938964844,62.701202392578125,15747100,0.0,0.0,0.0
2023-11-08,68.86000061035156,69.0999984741211,68.5999984741211,68.80000305175781,62.619285583496094,10916500,0.0,0.0,0.0
2023-11-09,69.41000366210938,69.58000183105469,68.76000213623047,68.79000091552734,62.61018371582031,14557600,0.0,0.0,0.0
2023-11-10,68.73999786376953,69.1500015258789,68.26000213623047,69.0999984741211,62.892337799072266,12518800,0.0,0.0,0.0
2023-11-13,68.81999969482422,69.37999725341797,68.70999908447266,69.27999877929688,63.056156158447266,11354700,0.0,0.0,0.0
2023-11-14,70.45999908447266,71.13999938964844,70.44999694824219,71.05000305175781,64.66716003417969,21166800,0.0,0.0,0.0
2023-11-15,71.08000183105469,71.29000091552734,70.9000015258789,70.94000244140625,64.56703186035156,12980000,0.0,0.0,0.0
2023-11-16,70.81999969482422,71.11000061035156,70.63999938964844,70.88999938964844,64.52152252197266,13769700,0.0,0.0,0.0
2023-11-17,71.55000305175781,71.86000061035156,71.41000366210938,71.8499984741211,65.39527893066406,14314300,0.0,0.0,0.0
2023-11-20,71.73999786376953,72.19999694824219,71.73999786376953,72.12000274658203,65.6410140991211,10334700,0.0,0.0,0.0
2023-11-21,72.08000183105469,72.1500015258789,71.75,71.83999633789062,65.38617706298828,12300200,0.0,0.0,0.0
2023-11-22,71.94999694824219,72.04000091552734,71.62999725341797,72.01000213623047,65.54090881347656,12162900,0.0,0.0,0.0
2023-11-24,72.23999786376953,72.58000183105469,72.2300033569336,72.55999755859375,66.04148864746094,8083500,0.0,0.0,0.0
2023-11-27,72.33999633789062,72.43000030517578,72.16000366210938,72.30999755859375,65.81396484375,10365000,0.0,0.0,0.0
2023-11-28,72.11000061035156,72.55000305175781,72.0199966430664,72.33000183105469,65.8321533203125,11129900,0.0,0.0,0.0
2023-11-29,72.54000091552734,72.76000213623047,72.30000305175781,72.4800033569336,65.96868896484375,10462200,0.0,0.0,0.0
2023-11-30,72.48999786376953,72.61000061035156,72.16999816894531,72.41999816894531,65.91407012939453,19444200,0.0,0.0,0.0
2023-12-01,72.37999725341797,73.23999786376953,72.3499984741211,73.18000030517578,66.60580444335938,21091900,0.0,0.0,0.0
2023-12-04,72.45999908447266,72.7699966430664,72.33000183105469,72.61000061035156,66.08700561523438,14778700,0.0,0.0,0.0
2023-12-05,72.37999725341797,72.81999969482422,72.2300033569336,72.3499984741211,65.8503646850586,17529500,0.0,0.0,0.0
2023-12-06,73.06999969482422,73.22000122070312,72.55000305175781,72.56999969482422,66.05059051513672,16547400,0.0,0.0,0.0
2023-12-07,72.72000122070312,73.12999725341797,72.43000030517578,72.91999816894531,66.3691635131836,14513200,0.0,0.0,0.0
2023-12-08,72.73999786376953,73.25,72.72000122070312,73.13999938964844,66.56939697265625,13323600,0.0,0.0,0.0
2023-12-11,73.02999877929688,73.36000061035156,73.0199966430664,73.31999969482422,66.73322296142578,12372000,0.0,0.0,0.0
2023-12-12,73.19999694824219,73.44999694824219,72.95999908447266,73.44999694824219,66.8515396118164,13210000,0.0,0.0,0.0
2023-12-13,73.51000213623047,74.58999633789062,73.16000366210938,74.5199966430664,67.82542419433594,16760700,0.0,0.0,0.0
2023-12-14,74.88999938964844,75.33000183105469,74.72000122070312,75.06999969482422,68.32601165771484,21959600,0.0,0.0,0.0
2023-12-15,74.70999908447266,74.8499984741211,74.29000091552734,74.33999633789062,67.66157531738281,22420700,0.0,0.0,0.0
2023-12-18,74.6500015258789,74.70999908447266,74.30000305175781,74.5199966430664,67.82542419433594,14409900,0.0,0.0,0.0
2023-12-19,74.93000030517578,75.19999694824219,74.93000030517578,75.1500015258789,68.39883422851562,15551800,0.0,0.0,0.0
2023-12-20,74.23999786376953,74.41999816894531,73.41999816894531,73.47000122070312,67.70856475830078,23019200,0.931,0.0,0.0
2023-12-21,74.26000213623047,74.66000366210938,74.0999984741211,74.66000366210938,68.80524444580078,15837400,0.0,0.0,0.0
2023-12-22,74.81999969482422,74.97000122070312,74.52999877929688,74.7300033569336,68.86975860595703,12184500,0.0,0.0,0.0
2023-12-26,74.80999755859375,75.19000244140625,74.80999755859375,75.06999969482422,69.18309783935547,8915400,0.0,0.0,0.0
2023-12-27,75.12000274658203,75.52999877929688,75.11000061035156,75.47000122070312,69.55172729492188,13103800,0.0,0.0,0.0
2023-12-28,75.44999694824219,75.66000366210938,75.26000213623047,75.2699966430664,69.36739349365234,16832000,0.0,0.0,0.0
2023-12-29,75.37999725341797,75.58999633789062,75.1500015258789,75.3499984741211,69.44113159179688,21346400,0.0,0.0,0.0
2024-01-02,74.54000091552734,74.87000274658203,74.41000366210938,74.51000213623047,68.66699981689453,18177600,0.0,0.0,0.0
2024-01-03,73.77999877929688,74.16000366210938,73.58000183105469,73.94999694824219,68.15091705322266,18637700,0.0,0.0,0.0
2024-01-04,73.94000244140625,74.48999786376953,73.94000244140625,74.12000274658203,68.30758666992188,11977100,0.0,0.0,0.0
2024-01-05,74.02999877929688,74.81999969482422,73.95999908447266,74.16999816894531,68.3536605834961,20636700,0.0,0.0,0.0
2024-01-08,74.33000183105469,74.9800033569336,74.2699966430664,74.95999908447266,69.08171081542969,16250100,0.0,0.0,0.0
2024-01-09,74.29000091552734,74.47000122070312,74.18000030517578,74.29000091552734,68.4642562866211,10218300,0.0,0.0,0.0
2024-01-10,74.61000061035156,74.87999725341797,74.52999877929688,74.7699966430664,68.90660858154297,12191300,0.0,0.0,0.0
2024-01-11,74.97000122070312,75.06999969482422,74.0999984741211,74.76000213623047,68.89739227294922,16434300,0.0,0.0,0.0
2024-01-12,75.26000213623047,75.5,74.93000030517578,75.06999969482422,69.18309783935547,11329300,0.0,0.0,0.0
2024-01-16,74.16000366210938,74.26000213623047,73.66000366210938,73.80999755859375,68.02189636230469,19802700,0.0,0.0,0.0
2024-01-17,72.83000183105469,73.13999938964844,72.58000183105469,73.11000061035156,67.37679290771484,16381400,0.0,0.0,0.0
2024-01-18,73.41999816894531,73.77999877929688,73.26000213623047,73.76000213623047,67.97581481933594,16391400,0.0,0.0,0.0
2024-01-19,73.55999755859375,73.94000244140625,73.30000305175781,73.93000030517578,68.13247680664062,15792200,0.0,0.0,0.0
2024-01-22,74.11000061035156,74.37999725341797,74.04000091552734,74.16000366210938,68.34444427490234,15424800,0.0,0.0,0.0
2024-01-23,73.77999877929688,74.0,73.62000274658203,73.94999694824219,68.15091705322266,13575400,0.0,0.0,0.0
2024-01-24,74.93000030517578,75.0,74.5,74.51000213623047,68.66699981689453,16314600,0.0,0.0,0.0
2024-01-25,74.69000244140625,74.7300033569336,74.33000183105469,74.72000122070312,68.86053466796875,15268800,0.0,0.0,0.0
2024-01-26,75.11000061035156,75.23999786376953,74.98999786376953,75.05000305175781,69.16465759277344,16478600,0.0,0.0,0.0
2024-01-29,75.0199966430664,75.56999969482422,74.93000030517578,75.48999786376953,69.57014465332031,13341500,0.0,0.0,0.0
2024-01-30,75.37999725341797,75.4800033569336,75.0999984741211,75.38999938964844,69.47798919677734,11708400,0.0,0.0,0.0
2024-01-31,75.7300033569336,75.97000122070312,74.9000015258789,75.01000213623047,69.12779235839844,23907300,0.0,0.0,0.0
2024-02-01,75.19000244140625,75.7699966430664,75.02999877929688,75.75,69.80975341796875,17189400,0.0,0.0,0.0
2024-02-02,75.12999725341797,75.19999694824219,74.80999755859375,75.1500015258789,69.2568130493164,15579800,0.0,0.0,0.0
2024-02-05,74.69999694824219,74.91999816894531,74.33000183105469,74.75,68.88816833496094,15617900,0.0,0.0,0.0
2024-02-06,74.72000122070312,75.2300033569336,74.68000030517578,75.20999908447266,69.3121109008789,13886600,0.0,0.0,0.0
2024-02-07,75.16999816894531,75.29000091552734,75.0,75.16999816894531,69.27523803710938,10485100,0.0,0.0,0.0
2024-02-08,75.05000305175781,75.0999984741211,74.81999969482422,75.04000091552734,69.15543365478516,9578500,0.0,0.0,0.0
2024-02-09,75.05000305175781,75.3499984741211,74.87999725341797,75.30000305175781,69.39505004882812,11001100,0.0,0.0,0.0
2024-02-12,75.2699966430664,75.66000366210938,75.25,75.43000030517578,69.51485443115234,6911500,0.0,0.0,0.0
2024-02-13,74.62000274658203,74.72000122070312,74.0199966430664,74.2699966430664,68.44580841064453,14942500,0.0,0.0,0.0
2024-02-14,74.76000213623047,75.12000274658203,74.69999694824219,75.0999984741211,69.21073913574219,13248000,0.0,0.0,0.0
2024-02-15,75.45999908447266,75.97000122070312,75.44999694824219,75.94999694824219,69.99407958984375,14128600,0.0,0.0,0.0
2024-02-16,75.9800033569336,76.38999938964844,75.80000305175781,76.06999969482422,70.10467529296875,13381600,0.0,0.0,0.0
2024-02-20,76.55000305175781,76.62999725341797,76.18000030517578,76.37999725341797,70.39035034179688,15285800,0.0,0.0,0.0
2024-02-21,76.22000122070312,76.47000122070312,76.08999633789062,76.44000244140625,70.44566345214844,11433700,0.0,0.0,0.0
2024-02-22,77.06999969482422,77.31999969482422,76.93000030517578,77.30000305175781,71.23821258544922,15476000,0.0,0.0,0.0
2024-02-23,77.37999725341797,77.52999877929688,77.2699966430664,77.4000015258789,71.33036804199219,11400000,0.0,0.0,0.0
2024-02-26,77.45999908447266,77.45999908447266,77.1500015258789,77.29000091552734,71.22900390625,15015200,0.0,0.0,0.0
2024-02-27,77.33999633789062,77.55999755859375,77.29000091552734,77.5,71.42253112792969,11110900,0.0,0.0,0.0
2024-02-28,76.9800033569336,77.1500015258789,76.91999816894531,77.05000305175781,71.00782012939453,12196600,0.0,0.0,0.0
2024-02-29,77.41999816894531,77.55000305175781,76.86000061035156,77.25,71.192138671875,17221700,0.0,0.0,0.0
2024-03-01,77.56999969482422,78.02999877929688,77.25,78.0,71.88331604003906,18930500,0.0,0.0,0.0
2024-03-04,77.76000213623047,77.95999908447266,77.68000030517578,77.80000305175781,71.69901275634766,13961000,0.0,0.0,0.0
2024-03-05,77.8499984741211,78.12999725341797,77.44000244140625,77.66000366210938,71.56999206542969,12874400,0.0,0.0,0.0
2024-03-06,78.51000213623047,78.80999755859375,78.36000061035156,78.58000183105469,72.41783142089844,24098100,0.0,0.0,0.0
2024-03-07,79.16999816894531,79.61000061035156,79.0999984741211,79.51000213623047,73.27490997314453,18279100,0.0,0.0,0.0
2024-03-08,79.77999877929688,79.86000061035156,79.12999725341797,79.25,73.0353012084961,14926900,0.0,0.0,0.0
2024-03-11,78.72000122070312,78.83000183105469,78.41000366210938,78.80000305175781,72.6205825805664,10496000,0.0,0.0,0.0
2024-03-12,78.91000366210938,79.44000244140625,78.61000061035156,79.43000030517578,73.201171875,15296000,0.0,0.0,0.0
2024-03-13,79.3499984741211,79.62000274658203,79.31999969482422,79.44000244140625,73.21039581298828,14166600,0.0,0.0,0.0
2024-03-14,79.41999816894531,79.47000122070312,78.56999969482422,78.86000061035156,72.6758804321289,25572000,0.0,0.0,0.0
2024-03-15,79.04000091552734,79.11000061035156,78.62999725341797,78.88999938964844,72.70352935791016,17529100,0.0,0.0,0.0
2024-03-18,79.08999633789062,79.12000274658203,78.80999755859375,78.87000274658203,72.68509674072266,13472200,0.0,0.0,0.0
2024-03-19,78.81999969482422,79.22000122070312,78.70999908447266,79.01000213623047,72.81411743164062,13222100,0.0,0.0,0.0
2024-03-20,78.95999908447266,79.9000015258789,78.9000015258789,79.8499984741211,73.5882339477539,18834900,0.0,0.0,0.0
2024-03-21,79.9000015258789,80.02999877929688,79.79000091552734,79.80999755859375,73.55138397216797,13021000,0.0,0.0,0.0
2024-03-22,79.77999877929688,79.83000183105469,79.55000305175781,79.63999938964844,73.39470672607422,12832800,0.0,0.0,0.0
2024-03-25,79.38999938964844,79.76000213623047,79.38999938964844,79.47000122070312,73.23805236816406,9418000,0.0,0.0,0.0
2024-03-26,79.8499984741211,79.87999725341797,79.55999755859375,79.55999755859375,73.32097625732422,12343100,0.0,0.0,0.0
2024-03-27,79.73999786376953,80.05999755859375,79.63999938964844,80.04000091552734,73.76333618164062,12337200,0.0,0.0,0.0
2024-03-28,79.7300033569336,79.97000122070312,79.72000122070312,79.86000061035156,73.59746551513672,17180400,0.0,0.0,0.0
2024-04-01,79.72000122070312,79.87000274658203,79.33000183105469,79.5199966430664,73.28411865234375,15419500,0.0,0.0,0.0
2024-04-02,78.88999938964844,78.95999908447266,78.69000244140625,78.95999908447266,72.76803588867188,17414900,0.0,0.0,0.0
2024-04-03,78.81999969482422,79.5199966430664,78.80999755859375,79.4000015258789,73.17353820800781,15898300,0.0,0.0,0.0
2024-04-04,79.91999816894531,79.94999694824219,78.6500015258789,78.72000122070312,72.5468521118164,19950400,0.0,0.0,0.0
2024-04-05,78.61000061035156,79.12999725341797,78.45999908447266,78.97000122070312,72.77725219726562,21091800,0.0,0.0,0.0
2024-04-08,79.41999816894531,79.52999877929688,79.22000122070312,79.36000061035156,73.13667297363281,12350900,0.0,0.0,0.0
2024-04-09,79.7300033569336,79.80000305175781,79.0,79.3499984741211,73.12744903564453,12469100,0.0,0.0,0.0
2024-04-10,78.20999908447266,78.63999938964844,78.0,78.30000305175781,72.1597900390625,21567300,0.0,0.0,0.0
2024-04-11,78.56999969482422,78.61000061035156,77.6500015258789,78.51000213623047,72.35332489013672,11967000,0.0,0.0,0.0
2024-04-12,77.86000061035156,78.08999633789062,77.13999938964844,77.23999786376953,71.18291473388672,17934600,0.0,0.0,0.0
2024-04-15,78.13999938964844,78.23999786376953,76.88999938964844,77.01000213623047,70.97095489501953,21610100,0.0,0.0,0.0
2024-04-16,76.38999938964844,76.62000274658203,76.0,76.25,70.27054595947266,24161800,0.0,0.0,0.0
2024-04-17,76.68000030517578,76.72000122070312,75.95999908447266,76.30000305175781,70.3166275024414,15748000,0.0,0.0,0.0
2024-04-18,76.2699966430664,76.61000061035156,75.97000122070312,76.08999633789062,70.12309265136719,12884200,0.0,0.0,0.0
2024-04-19,76.18000030517578,76.41000366210938,75.88999938964844,76.12000274658203,70.15074920654297,16925000,0.0,0.0,0.0
2024-04-22,76.54000091552734,77.2699966430664,76.47000122070312,77.01000213623047,70.97095489501953,17314200,0.0,0.0,0.0
2024-04-23,77.2699966430664,77.94999694824219,77.20999908447266,77.8499984741211,71.74507904052734,13466000,0.0,0.0,0.0
2024-04-24,77.97000122070312,77.97000122070312,77.38999938964844,77.69999694824219,71.60684204101562,8530000,0.0,0.0,0.0
2024-04-25,76.61000061035156,77.44999694824219,76.41999816894531,77.33999633789062,71.27506256103516,11479600,0.0,0.0,0.0
2024-04-26,77.68000030517578,78.05999755859375,77.6500015258789,77.95999908447266,71.8464584350586,12676400,0.0,0.0,0.0
2024-04-29,78.16000366210938,78.4000015258789,78.04000091552734,78.26000213623047,72.12293243408203,10560000,0.0,0.0,0.0
2024-04-30,78.0,78.22000122070312,77.20999908447266,77.2699966430664,71.21055603027344,18994300,0.0,0.0,0.0
2024-05-01,77.25,78.0199966430664,76.91000366210938,77.0999984741211,71.05389404296875,17900300,0.0,0.0,0.0
2024-05-02,77.93000030517578,78.27999877929688,77.5,78.13999938964844,72.01234436035156,14993300,0.0,0.0,0.0
2024-05-03,78.9800033569336,79.22000122070312,78.44000244140625,78.91999816894531,72.73117065429688,15055600,0.0,0.0,0.0
2024-05-06,79.30999755859375,79.5199966430664,79.25,79.45999908447266,73.22882843017578,9411400,0.0,0.0,0.0
2024-05-07,79.72000122070312,79.8499984741211,79.55000305175781,79.66999816894531,73.42235565185547,9065800,0.0,0.0,0.0
2024-05-08,79.31999969482422,79.5999984741211,79.30000305175781,79.58000183105469,73.33941650390625,6667500,0.0,0.0,0.0
2024-05-09,79.56999969482422,80.19999694824219,79.56999969482422,80.19000244140625,73.90157318115234,13256000,0.0,0.0,0.0
2024-05-10,80.45999908447266,80.5199966430664,80.23999786376953,80.33999633789062,74.03981018066406,8022000,0.0,0.0,0.0
2024-05-13,80.41000366210938,80.55000305175781,80.2300033569336,80.33999633789062,74.03981018066406,6990500,0.0,0.0,0.0
2024-05-14,80.6500015258789,80.94999694824219,80.56999969482422,80.94000244140625,74.59276580810547,15228300,0.0,0.0,0.0
2024-05-15,81.31999969482422,81.80000305175781,81.16000366210938,81.80000305175781,75.38533782958984,10823700,0.0,0.0,0.0
2024-05-16,81.63999938964844,81.70999908447266,81.33000183105469,81.36000061035156,74.9798355102539,13042100,0.0,0.0,0.0
2024-05-17,81.37999725341797,81.68000030517578,81.26000213623047,81.63999938964844,75.23786926269531,10219600,0.0,0.0,0.0
2024-05-20,81.72000122070312,81.93000030517578,81.66000366210938,81.69999694824219,75.29315948486328,5836800,0.0,0.0,0.0
2024-05-21,81.4000015258789,81.62999725341797,81.36000061035156,81.56999969482422,75.1733627319336,6222000,0.0,0.0,0.0
2024-05-22,81.0199966430664,81.0999984741211,80.58000183105469,80.80000305175781,74.46375274658203,10721200,0.0,0.0,0.0
2024-05-23,81.5,81.51000213623047,80.23999786376953,80.38999938964844,74.08589172363281,8805800,0.0,0.0,0.0
2024-05-24,80.80000305175781,81.16999816894531,80.76000213623047,81.05000305175781,74.69414520263672,9289500,0.0,0.0,0.0
2024-05-28,81.3499984741211,81.37000274658203,80.77999877929688,81.0199966430664,74.66648864746094,13036500,0.0,0.0,0.0
2024-05-29,79.9800033569336,80.11000061035156,79.70999908447266,79.73999786376953,73.48686981201172,13662100,0.0,0.0,0.0
2024-05-30,80.23999786376953,80.61000061035156,80.20999908447266,80.41000366210938,74.10433197021484,7456100,0.0,0.0,0.0
2024-05-31,80.95999908447266,81.22000122070312,80.55999755859375,81.18000030517578,74.8139419555664,19932400,0.0,0.0,0.0
2024-06-03,81.44000244140625,81.6500015258789,81.08000183105469,81.41000366210938,75.02591705322266,17127700,0.0,0.0,0.0
2024-06-04,81.2300033569336,81.44000244140625,80.97000122070312,81.30999755859375,74.93374633789062,12565500,0.0,0.0,0.0
2024-06-05,81.70999908447266,81.91000366210938,81.2699966430664,81.87999725341797,75.45905303955078,8661500,0.0,0.0,0.0
2024-06-06,81.91000366210938,82.16000366210938,81.86000061035156,82.16000366210938,75.71709442138672,13195600,0.0,0.0,0.0
2024-06-07,81.44000244140625,81.70999908447266,81.19000244140625,81.2699966430664,74.89688110351562,21589700,0.0,0.0,0.0
2024-06-10,80.72000122070312,81.30000305175781,80.5999984741211,81.20999908447266,74.84159851074219,8995400,0.0,0.0,0.0
2024-06-11,78.88999938964844,79.06999969482422,78.47000122070312,78.91000366210938,73.99114227294922,17004600,1.393,0.0,0.0
2024-06-12,80.18000030517578,80.38999938964844,79.69999694824219,79.83999633789062,74.8631591796875,15188900,0.0,0.0,0.0
2024-06-13,79.18000030517578,79.18000030517578,78.37999725341797,78.69999694824219,73.79422760009766,12784200,0.0,0.0,0.0
2024-06-14,77.66000366210938,77.91000366210938,77.36000061035156,77.83000183105469,72.97846221923828,17500000,0.0,0.0,0.0
2024-06-17,77.62999725341797,78.16000366210938,77.37000274658203,78.13999938964844,73.26913452148438,13582700,0.0,0.0,0.0
2024-06-18,78.13999938964844,78.4800033569336,78.12000274658203,78.44999694824219,73.55979919433594,16057100,0.0,0.0,0.0
2024-06-20,78.29000091552734,78.62000274658203,78.20999908447266,78.5,73.60669708251953,10942900,0.0,0.0,0.0
2024-06-21,77.88999938964844,78.05000305175781,77.66999816894531,77.94999694824219,73.09097290039062,14237600,0.0,0.0,0.0
2024-06-24,78.58999633789062,78.95999908447266,78.5199966430664,78.56999969482422,73.67233276367188,12193700,0.0,0.0,0.0
2024-06-25,78.55999755859375,78.87999725341797,78.47000122070312,78.76000213623047,73.8504867553711,8751700,0.0,0.0,0.0
2024-06-26,78.05999755859375,78.33999633789062,77.94000244140625,78.18000030517578,73.306640625,10509700,0.0,0.0,0.0
2024-06-27,78.31999969482422,78.5199966430664,78.08000183105469,78.23999786376953,73.3628921508789,14156000,0.0,0.0,0.0
2024-06-28,78.2300033569336,78.56999969482422,78.0,78.33000183105469,73.44729614257812,17425000,0.0,0.0,0.0
2024-07-01,78.76000213623047,79.02999877929688,78.2699966430664,78.47000122070312,73.57856750488281,19845700,0.0,0.0,0.0
2024-07-02,78.22000122070312,78.69000244140625,78.1500015258789,78.66000366210938,73.75672149658203,10331700,0.0,0.0,0.0
2024-07-03,79.25,79.62000274658203,79.25,79.55999755859375,74.6006088256836,8107900,0.0,0.0,0.0
2024-07-05,80.22000122070312,80.2300033569336,79.5199966430664,80.08999633789062,75.09757995605469,8408800,0.0,0.0,0.0
2024-07-08,80.13999938964844,80.22000122070312,79.6500015258789,79.69000244140625,74.7225112915039,6031700,0.0,0.0,0.0
2024-07-09,79.5199966430664,79.58000183105469,79.16999816894531,79.37000274658203,74.42245483398438,8069800,0.0,0.0,0.0
2024-07-10,80.01000213623047,80.54000091552734,79.97000122070312,80.48999786376953,75.47264099121094,8189200,0.0,0.0,0.0
2024-07-11,81.04000091552734,81.18000030517578,80.66999816894531,80.72000122070312,75.68831634521484,8930000,0.0,0.0,0.0
2024-07-12,81.36000061035156,81.87000274658203,81.31999969482422,81.58000183105469,76.49469757080078,9289700,0.0,0.0,0.0
2024-07-15,81.38999938964844,81.4000015258789,80.79000091552734,80.86000061035156,75.81958770751953,7418700,0.0,0.0,0.0
2024-07-16,80.6500015258789,81.27999877929688,80.55000305175781,81.25,76.18527221679688,10902900,0.0,0.0,0.0
2024-07-17,80.8499984741211,81.13999938964844,80.7300033569336,80.81999969482422,75.78206634521484,11634200,0.0,0.0,0.0
2024-07-18,80.95999908447266,81.04000091552734,79.83999633789062,80.0199966430664,75.03194427490234,16481500,0.0,0.0,0.0
2024-07-19,79.77999877929688,79.81999969482422,79.44999694824219,79.52999877929688,74.5724868774414,15570300,0.0,0.0,0.0
2024-07-22,80.23999786376953,80.4000015258789,80.02999877929688,80.37000274658203,75.36012268066406,13762800,0.0,0.0,0.0
2024-07-23,79.94999694824219,80.08000183105469,79.86000061035156,79.91999816894531,74.93817901611328,12043000,0.0,0.0,0.0
2024-07-24,79.66999816894531,79.77999877929688,78.87000274658203,78.91000366210938,73.99114227294922,10698000,0.0,0.0,0.0
2024-07-25,78.23999786376953,79.11000061035156,77.9800033569336,78.41000366210938,73.52230834960938,17719800,0.0,0.0,0.0
2024-07-26,79.0199966430664,79.55000305175781,78.94000244140625,79.41000366210938,74.45996856689453,10574700,0.0,0.0,0.0
2024-07-29,79.2300033569336,79.26000213623047,78.81999969482422,79.05999755859375,74.13177490234375,9305600,0.0,0.0,0.0
2024-07-30,79.37000274658203,79.44999694824219,78.91999816894531,79.23999786376953,74.3005599975586,8551600,0.0,0.0,0.0
2024-07-31,80.4000015258789,80.70999908447266,80.12000274658203,80.36000061035156,75.35075378417969,20969400,0.0,0.0,0.0
2024-08-01,79.33999633789062,79.54000091552734,77.8499984741211,78.2300033569336,73.35352325439453,18129800,0.0,0.0,0.0
2024-08-02,77.16999816894531,77.36000061035156,76.37999725341797,77.0,72.20018768310547,25136200,0.0,0.0,0.0
2024-08-05,74.2300033569336,75.83000183105469,73.91000366210938,75.31999969482422,70.62491607666016,28088800,0.0,0.0,0.0
2024-08-06,74.70999908447266,75.9000015258789,74.61000061035156,75.44999694824219,70.7468032836914,22307500,0.0,0.0,0.0
2024-08-07,76.8499984741211,77.08999633789062,75.7699966430664,75.80999755859375,71.0843734741211,24592600,0.0,0.0,0.0
2024-08-08,76.55000305175781,77.16000366210938,76.20999908447266,77.08000183105469,72.27520751953125,14824700,0.0,0.0,0.0
2024-08-09,76.87000274658203,77.38999938964844,76.72000122070312,77.37999725341797,72.55650329589844,11022700,0.0,0.0,0.0
2024-08-12,77.33000183105469,77.52999877929688,77.05999755859375,77.30999755859375,72.4908676147461,7988700,0.0,0.0,0.0
2024-08-13,77.88999938964844,78.69999694824219,77.8499984741211,78.63999938964844,73.73796081542969,11927500,0.0,0.0,0.0
2024-08-14,78.79000091552734,79.0,78.63999938964844,78.93000030517578,74.00988006591797,7127600,0.0,0.0,0.0
2024-08-15,79.63999938964844,80.05000305175781,79.55999755859375,79.88999938964844,74.91004943847656,10364200,0.0,0.0,0.0
2024-08-16,79.9800033569336,80.4000015258789,79.95999908447266,80.33000183105469,75.32261657714844,10287800,0.0,0.0,0.0
2024-08-19,80.80999755859375,81.4000015258789,80.80000305175781,81.30999755859375,76.24152374267578,6741000,0.0,0.0,0.0
2024-08-20,81.16999816894531,81.36000061035156,80.91000366210938,81.05999755859375,76.00711059570312,5177900,0.0,0.0,0.0
2024-08-21,81.58000183105469,81.97000122070312,81.4000015258789,81.80999755859375,76.71035766601562,10653500,0.0,0.0,0.0
2024-08-22,82.11000061035156,82.13999938964844,81.27999877929688,81.33000183105469,76.26028442382812,7290700,0.0,0.0,0.0
2024-08-23,81.98999786376953,82.87000274658203,81.88999938964844,82.81999969482422,77.65739440917969,10779000,0.0,0.0,0.0
2024-08-26,82.55999755859375,82.72000122070312,82.36000061035156,82.44999694824219,77.31046295166016,6719900,0.0,0.0,0.0
2024-08-27,82.6500015258789,82.97000122070312,82.54000091552734,82.83000183105469,77.66678619384766,9597100,0.0,0.0,0.0
2024-08-28,82.73999786376953,82.91000366210938,82.19999694824219,82.54000091552734,77.39485931396484,7883900,0.0,0.0,0.0
2024-08-29,82.93000030517578,83.27999877929688,82.70999908447266,82.8499984741211,77.68553161621094,9112100,0.0,0.0,0.0
2024-08-30,83.12000274658203,83.25,82.58999633789062,82.9800033569336,77.80742645263672,15627600,0.0,0.0,0.0
2024-09-03,82.55999755859375,82.66000366210938,81.47000122070312,81.66999816894531,76.57908630371094,9886700,0.0,0.0,0.0
2024-09-04,81.06999969482422,81.69000244140625,80.9800033569336,81.30999755859375,76.24152374267578,10324400,0.0,0.0,0.0
2024-09-05,81.41000366210938,81.55999755859375,80.97000122070312,81.33000183105469,76.26028442382812,12147400,0.0,0.0,0.0
2024-09-06,81.12000274658203,81.33000183105469,79.66999816894531,79.80000305175781,74.82566833496094,12344400,0.0,0.0,0.0
2024-09-09,80.41000366210938,80.9000015258789,80.4000015258789,80.5999984741211,75.5757827758789,10635000,0.0,0.0,0.0
2024-09-10,80.30999755859375,80.31999969482422,79.58000183105469,80.19999694824219,75.20072174072266,9742900,0.0,0.0,0.0
2024-09-11,80.2699966430664,80.70999908447266,79.37999725341797,80.68000030517578,75.65080261230469,12999100,0.0,0.0,0.0
2024-09-12,80.61000061035156,81.37000274658203,80.38999938964844,81.33999633789062,76.2696533203125,11685600,0.0,0.0,0.0
2024-09-13,81.44999694824219,81.83000183105469,81.38999938964844,81.52999877929688,76.44781494140625,7340500,0.0,0.0,0.0
2024-09-16,81.87999725341797,82.2300033569336,81.69000244140625,82.19000244140625,77.06666564941406,9869500,0.0,0.0,0.0
2024-09-17,82.08999633789062,82.13999938964844,81.45999908447266,81.7300033569336,76.6353530883789,7307300,0.0,0.0,0.0
2024-09-18,81.80999755859375,82.45999908447266,81.29000091552734,81.47000122070312,76.39156341552734,8454200,0.0,0.0,0.0
2024-09-19,82.95999908447266,83.23999786376953,82.47000122070312,83.08000183105469,77.90119934082031,9974100,0.0,0.0,0.0
2024-09-20,82.58999633789062,82.61000061035156,81.97000122070312,82.26000213623047,77.13230895996094,7892400,0.0,0.0,0.0
2024-09-23,82.38999938964844,82.66000366210938,82.3499984741211,82.56999969482422,77.42298889160156,6997700,0.0,0.0,0.0
2024-09-24,82.81999969482422,83.12000274658203,82.61000061035156,83.05999755859375,77.8824462890625,6855800,0.0,0.0,0.0
2024-09-25,83.20999908447266,83.2300033569336,82.58999633789062,82.61000061035156,77.46048736572266,11869000,0.0,0.0,0.0
2024-09-26,84.19000244140625,84.52999877929688,83.8499984741211,84.43000030517578,79.16704559326172,12875000,0.0,0.0,0.0
2024-09-27,84.2699966430664,84.55999755859375,83.80000305175781,83.91999816894531,78.68882751464844,10690700,0.0,0.0,0.0
2024-09-30,83.95999908447266,83.97000122070312,83.18000030517578,83.62999725341797,78.41690826416016,13424400,0.0,0.0,0.0
2024-10-01,83.66000366210938,83.69000244140625,82.56999969482422,83.01000213623047,77.83556365966797,18430900,0.0,0.0,0.0
2024-10-02,82.86000061035156,83.02999877929688,82.44999694824219,82.83999633789062,77.67615509033203,8335200,0.0,0.0,0.0
2024-10-03,82.12000274658203,82.27999877929688,81.7699966430664,82.06999969482422,76.95414733886719,9890500,0.0,0.0,0.0
2024-10-04,82.12999725341797,82.56999969482422,82.05000305175781,82.55000305175781,77.40422821044922,8536100,0.0,0.0,0.0
2024-10-07,82.30000305175781,82.41000366210938,81.79000091552734,82.08999633789062,76.97290802001953,7365100,0.0,0.0,0.0
2024-10-08,81.9000015258789,81.97000122070312,81.69000244140625,81.95999908447266,76.85101318359375,6339100,0.0,0.0,0.0
2024-10-09,81.5199966430664,82.05000305175781,81.45999908447266,81.9800033569336,76.86975860595703,5370800,0.0,0.0,0.0
2024-10-10,81.7699966430664,81.91000366210938,81.43000030517578,81.87999725341797,76.7760009765625,5794400,0.0,0.0,0.0
2024-10-11,81.83999633789062,82.37999725341797,81.83000183105469,82.30000305175781,77.1698226928711,6914900,0.0,0.0,0.0
2024-10-14,82.11000061035156,82.58000183105469,82.01000213623047,82.54000091552734,77.39485931396484,6646200,0.0,0.0,0.0
2024-10-15,82.23999786376953,82.26000213623047,81.0999984741211,81.16999816894531,76.11026000976562,17667300,0.0,0.0,0.0
2024-10-16,81.37999725341797,81.45999908447266,81.22000122070312,81.37999725341797,76.30716705322266,5931800,0.0,0.0,0.0
2024-10-17,81.68000030517578,81.70999908447266,81.30999755859375,81.38999938964844,76.31654357910156,8904600,0.0,0.0,0.0
2024-10-18,81.80999755859375,81.97000122070312,81.62000274658203,81.94000244140625,76.83226013183594,5863100,0.0,0.0,0.0
2024-10-21,81.48999786376953,81.55000305175781,80.83000183105469,80.97000122070312,75.92272186279297,8009100,0.0,0.0,0.0
2024-10-22,80.44000244140625,80.62999725341797,80.37000274658203,80.51000213623047,75.49140930175781,5844200,0.0,0.0,0.0
2024-10-23,79.79000091552734,79.97000122070312,79.3499984741211,79.69999694824219,74.73188018798828,7556000,0.0,0.0,0.0
2024-10-24,80.33000183105469,80.3499984741211,79.80000305175781,80.1500015258789,75.15383911132812,6522400,0.0,0.0,0.0
2024-10-25,80.33999633789062,80.45999908447266,79.75,79.87999725341797,74.90067291259766,9288100,0.0,0.0,0.0
2024-10-28,80.23999786376953,80.62999725341797,80.18000030517578,80.5199966430664,75.50076293945312,6985000,0.0,0.0,0.0
2024-10-29,80.25,80.41999816894531,80.05000305175781,80.2300033569336,75.2288589477539,8778400,0.0,0.0,0.0
2024-10-30,79.56999969482422,80.05999755859375,79.51000213623047,79.70999908447266,74.74126434326172,8828100,0.0,0.0,0.0
2024-10-31,79.31999969482422,79.31999969482422,78.47000122070312,79.22000122070312,74.28179931640625,19247600,0.0,0.0,0.0
2024-11-01,79.6500015258789,79.86000061035156,79.30999755859375,79.37999725341797,74.43183898925781,9951300,0.0,0.0,0.0
2024-11-04,79.81999969482422,80.02999877929688,79.38999938964844,79.44000244140625,74.48809814453125,10280100,0.0,0.0,0.0
2024-11-05,79.6500015258789,80.30000305175781,79.58999633789062,80.2300033569336,75.2288589477539,9596400,0.0,0.0,0.0
2024-11-06,79.05000305175781,79.16000366210938,78.41999816894531,79.06999969482422,74.14115905761719,11746200,0.0,0.0,0.0
2024-11-07,79.9800033569336,80.33999633789062,79.83999633789062,80.2699966430664,75.26634979248047,11634100,0.0,0.0,0.0
2024-11-08,79.37999725341797,79.37999725341797,78.77999877929688,79.16000366210938,74.22554779052734,11540300,0.0,0.0,0.0
2024-11-11,79.41000366210938,79.44999694824219,79.0999984741211,79.18000030517578,74.24430847167969,5839600,0.0,0.0,0.0
2024-11-12,78.41999816894531,78.41999816894531,77.31999969482422,77.70999908447266,72.86593627929688,16613700,0.0,0.0,0.0
2024-11-13,77.4000015258789,77.45999908447266,76.80000305175781,77.25,72.43461608886719,14828900,0.0,0.0,0.0
2024-11-14,77.80999755859375,77.97000122070312,77.33000183105469,77.41000366210938,72.58464050292969,19039000,0.0,0.0,0.0
2024-11-15,77.30999755859375,77.33000183105469,76.95999908447266,77.12999725341797,72.32208251953125,15433500,0.0,0.0,0.0
2024-11-18,77.06999969482422,77.69000244140625,77.0199966430664,77.55000305175781,72.71591186523438,7772600,0.0,0.0,0.0
2024-11-19,76.9000015258789,77.5999984741211,76.79000091552734,77.44999694824219,72.62213897705078,13402300,0.0,0.0,0.0
2024-11-20,77.12999725341797,77.23999786376953,76.69999694824219,77.23999786376953,72.42523193359375,12442000,0.0,0.0,0.0
2024-11-21,77.12000274658203,77.37999725341797,76.8499984741211,77.26000213623047,72.44398498535156,9161200,0.0,0.0,0.0
2024-11-22,77.16999816894531,77.69999694824219,77.16000366210938,77.55999755859375,72.72528076171875,16809800,0.0,0.0,0.0
2024-11-25,78.16000366210938,78.2699966430664,77.72000122070312,77.95999908447266,73.10035705566406,24934100,0.0,0.0,0.0
2024-11-26,77.83000183105469,77.8499984741211,77.2699966430664,77.51000213623047,72.67840576171875,9360800,0.0,0.0,0.0
2024-11-27,77.83999633789062,78.08000183105469,77.69000244140625,77.93000030517578,73.07221984863281,7477900,0.0,0.0,0.0
2024-11-29,78.23999786376953,79.01000213623047,78.20999908447266,78.97000122070312,74.04739379882812,11643900,0.0,0.0,0.0
2024-12-02,79.08000183105469,79.33000183105469,78.56999969482422,79.19000244140625,74.25367736816406,15721100,0.0,0.0,0.0
2024-12-03,79.70999908447266,79.87000274658203,79.4000015258789,79.63999938964844,74.67562103271484,13289900,0.0,0.0,0.0
2024-12-04,79.73999786376953,79.87999725341797,79.58000183105469,79.69999694824219,74.73188018798828,10434400,0.0,0.0,0.0
2024-12-05,80.0999984741211,80.22000122070312,79.94000244140625,80.08999633789062,75.09757995605469,11910800,0.0,0.0,0.0
2024-12-06,80.38999938964844,80.38999938964844,79.9000015258789,80.08000183105469,75.08820343017578,7072500,0.0,0.0,0.0
2024-12-09,80.52999877929688,80.62999725341797,80.0,80.02999877929688,75.04132080078125,7801100,0.0,0.0,0.0
2024-12-10,79.83000183105469,79.8499984741211,79.29000091552734,79.30999755859375,74.36619567871094,10662800,0.0,0.0,0.0
2024-12-11,79.7300033569336,79.87000274658203,79.48999786376953,79.80999755859375,74.83503723144531,11858900,0.0,0.0,0.0
2024-12-12,79.38999938964844,79.70999908447266,79.05000305175781,79.11000061035156,74.17866516113281,8623800,0.0,0.0,0.0
2024-12-13,79.20999908447266,79.20999908447266,78.68000030517578,78.88999938964844,73.97238159179688,10116600,0.0,0.0,0.0
2024-12-16,78.58000183105469,78.9000015258789,78.5,78.62999725341797,73.72858428955078,25547700,0.0,0.0,0.0
2024-12-17,77.43000030517578,77.70999908447266,77.37000274658203,77.44999694824219,73.61167907714844,13934900,1.057,0.0,0.0
2024-12-18,77.37999725341797,77.54000091552734,75.41000366210938,75.55000305175781,71.80584716796875,16470400,0.0,0.0,0.0
2024-12-19,75.80000305175781,75.87000274658203,75.26000213623047,75.30999755859375,71.5777359008789,17486600,0.0,0.0,0.0
2024-12-20,74.37999725341797,75.7300033569336,74.37000274658203,75.0999984741211,71.37814331054688,20878200,0.0,0.0,0.0
2024-12-23,75.23999786376953,75.63999938964844,74.94000244140625,75.58999633789062,71.84386444091797,10491200,0.0,0.0,0.0
2024-12-24,75.62000274658203,75.91999816894531,75.43000030517578,75.86000061035156,72.10047912597656,5585200,0.0,0.0,0.0
2024-12-26,75.98999786376953,76.3499984741211,75.93000030517578,76.22000122070312,72.44264221191406,10784900,0.0,0.0,0.0
2024-12-27,76.08000183105469,76.27999877929688,75.83000183105469,76.11000061035156,72.33809661865234,15819700,0.0,0.0,0.0
2024-12-30,75.63999938964844,75.87999725341797,75.27999877929688,75.61000061035156,71.86287689208984,16427600,0.0,0.0,0.0
2024-12-31,75.86000061035156,75.9800033569336,75.44000244140625,75.61000061035156,71.86287689208984,21393500,0.0,0.0,0.0
2025-01-02,75.69999694824219,75.87000274658203,75.13999938964844,75.3499984741211,71.61576080322266,12756600,0.0,0.0,0.0
2025-01-03,75.52999877929688,75.73999786376953,75.23999786376953,75.68000030517578,71.92940521240234,12548800,0.0,0.0,0.0
2025-01-06,76.33000183105469,76.88999938964844,76.25,76.4000015258789,72.61372375488281,16201800,0.0,0.0,0.0
2025-01-07,77.05999755859375,77.05999755859375,76.2300033569336,76.33999633789062,72.55668640136719,9393200,0.0,0.0,0.0
2025-01-08,75.9000015258789,76.33000183105469,75.68000030517578,76.22000122070312,72.44264221191406,7894800,0.0,0.0,0.0
2025-01-10,75.6500015258789,75.66999816894531,74.9000015258789,75.05999755859375,71.34012603759766,12021900,0.0,0.0,0.0
2025-01-13,74.25,74.88999938964844,74.23999786376953,74.8499984741211,71.14053344726562,12019700,0.0,0.0,0.0
2025-01-14,75.0199966430664,75.26000213623047,74.76000213623047,75.12000274658203,71.39715576171875,9963200,0.0,0.0,0.0
2025-01-15,76.19999694824219,76.26000213623047,75.76000213623047,76.08000183105469,72.30957794189453,12144700,0.0,0.0,0.0
2025-01-16,76.25,76.69000244140625,76.08999633789062,76.47000122070312,72.68025207519531,17925700,0.0,0.0,0.0
2025-01-17,76.86000061035156,77.19000244140625,76.68000030517578,76.77999877929688,72.97489166259766,10667100,0.0,0.0,0.0
2025-01-21,77.80000305175781,78.3499984741211,77.68000030517578,78.33000183105469,74.44807434082031,13169100,0.0,0.0,0.0
2025-01-22,78.48999786376953,78.5,78.12000274658203,78.1500015258789,74.2770004272461,8666700,0.0,0.0,0.0
2025-01-23,78.33999633789062,78.79000091552734,78.19000244140625,78.79000091552734,74.8852767944336,10977200,0.0,0.0,0.0
2025-01-24,79.1500015258789,79.45999908447266,79.08000183105469,79.2300033569336,75.303466796875,7578400,0.0,0.0,0.0
2025-01-27,78.83999633789062,79.2699966430664,78.81999969482422,79.2300033569336,75.303466796875,13559100,0.0,0.0,0.0
2025-01-28,79.11000061035156,79.18000030517578,78.66000366210938,79.12999725341797,75.20842742919922,9458300,0.0,0.0,0.0
2025-01-29,79.13999938964844,79.36000061035156,78.8499984741211,79.12000274658203,75.19892120361328,7875400,0.0,0.0,0.0
2025-01-30,79.87999725341797,80.31999969482422,79.63999938964844,79.98999786376953,76.02580261230469,13792100,0.0,0.0,0.0
2025-01-31,79.86000061035156,80.16999816894531,79.16999816894531,79.23999786376953,75.3129653930664,14935000,0.0,0.0,0.0
2025-02-03,77.91000366210938,78.80000305175781,77.6500015258789,78.30999755859375,74.42906188964844,14997600,0.0,0.0,0.0
2025-02-04,78.79000091552734,79.30000305175781,78.70999908447266,79.22000122070312,75.2939682006836,10608300,0.0,0.0,0.0
2025-02-05,79.70999908447266,80.08000183105469,79.55000305175781,79.98999786376953,76.02580261230469,7857000,0.0,0.0,0.0
2025-02-06,80.25,80.54000091552734,80.19000244140625,80.37000274658203,76.38697814941406,7806500,0.0,0.0,0.0
2025-02-07,80.41999816894531,80.4800033569336,79.4800033569336,79.61000061035156,75.66463470458984,13110800,0.0,0.0,0.0
2025-02-10,79.9800033569336,80.18000030517578,79.91999816894531,80.1500015258789,76.17787170410156,7287300,0.0,0.0,0.0
2025-02-11,80.05999755859375,80.61000061035156,80.02999877929688,80.52999877929688,76.5390396118164,7583700,0.0,0.0,0.0
2025-02-12,80.01000213623047,80.98999786376953,79.88999938964844,80.83000183105469,76.82417297363281,17271400,0.0,0.0,0.0
2025-02-13,81.19999694824219,81.8499984741211,81.12000274658203,81.80999755859375,77.75559997558594,17212300,0.0,0.0,0.0
2025-02-14,82.2699966430664,82.3499984741211,81.91000366210938,81.93000030517578,77.86965942382812,8051800,0.0,0.0,0.0
2025-02-18,82.47000122070312,82.62999725341797,82.31999969482422,82.5199966430664,78.430419921875,9485900,0.0,0.0,0.0
2025-02-19,81.6500015258789,81.80000305175781,81.37999725341797,81.66999816894531,77.62254333496094,11042200,0.0,0.0,0.0
2025-02-20,81.91000366210938,82.0999984741211,81.58000183105469,82.05000305175781,77.98371124267578,9177400,0.0,0.0,0.0
2025-02-21,82.12000274658203,82.13999938964844,81.37999725341797,81.54000091552734,77.49898529052734,11630000,0.0,0.0,0.0
2025-02-24,81.87000274658203,81.98999786376953,81.33999633789062,81.48999786376953,77.45146179199219,11135700,0.0,0.0,0.0
2025-02-25,82.51000213623047,82.51000213623047,81.87999725341797,82.2300033569336,78.15480041503906,10091400,0.0,0.0,0.0
2025-02-26,82.47000122070312,82.98999786376953,82.16999816894531,82.33999633789062,78.25933074951172,11254600,0.0,0.0,0.0
2025-02-27,82.11000061035156,82.11000061035156,81.36000061035156,81.41000366210938,77.37543487548828,19003200,0.0,0.0,0.0
2025-02-28,81.33000183105469,81.6500015258789,80.80999755859375,81.58000183105469,77.53700256347656,20717700,0.0,0.0,0.0
2025-03-03,83.16999816894531,83.38999938964844,82.02999877929688,82.4800033569336,78.39240264892578,16234700,0.0,0.0,0.0
2025-03-04,81.88999938964844,83.33000183105469,81.20999908447266,82.45999908447266,78.3733901977539,18408500,0.0,0.0,0.0
2025-03-05,83.58000183105469,84.56999969482422,83.58000183105469,84.43000030517578,80.24576568603516,17092500,0.0,0.0,0.0
2025-03-06,83.80999755859375,84.48999786376953,83.5,83.55999755859375,79.41886901855469,18421000,0.0,0.0,0.0
2025-03-07,83.70999908447266,84.54000091552734,83.54000091552734,84.43000030517578,80.24576568603516,13184300,0.0,0.0,0.0
2025-03-10,83.04000091552734,83.33999633789062,81.87999725341797,82.44000244140625,78.35438537597656,19368400,0.0,0.0,0.0
2025-03-11,82.52999877929688,82.6500015258789,81.61000061035156,82.16000366210938,78.08826446533203,18088800,0.0,0.0,0.0
2025-03-12,82.70999908447266,82.93000030517578,82.18000030517578,82.75,78.64901733398438,15886300,0.0,0.0,0.0
2025-03-13,82.2699966430664,82.5,81.94000244140625,82.19999694824219,78.12628173828125,18561400,0.0,0.0,0.0
2025-03-14,83.0,83.7300033569336,82.8499984741211,83.70999908447266,79.56144714355469,13971300,0.0,0.0,0.0
2025-03-17,83.93000030517578,84.77999877929688,83.87000274658203,84.6500015258789,80.45486450195312,12966800,0.0,0.0,0.0
2025-03-18,84.58000183105469,84.7699966430664,84.1500015258789,84.63999938964844,80.44535827636719,10513400,0.0,0.0,0.0
2025-03-19,84.33999633789062,85.19000244140625,84.27999877929688,84.88999938964844,80.68296813964844,16362400,0.0,0.0,0.0
2025-03-20,83.66999816894531,84.25,83.6500015258789,84.18000030517578,80.00814819335938,11820500,0.0,0.0,0.0
2025-03-21,83.55000305175781,83.81999969482422,83.37000274658203,83.66000366210938,79.51393127441406,18771200,0.0,0.0,0.0
2025-03-24,83.58999633789062,83.83000183105469,83.3499984741211,83.6500015258789,79.5044174194336,12201700,0.0,0.0,0.0
2025-03-25,84.22000122070312,84.31999969482422,83.91000366210938,84.11000061035156,79.94161987304688,10478200,0.0,0.0,0.0
2025-03-26,83.55000305175781,83.77999877929688,82.87999725341797,83.0199966430664,78.90563201904297,17010400,0.0,0.0,0.0
2025-03-27,82.88999938964844,83.38999938964844,82.8499984741211,83.19999694824219,79.07671356201172,10331900,0.0,0.0,0.0
2025-03-28,82.79000091552734,82.88999938964844,82.29000091552734,82.45999908447266,78.3733901977539,14242300,0.0,0.0,0.0
2025-03-31,81.2699966430664,81.87999725341797,80.91999816894531,81.7300033569336,77.67957305908203,25560500,0.0,0.0,0.0
2025-04-01,81.77999877929688,82.11000061035156,81.3499984741211,81.8499984741211,77.79362487792969,15154000,0.0,0.0,0.0
2025-04-02,81.25,82.12999725341797,81.19000244140625,82.04000091552734,77.97421264648438,14451600,0.0,0.0,0.0
2025-04-03,81.23999786376953,81.44000244140625,80.22000122070312,80.31999969482422,76.33944702148438,18718400,0.0,0.0,0.0
2025-04-04,77.25,77.5199966430664,74.97000122070312,75.0199966430664,71.30210876464844,40904300,0.0,0.0,0.0
2025-04-07,72.69000244140625,76.25,72.1500015258789,73.20999908447266,69.58180236816406,63057500,0.0,0.0,0.0
2025-04-08,75.83000183105469,75.91999816894531,72.22000122070312,72.95999908447266,69.34420776367188,36425000,0.0,0.0,0.0
2025-04-09,73.16000366210938,78.86000061035156,72.76000213623047,78.58999633789062,74.69518280029297,60645100,0.0,0.0,0.0
2025-04-10,77.19999694824219,77.48999786376953,75.29000091552734,77.04000091552734,73.22200775146484,36697600,0.0,0.0,0.0
2025-04-11,77.33999633789062,79.1500015258789,77.22000122070312,78.97000122070312,75.05635070800781,28909900,0.0,0.0,0.0
2025-04-14,79.44999694824219,80.23999786376953,79.16999816894531,79.81999969482422,75.86422729492188,15749900,0.0,0.0,0.0
2025-04-15,80.44999694824219,80.91000366210938,80.36000061035156,80.54000091552734,76.54855346679688,13679800,0.0,0.0,0.0
2025-04-16,80.55000305175781,81.05999755859375,79.94000244140625,80.2300033569336,76.25391387939453,16542600,0.0,0.0,0.0
2025-04-17,80.95999908447266,81.58999633789062,80.80999755859375,81.0999984741211,77.08079528808594,14072500,0.0,0.0,0.0
2025-04-21,81.47000122070312,81.55999755859375,80.08999633789062,80.66000366210938,76.66260528564453,15883900,0.0,0.0,0.0
2025-04-22,81.7699966430664,82.69999694824219,81.75,82.33000183105469,78.24983978271484,14923200,0.0,0.0,0.0
2025-04-23,83.12000274658203,83.62999725341797,82.43000030517578,82.66000366210938,78.56348419189453,15223500,0.0,0.0,0.0
2025-04-24,83.02999877929688,83.79000091552734,82.88999938964844,83.76000213623047,79.60897064208984,11194200,0.0,0.0,0.0
2025-04-25,83.5999984741211,84.1500015258789,83.4800033569336,84.12000274658203,79.95112609863281,10485300,0.0,0.0,0.0
2025-04-28,84.2300033569336,84.7699966430664,84.1500015258789,84.68000030517578,80.48336791992188,10085400,0.0,0.0,0.0
2025-04-29,84.58999633789062,85.02999877929688,84.55999755859375,84.8499984741211,80.64494323730469,8303800,0.0,0.0,0.0
2025-04-30,84.27999877929688,85.01000213623047,83.86000061035156,84.75,80.54989624023438,24147900,0.0,0.0,0.0
2025-05-01,84.9800033569336,84.98999786376953,84.37000274658203,84.4800033569336,80.29328918457031,10070900,0.0,0.0,0.0
2025-05-02,85.95999908447266,86.30000305175781,85.80999755859375,86.0999984741211,81.83300018310547,14798400,0.0,0.0,0.0
2025-05-05,86.37000274658203,86.4800033569336,86.2300033569336,86.25,81.97557067871094,8119800,0.0,0.0,0.0
2025-05-06,86.20999908447266,86.44000244140625,86.05000305175781,86.13999938964844,81.87100982666016,8661700,0.0,0.0,0.0
2025-05-07,85.93000030517578,86.19000244140625,85.58999633789062,85.8499984741211,81.59538269042969,8536600,0.0,0.0,0.0
2025-05-08,86.08999633789062,86.08999633789062,85.5,85.55000305175781,81.31025695800781,12228300,0.0,0.0,0.0
2025-05-09,86.20999908447266,86.20999908447266,85.73999786376953,85.97000122070312,81.70944213867188,9149000,0.0,0.0,0.0
2025-05-12,86.08999633789062,86.41999816894531,85.6500015258789,86.41000366210938,82.12763977050781,12602500,0.0,0.0,0.0
2025-05-13,86.30000305175781,86.7300033569336,86.19999694824219,86.5199966430664,82.23218536376953,13242900,0.0,0.0,0.0
2025-05-14,86.80999755859375,86.83000183105469,86.04000091552734,86.0999984741211,81.83300018310547,10173300,0.0,0.0,0.0
2025-05-15,86.72000122070312,87.0999984741211,86.5,87.04000091552734,82.7264175415039,11283200,0.0,0.0,0.0
2025-05-16,86.94000244140625,87.27999877929688,86.7699966430664,87.23999786376953,82.91649627685547,8372100,0.0,0.0,0.0
2025-05-19,87.23999786376953,88.08000183105469,87.22000122070312,88.06999969482422,83.70537567138672,9062900,0.0,0.0,0.0
2025-05-20,88.26000213623047,88.52999877929688,88.20999908447266,88.48999786376953,84.10455322265625,23335500,0.0,0.0,0.0
2025-05-21,88.5999984741211,88.88999938964844,87.93000030517578,87.97000122070312,83.6103286743164,15278800,0.0,0.0,0.0
2025-05-22,87.62999725341797,88.1500015258789,87.48999786376953,87.91999816894531,83.56279754638672,12787300,0.0,0.0,0.0
2025-05-23,87.19999694824219,88.19999694824219,87.1500015258789,88.04000091552734,83.6768569946289,16959600,0.0,0.0,0.0
2025-05-27,89.30000305175781,89.45999908447266,89.12000274658203,89.31999969482422,84.89341735839844,12435700,0.0,0.0,0.0
2025-05-28,88.44999694824219,88.55000305175781,88.12000274658203,88.29000091552734,83.91446685791016,16812400,0.0,0.0,0.0
2025-05-29,88.73999786376953,88.75,88.25,88.68000030517578,84.28514099121094,11454200,0.0,0.0,0.0
2025-05-30,88.75,88.9000015258789,88.16999816894531,88.80999755859375,84.40869140625,18590200,0.0,0.0,0.0
2025-06-02,88.97000122070312,89.79000091552734,88.66999816894531,89.76000213623047,85.3116226196289,25710500,0.0,0.0,0.0
2025-06-03,88.86000061035156,89.16999816894531,88.62999725341797,89.08000183105469,84.66531372070312,11787400,0.0,0.0,0.0
2025-06-04,89.29000091552734,89.75,89.2300033569336,89.4800033569336,85.04550170898438,11593300,0.0,0.0,0.0
2025-06-05,89.76000213623047,89.86000061035156,89.2300033569336,89.41999816894531,84.98846435546875,14543100,0.0,0.0,0.0
2025-06-06,89.62000274658203,89.8499984741211,89.5,89.73999786376953,85.29261016845703,10301000,0.0,0.0,0.0
2025-06-09,89.62000274658203,90.0,89.55999755859375,89.7300033569336,85.2831039428711,9641600,0.0,0.0,0.0
2025-06-10,90.05000305175781,90.08999633789062,89.6500015258789,89.8499984741211,85.39715576171875,10254100,0.0,0.0,0.0
2025-06-11,90.01000213623047,90.16000366210938,89.63999938964844,89.69999694824219,85.25458526611328,12329600,0.0,0.0,0.0
2025-06-12,90.19999694824219,90.51000213623047,90.1500015258789,90.38999938964844,85.91039276123047,13288000,0.0,0.0,0.0
2025-06-13,89.22000122070312,89.72000122070312,89.0199966430664,89.2300033569336,84.8078842163086,22177100,0.0,0.0,0.0
2025-06-16,88.41000366210938,88.86000061035156,88.04000091552734,88.04000091552734,85.1259994506836,17843400,1.519,0.0,0.0
2025-06-17,87.66999816894531,87.75,86.86000061035156,86.95999908447266,84.08174133300781,16726300,0.0,0.0,0.0
2025-06-18,87.20999908447266,87.58999633789062,86.9000015258789,87.11000061035156,84.22677612304688,18504400,0.0,0.0,0.0
2025-06-20,87.04000091552734,87.05000305175781,86.30999755859375,86.33000183105469,83.47259521484375,16900600,0.0,0.0,0.0
2025-06-23,85.73999786376953,87.01000213623047,85.68000030517578,86.9800033569336,84.10108184814453,23100600,0.0,0.0,0.0
2025-06-24,87.66000366210938,88.16999816894531,87.55999755859375,88.04000091552734,85.1259994506836,14900600,0.0,0.0,0.0
2025-06-25,87.56999969482422,87.68000030517578,87.36000061035156,87.55999755859375,84.66188049316406,14422100,0.0,0.0,0.0
2025-06-26,88.23999786376953,88.61000061035156,88.12999725341797,88.54000091552734,85.60944366455078,15791500,0.0,0.0,0.0
2025-06-27,89.18000030517578,89.62000274658203,88.95999908447266,89.33999633789062,86.3829574584961,15987700,0.0,0.0,0.0
2025-06-30,89.12000274658203,89.48999786376953,88.94999694824219,89.38999938964844,86.43130493164062,28062100,0.0,0.0,0.0
2025-07-01,89.11000061035156,89.38999938964844,89.02999877929688,89.23999786376953,86.2862777709961,11406100,0.0,0.0,0.0
2025-07-02,88.97000122070312,89.55999755859375,88.83999633789062,89.5,86.53767395019531,13133600,0.0,0.0,0.0
2025-07-03,89.44000244140625,89.68000030517578,89.38999938964844,89.5199966430664,86.5570068359375,5311100,0.0,0.0,0.0
2025-07-07,88.94000244140625,89.0999984741211,88.30000305175781,88.55000305175781,85.61911010742188,12925000,0.0,0.0,0.0
2025-07-08,88.69999694824219,89.29000091552734,88.5999984741211,89.19999694824219,86.24759674072266,9061400,0.0,0.0,0.0
2025-07-09,89.58999633789062,89.9000015258789,89.37999725341797,89.87000274658203,86.89542388916016,8699900,0.0,0.0,0.0
2025-07-10,89.62999725341797,89.87999725341797,89.43000030517578,89.80999755859375,86.83740997314453,8554400,0.0,0.0,0.0
2025-07-11,89.0999984741211,89.12999725341797,88.80999755859375,88.94999694824219,86.00587463378906,8468000,0.0,0.0,0.0
2025-07-14,88.6500015258789,89.0199966430664,88.56999969482422,88.94999694824219,86.00587463378906,7969900,0.0,0.0,0.0
2025-07-15,88.95999908447266,88.97000122070312,87.95999908447266,88.0199966430664,85.10665893554688,10572000,0.0,0.0,0.0
2025-07-16,87.9800033569336,88.44000244140625,87.72000122070312,88.37999725341797,85.45474243164062,16776500,0.0,0.0,0.0
2025-07-17,88.1500015258789,88.62000274658203,88.08999633789062,88.61000061035156,85.67713165283203,9542000,0.0,0.0,0.0
2025-07-18,89.0199966430664,89.02999877929688,88.27999877929688,88.36000061035156,85.4354019165039,11044700,0.0,0.0,0.0
2025-07-21,88.77999877929688,89.27999877929688,88.61000061035156,88.83000183105469,85.88984680175781,9324000,0.0,0.0,0.0
2025-07-22,88.93000030517578,89.38999938964844,88.70999908447266,89.31999969482422,86.3636245727539,12134300,0.0,0.0,0.0
2025-07-23,90.54000091552734,91.56999969482422,90.48999786376953,91.54000091552734,88.51014709472656,18088200,0.0,0.0,0.0
2025-07-24,91.06999969482422,91.2699966430664,90.86000061035156,90.86000061035156,87.8526611328125,12025500,0.0,0.0,0.0
2025-07-25,90.19000244140625,90.76000213623047,90.08999633789062,90.75,87.74629211425781,9583200,0.0,0.0,0.0
2025-07-28,89.80999755859375,89.86000061035156,89.0999984741211,89.29000091552734,86.3346176147461,13654000,0.0,0.0,0.0
2025-07-29,89.30000305175781,89.30000305175781,88.93000030517578,89.11000061035156,86.16057586669922,11888600,0.0,0.0,0.0
2025-07-30,88.83000183105469,89.08000183105469,88.13999938964844,88.47000122070312,85.54176330566406,14623000,0.0,0.0,0.0
2025-07-31,88.0999984741211,88.13999938964844,87.3499984741211,87.5199966430664,84.62320709228516,29271500,0.0,0.0,0.0
2025-08-01,87.27999877929688,87.43000030517578,86.73999786376953,87.29000091552734,84.40081787109375,18658100,0.0,0.0,0.0
2025-08-04,88.2300033569336,88.47000122070312,88.11000061035156,88.44999694824219,85.52242279052734,14718100,0.0,0.0,0.0
2025-08-05,88.5999984741211,88.63999938964844,88.16999816894531,88.44000244140625,85.51275634765625,11634100,0.0,0.0,0.0
2025-08-06,88.83999633789062,89.16999816894531,88.7699966430664,89.0199966430664,86.07355499267578,11499900,0.0,0.0,0.0
2025-08-07,90.0199966430664,90.08999633789062,89.44000244140625,89.81999969482422,86.84707641601562,11525600,0.0,0.0,0.0
2025-08-08,90.1500015258789,90.52999877929688,90.08000183105469,90.37000274658203,87.37887573242188,10367200,0.0,0.0,0.0
2025-08-11,90.12000274658203,90.19999694824219,89.87999725341797,89.98999786376953,87.01144409179688,8516600,0.0,0.0,0.0
2025-08-12,90.38999938964844,91.1500015258789,90.27999877929688,91.08999633789062,88.07503509521484,12302700,0.0,0.0,0.0
2025-08-13,91.38999938964844,91.66000366210938,91.37000274658203,91.63999938964844,88.6068344116211,9490500,0.0,0.0,0.0
2025-08-14,91.2300033569336,91.68000030517578,91.19999694824219,91.6500015258789,88.61650848388672,11790600,0.0,0.0,0.0
2025-08-15,92.22000122070312,92.27999877929688,92.04000091552734,92.19000244140625,89.13863372802734,11864300,0.0,0.0,0.0
2025-08-18,91.94999694824219,92.13999938964844,91.80000305175781,92.08999633789062,89.04193878173828,11577800,0.0,0.0,0.0
2025-08-19,92.33000183105469,92.48999786376953,92.0199966430664,92.0999984741211,89.0516128540039,10721600,0.0,0.0,0.0
2025-08-20,92.2699966430664,92.45999908447266,92.11000061035156,92.43000030517578,89.37068939208984,15871100,0.0,0.0,0.0
2025-08-21,91.91999816894531,92.06999969482422,91.69000244140625,91.8499984741211,88.80988311767578,11258900,0.0,0.0,0.0
2025-08-22,92.20999908447266,93.37999725341797,92.18000030517578,93.2300033569336,90.14421844482422,15827500,0.0,0.0,0.0
2025-08-25,92.79000091552734,92.94999694824219,91.9800033569336,92.0,88.95492553710938,11700800,0.0,0.0,0.0
2025-08-26,91.73999786376953,91.94999694824219,91.66999816894531,91.9000015258789,88.85823059082031,11788900,0.0,0.0,0.0
2025-08-27,91.22000122070312,91.72000122070312,91.04000091552734,91.68000030517578,88.6455078125,13054200,0.0,0.0,0.0
2025-08-28,92.0,92.13999938964844,91.83000183105469,92.0199966430664,88.97425842285156,11136400,0.0,0.0,0.0
2025-08-29,91.52999877929688,91.6500015258789,91.33000183105469,91.4800033569336,88.45214080810547,18544500,0.0,0.0,0.0
2025-09-02,90.0999984741211,90.73999786376953,90.04000091552734,90.58000183105469,87.58192443847656,15496100,0.0,0.0,0.0
2025-09-03,90.44999694824219,90.80000305175781,90.37000274658203,90.72000122070312,87.71729278564453,14418600,0.0,0.0,0.0
2025-09-04,91.0,91.4000015258789,90.94000244140625,91.37999725341797,88.35543823242188,10348000,0.0,0.0,0.0
2025-09-05,92.12000274658203,92.38999938964844,91.5,91.79000091552734,88.75187683105469,15510600,0.0,0.0,0.0
2025-09-08,92.45999908447266,92.73999786376953,92.23999786376953,92.70999908447266,89.64141845703125,12010700,0.0,0.0,0.0
2025-09-09,92.33000183105469,92.5,92.1500015258789,92.4000015258789,89.34168243408203,10893200,0.0,0.0,0.0
2025-09-10,92.6500015258789,92.7699966430664,92.2699966430664,92.37999725341797,89.32234191894531,11838300,0.0,0.0,0.0
2025-09-11,92.77999877929688,93.38999938964844,92.75,93.36000061035156,90.26990509033203,11013000,0.0,0.0,0.0
2025-09-12,92.98999786376953,93.12999725341797,92.7699966430664,92.98999786376953,89.91215515136719,10010500,0.0,0.0,0.0
2025-09-15,93.44999694824219,93.68000030517578,93.31999969482422,93.61000061035156,90.51163482666016,18108000,0.0,0.0,0.0
2025-09-16,93.5199966430664,93.54000091552734,93.08000183105469,93.3499984741211,90.26023864746094,25226900,0.0,0.0,0.0
2025-09-17,93.23999786376953,93.7699966430664,92.61000061035156,93.0,89.92182159423828,17013600,0.0,0.0,0.0
2025-09-18,93.0999984741211,93.4800033569336,92.81999969482422,93.36000061035156,90.26990509033203,15791600,0.0,0.0,0.0
2025-09-19,93.04000091552734,93.1500015258789,92.76000213623047,93.0,89.92182159423828,21889300,0.0,0.0,0.0
2025-09-22,92.95999908447266,93.33999633789062,92.7300033569336,93.30000305175781,90.21189880371094,13692200,0.0,0.0,0.0
2025-09-23,93.51000213623047,93.66999816894531,93.0199966430664,93.12000274658203,90.03785705566406,14688400,0.0,0.0,0.0
2025-09-24,92.69000244140625,92.91999816894531,92.45999908447266,92.58000183105469,89.51573181152344,14910700,0.0,0.0,0.0
2025-09-25,91.94999694824219,92.0199966430664,91.52999877929688,91.91999816894531,88.8775634765625,22434600,0.0,0.0,0.0
2025-09-26,92.30999755859375,92.63999938964844,92.2300033569336,92.62999725341797,89.56407165527344,18138000,0.0,0.0,0.0
2025-09-29,92.91999816894531,93.05999755859375,92.7699966430664,92.98999786376953,89.91215515136719,13807100,0.0,0.0,0.0
2025-09-30,92.88999938964844,93.45999908447266,92.86000061035156,93.37000274658203,90.27957916259766,24295000,0.0,0.0,0.0
2025-10-01,93.87999725341797,94.2699966430664,93.86000061035156,94.13999938964844,91.02409362792969,17167900,0.0,0.0,0.0
2025-10-02,94.54000091552734,94.5999984741211,93.87000274658203,94.29000091552734,91.16912841796875,15300500,0.0,0.0,0.0
2025-10-03,94.97000122070312,95.2699966430664,94.8499984741211,95.08000183105469,91.93297576904297,13985500,0.0,0.0,0.0
2025-10-06,95.25,95.52999877929688,95.1500015258789,95.30000305175781,92.14569854736328,12812500,0.0,0.0,0.0
2025-10-07,94.95999908447266,95.01000213623047,94.43000030517578,94.47000122070312,91.34317016601562,9075000,0.0,0.0,0.0
2025-10-08,94.79000091552734,94.93000030517578,94.55000305175781,94.75,91.61389923095703,11159400,0.0,0.0,0.0
2025-10-09,94.79000091552734,94.79000091552734,93.73999786376953,93.97000122070312,90.85972595214844,10567900,0.0,0.0,0.0
2025-10-10,93.69000244140625,93.7699966430664,92.12000274658203,92.23999786376953,89.18697357177734,26137200,0.0,0.0,0.0
2025-10-13,92.6500015258789,93.08000183105469,92.52999877929688,92.9800033569336,89.9024887084961,11132900,0.0,0.0,0.0
2025-10-14,92.44999694824219,93.68000030517578,92.33999633789062,93.4000015258789,90.30859375,15119000,0.0,0.0,0.0
2025-10-15,93.86000061035156,94.12999725341797,93.31999969482422,93.8499984741211,90.74369049072266,15005400,0.0,0.0,0.0
2025-10-16,94.41999816894531,94.73999786376953,94.0,94.33999633789062,91.21746826171875,24970300,0.0,0.0,0.0
2025-10-17,94.04000091552734,94.56999969482422,93.91999816894531,94.51000213623047,91.38184356689453,16789400,0.0,0.0,0.0
2025-10-20,94.94999694824219,95.37999725341797,94.93000030517578,95.29000091552734,92.13602447509766,12951100,0.0,0.0,0.0
2025-10-21,94.86000061035156,95.0,94.55000305175781,94.58999633789062,91.45919799804688,16644300,0.0,0.0,0.0
2025-10-22,94.5999984741211,94.76000213623047,94.05000305175781,94.44999694824219,91.3238296508789,15028600,0.0,0.0,0.0
2025-10-23,94.62000274658203,95.0,94.62000274658203,94.88999938964844,91.749267578125,10584400,0.0,0.0,0.0
2025-10-24,95.08000183105469,95.20999908447266,94.94000244140625,95.04000091552734,91.89430236816406,8967800,0.0,0.0,0.0
2025-10-27,95.55999755859375,95.7300033569336,95.4800033569336,95.69999694824219,92.53245544433594,10612600,0.0,0.0,0.0
2025-10-28,95.62999725341797,95.94999694824219,95.47000122070312,95.66000366210938,92.49378204345703,9187600,0.0,0.0,0.0
2025-10-29,95.66000366210938,95.75,94.6500015258789,95.12000274658203,91.97166442871094,17914300,0.0,0.0,0.0
2025-10-30,94.56999969482422,95.08000183105469,94.5,94.69999694824219,91.5655517578125,13967800,0.0,0.0,0.0
2025-10-31,94.58999633789062,94.61000061035156,94.12999725341797,94.48999786376953,91.36250305175781,19459200,0.0,0.0,0.0
2025-11-03,94.55999755859375,94.63999938964844,94.26000213623047,94.52999877929688,91.40118408203125,10681400,0.0,0.0,0.0
2025-11-04,93.52999877929688,94.02999877929688,93.44999694824219,93.55999755859375,90.46328735351562,10349000,0.0,0.0,0.0
2025-11-05,93.68000030517578,94.31999969482422,93.66999816894531,94.16000366210938,91.0434341430664,12451300,0.0,0.0,0.0
2025-11-06,94.2699966430664,94.36000061035156,93.70999908447266,93.94999694824219,90.84037780761719,16176000,0.0,0.0,0.0
2025-11-07,93.56999969482422,94.31999969482422,93.33999633789062,94.30000305175781,91.17880249023438,13976900,0.0,0.0,0.0
2025-11-10,94.86000061035156,95.3499984741211,94.58999633789062,95.29000091552734,92.13602447509766,15682400,0.0,0.0,0.0
2025-11-11,95.66999816894531,96.13999938964844,95.66999816894531,95.98999786376953,92.81285858154297,12959400,0.0,0.0,0.0
2025-11-12,96.30999755859375,96.69000244140625,96.30999755859375,96.55999755859375,93.3639907836914,9532200,0.0,0.0,0.0
2025-11-13,96.3499984741211,96.45999908447266,95.43000030517578,95.52999877929688,92.36808013916016,15864800,0.0,0.0,0.0
2025-11-14,94.87999725341797,95.52999877929688,94.77999877929688,95.26000213623047,92.10702514648438,17396400,0.0,0.0,0.0
2025-11-17,94.5999984741211,94.87999725341797,93.68000030517578,94.0199966430664,90.90806579589844,18850900,0.0,0.0,0.0
2025-11-18,92.80999755859375,93.1500015258789,92.30000305175781,92.80000305175781,89.72844696044922,22482300,0.0,0.0,0.0
2025-11-19,92.70999908447266,93.06999969482422,92.13999938964844,92.5199966430664,89.45770263671875,15425200,0.0,0.0,0.0
2025-11-20,93.12999725341797,93.25,91.20999908447266,91.23999786376953,88.22007751464844,26720600,0.0,0.0,0.0
2025-11-21,92.0999984741211,92.9000015258789,91.76000213623047,92.6500015258789,89.58341217041016,27211400,0.0,0.0,0.0
2025-11-24,92.44999694824219,92.87999725341797,92.33999633789062,92.7300033569336,89.6607666015625,18550900,0.0,0.0,0.0
2025-11-25,93.12999725341797,93.87999725341797,92.88999938964844,93.83999633789062,90.73401641845703,19903700,0.0,0.0,0.0
2025-11-26,94.26000213623047,95.01000213623047,94.2300033569336,94.87000274658203,91.72993469238281,13481200,0.0,0.0,0.0
2025-11-28,94.83999633789062,95.22000122070312,94.73999786376953,95.19000244140625,92.03934478759766,8136000,0.0,0.0,0.0
2025-12-01,94.91999816894531,95.1500015258789,94.69000244140625,94.72000122070312,91.58489227294922,21791500,0.0,0.0,0.0
2025-12-02,95.08000183105469,95.12999725341797,94.75,95.04000091552734,91.89430236816406,14267600,0.0,0.0,0.0
2025-12-03,95.12000274658203,95.58999633789062,95.0999984741211,95.55000305175781,92.3874282836914,14439800,0.0,0.0,0.0
2025-12-04,96.08000183105469,96.18000030517578,95.6500015258789,95.80999755859375,92.6388168334961,13862900,0.0,0.0,0.0
2025-12-05,96.0999984741211,96.2300033569336,95.63999938964844,95.80999755859375,92.6388168334961,15829800,0.0,0.0,0.0
2025-12-08,95.81999969482422,95.81999969482422,95.36000061035156,95.51000213623047,92.34874725341797,13589200,0.0,0.0,0.0
2025-12-09,95.5999984741211,95.83000183105469,95.36000061035156,95.37999725341797,92.22305297851562,15966700,0.0,0.0,0.0
2025-12-10,95.55999755859375,96.5999984741211,95.5,96.44000244140625,93.24796295166016,21171700,0.0,0.0,0.0
2025-12-11,96.72000122070312,97.1500015258789,96.62999725341797,97.01000213623047,93.7990951538086,19221400,0.0,0.0,0.0
2025-12-12,97.05999755859375,97.18000030517578,96.1500015258789,96.5,93.30597686767578,20514900,0.0,0.0,0.0
2025-12-15,97.30999755859375,97.41999816894531,96.87000274658203,97.08999633789062,93.87644958496094,22751500,0.0,0.0,0.0
2025-12-16,95.13999938964844,95.2300033569336,94.5999984741211,94.91999816894531,93.44133758544922,29380500,1.728,0.0,0.0
2025-12-17,94.7300033569336,94.94999694824219,94.12999725341797,94.1500015258789,92.68333435058594,34926000,0.0,0.0,0.0
2025-12-18,94.94999694824219,95.30999755859375,94.58000183105469,94.81999969482422,93.3428955078125,29971400,0.0,0.0,0.0
2025-12-19,95.26000213623047,95.7300033569336,95.20999908447266,95.45999908447266,93.9729232788086,31094700,0.0,0.0,0.0
2025-12-22,95.47000122070312,95.76000213623047,95.4000015258789,95.69999694824219,94.20918273925781,15861200,0.0,0.0,0.0
2025-12-23,96.27999877929688,96.44000244140625,96.16999816894531,96.29000091552734,94.79000091552734,16485700,0.0,0.0,0.0
2025-12-24,96.33000183105469,96.45999908447266,96.19000244140625,96.41000366210938,94.90813446044922,5609700,0.0,0.0,0.0
2025-12-26,96.52999877929688,96.5999984741211,96.33999633789062,96.56999969482422,95.06563568115234,9304200,0.0,0.0,0.0
2025-12-29,96.26000213623047,96.47000122070312,96.05999755859375,96.27999877929688,94.7801513671875,16705400,0.0,0.0,0.0
2025-12-30,96.62999725341797,96.80000305175781,96.41999816894531,96.44000244140625,94.93766021728516,15877000,0.0,0.0,0.0
2025-12-31,96.33000183105469,96.38999938964844,95.91999816894531,96.02999877929688,94.53404235839844,27618000,0.0,0.0,0.0
2026-01-02,97.02999877929688,97.11000061035156,96.51000213623047,97.04000091552734,95.52831268310547,42922400,0.0,0.0,0.0
2026-01-05,97.26000213623047,98.1500015258789,97.2300033569336,98.1500015258789,96.62102508544922,25187000,0.0,0.0,0.0
2026-01-06,98.30999755859375,98.4800033569336,98.12999725341797,98.30000305175781,96.76869201660156,14557900,0.0,0.0,0.0
2026-01-07,98.13999938964844,98.20999908447266,97.83999633789062,97.93000030517578,96.40444946289062,15468900,0.0,0.0,0.0
2026-01-08,97.55999755859375,97.94999694824219,97.52999877929688,97.94000244140625,96.41429901123047,14090500,0.0,0.0,0.0
2026-01-09,98.41999816894531,98.88999938964844,98.33000183105469,98.80999755859375,97.27073669433594,16001700,0.0,0.0,0.0
2026-01-12,99.1500015258789,99.44000244140625,99.12000274658203,99.41000366210938,97.86139678955078,15313500,0.0,0.0,0.0
2026-01-13,99.2300033569336,99.25,98.6500015258789,98.83999633789062,97.3002700805664,17697700,0.0,0.0,0.0
2026-01-14,99.19000244140625,99.37000274658203,98.9800033569336,99.30000305175781,97.75311279296875,19947400,0.0,0.0,0.0
2026-01-15,99.62000274658203,99.62000274658203,99.22000122070312,99.26000213623047,97.71372985839844,24662400,0.0,0.0,0.0
2026-01-16,99.41999816894531,99.54000091552734,99.05999755859375,99.52999877929688,97.97952270507812,18699200,0.0,0.0,0.0
2026-01-20,98.0,98.69000244140625,97.86000061035156,98.0199966430664,96.4930419921875,26893300,0.0,0.0,0.0
2026-01-21,98.2699966430664,99.27999877929688,97.88999938964844,99.02999877929688,97.48731231689453,26150500,0.0,0.0,0.0
2026-01-22,99.38999938964844,99.66999816894531,99.18000030517578,99.41999816894531,97.8712387084961,16592800,0.0,0.0,0.0
2026-01-23,99.16999816894531,100.0,99.0,99.97000122070312,98.41267395019531,16753500,0.0,0.0,0.0
2026-01-26,100.54000091552734,100.83000183105469,100.45999908447266,100.47000122070312,98.9048843383789,14959300,0.0,0.0,0.0
2026-01-27,101.47000122070312,102.31999969482422,101.43000030517578,102.08999633789062,100.49964141845703,19754300,0.0,0.0,0.0
2026-01-28,101.19000244140625,101.36000061035156,100.55999755859375,101.01000213623047,99.43647003173828,21938700,0.0,0.0,0.0
2026-01-29,102.0199966430664,102.0999984741211,100.55999755859375,101.69000244140625,100.10588073730469,29236200,0.0,0.0,0.0
2026-01-30,101.3499984741211,101.54000091552734,100.37000274658203,100.73999786376953,99.17066955566406,27813400,0.0,0.0,0.0
2026-02-02,100.87999725341797,101.55000305175781,100.81999969482422,101.4000015258789,99.82039642333984,21725500,0.0,0.0,0.0
2026-02-03,101.13999938964844,101.66000366210938,100.63999938964844,101.44999694824219,99.86961364746094,23625500,0.0,0.0,0.0
2026-02-04,102.47000122070312,102.66999816894531,101.37000274658203,101.77999877929688,100.19447326660156,25576700,0.0,0.0,0.0
2026-02-05,100.62000274658203,101.1500015258789,100.2699966430664,100.33000183105469,98.7670669555664,22760200,0.0,0.0,0.0
2026-02-06,101.69000244140625,102.6500015258789,101.63999938964844,102.61000061035156,101.01154327392578,17343700,0.0,0.0,0.0
2026-02-09,103.2300033569336,104.16999816894531,103.12000274658203,103.98999786376953,102.37004089355469,20137400,0.0,0.0,0.0
2026-02-10,104.58000183105469,104.66999816894531,104.23999786376953,104.23999786376953,102.61614990234375,16861700,0.0,0.0,0.0
2026-02-11,104.83999633789062,105.16999816894531,104.16000366210938,104.94000244140625,103.30525207519531,20493500,0.0,0.0,0.0
2026-02-12,105.08999633789062,105.23999786376953,103.80999755859375,104.1500015258789,102.52755737304688,29385300,0.0,0.0,0.0
2026-02-13,103.87999725341797,104.43000030517578,103.44999694824219,104.23999786376953,102.61614990234375,22651300,0.0,0.0,0.0
2026-02-17,103.36000061035156,104.33999633789062,103.0199966430664,104.22000122070312,102.59646606445312,19647200,0.0,0.0,0.0
2026-02-18,104.37000274658203,104.91000366210938,104.12000274658203,104.33999633789062,102.71459197998047,16099000,0.0,0.0,0.0
2026-02-19,103.54000091552734,104.08999633789062,103.37000274658203,104.05000305175781,102.42911529541016,15994100,0.0,0.0,0.0
2026-02-20,103.86000061035156,105.05000305175781,103.86000061035156,104.9000015258789,103.265869140625,25737500,0.0,0.0,0.0
2026-02-23,104.80999755859375,105.11000061035156,104.19000244140625,104.47000122070312,102.84256744384766,14151800,0.0,0.0,0.0
2026-02-24,104.16999816894531,104.91999816894531,104.08000183105469,104.66000366210938,103.02960968017578,17358000,0.0,0.0,0.0
2026-02-25,105.26000213623047,105.80000305175781,105.1500015258789,105.66000366210938,104.0140380859375,14783800,0.0,0.0,0.0
2026-02-26,105.63999938964844,105.72000122070312,104.87000274658203,105.56999969482422,103.92543029785156,28482700,0.0,0.0,0.0
2026-02-27,105.5199966430664,105.94000244140625,105.26000213623047,105.37999725341797,103.73838806152344,25575500,0.0,0.0,0.0
2026-03-02,102.76000213623047,103.7300033569336,102.72000122070312,103.30000305175781,101.6907958984375,38046600,0.0,0.0,0.0
2026-03-03,98.6500015258789,100.55999755859375,97.75,100.08999633789062,98.53079986572266,52567300,0.0,0.0,0.0
2026-03-04,100.79000091552734,101.48999786376953,100.4000015258789,101.37999725341797,99.80070495605469,30766400,0.0,0.0,0.0
2026-03-05,99.77999877929688,100.2699966430664,98.22000122070312,99.16000366210938,97.61529541015625,34508300,0.0,0.0,0.0
2026-03-06,97.2699966430664,98.69000244140625,97.05999755859375,98.27999877929688,96.74899291992188,27734400,0.0,0.0,0.0
2026-03-09,96.77999877929688,99.41000366210938,95.9800033569336,98.98999786376953,97.44793701171875,37484700,0.0,0.0,0.0
2026-03-10,99.73999786376953,100.87999725341797,99.06999969482422,99.22000122070312,97.67435455322266,44802900,0.0,0.0,0.0
2026-03-11,98.63999938964844,99.37999725341797,98.29000091552734,99.01000213623047,97.4676284790039,21345300,0.0,0.0,0.0
2026-03-12,98.04000091552734,98.12999725341797,97.01000213623047,97.45999908447266,95.9417724609375,34724600,0.0,0.0,0.0
2026-03-13,97.66999816894531,98.11000061035156,96.13999938964844,96.30000305175781,94.79984283447266,27628100,0.0,0.0,0.0
2026-03-16,97.63999938964844,98.31999969482422,97.44999694824219,98.0999984741211,96.5718002319336,17384000,0.0,0.0,0.0
2026-03-17,98.73999786376953,98.97000122070312,98.23999786376953,98.37000274658203,96.83760070800781,16411500,0.0,0.0,0.0
2026-03-18,97.80999755859375,98.01000213623047,96.61000061035156,96.69000244140625,95.18376922607422,26644800,0.0,0.0,0.0
2026-03-19,94.94000244140625,97.11000061035156,94.80000305175781,96.5199966430664,95.01641082763672,34858300,0.0,0.0,0.0
2026-03-20,96.12999725341797,96.12999725341797,93.08000183105469,93.58999633789062,92.1320571899414,45493400,0.0,0.0,0.0
2026-03-23,95.52999877929688,97.0199966430664,94.94999694824219,95.83999633789062,94.34700012207031,40781200,0.0,0.0,0.0
2026-03-24,94.48999786376953,95.80999755859375,94.3499984741211,95.2699966430664,93.78588104248047,22695800,0.0,0.0,0.0
2026-03-25,96.91999816894531,97.1500015258789,96.1500015258789,96.66000366210938,95.15423583984375,20476300,0.0,0.0,0.0
2026-03-26,95.47000122070312,96.2300033569336,94.62000274658203,94.66000366210938,93.18539428710938,19676500,0.0,0.0,0.0
2026-03-27,94.29000091552734,94.83999633789062,93.5199966430664,93.80000305175781,92.33879089355469,22341100,0.0,0.0,0.0
2026-03-30,94.72000122070312,94.9800033569336,93.66999816894531,94.06999969482422,92.60457611083984,16136400,0.0,0.0,0.0
2026-03-31,95.56999969482422,97.16000366210938,95.05999755859375,97.12999725341797,95.61690521240234,39448000,0.0,0.0,0.0
2026-04-01,98.5199966430664,99.31999969482422,98.22000122070312,98.61000061035156,97.07386016845703,27123200,0.0,0.0,0.0
2026-04-02,96.54000091552734,98.41999816894531,96.36000061035156,98.0,96.47335815429688,17276100,0.0,0.0,0.0
2026-04-06,98.12999725341797,98.7300033569336,98.02999877929688,98.48999786376953,96.95572662353516,11810900,0.0,0.0,0.0
2026-04-07,97.66999816894531,98.5,96.79000091552734,98.3499984741211,96.81790161132812,19809700,0.0,0.0,0.0
2026-04-08,102.48999786376953,102.63999938964844,101.5199966430664,102.19000244140625,100.59809112548828,22300800,0.0,0.0,0.0
2026-04-09,101.08999633789062,102.47000122070312,100.91000366210938,101.94999694824219,100.36182403564453,14958400,0.0,0.0,0.0
2026-04-10,102.62999725341797,102.69000244140625,101.80999755859375,102.18000030517578,100.58824157714844,8670300,0.0,0.0,0.0
2026-04-13,101.2699966430664,102.8499984741211,101.18000030517578,102.80999755859375,101.20842742919922,19346900,0.0,0.0,0.0
2026-04-14,103.33999633789062,103.81999969482422,103.20999908447266,103.63999938964844,102.02549743652344,16581000,0.0,0.0,0.0
2026-04-15,103.38999938964844,103.44999694824219,102.94000244140625,103.30999755859375,101.70063781738281,8786300,0.0,0.0,0.0
2026-04-16,103.55999755859375,103.58000183105469,102.6500015258789,103.01000213623047,101.40531158447266,13227600,0.0,0.0,0.0
2026-04-17,104.45999908447266,105.12999725341797,104.20999908447266,104.31999969482422,102.69490814208984,17321500,0.0,0.0,0.0
2026-04-20,103.72000122070312,103.93000030517578,103.12999725341797,103.91000366210938,102.29129791259766,12896100,0.0,0.0,0.0
2026-04-21,103.12999725341797,103.2699966430664,101.51000213623047,101.62999725341797,100.04680633544922,18105400,0.0,0.0,0.0
2026-04-22,102.33000183105469,102.37999725341797,101.6500015258789,101.97000122070312,100.38151550292969,9990800,0.0,0.0,0.0
2026-04-23,101.75,102.12000274658203,100.1500015258789,101.23999786376953,99.66288757324219,15773900,0.0,0.0,0.0
2026-04-24,101.41000366210938,101.95999908447266,101.1500015258789,101.7699966430664,100.18462371826172,14219400,0.0,0.0,0.0
2026-04-27,101.83000183105469,102.05999755859375,101.33999633789062,101.37999725341797,99.80070495605469,10091700,0.0,0.0,0.0
2026-04-28,100.93000030517578,101.12999725341797,100.55999755859375,100.95999908447266,99.38724517822266,11008800,0.0,0.0,0.0
2026-04-29,100.4000015258789,100.4800033569336,99.51000213623047,99.93000030517578,98.373291015625,10986800,0.0,0.0,0.0
2026-04-30,101.31999969482422,102.58000183105469,101.08999633789062,102.31999969482422,100.72605895996094,16585800,0.0,0.0,0.0
2026-05-01,102.29000091552734,102.87000274658203,102.06999969482422,102.0999984741211,100.50949096679688,14447200,0.0,0.0,0.0
2026-05-04,101.44000244140625,101.72000122070312,100.26000213623047,100.69999694824219,99.13129425048828,21026300,0.0,0.0,0.0
2026-05-05,101.66999816894531,102.16000366210938,101.19000244140625,102.04000091552734,100.45042419433594,12347300,0.0,0.0,0.0
2026-05-06,104.5,104.91999816894531,104.30999755859375,104.80999755859375,103.1772689819336,14755500,0.0,0.0,0.0
2026-05-07,104.81999969482422,104.86000061035156,102.81999969482422,102.88999938964844,101.28718566894531,19257500,0.0,0.0,0.0
2026-05-08,103.7699966430664,104.04000091552734,103.38999938964844,103.95999908447266,102.34051513671875,12280100,0.0,0.0,0.0
2026-05-11,103.80999755859375,104.0,103.56999969482422,103.73999786376953,102.12393951416016,10717500,0.0,0.0,0.0
2026-05-12,103.0,103.27999877929688,102.3499984741211,103.13999938964844,101.53328704833984,15770900,0.0,0.0,0.0
2026-05-13,103.01000213623047,103.87999725341797,102.93000030517578,103.83000183105469,102.21253967285156,9578900,0.0,0.0,0.0
2026-05-14,103.79000091552734,103.93000030517578,103.41000366210938,103.45999908447266,101.84830474853516,8943600,0.0,0.0,0.0
2026-05-15,102.01000213623047,102.13999938964844,101.55000305175781,101.72000122070312,100.13540649414062,17916800,0.0,0.0,0.0
2026-05-18,102.4800033569336,102.81999969482422,101.77999877929688,102.66000366210938,101.0607681274414,15944000,0.0,0.0,0.0
2026-05-19,102.08000183105469,102.47000122070312,101.69000244140625,101.91999816894531,100.33229064941406,13211800,0.0,0.0,0.0
2026-05-20,102.16000366210938,103.91000366210938,101.97000122070312,103.62000274658203,102.00581359863281,16511800,0.0,0.0,0.0
2026-05-21,102.81999969482422,104.55999755859375,102.5999984741211,104.19000244140625,102.56693267822266,14357600,0.0,0.0,0.0
2026-05-22,104.22000122070312,104.4800033569336,103.79000091552734,103.9800033569336,102.3602066040039,12012200,0.0,0.0,0.0
2026-05-26,105.3499984741211,105.45999908447266,104.76000213623047,105.12999725341797,103.4922866821289,12884900,0.0,0.0,0.0
2026-05-27,105.05999755859375,105.08999633789062,104.5199966430664,104.7699966430664,103.13789367675781,12599500,0.0,0.0,0.0
2026-05-28,104.12000274658203,105.01000213623047,103.97000122070312,104.69000244140625,103.05914306640625,13606000,0.0,0.0,0.0
2026-05-29,105.12999725341797,105.5199966430664,104.7300033569336,104.80000305175781,103.16743469238281,16926000,0.0,0.0,0.0
2026-06-01,103.98999786376953,104.91999816894531,103.5999984741211,104.44000244140625,102.81304168701172,17412600,0.0,0.0,0.0
2026-06-02,104.58999633789062,105.16000366210938,104.52999877929688,105.0199966430664,103.38399505615234,8400600,0.0,0.0,0.0
2026-06-03,104.58000183105469,104.63999938964844,104.06999969482422,104.12000274658203,102.4980239868164,11807100,0.0,0.0,0.0
2026-06-04,104.54000091552734,105.0199966430664,104.43000030517578,104.94999694824219,103.3150863647461,10158700,0.0,0.0,0.0
2026-06-05,104.13999938964844,104.19000244140625,101.91000366210938,102.26000213623047,100.66699981689453,16937500,0.0,0.0,0.0
2026-06-08,103.2699966430664,103.5,102.72000122070312,102.87999725341797,101.27733612060547,13550300,0.0,0.0,0.0
2026-06-09,103.88999938964844,104.23999786376953,101.33999633789062,102.9000015258789,101.29702758789062,21878000,0.0,0.0,0.0
2026-06-10,102.2300033569336,102.9000015258789,101.48999786376953,101.56999969482422,99.98774719238281,22737700,0.0,0.0,0.0
2026-06-11,102.4800033569336,104.8499984741211,102.22000122070312,104.7300033569336,103.09852600097656,20415000,0.0,0.0,0.0
2026-06-12,104.6500015258789,105.36000061035156,104.19000244140625,105.0199966430664,103.38399505615234,14219900,0.0,0.0,0.0
2026-06-15,104.69000244140625,104.73999786376953,103.98999786376953,104.08000183105469,104.08000183105469,14053600,1.636,0.0,0.0
2026-06-16,104.72000122070312,104.80000305175781,104.2300033569336,104.30999755859375,104.30999755859375,12047000,0.0,0.0,0.0
2026-06-17,105.04000091552734,105.41999816894531,103.58999633789062,103.77999877929688,103.77999877929688,20717600,0.0,0.0,0.0
2026-06-18,104.58000183105469,104.66000366210938,104.18000030517578,104.41000366210938,104.41000366210938,15466300,0.0,0.0,0.0
2026-06-22,104.58999633789062,104.83999633789062,104.43000030517578,104.58000183105469,104.58000183105469,9596200,0.0,0.0,0.0
2026-06-23,102.37999725341797,103.0199966430664,102.31999969482422,102.45999908447266,102.45999908447266,17425700,0.0,0.0,0.0
2026-06-24,102.23999786376953,102.6500015258789,101.91999816894531,102.26000213623047,102.26000213623047,12504200,0.0,0.0,0.0
2026-06-25,103.4800033569336,103.7300033569336,102.7300033569336,103.1500015258789,103.1500015258789,13135400,0.0,0.0,0.0
2026-06-26,102.45999908447266,103.06999969482422,102.30000305175781,102.54000091552734,102.54000091552734,21219200,0.0,0.0,0.0
2026-06-29,102.87000274658203,103.47000122070312,102.22000122070312,103.44999694824219,103.44999694824219,10788600,0.0,0.0,0.0
2026-06-30,103.31999969482422,103.88999938964844,103.19000244140625,103.87999725341797,103.87999725341797,16945900,0.0,0.0,0.0
2026-07-01,103.06999969482422,103.43000030517578,102.87000274658203,103.0199966430664,103.0199966430664,13487100,0.0,0.0,0.0
2026-07-02,104.58999633789062,105.2699966430664,103.75,104.37000274658203,104.37000274658203,12686000,0.0,0.0,0.0
2026-07-06,105.0,105.5199966430664,104.87999725341797,105.45999908447266,105.45999908447266,9803200,0.0,0.0,0.0
2026-07-07,105.0199966430664,105.16000366210938,103.8499984741211,104.16000366210938,104.16000366210938,10714800,0.0,0.0,0.0
2026-07-08,102.80999755859375,103.41000366210938,102.26000213623047,103.36000061035156,103.36000061035156,8642800,0.0,0.0,0.0
2026-07-09,103.61000061035156,104.19000244140625,103.55000305175781,103.91999816894531,103.91999816894531,7586400,0.0,0.0,0.0
2026-07-10,104.18000030517578,104.5999984741211,103.61000061035156,104.33000183105469,104.33000183105469,8286800,0.0,0.0,0.0
2026-07-13,103.8499984741211,103.9800033569336,103.08999633789062,103.23999786376953,103.23999786376953,10953700,0.0,0.0,0.0
2026-07-14,104.37999725341797,105.08999633789062,103.91000366210938,103.95999908447266,103.95999908447266,9932200,0.0,0.0,0.0
2026-07-15,104.27999877929688,104.80999755859375,103.80000305175781,104.6500015258789,104.6500015258789,7415800,0.0,0.0,0.0
2026-07-16,103.66999816894531,104.22000122070312,103.47000122070312,103.80999755859375,103.80999755859375,9966800,0.0,0.0,0.0
2026-07-17,102.51000213623047,103.51000213623047,102.51000213623047,103.33000183105469,103.33000183105469,10969800,0.0,0.0,0.0
2026-07-20,103.33999633789062,103.48999786376953,102.47000122070312,102.56999969482422,102.56999969482422,14834400,0.0,0.0,0.0
2026-07-21,103.51000213623047,104.19000244140625,103.08999633789062,104.05999755859375,104.05999755859375,9826900,0.0,0.0,0.0
2026-07-22,104.44000244140625,104.63999938964844,104.22000122070312,104.25,104.25,14694400,0.0,0.0,0.0
2026-07-23,102.76000213623047,103.29000091552734,102.54000091552734,102.9000015258789,102.9000015258789,12596100,0.0,0.0,0.0
2026-07-24,103.5,104.02999877929688,103.26000213623047,103.41000366210938,103.41000366210938,9032100,0.0,0.0,0.0
2026-07-27,104.36000061035156,104.45999908447266,103.44999694824219,103.91000366210938,103.91000366210938,9299900,0.0,0.0,0.0
2026-07-28,103.19000244140625,104.18000030517578,103.12000274658203,103.88999938964844,103.88999938964844,9580400,0.0,0.0,0.0
2026-07-29,103.72000122070312,104.8499984741211,102.9800033569336,103.37000274658203,103.37000274658203,11646400,0.0,0.0,0.0
2026-07-30,105.01000213623047,106.31999969482422,104.80999755859375,106.23999786376953,106.23999786376953,13263500,0.0,0.0,0.0
2026-07-31,105.75,105.83000183105469,104.5999984741211,105.58000183105469,105.58000183105469,14260700,0.0,0.0,0.0
2026-08-03,105.72000122070312,106.08000183105469,105.54000091552734,106.0199966430664,106.0199966430664,9956800,0.0,0.0,0.0
2026-08-04,106.72000122070312,107.47000122070312,106.61000061035156,107.31999969482422,107.31999969482422,10410000,0.0,0.0,0.0
2026-08-05,107.98999786376953,108.0,107.4000015258789,107.43000030517578,107.43000030517578,9007600,0.0,0.0,0.0
2026-08-06,107.66000366210938,107.91000366210938,107.26000213623047,107.36000061035156,107.36000061035156,8510700,0.0,0.0,0.0
2026-08-07,108.75,108.76000213623047,108.19000244140625,108.55000305175781,108.55000305175781,9430900,0.0,0.0,0.0
2026-08-10,108.20999908447266,108.30999755859375,107.97000122070312,108.01000213623047,108.01000213623047,7015400,0.0,0.0,0.0
2026-08-11,108.44000244140625,108.62999725341797,107.87999725341797,108.08999633789062,108.08999633789062,6368300,0.0,0.0,0.0
2026-08-12,108.75,108.81999969482422,108.31999969482422,108.5,108.5,9901400,0.0,0.0,0.0
2026-08-13,108.66999816894531,108.88999938964844,108.51000213623047,108.69000244140625,108.69000244140625,7237900,0.0,0.0,0.0
2026-08-14,108.76000213623047,108.88999938964844,108.45999908447266,108.63999938964844,108.63999938964844,5660100,0.0,0.0,0.0
2026-08-17,108.66000366210938,108.87000274658203,108.3499984741211,108.44999694824219,108.44999694824219,9375500,0.0,0.0,0.0
2026-08-18,107.75,108.02999877929688,107.18000030517578,107.2699966430664,107.2699966430664,14561300,0.0,0.0,0.0
2026-08-19,107.87000274658203,108.06999969482422,107.41000366210938,107.66000366210938,107.66000366210938,10829600,0.0,0.0,0.0
2026-08-20,107.29000091552734,107.86000061035156,107.16000366210938,107.3499984741211,107.3499984741211,10578400,0.0,0.0,0.0
2026-08-21,108.12999725341797,108.37000274658203,108.05000305175781,108.23999786376953,108.23999786376953,9935600,0.0,0.0,0.0
2026-08-24,107.98999786376953,108.19000244140625,107.77999877929688,108.02999877929688,108.02999877929688,6095400,0.0,0.0,0.0
2026-08-25,108.51000213623047,108.83000183105469,108.23999786376953,108.80999755859375,108.80999755859375,6438700,0.0,0.0,0.0
2026-08-26,108.68000030517578,108.81999969482422,108.1500015258789,108.2699966430664,108.2699966430664,5219100,0.0,0.0,0.0
2026-08-27,108.04000091552734,108.13999938964844,107.61000061035156,108.0199966430664,108.0199966430664,5371900,0.0,0.0,0.0
2026-08-28,108.5199966430664,108.73999786376953,107.52999877929688,107.72000122070312,107.72000122070312,13244900,0.0,0.0,0.0
2026-08-31,108.04000091552734,108.06999969482422,107.2699966430664,107.44999694824219,107.44999694824219,9539200,0.0,0.0,0.0
