Date,Open,High,Low,Close,Adj Close,Volume,Dividends,Stock Splits,Capital Gains
2003-01-02,82.16000366210938,82.18000030517578,81.95999908447266,82.0,51.900020599365234,323800,0.0,0.0,0.0
2003-01-03,81.94000244140625,82.01000213623047,81.91000366210938,82.01000213623047,51.90637969970703,55100,0.0,0.0,0.0
2003-01-06,81.94999694824219,81.9800033569336,81.87000274658203,81.95999908447266,51.874752044677734,133000,0.0,0.0,0.0
2003-01-07,81.94000244140625,82.05999755859375,81.93000030517578,82.0199966430664,51.9127082824707,99900,0.0,0.0,0.0
2003-01-08,82.0999984741211,82.13999938964844,82.06999969482422,82.08999633789062,51.95698547363281,85000,0.0,0.0,0.0
2003-01-09,82.04000091552734,82.04000091552734,81.91000366210938,81.94000244140625,51.86207962036133,120500,0.0,0.0,0.0
2003-01-10,82.05999755859375,82.05999755859375,81.94000244140625,82.05000305175781,51.93170928955078,43700,0.0,0.0,0.0
2003-01-13,82.0199966430664,82.05999755859375,81.97000122070312,82.02999877929688,51.919002532958984,71500,0.0,0.0,0.0
2003-01-14,82.0999984741211,82.11000061035156,82.04000091552734,82.05999755859375,51.93801498413086,40700,0.0,0.0,0.0
2003-01-15,82.0999984741211,82.16999816894531,82.08999633789062,82.08999633789062,51.95698547363281,199300,0.0,0.0,0.0
2003-01-16,82.08999633789062,82.13999938964844,82.0199966430664,82.13999938964844,51.98863220214844,31300,0.0,0.0,0.0
2003-01-17,82.20999908447266,82.22000122070312,82.12000274658203,82.12000274658203,51.9759635925293,40300,0.0,0.0,0.0
2003-01-21,82.16000366210938,82.2300033569336,82.12999725341797,82.22000122070312,52.03926086425781,92800,0.0,0.0,0.0
2003-01-22,82.19999694824219,82.27999877929688,82.19999694824219,82.27999877929688,52.077274322509766,48100,0.0,0.0,0.0
2003-01-23,82.19999694824219,82.2699966430664,82.19999694824219,82.2300033569336,52.04560089111328,49700,0.0,0.0,0.0
2003-01-24,82.26000213623047,82.30000305175781,82.22000122070312,82.22000122070312,52.03926086425781,134500,0.0,0.0,0.0
2003-01-27,82.25,82.2699966430664,82.19000244140625,82.22000122070312,52.03926086425781,333200,0.0,0.0,0.0
2003-01-28,82.2300033569336,82.25,82.16999816894531,82.23999786376953,52.0518913269043,1039400,0.0,0.0,0.0
2003-01-29,82.26000213623047,82.2699966430664,82.13999938964844,82.16999816894531,52.007652282714844,27400,0.0,0.0,0.0
2003-01-30,82.16000366210938,82.2699966430664,82.1500015258789,82.2699966430664,52.070899963378906,138300,0.0,0.0,0.0
2003-01-31,82.27999877929688,82.27999877929688,82.19999694824219,82.25,52.05828857421875,136600,0.0,0.0,0.0
2003-02-03,82.08999633789062,82.11000061035156,82.05000305175781,82.08000183105469,52.027835845947266,94800,0.122,0.0,0.0
2003-02-04,82.16999816894531,82.18000030517578,82.12000274658203,82.16999816894531,52.084903717041016,85700,0.0,0.0,0.0
2003-02-05,82.16999816894531,82.19999694824219,82.0999984741211,82.13999938964844,52.06585693359375,27300,0.0,0.0,0.0
2003-02-06,82.19999694824219,82.20999908447266,82.1500015258789,82.18000030517578,52.09123611450195,66400,0.0,0.0,0.0
2003-02-07,82.16000366210938,82.26000213623047,82.12000274658203,82.25,52.1356201171875,70100,0.0,0.0,0.0
2003-02-10,82.23999786376953,82.25,82.1500015258789,82.19000244140625,52.097572326660156,60900,0.0,0.0,0.0
2003-02-11,82.12999725341797,82.2300033569336,82.12999725341797,82.22000122070312,52.11656188964844,59000,0.0,0.0,0.0
2003-02-12,82.23999786376953,82.30000305175781,82.2300033569336,82.29000091552734,52.16093063354492,77900,0.0,0.0,0.0
2003-02-13,82.30000305175781,82.37999725341797,82.2699966430664,82.36000061035156,52.20530319213867,63500,0.0,0.0,0.0
2003-02-14,82.29000091552734,82.33000183105469,82.25,82.29000091552734,52.16093063354492,152100,0.0,0.0,0.0
2003-02-18,82.23999786376953,82.2699966430664,82.19000244140625,82.26000213623047,52.14192199707031,155900,0.0,0.0,0.0
2003-02-19,82.27999877929688,82.33000183105469,82.25,82.30000305175781,52.16728210449219,76800,0.0,0.0,0.0
2003-02-20,82.27999877929688,82.36000061035156,82.27999877929688,82.3499984741211,52.19900894165039,50000,0.0,0.0,0.0
2003-02-21,82.30999755859375,82.36000061035156,82.2699966430664,82.27999877929688,52.154632568359375,76400,0.0,0.0,0.0
2003-02-24,82.33999633789062,82.3499984741211,82.29000091552734,82.31999969482422,52.179969787597656,103100,0.0,0.0,0.0
2003-02-25,82.37999725341797,82.41999816894531,82.33999633789062,82.37000274658203,52.211673736572266,84200,0.0,0.0,0.0
2003-02-26,82.4000015258789,82.41000366210938,82.36000061035156,82.41000366210938,52.237003326416016,151800,0.0,0.0,0.0
2003-02-27,82.4000015258789,82.41000366210938,82.33999633789062,82.41000366210938,52.237003326416016,57400,0.0,0.0,0.0
2003-02-28,82.37000274658203,82.44999694824219,82.33000183105469,82.44999694824219,52.26239013671875,57100,0.0,0.0,0.0
2003-03-03,82.2699966430664,82.37000274658203,82.2699966430664,82.37000274658203,52.279518127441406,47900,0.107,0.0,0.0
2003-03-04,82.33000183105469,82.41000366210938,82.33000183105469,82.36000061035156,52.2731819152832,51400,0.0,0.0,0.0
2003-03-05,82.44000244140625,82.4800033569336,82.4000015258789,82.43000030517578,52.317623138427734,60200,0.0,0.0,0.0
2003-03-06,82.47000122070312,82.47000122070312,82.37999725341797,82.45999908447266,52.33665466308594,69100,0.0,0.0,0.0
2003-03-07,82.58000183105469,82.58000183105469,82.4800033569336,82.54000091552734,52.38740921020508,149300,0.0,0.0,0.0
2003-03-10,82.55000305175781,82.62999725341797,82.55000305175781,82.62000274658203,52.43819046020508,64900,0.0,0.0,0.0
2003-03-11,82.58999633789062,82.5999984741211,82.52999877929688,82.55000305175781,52.3937873840332,75400,0.0,0.0,0.0
2003-03-12,82.4800033569336,82.54000091552734,82.45999908447266,82.48999786376953,52.35563659667969,59800,0.0,0.0,0.0
2003-03-13,82.36000061035156,82.38999938964844,82.23999786376953,82.23999786376953,52.19699478149414,68100,0.0,0.0,0.0
2003-03-14,82.30999755859375,82.37999725341797,82.29000091552734,82.31999969482422,52.24775314331055,338700,0.0,0.0,0.0
2003-03-17,82.44999694824219,82.44999694824219,82.19000244140625,82.22000122070312,52.184322357177734,133700,0.0,0.0,0.0
2003-03-18,82.22000122070312,82.29000091552734,82.12999725341797,82.1500015258789,52.13988494873047,126800,0.0,0.0,0.0
2003-03-19,82.19999694824219,82.19999694824219,82.12000274658203,82.12999725341797,52.127166748046875,62700,0.0,0.0,0.0
2003-03-20,82.18000030517578,82.25,82.12000274658203,82.2300033569336,52.19063949584961,93200,0.0,0.0,0.0
2003-03-21,82.13999938964844,82.1500015258789,82.0199966430664,82.0199966430664,52.05741882324219,131400,0.0,0.0,0.0
2003-03-24,82.18000030517578,82.2300033569336,82.16999816894531,82.19999694824219,52.171600341796875,54800,0.0,0.0,0.0
2003-03-25,82.2699966430664,82.2699966430664,82.12000274658203,82.19999694824219,52.171600341796875,31000,0.0,0.0,0.0
2003-03-26,82.19000244140625,82.30000305175781,82.19000244140625,82.30000305175781,52.235084533691406,62600,0.0,0.0,0.0
2003-03-27,82.33999633789062,82.37000274658203,82.27999877929688,82.31999969482422,52.24775314331055,47700,0.0,0.0,0.0
2003-03-28,82.41999816894531,82.43000030517578,82.36000061035156,82.43000030517578,52.317623138427734,88700,0.0,0.0,0.0
2003-03-31,82.5,82.52999877929688,82.44999694824219,82.48999786376953,52.35563659667969,86900,0.0,0.0,0.0
2003-04-01,82.33000183105469,82.4000015258789,82.29000091552734,82.36000061035156,52.34421157836914,41300,0.112,0.0,0.0
2003-04-02,82.27999877929688,82.30000305175781,82.20999908447266,82.2699966430664,52.28703689575195,171700,0.0,0.0,0.0
2003-04-03,82.23999786376953,82.3499984741211,82.23999786376953,82.31999969482422,52.318817138671875,298000,0.0,0.0,0.0
2003-04-04,82.3499984741211,82.37999725341797,82.29000091552734,82.30000305175781,52.30608367919922,71700,0.0,0.0,0.0
2003-04-07,82.16999816894531,82.25,82.13999938964844,82.25,52.27434539794922,83600,0.0,0.0,0.0
2003-04-08,82.23999786376953,82.33000183105469,82.23999786376953,82.33000183105469,52.32517623901367,116800,0.0,0.0,0.0
2003-04-09,82.29000091552734,82.37999725341797,82.27999877929688,82.37999725341797,52.35688018798828,164800,0.0,0.0,0.0
2003-04-10,82.33000183105469,82.37000274658203,82.2699966430664,82.2699966430664,52.28703689575195,32100,0.0,0.0,0.0
2003-04-11,82.19999694824219,82.2699966430664,82.1500015258789,82.2300033569336,52.261619567871094,270100,0.0,0.0,0.0
2003-04-14,82.1500015258789,82.18000030517578,82.0999984741211,82.16000366210938,52.217098236083984,261700,0.0,0.0,0.0
2003-04-15,82.19000244140625,82.25,82.1500015258789,82.22000122070312,52.255287170410156,91500,0.0,0.0,0.0
2003-04-16,82.16000366210938,82.25,82.16000366210938,82.2300033569336,52.261619567871094,101300,0.0,0.0,0.0
2003-04-17,82.2699966430664,82.27999877929688,82.1500015258789,82.16000366210938,52.217098236083984,106800,0.0,0.0,0.0
2003-04-21,82.16000366210938,82.20999908447266,82.11000061035156,82.20999908447266,52.2489128112793,37800,0.0,0.0,0.0
2003-04-22,82.25,82.2699966430664,82.18000030517578,82.19999694824219,52.24256134033203,225400,0.0,0.0,0.0
2003-04-23,82.26000213623047,82.2699966430664,82.19999694824219,82.26000213623047,52.280643463134766,145700,0.0,0.0,0.0
2003-04-24,82.30999755859375,82.37000274658203,82.30000305175781,82.33999633789062,52.33150863647461,45300,0.0,0.0,0.0
2003-04-25,82.37000274658203,82.43000030517578,82.33999633789062,82.41999816894531,52.382347106933594,346200,0.0,0.0,0.0
2003-04-28,82.41999816894531,82.44000244140625,82.3499984741211,82.4000015258789,52.36960220336914,164700,0.0,0.0,0.0
2003-04-29,82.36000061035156,82.37999725341797,82.30999755859375,82.33999633789062,52.33150863647461,68200,0.0,0.0,0.0
2003-04-30,82.38999938964844,82.5199966430664,82.37000274658203,82.51000213623047,52.4395637512207,81600,0.0,0.0,0.0
2003-05-01,82.41999816894531,82.45999908447266,82.36000061035156,82.37999725341797,52.43954086303711,90700,0.13,0.0,0.0
2003-05-02,82.41000366210938,82.41000366210938,82.29000091552734,82.29000091552734,52.38227844238281,68400,0.0,0.0,0.0
2003-05-05,82.29000091552734,82.36000061035156,82.26000213623047,82.3499984741211,52.420433044433594,120700,0.0,0.0,0.0
2003-05-06,82.30000305175781,82.47000122070312,82.2300033569336,82.47000122070312,52.49687576293945,107400,0.0,0.0,0.0
2003-05-07,82.47000122070312,82.48999786376953,82.41999816894531,82.48999786376953,52.50954818725586,48200,0.0,0.0,0.0
2003-05-08,82.5,82.5,82.4000015258789,82.44999694824219,52.48411560058594,81900,0.0,0.0,0.0
2003-05-09,82.41000366210938,82.47000122070312,82.38999938964844,82.43000030517578,52.471397399902344,213900,0.0,0.0,0.0
2003-05-12,82.47000122070312,82.5199966430664,82.43000030517578,82.48999786376953,52.50954818725586,94800,0.0,0.0,0.0
2003-05-13,82.47000122070312,82.47000122070312,82.41000366210938,82.47000122070312,52.49687576293945,62600,0.0,0.0,0.0
2003-05-14,82.5,82.55999755859375,82.47000122070312,82.5199966430664,52.5286865234375,50500,0.0,0.0,0.0
2003-05-15,82.44000244140625,82.5199966430664,82.44000244140625,82.48999786376953,52.50954818725586,107600,0.0,0.0,0.0
2003-05-16,82.52999877929688,82.5999984741211,82.48999786376953,82.58000183105469,52.56685256958008,50000,0.0,0.0,0.0
2003-05-19,82.66999816894531,82.66999816894531,82.5999984741211,82.5999984741211,52.57960891723633,68700,0.0,0.0,0.0
2003-05-20,82.56999969482422,82.70999908447266,82.56999969482422,82.70999908447266,52.64964294433594,104800,0.0,0.0,0.0
2003-05-21,82.56999969482422,82.69000244140625,82.56999969482422,82.5999984741211,52.57960891723633,40400,0.0,0.0,0.0
2003-05-22,82.66999816894531,82.66999816894531,82.5999984741211,82.62999725341797,52.59870910644531,45500,0.0,0.0,0.0
2003-05-23,82.6500015258789,82.66999816894531,82.5999984741211,82.66000366210938,52.61779022216797,48400,0.0,0.0,0.0
2003-05-27,82.66000366210938,82.68000030517578,82.58999633789062,82.62999725341797,52.59870910644531,79100,0.0,0.0,0.0
2003-05-28,82.61000061035156,82.69000244140625,82.5999984741211,82.68000030517578,52.630531311035156,51200,0.0,0.0,0.0
2003-05-29,82.69000244140625,82.7300033569336,82.6500015258789,82.70999908447266,52.64964294433594,57400,0.0,0.0,0.0
2003-05-30,82.68000030517578,82.69000244140625,82.62000274658203,82.68000030517578,52.630531311035156,191900,0.0,0.0,0.0
2003-06-02,82.54000091552734,82.56999969482422,82.5,82.52999877929688,52.60309982299805,100300,0.107,0.0,0.0
2003-06-03,82.5999984741211,82.7300033569336,82.56999969482422,82.69000244140625,52.705135345458984,52700,0.0,0.0,0.0
2003-06-04,82.77999877929688,82.77999877929688,82.70999908447266,82.76000213623047,52.749717712402344,104100,0.0,0.0,0.0
2003-06-05,82.75,82.80000305175781,82.66999816894531,82.70999908447266,52.71784973144531,96100,0.0,0.0,0.0
2003-06-06,82.62000274658203,82.69999694824219,82.5999984741211,82.69000244140625,52.705135345458984,156100,0.0,0.0,0.0
2003-06-09,82.7699966430664,82.80000305175781,82.72000122070312,82.80000305175781,52.77521514892578,105900,0.0,0.0,0.0
2003-06-10,82.8499984741211,82.88999938964844,82.80000305175781,82.88999938964844,52.832618713378906,49100,0.0,0.0,0.0
2003-06-11,82.87999725341797,82.87999725341797,82.80999755859375,82.83000183105469,52.79435348510742,147300,0.0,0.0,0.0
2003-06-12,82.8499984741211,82.91999816894531,82.80999755859375,82.87999725341797,52.826236724853516,208400,0.0,0.0,0.0
2003-06-13,82.91999816894531,82.9800033569336,82.87000274658203,82.94999694824219,52.8707389831543,115700,0.0,0.0,0.0
2003-06-16,82.93000030517578,82.94000244140625,82.81999969482422,82.8499984741211,52.80707931518555,141300,0.0,0.0,0.0
2003-06-17,82.80000305175781,82.80000305175781,82.70999908447266,82.7300033569336,52.730587005615234,163700,0.0,0.0,0.0
2003-06-18,82.7300033569336,82.80000305175781,82.70999908447266,82.73999786376953,52.736961364746094,106600,0.0,0.0,0.0
2003-06-19,82.80999755859375,82.87000274658203,82.76000213623047,82.81999969482422,52.78800582885742,145300,0.0,0.0,0.0
2003-06-20,82.80000305175781,82.83999633789062,82.7699966430664,82.80000305175781,52.77521514892578,87900,0.0,0.0,0.0
2003-06-23,82.8499984741211,82.87999725341797,82.80999755859375,82.87999725341797,52.826236724853516,84900,0.0,0.0,0.0
2003-06-24,82.91999816894531,82.94999694824219,82.87000274658203,82.94000244140625,52.86445999145508,211300,0.0,0.0,0.0
2003-06-25,83.02999877929688,83.04000091552734,82.72000122070312,82.7699966430664,52.75611877441406,818400,0.0,0.0,0.0
2003-06-26,82.76000213623047,82.76000213623047,82.55999755859375,82.62000274658203,52.66048812866211,177200,0.0,0.0,0.0
2003-06-27,82.6500015258789,82.6500015258789,82.5199966430664,82.63999938964844,52.67319869995117,137300,0.0,0.0,0.0
2003-06-30,82.58999633789062,82.72000122070312,82.58999633789062,82.70999908447266,52.71784973144531,225300,0.0,0.0,0.0
2003-07-01,82.56999969482422,82.69000244140625,82.55000305175781,82.61000061035156,52.7191276550293,105900,0.102,0.0,0.0
2003-07-02,82.55000305175781,82.66000366210938,82.51000213623047,82.6500015258789,52.74462890625,72100,0.0,0.0,0.0
2003-07-03,82.68000030517578,82.68000030517578,82.55999755859375,82.55999755859375,52.68724060058594,160900,0.0,0.0,0.0
2003-07-07,82.55999755859375,82.55999755859375,82.5,82.54000091552734,52.6744384765625,109500,0.0,0.0,0.0
2003-07-08,82.5199966430664,82.56999969482422,82.47000122070312,82.51000213623047,52.6552848815918,108700,0.0,0.0,0.0
2003-07-09,82.51000213623047,82.58000183105469,82.51000213623047,82.52999877929688,52.66806411743164,66600,0.0,0.0,0.0
2003-07-10,82.54000091552734,82.61000061035156,82.54000091552734,82.5999984741211,52.71270751953125,282900,0.0,0.0,0.0
2003-07-11,82.54000091552734,82.66000366210938,82.54000091552734,82.62999725341797,52.73188400268555,47700,0.0,0.0,0.0
2003-07-14,82.62999725341797,82.6500015258789,82.55000305175781,82.55999755859375,52.68724060058594,134100,0.0,0.0,0.0
2003-07-15,82.55000305175781,82.58000183105469,82.41000366210938,82.45999908447266,52.62339401245117,136700,0.0,0.0,0.0
2003-07-16,82.37999725341797,82.48999786376953,82.37000274658203,82.47000122070312,52.629817962646484,104100,0.0,0.0,0.0
2003-07-17,82.44000244140625,82.47000122070312,82.38999938964844,82.41999816894531,52.59783935546875,84900,0.0,0.0,0.0
2003-07-18,82.44999694824219,82.47000122070312,82.37999725341797,82.41000366210938,52.591522216796875,116000,0.0,0.0,0.0
2003-07-21,82.36000061035156,82.4000015258789,82.25,82.2699966430664,52.50214767456055,96000,0.0,0.0,0.0
2003-07-22,82.31999969482422,82.36000061035156,82.27999877929688,82.3499984741211,52.55319595336914,146900,0.0,0.0,0.0
2003-07-23,82.43000030517578,82.47000122070312,82.38999938964844,82.38999938964844,52.57875061035156,221600,0.0,0.0,0.0
2003-07-24,82.33999633789062,82.41999816894531,82.33999633789062,82.37999725341797,52.57234573364258,111900,0.0,0.0,0.0
2003-07-25,82.37999725341797,82.47000122070312,82.37999725341797,82.41999816894531,52.59783935546875,86500,0.0,0.0,0.0
2003-07-28,82.30999755859375,82.37000274658203,82.30000305175781,82.30999755859375,52.527687072753906,86400,0.0,0.0,0.0
2003-07-29,82.30000305175781,82.44000244140625,82.20999908447266,82.23999786376953,52.48297882080078,120500,0.0,0.0,0.0
2003-07-30,82.29000091552734,82.37999725341797,82.2699966430664,82.27999877929688,52.50852966308594,59000,0.0,0.0,0.0
2003-07-31,82.23999786376953,82.2699966430664,82.02999877929688,82.19000244140625,52.451107025146484,130700,0.0,0.0,0.0
2003-08-01,81.9000015258789,82.0999984741211,81.87999725341797,82.0,52.39486312866211,276500,0.102,0.0,0.0
2003-08-04,81.9800033569336,82.16999816894531,81.9800033569336,82.12999725341797,52.477962493896484,127300,0.0,0.0,0.0
2003-08-05,82.16000366210938,82.16000366210938,81.9000015258789,81.9800033569336,52.38206481933594,124500,0.0,0.0,0.0
2003-08-06,81.94000244140625,82.0999984741211,81.94000244140625,82.05999755859375,52.43320846557617,80000,0.0,0.0,0.0
2003-08-07,82.12000274658203,82.1500015258789,82.0199966430664,82.1500015258789,52.49073028564453,99100,0.0,0.0,0.0
2003-08-08,82.19999694824219,82.26000213623047,82.13999938964844,82.16999816894531,52.50348663330078,187100,0.0,0.0,0.0
2003-08-11,82.13999938964844,82.13999938964844,82.02999877929688,82.05999755859375,52.43320846557617,84800,0.0,0.0,0.0
2003-08-12,82.0999984741211,82.20999908447266,82.05000305175781,82.19999694824219,52.52267074584961,46100,0.0,0.0,0.0
2003-08-13,82.08999633789062,82.11000061035156,82.0,82.04000091552734,52.42041778564453,83200,0.0,0.0,0.0
2003-08-14,81.97000122070312,82.04000091552734,81.94000244140625,82.0199966430664,52.407615661621094,134600,0.0,0.0,0.0
2003-08-15,82.0999984741211,82.19999694824219,82.05000305175781,82.08000183105469,52.44597244262695,21100,0.0,0.0,0.0
2003-08-18,82.12000274658203,82.12000274658203,82.01000213623047,82.06999969482422,52.43960952758789,134100,0.0,0.0,0.0
2003-08-19,82.04000091552734,82.16999816894531,81.9800033569336,82.16999816894531,52.50348663330078,88900,0.0,0.0,0.0
2003-08-20,82.13999938964844,82.18000030517578,82.05999755859375,82.11000061035156,52.46515655517578,81200,0.0,0.0,0.0
2003-08-21,82.08000183105469,82.0999984741211,81.87999725341797,81.98999786376953,52.38846206665039,99200,0.0,0.0,0.0
2003-08-22,81.87999725341797,82.0199966430664,81.87999725341797,81.97000122070312,52.37570571899414,174500,0.0,0.0,0.0
2003-08-25,82.0,82.01000213623047,81.91000366210938,81.93000030517578,52.35015869140625,77100,0.0,0.0,0.0
2003-08-26,81.91999816894531,82.0199966430664,81.87999725341797,82.0199966430664,52.407615661621094,350400,0.0,0.0,0.0
2003-08-27,82.02999877929688,82.02999877929688,81.9000015258789,81.94000244140625,52.35647201538086,43300,0.0,0.0,0.0
2003-08-28,82.0199966430664,82.11000061035156,81.98999786376953,82.05999755859375,52.43320846557617,91000,0.0,0.0,0.0
2003-08-29,82.06999969482422,82.06999969482422,81.98999786376953,82.05000305175781,52.42679977416992,156800,0.0,0.0,0.0
2003-09-02,81.86000061035156,81.91000366210938,81.81999969482422,81.83999633789062,52.358375549316406,378800,0.103,0.0,0.0
2003-09-03,81.8499984741211,81.9000015258789,81.83000183105469,81.9000015258789,52.396759033203125,117700,0.0,0.0,0.0
2003-09-04,81.94000244140625,82.05000305175781,81.91999816894531,82.01000213623047,52.46714782714844,79900,0.0,0.0,0.0
2003-09-05,82.22000122070312,82.30000305175781,82.1500015258789,82.29000091552734,52.64625549316406,66800,0.0,0.0,0.0
2003-09-08,82.2300033569336,82.4000015258789,82.19000244140625,82.19000244140625,52.5822868347168,194400,0.0,0.0,0.0
2003-09-09,82.27999877929688,82.33000183105469,82.19999694824219,82.33000183105469,52.6718635559082,102100,0.0,0.0,0.0
2003-09-10,82.3499984741211,82.41999816894531,82.30999755859375,82.37999725341797,52.703826904296875,91000,0.0,0.0,0.0
2003-09-11,82.31999969482422,82.36000061035156,82.30000305175781,82.31999969482422,52.665428161621094,75800,0.0,0.0,0.0
2003-09-12,82.44999694824219,82.48999786376953,82.37000274658203,82.38999938964844,52.71023178100586,222200,0.0,0.0,0.0
2003-09-15,82.4000015258789,82.4800033569336,82.3499984741211,82.47000122070312,52.761451721191406,66200,0.0,0.0,0.0
2003-09-16,82.5,82.5,82.38999938964844,82.4800033569336,52.7678108215332,102200,0.0,0.0,0.0
2003-09-17,82.47000122070312,82.52999877929688,82.41999816894531,82.47000122070312,52.761451721191406,86400,0.0,0.0,0.0
2003-09-18,82.44999694824219,82.44999694824219,82.3499984741211,82.38999938964844,52.71023178100586,192800,0.0,0.0,0.0
2003-09-19,82.37999725341797,82.41000366210938,82.31999969482422,82.38999938964844,52.71023178100586,59500,0.0,0.0,0.0
2003-09-22,82.37000274658203,82.43000030517578,82.29000091552734,82.41999816894531,52.72938919067383,86700,0.0,0.0,0.0
2003-09-23,82.38999938964844,82.44000244140625,82.33999633789062,82.44000244140625,52.74223327636719,265000,0.0,0.0,0.0
2003-09-24,82.41000366210938,82.51000213623047,82.37000274658203,82.48999786376953,52.77418518066406,62400,0.0,0.0,0.0
2003-09-25,82.48999786376953,82.52999877929688,82.44999694824219,82.5,52.78060531616211,103100,0.0,0.0,0.0
2003-09-26,82.5199966430664,82.5999984741211,82.4800033569336,82.5999984741211,52.84456253051758,76100,0.0,0.0,0.0
2003-09-29,82.58999633789062,82.61000061035156,82.52999877929688,82.55999755859375,52.818965911865234,159300,0.0,0.0,0.0
2003-09-30,82.62000274658203,82.7300033569336,82.58000183105469,82.7300033569336,52.927703857421875,92900,0.0,0.0,0.0
2003-10-01,82.62000274658203,82.68000030517578,82.5999984741211,82.6500015258789,52.936073303222656,115000,0.093,0.0,0.0
2003-10-02,82.55000305175781,82.66000366210938,82.52999877929688,82.6500015258789,52.936073303222656,93500,0.0,0.0,0.0
2003-10-03,82.44000244140625,82.47000122070312,82.37999725341797,82.44000244140625,52.80157470703125,134300,0.0,0.0,0.0
2003-10-06,82.37999725341797,82.51000213623047,82.37999725341797,82.5,52.84000778198242,98900,0.0,0.0,0.0
2003-10-07,82.5,82.5,82.4000015258789,82.41999816894531,52.78874588012695,171400,0.0,0.0,0.0
2003-10-08,82.4000015258789,82.48999786376953,82.4000015258789,82.41999816894531,52.78874588012695,71900,0.0,0.0,0.0
2003-10-09,82.36000061035156,82.41000366210938,82.3499984741211,82.41000366210938,52.7823600769043,143600,0.0,0.0,0.0
2003-10-10,82.4800033569336,82.48999786376953,82.41000366210938,82.45999908447266,52.814369201660156,212200,0.0,0.0,0.0
2003-10-13,82.44999694824219,82.47000122070312,82.4000015258789,82.47000122070312,52.82082748413086,165500,0.0,0.0,0.0
2003-10-14,82.37000274658203,82.41999816894531,82.33999633789062,82.38999938964844,52.76955795288086,59900,0.0,0.0,0.0
2003-10-15,82.30000305175781,82.31999969482422,82.26000213623047,82.29000091552734,52.705528259277344,82300,0.0,0.0,0.0
2003-10-16,82.33000183105469,82.33999633789062,82.06999969482422,82.0999984741211,52.583778381347656,121800,0.0,0.0,0.0
2003-10-17,82.12000274658203,82.19999694824219,82.08000183105469,82.19999694824219,52.647884368896484,118200,0.0,0.0,0.0
2003-10-20,82.13999938964844,82.25,82.0999984741211,82.20999908447266,52.654258728027344,185700,0.0,0.0,0.0
2003-10-21,82.26000213623047,82.27999877929688,82.19000244140625,82.2300033569336,52.66709518432617,126400,0.0,0.0,0.0
2003-10-22,82.26000213623047,82.36000061035156,82.22000122070312,82.31999969482422,52.72472381591797,95300,0.0,0.0,0.0
2003-10-23,82.30999755859375,82.33999633789062,82.2300033569336,82.30000305175781,52.711891174316406,102000,0.0,0.0,0.0
2003-10-24,82.3499984741211,82.41000366210938,82.30000305175781,82.4000015258789,52.77593994140625,70700,0.0,0.0,0.0
2003-10-27,82.3499984741211,82.36000061035156,82.30000305175781,82.30999755859375,52.71833419799805,120100,0.0,0.0,0.0
2003-10-28,82.25,82.47000122070312,82.22000122070312,82.44999694824219,52.80796432495117,97600,0.0,0.0,0.0
2003-10-29,82.37999725341797,82.5,82.33999633789062,82.36000061035156,52.750328063964844,216500,0.0,0.0,0.0
2003-10-30,82.27999877929688,82.31999969482422,82.23999786376953,82.29000091552734,52.705528259277344,117500,0.0,0.0,0.0
2003-10-31,82.31999969482422,82.3499984741211,82.27999877929688,82.30000305175781,52.711891174316406,73900,0.0,0.0,0.0
2003-11-03,82.12999725341797,82.16999816894531,82.06999969482422,82.13999938964844,52.68049621582031,378300,0.111,0.0,0.0
2003-11-04,82.1500015258789,82.20999908447266,82.1500015258789,82.19999694824219,52.718971252441406,89900,0.0,0.0,0.0
2003-11-05,82.19999694824219,82.20999908447266,82.08000183105469,82.12000274658203,52.667633056640625,309100,0.0,0.0,0.0
2003-11-06,82.0199966430664,82.05999755859375,82.0,82.02999877929688,52.60995864868164,120900,0.0,0.0,0.0
2003-11-07,81.91999816894531,81.9800033569336,81.88999938964844,81.95999908447266,52.5650634765625,81900,0.0,0.0,0.0
2003-11-10,82.0,82.02999877929688,81.91000366210938,81.9800033569336,52.577857971191406,180300,0.0,0.0,0.0
2003-11-11,81.9000015258789,81.98999786376953,81.88999938964844,81.9800033569336,52.577857971191406,167300,0.0,0.0,0.0
2003-11-12,82.01000213623047,82.02999877929688,81.9800033569336,82.02999877929688,52.60995864868164,66200,0.0,0.0,0.0
2003-11-13,82.1500015258789,82.20999908447266,82.0999984741211,82.20999908447266,52.725372314453125,83800,0.0,0.0,0.0
2003-11-14,82.25,82.30999755859375,82.19999694824219,82.30999755859375,52.789520263671875,110200,0.0,0.0,0.0
2003-11-17,82.33999633789062,82.4000015258789,82.31999969482422,82.36000061035156,52.821598052978516,93000,0.0,0.0,0.0
2003-11-18,82.27999877929688,82.37000274658203,82.25,82.37000274658203,52.82798385620117,102300,0.0,0.0,0.0
2003-11-19,82.38999938964844,82.4000015258789,82.22000122070312,82.22000122070312,52.73182678222656,125300,0.0,0.0,0.0
2003-11-20,82.37999725341797,82.37999725341797,82.26000213623047,82.37999725341797,52.834373474121094,102200,0.0,0.0,0.0
2003-11-21,82.3499984741211,82.43000030517578,82.33000183105469,82.3499984741211,52.81516647338867,111100,0.0,0.0,0.0
2003-11-24,82.30000305175781,82.30999755859375,82.20999908447266,82.23999786376953,52.74462127685547,99300,0.0,0.0,0.0
2003-11-25,82.2699966430664,82.3499984741211,82.2300033569336,82.33000183105469,52.802371978759766,165400,0.0,0.0,0.0
2003-11-26,82.2699966430664,82.30000305175781,82.19999694824219,82.23999786376953,52.74462127685547,150100,0.0,0.0,0.0
2003-11-28,82.16000366210938,82.16000366210938,82.11000061035156,82.13999938964844,52.68049621582031,57800,0.0,0.0,0.0
2003-12-01,81.94000244140625,81.94999694824219,81.86000061035156,81.91999816894531,52.60852813720703,158100,0.108,0.0,0.0
2003-12-02,81.97000122070312,82.01000213623047,81.87000274658203,82.01000213623047,52.6663703918457,220300,0.0,0.0,0.0
2003-12-03,82.01000213623047,82.05000305175781,81.91000366210938,81.94000244140625,52.62137222290039,254000,0.0,0.0,0.0
2003-12-04,81.9800033569336,82.04000091552734,81.94000244140625,82.0199966430664,52.672760009765625,76600,0.0,0.0,0.0
2003-12-05,82.23999786376953,82.30999755859375,82.18000030517578,82.27999877929688,52.83975601196289,105300,0.0,0.0,0.0
2003-12-08,82.27999877929688,82.27999877929688,82.18000030517578,82.19000244140625,52.781917572021484,110300,0.0,0.0,0.0
2003-12-09,82.26000213623047,82.30000305175781,82.04000091552734,82.13999938964844,52.749847412109375,92300,0.0,0.0,0.0
2003-12-10,82.22000122070312,82.25,82.1500015258789,82.23999786376953,52.81407928466797,489600,0.0,0.0,0.0
2003-12-11,82.20999908447266,82.43000030517578,82.16999816894531,82.41000366210938,52.9232063293457,214900,0.0,0.0,0.0
2003-12-12,82.44999694824219,82.48999786376953,82.3499984741211,82.38999938964844,52.910377502441406,113700,0.0,0.0,0.0
2003-12-15,82.37000274658203,82.41999816894531,82.30000305175781,82.37000274658203,52.89754867553711,139300,0.0,0.0,0.0
2003-12-16,82.38999938964844,82.41999816894531,82.31999969482422,82.41999816894531,53.14577102661133,107800,0.335,0.0,0.0
2003-12-17,82.4800033569336,82.48999786376953,82.38999938964844,82.43000030517578,53.152252197265625,130900,0.0,0.0,0.0
2003-12-18,82.41000366210938,82.44999694824219,82.33000183105469,82.44999694824219,53.16516876220703,134000,0.0,0.0,0.0
2003-12-19,82.41000366210938,82.5,82.37000274658203,82.47000122070312,53.17803955078125,97400,0.0,0.0,0.0
2003-12-22,82.5,82.51000213623047,82.37000274658203,82.41999816894531,53.14577102661133,81700,0.0,0.0,0.0
2003-12-23,82.4000015258789,82.4000015258789,82.2699966430664,82.29000091552734,53.062007904052734,121500,0.0,0.0,0.0
2003-12-24,82.41999816894531,82.4800033569336,82.4000015258789,82.4800033569336,53.18449783325195,97600,0.0,0.0,0.0
2003-12-26,82.52999877929688,82.55000305175781,82.5,82.55000305175781,53.22965621948242,151300,0.0,0.0,0.0
2003-12-29,82.5199966430664,82.5199966430664,82.43000030517578,82.44000244140625,53.15868377685547,101300,0.0,0.0,0.0
2003-12-30,82.44000244140625,82.52999877929688,82.41000366210938,82.4800033569336,53.18449783325195,97000,0.0,0.0,0.0
2003-12-31,82.38999938964844,82.4800033569336,82.3499984741211,82.47000122070312,53.252952575683594,191000,0.116,0.0,0.0
2004-01-02,82.37000274658203,82.37000274658203,82.19999694824219,82.2699966430664,53.1237907409668,142700,0.0,0.0,0.0
2004-01-05,82.25,82.27999877929688,82.19999694824219,82.27999877929688,53.13026809692383,272400,0.0,0.0,0.0
2004-01-06,82.29000091552734,82.43000030517578,82.29000091552734,82.37999725341797,53.194801330566406,243500,0.0,0.0,0.0
2004-01-07,82.4000015258789,82.47000122070312,82.37000274658203,82.44000244140625,53.233543395996094,115400,0.0,0.0,0.0
2004-01-08,82.41999816894531,82.45999908447266,82.4000015258789,82.44999694824219,53.240055084228516,104200,0.0,0.0,0.0
2004-01-09,82.62999725341797,82.69999694824219,82.5999984741211,82.6500015258789,53.36916732788086,196600,0.0,0.0,0.0
2004-01-12,82.66999816894531,82.7699966430664,82.63999938964844,82.69999694824219,53.40144729614258,116900,0.0,0.0,0.0
2004-01-13,82.69999694824219,82.80000305175781,82.66000366210938,82.80000305175781,53.46607208251953,160000,0.0,0.0,0.0
2004-01-14,82.75,82.80999755859375,82.70999908447266,82.72000122070312,53.41433334350586,252400,0.0,0.0,0.0
2004-01-15,82.69999694824219,82.7300033569336,82.66000366210938,82.70999908447266,53.40790557861328,279800,0.0,0.0,0.0
2004-01-16,82.72000122070312,82.76000213623047,82.6500015258789,82.6500015258789,53.36916732788086,111700,0.0,0.0,0.0
2004-01-20,82.66999816894531,82.72000122070312,82.62000274658203,82.69000244140625,53.39500427246094,288600,0.0,0.0,0.0
2004-01-21,82.69000244140625,82.73999786376953,82.66999816894531,82.73999786376953,53.427276611328125,267700,0.0,0.0,0.0
2004-01-22,82.73999786376953,82.80000305175781,82.69999694824219,82.80000305175781,53.46607208251953,237500,0.0,0.0,0.0
2004-01-23,82.80000305175781,82.83000183105469,82.66000366210938,82.68000030517578,53.38857650756836,113100,0.0,0.0,0.0
2004-01-26,82.69999694824219,82.69999694824219,82.62000274658203,82.62000274658203,53.34980773925781,421700,0.0,0.0,0.0
2004-01-27,82.62999725341797,82.73999786376953,82.62999725341797,82.72000122070312,53.41433334350586,137100,0.0,0.0,0.0
2004-01-28,82.73999786376953,82.80000305175781,82.30999755859375,82.51000213623047,53.27875518798828,221000,0.0,0.0,0.0
2004-01-29,82.52999877929688,82.52999877929688,82.41999816894531,82.52999877929688,53.291648864746094,353000,0.0,0.0,0.0
2004-01-30,82.58000183105469,82.58999633789062,82.51000213623047,82.56999969482422,53.317466735839844,108400,0.0,0.0,0.0
2004-02-02,82.45999908447266,82.51000213623047,82.41999816894531,82.4800033569336,53.33625030517578,240100,0.119,0.0,0.0
2004-02-03,82.4800033569336,82.55999755859375,82.4800033569336,82.55999755859375,53.38796615600586,148600,0.0,0.0,0.0
2004-02-04,82.52999877929688,82.55000305175781,82.5,82.51000213623047,53.355674743652344,94100,0.0,0.0,0.0
2004-02-05,82.52999877929688,82.55000305175781,82.41000366210938,82.44999694824219,53.31684494018555,256600,0.0,0.0,0.0
2004-02-06,82.58999633789062,82.58999633789062,82.54000091552734,82.58000183105469,53.40092468261719,177600,0.0,0.0,0.0
2004-02-09,82.5,82.61000061035156,82.5,82.61000061035156,53.42033767700195,96000,0.0,0.0,0.0
2004-02-10,82.56999969482422,82.56999969482422,82.5,82.5,53.34916305541992,236500,0.0,0.0,0.0
2004-02-11,82.47000122070312,82.69999694824219,82.47000122070312,82.62999725341797,53.43323516845703,510900,0.0,0.0,0.0
2004-02-12,82.66000366210938,82.68000030517578,82.62000274658203,82.66000366210938,53.45262908935547,167400,0.0,0.0,0.0
2004-02-13,82.72000122070312,82.77999877929688,82.69000244140625,82.77999877929688,53.53022003173828,133900,0.0,0.0,0.0
2004-02-17,82.73999786376953,82.75,82.69000244140625,82.70999908447266,53.48499298095703,129700,0.0,0.0,0.0
2004-02-18,82.77999877929688,82.77999877929688,82.69000244140625,82.72000122070312,53.49148178100586,122100,0.0,0.0,0.0
2004-02-19,82.69999694824219,82.76000213623047,82.68000030517578,82.76000213623047,53.51731872558594,153200,0.0,0.0,0.0
2004-02-20,82.72000122070312,82.72000122070312,82.63999938964844,82.66999816894531,53.45909118652344,124900,0.0,0.0,0.0
2004-02-23,82.69999694824219,82.76000213623047,82.68000030517578,82.75,53.51088333129883,133500,0.0,0.0,0.0
2004-02-24,82.76000213623047,82.80000305175781,82.72000122070312,82.76000213623047,53.51731872558594,156300,0.0,0.0,0.0
2004-02-25,82.80000305175781,82.81999969482422,82.76000213623047,82.81999969482422,53.5561408996582,119900,0.0,0.0,0.0
2004-02-26,82.80000305175781,82.81999969482422,82.76000213623047,82.79000091552734,53.536685943603516,227000,0.0,0.0,0.0
2004-02-27,82.80000305175781,82.8499984741211,82.79000091552734,82.8499984741211,53.57552719116211,148600,0.0,0.0,0.0
2004-03-01,82.73999786376953,82.73999786376953,82.6500015258789,82.70999908447266,53.55805206298828,175900,0.113,0.0,0.0
2004-03-02,82.69000244140625,82.69000244140625,82.56999969482422,82.62999725341797,53.50625991821289,218800,0.0,0.0,0.0
2004-03-03,82.55000305175781,82.61000061035156,82.51000213623047,82.56999969482422,53.46741485595703,188400,0.0,0.0,0.0
2004-03-04,82.58999633789062,82.6500015258789,82.54000091552734,82.63999938964844,53.51272201538086,191500,0.0,0.0,0.0
2004-03-05,82.87999725341797,82.88999938964844,82.81999969482422,82.81999969482422,53.629268646240234,451000,0.0,0.0,0.0
2004-03-08,82.94000244140625,82.95999908447266,82.88999938964844,82.94999694824219,53.71337127685547,152600,0.0,0.0,0.0
2004-03-09,82.94999694824219,83.0,82.91000366210938,83.0,53.74578094482422,114500,0.0,0.0,0.0
2004-03-10,82.93000030517578,82.98999786376953,82.91999816894531,82.94999694824219,53.71337127685547,251200,0.0,0.0,0.0
2004-03-11,83.0199966430664,83.02999877929688,82.9000015258789,83.0199966430664,53.7588005065918,162900,0.0,0.0,0.0
2004-03-12,83.0,83.0199966430664,82.93000030517578,82.95999908447266,53.71992492675781,133200,0.0,0.0,0.0
2004-03-15,82.94999694824219,82.97000122070312,82.88999938964844,82.91999816894531,53.69403839111328,141700,0.0,0.0,0.0
2004-03-16,82.91999816894531,83.02999877929688,82.87000274658203,82.9800033569336,53.732872009277344,165600,0.0,0.0,0.0
2004-03-17,83.04000091552734,83.04000091552734,82.97000122070312,82.9800033569336,53.732872009277344,147100,0.0,0.0,0.0
2004-03-18,82.9800033569336,83.0199966430664,82.91000366210938,82.94999694824219,53.71337127685547,455600,0.0,0.0,0.0
2004-03-19,82.9800033569336,83.0,82.93000030517578,82.9800033569336,53.732872009277344,127500,0.0,0.0,0.0
2004-03-22,82.98999786376953,83.02999877929688,82.97000122070312,83.02999877929688,53.76523971557617,233300,0.0,0.0,0.0
2004-03-23,83.0199966430664,83.05000305175781,83.0,83.05000305175781,53.77821350097656,208200,0.0,0.0,0.0
2004-03-24,83.05999755859375,83.06999969482422,83.0199966430664,83.06999969482422,53.79115295410156,245900,0.0,0.0,0.0
2004-03-25,83.05000305175781,83.06999969482422,83.0,83.05999755859375,53.78469467163086,181500,0.0,0.0,0.0
2004-03-26,83.08000183105469,83.08000183105469,82.94000244140625,82.9800033569336,53.732872009277344,344100,0.0,0.0,0.0
2004-03-29,82.87000274658203,82.91999816894531,82.86000061035156,82.91999816894531,53.69403839111328,174200,0.0,0.0,0.0
2004-03-30,82.94999694824219,82.95999908447266,82.87999725341797,82.91000366210938,53.68754959106445,190300,0.0,0.0,0.0
2004-03-31,82.91999816894531,82.98999786376953,82.91999816894531,82.97000122070312,53.72639465332031,179400,0.0,0.0,0.0
2004-04-01,82.83000183105469,82.83000183105469,82.73999786376953,82.75,53.661537170410156,270900,0.12,0.0,0.0
2004-04-02,82.45999908447266,82.63999938964844,82.41999816894531,82.45999908447266,53.47346878051758,412100,0.0,0.0,0.0
2004-04-05,82.41999816894531,82.43000030517578,82.37999725341797,82.37999725341797,53.421634674072266,291000,0.0,0.0,0.0
2004-04-06,82.44000244140625,82.51000213623047,82.43000030517578,82.4800033569336,53.48643112182617,125900,0.0,0.0,0.0
2004-04-07,82.48999786376953,82.54000091552734,82.45999908447266,82.5,53.49939727783203,134300,0.0,0.0,0.0
2004-04-08,82.43000030517578,82.51000213623047,82.41999816894531,82.5,53.49939727783203,146500,0.0,0.0,0.0
2004-04-12,82.41999816894531,82.45999908447266,82.37999725341797,82.41999816894531,53.44752883911133,233600,0.0,0.0,0.0
2004-04-13,82.33999633789062,82.36000061035156,82.2699966430664,82.30999755859375,53.37619400024414,181500,0.0,0.0,0.0
2004-04-14,82.19000244140625,82.20999908447266,82.12000274658203,82.16999816894531,53.2854118347168,291200,0.0,0.0,0.0
2004-04-15,82.22000122070312,82.2300033569336,82.12999725341797,82.22000122070312,53.31782150268555,209300,0.0,0.0,0.0
2004-04-16,82.3499984741211,82.3499984741211,82.27999877929688,82.33000183105469,53.38917541503906,133100,0.0,0.0,0.0
2004-04-19,82.3499984741211,82.3499984741211,82.2300033569336,82.2300033569336,53.32432174682617,438900,0.0,0.0,0.0
2004-04-20,82.25,82.27999877929688,82.04000091552734,82.04000091552734,53.20113754272461,185400,0.0,0.0,0.0
2004-04-21,82.04000091552734,82.18000030517578,82.04000091552734,82.05000305175781,53.2076416015625,145200,0.0,0.0,0.0
2004-04-22,82.1500015258789,82.16999816894531,82.0999984741211,82.16999816894531,53.2854118347168,334000,0.0,0.0,0.0
2004-04-23,82.08999633789062,82.08999633789062,81.97000122070312,82.0,53.17517852783203,256800,0.0,0.0,0.0
2004-04-26,82.0199966430664,82.0199966430664,81.97000122070312,82.01000213623047,53.18169403076172,1060700,0.0,0.0,0.0
2004-04-27,82.01000213623047,82.11000061035156,81.98999786376953,82.11000061035156,53.24653625488281,978500,0.0,0.0,0.0
2004-04-28,82.08000183105469,82.08000183105469,81.94000244140625,81.94000244140625,53.13630294799805,229400,0.0,0.0,0.0
2004-04-29,81.97000122070312,82.04000091552734,81.88999938964844,81.93000030517578,53.12977981567383,1179200,0.0,0.0,0.0
2004-04-30,81.98999786376953,82.0199966430664,81.93000030517578,81.97000122070312,53.15575408935547,114700,0.0,0.0,0.0
2004-05-03,81.83000183105469,81.88999938964844,81.80999755859375,81.88999938964844,53.17910385131836,143000,0.116,0.0,0.0
2004-05-04,81.95999908447266,82.04000091552734,81.81999969482422,81.87000274658203,53.16611862182617,248800,0.0,0.0,0.0
2004-05-05,81.95999908447266,81.95999908447266,81.83999633789062,81.83999633789062,53.14665222167969,123400,0.0,0.0,0.0
2004-05-06,81.88999938964844,81.88999938964844,81.77999877929688,81.81999969482422,53.1336555480957,574000,0.0,0.0,0.0
2004-05-07,81.5999984741211,81.5999984741211,81.45999908447266,81.4800033569336,52.91286849975586,733300,0.0,0.0,0.0
2004-05-10,81.5999984741211,81.5999984741211,81.48999786376953,81.5199966430664,52.9388542175293,382200,0.0,0.0,0.0
2004-05-11,81.5,81.56999969482422,81.31999969482422,81.52999877929688,52.94532775878906,192400,0.0,0.0,0.0
2004-05-12,81.5999984741211,81.5999984741211,81.5199966430664,81.55000305175781,52.958282470703125,260000,0.0,0.0,0.0
2004-05-13,81.5,81.55000305175781,81.45999908447266,81.51000213623047,52.932395935058594,200200,0.0,0.0,0.0
2004-05-14,81.5199966430664,81.63999938964844,81.5199966430664,81.63999938964844,53.01677703857422,259600,0.0,0.0,0.0
2004-05-17,81.76000213623047,81.76000213623047,81.69000244140625,81.75,53.08821487426758,206600,0.0,0.0,0.0
2004-05-18,81.70999908447266,81.70999908447266,81.62999725341797,81.66999816894531,53.03622817993164,210500,0.0,0.0,0.0
2004-05-19,81.62999725341797,81.62999725341797,81.55999755859375,81.62999725341797,53.01028060913086,165000,0.0,0.0,0.0
2004-05-20,81.6500015258789,81.72000122070312,81.62999725341797,81.66999816894531,53.03622817993164,102200,0.0,0.0,0.0
2004-05-21,81.75,81.76000213623047,81.62999725341797,81.66999816894531,53.03622817993164,226400,0.0,0.0,0.0
2004-05-24,81.68000030517578,81.69000244140625,81.62000274658203,81.69000244140625,53.049224853515625,180700,0.0,0.0,0.0
2004-05-25,81.68000030517578,81.73999786376953,81.66000366210938,81.69000244140625,53.049224853515625,158200,0.0,0.0,0.0
2004-05-26,81.72000122070312,81.83999633789062,81.72000122070312,81.83999633789062,53.14665222167969,143800,0.0,0.0,0.0
2004-05-27,81.8499984741211,81.9000015258789,81.81999969482422,81.87999725341797,53.1726188659668,275000,0.0,0.0,0.0
2004-05-28,81.87999725341797,81.87999725341797,81.77999877929688,81.8499984741211,53.15312194824219,153400,0.0,0.0,0.0
2004-06-01,81.62999725341797,81.66999816894531,81.55000305175781,81.61000061035156,53.07766342163086,117700,0.124,0.0,0.0
2004-06-02,81.55999755859375,81.58999633789062,81.51000213623047,81.55999755859375,53.045169830322266,166400,0.0,0.0,0.0
2004-06-03,81.56999969482422,81.5999984741211,81.54000091552734,81.58000183105469,53.05821228027344,158500,0.0,0.0,0.0
2004-06-04,81.54000091552734,81.54000091552734,81.44999694824219,81.44999694824219,52.973663330078125,303000,0.0,0.0,0.0
2004-06-07,81.45999908447266,81.5199966430664,81.41999816894531,81.4800033569336,52.99314880371094,119300,0.0,0.0,0.0
2004-06-08,81.4800033569336,81.48999786376953,81.41000366210938,81.48999786376953,52.99965286254883,184300,0.0,0.0,0.0
2004-06-09,81.44000244140625,81.44000244140625,81.33000183105469,81.36000061035156,52.91506576538086,419300,0.0,0.0,0.0
2004-06-10,81.36000061035156,81.37999725341797,81.29000091552734,81.3499984741211,52.908626556396484,349900,0.0,0.0,0.0
2004-06-14,81.27999877929688,81.27999877929688,81.13999938964844,81.13999938964844,52.772010803222656,141200,0.0,0.0,0.0
2004-06-15,81.33000183105469,81.45999908447266,81.30000305175781,81.41000366210938,52.947635650634766,569800,0.0,0.0,0.0
2004-06-16,81.37999725341797,81.43000030517578,81.3499984741211,81.3499984741211,52.908626556396484,180200,0.0,0.0,0.0
2004-06-17,81.30999755859375,81.44999694824219,81.27999877929688,81.44999694824219,52.973663330078125,181000,0.0,0.0,0.0
2004-06-18,81.43000030517578,81.4800033569336,81.4000015258789,81.4000015258789,52.94112014770508,184000,0.0,0.0,0.0
2004-06-21,81.4800033569336,81.5,81.44000244140625,81.45999908447266,52.98011779785156,115800,0.0,0.0,0.0
2004-06-22,81.47000122070312,81.5,81.41999816894531,81.48999786376953,52.99965286254883,101900,0.0,0.0,0.0
2004-06-23,81.45999908447266,81.52999877929688,81.43000030517578,81.51000213623047,53.0127067565918,258200,0.0,0.0,0.0
2004-06-24,81.61000061035156,81.62999725341797,81.54000091552734,81.58999633789062,53.06472396850586,161500,0.0,0.0,0.0
2004-06-25,81.52999877929688,81.5999984741211,81.52999877929688,81.5999984741211,53.07117462158203,252000,0.0,0.0,0.0
2004-06-28,81.51000213623047,81.51000213623047,81.4000015258789,81.41000366210938,52.947635650634766,193700,0.0,0.0,0.0
2004-06-29,81.4000015258789,81.5,81.38999938964844,81.48999786376953,52.99965286254883,191100,0.0,0.0,0.0
2004-06-30,81.52999877929688,81.70999908447266,81.4800033569336,81.70999908447266,53.142757415771484,130900,0.0,0.0,0.0
2004-07-01,81.48999786376953,81.6500015258789,81.4800033569336,81.58000183105469,53.15384292602539,632000,0.147,0.0,0.0
2004-07-02,81.77999877929688,81.86000061035156,81.7300033569336,81.80000305175781,53.29713821411133,164900,0.0,0.0,0.0
2004-07-06,81.80000305175781,81.80000305175781,81.70999908447266,81.77999877929688,53.28412628173828,203300,0.0,0.0,0.0
2004-07-07,81.80999755859375,81.80999755859375,81.75,81.79000091552734,53.29062271118164,206500,0.0,0.0,0.0
2004-07-08,81.81999969482422,81.8499984741211,81.77999877929688,81.81999969482422,53.310176849365234,259600,0.0,0.0,0.0
2004-07-09,81.8499984741211,81.86000061035156,81.79000091552734,81.81999969482422,53.310176849365234,250200,0.0,0.0,0.0
2004-07-12,81.87999725341797,81.87999725341797,81.81999969482422,81.8499984741211,53.329734802246094,285500,0.0,0.0,0.0
2004-07-13,81.79000091552734,81.80999755859375,81.7300033569336,81.79000091552734,53.29062271118164,204800,0.0,0.0,0.0
2004-07-14,81.79000091552734,81.80000305175781,81.7300033569336,81.76000213623047,53.27108383178711,99800,0.0,0.0,0.0
2004-07-15,81.75,81.77999877929688,81.70999908447266,81.76000213623047,53.27108383178711,232400,0.0,0.0,0.0
2004-07-16,81.87000274658203,81.91999816894531,81.83000183105469,81.91999816894531,53.37532043457031,181100,0.0,0.0,0.0
2004-07-19,81.91999816894531,81.91999816894531,81.86000061035156,81.87999725341797,53.34929656982422,178900,0.0,0.0,0.0
2004-07-20,81.81999969482422,81.87999725341797,81.69999694824219,81.7300033569336,53.2515754699707,137500,0.0,0.0,0.0
2004-07-21,81.70999908447266,81.70999908447266,81.62999725341797,81.70999908447266,53.238548278808594,171400,0.0,0.0,0.0
2004-07-22,81.73999786376953,81.76000213623047,81.69000244140625,81.7300033569336,53.2515754699707,117100,0.0,0.0,0.0
2004-07-23,81.76000213623047,81.7699966430664,81.72000122070312,81.7300033569336,53.2515754699707,138700,0.0,0.0,0.0
2004-07-26,81.7300033569336,81.7300033569336,81.6500015258789,81.66999816894531,53.21244430541992,156000,0.0,0.0,0.0
2004-07-27,81.68000030517578,81.69000244140625,81.55999755859375,81.5999984741211,53.16680908203125,117500,0.0,0.0,0.0
2004-07-28,81.58999633789062,81.66999816894531,81.54000091552734,81.6500015258789,53.199493408203125,74400,0.0,0.0,0.0
2004-07-29,81.61000061035156,81.70999908447266,81.61000061035156,81.66999816894531,53.21244430541992,198500,0.0,0.0,0.0
2004-07-30,81.79000091552734,81.81999969482422,81.75,81.79000091552734,53.29062271118164,102200,0.0,0.0,0.0
2004-08-02,81.72000122070312,81.73999786376953,81.66000366210938,81.70999908447266,53.331764221191406,212200,0.143,0.0,0.0
2004-08-03,81.69000244140625,81.75,81.6500015258789,81.7300033569336,53.34482192993164,280700,0.0,0.0,0.0
2004-08-04,81.7300033569336,81.77999877929688,81.69999694824219,81.72000122070312,53.33831024169922,82900,0.0,0.0,0.0
2004-08-05,81.76000213623047,81.79000091552734,81.72000122070312,81.7699966430664,53.370914459228516,480600,0.0,0.0,0.0
2004-08-06,82.12999725341797,82.1500015258789,82.0199966430664,82.05999755859375,53.560218811035156,632300,0.0,0.0,0.0
2004-08-09,82.08999633789062,82.08999633789062,82.01000213623047,82.05000305175781,53.553680419921875,212400,0.0,0.0,0.0
2004-08-10,82.05000305175781,82.05999755859375,81.8499984741211,81.8499984741211,53.423126220703125,163000,0.0,0.0,0.0
2004-08-11,81.9000015258789,81.9800033569336,81.88999938964844,81.9800033569336,53.508033752441406,180000,0.0,0.0,0.0
2004-08-12,81.95999908447266,82.01000213623047,81.91000366210938,82.0,53.520999908447266,110700,0.0,0.0,0.0
2004-08-13,82.06999969482422,82.08999633789062,82.02999877929688,82.08000183105469,53.57327651977539,117100,0.0,0.0,0.0
2004-08-16,82.0,82.05999755859375,81.97000122070312,82.05999755859375,53.560218811035156,97600,0.0,0.0,0.0
2004-08-17,82.11000061035156,82.13999938964844,82.05999755859375,82.13999938964844,53.6124382019043,197400,0.0,0.0,0.0
2004-08-18,82.19000244140625,82.19999694824219,82.0999984741211,82.12000274658203,53.59939956665039,192000,0.0,0.0,0.0
2004-08-19,82.08000183105469,82.16999816894531,82.08000183105469,82.16999816894531,53.63202667236328,265400,0.0,0.0,0.0
2004-08-20,82.16000366210938,82.16999816894531,82.08999633789062,82.12000274658203,53.59939956665039,132500,0.0,0.0,0.0
2004-08-23,82.08000183105469,82.08000183105469,82.04000091552734,82.05000305175781,53.553680419921875,98600,0.0,0.0,0.0
2004-08-24,82.04000091552734,82.08999633789062,81.98999786376953,82.08999633789062,53.57978439331055,188000,0.0,0.0,0.0
2004-08-25,82.11000061035156,82.13999938964844,82.02999877929688,82.05999755859375,53.560218811035156,114800,0.0,0.0,0.0
2004-08-26,82.0999984741211,82.13999938964844,82.05999755859375,82.13999938964844,53.6124382019043,111400,0.0,0.0,0.0
2004-08-27,82.13999938964844,82.16000366210938,82.08999633789062,82.11000061035156,53.59284973144531,90500,0.0,0.0,0.0
2004-08-30,82.11000061035156,82.16000366210938,82.0999984741211,82.12999725341797,53.60589599609375,66100,0.0,0.0,0.0
2004-08-31,82.18000030517578,82.27999877929688,82.13999938964844,82.25,53.68424606323242,100200,0.0,0.0,0.0
2004-09-01,82.1500015258789,82.1500015258789,82.04000091552734,82.13999938964844,53.69858169555664,285100,0.132,0.0,0.0
2004-09-02,82.0999984741211,82.0999984741211,82.01000213623047,82.01000213623047,53.61362075805664,133700,0.0,0.0,0.0
2004-09-03,81.94000244140625,81.94000244140625,81.81999969482422,81.9000015258789,53.54170608520508,435400,0.0,0.0,0.0
2004-09-07,81.88999938964844,81.91000366210938,81.8499984741211,81.9000015258789,53.54170608520508,126900,0.0,0.0,0.0
2004-09-08,81.86000061035156,82.05000305175781,81.83999633789062,82.0199966430664,53.62015151977539,86800,0.0,0.0,0.0
2004-09-09,82.05000305175781,82.08000183105469,82.0,82.02999877929688,53.62667465209961,94500,0.0,0.0,0.0
2004-09-10,82.11000061035156,82.11000061035156,82.02999877929688,82.05000305175781,53.63977813720703,79600,0.0,0.0,0.0
2004-09-13,82.02999877929688,82.06999969482422,82.01000213623047,82.05999755859375,53.646297454833984,87000,0.0,0.0,0.0
2004-09-14,82.0,82.12000274658203,82.0,82.08000183105469,53.659385681152344,140200,0.0,0.0,0.0
2004-09-15,82.08000183105469,82.0999984741211,82.0199966430664,82.02999877929688,53.62667465209961,203000,0.0,0.0,0.0
2004-09-16,82.04000091552734,82.19999694824219,82.04000091552734,82.16999816894531,53.7182502746582,341400,0.0,0.0,0.0
2004-09-17,82.16999816894531,82.18000030517578,82.06999969482422,82.06999969482422,53.65284729003906,165600,0.0,0.0,0.0
2004-09-20,82.16000366210938,82.19999694824219,82.11000061035156,82.19999694824219,53.737770080566406,1060900,0.0,0.0,0.0
2004-09-21,82.16999816894531,82.18000030517578,82.05000305175781,82.08000183105469,53.659385681152344,133600,0.0,0.0,0.0
2004-09-22,82.12000274658203,82.16999816894531,82.06999969482422,82.16000366210938,53.7116584777832,153900,0.0,0.0,0.0
2004-09-23,82.20999908447266,82.20999908447266,82.01000213623047,82.05999755859375,53.646297454833984,441400,0.0,0.0,0.0
2004-09-24,82.0,82.02999877929688,81.94999694824219,82.01000213623047,53.61362075805664,194100,0.0,0.0,0.0
2004-09-27,82.08000183105469,82.08999633789062,82.02999877929688,82.05999755859375,53.646297454833984,105900,0.0,0.0,0.0
2004-09-28,82.0999984741211,82.12999725341797,82.05999755859375,82.11000061035156,53.678985595703125,282800,0.0,0.0,0.0
2004-09-29,82.05999755859375,82.05999755859375,81.9800033569336,82.01000213623047,53.61362075805664,117100,0.0,0.0,0.0
2004-09-30,81.95999908447266,82.05000305175781,81.91999816894531,82.04000091552734,53.63322830200195,228200,0.0,0.0,0.0
2004-10-01,81.87999725341797,81.9000015258789,81.80000305175781,81.8499984741211,53.5952262878418,451800,0.132,0.0,0.0
2004-10-04,81.80000305175781,81.87000274658203,81.80000305175781,81.86000061035156,53.60182189941406,98800,0.0,0.0,0.0
2004-10-05,81.87999725341797,81.9000015258789,81.83999633789062,81.87000274658203,53.608333587646484,168200,0.0,0.0,0.0
2004-10-06,81.88999938964844,81.88999938964844,81.80000305175781,81.80000305175781,53.5624885559082,133600,0.0,0.0,0.0
2004-10-07,81.81999969482422,81.83000183105469,81.73999786376953,81.7699966430664,53.5428352355957,160400,0.0,0.0,0.0
2004-10-08,82.0,82.0199966430664,81.94999694824219,81.9800033569336,53.68039321899414,137900,0.0,0.0,0.0
2004-10-11,82.0199966430664,82.04000091552734,81.9800033569336,82.04000091552734,53.71963119506836,64800,0.0,0.0,0.0
2004-10-12,82.01000213623047,82.06999969482422,82.01000213623047,82.05999755859375,53.732723236083984,162700,0.0,0.0,0.0
2004-10-13,82.0199966430664,82.12000274658203,82.0,82.12000274658203,53.77204895019531,130600,0.0,0.0,0.0
2004-10-14,82.12999725341797,82.18000030517578,82.08999633789062,82.13999938964844,53.785152435302734,180400,0.0,0.0,0.0
2004-10-15,82.11000061035156,82.12999725341797,82.0,82.11000061035156,53.7654914855957,221900,0.0,0.0,0.0
2004-10-18,82.08999633789062,82.12000274658203,82.05999755859375,82.12000274658203,53.77204895019531,149000,0.0,0.0,0.0
2004-10-19,82.02999877929688,82.0999984741211,82.0199966430664,82.08999633789062,53.75239181518555,297400,0.0,0.0,0.0
2004-10-20,82.0999984741211,82.16000366210938,82.08999633789062,82.16000366210938,53.79825210571289,164000,0.0,0.0,0.0
2004-10-21,82.13999938964844,82.16999816894531,82.05999755859375,82.05999755859375,53.732723236083984,161300,0.0,0.0,0.0
2004-10-22,82.0999984741211,82.13999938964844,82.06999969482422,82.13999938964844,53.785152435302734,106700,0.0,0.0,0.0
2004-10-25,82.19999694824219,82.19999694824219,82.13999938964844,82.16999816894531,53.804813385009766,120600,0.0,0.0,0.0
2004-10-26,82.19000244140625,82.19000244140625,82.12999725341797,82.16000366210938,53.79825210571289,121300,0.0,0.0,0.0
2004-10-27,82.16000366210938,82.19000244140625,82.02999877929688,82.05000305175781,53.72623062133789,263400,0.0,0.0,0.0
2004-10-28,82.06999969482422,82.11000061035156,82.01000213623047,82.08000183105469,53.745872497558594,102800,0.0,0.0,0.0
2004-10-29,82.12999725341797,82.1500015258789,82.06999969482422,82.1500015258789,53.79167556762695,181800,0.0,0.0,0.0
2004-11-01,81.98999786376953,82.0199966430664,81.91999816894531,81.95999908447266,53.75759506225586,237800,0.138,0.0,0.0
2004-11-02,81.97000122070312,82.0,81.9000015258789,82.0,53.783782958984375,303600,0.0,0.0,0.0
2004-11-03,81.9000015258789,81.98999786376953,81.86000061035156,81.98999786376953,53.77724075317383,232000,0.0,0.0,0.0
2004-11-04,81.95999908447266,82.0,81.87999725341797,81.91999816894531,53.73136520385742,279700,0.0,0.0,0.0
2004-11-05,81.75,81.77999877929688,81.69000244140625,81.70999908447266,53.593597412109375,335100,0.0,0.0,0.0
2004-11-08,81.70999908447266,81.72000122070312,81.62000274658203,81.66999816894531,53.56737518310547,224400,0.0,0.0,0.0
2004-11-09,81.7300033569336,81.73999786376953,81.68000030517578,81.7300033569336,53.60673141479492,198700,0.0,0.0,0.0
2004-11-10,81.69999694824219,81.72000122070312,81.62000274658203,81.62999725341797,53.541168212890625,170600,0.0,0.0,0.0
2004-11-11,81.66000366210938,81.7300033569336,81.5999984741211,81.69000244140625,53.58047103881836,121500,0.0,0.0,0.0
2004-11-12,81.69000244140625,81.7300033569336,81.63999938964844,81.66999816894531,53.56737518310547,179500,0.0,0.0,0.0
2004-11-15,81.68000030517578,81.69999694824219,81.61000061035156,81.66999816894531,53.56737518310547,210300,0.0,0.0,0.0
2004-11-16,81.5999984741211,81.6500015258789,81.58999633789062,81.61000061035156,53.52800369262695,143600,0.0,0.0,0.0
2004-11-17,81.66000366210938,81.7300033569336,81.62999725341797,81.7300033569336,53.60673141479492,122300,0.0,0.0,0.0
2004-11-18,81.69999694824219,81.72000122070312,81.6500015258789,81.72000122070312,53.60017395019531,287700,0.0,0.0,0.0
2004-11-19,81.69000244140625,81.69999694824219,81.55999755859375,81.58999633789062,53.514892578125,209400,0.0,0.0,0.0
2004-11-22,81.62000274658203,81.62999725341797,81.56999969482422,81.61000061035156,53.52800369262695,466700,0.0,0.0,0.0
2004-11-23,81.5999984741211,81.66000366210938,81.55000305175781,81.5999984741211,53.521419525146484,262600,0.0,0.0,0.0
2004-11-24,81.58999633789062,81.62000274658203,81.55000305175781,81.58999633789062,53.514892578125,184200,0.0,0.0,0.0
2004-11-26,81.51000213623047,81.55000305175781,81.5,81.51000213623047,53.46243667602539,138700,0.0,0.0,0.0
2004-11-29,81.5,81.5199966430664,81.47000122070312,81.5199966430664,53.468994140625,144100,0.0,0.0,0.0
2004-11-30,81.51000213623047,81.5999984741211,81.51000213623047,81.54000091552734,53.48207473754883,398000,0.0,0.0,0.0
2004-12-01,81.5199966430664,81.5199966430664,81.41999816894531,81.44999694824219,53.51824188232422,188300,0.145,0.0,0.0
2004-12-02,81.4000015258789,81.44000244140625,81.33999633789062,81.41999816894531,53.4985237121582,227800,0.0,0.0,0.0
2004-12-03,81.58999633789062,81.63999938964844,81.56999969482422,81.5999984741211,53.61677169799805,418300,0.0,0.0,0.0
2004-12-06,81.58000183105469,81.62999725341797,81.54000091552734,81.61000061035156,53.623355865478516,197200,0.0,0.0,0.0
2004-12-07,81.58999633789062,81.61000061035156,81.51000213623047,81.61000061035156,53.623355865478516,516500,0.0,0.0,0.0
2004-12-08,81.55000305175781,81.66999816894531,81.55000305175781,81.63999938964844,53.64309310913086,141300,0.0,0.0,0.0
2004-12-09,81.63999938964844,81.69999694824219,81.58999633789062,81.62999725341797,53.63652801513672,263600,0.0,0.0,0.0
2004-12-10,81.6500015258789,81.66000366210938,81.5999984741211,81.63999938964844,53.64309310913086,245900,0.0,0.0,0.0
2004-12-13,81.5999984741211,81.63999938964844,81.54000091552734,81.58000183105469,53.603660583496094,237400,0.0,0.0,0.0
2004-12-14,81.58999633789062,81.63999938964844,81.52999877929688,81.5999984741211,53.61677169799805,300400,0.0,0.0,0.0
2004-12-15,81.6500015258789,81.68000030517578,81.61000061035156,81.68000030517578,53.66939163208008,325700,0.0,0.0,0.0
2004-12-16,81.62999725341797,81.66999816894531,81.52999877929688,81.58999633789062,53.61022186279297,326100,0.0,0.0,0.0
2004-12-17,81.5199966430664,81.5999984741211,81.5199966430664,81.55999755859375,53.590518951416016,92700,0.0,0.0,0.0
2004-12-20,81.58999633789062,81.61000061035156,81.51000213623047,81.55999755859375,53.590518951416016,260100,0.0,0.0,0.0
2004-12-21,81.55000305175781,81.58000183105469,81.5199966430664,81.56999969482422,53.597084045410156,283300,0.0,0.0,0.0
2004-12-22,81.56999969482422,81.58999633789062,81.52999877929688,81.56999969482422,53.597084045410156,709900,0.0,0.0,0.0
2004-12-23,81.62999725341797,81.62999725341797,81.54000091552734,81.55000305175781,53.58393859863281,417600,0.0,0.0,0.0
2004-12-27,81.54000091552734,81.56999969482422,81.47000122070312,81.5,53.55107879638672,142900,0.0,0.0,0.0
2004-12-28,81.51000213623047,81.55999755859375,81.4800033569336,81.52999877929688,53.570777893066406,243500,0.0,0.0,0.0
2004-12-29,81.55999755859375,81.55999755859375,81.4800033569336,81.5199966430664,53.564239501953125,214600,0.0,0.0,0.0
2004-12-30,81.5199966430664,81.58999633789062,81.48999786376953,81.55000305175781,53.58393859863281,208000,0.0,0.0,0.0
2004-12-31,81.44999694824219,81.47000122070312,81.41000366210938,81.43000030517578,53.606353759765625,170600,0.154,0.0,0.0
2005-01-03,81.37000274658203,81.44999694824219,81.37000274658203,81.44000244140625,53.6129035949707,370200,0.0,0.0,0.0
2005-01-04,81.41000366210938,81.41999816894531,81.26000213623047,81.26000213623047,53.49440002441406,425300,0.0,0.0,0.0
2005-01-05,81.26000213623047,81.31999969482422,81.23999786376953,81.27999877929688,53.507572174072266,273500,0.0,0.0,0.0
2005-01-06,81.30000305175781,81.37000274658203,81.30000305175781,81.31999969482422,53.53388977050781,318800,0.0,0.0,0.0
2005-01-07,81.33000183105469,81.33999633789062,81.29000091552734,81.33000183105469,53.54047775268555,142500,0.0,0.0,0.0
2005-01-10,81.31999969482422,81.33000183105469,81.26000213623047,81.27999877929688,53.507572174072266,296100,0.0,0.0,0.0
2005-01-11,81.31999969482422,81.31999969482422,81.2699966430664,81.30000305175781,53.52071762084961,296000,0.0,0.0,0.0
2005-01-12,81.29000091552734,81.37000274658203,81.29000091552734,81.30999755859375,53.527374267578125,126400,0.0,0.0,0.0
2005-01-13,81.37000274658203,81.41000366210938,81.33999633789062,81.41000366210938,53.59315490722656,104500,0.0,0.0,0.0
2005-01-14,81.3499984741211,81.38999938964844,81.27999877929688,81.37000274658203,53.566856384277344,213100,0.0,0.0,0.0
2005-01-18,81.26000213623047,81.33999633789062,81.26000213623047,81.33999633789062,53.547061920166016,167000,0.0,0.0,0.0
2005-01-19,81.33999633789062,81.3499984741211,81.27999877929688,81.3499984741211,53.55363464355469,221700,0.0,0.0,0.0
2005-01-20,81.37000274658203,81.43000030517578,81.33999633789062,81.41999816894531,53.599700927734375,156500,0.0,0.0,0.0
2005-01-21,81.4000015258789,81.5,81.4000015258789,81.5,53.652400970458984,188000,0.0,0.0,0.0
2005-01-24,81.48999786376953,81.48999786376953,81.4000015258789,81.44999694824219,53.619476318359375,325700,0.0,0.0,0.0
2005-01-25,81.43000030517578,81.43000030517578,81.36000061035156,81.41999816894531,53.599700927734375,219300,0.0,0.0,0.0
2005-01-26,81.37999725341797,81.44000244140625,81.37000274658203,81.38999938964844,53.579994201660156,114100,0.0,0.0,0.0
2005-01-27,81.37000274658203,81.37999725341797,81.33000183105469,81.37000274658203,53.566856384277344,273700,0.0,0.0,0.0
2005-01-28,81.4000015258789,81.44999694824219,81.38999938964844,81.41000366210938,53.59315490722656,101400,0.0,0.0,0.0
2005-01-31,81.4000015258789,81.41000366210938,81.33999633789062,81.4000015258789,53.58658218383789,179500,0.0,0.0,0.0
2005-02-01,81.23999786376953,81.27999877929688,81.22000122070312,81.25,53.600425720214844,215200,0.171,0.0,0.0
2005-02-02,81.2300033569336,81.2699966430664,81.19999694824219,81.22000122070312,53.580623626708984,179400,0.0,0.0,0.0
2005-02-03,81.1500015258789,81.19999694824219,81.1500015258789,81.16999816894531,53.547637939453125,270600,0.0,0.0,0.0
2005-02-04,81.25,81.30000305175781,81.19999694824219,81.25,53.600425720214844,451400,0.0,0.0,0.0
2005-02-07,81.23999786376953,81.25,81.19000244140625,81.2300033569336,53.5872688293457,345800,0.0,0.0,0.0
2005-02-08,81.20999908447266,81.2300033569336,81.16999816894531,81.19999694824219,53.567466735839844,154400,0.0,0.0,0.0
2005-02-09,81.23999786376953,81.37000274658203,81.23999786376953,81.3499984741211,53.666419982910156,415000,0.0,0.0,0.0
2005-02-10,81.33999633789062,81.33999633789062,81.26000213623047,81.29000091552734,53.62680435180664,506600,0.0,0.0,0.0
2005-02-11,81.30000305175781,81.31999969482422,81.22000122070312,81.25,53.600425720214844,298600,0.0,0.0,0.0
2005-02-14,81.25,81.25,81.18000030517578,81.20999908447266,53.57406234741211,640800,0.0,0.0,0.0
2005-02-15,81.19000244140625,81.23999786376953,81.19000244140625,81.22000122070312,53.580623626708984,261000,0.0,0.0,0.0
2005-02-16,81.22000122070312,81.26000213623047,81.13999938964844,81.18000030517578,53.55420684814453,163100,0.0,0.0,0.0
2005-02-17,81.18000030517578,81.2300033569336,81.1500015258789,81.22000122070312,53.580623626708984,443800,0.0,0.0,0.0
2005-02-18,81.16999816894531,81.19000244140625,81.0999984741211,81.11000061035156,53.50807571411133,199100,0.0,0.0,0.0
2005-02-22,81.11000061035156,81.16999816894531,81.11000061035156,81.13999938964844,53.527889251708984,177600,0.0,0.0,0.0
2005-02-23,81.13999938964844,81.19999694824219,81.12999725341797,81.12999725341797,53.521244049072266,727500,0.0,0.0,0.0
2005-02-24,81.12999725341797,81.16999816894531,81.08000183105469,81.11000061035156,53.50807571411133,223400,0.0,0.0,0.0
2005-02-25,81.11000061035156,81.11000061035156,81.05000305175781,81.06999969482422,53.48166275024414,595100,0.0,0.0,0.0
2005-02-28,81.05999755859375,81.08000183105469,80.94999694824219,81.0199966430664,53.44870376586914,502900,0.0,0.0,0.0
2005-03-01,80.9000015258789,80.91000366210938,80.81999969482422,80.83999633789062,53.43745422363281,265100,0.163,0.0,0.0
2005-03-02,80.87999725341797,80.93000030517578,80.83999633789062,80.88999938964844,53.470516204833984,390100,0.0,0.0,0.0
2005-03-03,80.93000030517578,80.94999694824219,80.87000274658203,80.91999816894531,53.49037170410156,1341100,0.0,0.0,0.0
2005-03-04,80.9800033569336,80.9800033569336,80.91000366210938,80.91999816894531,53.49037170410156,438000,0.0,0.0,0.0
2005-03-07,80.9000015258789,80.94999694824219,80.87999725341797,80.88999938964844,53.470516204833984,429300,0.0,0.0,0.0
2005-03-08,80.87999725341797,80.88999938964844,80.81999969482422,80.88999938964844,53.470516204833984,242400,0.0,0.0,0.0
2005-03-09,80.81999969482422,80.9000015258789,80.81999969482422,80.86000061035156,53.450687408447266,376400,0.0,0.0,0.0
2005-03-10,80.87000274658203,80.87000274658203,80.79000091552734,80.80000305175781,53.411041259765625,236900,0.0,0.0,0.0
2005-03-11,80.83000183105469,80.83000183105469,80.73999786376953,80.77999877929688,53.397769927978516,758700,0.0,0.0,0.0
2005-03-14,80.77999877929688,80.77999877929688,80.72000122070312,80.75,53.377967834472656,214900,0.0,0.0,0.0
2005-03-15,80.76000213623047,80.79000091552734,80.72000122070312,80.72000122070312,53.35811233520508,258900,0.0,0.0,0.0
2005-03-16,80.81999969482422,80.87999725341797,80.77999877929688,80.81999969482422,53.42420196533203,376100,0.0,0.0,0.0
2005-03-17,80.87999725341797,80.9000015258789,80.81999969482422,80.8499984741211,53.44410705566406,224400,0.0,0.0,0.0
2005-03-18,80.8499984741211,80.8499984741211,80.80000305175781,80.80999755859375,53.41766357421875,111200,0.0,0.0,0.0
2005-03-21,80.80999755859375,80.86000061035156,80.79000091552734,80.86000061035156,53.450687408447266,1622400,0.0,0.0,0.0
2005-03-22,80.87000274658203,80.91999816894531,80.68000030517578,80.72000122070312,53.35811233520508,1623900,0.0,0.0,0.0
2005-03-23,80.66000366210938,80.72000122070312,80.62000274658203,80.70999908447266,53.35155487060547,216000,0.0,0.0,0.0
2005-03-24,80.70999908447266,80.76000213623047,80.66999816894531,80.7300033569336,53.364776611328125,270500,0.0,0.0,0.0
2005-03-28,80.69000244140625,80.70999908447266,80.6500015258789,80.69000244140625,53.33830642700195,865700,0.0,0.0,0.0
2005-03-29,80.68000030517578,80.75,80.68000030517578,80.75,53.377967834472656,263600,0.0,0.0,0.0
2005-03-30,80.70999908447266,80.77999877929688,80.70999908447266,80.76000213623047,53.38456344604492,168300,0.0,0.0,0.0
2005-03-31,80.80000305175781,80.87000274658203,80.79000091552734,80.87000274658203,53.45729064941406,189200,0.0,0.0,0.0
2005-04-01,80.7300033569336,80.7699966430664,80.6500015258789,80.7300033569336,53.490478515625,779200,0.19,0.0,0.0
2005-04-04,80.72000122070312,80.77999877929688,80.69999694824219,80.7300033569336,53.490478515625,543700,0.0,0.0,0.0
2005-04-05,80.7699966430664,80.77999877929688,80.70999908447266,80.75,53.50370788574219,134500,0.0,0.0,0.0
2005-04-06,80.77999877929688,80.83000183105469,80.7699966430664,80.80999755859375,53.5434455871582,175200,0.0,0.0,0.0
2005-04-07,80.83999633789062,80.86000061035156,80.7699966430664,80.77999877929688,53.52349853515625,294200,0.0,0.0,0.0
2005-04-08,80.7300033569336,80.77999877929688,80.72000122070312,80.7699966430664,53.516910552978516,136900,0.0,0.0,0.0
2005-04-11,80.75,80.80000305175781,80.72000122070312,80.7699966430664,53.516910552978516,208000,0.0,0.0,0.0
2005-04-12,80.75,80.87999725341797,80.7300033569336,80.81999969482422,53.55002975463867,140300,0.0,0.0,0.0
2005-04-13,80.87000274658203,80.94000244140625,80.8499984741211,80.94000244140625,53.629539489746094,262800,0.0,0.0,0.0
2005-04-14,80.94999694824219,81.04000091552734,80.94000244140625,81.01000213623047,53.67594528198242,163100,0.0,0.0,0.0
2005-04-15,81.08000183105469,81.13999938964844,81.01000213623047,81.13999938964844,53.76209259033203,292000,0.0,0.0,0.0
2005-04-18,81.13999938964844,81.18000030517578,81.08000183105469,81.0999984741211,53.735591888427734,725600,0.0,0.0,0.0
2005-04-19,81.08000183105469,81.22000122070312,81.08000183105469,81.19999694824219,53.8018684387207,1463600,0.0,0.0,0.0
2005-04-20,81.0999984741211,81.19999694824219,81.06999969482422,81.16999816894531,53.78195571899414,496600,0.0,0.0,0.0
2005-04-21,81.11000061035156,81.13999938964844,81.01000213623047,81.02999877929688,53.6891975402832,200900,0.0,0.0,0.0
2005-04-22,81.12000274658203,81.12000274658203,81.02999877929688,81.05000305175781,53.70246887207031,141300,0.0,0.0,0.0
2005-04-25,81.06999969482422,81.06999969482422,81.02999877929688,81.06999969482422,53.71568298339844,315100,0.0,0.0,0.0
2005-04-26,81.08000183105469,81.08999633789062,80.98999786376953,81.05000305175781,53.70246887207031,192400,0.0,0.0,0.0
2005-04-27,81.12999725341797,81.1500015258789,81.05999755859375,81.11000061035156,53.7421760559082,479900,0.0,0.0,0.0
2005-04-28,81.18000030517578,81.20999908447266,81.13999938964844,81.18000030517578,53.78853988647461,273700,0.0,0.0,0.0
2005-04-29,81.1500015258789,81.18000030517578,81.08000183105469,81.0999984741211,53.735591888427734,428400,0.0,0.0,0.0
2005-05-02,80.9000015258789,80.94999694824219,80.87000274658203,80.91999816894531,53.74219512939453,246600,0.19,0.0,0.0
2005-05-03,80.91999816894531,80.9800033569336,80.87999725341797,80.97000122070312,53.775421142578125,303200,0.0,0.0,0.0
2005-05-04,80.9800033569336,81.01000213623047,80.94000244140625,81.0,53.79533767700195,621300,0.0,0.0,0.0
2005-05-05,81.06999969482422,81.12999725341797,81.0,81.08000183105469,53.848472595214844,214600,0.0,0.0,0.0
2005-05-06,80.93000030517578,80.94000244140625,80.83999633789062,80.9000015258789,53.72893142700195,213600,0.0,0.0,0.0
2005-05-09,80.86000061035156,80.87000274658203,80.81999969482422,80.86000061035156,53.70235061645508,118700,0.0,0.0,0.0
2005-05-10,80.87000274658203,80.95999908447266,80.86000061035156,80.91999816894531,53.74219512939453,229200,0.0,0.0,0.0
2005-05-11,80.98999786376953,81.02999877929688,80.94999694824219,80.97000122070312,53.775421142578125,92800,0.0,0.0,0.0
2005-05-12,80.95999908447266,81.01000213623047,80.88999938964844,81.01000213623047,53.80198669433594,216200,0.0,0.0,0.0
2005-05-13,81.06999969482422,81.11000061035156,81.02999877929688,81.0999984741211,53.861759185791016,129900,0.0,0.0,0.0
2005-05-16,81.12999725341797,81.12999725341797,81.08000183105469,81.08000183105469,53.848472595214844,129300,0.0,0.0,0.0
2005-05-17,81.12000274658203,81.1500015258789,81.08000183105469,81.08000183105469,53.848472595214844,118800,0.0,0.0,0.0
2005-05-18,81.16000366210938,81.20999908447266,81.12000274658203,81.16000366210938,53.90159225463867,302100,0.0,0.0,0.0
2005-05-19,81.08999633789062,81.13999938964844,81.04000091552734,81.04000091552734,53.82191467285156,200900,0.0,0.0,0.0
2005-05-20,81.08000183105469,81.08999633789062,81.0199966430664,81.04000091552734,53.82191467285156,143500,0.0,0.0,0.0
2005-05-23,81.08999633789062,81.12000274658203,81.05999755859375,81.08999633789062,53.85509490966797,1662900,0.0,0.0,0.0
2005-05-24,81.11000061035156,81.13999938964844,81.08999633789062,81.13999938964844,53.88835144042969,123700,0.0,0.0,0.0
2005-05-25,81.20999908447266,81.20999908447266,81.11000061035156,81.16999816894531,53.908260345458984,228300,0.0,0.0,0.0
2005-05-26,81.12999725341797,81.1500015258789,81.0999984741211,81.13999938964844,53.88835144042969,191400,0.0,0.0,0.0
2005-05-27,81.12000274658203,81.16999816894531,81.11000061035156,81.16999816894531,53.908260345458984,130100,0.0,0.0,0.0
2005-05-31,81.16999816894531,81.23999786376953,81.1500015258789,81.2300033569336,53.948116302490234,164200,0.0,0.0,0.0
2005-06-01,81.02999877929688,81.29000091552734,81.02999877929688,81.19999694824219,54.05459213256836,782400,0.19,0.0,0.0
2005-06-02,81.13999938964844,81.19000244140625,81.12000274658203,81.16999816894531,54.03466796875,401400,0.0,0.0,0.0
2005-06-03,81.2300033569336,81.2300033569336,81.05999755859375,81.06999969482422,53.96808624267578,180400,0.0,0.0,0.0
2005-06-06,81.0999984741211,81.12000274658203,81.05000305175781,81.11000061035156,53.99467468261719,1264700,0.0,0.0,0.0
2005-06-07,81.1500015258789,81.1500015258789,81.06999969482422,81.12999725341797,54.00801467895508,190000,0.0,0.0,0.0
2005-06-08,81.1500015258789,81.1500015258789,81.08000183105469,81.11000061035156,53.99467468261719,149300,0.0,0.0,0.0
2005-06-09,81.08000183105469,81.08000183105469,81.01000213623047,81.05999755859375,53.9614372253418,338200,0.0,0.0,0.0
2005-06-10,81.01000213623047,81.02999877929688,80.94999694824219,80.98999786376953,53.914794921875,313900,0.0,0.0,0.0
2005-06-13,81.0,81.01000213623047,80.94999694824219,80.98999786376953,53.914794921875,153100,0.0,0.0,0.0
2005-06-14,81.0,81.01000213623047,80.97000122070312,81.01000213623047,53.92812728881836,264200,0.0,0.0,0.0
2005-06-15,80.98999786376953,81.0199966430664,80.94999694824219,80.98999786376953,53.914794921875,135000,0.0,0.0,0.0
2005-06-16,80.98999786376953,81.05999755859375,80.95999908447266,81.05999755859375,53.9614372253418,379600,0.0,0.0,0.0
2005-06-17,81.02999877929688,81.05999755859375,81.0,81.05000305175781,53.95474624633789,887800,0.0,0.0,0.0
2005-06-20,81.0199966430664,81.04000091552734,81.0,81.02999877929688,53.941463470458984,211600,0.0,0.0,0.0
2005-06-21,81.05000305175781,81.08999633789062,81.0199966430664,81.04000091552734,53.9481086730957,253700,0.0,0.0,0.0
2005-06-22,81.16000366210938,81.22000122070312,81.08000183105469,81.22000122070312,54.06789779663086,274500,0.0,0.0,0.0
2005-06-23,81.19000244140625,81.20999908447266,81.12999725341797,81.19000244140625,54.04794692993164,198300,0.0,0.0,0.0
2005-06-24,81.27999877929688,81.27999877929688,81.20999908447266,81.2300033569336,54.074588775634766,383000,0.0,0.0,0.0
2005-06-27,81.25,81.2699966430664,81.20999908447266,81.26000213623047,54.09458541870117,144500,0.0,0.0,0.0
2005-06-28,81.19999694824219,81.2300033569336,81.16999816894531,81.16999816894531,54.03466796875,189000,0.0,0.0,0.0
2005-06-29,81.25,81.25,81.1500015258789,81.19000244140625,54.04794692993164,291500,0.0,0.0,0.0
2005-06-30,81.25,81.26000213623047,81.1500015258789,81.23999786376953,54.08124923706055,474900,0.0,0.0,0.0
2005-07-01,81.01000213623047,81.01000213623047,80.80999755859375,80.83000183105469,53.93179702758789,206400,0.186,0.0,0.0
2005-07-05,80.83999633789062,80.88999938964844,80.80999755859375,80.8499984741211,53.94514465332031,198600,0.0,0.0,0.0
2005-07-06,80.83000183105469,80.9000015258789,80.83000183105469,80.9000015258789,53.978477478027344,130500,0.0,0.0,0.0
2005-07-07,80.98999786376953,81.01000213623047,80.94000244140625,80.97000122070312,54.02518844604492,151400,0.0,0.0,0.0
2005-07-08,80.95999908447266,80.95999908447266,80.86000061035156,80.87999725341797,53.96512985229492,126300,0.0,0.0,0.0
2005-07-11,80.86000061035156,80.86000061035156,80.80000305175781,80.81999969482422,53.92512130737305,1435900,0.0,0.0,0.0
2005-07-12,80.8499984741211,80.87000274658203,80.80999755859375,80.81999969482422,53.92512130737305,168100,0.0,0.0,0.0
2005-07-13,80.83000183105469,80.86000061035156,80.81999969482422,80.83000183105469,53.93179702758789,404800,0.0,0.0,0.0
2005-07-14,80.87999725341797,80.87999725341797,80.80999755859375,80.83000183105469,53.93179702758789,280300,0.0,0.0,0.0
2005-07-15,80.80999755859375,80.87000274658203,80.80000305175781,80.83999633789062,53.938419342041016,299200,0.0,0.0,0.0
2005-07-18,80.83000183105469,80.83999633789062,80.77999877929688,80.81999969482422,53.92512130737305,309300,0.0,0.0,0.0
2005-07-19,80.80000305175781,80.86000061035156,80.77999877929688,80.8499984741211,53.94514465332031,216100,0.0,0.0,0.0
2005-07-20,80.83000183105469,80.87999725341797,80.76000213623047,80.83999633789062,53.938419342041016,196200,0.0,0.0,0.0
2005-07-21,80.80000305175781,80.83999633789062,80.73999786376953,80.76000213623047,53.88505554199219,322600,0.0,0.0,0.0
2005-07-22,80.75,80.86000061035156,80.75,80.83999633789062,53.938419342041016,547000,0.0,0.0,0.0
2005-07-25,80.80000305175781,80.8499984741211,80.79000091552734,80.80999755859375,53.91843795776367,191600,0.0,0.0,0.0
2005-07-26,80.81999969482422,80.83000183105469,80.7699966430664,80.79000091552734,53.905059814453125,207200,0.0,0.0,0.0
2005-07-27,80.76000213623047,80.80999755859375,80.76000213623047,80.79000091552734,53.905059814453125,160000,0.0,0.0,0.0
2005-07-28,80.7699966430664,80.81999969482422,80.7699966430664,80.80000305175781,53.911800384521484,359100,0.0,0.0,0.0
2005-07-29,80.80000305175781,80.80000305175781,80.7300033569336,80.75,53.878421783447266,1124300,0.0,0.0,0.0
2005-08-01,80.58000183105469,80.58000183105469,80.51000213623047,80.5199966430664,53.84563446044922,273300,0.181,0.0,0.0
2005-08-02,80.5199966430664,80.58000183105469,80.5,80.52999877929688,53.852298736572266,512700,0.0,0.0,0.0
2005-08-03,80.54000091552734,80.58999633789062,80.5199966430664,80.55999755859375,53.87234878540039,253500,0.0,0.0,0.0
2005-08-04,80.55999755859375,80.62000274658203,80.55000305175781,80.55999755859375,53.87234878540039,230700,0.0,0.0,0.0
2005-08-05,80.52999877929688,80.52999877929688,80.44999694824219,80.48999786376953,53.82560729980469,289400,0.0,0.0,0.0
2005-08-08,80.48999786376953,80.48999786376953,80.41000366210938,80.41000366210938,53.77208709716797,156600,0.0,0.0,0.0
2005-08-09,80.41000366210938,80.5,80.38999938964844,80.5,53.83223342895508,168100,0.0,0.0,0.0
2005-08-10,80.56999969482422,80.56999969482422,80.47000122070312,80.5,53.83223342895508,260300,0.0,0.0,0.0
2005-08-11,80.51000213623047,80.5999984741211,80.4800033569336,80.55999755859375,53.87234878540039,177800,0.0,0.0,0.0
2005-08-12,80.58999633789062,80.66000366210938,80.58000183105469,80.66000366210938,53.93931198120117,224900,0.0,0.0,0.0
2005-08-15,80.66000366210938,80.66000366210938,80.58000183105469,80.62000274658203,53.912532806396484,148500,0.0,0.0,0.0
2005-08-16,80.66000366210938,80.69999694824219,80.63999938964844,80.66000366210938,53.93931198120117,252800,0.0,0.0,0.0
2005-08-17,80.66999816894531,80.69999694824219,80.62999725341797,80.68000030517578,53.95257568359375,178400,0.0,0.0,0.0
2005-08-18,80.69999694824219,80.75,80.66999816894531,80.75,53.999454498291016,115000,0.0,0.0,0.0
2005-08-19,80.7300033569336,80.73999786376953,80.68000030517578,80.72000122070312,53.9793701171875,218000,0.0,0.0,0.0
2005-08-22,80.69999694824219,80.7699966430664,80.68000030517578,80.7300033569336,53.9860954284668,974800,0.0,0.0,0.0
2005-08-23,80.77999877929688,80.81999969482422,80.76000213623047,80.80999755859375,54.03956985473633,192500,0.0,0.0,0.0
2005-08-24,80.8499984741211,80.8499984741211,80.76000213623047,80.81999969482422,54.0462760925293,145900,0.0,0.0,0.0
2005-08-25,80.83000183105469,80.83000183105469,80.79000091552734,80.80999755859375,54.03956985473633,186200,0.0,0.0,0.0
2005-08-26,80.80999755859375,80.81999969482422,80.7300033569336,80.75,53.999454498291016,272100,0.0,0.0,0.0
2005-08-29,80.75,80.80999755859375,80.73999786376953,80.7699966430664,54.01279830932617,183200,0.0,0.0,0.0
2005-08-30,80.80999755859375,80.91999816894531,80.77999877929688,80.88999938964844,54.09305191040039,455500,0.0,0.0,0.0
2005-08-31,80.98999786376953,81.0999984741211,80.93000030517578,81.0999984741211,54.23350524902344,289000,0.0,0.0,0.0
2005-09-01,80.87999725341797,81.06999969482422,80.8499984741211,80.97000122070312,54.29920196533203,624000,0.228,0.0,0.0
2005-09-02,80.94999694824219,81.06999969482422,80.94000244140625,81.06999969482422,54.36627197265625,204400,0.0,0.0,0.0
2005-09-06,80.9000015258789,80.95999908447266,80.8499984741211,80.94000244140625,54.279083251953125,238600,0.0,0.0,0.0
2005-09-07,80.93000030517578,80.93000030517578,80.83000183105469,80.87999725341797,54.238853454589844,887200,0.0,0.0,0.0
2005-09-08,80.91999816894531,80.91999816894531,80.83999633789062,80.83999633789062,54.211997985839844,225800,0.0,0.0,0.0
2005-09-09,80.83999633789062,80.91000366210938,80.83000183105469,80.86000061035156,54.22544479370117,454400,0.0,0.0,0.0
2005-09-12,80.83000183105469,80.83999633789062,80.76000213623047,80.83000183105469,54.20532989501953,157100,0.0,0.0,0.0
2005-09-13,80.8499984741211,80.91000366210938,80.83999633789062,80.87999725341797,54.238853454589844,683300,0.0,0.0,0.0
2005-09-14,80.91999816894531,80.91999816894531,80.8499984741211,80.87000274658203,54.232147216796875,335000,0.0,0.0,0.0
2005-09-15,80.87000274658203,80.93000030517578,80.81999969482422,80.8499984741211,54.21876525878906,347600,0.0,0.0,0.0
2005-09-16,80.87999725341797,80.9000015258789,80.75,80.79000091552734,54.17845916748047,240800,0.0,0.0,0.0
2005-09-19,80.81999969482422,80.87999725341797,80.7699966430664,80.80999755859375,54.19190216064453,188800,0.0,0.0,0.0
2005-09-20,80.80999755859375,80.83999633789062,80.70999908447266,80.75,54.15170669555664,284200,0.0,0.0,0.0
2005-09-21,80.86000061035156,80.87999725341797,80.80999755859375,80.83000183105469,54.20532989501953,465100,0.0,0.0,0.0
2005-09-22,80.87000274658203,80.91000366210938,80.83000183105469,80.86000061035156,54.22544479370117,411000,0.0,0.0,0.0
2005-09-23,80.8499984741211,80.87000274658203,80.73999786376953,80.79000091552734,54.17845916748047,131200,0.0,0.0,0.0
2005-09-26,80.66000366210938,80.75,80.66000366210938,80.7300033569336,54.13828659057617,162800,0.0,0.0,0.0
2005-09-27,80.76000213623047,80.77999877929688,80.6500015258789,80.69999694824219,54.118160247802734,265200,0.0,0.0,0.0
2005-09-28,80.66999816894531,80.75,80.66999816894531,80.7300033569336,54.13828659057617,243700,0.0,0.0,0.0
2005-09-29,80.70999908447266,80.73999786376953,80.66000366210938,80.69999694824219,54.118160247802734,243900,0.0,0.0,0.0
2005-09-30,80.69999694824219,80.69999694824219,80.58999633789062,80.62999725341797,54.07121658325195,199800,0.0,0.0,0.0
2005-10-03,80.43000030517578,80.43000030517578,80.30999755859375,80.36000061035156,54.046993255615234,212300,0.234,0.0,0.0
2005-10-04,80.41000366210938,80.41000366210938,80.30999755859375,80.3499984741211,54.04029083251953,488400,0.0,0.0,0.0
2005-10-05,80.37000274658203,80.44999694824219,80.37000274658203,80.38999938964844,54.06718444824219,569000,0.0,0.0,0.0
2005-10-06,80.44999694824219,80.44999694824219,80.37999725341797,80.38999938964844,54.06718444824219,333000,0.0,0.0,0.0
2005-10-07,80.4000015258789,80.47000122070312,80.3499984741211,80.44999694824219,54.107513427734375,156100,0.0,0.0,0.0
2005-10-10,80.58000183105469,80.5999984741211,80.43000030517578,80.44000244140625,54.100791931152344,114400,0.0,0.0,0.0
2005-10-11,80.37000274658203,80.43000030517578,80.36000061035156,80.41999816894531,54.08738327026367,215800,0.0,0.0,0.0
2005-10-12,80.43000030517578,80.43000030517578,80.3499984741211,80.36000061035156,54.046993255615234,509100,0.0,0.0,0.0
2005-10-13,80.38999938964844,80.38999938964844,80.33000183105469,80.36000061035156,54.046993255615234,548500,0.0,0.0,0.0
2005-10-14,80.3499984741211,80.43000030517578,80.30999755859375,80.37999725341797,54.06045150756836,340700,0.0,0.0,0.0
2005-10-17,80.4000015258789,80.43000030517578,80.33000183105469,80.33999633789062,54.0335578918457,308200,0.0,0.0,0.0
2005-10-18,80.36000061035156,80.41999816894531,80.36000061035156,80.41000366210938,54.08062744140625,241200,0.0,0.0,0.0
2005-10-19,80.48999786376953,80.48999786376953,80.4000015258789,80.44999694824219,54.107513427734375,575200,0.0,0.0,0.0
2005-10-20,80.41000366210938,80.44999694824219,80.37000274658203,80.44999694824219,54.107513427734375,323600,0.0,0.0,0.0
2005-10-21,80.48999786376953,80.51000213623047,80.44999694824219,80.5,54.14110565185547,362700,0.0,0.0,0.0
2005-10-24,80.4800033569336,80.48999786376953,80.41000366210938,80.47000122070312,54.12097930908203,277500,0.0,0.0,0.0
2005-10-25,80.41999816894531,80.47000122070312,80.31999969482422,80.33000183105469,54.02680587768555,373200,0.0,0.0,0.0
2005-10-26,80.36000061035156,80.37000274658203,80.2699966430664,80.30000305175781,54.00660705566406,224400,0.0,0.0,0.0
2005-10-27,80.36000061035156,80.4000015258789,80.30000305175781,80.36000061035156,54.046993255615234,307900,0.0,0.0,0.0
2005-10-28,80.4000015258789,80.41000366210938,80.29000091552734,80.36000061035156,54.046993255615234,369900,0.0,0.0,0.0
2005-10-31,80.31999969482422,80.37999725341797,80.30000305175781,80.33000183105469,54.02680587768555,294900,0.0,0.0,0.0
2005-11-01,80.16999816894531,80.18000030517578,80.05999755859375,80.12000274658203,54.04167556762695,639300,0.232,0.0,0.0
2005-11-02,80.12000274658203,80.13999938964844,80.06999969482422,80.11000061035156,54.03491973876953,150800,0.0,0.0,0.0
2005-11-03,80.0999984741211,80.12999725341797,80.02999877929688,80.06999969482422,54.0079345703125,228600,0.0,0.0,0.0
2005-11-04,80.08999633789062,80.11000061035156,80.02999877929688,80.06999969482422,54.0079345703125,174800,0.0,0.0,0.0
2005-11-07,80.08999633789062,80.11000061035156,80.05000305175781,80.05999755859375,54.001190185546875,243500,0.0,0.0,0.0
2005-11-08,80.1500015258789,80.19000244140625,80.12000274658203,80.16000366210938,54.06867218017578,238100,0.0,0.0,0.0
2005-11-09,80.16999816894531,80.16999816894531,80.05999755859375,80.05999755859375,54.001190185546875,199200,0.0,0.0,0.0
2005-11-10,80.1500015258789,80.19000244140625,80.0999984741211,80.16999816894531,54.07541275024414,291600,0.0,0.0,0.0
2005-11-11,80.11000061035156,80.23999786376953,80.0999984741211,80.19999694824219,54.09566879272461,211600,0.0,0.0,0.0
2005-11-14,80.18000030517578,80.18000030517578,80.08000183105469,80.08000183105469,54.01469039916992,448500,0.0,0.0,0.0
2005-11-15,80.13999938964844,80.19999694824219,80.0999984741211,80.13999938964844,54.055145263671875,249700,0.0,0.0,0.0
2005-11-16,80.19999694824219,80.27999877929688,80.19000244140625,80.23999786376953,54.122562408447266,328700,0.0,0.0,0.0
2005-11-17,80.20999908447266,80.3499984741211,80.20999908447266,80.30999755859375,54.16984176635742,456400,0.0,0.0,0.0
2005-11-18,80.25,80.33000183105469,80.25,80.30999755859375,54.16984176635742,206400,0.0,0.0,0.0
2005-11-21,80.3499984741211,80.38999938964844,80.30000305175781,80.36000061035156,54.20353698730469,255300,0.0,0.0,0.0
2005-11-22,80.37000274658203,80.48999786376953,80.33000183105469,80.47000122070312,54.27772903442383,1358500,0.0,0.0,0.0
2005-11-23,80.47000122070312,80.47000122070312,80.33999633789062,80.37000274658203,54.21025466918945,238400,0.0,0.0,0.0
2005-11-25,80.41000366210938,80.47000122070312,80.41000366210938,80.44000244140625,54.25748825073242,85700,0.0,0.0,0.0
2005-11-28,80.44999694824219,80.48999786376953,80.41999816894531,80.45999908447266,54.2710075378418,214400,0.0,0.0,0.0
2005-11-29,80.4800033569336,80.4800033569336,80.36000061035156,80.4000015258789,54.23050308227539,175900,0.0,0.0,0.0
2005-11-30,80.4000015258789,80.44000244140625,80.3499984741211,80.41000366210938,54.237266540527344,219800,0.0,0.0,0.0
2005-12-01,80.12999725341797,80.16999816894531,80.08000183105469,80.0999984741211,54.183841705322266,745500,0.231,0.0,0.0
2005-12-02,80.13999938964844,80.16999816894531,80.11000061035156,80.16999816894531,54.2312126159668,449400,0.0,0.0,0.0
2005-12-05,80.12999725341797,80.1500015258789,80.06999969482422,80.08000183105469,54.17033767700195,1608600,0.0,0.0,0.0
2005-12-06,80.1500015258789,80.2300033569336,80.12000274658203,80.19000244140625,54.24471664428711,260100,0.0,0.0,0.0
2005-12-07,80.22000122070312,80.23999786376953,80.18000030517578,80.19999694824219,54.25149917602539,317400,0.0,0.0,0.0
2005-12-08,80.27999877929688,80.33000183105469,80.25,80.30000305175781,54.31909942626953,155300,0.0,0.0,0.0
2005-12-09,80.2699966430664,80.29000091552734,80.20999908447266,80.22000122070312,54.264984130859375,869500,0.0,0.0,0.0
2005-12-12,80.26000213623047,80.26000213623047,80.16000366210938,80.20999908447266,54.258277893066406,1200500,0.0,0.0,0.0
2005-12-13,80.2300033569336,80.30999755859375,80.20999908447266,80.25,54.2852668762207,354600,0.0,0.0,0.0
2005-12-14,80.31999969482422,80.37999725341797,80.30000305175781,80.33999633789062,54.34621047973633,368200,0.0,0.0,0.0
2005-12-15,80.33999633789062,80.36000061035156,80.2699966430664,80.33999633789062,54.34621047973633,420900,0.0,0.0,0.0
2005-12-16,80.41000366210938,80.41999816894531,80.33999633789062,80.38999938964844,54.38002014160156,161500,0.0,0.0,0.0
2005-12-19,80.30999755859375,80.4000015258789,80.30999755859375,80.33999633789062,54.34621047973633,182100,0.0,0.0,0.0
2005-12-20,80.36000061035156,80.36000061035156,80.29000091552734,80.33000183105469,54.339412689208984,389300,0.0,0.0,0.0
2005-12-21,80.36000061035156,80.36000061035156,80.29000091552734,80.33000183105469,54.339412689208984,363400,0.0,0.0,0.0
2005-12-22,80.37999725341797,80.43000030517578,80.33999633789062,80.4000015258789,54.386749267578125,1288100,0.0,0.0,0.0
2005-12-23,80.37000274658203,80.5,80.3499984741211,80.44000244140625,54.41383743286133,196100,0.0,0.0,0.0
2005-12-27,80.38999938964844,80.51000213623047,80.38999938964844,80.44999694824219,54.42056655883789,552500,0.0,0.0,0.0
2005-12-28,80.29000091552734,80.31999969482422,80.19999694824219,80.30000305175781,54.48778533935547,401000,0.249,0.0,0.0
2005-12-29,80.2699966430664,80.2699966430664,80.16999816894531,80.23999786376953,54.44704818725586,418800,0.0,0.0,0.0
2005-12-30,80.22000122070312,80.27999877929688,80.16999816894531,80.20999908447266,54.42672348022461,410400,0.0,0.0,0.0
2006-01-03,80.16999816894531,80.3499984741211,80.16999816894531,80.31999969482422,54.50130844116211,1075400,0.0,0.0,0.0
2006-01-04,80.30000305175781,80.4000015258789,80.29000091552734,80.4000015258789,54.555599212646484,345500,0.0,0.0,0.0
2006-01-05,80.31999969482422,80.4000015258789,80.31999969482422,80.33000183105469,54.50811767578125,274400,0.0,0.0,0.0
2006-01-06,80.30999755859375,80.36000061035156,80.30000305175781,80.3499984741211,54.52170181274414,500200,0.0,0.0,0.0
2006-01-09,80.3499984741211,80.36000061035156,80.30000305175781,80.36000061035156,54.52846908569336,351500,0.0,0.0,0.0
2006-01-10,80.27999877929688,80.33000183105469,80.2699966430664,80.27999877929688,54.47416687011719,406000,0.0,0.0,0.0
2006-01-11,80.30000305175781,80.36000061035156,80.25,80.27999877929688,54.47416687011719,484700,0.0,0.0,0.0
2006-01-12,80.30999755859375,80.37000274658203,80.27999877929688,80.31999969482422,54.50130844116211,450600,0.0,0.0,0.0
2006-01-13,80.4000015258789,80.4800033569336,80.37000274658203,80.4800033569336,54.60992431640625,226500,0.0,0.0,0.0
2006-01-17,80.44999694824219,80.45999908447266,80.4000015258789,80.44999694824219,54.589534759521484,447900,0.0,0.0,0.0
2006-01-18,80.45999908447266,80.5,80.41999816894531,80.44000244140625,54.58274841308594,393200,0.0,0.0,0.0
2006-01-19,80.44999694824219,80.45999908447266,80.4000015258789,80.44999694824219,54.589534759521484,588600,0.0,0.0,0.0
2006-01-20,80.41000366210938,80.48999786376953,80.38999938964844,80.4800033569336,54.60992431640625,383900,0.0,0.0,0.0
2006-01-23,80.44000244140625,80.5,80.4000015258789,80.48999786376953,54.61668014526367,565500,0.0,0.0,0.0
2006-01-24,80.4800033569336,80.4800033569336,80.41999816894531,80.47000122070312,54.6031379699707,227300,0.0,0.0,0.0
2006-01-25,80.47000122070312,80.47000122070312,80.36000061035156,80.36000061035156,54.52846908569336,244600,0.0,0.0,0.0
2006-01-26,80.33000183105469,80.37000274658203,80.30000305175781,80.37000274658203,54.535247802734375,220000,0.0,0.0,0.0
2006-01-27,80.41000366210938,80.41000366210938,80.30000305175781,80.30999755859375,54.49456787109375,362800,0.0,0.0,0.0
2006-01-30,80.33999633789062,80.36000061035156,80.29000091552734,80.3499984741211,54.52170181274414,204100,0.0,0.0,0.0
2006-01-31,80.31999969482422,80.37999725341797,80.30000305175781,80.3499984741211,54.52170181274414,256400,0.0,0.0,0.0
2006-02-01,80.06999969482422,80.0999984741211,80.0,80.02999877929688,54.471988677978516,950100,0.247,0.0,0.0
2006-02-02,80.06999969482422,80.06999969482422,79.98999786376953,80.02999877929688,54.471988677978516,435200,0.0,0.0,0.0
2006-02-03,80.0,80.06999969482422,79.95999908447266,80.06999969482422,54.49921417236328,250800,0.0,0.0,0.0
2006-02-06,80.05000305175781,80.05000305175781,80.0,80.02999877929688,54.471988677978516,192800,0.0,0.0,0.0
2006-02-07,80.05000305175781,80.05000305175781,79.97000122070312,80.04000091552734,54.47877883911133,195800,0.0,0.0,0.0
2006-02-08,80.06999969482422,80.06999969482422,79.98999786376953,80.01000213623047,54.45840835571289,334300,0.0,0.0,0.0
2006-02-09,80.05999755859375,80.05999755859375,79.95999908447266,79.98999786376953,54.44477081298828,226500,0.0,0.0,0.0
2006-02-10,80.06999969482422,80.06999969482422,79.93000030517578,79.93000030517578,54.40396499633789,610800,0.0,0.0,0.0
2006-02-13,80.01000213623047,80.0199966430664,79.95999908447266,79.98999786376953,54.44477081298828,159200,0.0,0.0,0.0
2006-02-14,79.94000244140625,80.0,79.91999816894531,79.98999786376953,54.44477081298828,296100,0.0,0.0,0.0
2006-02-15,80.05999755859375,80.05999755859375,79.95999908447266,79.9800033569336,54.437957763671875,435800,0.0,0.0,0.0
2006-02-16,80.0199966430664,80.05000305175781,79.9800033569336,80.04000091552734,54.47877883911133,167200,0.0,0.0,0.0
2006-02-17,80.08999633789062,80.11000061035156,80.04000091552734,80.0999984741211,54.51963806152344,353400,0.0,0.0,0.0
2006-02-21,80.04000091552734,80.08000183105469,80.01000213623047,80.04000091552734,54.47877883911133,11045800,0.0,0.0,0.0
2006-02-22,80.08999633789062,80.0999984741211,80.04000091552734,80.0999984741211,54.51963806152344,230700,0.0,0.0,0.0
2006-02-23,80.08000183105469,80.08999633789062,80.01000213623047,80.02999877929688,54.471988677978516,288200,0.0,0.0,0.0
2006-02-24,80.06999969482422,80.0999984741211,80.0199966430664,80.05999755859375,54.49237823486328,282600,0.0,0.0,0.0
2006-02-27,80.08999633789062,80.0999984741211,80.01000213623047,80.0199966430664,54.46524429321289,216200,0.0,0.0,0.0
2006-02-28,80.08999633789062,80.1500015258789,80.08000183105469,80.12999725341797,54.54011154174805,270800,0.0,0.0,0.0
2006-03-01,79.9000015258789,79.94000244140625,79.80999755859375,79.80999755859375,54.51200485229492,556600,0.279,0.0,0.0
2006-03-02,79.87000274658203,79.87000274658203,79.77999877929688,79.83999633789062,54.53254699707031,207300,0.0,0.0,0.0
2006-03-03,79.83999633789062,79.83999633789062,79.73999786376953,79.76000213623047,54.47792053222656,251000,0.0,0.0,0.0
2006-03-06,79.80000305175781,79.80999755859375,79.75,79.79000091552734,54.498451232910156,797100,0.0,0.0,0.0
2006-03-07,79.73999786376953,79.79000091552734,79.72000122070312,79.79000091552734,54.498451232910156,276800,0.0,0.0,0.0
2006-03-08,79.80999755859375,79.8499984741211,79.76000213623047,79.83999633789062,54.53254699707031,865100,0.0,0.0,0.0
2006-03-09,79.83999633789062,79.87000274658203,79.80000305175781,79.87000274658203,54.55305480957031,785800,0.0,0.0,0.0
2006-03-10,79.83000183105469,79.83000183105469,79.76000213623047,79.79000091552734,54.498451232910156,153300,0.0,0.0,0.0
2006-03-13,79.83000183105469,79.83000183105469,79.77999877929688,79.79000091552734,54.498451232910156,168200,0.0,0.0,0.0
2006-03-14,79.80000305175781,79.95999908447266,79.80000305175781,79.94999694824219,54.60770797729492,556900,0.0,0.0,0.0
2006-03-15,79.91999816894531,79.9800033569336,79.91000366210938,79.97000122070312,54.621368408203125,161900,0.0,0.0,0.0
2006-03-16,80.0,80.12999725341797,79.97000122070312,80.11000061035156,54.716949462890625,522100,0.0,0.0,0.0
2006-03-17,80.08999633789062,80.11000061035156,80.0199966430664,80.08000183105469,54.69647979736328,362600,0.0,0.0,0.0
2006-03-20,80.0999984741211,80.12000274658203,80.06999969482422,80.12000274658203,54.72381591796875,421400,0.0,0.0,0.0
2006-03-21,80.01000213623047,80.05999755859375,79.94999694824219,79.9800033569336,54.62819290161133,195500,0.0,0.0,0.0
2006-03-22,80.01000213623047,80.05000305175781,79.97000122070312,80.0,54.64183807373047,440000,0.0,0.0,0.0
2006-03-23,80.0199966430664,80.04000091552734,79.94999694824219,79.9800033569336,54.62819290161133,673000,0.0,0.0,0.0
2006-03-24,80.0,80.11000061035156,79.95999908447266,80.08999633789062,54.70329666137695,165200,0.0,0.0,0.0
2006-03-27,80.06999969482422,80.08000183105469,80.0,80.06999969482422,54.68964767456055,136700,0.0,0.0,0.0
2006-03-28,80.05999755859375,80.08999633789062,79.9800033569336,80.0,54.64183807373047,716500,0.0,0.0,0.0
2006-03-29,79.97000122070312,80.01000213623047,79.94999694824219,80.0,54.64183807373047,586800,0.0,0.0,0.0
2006-03-30,79.98999786376953,80.0,79.9000015258789,79.95999908447266,54.614479064941406,554600,0.0,0.0,0.0
2006-03-31,79.98999786376953,80.01000213623047,79.94999694824219,79.98999786376953,54.635047912597656,333900,0.0,0.0,0.0
2006-04-03,79.62000274658203,79.70999908447266,79.58999633789062,79.68000030517578,54.60481262207031,526700,0.266,0.0,0.0
2006-04-04,79.70999908447266,79.75,79.66000366210938,79.73999786376953,54.645973205566406,313800,0.0,0.0,0.0
2006-04-05,79.80999755859375,79.80999755859375,79.73999786376953,79.75,54.65284729003906,1029300,0.0,0.0,0.0
2006-04-06,79.77999877929688,79.79000091552734,79.70999908447266,79.73999786376953,54.645973205566406,3739500,0.0,0.0,0.0
2006-04-07,79.73999786376953,79.73999786376953,79.6500015258789,79.69000244140625,54.61174392700195,230300,0.0,0.0,0.0
2006-04-10,79.69999694824219,79.70999908447266,79.66000366210938,79.70999908447266,54.625389099121094,1151000,0.0,0.0,0.0
2006-04-11,79.75,79.77999877929688,79.69999694824219,79.77999877929688,54.67334747314453,397600,0.0,0.0,0.0
2006-04-12,79.80000305175781,79.80000305175781,79.70999908447266,79.7300033569336,54.63910675048828,511800,0.0,0.0,0.0
2006-04-13,79.75,79.75,79.6500015258789,79.72000122070312,54.63227844238281,376500,0.0,0.0,0.0
2006-04-17,79.75,79.7699966430664,79.69000244140625,79.7699966430664,54.66654586791992,702100,0.0,0.0,0.0
2006-04-18,79.77999877929688,79.91999816894531,79.7699966430664,79.87999725341797,54.74192428588867,3043100,0.0,0.0,0.0
2006-04-19,79.76000213623047,79.86000061035156,79.76000213623047,79.86000061035156,54.72820281982422,694600,0.0,0.0,0.0
2006-04-20,79.8499984741211,79.8499984741211,79.80000305175781,79.83000183105469,54.707672119140625,447300,0.0,0.0,0.0
2006-04-21,79.86000061035156,79.86000061035156,79.80000305175781,79.83000183105469,54.707672119140625,385400,0.0,0.0,0.0
2006-04-24,79.8499984741211,79.9000015258789,79.81999969482422,79.87000274658203,54.735084533691406,242500,0.0,0.0,0.0
2006-04-25,79.87000274658203,79.87000274658203,79.75,79.80999755859375,54.69391632080078,344100,0.0,0.0,0.0
2006-04-26,79.80999755859375,79.80999755859375,79.7300033569336,79.75,54.65284729003906,284200,0.0,0.0,0.0
2006-04-27,79.70999908447266,79.9000015258789,79.70999908447266,79.87999725341797,54.74192428588867,492600,0.0,0.0,0.0
2006-04-28,79.91999816894531,79.95999908447266,79.87000274658203,79.9000015258789,54.755645751953125,207000,0.0,0.0,0.0
2006-05-01,79.6500015258789,79.66000366210938,79.52999877929688,79.58999633789062,54.723297119140625,277700,0.263,0.0,0.0
2006-05-02,79.58999633789062,79.63999938964844,79.54000091552734,79.5999984741211,54.730159759521484,445700,0.0,0.0,0.0
2006-05-03,79.63999938964844,79.6500015258789,79.56999969482422,79.5999984741211,54.730159759521484,1665200,0.0,0.0,0.0
2006-05-04,79.55000305175781,79.62999725341797,79.55000305175781,79.61000061035156,54.737056732177734,397400,0.0,0.0,0.0
2006-05-05,79.58999633789062,79.66999816894531,79.58999633789062,79.62999725341797,54.75077438354492,376800,0.0,0.0,0.0
2006-05-08,79.63999938964844,79.6500015258789,79.56999969482422,79.62000274658203,54.74391555786133,281500,0.0,0.0,0.0
2006-05-09,79.55999755859375,79.63999938964844,79.55999755859375,79.62999725341797,54.75077438354492,233800,0.0,0.0,0.0
2006-05-10,79.62999725341797,79.7699966430664,79.55000305175781,79.62999725341797,54.75077438354492,454100,0.0,0.0,0.0
2006-05-11,79.63999938964844,79.66000366210938,79.58999633789062,79.66000366210938,54.77144241333008,343300,0.0,0.0,0.0
2006-05-12,79.66000366210938,79.66999816894531,79.58000183105469,79.62999725341797,54.75077438354492,2040900,0.0,0.0,0.0
2006-05-15,79.66999816894531,79.69000244140625,79.62000274658203,79.66999816894531,54.77831268310547,350900,0.0,0.0,0.0
2006-05-16,79.69999694824219,79.75,79.6500015258789,79.73999786376953,54.8264274597168,607600,0.0,0.0,0.0
2006-05-17,79.70999908447266,79.7300033569336,79.62999725341797,79.69999694824219,54.79892349243164,463200,0.0,0.0,0.0
2006-05-18,79.72000122070312,79.81999969482422,79.72000122070312,79.77999877929688,54.85390853881836,491400,0.0,0.0,0.0
2006-05-19,79.79000091552734,79.81999969482422,79.7300033569336,79.76000213623047,54.8401985168457,353000,0.0,0.0,0.0
2006-05-22,79.77999877929688,79.8499984741211,79.75,79.76000213623047,54.8401985168457,543600,0.0,0.0,0.0
2006-05-23,79.80000305175781,79.80999755859375,79.70999908447266,79.80999755859375,54.87455749511719,307400,0.0,0.0,0.0
2006-05-24,79.88999938964844,79.88999938964844,79.80000305175781,79.86000061035156,54.908939361572266,298000,0.0,0.0,0.0
2006-05-25,79.91000366210938,79.91000366210938,79.83000183105469,79.86000061035156,54.908939361572266,603700,0.0,0.0,0.0
2006-05-26,79.86000061035156,79.94999694824219,79.8499984741211,79.88999938964844,54.9295539855957,1221300,0.0,0.0,0.0
2006-05-30,79.8499984741211,79.88999938964844,79.81999969482422,79.83000183105469,54.88833999633789,977400,0.0,0.0,0.0
2006-05-31,79.88999938964844,79.9000015258789,79.7699966430664,79.7699966430664,54.84709167480469,412200,0.0,0.0,0.0
2006-06-01,79.55999755859375,79.62999725341797,79.5,79.5999984741211,54.914642333984375,1356100,0.268,0.0,0.0
2006-06-02,79.7300033569336,79.75,79.66000366210938,79.72000122070312,54.99747085571289,1762200,0.0,0.0,0.0
2006-06-05,79.68000030517578,79.7300033569336,79.62000274658203,79.6500015258789,54.949180603027344,325800,0.0,0.0,0.0
2006-06-06,79.6500015258789,79.66999816894531,79.5999984741211,79.6500015258789,54.949180603027344,195800,0.0,0.0,0.0
2006-06-07,79.58999633789062,79.6500015258789,79.58999633789062,79.5999984741211,54.914642333984375,256700,0.0,0.0,0.0
2006-06-08,79.66999816894531,79.73999786376953,79.5999984741211,79.69000244140625,54.97675323486328,772000,0.0,0.0,0.0
2006-06-09,79.68000030517578,79.70999908447266,79.62000274658203,79.69000244140625,54.97675323486328,689600,0.0,0.0,0.0
2006-06-12,79.68000030517578,79.70999908447266,79.6500015258789,79.69999694824219,54.98367691040039,1695900,0.0,0.0,0.0
2006-06-13,79.66999816894531,79.7300033569336,79.6500015258789,79.68000030517578,54.96982192993164,322200,0.0,0.0,0.0
2006-06-14,79.62999725341797,79.63999938964844,79.55000305175781,79.5999984741211,54.914642333984375,507600,0.0,0.0,0.0
2006-06-15,79.5199966430664,79.5999984741211,79.51000213623047,79.58000183105469,54.90087127685547,1066600,0.0,0.0,0.0
2006-06-16,79.5199966430664,79.58000183105469,79.48999786376953,79.54000091552734,54.87328338623047,357700,0.0,0.0,0.0
2006-06-19,79.5199966430664,79.52999877929688,79.4800033569336,79.51000213623047,54.85258865356445,286100,0.0,0.0,0.0
2006-06-20,79.5,79.5199966430664,79.47000122070312,79.5,54.84566879272461,460500,0.0,0.0,0.0
2006-06-21,79.55999755859375,79.55999755859375,79.48999786376953,79.5199966430664,54.8595085144043,1958400,0.0,0.0,0.0
2006-06-22,79.51000213623047,79.51000213623047,79.44000244140625,79.4800033569336,54.83185958862305,323000,0.0,0.0,0.0
2006-06-23,79.5,79.5,79.41999816894531,79.45999908447266,54.81809616088867,322900,0.0,0.0,0.0
2006-06-26,79.48999786376953,79.48999786376953,79.43000030517578,79.47000122070312,54.82501983642578,230200,0.0,0.0,0.0
2006-06-27,79.5,79.55000305175781,79.4800033569336,79.5199966430664,54.8595085144043,1816700,0.0,0.0,0.0
2006-06-28,79.52999877929688,79.52999877929688,79.43000030517578,79.4800033569336,54.83185958862305,378200,0.0,0.0,0.0
2006-06-29,79.47000122070312,79.62999725341797,79.47000122070312,79.62000274658203,54.92849349975586,557000,0.0,0.0,0.0
2006-06-30,79.5999984741211,79.69999694824219,79.5999984741211,79.69000244140625,54.97675323486328,1242600,0.0,0.0,0.0
2006-07-03,79.30999755859375,79.41999816894531,79.30000305175781,79.4000015258789,54.96846008300781,916000,0.278,0.0,0.0
2006-07-05,79.37000274658203,79.37999725341797,79.26000213623047,79.33000183105469,54.92003631591797,2003600,0.0,0.0,0.0
2006-07-06,79.31999969482422,79.38999938964844,79.30000305175781,79.38999938964844,54.961578369140625,1200600,0.0,0.0,0.0
2006-07-07,79.43000030517578,79.44999694824219,79.37000274658203,79.44999694824219,55.00306701660156,476800,0.0,0.0,0.0
2006-07-10,79.44999694824219,79.45999908447266,79.4000015258789,79.44999694824219,55.00306701660156,667700,0.0,0.0,0.0
2006-07-11,79.4800033569336,79.5,79.44000244140625,79.44999694824219,55.00306701660156,305600,0.0,0.0,0.0
2006-07-12,79.44000244140625,79.48999786376953,79.41999816894531,79.4800033569336,55.023841857910156,2930100,0.0,0.0,0.0
2006-07-13,79.52999877929688,79.58000183105469,79.45999908447266,79.58000183105469,55.093074798583984,456800,0.0,0.0,0.0
2006-07-14,79.5999984741211,79.63999938964844,79.54000091552734,79.58999633789062,55.10000228881836,333800,0.0,0.0,0.0
2006-07-17,79.52999877929688,79.61000061035156,79.52999877929688,79.58000183105469,55.093074798583984,792500,0.0,0.0,0.0
2006-07-18,79.5199966430664,79.56999969482422,79.4800033569336,79.5199966430664,55.051517486572266,823300,0.0,0.0,0.0
2006-07-19,79.43000030517578,79.6500015258789,79.43000030517578,79.62999725341797,55.127655029296875,594000,0.0,0.0,0.0
2006-07-20,79.58999633789062,79.7300033569336,79.58999633789062,79.7300033569336,55.19691848754883,386300,0.0,0.0,0.0
2006-07-21,79.80000305175781,79.80000305175781,79.66999816894531,79.70999908447266,55.183067321777344,1209200,0.0,0.0,0.0
2006-07-24,79.7300033569336,79.7699966430664,79.69000244140625,79.70999908447266,55.183067321777344,161200,0.0,0.0,0.0
2006-07-25,79.7300033569336,79.73999786376953,79.6500015258789,79.69000244140625,55.16923904418945,255000,0.0,0.0,0.0
2006-07-26,79.73999786376953,79.81999969482422,79.69999694824219,79.79000091552734,55.238441467285156,872800,0.0,0.0,0.0
2006-07-27,79.80000305175781,79.87000274658203,79.80000305175781,79.83000183105469,55.26610565185547,724900,0.0,0.0,0.0
2006-07-28,79.8499984741211,79.94999694824219,79.8499984741211,79.93000030517578,55.33537673950195,500800,0.0,0.0,0.0
2006-07-31,79.95999908447266,79.9800033569336,79.91999816894531,79.94000244140625,55.34230041503906,401900,0.0,0.0,0.0
2006-08-01,79.69000244140625,79.72000122070312,79.6500015258789,79.69999694824219,55.376365661621094,202700,0.289,0.0,0.0
2006-08-02,79.69999694824219,79.75,79.66999816894531,79.69999694824219,55.376365661621094,302400,0.0,0.0,0.0
2006-08-03,79.72000122070312,79.7300033569336,79.6500015258789,79.69000244140625,55.369441986083984,249400,0.0,0.0,0.0
2006-08-04,79.75,79.83999633789062,79.73999786376953,79.76000213623047,55.41805648803711,681400,0.0,0.0,0.0
2006-08-07,79.7699966430664,79.80000305175781,79.75,79.79000091552734,55.43885803222656,342700,0.0,0.0,0.0
2006-08-08,79.77999877929688,79.8499984741211,79.72000122070312,79.83000183105469,55.46660232543945,464800,0.0,0.0,0.0
2006-08-09,79.83999633789062,79.87000274658203,79.80000305175781,79.86000061035156,55.487491607666016,499900,0.0,0.0,0.0
2006-08-10,79.87000274658203,79.87999725341797,79.80000305175781,79.83999633789062,55.473602294921875,238600,0.0,0.0,0.0
2006-08-11,79.80999755859375,79.81999969482422,79.73999786376953,79.7699966430664,55.42498779296875,224100,0.0,0.0,0.0
2006-08-14,79.77999877929688,79.79000091552734,79.70999908447266,79.7300033569336,55.39718246459961,351600,0.0,0.0,0.0
2006-08-15,79.83999633789062,79.8499984741211,79.80000305175781,79.83999633789062,55.473602294921875,356800,0.0,0.0,0.0
2006-08-16,79.94000244140625,79.9800033569336,79.91000366210938,79.97000122070312,55.563941955566406,654800,0.0,0.0,0.0
2006-08-17,79.95999908447266,79.9800033569336,79.91999816894531,79.95999908447266,55.5570068359375,262500,0.0,0.0,0.0
2006-08-18,79.9800033569336,80.0,79.94999694824219,79.98999786376953,55.57787322998047,252900,0.0,0.0,0.0
2006-08-21,80.02999877929688,80.04000091552734,79.9800033569336,80.04000091552734,55.612552642822266,294200,0.0,0.0,0.0
2006-08-22,80.04000091552734,80.05999755859375,80.0,80.02999877929688,55.60562515258789,276500,0.0,0.0,0.0
2006-08-23,80.0199966430664,80.04000091552734,79.98999786376953,80.01000213623047,55.59175491333008,389100,0.0,0.0,0.0
2006-08-24,80.02999877929688,80.05999755859375,80.0199966430664,80.05999755859375,55.62644577026367,315800,0.0,0.0,0.0
2006-08-25,80.06999969482422,80.0999984741211,80.02999877929688,80.08000183105469,55.640403747558594,287700,0.0,0.0,0.0
2006-08-28,80.08999633789062,80.0999984741211,80.05000305175781,80.0999984741211,55.65425491333008,210100,0.0,0.0,0.0
2006-08-29,80.08000183105469,80.12999725341797,80.01000213623047,80.12999725341797,55.675106048583984,419000,0.0,0.0,0.0
2006-08-30,80.12999725341797,80.18000030517578,80.12999725341797,80.18000030517578,55.709835052490234,153400,0.0,0.0,0.0
2006-08-31,80.22000122070312,80.26000213623047,80.16999816894531,80.25,55.758514404296875,290200,0.0,0.0,0.0
2006-09-01,79.95999908447266,80.0999984741211,79.94000244140625,80.05000305175781,55.82193374633789,312800,0.291,0.0,0.0
2006-09-05,80.0,80.0,79.91999816894531,79.95999908447266,55.759193420410156,369900,0.0,0.0,0.0
2006-09-06,79.94999694824219,79.95999908447266,79.88999938964844,79.95999908447266,55.759193420410156,398200,0.0,0.0,0.0
2006-09-07,79.97000122070312,79.9800033569336,79.91999816894531,79.95999908447266,55.759193420410156,556300,0.0,0.0,0.0
2006-09-08,80.0,80.04000091552734,79.9800033569336,80.01000213623047,55.79407501220703,491500,0.0,0.0,0.0
2006-09-11,80.02999877929688,80.02999877929688,79.94999694824219,80.0,55.78706359863281,371900,0.0,0.0,0.0
2006-09-12,79.97000122070312,80.04000091552734,79.94999694824219,80.04000091552734,55.81499099731445,262500,0.0,0.0,0.0
2006-09-13,80.04000091552734,80.08999633789062,80.01000213623047,80.05000305175781,55.82193374633789,266300,0.0,0.0,0.0
2006-09-14,80.05999755859375,80.08000183105469,79.9800033569336,79.9800033569336,55.773162841796875,560200,0.0,0.0,0.0
2006-09-15,80.08000183105469,80.08000183105469,79.94999694824219,80.01000213623047,55.79407501220703,682900,0.0,0.0,0.0
2006-09-18,79.97000122070312,80.0,79.9000015258789,80.0,55.78706359863281,177000,0.0,0.0,0.0
2006-09-19,80.0999984741211,80.12000274658203,80.02999877929688,80.11000061035156,55.86383056640625,729500,0.0,0.0,0.0
2006-09-20,80.16000366210938,80.19999694824219,80.08000183105469,80.13999938964844,55.884727478027344,645500,0.0,0.0,0.0
2006-09-21,80.16000366210938,80.30000305175781,80.0999984741211,80.27999877929688,55.982303619384766,574400,0.0,0.0,0.0
2006-09-22,80.33000183105469,80.33000183105469,80.27999877929688,80.31999969482422,56.01023483276367,841000,0.0,0.0,0.0
2006-09-25,80.38999938964844,80.41000366210938,80.33000183105469,80.38999938964844,56.05904769897461,382000,0.0,0.0,0.0
2006-09-26,80.4000015258789,80.4000015258789,80.29000091552734,80.30000305175781,55.996315002441406,497800,0.0,0.0,0.0
2006-09-27,80.41000366210938,80.43000030517578,80.30999755859375,80.36000061035156,56.03813552856445,828800,0.0,0.0,0.0
2006-09-28,80.38999938964844,80.38999938964844,80.29000091552734,80.38999938964844,56.05904769897461,766900,0.0,0.0,0.0
2006-09-29,80.4000015258789,80.41000366210938,80.29000091552734,80.30999755859375,56.0032958984375,289900,0.0,0.0,0.0
2006-10-02,80.0999984741211,80.12999725341797,80.01000213623047,80.11000061035156,56.06904983520508,486500,0.294,0.0,0.0
2006-10-03,80.13999938964844,80.16000366210938,80.08000183105469,80.12000274658203,56.07605743408203,384800,0.0,0.0,0.0
2006-10-04,80.19000244140625,80.27999877929688,80.16000366210938,80.26000213623047,56.17402648925781,438300,0.0,0.0,0.0
2006-10-05,80.2699966430664,80.2699966430664,80.12999725341797,80.18000030517578,56.118038177490234,409000,0.0,0.0,0.0
2006-10-06,80.1500015258789,80.1500015258789,80.0,80.08000183105469,56.04806900024414,1015600,0.0,0.0,0.0
2006-10-09,80.12999725341797,80.1500015258789,80.02999877929688,80.08999633789062,56.05506134033203,202800,0.0,0.0,0.0
2006-10-10,80.05000305175781,80.05999755859375,79.94999694824219,79.9800033569336,55.97809600830078,296500,0.0,0.0,0.0
2006-10-11,80.0199966430664,80.05999755859375,79.9000015258789,79.97000122070312,55.97104263305664,327300,0.0,0.0,0.0
2006-10-12,79.94999694824219,80.02999877929688,79.94999694824219,80.01000213623047,55.999080657958984,1874600,0.0,0.0,0.0
2006-10-13,79.98999786376953,79.98999786376953,79.94000244140625,79.9800033569336,55.97809600830078,532800,0.0,0.0,0.0
2006-10-16,79.93000030517578,80.0199966430664,79.93000030517578,80.0199966430664,56.00602722167969,524200,0.0,0.0,0.0
2006-10-17,80.06999969482422,80.08000183105469,79.98999786376953,80.02999877929688,56.0130729675293,391900,0.0,0.0,0.0
2006-10-18,80.04000091552734,80.05999755859375,79.98999786376953,80.04000091552734,56.02007293701172,309300,0.0,0.0,0.0
2006-10-19,80.05000305175781,80.05999755859375,79.98999786376953,80.02999877929688,56.0130729675293,817100,0.0,0.0,0.0
2006-10-20,80.05999755859375,80.05999755859375,80.01000213623047,80.05999755859375,56.034053802490234,542100,0.0,0.0,0.0
2006-10-23,80.0199966430664,80.0199966430664,79.97000122070312,80.0199966430664,56.00602722167969,219900,0.0,0.0,0.0
2006-10-24,80.01000213623047,80.02999877929688,79.9800033569336,80.0199966430664,56.00602722167969,321400,0.0,0.0,0.0
2006-10-25,80.05000305175781,80.12999725341797,79.9800033569336,80.11000061035156,56.06904983520508,1177200,0.0,0.0,0.0
2006-10-26,80.18000030517578,80.22000122070312,80.12000274658203,80.20999908447266,56.1390266418457,1000200,0.0,0.0,0.0
2006-10-27,80.29000091552734,80.30000305175781,80.2300033569336,80.29000091552734,56.19502258300781,612700,0.0,0.0,0.0
2006-10-30,80.22000122070312,80.2699966430664,80.22000122070312,80.23999786376953,56.160064697265625,281400,0.0,0.0,0.0
2006-10-31,80.23999786376953,80.3499984741211,80.23999786376953,80.3499984741211,56.237037658691406,471700,0.0,0.0,0.0
2006-11-01,80.08999633789062,80.19000244140625,80.04000091552734,80.11000061035156,56.27706527709961,745900,0.297,0.0,0.0
2006-11-02,80.1500015258789,80.1500015258789,80.08000183105469,80.08999633789062,56.26301574707031,287800,0.0,0.0,0.0
2006-11-03,79.98999786376953,80.0,79.9000015258789,79.94000244140625,56.157657623291016,572800,0.0,0.0,0.0
2006-11-06,79.91999816894531,79.94999694824219,79.88999938964844,79.93000030517578,56.150630950927734,362700,0.0,0.0,0.0
2006-11-07,80.02999877929688,80.05000305175781,79.98999786376953,80.02999877929688,56.220863342285156,150500,0.0,0.0,0.0
2006-11-08,80.05000305175781,80.08000183105469,80.01000213623047,80.06999969482422,56.248992919921875,406800,0.0,0.0,0.0
2006-11-09,80.0999984741211,80.0999984741211,80.04000091552734,80.05999755859375,56.241947174072266,1603400,0.0,0.0,0.0
2006-11-10,80.12999725341797,80.13999938964844,80.08000183105469,80.12000274658203,56.28408432006836,236500,0.0,0.0,0.0
2006-11-13,80.12999725341797,80.12999725341797,80.05000305175781,80.12000274658203,56.28408432006836,785200,0.0,0.0,0.0
2006-11-14,80.19000244140625,80.19000244140625,80.11000061035156,80.12999725341797,56.29109191894531,391800,0.0,0.0,0.0
2006-11-15,80.12999725341797,80.13999938964844,80.05000305175781,80.08000183105469,56.256011962890625,277400,0.0,0.0,0.0
2006-11-16,80.0999984741211,80.1500015258789,80.0199966430664,80.05000305175781,56.234893798828125,3239700,0.0,0.0,0.0
2006-11-17,80.12000274658203,80.19000244140625,80.0999984741211,80.1500015258789,56.305179595947266,464300,0.0,0.0,0.0
2006-11-20,80.11000061035156,80.19000244140625,80.11000061035156,80.16999816894531,56.319217681884766,309600,0.0,0.0,0.0
2006-11-21,80.19000244140625,80.20999908447266,80.13999938964844,80.19000244140625,56.333290100097656,394500,0.0,0.0,0.0
2006-11-22,80.27999877929688,80.27999877929688,80.18000030517578,80.25,56.37541198730469,281500,0.0,0.0,0.0
2006-11-24,80.23999786376953,80.31999969482422,80.22000122070312,80.26000213623047,56.382476806640625,271100,0.0,0.0,0.0
2006-11-27,80.2699966430664,80.33000183105469,80.19000244140625,80.30999755859375,56.41759490966797,370300,0.0,0.0,0.0
2006-11-28,80.33999633789062,80.37999725341797,80.30000305175781,80.3499984741211,56.44566345214844,405700,0.0,0.0,0.0
2006-11-29,80.4000015258789,80.41000366210938,80.33999633789062,80.3499984741211,56.44566345214844,357100,0.0,0.0,0.0
2006-11-30,80.41000366210938,80.44999694824219,80.37999725341797,80.44000244140625,56.50886917114258,855400,0.0,0.0,0.0
2006-12-01,80.22000122070312,80.3499984741211,80.16000366210938,80.30999755859375,56.61957931518555,241800,0.287,0.0,0.0
2006-12-04,80.30999755859375,80.33000183105469,80.2699966430664,80.30000305175781,56.612545013427734,276800,0.0,0.0,0.0
2006-12-05,80.31999969482422,80.37000274658203,80.22000122070312,80.30000305175781,56.612545013427734,3681300,0.0,0.0,0.0
2006-12-06,80.33000183105469,80.33000183105469,80.26000213623047,80.29000091552734,56.6054801940918,1438800,0.0,0.0,0.0
2006-12-07,80.30000305175781,80.30999755859375,80.26000213623047,80.2699966430664,56.59135437011719,1203900,0.0,0.0,0.0
2006-12-08,80.27999877929688,80.27999877929688,80.16000366210938,80.16999816894531,56.52083206176758,471200,0.0,0.0,0.0
2006-12-11,80.22000122070312,80.23999786376953,80.16999816894531,80.18000030517578,56.527923583984375,523800,0.0,0.0,0.0
2006-12-12,80.2300033569336,80.30000305175781,80.20999908447266,80.29000091552734,56.6054801940918,267500,0.0,0.0,0.0
2006-12-13,80.19999694824219,80.2300033569336,80.1500015258789,80.18000030517578,56.527923583984375,322000,0.0,0.0,0.0
2006-12-14,80.19000244140625,80.19000244140625,80.12000274658203,80.13999938964844,56.499752044677734,1122100,0.0,0.0,0.0
2006-12-15,80.29000091552734,80.30000305175781,80.1500015258789,80.16999816894531,56.52083206176758,889400,0.0,0.0,0.0
2006-12-18,80.18000030517578,80.19000244140625,80.13999938964844,80.16999816894531,56.52083206176758,1125500,0.0,0.0,0.0
2006-12-19,80.16999816894531,80.20999908447266,80.16000366210938,80.18000030517578,56.527923583984375,261800,0.0,0.0,0.0
2006-12-20,80.22000122070312,80.23999786376953,80.19000244140625,80.2300033569336,56.5631217956543,593100,0.0,0.0,0.0
2006-12-21,80.25,80.33999633789062,80.19999694824219,80.29000091552734,56.6054801940918,1347900,0.0,0.0,0.0
2006-12-22,80.25,80.31999969482422,80.20999908447266,80.27999877929688,56.59840774536133,1097100,0.0,0.0,0.0
2006-12-26,80.30999755859375,80.30999755859375,80.2300033569336,80.27999877929688,56.59840774536133,1254300,0.0,0.0,0.0
2006-12-27,80.05999755859375,80.05999755859375,79.97000122070312,79.98999786376953,56.567359924316406,547400,0.246,0.0,0.0
2006-12-28,80.0199966430664,80.02999877929688,79.9000015258789,79.94000244140625,56.53199005126953,689900,0.0,0.0,0.0
2006-12-29,79.91000366210938,79.97000122070312,79.9000015258789,79.95999908447266,56.54607391357422,898300,0.0,0.0,0.0
2007-01-03,80.0,80.08999633789062,79.95999908447266,80.04000091552734,56.602684020996094,1245700,0.0,0.0,0.0
2007-01-04,80.06999969482422,80.12000274658203,80.04000091552734,80.12000274658203,56.659244537353516,500200,0.0,0.0,0.0
2007-01-05,80.0199966430664,80.06999969482422,79.9800033569336,80.06999969482422,56.623905181884766,261300,0.0,0.0,0.0
2007-01-08,80.05999755859375,80.05999755859375,80.0199966430664,80.0199966430664,56.58851623535156,267000,0.0,0.0,0.0
2007-01-09,80.05000305175781,80.06999969482422,80.01000213623047,80.05000305175781,56.60974884033203,674500,0.0,0.0,0.0
2007-01-10,80.08000183105469,80.08000183105469,80.0199966430664,80.02999877929688,56.59564208984375,286300,0.0,0.0,0.0
2007-01-11,80.0,80.02999877929688,79.94999694824219,79.97000122070312,56.553184509277344,685200,0.0,0.0,0.0
2007-01-12,80.0,80.0,79.9000015258789,79.91999816894531,56.5178337097168,258200,0.0,0.0,0.0
2007-01-16,79.9800033569336,80.02999877929688,79.75,80.0,56.574398040771484,422500,0.0,0.0,0.0
2007-01-17,80.0,80.0199966430664,79.94000244140625,79.97000122070312,56.553184509277344,621300,0.0,0.0,0.0
2007-01-18,79.97000122070312,80.0199966430664,79.94000244140625,80.0,56.574398040771484,611400,0.0,0.0,0.0
2007-01-19,80.01000213623047,80.0199966430664,79.95999908447266,79.98999786376953,56.567359924316406,412500,0.0,0.0,0.0
2007-01-22,80.01000213623047,80.0199966430664,79.97000122070312,80.0199966430664,56.58851623535156,301300,0.0,0.0,0.0
2007-01-23,80.01000213623047,80.01000213623047,79.94999694824219,79.9800033569336,56.560298919677734,318600,0.0,0.0,0.0
2007-01-24,79.9800033569336,80.19999694824219,79.97000122070312,80.0199966430664,56.58851623535156,529300,0.0,0.0,0.0
2007-01-25,80.0,80.0,79.91999816894531,79.95999908447266,56.54607391357422,708800,0.0,0.0,0.0
2007-01-26,79.94999694824219,80.01000213623047,79.93000030517578,79.97000122070312,56.553184509277344,502500,0.0,0.0,0.0
2007-01-29,79.98999786376953,80.02999877929688,79.94000244140625,79.9800033569336,56.560298919677734,877600,0.0,0.0,0.0
2007-01-30,80.0,80.0199966430664,79.97000122070312,80.0,56.574398040771484,297900,0.0,0.0,0.0
2007-01-31,79.98999786376953,80.08999633789062,79.98999786376953,80.08999633789062,56.63801574707031,526800,0.0,0.0,0.0
2007-02-01,79.87999725341797,79.87999725341797,79.75,79.77999877929688,56.630916595458984,520400,0.3,0.0,0.0
2007-02-02,79.80999755859375,79.81999969482422,79.76000213623047,79.80999755859375,56.65220260620117,303900,0.0,0.0,0.0
2007-02-05,79.81999969482422,79.8499984741211,79.77999877929688,79.79000091552734,56.63804244995117,758800,0.0,0.0,0.0
2007-02-06,79.83000183105469,79.88999938964844,79.80000305175781,79.87999725341797,56.701934814453125,296300,0.0,0.0,0.0
2007-02-07,79.9000015258789,79.94999694824219,79.88999938964844,79.91999816894531,56.730316162109375,1107600,0.0,0.0,0.0
2007-02-08,79.93000030517578,79.95999908447266,79.9000015258789,79.94999694824219,56.75161361694336,217200,0.0,0.0,0.0
2007-02-09,79.91000366210938,79.91999816894531,79.86000061035156,79.87000274658203,56.69477081298828,437300,0.0,0.0,0.0
2007-02-12,79.87000274658203,79.91000366210938,79.8499984741211,79.87000274658203,56.69477081298828,534200,0.0,0.0,0.0
2007-02-13,79.91000366210938,79.91000366210938,79.86000061035156,79.86000061035156,56.687744140625,689500,0.0,0.0,0.0
2007-02-14,79.93000030517578,80.05000305175781,79.93000030517578,80.04000091552734,56.81550598144531,596200,0.0,0.0,0.0
2007-02-15,80.0999984741211,80.11000061035156,80.05999755859375,80.08000183105469,56.84389114379883,435900,0.0,0.0,0.0
2007-02-16,80.08999633789062,80.12999725341797,80.05000305175781,80.0999984741211,56.858055114746094,344200,0.0,0.0,0.0
2007-02-20,80.08000183105469,80.12999725341797,80.08000183105469,80.08999633789062,56.850955963134766,258100,0.0,0.0,0.0
2007-02-21,80.08999633789062,80.13999938964844,80.08999633789062,80.13999938964844,56.88648986816406,223400,0.0,0.0,0.0
2007-02-22,80.11000061035156,80.12000274658203,80.05000305175781,80.08999633789062,56.850955963134766,250200,0.0,0.0,0.0
2007-02-23,80.12999725341797,80.19000244140625,80.11000061035156,80.18000030517578,56.91487121582031,380300,0.0,0.0,0.0
2007-02-26,80.19999694824219,80.25,80.19000244140625,80.23999786376953,56.957515716552734,462800,0.0,0.0,0.0
2007-02-27,80.27999877929688,80.5,80.23999786376953,80.43000030517578,57.092342376708984,1362900,0.0,0.0,0.0
2007-02-28,80.44000244140625,80.47000122070312,80.31999969482422,80.37000274658203,57.049774169921875,666500,0.0,0.0,0.0
2007-03-01,80.19999694824219,80.27999877929688,80.12999725341797,80.20999908447266,57.12883758544922,1002300,0.271,0.0,0.0
2007-03-02,80.25,80.31999969482422,80.2300033569336,80.30000305175781,57.192909240722656,974400,0.0,0.0,0.0
2007-03-05,80.37000274658203,80.37000274658203,80.23999786376953,80.33000183105469,57.2142448425293,1420400,0.0,0.0,0.0
2007-03-06,80.23999786376953,80.33999633789062,80.19999694824219,80.26000213623047,57.164424896240234,512300,0.0,0.0,0.0
2007-03-07,80.29000091552734,80.36000061035156,80.25,80.33999633789062,57.221397399902344,387000,0.0,0.0,0.0
2007-03-08,80.30000305175781,80.3499984741211,80.26000213623047,80.33999633789062,57.221397399902344,365500,0.0,0.0,0.0
2007-03-09,80.19000244140625,80.22000122070312,80.1500015258789,80.19999694824219,57.121700286865234,555100,0.0,0.0,0.0
2007-03-12,80.23999786376953,80.29000091552734,80.22000122070312,80.2699966430664,57.17152404785156,361900,0.0,0.0,0.0
2007-03-13,80.37999725341797,80.41999816894531,80.33000183105469,80.37999725341797,57.249881744384766,887300,0.0,0.0,0.0
2007-03-14,80.3499984741211,80.47000122070312,80.3499984741211,80.4000015258789,57.2641487121582,622800,0.0,0.0,0.0
2007-03-15,80.37999725341797,80.38999938964844,80.33999633789062,80.37999725341797,57.249881744384766,598600,0.0,0.0,0.0
2007-03-16,80.33000183105469,80.37999725341797,80.30999755859375,80.37000274658203,57.242759704589844,842300,0.0,0.0,0.0
2007-03-19,80.31999969482422,80.31999969482422,80.27999877929688,80.30000305175781,57.192909240722656,238500,0.0,0.0,0.0
2007-03-20,80.4000015258789,80.4000015258789,80.33999633789062,80.37000274658203,57.242759704589844,619300,0.0,0.0,0.0
2007-03-21,80.36000061035156,80.51000213623047,80.33999633789062,80.5,57.335365295410156,414300,0.0,0.0,0.0
2007-03-22,80.44999694824219,80.48999786376953,80.37999725341797,80.41999816894531,57.27835464477539,382000,0.0,0.0,0.0
2007-03-23,80.44000244140625,80.4800033569336,80.36000061035156,80.37000274658203,57.242759704589844,288700,0.0,0.0,0.0
2007-03-26,80.41000366210938,80.4800033569336,80.36000061035156,80.44999694824219,57.29973602294922,524300,0.0,0.0,0.0
2007-03-27,80.44000244140625,80.4800033569336,80.41000366210938,80.45999908447266,57.30685806274414,427900,0.0,0.0,0.0
2007-03-28,80.5,80.5999984741211,80.48999786376953,80.5,57.335365295410156,429300,0.0,0.0,0.0
2007-03-29,80.4800033569336,80.4800033569336,80.43000030517578,80.45999908447266,57.30685806274414,335200,0.0,0.0,0.0
2007-03-30,80.47000122070312,80.56999969482422,80.37000274658203,80.45999908447266,57.30685806274414,464700,0.0,0.0,0.0
2007-04-02,80.16999816894531,80.19000244140625,80.12000274658203,80.18000030517578,57.31757354736328,313900,0.295,0.0,0.0
2007-04-03,80.16000366210938,80.19999694824219,80.12000274658203,80.18000030517578,57.31757354736328,419100,0.0,0.0,0.0
2007-04-04,80.20999908447266,80.25,80.16999816894531,80.2300033569336,57.353328704833984,405300,0.0,0.0,0.0
2007-04-05,80.19999694824219,80.2300033569336,80.1500015258789,80.19999694824219,57.3318977355957,271900,0.0,0.0,0.0
2007-04-09,80.04000091552734,80.05999755859375,80.01000213623047,80.0199966430664,57.20319747924805,356200,0.0,0.0,0.0
2007-04-10,80.06999969482422,80.13999938964844,80.05999755859375,80.12000274658203,57.274688720703125,780300,0.0,0.0,0.0
2007-04-11,80.16000366210938,80.18000030517578,80.05999755859375,80.12000274658203,57.274688720703125,773900,0.0,0.0,0.0
2007-04-12,80.0999984741211,80.12000274658203,80.02999877929688,80.11000061035156,57.26756286621094,374300,0.0,0.0,0.0
2007-04-13,80.11000061035156,80.13999938964844,80.0199966430664,80.06999969482422,57.238983154296875,261100,0.0,0.0,0.0
2007-04-16,80.0999984741211,80.12999725341797,80.05000305175781,80.05999755859375,57.231815338134766,285500,0.0,0.0,0.0
2007-04-17,80.16999816894531,80.19999694824219,80.12999725341797,80.19000244140625,57.32469177246094,398000,0.0,0.0,0.0
2007-04-18,80.23999786376953,80.30000305175781,80.2300033569336,80.30000305175781,57.40335464477539,977800,0.0,0.0,0.0
2007-04-19,80.30000305175781,80.33999633789062,80.26000213623047,80.30000305175781,57.40335464477539,223200,0.0,0.0,0.0
2007-04-20,80.26000213623047,80.30000305175781,80.2300033569336,80.27999877929688,57.389095306396484,293200,0.0,0.0,0.0
2007-04-23,80.29000091552734,80.3499984741211,80.0999984741211,80.33999633789062,57.431976318359375,1900700,0.0,0.0,0.0
2007-04-24,80.33000183105469,80.41000366210938,80.31999969482422,80.41000366210938,57.482017517089844,264000,0.0,0.0,0.0
2007-04-25,80.37999725341797,80.41000366210938,80.36000061035156,80.37999725341797,57.460540771484375,847200,0.0,0.0,0.0
2007-04-26,80.37999725341797,80.37999725341797,80.27999877929688,80.31999969482422,57.417633056640625,1356200,0.0,0.0,0.0
2007-04-27,80.36000061035156,80.37000274658203,80.30000305175781,80.3499984741211,57.43910217285156,267400,0.0,0.0,0.0
2007-04-30,80.36000061035156,80.44999694824219,80.3499984741211,80.41000366210938,57.482017517089844,266000,0.0,0.0,0.0
2007-05-01,80.19000244140625,80.19999694824219,80.06999969482422,80.08999633789062,57.45759963989258,352500,0.286,0.0,0.0
2007-05-02,80.12999725341797,80.1500015258789,80.08000183105469,80.12999725341797,57.486297607421875,240900,0.0,0.0,0.0
2007-05-03,80.08999633789062,80.11000061035156,80.04000091552734,80.06999969482422,57.4432487487793,301300,0.0,0.0,0.0
2007-05-04,80.12000274658203,80.13999938964844,80.08999633789062,80.11000061035156,57.47199249267578,272600,0.0,0.0,0.0
2007-05-07,80.12000274658203,80.1500015258789,80.0999984741211,80.11000061035156,57.47199249267578,917000,0.0,0.0,0.0
2007-05-08,80.1500015258789,80.16999816894531,80.11000061035156,80.1500015258789,57.500648498535156,311100,0.0,0.0,0.0
2007-05-09,80.1500015258789,80.18000030517578,80.08000183105469,80.08999633789062,57.45759963989258,547900,0.0,0.0,0.0
2007-05-10,80.11000061035156,80.16000366210938,80.0999984741211,80.16000366210938,57.50779724121094,458000,0.0,0.0,0.0
2007-05-11,80.22000122070312,80.22000122070312,80.08999633789062,80.12999725341797,57.486297607421875,1229700,0.0,0.0,0.0
2007-05-14,80.12999725341797,80.1500015258789,80.06999969482422,80.06999969482422,57.4432487487793,280100,0.0,0.0,0.0
2007-05-15,80.1500015258789,80.16000366210938,80.08000183105469,80.08999633789062,57.45759963989258,947000,0.0,0.0,0.0
2007-05-16,80.13999938964844,80.19000244140625,80.04000091552734,80.16999816894531,57.51496887207031,1348000,0.0,0.0,0.0
2007-05-17,80.13999938964844,80.1500015258789,80.08999633789062,80.12000274658203,57.47909927368164,394500,0.0,0.0,0.0
2007-05-18,80.0999984741211,80.0999984741211,80.02999877929688,80.04000091552734,57.42172622680664,859700,0.0,0.0,0.0
2007-05-21,80.04000091552734,80.11000061035156,80.04000091552734,80.05999755859375,57.43606948852539,852300,0.0,0.0,0.0
2007-05-22,80.06999969482422,80.11000061035156,80.04000091552734,80.08000183105469,57.450401306152344,1016600,0.0,0.0,0.0
2007-05-23,80.08000183105469,80.12999725341797,80.05999755859375,80.05999755859375,57.43606948852539,642200,0.0,0.0,0.0
2007-05-24,80.11000061035156,80.12000274658203,80.0199966430664,80.08999633789062,57.45759963989258,844700,0.0,0.0,0.0
2007-05-25,80.05999755859375,80.1500015258789,80.05000305175781,80.13999938964844,57.493499755859375,1649800,0.0,0.0,0.0
2007-05-29,80.0999984741211,80.12000274658203,80.05999755859375,80.05999755859375,57.43606948852539,311100,0.0,0.0,0.0
2007-05-30,80.11000061035156,80.13999938964844,80.06999969482422,80.12000274658203,57.47909927368164,466300,0.0,0.0,0.0
2007-05-31,80.12999725341797,80.12999725341797,80.04000091552734,80.06999969482422,57.4432487487793,948300,0.0,0.0,0.0
2007-06-01,79.7699966430664,79.8499984741211,79.72000122070312,79.73999786376953,57.41370391845703,1827100,0.289,0.0,0.0
2007-06-04,79.76000213623047,79.77999877929688,79.72000122070312,79.7699966430664,57.43532180786133,242300,0.0,0.0,0.0
2007-06-05,79.73999786376953,79.7699966430664,79.69000244140625,79.69999694824219,57.38494873046875,294400,0.0,0.0,0.0
2007-06-06,79.75,79.81999969482422,79.7300033569336,79.80000305175781,57.45695495605469,779300,0.0,0.0,0.0
2007-06-07,79.76000213623047,79.77999877929688,79.6500015258789,79.70999908447266,57.39213180541992,1047900,0.0,0.0,0.0
2007-06-08,79.69999694824219,79.73999786376953,79.68000030517578,79.73999786376953,57.41370391845703,1129500,0.0,0.0,0.0
2007-06-11,79.72000122070312,79.7699966430664,79.70999908447266,79.75,57.42096710205078,358400,0.0,0.0,0.0
2007-06-12,79.69000244140625,79.73999786376953,79.63999938964844,79.68000030517578,57.370540618896484,855700,0.0,0.0,0.0
2007-06-13,79.68000030517578,79.7300033569336,79.63999938964844,79.69999694824219,57.38494873046875,592200,0.0,0.0,0.0
2007-06-14,79.69000244140625,79.72000122070312,79.66000366210938,79.69999694824219,57.38494873046875,341300,0.0,0.0,0.0
2007-06-15,79.73999786376953,79.80999755859375,79.69999694824219,79.80999755859375,57.4640998840332,343400,0.0,0.0,0.0
2007-06-18,79.77999877929688,79.81999969482422,79.73999786376953,79.80999755859375,57.4640998840332,461500,0.0,0.0,0.0
2007-06-19,79.88999938964844,79.97000122070312,79.83999633789062,79.94999694824219,57.56494140625,1196700,0.0,0.0,0.0
2007-06-20,79.91000366210938,79.93000030517578,79.81999969482422,79.87000274658203,57.5073127746582,1038700,0.0,0.0,0.0
2007-06-21,79.91000366210938,79.94999694824219,79.87999725341797,79.9000015258789,57.52894592285156,178800,0.0,0.0,0.0
2007-06-22,79.87000274658203,80.01000213623047,79.87000274658203,80.01000213623047,57.608150482177734,353100,0.0,0.0,0.0
2007-06-25,80.05999755859375,80.08000183105469,79.9800033569336,80.08000183105469,57.65851974487305,380200,0.0,0.0,0.0
2007-06-26,80.05999755859375,80.05999755859375,80.0,80.02999877929688,57.62255096435547,462100,0.0,0.0,0.0
2007-06-27,80.12999725341797,80.12999725341797,80.0199966430664,80.0199966430664,57.61536407470703,450500,0.0,0.0,0.0
2007-06-28,80.04000091552734,80.08000183105469,79.9800033569336,80.0,57.600975036621094,360800,0.0,0.0,0.0
2007-06-29,80.08999633789062,80.16999816894531,80.02999877929688,80.16000366210938,57.71609878540039,1063700,0.0,0.0,0.0
2007-07-02,79.87000274658203,79.93000030517578,79.8499984741211,79.91000366210938,57.75371170043945,4806500,0.302,0.0,0.0
2007-07-03,79.91999816894531,79.94000244140625,79.83000183105469,79.87999725341797,57.73207473754883,296400,0.0,0.0,0.0
2007-07-05,79.80000305175781,79.83000183105469,79.73999786376953,79.7699966430664,57.65252685546875,820300,0.0,0.0,0.0
2007-07-06,79.76000213623047,79.77999877929688,79.69000244140625,79.76000213623047,57.64533233642578,991700,0.0,0.0,0.0
2007-07-09,79.73999786376953,79.81999969482422,79.73999786376953,79.81999969482422,57.688663482666016,652600,0.0,0.0,0.0
2007-07-10,79.9000015258789,79.97000122070312,79.83999633789062,79.97000122070312,57.797080993652344,673700,0.0,0.0,0.0
2007-07-11,79.98999786376953,79.98999786376953,79.9000015258789,79.93000030517578,57.76820373535156,315300,0.0,0.0,0.0
2007-07-12,79.98999786376953,79.98999786376953,79.83000183105469,79.87999725341797,57.73207473754883,550100,0.0,0.0,0.0
2007-07-13,79.93000030517578,79.93000030517578,79.8499984741211,79.91999816894531,57.7609748840332,1058600,0.0,0.0,0.0
2007-07-16,79.91999816894531,80.0,79.91000366210938,80.0,57.81879806518555,295500,0.0,0.0,0.0
2007-07-17,79.94999694824219,80.01000213623047,79.93000030517578,79.94999694824219,57.78263473510742,2105200,0.0,0.0,0.0
2007-07-18,80.01000213623047,80.0999984741211,79.98999786376953,80.06999969482422,57.869384765625,611200,0.0,0.0,0.0
2007-07-19,80.01000213623047,80.06999969482422,80.0,80.05999755859375,57.86212921142578,2355100,0.0,0.0,0.0
2007-07-20,80.12000274658203,80.20999908447266,80.11000061035156,80.19000244140625,57.95606231689453,522700,0.0,0.0,0.0
2007-07-23,80.16000366210938,80.19000244140625,80.12000274658203,80.12999725341797,57.912723541259766,294600,0.0,0.0,0.0
2007-07-24,80.19000244140625,80.2300033569336,80.16999816894531,80.20999908447266,57.970558166503906,363100,0.0,0.0,0.0
2007-07-25,80.2300033569336,80.29000091552734,80.20999908447266,80.2699966430664,58.013916015625,316100,0.0,0.0,0.0
2007-07-26,80.38999938964844,80.5199966430664,80.37999725341797,80.45999908447266,58.15126419067383,1740500,0.0,0.0,0.0
2007-07-27,80.5,80.56999969482422,80.44000244140625,80.55000305175781,58.21625900268555,1063600,0.0,0.0,0.0
2007-07-30,80.55999755859375,80.61000061035156,80.44999694824219,80.44999694824219,58.14400100708008,778700,0.0,0.0,0.0
2007-07-31,80.45999908447266,80.58000183105469,80.41000366210938,80.58000183105469,58.23805236816406,449900,0.0,0.0,0.0
2007-08-01,80.26000213623047,80.31999969482422,80.16999816894531,80.19999694824219,58.18137741088867,865700,0.302,0.0,0.0
2007-08-02,80.19999694824219,80.25,80.16000366210938,80.23999786376953,58.21043014526367,386200,0.0,0.0,0.0
2007-08-03,80.30000305175781,80.44999694824219,80.29000091552734,80.44000244140625,58.35548782348633,678200,0.0,0.0,0.0
2007-08-06,80.41999816894531,80.48999786376953,80.31999969482422,80.33999633789062,58.28291320800781,2911800,0.0,0.0,0.0
2007-08-07,80.31999969482422,80.45999908447266,80.20999908447266,80.2699966430664,58.232177734375,818900,0.0,0.0,0.0
2007-08-08,80.20999908447266,80.23999786376953,80.12000274658203,80.20999908447266,58.18862533569336,533600,0.0,0.0,0.0
2007-08-09,80.37999725341797,80.44000244140625,80.31999969482422,80.44000244140625,58.35548782348633,1314300,0.0,0.0,0.0
2007-08-10,80.5,80.5199966430664,80.37999725341797,80.41000366210938,58.333709716796875,1899400,0.0,0.0,0.0
2007-08-13,80.38999938964844,80.5,80.36000061035156,80.4800033569336,58.38454818725586,603400,0.0,0.0,0.0
2007-08-14,80.4000015258789,80.58999633789062,80.4000015258789,80.58999633789062,58.464263916015625,1720300,0.0,0.0,0.0
2007-08-15,80.66999816894531,80.7699966430664,80.5999984741211,80.69999694824219,58.54408264160156,1299000,0.0,0.0,0.0
2007-08-16,80.83999633789062,81.1500015258789,80.80000305175781,80.86000061035156,58.66015625,2481100,0.0,0.0,0.0
2007-08-17,80.86000061035156,80.97000122070312,80.80999755859375,80.93000030517578,58.7109489440918,936000,0.0,0.0,0.0
2007-08-20,80.93000030517578,81.0999984741211,80.91999816894531,81.02999877929688,58.7835693359375,1029600,0.0,0.0,0.0
2007-08-21,81.22000122070312,81.2300033569336,81.01000213623047,81.13999938964844,58.86326599121094,876500,0.0,0.0,0.0
2007-08-22,81.0,81.05999755859375,80.94999694824219,81.02999877929688,58.7835693359375,774100,0.0,0.0,0.0
2007-08-23,80.93000030517578,81.08000183105469,80.88999938964844,80.9800033569336,58.74726867675781,842000,0.0,0.0,0.0
2007-08-24,80.94999694824219,80.97000122070312,80.79000091552734,80.83000183105469,58.63841247558594,700700,0.0,0.0,0.0
2007-08-27,80.88999938964844,80.95999908447266,80.81999969482422,80.94000244140625,58.718204498291016,480400,0.0,0.0,0.0
2007-08-28,80.9800033569336,81.1500015258789,80.97000122070312,81.1500015258789,58.870567321777344,602800,0.0,0.0,0.0
2007-08-29,81.0999984741211,81.19999694824219,81.05000305175781,81.05000305175781,58.7979850769043,443600,0.0,0.0,0.0
2007-08-30,81.12999725341797,81.19000244140625,81.08000183105469,81.12000274658203,58.84877014160156,389600,0.0,0.0,0.0
2007-08-31,81.05000305175781,81.25,80.9000015258789,81.12000274658203,58.84877014160156,2442400,0.0,0.0,0.0
2007-09-04,80.98999786376953,80.98999786376953,80.27999877929688,80.80999755859375,58.845882415771484,603600,0.306,0.0,0.0
2007-09-05,80.95999908447266,81.05000305175781,80.9000015258789,81.0199966430664,58.9987678527832,358700,0.0,0.0,0.0
2007-09-06,81.0,81.01000213623047,80.79000091552734,80.91999816894531,58.92595291137695,339600,0.0,0.0,0.0
2007-09-07,81.16999816894531,81.22000122070312,81.0999984741211,81.19999694824219,59.1298713684082,470900,0.0,0.0,0.0
2007-09-10,81.22000122070312,81.31999969482422,81.0999984741211,81.2300033569336,59.15174102783203,691300,0.0,0.0,0.0
2007-09-11,81.18000030517578,81.22000122070312,81.11000061035156,81.11000061035156,59.06434631347656,537700,0.0,0.0,0.0
2007-09-12,81.1500015258789,81.30999755859375,81.11000061035156,81.18000030517578,59.115352630615234,410100,0.0,0.0,0.0
2007-09-13,81.11000061035156,81.1500015258789,80.98999786376953,81.05999755859375,59.02793884277344,532100,0.0,0.0,0.0
2007-09-14,81.16000366210938,81.20999908447266,80.80999755859375,81.05000305175781,59.020591735839844,451100,0.0,0.0,0.0
2007-09-17,80.95999908447266,81.1500015258789,80.95999908447266,81.04000091552734,59.01335906982422,347900,0.0,0.0,0.0
2007-09-18,80.94999694824219,81.19999694824219,79.87000274658203,81.1500015258789,59.09346008300781,743300,0.0,0.0,0.0
2007-09-19,81.06999969482422,81.27999877929688,81.06999969482422,81.1500015258789,59.09346008300781,1602400,0.0,0.0,0.0
2007-09-20,81.11000061035156,81.16000366210938,80.97000122070312,80.9800033569336,58.96965408325195,2156700,0.0,0.0,0.0
2007-09-21,81.0199966430664,81.18000030517578,81.0,81.08999633789062,59.049747467041016,418300,0.0,0.0,0.0
2007-09-24,81.12000274658203,81.19000244140625,81.05999755859375,81.18000030517578,59.115352630615234,289400,0.0,0.0,0.0
2007-09-25,81.2300033569336,81.30999755859375,81.12999725341797,81.25,59.16626739501953,611400,0.0,0.0,0.0
2007-09-26,81.23999786376953,81.31999969482422,81.16999816894531,81.19999694824219,59.1298713684082,528000,0.0,0.0,0.0
2007-09-27,81.2300033569336,81.44000244140625,81.2300033569336,81.3499984741211,59.239139556884766,878800,0.0,0.0,0.0
2007-09-28,81.33000183105469,81.41999816894531,81.26000213623047,81.26000213623047,59.173526763916016,701000,0.0,0.0,0.0
2007-10-01,81.0199966430664,81.06999969482422,80.94999694824219,80.9800033569336,59.18600845336914,5263100,0.297,0.0,0.0
2007-10-02,80.91999816894531,81.05000305175781,80.91999816894531,81.02999877929688,59.22256088256836,1337200,0.0,0.0,0.0
2007-10-03,81.11000061035156,81.12999725341797,80.9800033569336,81.0199966430664,59.21522903442383,1713300,0.0,0.0,0.0
2007-10-04,81.02999877929688,81.06999969482422,81.0,81.05999755859375,59.24446487426758,219200,0.0,0.0,0.0
2007-10-05,80.9000015258789,81.05000305175781,80.88999938964844,80.97000122070312,59.17869567871094,2065600,0.0,0.0,0.0
2007-10-08,81.05999755859375,81.08000183105469,80.9000015258789,81.05000305175781,59.23713684082031,268400,0.0,0.0,0.0
2007-10-09,80.9000015258789,80.95999908447266,80.8499984741211,80.87000274658203,59.105594635009766,1313900,0.0,0.0,0.0
2007-10-10,80.83999633789062,80.91999816894531,80.79000091552734,80.88999938964844,59.1202278137207,477100,0.0,0.0,0.0
2007-10-11,80.7699966430664,80.91999816894531,80.7699966430664,80.91000366210938,59.13483428955078,1196000,0.0,0.0,0.0
2007-10-12,80.83000183105469,80.88999938964844,80.77999877929688,80.81999969482422,59.069053649902344,1798400,0.0,0.0,0.0
2007-10-15,80.75,80.8499984741211,80.72000122070312,80.81999969482422,59.069053649902344,2014700,0.0,0.0,0.0
2007-10-16,80.87000274658203,81.0999984741211,80.87000274658203,80.91999816894531,59.14213562011719,561900,0.0,0.0,0.0
2007-10-17,80.97000122070312,81.18000030517578,80.97000122070312,81.11000061035156,59.2810173034668,1432000,0.0,0.0,0.0
2007-10-18,81.25,81.27999877929688,81.16999816894531,81.22000122070312,59.36139678955078,385600,0.0,0.0,0.0
2007-10-19,81.30000305175781,81.5199966430664,81.2699966430664,81.43000030517578,59.51491165161133,900600,0.0,0.0,0.0
2007-10-22,81.3499984741211,81.4800033569336,81.19999694824219,81.36000061035156,59.46371078491211,607400,0.0,0.0,0.0
2007-10-23,81.33999633789062,81.4000015258789,81.30000305175781,81.37000274658203,59.47100067138672,380100,0.0,0.0,0.0
2007-10-24,81.41999816894531,81.58999633789062,81.41999816894531,81.52999877929688,59.58795166015625,457500,0.0,0.0,0.0
2007-10-25,81.55999755859375,81.58999633789062,81.4800033569336,81.4800033569336,59.551422119140625,566300,0.0,0.0,0.0
2007-10-26,81.47000122070312,81.56999969482422,81.43000030517578,81.48999786376953,59.55870056152344,1568500,0.0,0.0,0.0
2007-10-29,81.5,81.52999877929688,81.44000244140625,81.48999786376953,59.55870056152344,592000,0.0,0.0,0.0
2007-10-30,81.45999908447266,81.5,81.44000244140625,81.4800033569336,59.551422119140625,293000,0.0,0.0,0.0
2007-10-31,81.45999908447266,81.48999786376953,81.30999755859375,81.3499984741211,59.456398010253906,554900,0.0,0.0,0.0
2007-11-01,81.08999633789062,81.31999969482422,81.08999633789062,81.30999755859375,59.649322509765625,1776000,0.303,0.0,0.0
2007-11-02,81.2300033569336,81.69000244140625,81.2300033569336,81.41000366210938,59.7226676940918,418900,0.0,0.0,0.0
2007-11-05,81.48999786376953,81.5,81.3499984741211,81.4000015258789,59.71535873413086,520700,0.0,0.0,0.0
2007-11-06,81.37999725341797,81.47000122070312,81.3499984741211,81.3499984741211,59.67866516113281,996400,0.0,0.0,0.0
2007-11-07,81.48999786376953,81.5999984741211,81.44000244140625,81.58000183105469,59.84744644165039,484400,0.0,0.0,0.0
2007-11-08,81.63999938964844,81.80999755859375,81.58000183105469,81.70999908447266,59.942832946777344,1829600,0.0,0.0,0.0
2007-11-09,81.83000183105469,82.05999755859375,81.69000244140625,81.73999786376953,59.964805603027344,1566300,0.0,0.0,0.0
2007-11-12,81.9000015258789,81.97000122070312,81.76000213623047,81.93000030517578,60.10419845581055,699100,0.0,0.0,0.0
2007-11-13,81.77999877929688,81.83999633789062,81.5999984741211,81.68000030517578,59.920772552490234,1081200,0.0,0.0,0.0
2007-11-14,81.6500015258789,81.75,81.62000274658203,81.72000122070312,59.95009231567383,570400,0.0,0.0,0.0
2007-11-15,81.9000015258789,82.0,81.83999633789062,81.98999786376953,60.14820098876953,630200,0.0,0.0,0.0
2007-11-16,81.98999786376953,82.05999755859375,81.93000030517578,81.98999786376953,60.14820098876953,434500,0.0,0.0,0.0
2007-11-19,82.0,82.30000305175781,81.6500015258789,82.26000213623047,60.346290588378906,973800,0.0,0.0,0.0
2007-11-20,82.23999786376953,82.33999633789062,82.1500015258789,82.2300033569336,60.324241638183594,620000,0.0,0.0,0.0
2007-11-21,82.38999938964844,82.55000305175781,82.38999938964844,82.48999786376953,60.514991760253906,1685000,0.0,0.0,0.0
2007-11-23,82.43000030517578,82.5,82.3499984741211,82.4000015258789,60.448944091796875,275600,0.0,0.0,0.0
2007-11-26,82.44000244140625,83.1500015258789,82.25,82.62999725341797,60.617733001708984,983500,0.0,0.0,0.0
2007-11-27,82.55999755859375,82.9800033569336,82.33000183105469,82.37999725341797,60.434303283691406,793900,0.0,0.0,0.0
2007-11-28,82.33999633789062,82.37999725341797,82.2300033569336,82.30999755859375,60.38295364379883,740300,0.0,0.0,0.0
2007-11-29,82.43000030517578,82.5999984741211,82.37999725341797,82.45999908447266,60.493038177490234,509000,0.0,0.0,0.0
2007-11-30,82.36000061035156,82.52999877929688,82.30999755859375,82.5,60.52230453491211,640200,0.0,0.0,0.0
2007-12-03,82.3499984741211,82.41999816894531,81.95999908447266,82.41000366210938,60.659236907958984,486000,0.276,0.0,0.0
2007-12-04,82.52999877929688,82.52999877929688,82.31999969482422,82.4000015258789,60.65188217163086,1015400,0.0,0.0,0.0
2007-12-05,82.33999633789062,82.47000122070312,82.30000305175781,82.43000030517578,60.67394256591797,615100,0.0,0.0,0.0
2007-12-06,82.37000274658203,82.37000274658203,82.22000122070312,82.26000213623047,60.54887390136719,1601200,0.0,0.0,0.0
2007-12-07,82.26000213623047,82.26000213623047,82.08000183105469,82.16999816894531,60.482582092285156,888000,0.0,0.0,0.0
2007-12-10,82.19999694824219,82.20999908447266,82.06999969482422,82.11000061035156,60.43843460083008,499000,0.0,0.0,0.0
2007-12-11,82.12000274658203,82.41999816894531,82.05999755859375,82.41000366210938,60.659236907958984,1751200,0.0,0.0,0.0
2007-12-12,82.05000305175781,82.29000091552734,82.0,82.19999694824219,60.504638671875,452900,0.0,0.0,0.0
2007-12-13,82.12000274658203,82.2300033569336,82.05000305175781,82.08000183105469,60.416324615478516,493100,0.0,0.0,0.0
2007-12-14,82.01000213623047,82.04000091552734,81.87999725341797,81.87999725341797,60.269142150878906,539300,0.0,0.0,0.0
2007-12-17,81.95999908447266,82.12000274658203,81.95999908447266,82.12000274658203,60.44580841064453,662700,0.0,0.0,0.0
2007-12-18,82.13999938964844,82.18000030517578,82.0199966430664,82.06999969482422,60.40899658203125,697000,0.0,0.0,0.0
2007-12-19,82.18000030517578,82.33000183105469,82.05999755859375,82.27999877929688,60.56361389160156,718100,0.0,0.0,0.0
2007-12-20,82.31999969482422,82.4000015258789,82.19999694824219,82.33999633789062,60.607757568359375,1304600,0.0,0.0,0.0
2007-12-21,82.30000305175781,82.31999969482422,82.13999938964844,82.20999908447266,60.51202392578125,2023700,0.0,0.0,0.0
2007-12-24,82.08000183105469,82.16000366210938,82.04000091552734,82.13999938964844,60.46048355102539,314800,0.0,0.0,0.0
2007-12-26,82.11000061035156,82.18000030517578,82.0,82.05999755859375,60.40159225463867,472700,0.0,0.0,0.0
2007-12-27,82.0199966430664,82.0199966430664,81.8499984741211,81.95999908447266,60.5338249206543,688500,0.279,0.0,0.0
2007-12-28,81.94999694824219,82.08000183105469,81.94999694824219,82.05999755859375,60.607643127441406,584100,0.0,0.0,0.0
2007-12-31,82.11000061035156,82.19000244140625,82.0999984741211,82.19000244140625,60.70375442504883,1120400,0.0,0.0,0.0
2008-01-02,82.2699966430664,82.44000244140625,82.16000366210938,82.33999633789062,60.814537048339844,1471100,0.0,0.0,0.0
2008-01-03,82.43000030517578,82.5,82.31999969482422,82.47000122070312,60.91050720214844,408400,0.0,0.0,0.0
2008-01-04,82.6500015258789,82.66999816894531,82.55000305175781,82.58999633789062,60.99910354614258,884700,0.0,0.0,0.0
2008-01-07,82.58000183105469,82.61000061035156,82.5,82.54000091552734,60.96216583251953,917400,0.0,0.0,0.0
2008-01-08,82.54000091552734,82.66000366210938,82.47000122070312,82.66000366210938,61.05084991455078,1154500,0.0,0.0,0.0
2008-01-09,82.70999908447266,82.7300033569336,82.61000061035156,82.62000274658203,61.02129364013672,2590700,0.0,0.0,0.0
2008-01-10,82.63999938964844,82.73999786376953,82.58999633789062,82.62000274658203,61.02129364013672,997700,0.0,0.0,0.0
2008-01-11,82.66000366210938,82.87000274658203,82.66000366210938,82.8499984741211,61.191139221191406,490100,0.0,0.0,0.0
2008-01-14,82.83999633789062,82.87999725341797,82.79000091552734,82.87999725341797,61.21332931518555,1272300,0.0,0.0,0.0
2008-01-15,82.93000030517578,82.94999694824219,82.83999633789062,82.94999694824219,61.2650032043457,1448400,0.0,0.0,0.0
2008-01-16,83.0,83.05000305175781,82.9000015258789,83.0199966430664,61.316734313964844,965700,0.0,0.0,0.0
2008-01-17,82.97000122070312,83.18000030517578,82.94000244140625,83.16000366210938,61.42009353637695,1032200,0.0,0.0,0.0
2008-01-18,83.13999938964844,83.29000091552734,83.0999984741211,83.2300033569336,61.47180938720703,939100,0.0,0.0,0.0
2008-01-22,84.4800033569336,84.4800033569336,83.43000030517578,83.58000183105469,61.73035430908203,2395400,0.0,0.0,0.0
2008-01-23,83.9800033569336,83.9800033569336,83.5199966430664,83.54000091552734,61.70073318481445,1906100,0.0,0.0,0.0
2008-01-24,83.54000091552734,83.54000091552734,83.27999877929688,83.27999877929688,61.50872039794922,1047100,0.0,0.0,0.0
2008-01-25,83.16000366210938,83.52999877929688,83.1500015258789,83.5,61.67120361328125,1281300,0.0,0.0,0.0
2008-01-28,83.47000122070312,83.52999877929688,83.4000015258789,83.45999908447266,61.6417121887207,758600,0.0,0.0,0.0
2008-01-29,83.3499984741211,83.41999816894531,83.30000305175781,83.41000366210938,61.604759216308594,872000,0.0,0.0,0.0
2008-01-30,83.4000015258789,83.47000122070312,83.25,83.47000122070312,61.64912033081055,3025000,0.0,0.0,0.0
2008-01-31,83.62999725341797,83.66000366210938,83.4800033569336,83.55000305175781,61.70818328857422,905800,0.0,0.0,0.0
2008-02-01,83.48999786376953,83.5,83.37000274658203,83.41999816894531,61.77555847167969,1754600,0.221,0.0,0.0
2008-02-04,83.38999938964844,83.91999816894531,83.3499984741211,83.43000030517578,61.78297805786133,787300,0.0,0.0,0.0
2008-02-05,83.63999938964844,83.6500015258789,83.52999877929688,83.62000274658203,61.9236946105957,1949700,0.0,0.0,0.0
2008-02-06,83.62999725341797,83.68000030517578,83.55000305175781,83.6500015258789,61.94588088989258,898700,0.0,0.0,0.0
2008-02-07,83.72000122070312,83.72000122070312,83.47000122070312,83.54000091552734,61.86438751220703,2791400,0.0,0.0,0.0
2008-02-08,83.58000183105469,83.69999694824219,83.56999969482422,83.69000244140625,61.97547149658203,2447100,0.0,0.0,0.0
2008-02-11,83.70999908447266,83.77999877929688,83.66999816894531,83.72000122070312,61.99775314331055,669400,0.0,0.0,0.0
2008-02-12,83.58999633789062,83.76000213623047,83.58000183105469,83.75,62.019927978515625,936700,0.0,0.0,0.0
2008-02-13,83.7699966430664,83.86000061035156,83.7300033569336,83.77999877929688,62.04207992553711,632300,0.0,0.0,0.0
2008-02-14,83.75,83.80000305175781,83.69000244140625,83.72000122070312,61.99775314331055,1471200,0.0,0.0,0.0
2008-02-15,83.77999877929688,83.83999633789062,83.55999755859375,83.62999725341797,61.93104934692383,1830200,0.0,0.0,0.0
2008-02-19,83.66000366210938,83.69999694824219,83.5199966430664,83.56999969482422,61.886592864990234,1031900,0.0,0.0,0.0
2008-02-20,83.5999984741211,83.63999938964844,83.41999816894531,83.47000122070312,61.81257247924805,822500,0.0,0.0,0.0
2008-02-21,83.41999816894531,83.70999908447266,83.3499984741211,83.69999694824219,61.98293685913086,588900,0.0,0.0,0.0
2008-02-22,83.62000274658203,83.73999786376953,83.58000183105469,83.61000061035156,61.9162483215332,1470900,0.0,0.0,0.0
2008-02-25,83.5999984741211,83.6500015258789,83.44000244140625,83.4800033569336,61.8199577331543,689400,0.0,0.0,0.0
2008-02-26,83.4800033569336,83.62000274658203,83.4800033569336,83.5999984741211,61.90882873535156,657700,0.0,0.0,0.0
2008-02-27,83.70999908447266,83.77999877929688,83.5999984741211,83.69999694824219,61.98293685913086,1626500,0.0,0.0,0.0
2008-02-28,83.86000061035156,83.9000015258789,83.80000305175781,83.9000015258789,62.1309928894043,823700,0.0,0.0,0.0
2008-02-29,84.08000183105469,84.20999908447266,83.97000122070312,84.19000244140625,62.345760345458984,901700,0.0,0.0,0.0
2008-03-03,84.05000305175781,84.08000183105469,83.9000015258789,84.02999877929688,62.34797668457031,1341900,0.163,0.0,0.0
2008-03-04,84.04000091552734,84.23999786376953,83.9800033569336,84.01000213623047,62.33313751220703,662900,0.0,0.0,0.0
2008-03-05,84.05000305175781,84.0999984741211,83.88999938964844,83.95999908447266,62.2960205078125,607700,0.0,0.0,0.0
2008-03-06,84.12999725341797,84.20999908447266,84.05999755859375,84.20999908447266,62.481536865234375,1482800,0.0,0.0,0.0
2008-03-07,84.27999877929688,84.33000183105469,84.01000213623047,84.16999816894531,62.451934814453125,1557200,0.0,0.0,0.0
2008-03-10,84.16000366210938,84.30999755859375,84.08999633789062,84.26000213623047,62.518638610839844,701400,0.0,0.0,0.0
2008-03-11,83.98999786376953,84.0,83.83999633789062,83.83999633789062,62.20705795288086,638300,0.0,0.0,0.0
2008-03-12,83.91999816894531,84.12999725341797,83.9000015258789,84.11000061035156,62.40735626220703,459200,0.0,0.0,0.0
2008-03-13,84.22000122070312,84.29000091552734,84.01000213623047,84.06999969482422,62.37765884399414,915400,0.0,0.0,0.0
2008-03-14,84.0199966430664,84.44999694824219,84.0199966430664,84.31999969482422,62.56312561035156,1031000,0.0,0.0,0.0
2008-03-17,84.54000091552734,84.61000061035156,84.41000366210938,84.51000213623047,62.70413589477539,851000,0.0,0.0,0.0
2008-03-18,84.43000030517578,84.5,84.16999816894531,84.20999908447266,62.481536865234375,735400,0.0,0.0,0.0
2008-03-19,84.18000030517578,84.37999725341797,84.06999969482422,84.30000305175781,62.548316955566406,696300,0.0,0.0,0.0
2008-03-20,84.27999877929688,84.44000244140625,84.0999984741211,84.19999694824219,62.474090576171875,1289400,0.0,0.0,0.0
2008-03-24,84.0199966430664,84.0199966430664,83.81999969482422,83.8499984741211,62.21445083618164,849600,0.0,0.0,0.0
2008-03-25,83.95999908447266,84.02999877929688,83.91000366210938,83.91000366210938,62.25895309448242,1870900,0.0,0.0,0.0
2008-03-26,84.04000091552734,84.16000366210938,83.94999694824219,84.08999633789062,62.39252471923828,474100,0.0,0.0,0.0
2008-03-27,84.11000061035156,84.19000244140625,84.08000183105469,84.18000030517578,62.45927810668945,437800,0.0,0.0,0.0
2008-03-28,84.1500015258789,84.22000122070312,84.02999877929688,84.22000122070312,62.48897933959961,370800,0.0,0.0,0.0
2008-03-31,84.22000122070312,84.2699966430664,84.18000030517578,84.23999786376953,62.503814697265625,474400,0.0,0.0,0.0
2008-04-01,83.91000366210938,83.97000122070312,83.76000213623047,83.76000213623047,62.27775955200195,2527500,0.176,0.0,0.0
2008-04-02,83.72000122070312,83.80000305175781,83.58000183105469,83.69000244140625,62.22572326660156,818600,0.0,0.0,0.0
2008-04-03,83.75,83.77999877929688,83.61000061035156,83.62999725341797,62.181087493896484,688400,0.0,0.0,0.0
2008-04-04,83.69999694824219,83.79000091552734,83.68000030517578,83.77999877929688,62.292667388916016,1027900,0.0,0.0,0.0
2008-04-07,83.6500015258789,83.68000030517578,83.5,83.62000274658203,62.17368698120117,574700,0.0,0.0,0.0
2008-04-08,83.66000366210938,83.73999786376953,83.62999725341797,83.66999816894531,62.21079635620117,986000,0.0,0.0,0.0
2008-04-09,83.80999755859375,83.93000030517578,83.77999877929688,83.83000183105469,62.32984924316406,610500,0.0,0.0,0.0
2008-04-10,83.91999816894531,83.94000244140625,83.76000213623047,83.80000305175781,62.30752944946289,433900,0.0,0.0,0.0
2008-04-11,83.86000061035156,83.94000244140625,83.8499984741211,83.94000244140625,62.41164779663086,1193300,0.0,0.0,0.0
2008-04-14,83.91999816894531,83.94999694824219,83.87000274658203,83.88999938964844,62.37445831298828,551000,0.0,0.0,0.0
2008-04-15,83.83000183105469,83.87000274658203,83.73999786376953,83.77999877929688,62.292667388916016,483800,0.0,0.0,0.0
2008-04-16,83.77999877929688,83.80000305175781,83.56999969482422,83.5999984741211,62.15884017944336,1370900,0.0,0.0,0.0
2008-04-17,83.62000274658203,83.62000274658203,83.3499984741211,83.44999694824219,62.04730987548828,792700,0.0,0.0,0.0
2008-04-18,83.27999877929688,83.4000015258789,83.19000244140625,83.4000015258789,62.01008605957031,1436200,0.0,0.0,0.0
2008-04-21,83.3499984741211,83.41000366210938,83.29000091552734,83.31999969482422,61.95063018798828,753400,0.0,0.0,0.0
2008-04-22,83.29000091552734,83.37000274658203,83.27999877929688,83.3499984741211,61.972938537597656,494100,0.0,0.0,0.0
2008-04-23,83.33000183105469,83.38999938964844,83.2699966430664,83.3499984741211,61.972938537597656,505600,0.0,0.0,0.0
2008-04-24,83.19999694824219,83.26000213623047,83.06999969482422,83.12000274658203,61.801971435546875,975700,0.0,0.0,0.0
2008-04-25,83.05999755859375,83.19000244140625,83.05999755859375,83.12999725341797,61.809349060058594,1386000,0.0,0.0,0.0
2008-04-28,83.12999725341797,83.2300033569336,83.04000091552734,83.22000122070312,61.876277923583984,593600,0.0,0.0,0.0
2008-04-29,83.26000213623047,83.30999755859375,83.19000244140625,83.19999694824219,61.861412048339844,695300,0.0,0.0,0.0
2008-04-30,83.22000122070312,83.36000061035156,83.08999633789062,83.36000061035156,61.98036575317383,870600,0.0,0.0,0.0
2008-05-01,83.27999877929688,83.27999877929688,83.01000213623047,83.05000305175781,61.87010955810547,1129900,0.162,0.0,0.0
2008-05-02,82.91000366210938,83.48999786376953,82.8499984741211,82.94000244140625,61.788150787353516,878100,0.0,0.0,0.0
2008-05-05,83.0,83.05999755859375,82.94000244140625,83.02999877929688,61.85519027709961,723600,0.0,0.0,0.0
2008-05-06,83.11000061035156,83.18000030517578,82.98999786376953,83.08000183105469,61.89244079589844,893400,0.0,0.0,0.0
2008-05-07,83.0199966430664,83.18000030517578,83.0199966430664,83.18000030517578,61.96693420410156,861500,0.0,0.0,0.0
2008-05-08,83.25,83.30999755859375,83.13999938964844,83.25,62.01919174194336,1319900,0.0,0.0,0.0
2008-05-09,83.33999633789062,83.3499984741211,83.23999786376953,83.27999877929688,62.041465759277344,848600,0.0,0.0,0.0
2008-05-12,83.20999908447266,83.30000305175781,83.12000274658203,83.12000274658203,61.92229080200195,569800,0.0,0.0,0.0
2008-05-13,83.01000213623047,83.08000183105469,82.91000366210938,82.9800033569336,61.8179817199707,557100,0.0,0.0,0.0
2008-05-14,83.0199966430664,83.0199966430664,82.80999755859375,82.91999816894531,61.77326583862305,574000,0.0,0.0,0.0
2008-05-15,82.88999938964844,83.04000091552734,82.88999938964844,82.98999786376953,61.82542037963867,657100,0.0,0.0,0.0
2008-05-16,82.88999938964844,83.08999633789062,82.88999938964844,83.01000213623047,61.84029006958008,417200,0.0,0.0,0.0
2008-05-19,83.06999969482422,83.11000061035156,82.97000122070312,83.0999984741211,61.90738296508789,371100,0.0,0.0,0.0
2008-05-20,83.0999984741211,83.2300033569336,83.0999984741211,83.22000122070312,61.99675750732422,462600,0.0,0.0,0.0
2008-05-21,83.13999938964844,83.23999786376953,83.0999984741211,83.12999725341797,61.9296989440918,900100,0.0,0.0,0.0
2008-05-22,82.98999786376953,83.0,82.86000061035156,82.9000015258789,61.758304595947266,433700,0.0,0.0,0.0
2008-05-23,82.95999908447266,83.13999938964844,82.95999908447266,83.05999755859375,61.87760543823242,555000,0.0,0.0,0.0
2008-05-27,83.02999877929688,83.06999969482422,82.91999816894531,82.97000122070312,61.810516357421875,501600,0.0,0.0,0.0
2008-05-28,82.91000366210938,82.93000030517578,82.80999755859375,82.81999969482422,61.69877624511719,413700,0.0,0.0,0.0
2008-05-29,82.73999786376953,82.81999969482422,82.54000091552734,82.79000091552734,61.67637252807617,439600,0.0,0.0,0.0
2008-05-30,82.87999725341797,82.94999694824219,82.86000061035156,82.91000366210938,61.76586151123047,1970100,0.0,0.0,0.0
2008-06-02,82.69999694824219,82.9000015258789,82.68000030517578,82.8499984741211,61.88758087158203,369300,0.223,0.0,0.0
2008-06-03,82.93000030517578,83.0,82.69999694824219,82.97000122070312,61.977210998535156,445000,0.0,0.0,0.0
2008-06-04,83.0,83.0199966430664,82.88999938964844,82.94000244140625,61.95478439331055,607100,0.0,0.0,0.0
2008-06-05,82.87999725341797,82.91999816894531,82.80000305175781,82.83000183105469,61.87266159057617,679300,0.0,0.0,0.0
2008-06-06,82.91000366210938,83.06999969482422,82.88999938964844,82.94000244140625,61.95478439331055,345400,0.0,0.0,0.0
2008-06-09,82.79000091552734,82.80000305175781,82.51000213623047,82.5199966430664,61.64105224609375,566100,0.0,0.0,0.0
2008-06-10,82.4000015258789,82.45999908447266,82.27999877929688,82.33000183105469,61.49913787841797,1293900,0.0,0.0,0.0
2008-06-11,82.4000015258789,82.52999877929688,82.33000183105469,82.47000122070312,61.603694915771484,641300,0.0,0.0,0.0
2008-06-12,82.27999877929688,82.33999633789062,82.06999969482422,82.06999969482422,61.3049201965332,1064700,0.0,0.0,0.0
2008-06-13,82.20999908447266,82.33999633789062,82.13999938964844,82.16000366210938,61.372169494628906,834300,0.0,0.0,0.0
2008-06-16,82.19999694824219,82.26000213623047,82.16999816894531,82.20999908447266,61.40949630737305,318500,0.0,0.0,0.0
2008-06-17,82.29000091552734,82.37999725341797,82.25,82.37000274658203,61.52904510498047,388300,0.0,0.0,0.0
2008-06-18,82.37000274658203,82.4800033569336,82.37000274658203,82.44999694824219,61.58876037597656,1229800,0.0,0.0,0.0
2008-06-19,82.37000274658203,82.44000244140625,82.27999877929688,82.29000091552734,61.469261169433594,549000,0.0,0.0,0.0
2008-06-20,82.38999938964844,82.51000213623047,82.38999938964844,82.44000244140625,61.58130645751953,362800,0.0,0.0,0.0
2008-06-23,82.36000061035156,82.44000244140625,82.30999755859375,82.3499984741211,61.514060974121094,924300,0.0,0.0,0.0
2008-06-24,82.4000015258789,82.52999877929688,82.37999725341797,82.5,61.62612533569336,650600,0.0,0.0,0.0
2008-06-25,82.44999694824219,82.5999984741211,82.3499984741211,82.55999755859375,61.67095184326172,838000,0.0,0.0,0.0
2008-06-26,82.58999633789062,82.81999969482422,82.58999633789062,82.80000305175781,61.85020065307617,1378900,0.0,0.0,0.0
2008-06-27,82.8499984741211,82.87000274658203,82.69999694824219,82.83999633789062,61.88006591796875,812900,0.0,0.0,0.0
2008-06-30,82.80999755859375,82.88999938964844,82.75,82.88999938964844,61.91740417480469,953300,0.0,0.0,0.0
2008-07-01,82.76000213623047,82.8499984741211,82.63999938964844,82.6500015258789,61.90176010131836,1032300,0.219,0.0,0.0
2008-07-02,82.61000061035156,82.75,82.5999984741211,82.66000366210938,61.9091911315918,903200,0.0,0.0,0.0
2008-07-03,82.75,82.83000183105469,82.66000366210938,82.80000305175781,62.01409912109375,328900,0.0,0.0,0.0
2008-07-07,82.81999969482422,83.01000213623047,82.7300033569336,82.8499984741211,62.051536560058594,1115100,0.0,0.0,0.0
2008-07-08,82.87999725341797,83.0,82.80999755859375,82.86000061035156,62.05902862548828,507000,0.0,0.0,0.0
2008-07-09,82.8499984741211,83.0,82.80999755859375,83.0,62.16386795043945,459000,0.0,0.0,0.0
2008-07-10,83.0,83.0,82.88999938964844,82.9000015258789,62.08897399902344,736100,0.0,0.0,0.0
2008-07-11,82.94999694824219,82.95999908447266,82.68000030517578,82.7300033569336,61.961673736572266,532200,0.0,0.0,0.0
2008-07-14,82.76000213623047,82.93000030517578,82.68000030517578,82.91999816894531,62.10394287109375,681300,0.0,0.0,0.0
2008-07-15,83.0,83.19000244140625,82.95999908447266,83.04000091552734,62.193790435791016,715700,0.0,0.0,0.0
2008-07-16,83.0199966430664,83.06999969482422,82.94999694824219,82.95999908447266,62.133846282958984,618700,0.0,0.0,0.0
2008-07-17,82.91999816894531,82.97000122070312,82.77999877929688,82.83999633789062,62.044029235839844,937600,0.0,0.0,0.0
2008-07-18,82.87000274658203,82.91000366210938,82.62999725341797,82.69000244140625,61.93171691894531,1190400,0.0,0.0,0.0
2008-07-21,82.66999816894531,82.7300033569336,82.58999633789062,82.7300033569336,61.961673736572266,811900,0.0,0.0,0.0
2008-07-22,82.72000122070312,82.72000122070312,82.56999969482422,82.66000366210938,61.9091911315918,1046200,0.0,0.0,0.0
2008-07-23,82.55000305175781,82.63999938964844,82.48999786376953,82.62000274658203,61.87925338745117,867600,0.0,0.0,0.0
2008-07-24,82.62999725341797,82.86000061035156,82.62999725341797,82.8499984741211,62.051536560058594,520000,0.0,0.0,0.0
2008-07-25,82.81999969482422,82.8499984741211,82.69999694824219,82.73999786376953,61.96914291381836,874800,0.0,0.0,0.0
2008-07-28,82.83999633789062,82.91999816894531,82.81999969482422,82.91000366210938,62.096439361572266,513100,0.0,0.0,0.0
2008-07-29,82.87000274658203,82.87000274658203,82.76000213623047,82.83999633789062,62.044029235839844,487900,0.0,0.0,0.0
2008-07-30,82.7699966430664,82.91999816894531,82.76000213623047,82.86000061035156,62.05902862548828,516000,0.0,0.0,0.0
2008-07-31,82.95999908447266,83.04000091552734,82.94999694824219,83.02999877929688,62.18638610839844,629900,0.0,0.0,0.0
2008-08-01,82.77999877929688,82.79000091552734,82.70999908447266,82.77999877929688,62.19837951660156,657400,0.266,0.0,0.0
2008-08-04,82.76000213623047,82.81999969482422,82.7300033569336,82.7699966430664,62.19081497192383,935500,0.0,0.0,0.0
2008-08-05,82.75,82.76000213623047,82.68000030517578,82.7300033569336,62.160831451416016,567900,0.0,0.0,0.0
2008-08-06,82.76000213623047,82.7699966430664,82.6500015258789,82.73999786376953,62.168296813964844,534700,0.0,0.0,0.0
2008-08-07,82.80999755859375,82.94000244140625,82.80999755859375,82.91999816894531,62.303565979003906,445700,0.0,0.0,0.0
2008-08-08,82.94000244140625,83.0,82.79000091552734,82.8499984741211,62.25096893310547,530000,0.0,0.0,0.0
2008-08-11,82.83999633789062,82.83999633789062,82.56999969482422,82.73999786376953,62.168296813964844,711000,0.0,0.0,0.0
2008-08-12,82.87000274658203,82.91000366210938,82.83999633789062,82.88999938964844,62.28094482421875,587800,0.0,0.0,0.0
2008-08-13,82.97000122070312,82.9800033569336,82.83999633789062,82.87999725341797,62.27349090576172,1158100,0.0,0.0,0.0
2008-08-14,82.93000030517578,82.94999694824219,82.86000061035156,82.91000366210938,62.2960090637207,1061400,0.0,0.0,0.0
2008-08-15,83.0199966430664,83.05000305175781,82.93000030517578,82.97000122070312,62.34113693237305,1816300,0.0,0.0,0.0
2008-08-18,82.98999786376953,83.06999969482422,82.95999908447266,83.04000091552734,62.39366912841797,537000,0.0,0.0,0.0
2008-08-19,83.13999938964844,83.1500015258789,83.05000305175781,83.0999984741211,62.438777923583984,683800,0.0,0.0,0.0
2008-08-20,83.08999633789062,83.22000122070312,83.08999633789062,83.20999908447266,62.521427154541016,717200,0.0,0.0,0.0
2008-08-21,83.19000244140625,83.19000244140625,83.08999633789062,83.13999938964844,62.4688606262207,540600,0.0,0.0,0.0
2008-08-22,83.05000305175781,83.05000305175781,82.94999694824219,82.98999786376953,62.35612106323242,509600,0.0,0.0,0.0
2008-08-25,83.08999633789062,83.13999938964844,83.06999969482422,83.12999725341797,62.461299896240234,511800,0.0,0.0,0.0
2008-08-26,83.08999633789062,83.0999984741211,83.02999877929688,83.0999984741211,62.438777923583984,600200,0.0,0.0,0.0
2008-08-27,83.05999755859375,83.1500015258789,83.0199966430664,83.1500015258789,62.47638702392578,664000,0.0,0.0,0.0
2008-08-28,83.11000061035156,83.12000274658203,83.04000091552734,83.11000061035156,62.4462776184082,510300,0.0,0.0,0.0
2008-08-29,83.06999969482422,83.1500015258789,83.02999877929688,83.1500015258789,62.47638702392578,597400,0.0,0.0,0.0
2008-09-02,82.83999633789062,83.0199966430664,82.77999877929688,83.0199966430664,62.55545425415039,645200,0.235,0.0,0.0
2008-09-03,83.04000091552734,83.0999984741211,83.01000213623047,83.05000305175781,62.578060150146484,947200,0.0,0.0,0.0
2008-09-04,83.05999755859375,83.16999816894531,83.05000305175781,83.0999984741211,62.615779876708984,861400,0.0,0.0,0.0
2008-09-05,83.19999694824219,83.2300033569336,83.04000091552734,83.06999969482422,62.593143463134766,1047500,0.0,0.0,0.0
2008-09-08,82.88999938964844,83.04000091552734,82.81999969482422,83.02999877929688,62.563026428222656,505100,0.0,0.0,0.0
2008-09-09,82.98999786376953,83.20999908447266,82.87999725341797,83.16000366210938,62.66094970703125,642200,0.0,0.0,0.0
2008-09-10,83.11000061035156,83.19999694824219,83.04000091552734,83.18000030517578,62.676063537597656,536600,0.0,0.0,0.0
2008-09-11,83.2699966430664,83.29000091552734,83.13999938964844,83.1500015258789,62.65333557128906,825500,0.0,0.0,0.0
2008-09-12,83.18000030517578,83.23999786376953,83.05000305175781,83.16000366210938,62.66094970703125,1061400,0.0,0.0,0.0
2008-09-15,83.69999694824219,83.79000091552734,83.48999786376953,83.75,63.105506896972656,1710200,0.0,0.0,0.0
2008-09-16,84.02999877929688,84.05999755859375,83.58000183105469,83.5999984741211,62.99251937866211,1671800,0.0,0.0,0.0
2008-09-17,83.93000030517578,84.0199966430664,83.41999816894531,84.0,63.29389572143555,5535100,0.0,0.0,0.0
2008-09-18,83.87000274658203,84.29000091552734,83.6500015258789,83.7300033569336,63.09041976928711,13824800,0.0,0.0,0.0
2008-09-19,83.05999755859375,83.36000061035156,83.0199966430664,83.26000213623047,62.736324310302734,3398300,0.0,0.0,0.0
2008-09-22,83.05999755859375,83.33000183105469,83.01000213623047,83.31999969482422,62.781490325927734,1542400,0.0,0.0,0.0
2008-09-23,83.41999816894531,83.41999816894531,83.22000122070312,83.37999725341797,62.82670211791992,1226200,0.0,0.0,0.0
2008-09-24,83.4000015258789,83.58000183105469,83.30999755859375,83.55999755859375,62.96239471435547,831100,0.0,0.0,0.0
2008-09-25,83.55000305175781,83.55999755859375,83.2699966430664,83.41000366210938,62.84935760498047,1089800,0.0,0.0,0.0
2008-09-26,83.5999984741211,83.62000274658203,83.4000015258789,83.41000366210938,62.84935760498047,1268200,0.0,0.0,0.0
2008-09-29,83.68000030517578,84.16000366210938,83.58000183105469,83.88999938964844,63.211002349853516,2506000,0.0,0.0,0.0
2008-09-30,83.97000122070312,84.0199966430664,83.55999755859375,83.55999755859375,62.96239471435547,1460200,0.0,0.0,0.0
2008-10-01,83.55000305175781,83.62999725341797,83.31999969482422,83.54000091552734,63.15896987915039,4156600,0.28,0.0,0.0
2008-10-02,83.70999908447266,83.87000274658203,83.58999633789062,83.72000122070312,63.294960021972656,2180500,0.0,0.0,0.0
2008-10-03,83.81999969482422,83.94999694824219,83.5,83.94999694824219,63.46886444091797,1009900,0.0,0.0,0.0
2008-10-06,84.05000305175781,84.2699966430664,83.9800033569336,84.12000274658203,63.59740447998047,2985200,0.0,0.0,0.0
2008-10-07,83.97000122070312,84.16999816894531,83.86000061035156,84.13999938964844,63.61255645751953,5766800,0.0,0.0,0.0
2008-10-08,84.33000183105469,84.33999633789062,83.61000061035156,83.77999877929688,63.34038543701172,7752100,0.0,0.0,0.0
2008-10-09,83.72000122070312,83.8499984741211,83.58999633789062,83.83000183105469,63.378204345703125,6909600,0.0,0.0,0.0
2008-10-10,84.0,84.12000274658203,83.48999786376953,83.95999908447266,63.47645568847656,4586600,0.0,0.0,0.0
2008-10-13,83.83000183105469,83.83000183105469,82.7300033569336,83.58999633789062,63.19670486450195,1399300,0.0,0.0,0.0
2008-10-14,83.55000305175781,83.7300033569336,83.3499984741211,83.61000061035156,63.211875915527344,3418700,0.0,0.0,0.0
2008-10-15,83.61000061035156,84.02999877929688,83.61000061035156,83.88999938964844,63.423526763916016,1202300,0.0,0.0,0.0
2008-10-16,83.79000091552734,84.1500015258789,83.77999877929688,83.83999633789062,63.38576126098633,1174500,0.0,0.0,0.0
2008-10-17,83.94999694824219,84.0199966430664,83.75,83.9000015258789,63.43107223510742,942100,0.0,0.0,0.0
2008-10-20,83.9800033569336,84.06999969482422,83.77999877929688,83.83999633789062,63.38576126098633,1514800,0.0,0.0,0.0
2008-10-21,84.08999633789062,84.11000061035156,83.83999633789062,84.01000213623047,63.51423645019531,711100,0.0,0.0,0.0
2008-10-22,84.02999877929688,84.16000366210938,83.88999938964844,84.12999725341797,63.60498809814453,1161600,0.0,0.0,0.0
2008-10-23,84.08000183105469,84.30999755859375,83.93000030517578,84.08000183105469,63.567230224609375,901100,0.0,0.0,0.0
2008-10-24,84.3499984741211,84.37000274658203,84.04000091552734,84.1500015258789,63.620094299316406,1208800,0.0,0.0,0.0
2008-10-27,84.0199966430664,84.12999725341797,83.87999725341797,83.94000244140625,63.461387634277344,1122100,0.0,0.0,0.0
2008-10-28,83.95999908447266,84.08000183105469,83.87999725341797,84.04000091552734,63.5369873046875,1028700,0.0,0.0,0.0
2008-10-29,84.12000274658203,84.22000122070312,84.0,84.08999633789062,63.574764251708984,1302400,0.0,0.0,0.0
2008-10-30,84.11000061035156,84.19999694824219,84.01000213623047,84.16000366210938,63.627689361572266,821500,0.0,0.0,0.0
2008-10-31,84.12999725341797,84.19999694824219,84.0199966430664,84.19999694824219,63.657920837402344,1271700,0.0,0.0,0.0
2008-11-03,83.94000244140625,84.02999877929688,83.80000305175781,84.02999877929688,63.77711868286133,901900,0.327,0.0,0.0
2008-11-04,84.0,84.12000274658203,83.83999633789062,84.0,63.754295349121094,1290100,0.0,0.0,0.0
2008-11-05,83.98999786376953,84.1500015258789,83.94999694824219,84.1500015258789,63.868167877197266,1421400,0.0,0.0,0.0
2008-11-06,84.0199966430664,84.19000244140625,83.97000122070312,84.18000030517578,63.89089584350586,2190300,0.0,0.0,0.0
2008-11-07,84.08000183105469,84.1500015258789,84.01000213623047,84.02999877929688,63.77711868286133,661000,0.0,0.0,0.0
2008-11-10,84.08000183105469,84.29000091552734,84.01000213623047,84.29000091552734,63.97443771362305,703900,0.0,0.0,0.0
2008-11-11,84.1500015258789,84.37000274658203,84.1500015258789,84.3499984741211,64.0199203491211,493200,0.0,0.0,0.0
2008-11-12,84.33999633789062,84.4800033569336,84.30999755859375,84.4800033569336,64.11862182617188,972600,0.0,0.0,0.0
2008-11-13,84.44999694824219,84.47000122070312,84.25,84.2699966430664,63.9592399597168,1089400,0.0,0.0,0.0
2008-11-14,84.29000091552734,84.41000366210938,84.25,84.25,63.94404983520508,858300,0.0,0.0,0.0
2008-11-17,84.25,84.41000366210938,84.25,84.4000015258789,64.05789184570312,613000,0.0,0.0,0.0
2008-11-18,84.30999755859375,84.5,84.30000305175781,84.48999786376953,64.12621307373047,649600,0.0,0.0,0.0
2008-11-19,84.47000122070312,84.61000061035156,84.43000030517578,84.61000061035156,64.21725463867188,740000,0.0,0.0,0.0
2008-11-20,84.75,84.80000305175781,84.56999969482422,84.7699966430664,64.33870697021484,2529500,0.0,0.0,0.0
2008-11-21,84.62999725341797,84.69999694824219,84.45999908447266,84.62999725341797,64.23249053955078,1693400,0.0,0.0,0.0
2008-11-24,84.45999908447266,84.52999877929688,84.33999633789062,84.41999816894531,64.07311248779297,957100,0.0,0.0,0.0
2008-11-25,84.52999877929688,84.66000366210938,84.41000366210938,84.48999786376953,64.12621307373047,810300,0.0,0.0,0.0
2008-11-26,84.5,84.76000213623047,84.5,84.75,64.32347869873047,671900,0.0,0.0,0.0
2008-11-28,84.63999938964844,84.80000305175781,84.54000091552734,84.80000305175781,64.36155700683594,234700,0.0,0.0,0.0
2008-12-01,84.62999725341797,84.72000122070312,84.5199966430664,84.66000366210938,64.46735382080078,869100,0.279,0.0,0.0
2008-12-02,84.62999725341797,84.70999908447266,84.55000305175781,84.6500015258789,64.45970153808594,725000,0.0,0.0,0.0
2008-12-03,84.56999969482422,84.77999877929688,84.56999969482422,84.72000122070312,64.5130386352539,956300,0.0,0.0,0.0
2008-12-04,84.7300033569336,84.8499984741211,84.6500015258789,84.73999786376953,64.52822875976562,1181300,0.0,0.0,0.0
2008-12-05,84.7699966430664,84.80000305175781,84.51000213623047,84.63999938964844,64.45205688476562,877800,0.0,0.0,0.0
2008-12-08,84.62000274658203,84.66000366210938,84.4800033569336,84.5199966430664,64.3607406616211,1051300,0.0,0.0,0.0
2008-12-09,84.63999938964844,84.77999877929688,84.44999694824219,84.77999877929688,64.55870056152344,980400,0.0,0.0,0.0
2008-12-10,84.69000244140625,84.7699966430664,84.55000305175781,84.66999816894531,64.47498321533203,938100,0.0,0.0,0.0
2008-12-11,84.75,84.87000274658203,84.6500015258789,84.87000274658203,64.62725067138672,919400,0.0,0.0,0.0
2008-12-12,84.77999877929688,84.94999694824219,84.6500015258789,84.91000366210938,64.65770721435547,538500,0.0,0.0,0.0
2008-12-15,84.8499984741211,84.9800033569336,84.75,84.97000122070312,64.70343017578125,1399200,0.0,0.0,0.0
2008-12-16,85.01000213623047,85.13999938964844,84.73999786376953,85.01000213623047,64.73384094238281,734500,0.0,0.0,0.0
2008-12-17,84.98999786376953,85.16999816894531,84.83000183105469,84.83000183105469,64.59677124023438,1398100,0.0,0.0,0.0
2008-12-18,85.01000213623047,85.02999877929688,84.86000061035156,84.87000274658203,64.62725067138672,1120900,0.0,0.0,0.0
2008-12-19,84.7699966430664,84.88999938964844,84.75,84.79000091552734,64.56635284423828,848900,0.0,0.0,0.0
2008-12-22,84.79000091552734,84.81999969482422,84.62000274658203,84.62999725341797,64.44451904296875,812700,0.0,0.0,0.0
2008-12-23,84.6500015258789,84.75,84.62000274658203,84.6500015258789,64.45970153808594,698300,0.0,0.0,0.0
2008-12-24,84.69000244140625,84.79000091552734,84.66000366210938,84.66999816894531,64.47498321533203,271600,0.0,0.0,0.0
2008-12-26,84.66000366210938,84.80000305175781,84.6500015258789,84.7699966430664,64.55113983154297,444400,0.0,0.0,0.0
2008-12-29,84.56999969482422,84.68000030517578,84.44999694824219,84.62000274658203,64.69334411621094,715900,0.336,0.0,0.0
2008-12-30,84.5999984741211,84.69999694824219,84.52999877929688,84.69999694824219,64.75443267822266,531900,0.0,0.0,0.0
2008-12-31,84.66999816894531,84.69000244140625,84.45999908447266,84.66000366210938,64.72388458251953,587400,0.0,0.0,0.0
2009-01-02,84.68000030517578,84.68000030517578,84.20999908447266,84.20999908447266,64.37984466552734,1138500,0.0,0.0,0.0
2009-01-05,84.3499984741211,84.45999908447266,84.30999755859375,84.37999725341797,64.50982666015625,5046300,0.0,0.0,0.0
2009-01-06,84.31999969482422,84.45999908447266,84.2699966430664,84.41999816894531,64.5404281616211,1459700,0.0,0.0,0.0
2009-01-07,84.44999694824219,84.44999694824219,84.30000305175781,84.36000061035156,64.49452209472656,2015400,0.0,0.0,0.0
2009-01-08,84.33000183105469,84.48999786376953,84.33000183105469,84.37999725341797,64.50982666015625,805800,0.0,0.0,0.0
2009-01-09,84.38999938964844,84.52999877929688,84.37999725341797,84.44000244140625,64.5556411743164,847200,0.0,0.0,0.0
2009-01-12,84.44000244140625,84.58999633789062,84.41999816894531,84.45999908447266,64.57100677490234,1228000,0.0,0.0,0.0
2009-01-13,84.47000122070312,84.54000091552734,84.4000015258789,84.47000122070312,64.57860565185547,583400,0.0,0.0,0.0
2009-01-14,84.5199966430664,84.6500015258789,84.5199966430664,84.56999969482422,64.65509796142578,1117800,0.0,0.0,0.0
2009-01-15,84.55999755859375,84.58999633789062,84.41000366210938,84.4800033569336,64.58622741699219,4473500,0.0,0.0,0.0
2009-01-16,84.41999816894531,84.55999755859375,84.4000015258789,84.5199966430664,64.61685180664062,660600,0.0,0.0,0.0
2009-01-20,84.44999694824219,84.58000183105469,84.37999725341797,84.55999755859375,64.6474380493164,2102800,0.0,0.0,0.0
2009-01-21,84.4800033569336,84.55000305175781,84.41000366210938,84.43000030517578,64.54804229736328,992100,0.0,0.0,0.0
2009-01-22,84.47000122070312,84.55000305175781,84.41999816894531,84.47000122070312,64.57860565185547,568900,0.0,0.0,0.0
2009-01-23,84.43000030517578,84.4800033569336,84.27999877929688,84.44999694824219,64.56333923339844,1840900,0.0,0.0,0.0
2009-01-26,84.43000030517578,84.43000030517578,84.27999877929688,84.33999633789062,64.47925567626953,910100,0.0,0.0,0.0
2009-01-27,84.30000305175781,84.44000244140625,84.30000305175781,84.43000030517578,64.54804229736328,1186800,0.0,0.0,0.0
2009-01-28,84.38999938964844,84.45999908447266,84.33000183105469,84.4000015258789,64.52508544921875,1637100,0.0,0.0,0.0
2009-01-29,84.2699966430664,84.33000183105469,84.22000122070312,84.23999786376953,64.40278625488281,1642800,0.0,0.0,0.0
2009-01-30,84.27999877929688,84.37999725341797,84.2300033569336,84.29000091552734,64.44108581542969,1134300,0.0,0.0,0.0
2009-02-02,84.13999938964844,84.23999786376953,84.12000274658203,84.2300033569336,64.5007095336914,775500,0.138,0.0,0.0
2009-02-03,84.20999908447266,84.23999786376953,84.08000183105469,84.13999938964844,64.4318618774414,872000,0.0,0.0,0.0
2009-02-04,84.12000274658203,84.13999938964844,83.97000122070312,84.0,64.3245849609375,1806100,0.0,0.0,0.0
2009-02-05,84.04000091552734,84.08999633789062,83.97000122070312,84.0199966430664,64.33988189697266,1131500,0.0,0.0,0.0
2009-02-06,84.12000274658203,84.12000274658203,83.97000122070312,83.97000122070312,64.30160522460938,970500,0.0,0.0,0.0
2009-02-09,83.9800033569336,84.05000305175781,83.91999816894531,83.94000244140625,64.27865600585938,823200,0.0,0.0,0.0
2009-02-10,84.0,84.18000030517578,83.95999908447266,84.12999725341797,64.4241714477539,1168400,0.0,0.0,0.0
2009-02-11,84.16000366210938,84.2300033569336,84.0999984741211,84.11000061035156,64.40878295898438,880200,0.0,0.0,0.0
2009-02-12,84.16999816894531,84.26000213623047,84.16999816894531,84.20999908447266,64.48542785644531,879800,0.0,0.0,0.0
2009-02-13,84.1500015258789,84.16999816894531,84.04000091552734,84.05000305175781,64.36295318603516,658100,0.0,0.0,0.0
2009-02-17,84.1500015258789,84.27999877929688,84.1500015258789,84.2699966430664,64.5313949584961,901700,0.0,0.0,0.0
2009-02-18,84.16999816894531,84.23999786376953,84.06999969482422,84.12999725341797,64.4241714477539,622500,0.0,0.0,0.0
2009-02-19,84.06999969482422,84.1500015258789,84.0199966430664,84.0999984741211,64.40119934082031,646200,0.0,0.0,0.0
2009-02-20,84.12999725341797,84.26000213623047,84.12000274658203,84.16999816894531,64.4548110961914,888400,0.0,0.0,0.0
2009-02-23,84.08000183105469,84.16999816894531,84.01000213623047,84.16000366210938,64.44715881347656,2477700,0.0,0.0,0.0
2009-02-24,84.11000061035156,84.19000244140625,84.06999969482422,84.0999984741211,64.40119934082031,863900,0.0,0.0,0.0
2009-02-25,84.0999984741211,84.13999938964844,83.94000244140625,83.94000244140625,64.27865600585938,919000,0.0,0.0,0.0
2009-02-26,83.95999908447266,83.98999786376953,83.91000366210938,83.9800033569336,64.30928039550781,863300,0.0,0.0,0.0
2009-02-27,84.01000213623047,84.08999633789062,83.94999694824219,84.02999877929688,64.34759521484375,793500,0.0,0.0,0.0
2009-03-02,84.01000213623047,84.11000061035156,83.97000122070312,84.08999633789062,64.4925765991211,1559300,0.129,0.0,0.0
2009-03-03,84.16999816894531,84.16999816894531,83.97000122070312,84.0199966430664,64.43883514404297,1011700,0.0,0.0,0.0
2009-03-04,83.91999816894531,83.94000244140625,83.83000183105469,83.93000030517578,64.36982727050781,2098600,0.0,0.0,0.0
2009-03-05,83.94000244140625,84.05999755859375,83.91000366210938,84.02999877929688,64.44656372070312,1025300,0.0,0.0,0.0
2009-03-06,83.9000015258789,84.05999755859375,83.87999725341797,83.97000122070312,64.40052795410156,1402800,0.0,0.0,0.0
2009-03-09,83.9800033569336,83.98999786376953,83.80000305175781,83.88999938964844,64.33914184570312,896100,0.0,0.0,0.0
2009-03-10,83.87000274658203,83.87000274658203,83.5,83.83999633789062,64.30076599121094,2253200,0.0,0.0,0.0
2009-03-11,83.83000183105469,83.88999938964844,83.7699966430664,83.87999725341797,64.33143615722656,1011700,0.0,0.0,0.0
2009-03-12,83.8499984741211,83.94000244140625,83.83000183105469,83.91000366210938,64.35450744628906,902300,0.0,0.0,0.0
2009-03-13,83.8499984741211,83.98999786376953,83.83999633789062,83.9800033569336,64.40817260742188,1320000,0.0,0.0,0.0
2009-03-16,83.8499984741211,83.91999816894531,83.8499984741211,83.87000274658203,64.32382202148438,730400,0.0,0.0,0.0
2009-03-17,83.9000015258789,83.93000030517578,83.80000305175781,83.8499984741211,64.30842590332031,1135200,0.0,0.0,0.0
2009-03-18,83.87000274658203,84.19999694824219,83.86000061035156,84.16999816894531,64.55388641357422,2771700,0.0,0.0,0.0
2009-03-19,84.13999938964844,84.16999816894531,84.05999755859375,84.06999969482422,64.47722625732422,2064700,0.0,0.0,0.0
2009-03-20,84.13999938964844,84.20999908447266,84.06999969482422,84.16999816894531,64.55388641357422,1939900,0.0,0.0,0.0
2009-03-23,84.08000183105469,84.1500015258789,84.04000091552734,84.0999984741211,64.50017547607422,1068700,0.0,0.0,0.0
2009-03-24,84.11000061035156,84.12000274658203,83.9800033569336,83.98999786376953,64.4158706665039,2632300,0.0,0.0,0.0
2009-03-25,84.04000091552734,84.05999755859375,83.95999908447266,83.97000122070312,64.40052795410156,1233200,0.0,0.0,0.0
2009-03-26,84.05999755859375,84.16999816894531,84.01000213623047,84.08000183105469,64.48487854003906,1249300,0.0,0.0,0.0
2009-03-27,84.0999984741211,84.16999816894531,84.0999984741211,84.12000274658203,64.51559448242188,704600,0.0,0.0,0.0
2009-03-30,84.19000244140625,84.25,84.16000366210938,84.19999694824219,64.57688903808594,787000,0.0,0.0,0.0
2009-03-31,84.19999694824219,84.33000183105469,84.19999694824219,84.31999969482422,64.66893005371094,2398100,0.0,0.0,0.0
2009-04-01,84.13999938964844,84.19999694824219,84.11000061035156,84.16000366210938,64.65433502197266,968800,0.141,0.0,0.0
2009-04-02,84.06999969482422,84.12000274658203,83.97000122070312,84.0199966430664,64.54682159423828,996700,0.0,0.0,0.0
2009-04-03,83.97000122070312,83.9800033569336,83.80999755859375,83.83000183105469,64.40084075927734,1979300,0.0,0.0,0.0
2009-04-06,83.80000305175781,83.91000366210938,83.80000305175781,83.88999938964844,64.44696044921875,1236400,0.0,0.0,0.0
2009-04-07,83.93000030517578,83.97000122070312,83.88999938964844,83.91999816894531,64.4699478149414,592100,0.0,0.0,0.0
2009-04-08,83.94999694824219,84.01000213623047,83.87000274658203,83.91999816894531,64.4699478149414,1021000,0.0,0.0,0.0
2009-04-09,83.88999938964844,83.91999816894531,83.81999969482422,83.81999969482422,64.39315795898438,1768800,0.0,0.0,0.0
2009-04-13,83.87000274658203,84.05999755859375,83.87000274658203,83.9800033569336,64.5160903930664,664800,0.0,0.0,0.0
2009-04-14,84.0,84.0999984741211,83.98999786376953,84.05000305175781,64.56982421875,1485700,0.0,0.0,0.0
2009-04-15,84.04000091552734,84.11000061035156,84.0,84.08999633789062,64.60057830810547,726200,0.0,0.0,0.0
2009-04-16,84.01000213623047,84.08999633789062,83.97000122070312,83.97000122070312,64.5084228515625,1374700,0.0,0.0,0.0
2009-04-17,83.94000244140625,84.08999633789062,83.83999633789062,83.87999725341797,64.43922424316406,826800,0.0,0.0,0.0
2009-04-20,83.93000030517578,84.04000091552734,83.93000030517578,83.95999908447266,64.50065612792969,618200,0.0,0.0,0.0
2009-04-21,84.04000091552734,84.06999969482422,83.97000122070312,83.97000122070312,64.5084228515625,284600,0.0,0.0,0.0
2009-04-22,84.01000213623047,84.01000213623047,83.88999938964844,83.97000122070312,64.5084228515625,884900,0.0,0.0,0.0
2009-04-23,83.95999908447266,83.97000122070312,83.88999938964844,83.91000366210938,64.4623031616211,1306900,0.0,0.0,0.0
2009-04-24,83.91999816894531,83.95999908447266,83.87000274658203,83.91000366210938,64.4623031616211,1050300,0.0,0.0,0.0
2009-04-27,84.02999877929688,84.05000305175781,83.93000030517578,84.01000213623047,64.53910827636719,848600,0.0,0.0,0.0
2009-04-28,84.05000305175781,84.06999969482422,83.91999816894531,83.93000030517578,64.4776611328125,869300,0.0,0.0,0.0
2009-04-29,83.97000122070312,84.01000213623047,83.9000015258789,83.97000122070312,64.5084228515625,867700,0.0,0.0,0.0
2009-04-30,83.94999694824219,84.04000091552734,83.91000366210938,84.04000091552734,64.5621337890625,690100,0.0,0.0,0.0
2009-05-01,83.7699966430664,83.83000183105469,83.76000213623047,83.80999755859375,64.5136489868164,695400,0.167,0.0,0.0
2009-05-04,83.8499984741211,83.8499984741211,83.75,83.79000091552734,64.4982681274414,959800,0.0,0.0,0.0
2009-05-05,83.73999786376953,83.80000305175781,83.70999908447266,83.7699966430664,64.48286437988281,1067400,0.0,0.0,0.0
2009-05-06,83.80000305175781,83.8499984741211,83.75,83.81999969482422,64.52130889892578,660200,0.0,0.0,0.0
2009-05-07,83.72000122070312,83.77999877929688,83.66999816894531,83.69999694824219,64.428955078125,1587600,0.0,0.0,0.0
2009-05-08,83.72000122070312,83.77999877929688,83.70999908447266,83.76000213623047,64.47515106201172,946000,0.0,0.0,0.0
2009-05-11,83.79000091552734,83.91000366210938,83.79000091552734,83.9000015258789,64.58293914794922,528500,0.0,0.0,0.0
2009-05-12,83.87000274658203,83.91999816894531,83.87000274658203,83.88999938964844,64.57525634765625,1212900,0.0,0.0,0.0
2009-05-13,83.91999816894531,84.0,83.91000366210938,83.93000030517578,64.6060562133789,827700,0.0,0.0,0.0
2009-05-14,83.91000366210938,83.98999786376953,83.91000366210938,83.95999908447266,64.62908172607422,1673100,0.0,0.0,0.0
2009-05-15,83.94999694824219,84.01000213623047,83.93000030517578,83.94999694824219,64.62139129638672,1158000,0.0,0.0,0.0
2009-05-18,83.94999694824219,83.97000122070312,83.87000274658203,83.87000274658203,64.55984497070312,1131700,0.0,0.0,0.0
2009-05-19,83.9000015258789,83.94999694824219,83.83999633789062,83.91999816894531,64.59831237792969,1081800,0.0,0.0,0.0
2009-05-20,84.0,84.02999877929688,83.91999816894531,84.02999877929688,64.68301391601562,1122100,0.0,0.0,0.0
2009-05-21,84.02999877929688,84.04000091552734,83.91999816894531,83.91999816894531,64.59831237792969,1612700,0.0,0.0,0.0
2009-05-22,83.9000015258789,83.94999694824219,83.87000274658203,83.94000244140625,64.61370086669922,654900,0.0,0.0,0.0
2009-05-26,83.94000244140625,83.97000122070312,83.81999969482422,83.83000183105469,64.5290298461914,840600,0.0,0.0,0.0
2009-05-27,83.83000183105469,83.93000030517578,83.80000305175781,83.80999755859375,64.5136489868164,553300,0.0,0.0,0.0
2009-05-28,83.83000183105469,83.9000015258789,83.80000305175781,83.80000305175781,64.50592803955078,728200,0.0,0.0,0.0
2009-05-29,83.83999633789062,83.97000122070312,83.83000183105469,83.91999816894531,64.59831237792969,852800,0.0,0.0,0.0
2009-06-01,83.69999694824219,83.81999969482422,83.66000366210938,83.72000122070312,64.54512786865234,1745800,0.131,0.0,0.0
2009-06-02,83.75,83.80000305175781,83.69000244140625,83.69000244140625,64.52200317382812,2210000,0.0,0.0,0.0
2009-06-03,83.79000091552734,83.8499984741211,83.73999786376953,83.83999633789062,64.63764190673828,1227700,0.0,0.0,0.0
2009-06-04,83.73999786376953,83.83999633789062,83.73999786376953,83.76000213623047,64.57594299316406,1196400,0.0,0.0,0.0
2009-06-05,83.4000015258789,83.52999877929688,83.18000030517578,83.20999908447266,64.15193176269531,1198700,0.0,0.0,0.0
2009-06-08,83.16000366210938,83.20999908447266,82.98999786376953,82.98999786376953,63.98237609863281,1100900,0.0,0.0,0.0
2009-06-09,83.1500015258789,83.23999786376953,83.1500015258789,83.18000030517578,64.12882232666016,996100,0.0,0.0,0.0
2009-06-10,83.20999908447266,83.26000213623047,83.05999755859375,83.16999816894531,64.12110137939453,759400,0.0,0.0,0.0
2009-06-11,83.12000274658203,83.2300033569336,83.11000061035156,83.18000030517578,64.12882232666016,763000,0.0,0.0,0.0
2009-06-12,83.18000030517578,83.30999755859375,83.16999816894531,83.2699966430664,64.1981430053711,607800,0.0,0.0,0.0
2009-06-15,83.33000183105469,83.37999725341797,83.30000305175781,83.33000183105469,64.24446868896484,959400,0.0,0.0,0.0
2009-06-16,83.36000061035156,83.4800033569336,83.33000183105469,83.41999816894531,64.31382751464844,1126500,0.0,0.0,0.0
2009-06-17,83.5199966430664,83.56999969482422,83.45999908447266,83.51000213623047,64.38320922851562,752200,0.0,0.0,0.0
2009-06-18,83.47000122070312,83.47000122070312,83.30999755859375,83.37000274658203,64.2752685546875,619800,0.0,0.0,0.0
2009-06-19,83.36000061035156,83.44999694824219,83.30000305175781,83.41999816894531,64.31382751464844,1051200,0.0,0.0,0.0
2009-06-22,83.44999694824219,83.54000091552734,83.44999694824219,83.52999877929688,64.39869689941406,1054400,0.0,0.0,0.0
2009-06-23,83.47000122070312,83.58999633789062,83.45999908447266,83.52999877929688,64.39869689941406,721300,0.0,0.0,0.0
2009-06-24,83.56999969482422,83.70999908447266,83.5,83.5199966430664,64.39091491699219,698700,0.0,0.0,0.0
2009-06-25,83.56999969482422,83.72000122070312,83.55999755859375,83.68000030517578,64.5143051147461,1241300,0.0,0.0,0.0
2009-06-26,83.69000244140625,83.73999786376953,83.66999816894531,83.72000122070312,64.54512786865234,692200,0.0,0.0,0.0
2009-06-29,83.7300033569336,83.75,83.69000244140625,83.72000122070312,64.54512786865234,652300,0.0,0.0,0.0
2009-06-30,83.63999938964844,83.73999786376953,83.61000061035156,83.70999908447266,64.53744506835938,703300,0.0,0.0,0.0
2009-07-01,83.58999633789062,83.68000030517578,83.55999755859375,83.68000030517578,64.60071563720703,1202200,0.112,0.0,0.0
2009-07-02,83.7699966430664,83.80000305175781,83.72000122070312,83.7699966430664,64.6701889038086,544300,0.0,0.0,0.0
2009-07-06,83.76000213623047,83.83999633789062,83.73999786376953,83.80000305175781,64.69335174560547,474400,0.0,0.0,0.0
2009-07-07,83.80000305175781,83.87000274658203,83.76000213623047,83.79000091552734,64.68566131591797,1668300,0.0,0.0,0.0
2009-07-08,83.80999755859375,83.95999908447266,83.7699966430664,83.91999816894531,64.78596496582031,773700,0.0,0.0,0.0
2009-07-09,83.8499984741211,83.91999816894531,83.83999633789062,83.87999725341797,64.7551498413086,824100,0.0,0.0,0.0
2009-07-10,83.94000244140625,83.9800033569336,83.9000015258789,83.95999908447266,64.81685638427734,666200,0.0,0.0,0.0
2009-07-13,83.93000030517578,83.9800033569336,83.88999938964844,83.91000366210938,64.77833557128906,699800,0.0,0.0,0.0
2009-07-14,83.83999633789062,83.91000366210938,83.81999969482422,83.8499984741211,64.73199462890625,488900,0.0,0.0,0.0
2009-07-15,83.77999877929688,83.80000305175781,83.6500015258789,83.6500015258789,64.5775375366211,747200,0.0,0.0,0.0
2009-07-16,83.80999755859375,83.83000183105469,83.76000213623047,83.77999877929688,64.6779556274414,504500,0.0,0.0,0.0
2009-07-17,83.72000122070312,83.7699966430664,83.70999908447266,83.75,64.65475463867188,833100,0.0,0.0,0.0
2009-07-20,83.66000366210938,83.77999877929688,83.6500015258789,83.73999786376953,64.64704132080078,808800,0.0,0.0,0.0
2009-07-21,83.70999908447266,83.91000366210938,83.70999908447266,83.83999633789062,64.7242660522461,1071800,0.0,0.0,0.0
2009-07-22,83.9000015258789,83.9000015258789,83.77999877929688,83.80000305175781,64.69335174560547,628000,0.0,0.0,0.0
2009-07-23,83.79000091552734,83.80000305175781,83.62000274658203,83.6500015258789,64.5775375366211,1026000,0.0,0.0,0.0
2009-07-24,83.66000366210938,83.7300033569336,83.6500015258789,83.69999694824219,64.61614990234375,969800,0.0,0.0,0.0
2009-07-27,83.61000061035156,83.68000030517578,83.56999969482422,83.63999938964844,64.56983184814453,707600,0.0,0.0,0.0
2009-07-28,83.66999816894531,83.72000122070312,83.55999755859375,83.58999633789062,64.53123474121094,763200,0.0,0.0,0.0
2009-07-29,83.62999725341797,83.6500015258789,83.44999694824219,83.54000091552734,64.49264526367188,635700,0.0,0.0,0.0
2009-07-30,83.51000213623047,83.55999755859375,83.4800033569336,83.55000305175781,64.5003662109375,774200,0.0,0.0,0.0
2009-07-31,83.56999969482422,83.69000244140625,83.56999969482422,83.69000244140625,64.60848999023438,624200,0.0,0.0,0.0
2009-08-03,83.51000213623047,83.5199966430664,83.37999725341797,83.45999908447266,64.51722717285156,1073800,0.112,0.0,0.0
2009-08-04,83.4800033569336,83.5,83.3499984741211,83.38999938964844,64.46310424804688,940200,0.0,0.0,0.0
2009-08-05,83.31999969482422,83.5,83.31999969482422,83.36000061035156,64.43995666503906,1230500,0.0,0.0,0.0
2009-08-06,83.33999633789062,83.41000366210938,83.33000183105469,83.36000061035156,64.43995666503906,892300,0.0,0.0,0.0
2009-08-07,83.23999786376953,83.2699966430664,83.19000244140625,83.22000122070312,64.3316879272461,1192200,0.0,0.0,0.0
2009-08-10,83.27999877929688,83.37999725341797,83.2699966430664,83.3499984741211,64.43217468261719,639000,0.0,0.0,0.0
2009-08-11,83.37000274658203,83.45999908447266,83.37000274658203,83.44000244140625,64.50174713134766,870800,0.0,0.0,0.0
2009-08-12,83.47000122070312,83.5,83.37999725341797,83.47000122070312,64.52499389648438,856900,0.0,0.0,0.0
2009-08-13,83.5199966430664,83.62000274658203,83.4800033569336,83.61000061035156,64.63319396972656,874800,0.0,0.0,0.0
2009-08-14,83.5999984741211,83.73999786376953,83.58999633789062,83.66999816894531,64.67959594726562,515000,0.0,0.0,0.0
2009-08-17,83.72000122070312,83.80000305175781,83.72000122070312,83.76000213623047,64.7491455078125,750800,0.0,0.0,0.0
2009-08-18,83.76000213623047,83.7699966430664,83.69999694824219,83.73999786376953,64.73367309570312,691600,0.0,0.0,0.0
2009-08-19,83.79000091552734,83.81999969482422,83.75,83.77999877929688,64.76466369628906,1102800,0.0,0.0,0.0
2009-08-20,83.7699966430664,83.80000305175781,83.73999786376953,83.76000213623047,64.7491455078125,588800,0.0,0.0,0.0
2009-08-21,83.76000213623047,83.79000091552734,83.5999984741211,83.62999725341797,64.64862060546875,848100,0.0,0.0,0.0
2009-08-24,83.62000274658203,83.75,83.58999633789062,83.7300033569336,64.72594451904297,555900,0.0,0.0,0.0
2009-08-25,83.75,83.76000213623047,83.66000366210938,83.7300033569336,64.72594451904297,664500,0.0,0.0,0.0
2009-08-26,83.80000305175781,83.80999755859375,83.7300033569336,83.77999877929688,64.76466369628906,733200,0.0,0.0,0.0
2009-08-27,83.7699966430664,83.81999969482422,83.7300033569336,83.7699966430664,64.75689697265625,605200,0.0,0.0,0.0
2009-08-28,83.72000122070312,83.86000061035156,83.72000122070312,83.86000061035156,64.82643127441406,764100,0.0,0.0,0.0
2009-08-31,83.86000061035156,83.93000030517578,83.81999969482422,83.91999816894531,64.87281036376953,541100,0.0,0.0,0.0
2009-09-01,83.83999633789062,83.91999816894531,83.76000213623047,83.87999725341797,64.92546081542969,927000,0.108,0.0,0.0
2009-09-02,83.91999816894531,83.97000122070312,83.87000274658203,83.97000122070312,64.9951171875,690900,0.0,0.0,0.0
2009-09-03,83.93000030517578,83.93000030517578,83.87000274658203,83.88999938964844,64.93321990966797,505300,0.0,0.0,0.0
2009-09-04,83.88999938964844,83.91000366210938,83.83999633789062,83.8499984741211,64.90225982666016,489900,0.0,0.0,0.0
2009-09-08,83.88999938964844,83.88999938964844,83.81999969482422,83.86000061035156,64.90997314453125,640800,0.0,0.0,0.0
2009-09-09,83.83999633789062,83.88999938964844,83.80000305175781,83.87000274658203,64.91767120361328,598500,0.0,0.0,0.0
2009-09-10,83.91999816894531,83.9800033569336,83.9000015258789,83.91999816894531,64.9564437866211,577700,0.0,0.0,0.0
2009-09-11,83.94999694824219,84.0199966430664,83.88999938964844,83.88999938964844,64.93321990966797,850500,0.0,0.0,0.0
2009-09-14,83.94999694824219,83.94999694824219,83.83000183105469,83.83999633789062,64.89449310302734,636100,0.0,0.0,0.0
2009-09-15,83.80999755859375,83.88999938964844,83.80999755859375,83.87999725341797,64.92546081542969,657500,0.0,0.0,0.0
2009-09-16,83.87999725341797,83.9000015258789,83.76000213623047,83.7699966430664,64.84030151367188,709300,0.0,0.0,0.0
2009-09-17,83.7699966430664,83.9000015258789,83.73999786376953,83.88999938964844,64.93321990966797,832600,0.0,0.0,0.0
2009-09-18,83.86000061035156,83.87999725341797,83.41999816894531,83.80999755859375,64.87129211425781,1287300,0.0,0.0,0.0
2009-09-21,83.80999755859375,83.87999725341797,83.80999755859375,83.83999633789062,64.89449310302734,600800,0.0,0.0,0.0
2009-09-22,83.83999633789062,83.87000274658203,83.81999969482422,83.81999969482422,64.87903594970703,711300,0.0,0.0,0.0
2009-09-23,83.83000183105469,83.95999908447266,83.80000305175781,83.94999694824219,64.97962951660156,943300,0.0,0.0,0.0
2009-09-24,83.91000366210938,83.98999786376953,83.9000015258789,83.97000122070312,64.9951171875,859900,0.0,0.0,0.0
2009-09-25,83.95999908447266,83.97000122070312,83.87999725341797,83.94000244140625,64.97189331054688,866400,0.0,0.0,0.0
2009-09-28,83.95999908447266,83.97000122070312,83.9000015258789,83.93000030517578,64.96415710449219,716400,0.0,0.0,0.0
2009-09-29,83.87000274658203,83.94000244140625,83.83000183105469,83.91999816894531,64.9564437866211,1051300,0.0,0.0,0.0
2009-09-30,83.88999938964844,84.02999877929688,83.88999938964844,84.01000213623047,65.02616119384766,1421900,0.0,0.0,0.0
2009-10-01,83.98999786376953,84.04000091552734,83.94000244140625,83.98999786376953,65.09117126464844,1122900,0.104,0.0,0.0
2009-10-02,84.05000305175781,84.08000183105469,83.95999908447266,84.0199966430664,65.1144027709961,883500,0.0,0.0,0.0
2009-10-05,84.05999755859375,84.05999755859375,83.98999786376953,84.0199966430664,65.1144027709961,683000,0.0,0.0,0.0
2009-10-06,83.9800033569336,84.0,83.93000030517578,83.97000122070312,65.07567596435547,1163100,0.0,0.0,0.0
2009-10-07,84.0199966430664,84.0999984741211,83.98999786376953,84.08000183105469,65.16094970703125,880300,0.0,0.0,0.0
2009-10-08,84.05999755859375,84.06999969482422,83.97000122070312,84.0,65.09894561767578,817700,0.0,0.0,0.0
2009-10-09,83.9000015258789,83.91000366210938,83.81999969482422,83.87999725341797,65.00593566894531,1141400,0.0,0.0,0.0
2009-10-12,83.8499984741211,84.19999694824219,83.8499984741211,83.9800033569336,65.08341979980469,624300,0.0,0.0,0.0
2009-10-13,83.95999908447266,84.02999877929688,83.95999908447266,84.02999877929688,65.1221923828125,886200,0.0,0.0,0.0
2009-10-14,83.94000244140625,84.0,83.9000015258789,83.91999816894531,65.03694152832031,1078700,0.0,0.0,0.0
2009-10-15,83.87999725341797,83.95999908447266,83.87000274658203,83.87000274658203,64.99813079833984,719500,0.0,0.0,0.0
2009-10-16,83.8499984741211,83.93000030517578,83.83000183105469,83.91999816894531,65.03694152832031,508400,0.0,0.0,0.0
2009-10-19,83.87999725341797,83.91999816894531,83.8499984741211,83.91999816894531,65.03694152832031,670100,0.0,0.0,0.0
2009-10-20,83.97000122070312,84.0199966430664,83.91000366210938,83.95999908447266,65.06791687011719,1642100,0.0,0.0,0.0
2009-10-21,83.94000244140625,83.95999908447266,83.87000274658203,83.91999816894531,65.03694152832031,1529300,0.0,0.0,0.0
2009-10-22,83.8499984741211,83.93000030517578,83.8499984741211,83.93000030517578,65.04467010498047,572600,0.0,0.0,0.0
2009-10-23,83.81999969482422,83.83999633789062,83.79000091552734,83.79000091552734,64.93617248535156,572500,0.0,0.0,0.0
2009-10-26,83.79000091552734,83.79000091552734,83.69999694824219,83.69999694824219,64.86637878417969,1301600,0.0,0.0,0.0
2009-10-27,83.76000213623047,83.9000015258789,83.73999786376953,83.87000274658203,64.99813079833984,1267500,0.0,0.0,0.0
2009-10-28,83.94000244140625,84.0,83.88999938964844,83.98999786376953,65.09117126464844,795500,0.0,0.0,0.0
2009-10-29,83.93000030517578,83.93000030517578,83.87000274658203,83.91999816894531,65.03694152832031,788200,0.0,0.0,0.0
2009-10-30,83.9800033569336,84.05999755859375,83.94999694824219,84.0199966430664,65.1144027709961,988900,0.0,0.0,0.0
2009-11-02,83.8499984741211,83.87000274658203,83.80000305175781,83.83999633789062,65.12223052978516,1469400,0.19,0.0,0.0
2009-11-03,83.87999725341797,83.87999725341797,83.80000305175781,83.83000183105469,65.11441040039062,779200,0.0,0.0,0.0
2009-11-04,83.80000305175781,83.86000061035156,83.76000213623047,83.81999969482422,65.1067123413086,658500,0.0,0.0,0.0
2009-11-05,83.83999633789062,83.91000366210938,83.83999633789062,83.9000015258789,65.1688461303711,667900,0.0,0.0,0.0
2009-11-06,83.95999908447266,83.95999908447266,83.91000366210938,83.95999908447266,65.21540832519531,798000,0.0,0.0,0.0
2009-11-09,83.91000366210938,83.95999908447266,83.91000366210938,83.95999908447266,65.21540832519531,590800,0.0,0.0,0.0
2009-11-10,83.9800033569336,84.0,83.94000244140625,83.94000244140625,65.19983673095703,546700,0.0,0.0,0.0
2009-11-11,84.0,84.04000091552734,83.94000244140625,84.02999877929688,65.26976013183594,399000,0.0,0.0,0.0
2009-11-12,83.97000122070312,84.02999877929688,83.95999908447266,84.0199966430664,65.26205444335938,909000,0.0,0.0,0.0
2009-11-13,83.98999786376953,84.04000091552734,83.97000122070312,84.04000091552734,65.27757263183594,584700,0.0,0.0,0.0
2009-11-16,83.97000122070312,84.0999984741211,83.97000122070312,84.08999633789062,65.31639862060547,845200,0.0,0.0,0.0
2009-11-17,84.05999755859375,84.12000274658203,84.02999877929688,84.11000061035156,65.33192443847656,1033000,0.0,0.0,0.0
2009-11-18,84.11000061035156,84.13999938964844,84.08000183105469,84.11000061035156,65.33192443847656,876600,0.0,0.0,0.0
2009-11-19,84.13999938964844,84.22000122070312,84.13999938964844,84.13999938964844,65.355224609375,936100,0.0,0.0,0.0
2009-11-20,84.16999816894531,84.22000122070312,84.13999938964844,84.16000366210938,65.37079620361328,566500,0.0,0.0,0.0
2009-11-23,84.0999984741211,84.1500015258789,84.08999633789062,84.1500015258789,65.36298370361328,745600,0.0,0.0,0.0
2009-11-24,84.16000366210938,84.2300033569336,84.1500015258789,84.22000122070312,65.41732788085938,680300,0.0,0.0,0.0
2009-11-25,84.20999908447266,84.26000213623047,84.18000030517578,84.26000213623047,65.44847106933594,879100,0.0,0.0,0.0
2009-11-27,84.33000183105469,84.33999633789062,84.26000213623047,84.31999969482422,65.4950180053711,346400,0.0,0.0,0.0
2009-11-30,84.31999969482422,84.37999725341797,84.27999877929688,84.33000183105469,65.50281524658203,683500,0.0,0.0,0.0
2009-12-01,83.88999938964844,83.88999938964844,83.7300033569336,83.7699966430664,65.51921844482422,1355900,0.581,0.0,0.0
2009-12-02,83.75,83.7699966430664,83.66999816894531,83.69999694824219,65.46446228027344,863700,0.0,0.0,0.0
2009-12-03,83.62999725341797,83.69000244140625,83.5999984741211,83.6500015258789,65.42544555664062,1045800,0.0,0.0,0.0
2009-12-04,83.5,83.5,83.41999816894531,83.44000244140625,65.26113891601562,730400,0.0,0.0,0.0
2009-12-07,83.55000305175781,83.62000274658203,83.48999786376953,83.62000274658203,65.40188598632812,753600,0.0,0.0,0.0
2009-12-08,83.68000030517578,83.70999908447266,83.62999725341797,83.69999694824219,65.46446228027344,657300,0.0,0.0,0.0
2009-12-09,83.68000030517578,83.69999694824219,83.62999725341797,83.63999938964844,65.41753387451172,642400,0.0,0.0,0.0
2009-12-10,83.5999984741211,83.6500015258789,83.55000305175781,83.61000061035156,65.39412689208984,535700,0.0,0.0,0.0
2009-12-11,83.55000305175781,83.56999969482422,83.48999786376953,83.5199966430664,65.3237075805664,486800,0.0,0.0,0.0
2009-12-14,83.55999755859375,83.55999755859375,83.43000030517578,83.43000030517578,65.25328826904297,525800,0.0,0.0,0.0
2009-12-15,83.44000244140625,83.44000244140625,83.36000061035156,83.41000366210938,65.23764038085938,566900,0.0,0.0,0.0
2009-12-16,83.45999908447266,83.52999877929688,83.43000030517578,83.47000122070312,65.28457641601562,686200,0.0,0.0,0.0
2009-12-17,83.5999984741211,83.62999725341797,83.52999877929688,83.62999725341797,65.40971374511719,698000,0.0,0.0,0.0
2009-12-18,83.58000183105469,83.5999984741211,83.5199966430664,83.56999969482422,65.36282348632812,540600,0.0,0.0,0.0
2009-12-21,83.5,83.51000213623047,83.4000015258789,83.44000244140625,65.26113891601562,958500,0.0,0.0,0.0
2009-12-22,83.4000015258789,83.41999816894531,83.31999969482422,83.33999633789062,65.18283081054688,846800,0.0,0.0,0.0
2009-12-23,83.38999938964844,83.41999816894531,83.31999969482422,83.33999633789062,65.18283081054688,767400,0.0,0.0,0.0
2009-12-24,83.2699966430664,83.30000305175781,83.23999786376953,83.23999786376953,65.1047134399414,325400,0.0,0.0,0.0
2009-12-28,83.19999694824219,83.22000122070312,83.12000274658203,83.12000274658203,65.01082611083984,1728200,0.0,0.0,0.0
2009-12-29,83.05000305175781,83.08999633789062,83.0199966430664,83.08999633789062,65.05390167236328,857500,0.085,0.0,0.0
2009-12-30,83.08000183105469,83.08999633789062,83.04000091552734,83.05999755859375,65.03042602539062,785600,0.0,0.0,0.0
2009-12-31,82.9800033569336,83.01000213623047,82.87999725341797,82.95999908447266,64.95211029052734,633000,0.0,0.0,0.0
2010-01-04,83.02999877929688,83.08999633789062,83.0,83.06999969482422,65.03820037841797,1220600,0.0,0.0,0.0
2010-01-05,83.1500015258789,83.20999908447266,83.1500015258789,83.16999816894531,65.11652374267578,598200,0.0,0.0,0.0
2010-01-06,83.19000244140625,83.2300033569336,83.12000274658203,83.18000030517578,65.1243667602539,1534900,0.0,0.0,0.0
2010-01-07,83.18000030517578,83.19999694824219,83.1500015258789,83.16000366210938,65.10870361328125,772000,0.0,0.0,0.0
2010-01-08,83.26000213623047,83.27999877929688,83.19999694824219,83.23999786376953,65.17131042480469,713200,0.0,0.0,0.0
2010-01-11,83.2699966430664,83.30999755859375,83.2699966430664,83.27999877929688,65.2026596069336,756600,0.0,0.0,0.0
2010-01-12,83.33999633789062,83.37000274658203,83.33000183105469,83.3499984741211,65.25745391845703,582900,0.0,0.0,0.0
2010-01-13,83.30999755859375,83.36000061035156,83.27999877929688,83.27999877929688,65.2026596069336,590500,0.0,0.0,0.0
2010-01-14,83.33000183105469,83.4000015258789,83.33000183105469,83.36000061035156,65.26527404785156,549900,0.0,0.0,0.0
2010-01-15,83.41000366210938,83.45999908447266,83.41000366210938,83.43000030517578,65.32009887695312,648300,0.0,0.0,0.0
2010-01-19,83.41000366210938,83.44999694824219,83.38999938964844,83.44999694824219,65.33574676513672,1154000,0.0,0.0,0.0
2010-01-20,83.45999908447266,83.5,83.44000244140625,83.44999694824219,65.33574676513672,1085600,0.0,0.0,0.0
2010-01-21,83.41999816894531,83.52999877929688,83.4000015258789,83.5199966430664,65.39056396484375,1281000,0.0,0.0,0.0
2010-01-22,83.5199966430664,83.58999633789062,83.5,83.58999633789062,65.44534301757812,725600,0.0,0.0,0.0
2010-01-25,83.55000305175781,83.55999755859375,83.51000213623047,83.5199966430664,65.39056396484375,624600,0.0,0.0,0.0
2010-01-26,83.56999969482422,83.58999633789062,83.51000213623047,83.52999877929688,65.39839935302734,758500,0.0,0.0,0.0
2010-01-27,83.5999984741211,83.62000274658203,83.45999908447266,83.5,65.37489318847656,875700,0.0,0.0,0.0
2010-01-28,83.48999786376953,83.54000091552734,83.45999908447266,83.54000091552734,65.40621948242188,982100,0.0,0.0,0.0
2010-01-29,83.48999786376953,83.62000274658203,83.45999908447266,83.62000274658203,65.46891021728516,900600,0.0,0.0,0.0
2010-02-01,83.5199966430664,83.5199966430664,83.43000030517578,83.5,65.44060516357422,1001000,0.084,0.0,0.0
2010-02-02,83.4800033569336,83.5199966430664,83.4800033569336,83.51000213623047,65.44850158691406,724800,0.0,0.0,0.0
2010-02-03,83.45999908447266,83.4800033569336,83.43000030517578,83.44999694824219,65.40141296386719,1283800,0.0,0.0,0.0
2010-02-04,83.54000091552734,83.58999633789062,83.5199966430664,83.56999969482422,65.49549865722656,624300,0.0,0.0,0.0
2010-02-05,83.62999725341797,83.7300033569336,83.61000061035156,83.69999694824219,65.59735870361328,1362400,0.0,0.0,0.0
2010-02-08,83.62000274658203,83.66000366210938,83.5999984741211,83.63999938964844,65.55040740966797,857100,0.0,0.0,0.0
2010-02-09,83.61000061035156,83.62999725341797,83.5199966430664,83.55999755859375,65.48766326904297,1415000,0.0,0.0,0.0
2010-02-10,83.58000183105469,83.58000183105469,83.44999694824219,83.47000122070312,65.41712951660156,670100,0.0,0.0,0.0
2010-02-11,83.45999908447266,83.5,83.43000030517578,83.5,65.44060516357422,1266000,0.0,0.0,0.0
2010-02-12,83.55000305175781,83.58000183105469,83.54000091552734,83.56999969482422,65.49549865722656,505700,0.0,0.0,0.0
2010-02-16,83.55999755859375,83.62000274658203,83.52999877929688,83.58000183105469,65.50333404541016,733000,0.0,0.0,0.0
2010-02-17,83.52999877929688,83.56999969482422,83.4800033569336,83.51000213623047,65.44850158691406,672300,0.0,0.0,0.0
2010-02-18,83.52999877929688,83.52999877929688,83.44999694824219,83.45999908447266,65.40929412841797,888900,0.0,0.0,0.0
2010-02-19,83.41999816894531,83.44000244140625,83.3499984741211,83.43000030517578,65.38578033447266,1352700,0.0,0.0,0.0
2010-02-22,83.45999908447266,83.47000122070312,83.41999816894531,83.45999908447266,65.40929412841797,681700,0.0,0.0,0.0
2010-02-23,83.5199966430664,83.55999755859375,83.48999786376953,83.52999877929688,65.46415710449219,832000,0.0,0.0,0.0
2010-02-24,83.5199966430664,83.58999633789062,83.51000213623047,83.56999969482422,65.49549865722656,1194200,0.0,0.0,0.0
2010-02-25,83.63999938964844,83.66000366210938,83.61000061035156,83.63999938964844,65.55040740966797,733600,0.0,0.0,0.0
2010-02-26,83.63999938964844,83.69000244140625,83.62000274658203,83.66999816894531,65.57388305664062,936700,0.0,0.0,0.0
2010-03-01,83.55000305175781,83.61000061035156,83.55000305175781,83.58000183105469,65.56208801269531,863200,0.075,0.0,0.0
2010-03-02,83.56999969482422,83.61000061035156,83.55999755859375,83.58000183105469,65.56208801269531,1148800,0.0,0.0,0.0
2010-03-03,83.55999755859375,83.61000061035156,83.52999877929688,83.56999969482422,65.55426788330078,1204600,0.0,0.0,0.0
2010-03-04,83.52999877929688,83.58000183105469,83.5,83.54000091552734,65.53071594238281,820800,0.0,0.0,0.0
2010-03-05,83.45999908447266,83.4800033569336,83.4000015258789,83.47000122070312,65.4758529663086,1145300,0.0,0.0,0.0
2010-03-08,83.44000244140625,83.44999694824219,83.41999816894531,83.43000030517578,65.44441223144531,943100,0.0,0.0,0.0
2010-03-09,83.4800033569336,83.5,83.44999694824219,83.48999786376953,65.49149322509766,641400,0.0,0.0,0.0
2010-03-10,83.44000244140625,83.48999786376953,83.44000244140625,83.47000122070312,65.4758529663086,1220100,0.0,0.0,0.0
2010-03-11,83.38999938964844,83.43000030517578,83.37000274658203,83.37000274658203,65.39737701416016,1763300,0.0,0.0,0.0
2010-03-12,83.36000061035156,83.41000366210938,83.33999633789062,83.37999725341797,65.40520477294922,1100500,0.0,0.0,0.0
2010-03-15,83.38999938964844,83.41000366210938,83.37000274658203,83.41000366210938,65.42876434326172,423400,0.0,0.0,0.0
2010-03-16,83.41999816894531,83.4800033569336,83.37000274658203,83.43000030517578,65.44441223144531,773100,0.0,0.0,0.0
2010-03-17,83.44999694824219,83.45999908447266,83.41999816894531,83.44999694824219,65.4601058959961,961200,0.0,0.0,0.0
2010-03-18,83.43000030517578,83.43000030517578,83.37000274658203,83.4000015258789,65.42089080810547,605400,0.0,0.0,0.0
2010-03-19,83.33999633789062,83.4000015258789,83.33000183105469,83.33999633789062,65.373779296875,597100,0.0,0.0,0.0
2010-03-22,83.37000274658203,83.4000015258789,83.3499984741211,83.37000274658203,65.39737701416016,461900,0.0,0.0,0.0
2010-03-23,83.37999725341797,83.4000015258789,83.33000183105469,83.33999633789062,65.373779296875,465300,0.0,0.0,0.0
2010-03-24,83.27999877929688,83.31999969482422,83.19999694824219,83.20999908447266,65.2718734741211,651700,0.0,0.0,0.0
2010-03-25,83.23999786376953,83.25,83.16000366210938,83.23999786376953,65.29542541503906,759700,0.0,0.0,0.0
2010-03-26,83.23999786376953,83.30000305175781,83.22000122070312,83.29000091552734,65.33462524414062,595000,0.0,0.0,0.0
2010-03-29,83.30000305175781,83.33000183105469,83.2699966430664,83.33000183105469,65.36605072021484,1219600,0.0,0.0,0.0
2010-03-30,83.31999969482422,83.33000183105469,83.29000091552734,83.30999755859375,65.35026550292969,703300,0.0,0.0,0.0
2010-03-31,83.33999633789062,83.41999816894531,83.31999969482422,83.37000274658203,65.39737701416016,2179100,0.0,0.0,0.0
2010-04-01,83.30000305175781,83.30999755859375,83.25,83.26000213623047,65.37377166748047,609000,0.08,0.0,0.0
2010-04-05,83.12000274658203,83.13999938964844,83.0199966430664,83.02999877929688,65.19315338134766,3762900,0.0,0.0,0.0
2010-04-06,83.08999633789062,83.0999984741211,83.05000305175781,83.08999633789062,65.2403335571289,1014200,0.0,0.0,0.0
2010-04-07,83.13999938964844,83.22000122070312,83.13999938964844,83.22000122070312,65.3424072265625,1811100,0.0,0.0,0.0
2010-04-08,83.2699966430664,83.27999877929688,83.19999694824219,83.19999694824219,65.32667541503906,709900,0.0,0.0,0.0
2010-04-09,83.18000030517578,83.2300033569336,83.16000366210938,83.22000122070312,65.3424072265625,481800,0.0,0.0,0.0
2010-04-12,83.2300033569336,83.27999877929688,83.22000122070312,83.26000213623047,65.37377166748047,1050800,0.0,0.0,0.0
2010-04-13,83.30000305175781,83.30000305175781,83.22000122070312,83.23999786376953,65.35811614990234,736700,0.0,0.0,0.0
2010-04-14,83.26000213623047,83.29000091552734,83.23999786376953,83.23999786376953,65.35811614990234,970900,0.0,0.0,0.0
2010-04-15,83.25,83.31999969482422,83.23999786376953,83.30000305175781,65.40518951416016,1206300,0.0,0.0,0.0
2010-04-16,83.3499984741211,83.44999694824219,83.33000183105469,83.43000030517578,65.50732421875,801800,0.0,0.0,0.0
2010-04-19,83.43000030517578,83.43000030517578,83.3499984741211,83.3499984741211,65.4444580078125,661300,0.0,0.0,0.0
2010-04-20,83.3499984741211,83.36000061035156,83.30999755859375,83.36000061035156,65.45238494873047,895200,0.0,0.0,0.0
2010-04-21,83.33999633789062,83.37000274658203,83.30000305175781,83.37000274658203,65.4601821899414,648500,0.0,0.0,0.0
2010-04-22,83.38999938964844,83.43000030517578,83.30999755859375,83.30999755859375,65.41310119628906,169300,0.0,0.0,0.0
2010-04-23,83.27999877929688,83.30000305175781,83.23999786376953,83.27999877929688,65.38953399658203,658300,0.0,0.0,0.0
2010-04-26,83.29000091552734,83.31999969482422,83.26000213623047,83.27999877929688,65.38953399658203,545600,0.0,0.0,0.0
2010-04-27,83.36000061035156,83.4800033569336,83.33000183105469,83.44000244140625,65.51514434814453,1530800,0.0,0.0,0.0
2010-04-28,83.38999938964844,83.43000030517578,83.3499984741211,83.41999816894531,65.49946594238281,1269900,0.0,0.0,0.0
2010-04-29,83.43000030517578,83.44000244140625,83.38999938964844,83.44000244140625,65.51514434814453,421600,0.0,0.0,0.0
2010-04-30,83.45999908447266,83.54000091552734,83.44999694824219,83.54000091552734,65.59368133544922,517300,0.0,0.0,0.0
2010-05-03,83.37000274658203,83.41000366210938,83.3499984741211,83.37999725341797,65.52923583984375,494900,0.078,0.0,0.0
2010-05-04,83.44999694824219,83.4800033569336,83.41999816894531,83.43000030517578,65.56855010986328,1219600,0.0,0.0,0.0
2010-05-05,83.55999755859375,83.69000244140625,83.5199966430664,83.54000091552734,65.65496063232422,1777200,0.0,0.0,0.0
2010-05-06,83.5999984741211,83.83000183105469,83.55000305175781,83.72000122070312,65.79647827148438,1864500,0.0,0.0,0.0
2010-05-07,83.72000122070312,83.80999755859375,83.5999984741211,83.69000244140625,65.77286529541016,3637100,0.0,0.0,0.0
2010-05-10,83.5,83.63999938964844,83.48999786376953,83.58000183105469,65.68639373779297,1349100,0.0,0.0,0.0
2010-05-11,83.63999938964844,83.66000366210938,83.58000183105469,83.62999725341797,65.72567749023438,709400,0.0,0.0,0.0
2010-05-12,83.62000274658203,83.62999725341797,83.56999969482422,83.61000061035156,65.70999145507812,734200,0.0,0.0,0.0
2010-05-13,83.5999984741211,83.66000366210938,83.58000183105469,83.66000366210938,65.7492904663086,992800,0.0,0.0,0.0
2010-05-14,83.69999694824219,83.80000305175781,83.69000244140625,83.7699966430664,65.83572387695312,1110500,0.0,0.0,0.0
2010-05-17,83.76000213623047,83.80999755859375,83.70999908447266,83.73999786376953,65.81212615966797,1433400,0.0,0.0,0.0
2010-05-18,83.72000122070312,83.83999633789062,83.69999694824219,83.83000183105469,65.8829116821289,764200,0.0,0.0,0.0
2010-05-19,83.80000305175781,83.86000061035156,83.77999877929688,83.79000091552734,65.85137939453125,3042700,0.0,0.0,0.0
2010-05-20,83.87000274658203,83.94999694824219,83.83000183105469,83.88999938964844,65.93006896972656,4210900,0.0,0.0,0.0
2010-05-21,83.94000244140625,83.95999908447266,83.81999969482422,83.83000183105469,65.8829116821289,2753800,0.0,0.0,0.0
2010-05-24,83.8499984741211,83.87000274658203,83.80000305175781,83.81999969482422,65.87505340576172,1095600,0.0,0.0,0.0
2010-05-25,83.87000274658203,83.9000015258789,83.77999877929688,83.80999755859375,65.86717987060547,1777400,0.0,0.0,0.0
2010-05-26,83.7699966430664,83.7699966430664,83.63999938964844,83.73999786376953,65.81212615966797,1238600,0.0,0.0,0.0
2010-05-27,83.6500015258789,83.69000244140625,83.63999938964844,83.68000030517578,65.76499938964844,1114900,0.0,0.0,0.0
2010-05-28,83.76000213623047,83.8499984741211,83.70999908447266,83.83999633789062,65.89075469970703,751200,0.0,0.0,0.0
2010-06-01,83.76000213623047,83.83000183105469,83.73999786376953,83.7699966430664,65.89151000976562,1439300,0.071,0.0,0.0
2010-06-02,83.76000213623047,83.77999877929688,83.69999694824219,83.70999908447266,65.8443374633789,2091500,0.0,0.0,0.0
2010-06-03,83.66000366210938,83.73999786376953,83.6500015258789,83.69000244140625,65.82859802246094,1095300,0.0,0.0,0.0
2010-06-04,83.83000183105469,83.88999938964844,83.81999969482422,83.87999725341797,65.97808074951172,1429300,0.0,0.0,0.0
2010-06-07,83.80000305175781,83.87999725341797,83.79000091552734,83.8499984741211,65.95447540283203,1553900,0.0,0.0,0.0
2010-06-08,83.83000183105469,83.87999725341797,83.80999755859375,83.83999633789062,65.94660186767578,1050800,0.0,0.0,0.0
2010-06-09,83.80999755859375,83.87000274658203,83.80000305175781,83.8499984741211,65.95447540283203,569400,0.0,0.0,0.0
2010-06-10,83.83000183105469,83.83000183105469,83.73999786376953,83.73999786376953,65.86792755126953,656900,0.0,0.0,0.0
2010-06-11,83.80999755859375,83.87000274658203,83.7699966430664,83.83000183105469,65.93878173828125,705200,0.0,0.0,0.0
2010-06-14,83.7699966430664,83.86000061035156,83.7699966430664,83.8499984741211,65.95447540283203,694000,0.0,0.0,0.0
2010-06-15,83.86000061035156,83.87000274658203,83.79000091552734,83.80999755859375,65.92298126220703,1212700,0.0,0.0,0.0
2010-06-16,83.87000274658203,83.87000274658203,83.80999755859375,83.83000183105469,65.93878173828125,1467000,0.0,0.0,0.0
2010-06-17,83.86000061035156,83.94999694824219,83.86000061035156,83.87999725341797,65.97808074951172,1394200,0.0,0.0,0.0
2010-06-18,83.88999938964844,83.91000366210938,83.87000274658203,83.88999938964844,65.98594665527344,592000,0.0,0.0,0.0
2010-06-21,83.83000183105469,83.9000015258789,83.80999755859375,83.9000015258789,65.9937744140625,1900900,0.0,0.0,0.0
2010-06-22,83.87000274658203,83.94000244140625,83.86000061035156,83.94000244140625,66.0252685546875,2290200,0.0,0.0,0.0
2010-06-23,83.94999694824219,84.01000213623047,83.94999694824219,84.0,66.07247161865234,2075700,0.0,0.0,0.0
2010-06-24,84.0199966430664,84.05000305175781,83.9800033569336,84.0199966430664,66.0881576538086,819200,0.0,0.0,0.0
2010-06-25,84.01000213623047,84.06999969482422,83.9800033569336,84.05000305175781,66.11180877685547,959000,0.0,0.0,0.0
2010-06-28,84.08000183105469,84.0999984741211,84.05000305175781,84.0999984741211,66.15107727050781,662000,0.0,0.0,0.0
2010-06-29,84.08999633789062,84.13999938964844,84.08999633789062,84.13999938964844,66.18258666992188,1043400,0.0,0.0,0.0
2010-06-30,84.0999984741211,84.12999725341797,84.04000091552734,84.12000274658203,66.1668701171875,1304200,0.0,0.0,0.0
2010-07-01,84.0199966430664,84.08000183105469,84.0,84.0199966430664,66.14555358886719,1760800,0.073,0.0,0.0
2010-07-02,84.0,84.02999877929688,83.95999908447266,84.0199966430664,66.14555358886719,565500,0.0,0.0,0.0
2010-07-06,84.0,84.05000305175781,83.95999908447266,84.0199966430664,66.14555358886719,1365300,0.0,0.0,0.0
2010-07-07,84.04000091552734,84.05999755859375,83.9800033569336,84.01000213623047,66.13773345947266,1024600,0.0,0.0,0.0
2010-07-08,84.0,84.04000091552734,83.97000122070312,84.0199966430664,66.14555358886719,1074300,0.0,0.0,0.0
2010-07-09,84.0,84.0199966430664,83.97000122070312,83.98999786376953,66.12194061279297,614300,0.0,0.0,0.0
2010-07-12,84.01000213623047,84.0199966430664,83.9800033569336,84.0,66.12984466552734,1013900,0.0,0.0,0.0
2010-07-13,83.95999908447266,83.9800033569336,83.91999816894531,83.94000244140625,66.0826187133789,1374000,0.0,0.0,0.0
2010-07-14,83.98999786376953,84.05999755859375,83.9800033569336,84.02999877929688,66.15340423583984,1081800,0.0,0.0,0.0
2010-07-15,84.04000091552734,84.11000061035156,84.04000091552734,84.05000305175781,66.16919708251953,540700,0.0,0.0,0.0
2010-07-16,84.06999969482422,84.13999938964844,84.05000305175781,84.12999725341797,66.23218536376953,812400,0.0,0.0,0.0
2010-07-19,84.11000061035156,84.12999725341797,84.08999633789062,84.0999984741211,66.20854949951172,529600,0.0,0.0,0.0
2010-07-20,84.13999938964844,84.13999938964844,84.0999984741211,84.12999725341797,66.23218536376953,1246900,0.0,0.0,0.0
2010-07-21,84.12000274658203,84.19000244140625,84.11000061035156,84.16999816894531,66.26366424560547,676700,0.0,0.0,0.0
2010-07-22,84.1500015258789,84.16000366210938,84.11000061035156,84.13999938964844,66.24003601074219,591800,0.0,0.0,0.0
2010-07-23,84.13999938964844,84.18000030517578,84.0999984741211,84.0999984741211,66.20854949951172,1075600,0.0,0.0,0.0
2010-07-26,84.0999984741211,84.0999984741211,84.05000305175781,84.06999969482422,66.18498992919922,2052000,0.0,0.0,0.0
2010-07-27,84.05000305175781,84.05000305175781,84.0,84.0199966430664,66.14555358886719,1320300,0.0,0.0,0.0
2010-07-28,84.08000183105469,84.13999938964844,84.04000091552734,84.0999984741211,66.20854949951172,1274700,0.0,0.0,0.0
2010-07-29,84.1500015258789,84.18000030517578,84.12000274658203,84.16999816894531,66.26366424560547,2207900,0.0,0.0,0.0
2010-07-30,84.23999786376953,84.23999786376953,84.19000244140625,84.20999908447266,66.29512786865234,1064400,0.0,0.0,0.0
2010-08-02,84.12999725341797,84.1500015258789,84.11000061035156,84.12000274658203,66.28025817871094,1174200,0.071,0.0,0.0
2010-08-03,84.18000030517578,84.20999908447266,84.16999816894531,84.18000030517578,66.32746124267578,1444300,0.0,0.0,0.0
2010-08-04,84.16999816894531,84.16999816894531,84.11000061035156,84.11000061035156,66.27227783203125,1962200,0.0,0.0,0.0
2010-08-05,84.1500015258789,84.20999908447266,84.13999938964844,84.20999908447266,66.35106658935547,1559300,0.0,0.0,0.0
2010-08-06,84.2300033569336,84.26000213623047,84.20999908447266,84.2300033569336,66.36685943603516,941200,0.0,0.0,0.0
2010-08-09,84.22000122070312,84.2300033569336,84.18000030517578,84.18000030517578,66.32746124267578,1120200,0.0,0.0,0.0
2010-08-10,84.1500015258789,84.2300033569336,84.13999938964844,84.22000122070312,66.35897827148438,1465900,0.0,0.0,0.0
2010-08-11,84.26000213623047,84.27999877929688,84.2300033569336,84.23999786376953,66.37472534179688,748700,0.0,0.0,0.0
2010-08-12,84.25,84.25,84.19000244140625,84.22000122070312,66.35897827148438,1556800,0.0,0.0,0.0
2010-08-13,84.20999908447266,84.2300033569336,84.19999694824219,84.20999908447266,66.35106658935547,427900,0.0,0.0,0.0
2010-08-16,84.26000213623047,84.29000091552734,84.25,84.29000091552734,66.41413879394531,652100,0.0,0.0,0.0
2010-08-17,84.26000213623047,84.2699966430664,84.22000122070312,84.2699966430664,66.39837646484375,794000,0.0,0.0,0.0
2010-08-18,84.30000305175781,84.30000305175781,84.25,84.29000091552734,66.41413879394531,838100,0.0,0.0,0.0
2010-08-19,84.2699966430664,84.31999969482422,84.26000213623047,84.30999755859375,66.4299087524414,756200,0.0,0.0,0.0
2010-08-20,84.30999755859375,84.30999755859375,84.26000213623047,84.27999877929688,66.40624237060547,703700,0.0,0.0,0.0
2010-08-23,84.26000213623047,84.30000305175781,84.26000213623047,84.29000091552734,66.41413879394531,527800,0.0,0.0,0.0
2010-08-24,84.33000183105469,84.37000274658203,84.30000305175781,84.3499984741211,66.46144104003906,1533700,0.0,0.0,0.0
2010-08-25,84.33000183105469,84.36000061035156,84.25,84.2699966430664,66.39837646484375,1168600,0.0,0.0,0.0
2010-08-26,84.2699966430664,84.30000305175781,84.26000213623047,84.2699966430664,66.39837646484375,724400,0.0,0.0,0.0
2010-08-27,84.23999786376953,84.29000091552734,84.18000030517578,84.20999908447266,66.35106658935547,904100,0.0,0.0,0.0
2010-08-30,84.29000091552734,84.31999969482422,84.26000213623047,84.30999755859375,66.4299087524414,726800,0.0,0.0,0.0
2010-08-31,84.31999969482422,84.3499984741211,84.30000305175781,84.33999633789062,66.45352935791016,938600,0.0,0.0,0.0
2010-09-01,84.2300033569336,84.26000213623047,84.18000030517578,84.22000122070312,66.41410064697266,2009100,0.07,0.0,0.0
2010-09-02,84.20999908447266,84.23999786376953,84.19000244140625,84.19999694824219,66.39830780029297,1251400,0.0,0.0,0.0
2010-09-03,84.13999938964844,84.19000244140625,84.13999938964844,84.16000366210938,66.36679077148438,892600,0.0,0.0,0.0
2010-09-07,84.19000244140625,84.25,84.19000244140625,84.25,66.4377670288086,1104000,0.0,0.0,0.0
2010-09-08,84.20999908447266,84.20999908447266,84.16000366210938,84.19000244140625,66.3904037475586,1677100,0.0,0.0,0.0
2010-09-09,84.18000030517578,84.18000030517578,84.08000183105469,84.0999984741211,66.31945037841797,1291500,0.0,0.0,0.0
2010-09-10,84.08000183105469,84.11000061035156,84.06999969482422,84.08999633789062,66.31161499023438,1096200,0.0,0.0,0.0
2010-09-13,84.12000274658203,84.18000030517578,84.0999984741211,84.16000366210938,66.36679077148438,522000,0.0,0.0,0.0
2010-09-14,84.19000244140625,84.2300033569336,84.16999816894531,84.22000122070312,66.41410064697266,968100,0.0,0.0,0.0
2010-09-15,84.25,84.2699966430664,84.22000122070312,84.23999786376953,66.42986297607422,664400,0.0,0.0,0.0
2010-09-16,84.26000213623047,84.2699966430664,84.22000122070312,84.26000213623047,66.44562530517578,730900,0.0,0.0,0.0
2010-09-17,84.26000213623047,84.27999877929688,84.25,84.27999877929688,66.4614028930664,548800,0.0,0.0,0.0
2010-09-20,84.25,84.29000091552734,84.23999786376953,84.29000091552734,66.46930694580078,1132900,0.0,0.0,0.0
2010-09-21,84.29000091552734,84.37000274658203,84.23999786376953,84.3499984741211,66.51664733886719,1430900,0.0,0.0,0.0
2010-09-22,84.36000061035156,84.37999725341797,84.33000183105469,84.33999633789062,66.50873565673828,1158200,0.0,0.0,0.0
2010-09-23,84.37999725341797,84.38999938964844,84.33999633789062,84.3499984741211,66.51664733886719,779000,0.0,0.0,0.0
2010-09-24,84.33000183105469,84.3499984741211,84.31999969482422,84.33999633789062,66.50873565673828,1214500,0.0,0.0,0.0
2010-09-27,84.36000061035156,84.37000274658203,84.33000183105469,84.36000061035156,66.52452850341797,2443500,0.0,0.0,0.0
2010-09-28,84.36000061035156,84.4000015258789,84.3499984741211,84.37999725341797,66.54025268554688,764700,0.0,0.0,0.0
2010-09-29,84.37999725341797,84.38999938964844,84.36000061035156,84.36000061035156,66.52452850341797,798400,0.0,0.0,0.0
2010-09-30,84.37999725341797,84.38999938964844,84.31999969482422,84.37000274658203,66.53240966796875,1451800,0.0,0.0,0.0
2010-10-01,84.30000305175781,84.33999633789062,84.30000305175781,84.31999969482422,66.54417419433594,2388000,0.065,0.0,0.0
2010-10-04,84.3499984741211,84.37000274658203,84.33000183105469,84.33000183105469,66.55207824707031,1035100,0.0,0.0,0.0
2010-10-05,84.36000061035156,84.37000274658203,84.33999633789062,84.37000274658203,66.58370208740234,945100,0.0,0.0,0.0
2010-10-06,84.41000366210938,84.41999816894531,84.37999725341797,84.37999725341797,66.59154510498047,1772600,0.0,0.0,0.0
2010-10-07,84.43000030517578,84.44999694824219,84.41999816894531,84.44999694824219,66.64679718017578,1430200,0.0,0.0,0.0
2010-10-08,84.47000122070312,84.48999786376953,84.44999694824219,84.44999694824219,66.64679718017578,1604700,0.0,0.0,0.0
2010-10-11,84.47000122070312,84.5,84.41999816894531,84.45999908447266,66.6546630859375,1051900,0.0,0.0,0.0
2010-10-12,84.4800033569336,84.4800033569336,84.4000015258789,84.4000015258789,66.60737609863281,950600,0.0,0.0,0.0
2010-10-13,84.44000244140625,84.44000244140625,84.37999725341797,84.41000366210938,66.61524200439453,645700,0.0,0.0,0.0
2010-10-14,84.41999816894531,84.41999816894531,84.37000274658203,84.37000274658203,66.58370208740234,1130100,0.0,0.0,0.0
2010-10-15,84.44000244140625,84.44999694824219,84.38999938964844,84.4000015258789,66.60737609863281,883700,0.0,0.0,0.0
2010-10-18,84.41999816894531,84.44999694824219,84.41999816894531,84.41999816894531,66.62316131591797,765500,0.0,0.0,0.0
2010-10-19,84.43000030517578,84.47000122070312,84.43000030517578,84.45999908447266,66.6546630859375,740900,0.0,0.0,0.0
2010-10-20,84.47000122070312,84.48999786376953,84.44000244140625,84.47000122070312,66.66259765625,1247500,0.0,0.0,0.0
2010-10-21,84.47000122070312,84.48999786376953,84.44999694824219,84.4800033569336,66.67051696777344,1035700,0.0,0.0,0.0
2010-10-22,84.47000122070312,84.4800033569336,84.45999908447266,84.45999908447266,66.6546630859375,522000,0.0,0.0,0.0
2010-10-25,84.47000122070312,84.51000213623047,84.47000122070312,84.4800033569336,66.67051696777344,1594800,0.0,0.0,0.0
2010-10-26,84.41999816894531,84.43000030517578,84.38999938964844,84.4000015258789,66.60737609863281,1325400,0.0,0.0,0.0
2010-10-27,84.4000015258789,84.41000366210938,84.36000061035156,84.36000061035156,66.57577514648438,751900,0.0,0.0,0.0
2010-10-28,84.44000244140625,84.47000122070312,84.41999816894531,84.47000122070312,66.66259765625,782300,0.0,0.0,0.0
2010-10-29,84.4800033569336,84.51000213623047,84.45999908447266,84.48999786376953,66.67838287353516,875500,0.0,0.0,0.0
2010-11-01,84.44000244140625,84.45999908447266,84.43000030517578,84.45999908447266,66.70757293701172,709700,0.067,0.0,0.0
2010-11-02,84.43000030517578,84.44999694824219,84.41000366210938,84.41000366210938,66.66812896728516,610100,0.0,0.0,0.0
2010-11-03,84.44000244140625,84.44999694824219,84.33000183105469,84.44000244140625,66.69182586669922,643400,0.0,0.0,0.0
2010-11-04,84.45999908447266,84.4800033569336,84.45999908447266,84.45999908447266,66.70757293701172,874600,0.0,0.0,0.0
2010-11-05,84.43000030517578,84.44999694824219,84.37999725341797,84.38999938964844,66.65232849121094,1782600,0.0,0.0,0.0
2010-11-08,84.37000274658203,84.37999725341797,84.33000183105469,84.3499984741211,66.6207504272461,1086100,0.0,0.0,0.0
2010-11-09,84.37000274658203,84.37000274658203,84.23999786376953,84.23999786376953,66.53384399414062,1709900,0.0,0.0,0.0
2010-11-10,84.25,84.29000091552734,84.16999816894531,84.29000091552734,66.5733413696289,1019100,0.0,0.0,0.0
2010-11-11,84.2699966430664,84.27999877929688,84.12999725341797,84.16000366210938,66.47069549560547,553500,0.0,0.0,0.0
2010-11-12,84.20999908447266,84.25,84.16000366210938,84.16000366210938,66.47069549560547,1465400,0.0,0.0,0.0
2010-11-15,84.11000061035156,84.18000030517578,84.08999633789062,84.11000061035156,66.43118286132812,1869600,0.0,0.0,0.0
2010-11-16,84.1500015258789,84.18000030517578,84.11000061035156,84.1500015258789,66.46277618408203,1070400,0.0,0.0,0.0
2010-11-17,84.19999694824219,84.22000122070312,84.16999816894531,84.19999694824219,66.502197265625,1860000,0.0,0.0,0.0
2010-11-18,84.16000366210938,84.20999908447266,84.12999725341797,84.20999908447266,66.51012420654297,799100,0.0,0.0,0.0
2010-11-19,84.16999816894531,84.19000244140625,84.16000366210938,84.16000366210938,66.47069549560547,1324400,0.0,0.0,0.0
2010-11-22,84.16000366210938,84.25,84.16000366210938,84.23999786376953,66.53384399414062,741000,0.0,0.0,0.0
2010-11-23,84.30999755859375,84.31999969482422,84.27999877929688,84.29000091552734,66.5733413696289,722600,0.0,0.0,0.0
2010-11-24,84.2300033569336,84.23999786376953,84.12999725341797,84.13999938964844,66.45482635498047,1604700,0.0,0.0,0.0
2010-11-26,84.1500015258789,84.19999694824219,84.1500015258789,84.19999694824219,66.502197265625,221300,0.0,0.0,0.0
2010-11-29,84.20999908447266,84.20999908447266,84.16000366210938,84.19000244140625,66.49430084228516,664000,0.0,0.0,0.0
2010-11-30,84.25,84.2699966430664,84.2300033569336,84.25,66.54171752929688,884500,0.0,0.0,0.0
2010-12-01,84.11000061035156,84.12000274658203,84.05000305175781,84.05999755859375,66.4421615600586,1000000,0.064,0.0,0.0
2010-12-02,84.05999755859375,84.0999984741211,84.02999877929688,84.05999755859375,66.4421615600586,896500,0.0,0.0,0.0
2010-12-03,84.16000366210938,84.19000244140625,84.12000274658203,84.16999816894531,66.52909088134766,1364900,0.0,0.0,0.0
2010-12-06,84.22000122070312,84.25,84.19999694824219,84.22000122070312,66.56859588623047,1686500,0.0,0.0,0.0
2010-12-07,84.19999694824219,84.19999694824219,84.04000091552734,84.06999969482422,66.45002746582031,1018800,0.0,0.0,0.0
2010-12-08,83.9800033569336,83.98999786376953,83.9000015258789,83.94000244140625,66.3473129272461,1235900,0.0,0.0,0.0
2010-12-09,83.95999908447266,83.9800033569336,83.9000015258789,83.93000030517578,66.33941650390625,1132700,0.0,0.0,0.0
2010-12-10,83.94999694824219,83.95999908447266,83.88999938964844,83.9000015258789,66.31568145751953,912300,0.0,0.0,0.0
2010-12-13,83.91000366210938,83.98999786376953,83.87999725341797,83.94999694824219,66.35517883300781,944200,0.0,0.0,0.0
2010-12-14,83.95999908447266,83.97000122070312,83.8499984741211,83.91000366210938,66.32357025146484,873100,0.0,0.0,0.0
2010-12-15,83.88999938964844,83.94999694824219,83.83000183105469,83.87999725341797,66.29994201660156,720700,0.0,0.0,0.0
2010-12-16,83.86000061035156,83.93000030517578,83.81999969482422,83.9000015258789,66.31568145751953,1131600,0.0,0.0,0.0
2010-12-17,83.9000015258789,83.98999786376953,83.9000015258789,83.97000122070312,66.37104797363281,1075900,0.0,0.0,0.0
2010-12-20,83.98999786376953,84.04000091552734,83.97000122070312,83.98999786376953,66.38678741455078,621100,0.0,0.0,0.0
2010-12-21,83.98999786376953,83.98999786376953,83.93000030517578,83.97000122070312,66.37104797363281,879700,0.0,0.0,0.0
2010-12-22,83.97000122070312,83.9800033569336,83.9000015258789,83.94999694824219,66.35517883300781,526900,0.0,0.0,0.0
2010-12-23,83.87999725341797,83.9000015258789,83.83999633789062,83.83999633789062,66.26829528808594,581000,0.0,0.0,0.0
2010-12-27,83.81999969482422,83.88999938964844,83.7699966430664,83.88999938964844,66.30784606933594,730000,0.0,0.0,0.0
2010-12-28,83.79000091552734,83.83000183105469,83.70999908447266,83.70999908447266,66.21913146972656,823400,0.068,0.0,0.0
2010-12-29,83.75,83.94000244140625,83.73999786376953,83.91000366210938,66.37737274169922,1204800,0.0,0.0,0.0
2010-12-30,83.88999938964844,83.9000015258789,83.83000183105469,83.87999725341797,66.35372924804688,1119100,0.0,0.0,0.0
2010-12-31,83.9000015258789,83.98999786376953,83.88999938964844,83.9800033569336,66.43279266357422,664600,0.0,0.0,0.0
2011-01-03,83.94000244140625,83.97000122070312,83.9000015258789,83.95999908447266,66.41696166992188,676200,0.0,0.0,0.0
2011-01-04,83.95999908447266,84.01000213623047,83.91999816894531,83.94000244140625,66.40113067626953,2022500,0.0,0.0,0.0
2011-01-05,83.81999969482422,83.8499984741211,83.7699966430664,83.79000091552734,66.28250122070312,1276200,0.0,0.0,0.0
2011-01-06,83.83000183105469,83.9000015258789,83.80999755859375,83.87999725341797,66.35372924804688,1686600,0.0,0.0,0.0
2011-01-07,83.94000244140625,84.0199966430664,83.93000030517578,84.0,66.44859313964844,792200,0.0,0.0,0.0
2011-01-10,84.0,84.05000305175781,84.0,84.04000091552734,66.48027801513672,1202900,0.0,0.0,0.0
2011-01-11,84.05000305175781,84.05000305175781,83.9800033569336,83.98999786376953,66.44064331054688,1060400,0.0,0.0,0.0
2011-01-12,83.94999694824219,84.0,83.93000030517578,83.98999786376953,66.44064331054688,703200,0.0,0.0,0.0
2011-01-13,83.98999786376953,84.02999877929688,83.95999908447266,84.0199966430664,66.46436309814453,685900,0.0,0.0,0.0
2011-01-14,84.04000091552734,84.06999969482422,84.01000213623047,84.0199966430664,66.46436309814453,841900,0.0,0.0,0.0
2011-01-18,84.0,84.04000091552734,83.9800033569336,84.0,66.44859313964844,692200,0.0,0.0,0.0
2011-01-19,84.0199966430664,84.05000305175781,84.01000213623047,84.04000091552734,66.48027801513672,1450300,0.0,0.0,0.0
2011-01-20,84.0199966430664,84.0199966430664,83.94000244140625,83.94999694824219,66.40900421142578,781700,0.0,0.0,0.0
2011-01-21,83.94000244140625,83.9800033569336,83.94000244140625,83.97000122070312,66.42488861083984,463600,0.0,0.0,0.0
2011-01-24,83.94000244140625,83.9800033569336,83.94000244140625,83.95999908447266,66.41696166992188,631800,0.0,0.0,0.0
2011-01-25,83.95999908447266,84.04000091552734,83.94000244140625,84.0199966430664,66.46436309814453,1627100,0.0,0.0,0.0
2011-01-26,83.9800033569336,84.01000213623047,83.94999694824219,84.0,66.44859313964844,1130100,0.0,0.0,0.0
2011-01-27,84.04000091552734,84.06999969482422,84.01000213623047,84.05999755859375,66.49605560302734,917600,0.0,0.0,0.0
2011-01-28,84.05000305175781,84.13999938964844,84.04000091552734,84.0999984741211,66.52766418457031,678500,0.0,0.0,0.0
2011-01-31,84.12000274658203,84.12999725341797,84.06999969482422,84.08999633789062,66.5197982788086,1139000,0.0,0.0,0.0
2011-02-01,83.9800033569336,83.9800033569336,83.93000030517578,83.93000030517578,66.44694519042969,1358700,0.068,0.0,0.0
2011-02-02,83.93000030517578,83.95999908447266,83.8499984741211,83.87999725341797,66.40738677978516,1139300,0.0,0.0,0.0
2011-02-03,83.80999755859375,83.83999633789062,83.76000213623047,83.80000305175781,66.34407043457031,1843800,0.0,0.0,0.0
2011-02-04,83.75,83.77999877929688,83.69999694824219,83.7300033569336,66.28863525390625,612300,0.0,0.0,0.0
2011-02-07,83.66999816894531,83.72000122070312,83.6500015258789,83.69000244140625,66.25696563720703,532500,0.0,0.0,0.0
2011-02-08,83.68000030517578,83.69000244140625,83.55999755859375,83.58000183105469,66.16984558105469,1348600,0.0,0.0,0.0
2011-02-09,83.62000274658203,83.69000244140625,83.61000061035156,83.63999938964844,66.21736907958984,1278000,0.0,0.0,0.0
2011-02-10,83.62999725341797,83.66000366210938,83.58999633789062,83.5999984741211,66.18569946289062,607200,0.0,0.0,0.0
2011-02-11,83.6500015258789,83.69000244140625,83.5999984741211,83.5999984741211,66.18569946289062,786700,0.0,0.0,0.0
2011-02-14,83.58999633789062,83.62000274658203,83.58999633789062,83.5999984741211,66.18569946289062,1257700,0.0,0.0,0.0
2011-02-15,83.55999755859375,83.63999938964844,83.55999755859375,83.63999938964844,66.21736907958984,981700,0.0,0.0,0.0
2011-02-16,83.61000061035156,83.68000030517578,83.58999633789062,83.62999725341797,66.20940399169922,963300,0.0,0.0,0.0
2011-02-17,83.69000244140625,83.73999786376953,83.69000244140625,83.7300033569336,66.28863525390625,1095900,0.0,0.0,0.0
2011-02-18,83.69000244140625,83.7699966430664,83.68000030517578,83.76000213623047,66.3124008178711,709200,0.0,0.0,0.0
2011-02-22,83.80000305175781,83.87000274658203,83.7699966430664,83.8499984741211,66.38357543945312,1885000,0.0,0.0,0.0
2011-02-23,83.86000061035156,83.88999938964844,83.81999969482422,83.83000183105469,66.3677749633789,831600,0.0,0.0,0.0
2011-02-24,83.8499984741211,83.88999938964844,83.83999633789062,83.87000274658203,66.3994369506836,666700,0.0,0.0,0.0
2011-02-25,83.83999633789062,83.9000015258789,83.83999633789062,83.88999938964844,66.41533660888672,786000,0.0,0.0,0.0
2011-02-28,83.91000366210938,83.94999694824219,83.88999938964844,83.91999816894531,66.43905639648438,667600,0.0,0.0,0.0
2011-03-01,83.80999755859375,83.91999816894531,83.80999755859375,83.91000366210938,66.47942352294922,785200,0.061,0.0,0.0
2011-03-02,83.91000366210938,83.93000030517578,83.86000061035156,83.87000274658203,66.44771575927734,834800,0.0,0.0,0.0
2011-03-03,83.75,83.7699966430664,83.69999694824219,83.69999694824219,66.31302642822266,740400,0.0,0.0,0.0
2011-03-04,83.79000091552734,83.88999938964844,83.79000091552734,83.88999938964844,66.46360778808594,627700,0.0,0.0,0.0
2011-03-07,83.80999755859375,83.88999938964844,83.80999755859375,83.83000183105469,66.41606140136719,668500,0.0,0.0,0.0
2011-03-08,83.79000091552734,83.81999969482422,83.7699966430664,83.80000305175781,66.39234161376953,863500,0.0,0.0,0.0
2011-03-09,83.8499984741211,83.91000366210938,83.81999969482422,83.86000061035156,66.43985748291016,924200,0.0,0.0,0.0
2011-03-10,83.88999938964844,83.97000122070312,83.86000061035156,83.94999694824219,66.51115417480469,692000,0.0,0.0,0.0
2011-03-11,83.94999694824219,83.9800033569336,83.93000030517578,83.95999908447266,66.51903533935547,678200,0.0,0.0,0.0
2011-03-14,84.02999877929688,84.08999633789062,84.01000213623047,84.01000213623047,66.55863952636719,1522200,0.0,0.0,0.0
2011-03-15,84.12999725341797,84.13999938964844,83.97000122070312,83.97000122070312,66.5269775390625,1152200,0.0,0.0,0.0
2011-03-16,84.04000091552734,84.16000366210938,84.0199966430664,84.12000274658203,66.64584350585938,2603900,0.0,0.0,0.0
2011-03-17,84.05999755859375,84.08999633789062,84.01000213623047,84.08000183105469,66.61412811279297,1012000,0.0,0.0,0.0
2011-03-18,84.04000091552734,84.08000183105469,84.02999877929688,84.04000091552734,66.58241271972656,814000,0.0,0.0,0.0
2011-03-21,84.01000213623047,84.01000213623047,83.94000244140625,83.94999694824219,66.51115417480469,611900,0.0,0.0,0.0
2011-03-22,83.9000015258789,83.94999694824219,83.9000015258789,83.93000030517578,66.49529266357422,1402600,0.0,0.0,0.0
2011-03-23,84.0,84.0,83.93000030517578,83.94000244140625,66.50321197509766,868700,0.0,0.0,0.0
2011-03-24,83.91000366210938,83.94000244140625,83.87000274658203,83.87999725341797,66.4557113647461,1038400,0.0,0.0,0.0
2011-03-25,83.91999816894531,83.91999816894531,83.80000305175781,83.81999969482422,66.40812683105469,811100,0.0,0.0,0.0
2011-03-28,83.77999877929688,83.83000183105469,83.76000213623047,83.77999877929688,66.37648010253906,1493000,0.0,0.0,0.0
2011-03-29,83.79000091552734,83.81999969482422,83.73999786376953,83.75,66.35265350341797,863400,0.0,0.0,0.0
2011-03-30,83.77999877929688,83.80999755859375,83.7699966430664,83.80000305175781,66.39234161376953,631200,0.0,0.0,0.0
2011-03-31,83.83000183105469,83.8499984741211,83.75,83.75,66.35265350341797,935200,0.0,0.0,0.0
2011-04-01,83.61000061035156,83.75,83.5999984741211,83.75,66.40576171875,855800,0.067,0.0,0.0
2011-04-04,83.7699966430664,83.80999755859375,83.76000213623047,83.7699966430664,66.42158508300781,1159400,0.0,0.0,0.0
2011-04-05,83.73999786376953,83.7699966430664,83.68000030517578,83.68000030517578,66.35028839111328,1581000,0.0,0.0,0.0
2011-04-06,83.68000030517578,83.70999908447266,83.66000366210938,83.68000030517578,66.35028839111328,663000,0.0,0.0,0.0
2011-04-07,83.69999694824219,83.76000213623047,83.69000244140625,83.73999786376953,66.3978271484375,501800,0.0,0.0,0.0
2011-04-08,83.69999694824219,83.7300033569336,83.69000244140625,83.70999908447266,66.37409973144531,692200,0.0,0.0,0.0
2011-04-11,83.70999908447266,83.7300033569336,83.68000030517578,83.69999694824219,66.36616516113281,679500,0.0,0.0,0.0
2011-04-12,83.76000213623047,83.83999633789062,83.76000213623047,83.83999633789062,66.47718048095703,826100,0.0,0.0,0.0
2011-04-13,83.80000305175781,83.88999938964844,83.77999877929688,83.87999725341797,66.5089111328125,859000,0.0,0.0,0.0
2011-04-14,83.87000274658203,83.9000015258789,83.80000305175781,83.80000305175781,66.44544219970703,919400,0.0,0.0,0.0
2011-04-15,83.87000274658203,83.95999908447266,83.87000274658203,83.95999908447266,66.57238006591797,1139000,0.0,0.0,0.0
2011-04-18,83.98999786376953,84.02999877929688,83.97000122070312,83.9800033569336,66.58817291259766,616000,0.0,0.0,0.0
2011-04-19,84.0,84.0199966430664,83.9800033569336,84.0,66.60403442382812,628400,0.0,0.0,0.0
2011-04-20,83.97000122070312,84.0,83.94000244140625,83.98999786376953,66.59602355957031,746700,0.0,0.0,0.0
2011-04-21,83.98999786376953,84.01000213623047,83.95999908447266,83.97000122070312,66.58025360107422,1119500,0.0,0.0,0.0
2011-04-25,83.97000122070312,84.01000213623047,83.94999694824219,83.9800033569336,66.58817291259766,1049600,0.0,0.0,0.0
2011-04-26,84.0199966430664,84.08000183105469,84.0,84.05999755859375,66.65159606933594,569000,0.0,0.0,0.0
2011-04-27,84.01000213623047,84.08999633789062,83.9800033569336,84.08999633789062,66.67536163330078,1169700,0.0,0.0,0.0
2011-04-28,84.11000061035156,84.12000274658203,84.08000183105469,84.08999633789062,66.67536163330078,704400,0.0,0.0,0.0
2011-04-29,84.0999984741211,84.1500015258789,84.08000183105469,84.12999725341797,66.70709991455078,803000,0.0,0.0,0.0
2011-05-02,84.06999969482422,84.0999984741211,84.05000305175781,84.05000305175781,66.69600677490234,716200,0.066,0.0,0.0
2011-05-03,84.08000183105469,84.08999633789062,84.05000305175781,84.08000183105469,66.71983337402344,451000,0.0,0.0,0.0
2011-05-04,84.08000183105469,84.13999938964844,84.04000091552734,84.12000274658203,66.75157928466797,1527400,0.0,0.0,0.0
2011-05-05,84.11000061035156,84.13999938964844,84.0999984741211,84.13999938964844,66.76736450195312,899600,0.0,0.0,0.0
2011-05-06,84.08999633789062,84.19000244140625,84.06999969482422,84.1500015258789,66.77535247802734,1627000,0.0,0.0,0.0
2011-05-09,84.19000244140625,84.19999694824219,84.16999816894531,84.19000244140625,66.80708312988281,530900,0.0,0.0,0.0
2011-05-10,84.16999816894531,84.16999816894531,84.11000061035156,84.11000061035156,66.74360656738281,725400,0.0,0.0,0.0
2011-05-11,84.12999725341797,84.19999694824219,84.12000274658203,84.19000244140625,66.80708312988281,1403100,0.0,0.0,0.0
2011-05-12,84.19000244140625,84.19000244140625,84.12999725341797,84.1500015258789,66.77535247802734,745000,0.0,0.0,0.0
2011-05-13,84.16999816894531,84.20999908447266,84.16000366210938,84.19000244140625,66.80708312988281,683200,0.0,0.0,0.0
2011-05-16,84.19000244140625,84.2300033569336,84.16999816894531,84.2300033569336,66.83883666992188,1458600,0.0,0.0,0.0
2011-05-17,84.22000122070312,84.2699966430664,84.20999908447266,84.23999786376953,66.8467788696289,949700,0.0,0.0,0.0
2011-05-18,84.22000122070312,84.2300033569336,84.18000030517578,84.19999694824219,66.81498718261719,1321800,0.0,0.0,0.0
2011-05-19,84.11000061035156,84.2300033569336,84.11000061035156,84.20999908447266,66.82294464111328,756000,0.0,0.0,0.0
2011-05-20,84.2300033569336,84.26000213623047,84.22000122070312,84.23999786376953,66.8467788696289,1059900,0.0,0.0,0.0
2011-05-23,84.2699966430664,84.27999877929688,84.23999786376953,84.25,66.85469055175781,708400,0.0,0.0,0.0
2011-05-24,84.2300033569336,84.26000213623047,84.22000122070312,84.25,66.85469055175781,903000,0.0,0.0,0.0
2011-05-25,84.29000091552734,84.29000091552734,84.26000213623047,84.29000091552734,66.88642120361328,712100,0.0,0.0,0.0
2011-05-26,84.30000305175781,84.33999633789062,84.30000305175781,84.33999633789062,66.92610168457031,653800,0.0,0.0,0.0
2011-05-27,84.33000183105469,84.37000274658203,84.31999969482422,84.37000274658203,66.949951171875,635700,0.0,0.0,0.0
2011-05-31,84.31999969482422,84.38999938964844,84.31999969482422,84.37000274658203,66.949951171875,775300,0.0,0.0,0.0
2011-06-01,84.31999969482422,84.37000274658203,84.31999969482422,84.36000061035156,66.99441528320312,2248000,0.066,0.0,0.0
2011-06-02,84.31999969482422,84.3499984741211,84.30000305175781,84.30999755859375,66.95467376708984,696300,0.0,0.0,0.0
2011-06-03,84.37999725341797,84.37999725341797,84.30999755859375,84.33999633789062,66.97850799560547,975500,0.0,0.0,0.0
2011-06-06,84.33000183105469,84.37999725341797,84.31999969482422,84.3499984741211,66.98646545410156,1836500,0.0,0.0,0.0
2011-06-07,84.36000061035156,84.41000366210938,84.33000183105469,84.41000366210938,67.03409576416016,1384700,0.0,0.0,0.0
2011-06-08,84.38999938964844,84.44000244140625,84.38999938964844,84.41999816894531,67.04197692871094,914300,0.0,0.0,0.0
2011-06-09,84.38999938964844,84.4000015258789,84.31999969482422,84.33000183105469,66.97056579589844,1145900,0.0,0.0,0.0
2011-06-10,84.36000061035156,84.4000015258789,84.36000061035156,84.4000015258789,67.02616119384766,717200,0.0,0.0,0.0
2011-06-13,84.36000061035156,84.41999816894531,84.33999633789062,84.37000274658203,67.0023422241211,898400,0.0,0.0,0.0
2011-06-14,84.30999755859375,84.3499984741211,84.30000305175781,84.30000305175781,66.94676971435547,1300600,0.0,0.0,0.0
2011-06-15,84.3499984741211,84.44000244140625,84.3499984741211,84.41999816894531,67.04197692871094,695100,0.0,0.0,0.0
2011-06-16,84.43000030517578,84.44000244140625,84.38999938964844,84.43000030517578,67.05000305175781,1112300,0.0,0.0,0.0
2011-06-17,84.43000030517578,84.44999694824219,84.41000366210938,84.44999694824219,67.06587219238281,1689000,0.0,0.0,0.0
2011-06-20,84.44000244140625,84.44999694824219,84.4000015258789,84.44999694824219,67.06587219238281,917300,0.0,0.0,0.0
2011-06-21,84.41000366210938,84.45999908447266,84.41000366210938,84.45999908447266,67.07379150390625,7491500,0.0,0.0,0.0
2011-06-22,84.47000122070312,84.4800033569336,84.41999816894531,84.44000244140625,67.05792236328125,1174000,0.0,0.0,0.0
2011-06-23,84.48999786376953,84.51000213623047,84.47000122070312,84.48999786376953,67.09764862060547,1875000,0.0,0.0,0.0
2011-06-24,84.48999786376953,84.55000305175781,84.47000122070312,84.54000091552734,67.13738250732422,1068600,0.0,0.0,0.0
2011-06-27,84.5,84.5199966430664,84.43000030517578,84.45999908447266,67.07379150390625,1431800,0.0,0.0,0.0
2011-06-28,84.4000015258789,84.43000030517578,84.30000305175781,84.30999755859375,66.95467376708984,1126700,0.0,0.0,0.0
2011-06-29,84.31999969482422,84.33999633789062,84.27999877929688,84.30999755859375,66.95467376708984,1312800,0.0,0.0,0.0
2011-06-30,84.3499984741211,84.36000061035156,84.23999786376953,84.30000305175781,66.94676971435547,1898000,0.0,0.0,0.0
2011-07-01,84.27999877929688,84.29000091552734,84.19000244140625,84.20999908447266,66.92369842529297,3176800,0.061,0.0,0.0
2011-07-05,84.2699966430664,84.31999969482422,84.2699966430664,84.30999755859375,67.00321960449219,1128700,0.0,0.0,0.0
2011-07-06,84.31999969482422,84.36000061035156,84.31999969482422,84.33999633789062,67.02700805664062,669900,0.0,0.0,0.0
2011-07-07,84.29000091552734,84.29000091552734,84.2300033569336,84.26000213623047,66.9634017944336,959800,0.0,0.0,0.0
2011-07-08,84.37000274658203,84.41000366210938,84.37000274658203,84.37999725341797,67.05876922607422,830500,0.0,0.0,0.0
2011-07-11,84.4000015258789,84.44999694824219,84.4000015258789,84.44000244140625,67.10647583007812,1723500,0.0,0.0,0.0
2011-07-12,84.43000030517578,84.44999694824219,84.38999938964844,84.43000030517578,67.09857177734375,1065600,0.0,0.0,0.0
2011-07-13,84.43000030517578,84.45999908447266,84.41000366210938,84.44999694824219,67.11444091796875,612400,0.0,0.0,0.0
2011-07-14,84.4000015258789,84.44000244140625,84.4000015258789,84.41999816894531,67.09050750732422,920300,0.0,0.0,0.0
2011-07-15,84.4000015258789,84.44000244140625,84.38999938964844,84.44000244140625,67.10647583007812,607500,0.0,0.0,0.0
2011-07-18,84.43000030517578,84.45999908447266,84.41999816894531,84.44000244140625,67.10647583007812,1518000,0.0,0.0,0.0
2011-07-19,84.44999694824219,84.47000122070312,84.41999816894531,84.44000244140625,67.10647583007812,850000,0.0,0.0,0.0
2011-07-20,84.41999816894531,84.44000244140625,84.4000015258789,84.41000366210938,67.08265686035156,615600,0.0,0.0,0.0
2011-07-21,84.4000015258789,84.41999816894531,84.36000061035156,84.37000274658203,67.05089569091797,718900,0.0,0.0,0.0
2011-07-22,84.41000366210938,84.43000030517578,84.37999725341797,84.37999725341797,67.05876922607422,712600,0.0,0.0,0.0
2011-07-25,84.36000061035156,84.4000015258789,84.33999633789062,84.33999633789062,67.02700805664062,3881100,0.0,0.0,0.0
2011-07-26,84.36000061035156,84.41000366210938,84.36000061035156,84.38999938964844,67.06672668457031,1157200,0.0,0.0,0.0
2011-07-27,84.37000274658203,84.37999725341797,84.31999969482422,84.33999633789062,67.02700805664062,1120100,0.0,0.0,0.0
2011-07-28,84.41999816894531,84.43000030517578,84.37999725341797,84.38999938964844,67.06672668457031,3369200,0.0,0.0,0.0
2011-07-29,84.43000030517578,84.51000213623047,84.43000030517578,84.4800033569336,67.13832092285156,1178200,0.0,0.0,0.0
2011-08-01,84.4000015258789,84.44999694824219,84.37999725341797,84.38999938964844,67.11521911621094,2428900,0.061,0.0,0.0
2011-08-02,84.45999908447266,84.51000213623047,84.44000244140625,84.5,67.20269775390625,1104600,0.0,0.0,0.0
2011-08-03,84.47000122070312,84.51000213623047,84.45999908447266,84.48999786376953,67.19475555419922,2656600,0.0,0.0,0.0
2011-08-04,84.4800033569336,84.58000183105469,84.4800033569336,84.56999969482422,67.25837707519531,2556300,0.0,0.0,0.0
2011-08-05,84.51000213623047,84.58000183105469,84.48999786376953,84.55000305175781,67.24246215820312,3777400,0.0,0.0,0.0
2011-08-08,84.55999755859375,84.63999938964844,84.55999755859375,84.58000183105469,67.26632690429688,3003000,0.0,0.0,0.0
2011-08-09,84.55000305175781,84.73999786376953,84.51000213623047,84.66999816894531,67.33787536621094,5224400,0.0,0.0,0.0
2011-08-10,84.70999908447266,84.75,84.68000030517578,84.7300033569336,67.38563537597656,2682500,0.0,0.0,0.0
2011-08-11,84.70999908447266,84.7300033569336,84.68000030517578,84.70999908447266,67.36975860595703,1352200,0.0,0.0,0.0
2011-08-12,84.69000244140625,84.72000122070312,84.66999816894531,84.72000122070312,67.377685546875,4026200,0.0,0.0,0.0
2011-08-15,84.69999694824219,84.69999694824219,84.66000366210938,84.69000244140625,67.353759765625,924400,0.0,0.0,0.0
2011-08-16,84.68000030517578,84.69000244140625,84.66000366210938,84.69000244140625,67.353759765625,2724700,0.0,0.0,0.0
2011-08-17,84.69999694824219,84.70999908447266,84.66000366210938,84.70999908447266,67.36975860595703,1471600,0.0,0.0,0.0
2011-08-18,84.7300033569336,84.73999786376953,84.69000244140625,84.69999694824219,67.36178588867188,1197000,0.0,0.0,0.0
2011-08-19,84.66999816894531,84.69999694824219,84.66999816894531,84.69999694824219,67.36178588867188,1894500,0.0,0.0,0.0
2011-08-22,84.68000030517578,84.69000244140625,84.66999816894531,84.69000244140625,67.353759765625,1112400,0.0,0.0,0.0
2011-08-23,84.66999816894531,84.68000030517578,84.6500015258789,84.6500015258789,67.322021484375,1531000,0.0,0.0,0.0
2011-08-24,84.66000366210938,84.66999816894531,84.62999725341797,84.6500015258789,67.322021484375,780700,0.0,0.0,0.0
2011-08-25,84.68000030517578,84.70999908447266,84.68000030517578,84.69999694824219,67.36178588867188,1397200,0.0,0.0,0.0
2011-08-26,84.72000122070312,84.73999786376953,84.69999694824219,84.70999908447266,67.36975860595703,1011300,0.0,0.0,0.0
2011-08-29,84.69999694824219,84.70999908447266,84.68000030517578,84.69000244140625,67.353759765625,533300,0.0,0.0,0.0
2011-08-30,84.69999694824219,84.7300033569336,84.69999694824219,84.70999908447266,67.36975860595703,2234000,0.0,0.0,0.0
2011-08-31,84.7300033569336,84.7300033569336,84.66999816894531,84.70999908447266,67.36975860595703,1416500,0.0,0.0,0.0
2011-09-01,84.68000030517578,84.69000244140625,84.63999938964844,84.68000030517578,67.38882446289062,1562800,0.054,0.0,0.0
2011-09-02,84.66000366210938,84.66000366210938,84.62000274658203,84.63999938964844,67.35693359375,1988100,0.0,0.0,0.0
2011-09-06,84.63999938964844,84.6500015258789,84.61000061035156,84.6500015258789,67.36495971679688,1125600,0.0,0.0,0.0
2011-09-07,84.62000274658203,84.6500015258789,84.62000274658203,84.62999725341797,67.34896087646484,1087400,0.0,0.0,0.0
2011-09-08,84.66999816894531,84.66999816894531,84.63999938964844,84.66000366210938,67.37291717529297,755600,0.0,0.0,0.0
2011-09-09,84.68000030517578,84.69999694824219,84.66999816894531,84.69000244140625,67.39673614501953,921700,0.0,0.0,0.0
2011-09-12,84.66999816894531,84.66999816894531,84.62999725341797,84.62999725341797,67.34896087646484,2117700,0.0,0.0,0.0
2011-09-13,84.62999725341797,84.6500015258789,84.62000274658203,84.63999938964844,67.35693359375,992400,0.0,0.0,0.0
2011-09-14,84.66000366210938,84.68000030517578,84.62999725341797,84.63999938964844,67.35693359375,808700,0.0,0.0,0.0
2011-09-15,84.62999725341797,84.6500015258789,84.61000061035156,84.6500015258789,67.36495971679688,1466400,0.0,0.0,0.0
2011-09-16,84.62000274658203,84.68000030517578,84.62000274658203,84.66999816894531,67.38081359863281,997900,0.0,0.0,0.0
2011-09-19,84.70999908447266,84.72000122070312,84.69000244140625,84.70999908447266,67.4127426147461,644600,0.0,0.0,0.0
2011-09-20,84.68000030517578,84.70999908447266,84.66999816894531,84.66999816894531,67.38081359863281,1905900,0.0,0.0,0.0
2011-09-21,84.69999694824219,84.70999908447266,84.58000183105469,84.58000183105469,67.30924224853516,984800,0.0,0.0,0.0
2011-09-22,84.62999725341797,84.63999938964844,84.58999633789062,84.58999633789062,67.31715393066406,2479700,0.0,0.0,0.0
2011-09-23,84.62000274658203,84.62000274658203,84.58000183105469,84.5999984741211,67.32516479492188,2848600,0.0,0.0,0.0
2011-09-26,84.58999633789062,84.58999633789062,84.55999755859375,84.56999969482422,67.30128479003906,977500,0.0,0.0,0.0
2011-09-27,84.52999877929688,84.55999755859375,84.52999877929688,84.54000091552734,67.27741241455078,1303100,0.0,0.0,0.0
2011-09-28,84.5199966430664,84.54000091552734,84.5,84.51000213623047,67.25352478027344,2755700,0.0,0.0,0.0
2011-09-29,84.5199966430664,84.54000091552734,84.51000213623047,84.52999877929688,67.2694320678711,1206500,0.0,0.0,0.0
2011-09-30,84.55999755859375,84.56999969482422,84.52999877929688,84.56999969482422,67.30128479003906,2114100,0.0,0.0,0.0
2011-10-03,84.5199966430664,84.55000305175781,84.5,84.54000091552734,67.31640625,2885800,0.049,0.0,0.0
2011-10-04,84.52999877929688,84.54000091552734,84.48999786376953,84.48999786376953,67.276611328125,4037200,0.0,0.0,0.0
2011-10-05,84.5,84.5,84.47000122070312,84.48999786376953,67.276611328125,1734600,0.0,0.0,0.0
2011-10-06,84.47000122070312,84.48999786376953,84.47000122070312,84.47000122070312,67.26063537597656,1221500,0.0,0.0,0.0
2011-10-07,84.45999908447266,84.47000122070312,84.4000015258789,84.44000244140625,67.23677825927734,2255300,0.0,0.0,0.0
2011-10-10,84.47000122070312,84.47000122070312,84.3499984741211,84.37000274658203,67.1810302734375,1532300,0.0,0.0,0.0
2011-10-11,84.4000015258789,84.41999816894531,84.38999938964844,84.41000366210938,67.212890625,948000,0.0,0.0,0.0
2011-10-12,84.37000274658203,84.41000366210938,84.37000274658203,84.41000366210938,67.212890625,3140200,0.0,0.0,0.0
2011-10-13,84.45999908447266,84.47000122070312,84.43000030517578,84.43000030517578,67.22881317138672,2722800,0.0,0.0,0.0
2011-10-14,84.43000030517578,84.4800033569336,84.43000030517578,84.47000122070312,67.26063537597656,1096600,0.0,0.0,0.0
2011-10-17,84.47000122070312,84.48999786376953,84.45999908447266,84.4800033569336,67.26860809326172,834800,0.0,0.0,0.0
2011-10-18,84.4800033569336,84.5,84.47000122070312,84.4800033569336,67.26860809326172,1390000,0.0,0.0,0.0
2011-10-19,84.47000122070312,84.51000213623047,84.47000122070312,84.51000213623047,67.29252624511719,1987400,0.0,0.0,0.0
2011-10-20,84.48999786376953,84.5199966430664,84.4800033569336,84.5199966430664,67.3005142211914,2206000,0.0,0.0,0.0
2011-10-21,84.51000213623047,84.51000213623047,84.4800033569336,84.48999786376953,67.276611328125,1426600,0.0,0.0,0.0
2011-10-24,84.48999786376953,84.48999786376953,84.47000122070312,84.48999786376953,67.276611328125,1742300,0.0,0.0,0.0
2011-10-25,84.48999786376953,84.54000091552734,84.47000122070312,84.54000091552734,67.31640625,3601800,0.0,0.0,0.0
2011-10-26,84.5,84.51000213623047,84.4800033569336,84.48999786376953,67.276611328125,1070400,0.0,0.0,0.0
2011-10-27,84.4800033569336,84.4800033569336,84.41999816894531,84.43000030517578,67.22881317138672,1521600,0.0,0.0,0.0
2011-10-28,84.45999908447266,84.4800033569336,84.41999816894531,84.47000122070312,67.26063537597656,2016000,0.0,0.0,0.0
2011-10-31,84.51000213623047,84.55000305175781,84.51000213623047,84.55000305175781,67.32437133789062,1376000,0.0,0.0,0.0
2011-11-01,84.54000091552734,84.54000091552734,84.5,84.51000213623047,67.33071899414062,5677600,0.048,0.0,0.0
2011-11-02,84.5199966430664,84.55000305175781,84.5199966430664,84.52999877929688,67.3466567993164,1863600,0.0,0.0,0.0
2011-11-03,84.52999877929688,84.54000091552734,84.5199966430664,84.54000091552734,67.35462188720703,1559800,0.0,0.0,0.0
2011-11-04,84.5199966430664,84.55000305175781,84.5199966430664,84.54000091552734,67.35462188720703,618700,0.0,0.0,0.0
2011-11-07,84.54000091552734,84.55999755859375,84.5199966430664,84.5199966430664,67.3387451171875,1082500,0.0,0.0,0.0
2011-11-08,84.51000213623047,84.54000091552734,84.51000213623047,84.51000213623047,67.33071899414062,711300,0.0,0.0,0.0
2011-11-09,84.5199966430664,84.55000305175781,84.5199966430664,84.52999877929688,67.3466567993164,1154900,0.0,0.0,0.0
2011-11-10,84.54000091552734,84.55000305175781,84.5199966430664,84.54000091552734,67.35462188720703,3677900,0.0,0.0,0.0
2011-11-11,84.5199966430664,84.54000091552734,84.5,84.5,67.32273864746094,1011800,0.0,0.0,0.0
2011-11-14,84.51000213623047,84.56999969482422,84.51000213623047,84.54000091552734,67.35462188720703,2637100,0.0,0.0,0.0
2011-11-15,84.54000091552734,84.55000305175781,84.5199966430664,84.52999877929688,67.3466567993164,788200,0.0,0.0,0.0
2011-11-16,84.52999877929688,84.54000091552734,84.51000213623047,84.51000213623047,67.33071899414062,978300,0.0,0.0,0.0
2011-11-17,84.5,84.5199966430664,84.48999786376953,84.5199966430664,67.3387451171875,1751200,0.0,0.0,0.0
2011-11-18,84.5,84.51000213623047,84.4800033569336,84.48999786376953,67.31478118896484,1504000,0.0,0.0,0.0
2011-11-21,84.5,84.5,84.4800033569336,84.5,67.32273864746094,1352100,0.0,0.0,0.0
2011-11-22,84.5199966430664,84.5199966430664,84.48999786376953,84.51000213623047,67.33071899414062,2871900,0.0,0.0,0.0
2011-11-23,84.48999786376953,84.52999877929688,84.48999786376953,84.5199966430664,67.3387451171875,1470200,0.0,0.0,0.0
2011-11-25,84.5199966430664,84.5199966430664,84.5,84.5199966430664,67.3387451171875,554700,0.0,0.0,0.0
2011-11-28,84.4800033569336,84.52999877929688,84.4800033569336,84.52999877929688,67.3466567993164,1210200,0.0,0.0,0.0
2011-11-29,84.5199966430664,84.54000091552734,84.51000213623047,84.54000091552734,67.35462188720703,1693200,0.0,0.0,0.0
2011-11-30,84.51000213623047,84.54000091552734,84.5,84.54000091552734,67.35462188720703,1486200,0.0,0.0,0.0
2011-12-01,84.5,84.5,84.45999908447266,84.5,67.35858154296875,6682400,0.045,0.0,0.0
2011-12-02,84.48999786376953,84.48999786376953,84.45999908447266,84.4800033569336,67.34272003173828,1780300,0.0,0.0,0.0
2011-12-05,84.4800033569336,84.5,84.47000122070312,84.48999786376953,67.35063934326172,1356600,0.0,0.0,0.0
2011-12-06,84.4800033569336,84.5,84.47000122070312,84.48999786376953,67.35063934326172,817300,0.0,0.0,0.0
2011-12-07,84.48999786376953,84.5199966430664,84.48999786376953,84.5199966430664,67.37459564208984,1330000,0.0,0.0,0.0
2011-12-08,84.52999877929688,84.54000091552734,84.51000213623047,84.52999877929688,67.38252258300781,2097100,0.0,0.0,0.0
2011-12-09,84.52999877929688,84.54000091552734,84.5199966430664,84.52999877929688,67.38252258300781,1726600,0.0,0.0,0.0
2011-12-12,84.5199966430664,84.54000091552734,84.5199966430664,84.52999877929688,67.38252258300781,1750800,0.0,0.0,0.0
2011-12-13,84.5199966430664,84.54000091552734,84.51000213623047,84.52999877929688,67.38252258300781,836100,0.0,0.0,0.0
2011-12-14,84.48999786376953,84.5199966430664,84.48999786376953,84.51000213623047,67.36658477783203,2196200,0.0,0.0,0.0
2011-12-15,84.5199966430664,84.5199966430664,84.48999786376953,84.5,67.35858154296875,2872000,0.0,0.0,0.0
2011-12-16,84.52999877929688,84.54000091552734,84.51000213623047,84.54000091552734,67.39053344726562,2330700,0.0,0.0,0.0
2011-12-19,84.52999877929688,84.54000091552734,84.51000213623047,84.52999877929688,67.38252258300781,1544000,0.0,0.0,0.0
2011-12-20,84.5199966430664,84.5199966430664,84.48999786376953,84.51000213623047,67.36658477783203,1549200,0.0,0.0,0.0
2011-12-21,84.48999786376953,84.5,84.45999908447266,84.4800033569336,67.34272003173828,1205300,0.0,0.0,0.0
2011-12-22,84.47000122070312,84.4800033569336,84.44000244140625,84.47000122070312,67.33470153808594,2395300,0.0,0.0,0.0
2011-12-23,84.44999694824219,84.48999786376953,84.44000244140625,84.48999786376953,67.35063934326172,1029000,0.0,0.0,0.0
2011-12-27,84.4000015258789,84.41999816894531,84.4000015258789,84.41999816894531,67.32592010498047,669100,0.039,0.0,0.0
2011-12-28,84.4000015258789,84.44999694824219,84.4000015258789,84.44000244140625,67.3418960571289,2493200,0.0,0.0,0.0
2011-12-29,84.43000030517578,84.45999908447266,84.43000030517578,84.44999694824219,67.34981536865234,1510900,0.0,0.0,0.0
2011-12-30,84.4800033569336,84.5,84.45999908447266,84.5,67.38970184326172,2343700,0.0,0.0,0.0
2012-01-03,84.48999786376953,84.48999786376953,84.44999694824219,84.44999694824219,67.34981536865234,5743100,0.0,0.0,0.0
2012-01-04,84.45999908447266,84.47000122070312,84.44999694824219,84.45999908447266,67.3578109741211,1767300,0.0,0.0,0.0
2012-01-05,84.44999694824219,84.4800033569336,84.44999694824219,84.47000122070312,67.36579132080078,1583400,0.0,0.0,0.0
2012-01-06,84.47000122070312,84.8499984741211,84.44999694824219,84.45999908447266,67.3578109741211,2068000,0.0,0.0,0.0
2012-01-09,84.48999786376953,84.48999786376953,84.47000122070312,84.4800033569336,67.37383270263672,1236100,0.0,0.0,0.0
2012-01-10,84.4800033569336,84.51000213623047,84.47000122070312,84.48999786376953,67.38172912597656,813400,0.0,0.0,0.0
2012-01-11,84.5,84.52999877929688,84.5,84.5199966430664,67.40570068359375,2467000,0.0,0.0,0.0
2012-01-12,84.51000213623047,84.54000091552734,84.51000213623047,84.51000213623047,67.39769744873047,2119900,0.0,0.0,0.0
2012-01-13,84.54000091552734,84.54000091552734,84.52999877929688,84.52999877929688,67.41365051269531,1151800,0.0,0.0,0.0
2012-01-17,84.54000091552734,84.55999755859375,84.52999877929688,84.54000091552734,67.42162322998047,2337200,0.0,0.0,0.0
2012-01-18,84.54000091552734,84.55000305175781,84.52999877929688,84.52999877929688,67.41365051269531,1189700,0.0,0.0,0.0
2012-01-19,84.5199966430664,84.54000091552734,84.5,84.52999877929688,67.41365051269531,2062000,0.0,0.0,0.0
2012-01-20,84.5,84.5199966430664,84.5,84.51000213623047,67.39769744873047,2601600,0.0,0.0,0.0
2012-01-23,84.51000213623047,84.5199966430664,84.48999786376953,84.5199966430664,67.40570068359375,2628500,0.0,0.0,0.0
2012-01-24,84.5199966430664,84.5199966430664,84.48999786376953,84.5199966430664,67.40570068359375,3799300,0.0,0.0,0.0
2012-01-25,84.51000213623047,84.58999633789062,84.51000213623047,84.56999969482422,67.44554901123047,2108000,0.0,0.0,0.0
2012-01-26,84.56999969482422,84.5999984741211,84.56999969482422,84.58000183105469,67.45352935791016,1436100,0.0,0.0,0.0
2012-01-27,84.58999633789062,84.5999984741211,84.58000183105469,84.5999984741211,67.46947479248047,1297900,0.0,0.0,0.0
2012-01-30,84.56999969482422,84.58999633789062,84.56999969482422,84.56999969482422,67.44554901123047,1885700,0.0,0.0,0.0
2012-01-31,84.55000305175781,84.56999969482422,84.55000305175781,84.56999969482422,67.44554901123047,2644300,0.0,0.0,0.0
2012-02-01,84.52999877929688,84.55000305175781,84.51000213623047,84.51000213623047,67.42240905761719,5980200,0.031,0.0,0.0
2012-02-02,84.5199966430664,84.54000091552734,84.51000213623047,84.5199966430664,67.43041229248047,2990400,0.0,0.0,0.0
2012-02-03,84.51000213623047,84.52999877929688,84.5,84.5199966430664,67.43041229248047,2434800,0.0,0.0,0.0
2012-02-06,84.5199966430664,84.5199966430664,84.5,84.5,67.41438293457031,2384500,0.0,0.0,0.0
2012-02-07,84.5,84.5,84.47000122070312,84.4800033569336,67.39854431152344,1930100,0.0,0.0,0.0
2012-02-08,84.45999908447266,84.48999786376953,84.45999908447266,84.4800033569336,67.39854431152344,1207300,0.0,0.0,0.0
2012-02-09,84.4800033569336,84.4800033569336,84.44000244140625,84.44000244140625,67.36656188964844,766500,0.0,0.0,0.0
2012-02-10,84.44000244140625,84.47000122070312,84.44000244140625,84.45999908447266,67.38251495361328,1025300,0.0,0.0,0.0
2012-02-13,84.44000244140625,84.45999908447266,84.41000366210938,84.41000366210938,67.34263610839844,1083500,0.0,0.0,0.0
2012-02-14,84.41000366210938,84.43000030517578,84.41000366210938,84.43000030517578,67.35860443115234,1069400,0.0,0.0,0.0
2012-02-15,84.41999816894531,84.45999908447266,84.41000366210938,84.44000244140625,67.36656188964844,1229700,0.0,0.0,0.0
2012-02-16,84.44000244140625,84.44999694824219,84.41000366210938,84.41000366210938,67.34263610839844,1467200,0.0,0.0,0.0
2012-02-17,84.41000366210938,84.41999816894531,84.38999938964844,84.38999938964844,67.32666778564453,827900,0.0,0.0,0.0
2012-02-21,84.4000015258789,84.4000015258789,84.37000274658203,84.37000274658203,67.31070709228516,1954600,0.0,0.0,0.0
2012-02-22,84.38999938964844,84.41000366210938,84.37999725341797,84.41000366210938,67.34263610839844,1604800,0.0,0.0,0.0
2012-02-23,84.38999938964844,84.41999816894531,84.38999938964844,84.4000015258789,67.33470916748047,3341900,0.0,0.0,0.0
2012-02-24,84.4000015258789,84.41000366210938,84.37999725341797,84.37999725341797,67.31869506835938,3698600,0.0,0.0,0.0
2012-02-27,84.41999816894531,84.43000030517578,84.4000015258789,84.4000015258789,67.33470916748047,1060900,0.0,0.0,0.0
2012-02-28,84.41999816894531,84.44000244140625,84.41000366210938,84.41999816894531,67.3506088256836,982800,0.0,0.0,0.0
2012-02-29,84.41999816894531,84.41999816894531,84.38999938964844,84.41999816894531,67.3506088256836,656500,0.0,0.0,0.0
2012-03-01,84.3499984741211,84.37000274658203,84.3499984741211,84.37000274658203,67.3386459350586,1044000,0.035,0.0,0.0
2012-03-02,84.37999725341797,84.4000015258789,84.37999725341797,84.38999938964844,67.35459899902344,914500,0.0,0.0,0.0
2012-03-05,84.37999725341797,84.38999938964844,84.37000274658203,84.38999938964844,67.35459899902344,1166200,0.0,0.0,0.0
2012-03-06,84.41000366210938,84.41000366210938,84.38999938964844,84.38999938964844,67.35459899902344,2282700,0.0,0.0,0.0
2012-03-07,84.38999938964844,84.4000015258789,84.37000274658203,84.37000274658203,67.3386459350586,587900,0.0,0.0,0.0
2012-03-08,84.37000274658203,84.37000274658203,84.33999633789062,84.33999633789062,67.31466674804688,960100,0.0,0.0,0.0
2012-03-09,84.36000061035156,84.37000274658203,84.33999633789062,84.33999633789062,67.31466674804688,660400,0.0,0.0,0.0
2012-03-12,84.36000061035156,84.37000274658203,84.33999633789062,84.3499984741211,67.32270812988281,761700,0.0,0.0,0.0
2012-03-13,84.31999969482422,84.33000183105469,84.29000091552734,84.30000305175781,67.28272247314453,1284700,0.0,0.0,0.0
2012-03-14,84.26000213623047,84.2699966430664,84.18000030517578,84.18000030517578,67.18704223632812,1351500,0.0,0.0,0.0
2012-03-15,84.22000122070312,84.26000213623047,84.20999908447266,84.2300033569336,67.22688293457031,3730100,0.0,0.0,0.0
2012-03-16,84.2699966430664,84.29000091552734,84.23999786376953,84.27999877929688,67.2668228149414,2790700,0.0,0.0,0.0
2012-03-19,84.23999786376953,84.25,84.19999694824219,84.22000122070312,67.21894836425781,2260800,0.0,0.0,0.0
2012-03-20,84.22000122070312,84.23999786376953,84.18000030517578,84.19999694824219,67.20295715332031,793800,0.0,0.0,0.0
2012-03-21,84.2300033569336,84.25,84.20999908447266,84.25,67.24287414550781,572200,0.0,0.0,0.0
2012-03-22,84.2699966430664,84.2699966430664,84.25,84.26000213623047,67.2508316040039,840000,0.0,0.0,0.0
2012-03-23,84.27999877929688,84.29000091552734,84.2699966430664,84.2699966430664,67.25885009765625,698400,0.0,0.0,0.0
2012-03-26,84.27999877929688,84.29000091552734,84.2699966430664,84.29000091552734,67.27477264404297,1035600,0.0,0.0,0.0
2012-03-27,84.30999755859375,84.33000183105469,84.29000091552734,84.31999969482422,67.29881286621094,1091100,0.0,0.0,0.0
2012-03-28,84.31999969482422,84.33999633789062,84.30000305175781,84.30000305175781,67.28272247314453,736600,0.0,0.0,0.0
2012-03-29,84.33000183105469,84.33000183105469,84.30999755859375,84.33000183105469,67.30670928955078,739200,0.0,0.0,0.0
2012-03-30,84.31999969482422,84.33000183105469,84.30999755859375,84.31999969482422,67.29881286621094,949300,0.0,0.0,0.0
2012-04-02,84.33000183105469,84.33000183105469,84.29000091552734,84.30999755859375,67.31466674804688,695600,0.03,0.0,0.0
2012-04-03,84.30999755859375,84.30999755859375,84.23999786376953,84.25,67.2668228149414,1631600,0.0,0.0,0.0
2012-04-04,84.30000305175781,84.30000305175781,84.26000213623047,84.2699966430664,67.28270721435547,1395900,0.0,0.0,0.0
2012-04-05,84.29000091552734,84.30000305175781,84.27999877929688,84.30000305175781,67.30671691894531,758900,0.0,0.0,0.0
2012-04-09,84.33000183105469,84.36000061035156,84.33000183105469,84.36000061035156,67.35462951660156,898600,0.0,0.0,0.0
2012-04-10,84.36000061035156,84.4000015258789,84.3499984741211,84.4000015258789,67.38654327392578,1024900,0.0,0.0,0.0
2012-04-11,84.37000274658203,84.4000015258789,84.37000274658203,84.38999938964844,67.37854766845703,2299100,0.0,0.0,0.0
2012-04-12,84.41000366210938,84.41000366210938,84.38999938964844,84.4000015258789,67.38654327392578,845700,0.0,0.0,0.0
2012-04-13,84.41999816894531,84.41999816894531,84.4000015258789,84.41000366210938,67.39453125,2859200,0.0,0.0,0.0
2012-04-16,84.41999816894531,84.43000030517578,84.41000366210938,84.41000366210938,67.39453125,569900,0.0,0.0,0.0
2012-04-17,84.41999816894531,84.43000030517578,84.4000015258789,84.41000366210938,67.39453125,773000,0.0,0.0,0.0
2012-04-18,84.44000244140625,84.44000244140625,84.41999816894531,84.43000030517578,67.41049194335938,469200,0.0,0.0,0.0
2012-04-19,84.41999816894531,84.44000244140625,84.41999816894531,84.44000244140625,67.41854095458984,558800,0.0,0.0,0.0
2012-04-20,84.43000030517578,84.44000244140625,84.41000366210938,84.44000244140625,67.41854095458984,503200,0.0,0.0,0.0
2012-04-23,84.45999908447266,84.45999908447266,84.44000244140625,84.45999908447266,67.43441009521484,741000,0.0,0.0,0.0
2012-04-24,84.45999908447266,84.47000122070312,84.43000030517578,84.43000030517578,67.41049194335938,1149600,0.0,0.0,0.0
2012-04-25,84.41999816894531,84.45999908447266,84.41999816894531,84.44999694824219,67.426513671875,914100,0.0,0.0,0.0
2012-04-26,84.45999908447266,84.47000122070312,84.44000244140625,84.45999908447266,67.43441009521484,711600,0.0,0.0,0.0
2012-04-27,84.47000122070312,84.47000122070312,84.44000244140625,84.44000244140625,67.41854095458984,741700,0.0,0.0,0.0
2012-04-30,84.47000122070312,84.47000122070312,84.44999694824219,84.45999908447266,67.43441009521484,644700,0.0,0.0,0.0
2012-05-01,84.43000030517578,84.44999694824219,84.41000366210938,84.43000030517578,67.43285369873047,8197400,0.028,0.0,0.0
2012-05-02,84.43000030517578,84.44000244140625,84.41999816894531,84.44000244140625,67.44091796875,2107000,0.0,0.0,0.0
2012-05-03,84.43000030517578,84.44999694824219,84.41999816894531,84.43000030517578,67.43285369873047,876700,0.0,0.0,0.0
2012-05-04,84.45999908447266,84.45999908447266,84.44999694824219,84.45999908447266,67.4567642211914,798700,0.0,0.0,0.0
2012-05-07,84.45999908447266,84.47000122070312,84.44999694824219,84.45999908447266,67.4567642211914,1315200,0.0,0.0,0.0
2012-05-08,84.45999908447266,84.47000122070312,84.44000244140625,84.47000122070312,67.46478271484375,1016600,0.0,0.0,0.0
2012-05-09,84.45999908447266,84.47000122070312,84.44999694824219,84.45999908447266,67.4567642211914,1260700,0.0,0.0,0.0
2012-05-10,84.44000244140625,84.45999908447266,84.43000030517578,84.44999694824219,67.44888305664062,1071300,0.0,0.0,0.0
2012-05-11,84.45999908447266,84.45999908447266,84.44000244140625,84.45999908447266,67.4567642211914,432100,0.0,0.0,0.0
2012-05-14,84.44999694824219,84.45999908447266,84.44999694824219,84.44999694824219,67.44888305664062,799600,0.0,0.0,0.0
2012-05-15,84.44999694824219,84.47000122070312,84.43000030517578,84.44000244140625,67.44091796875,3270000,0.0,0.0,0.0
2012-05-16,84.41999816894531,84.43000030517578,84.41000366210938,84.43000030517578,67.43285369873047,1186300,0.0,0.0,0.0
2012-05-17,84.41999816894531,84.41999816894531,84.38999938964844,84.38999938964844,67.40091705322266,1894100,0.0,0.0,0.0
2012-05-18,84.38999938964844,84.4000015258789,84.37000274658203,84.4000015258789,67.40889739990234,2716100,0.0,0.0,0.0
2012-05-21,84.4000015258789,84.41000366210938,84.37999725341797,84.41000366210938,67.4168701171875,954600,0.0,0.0,0.0
2012-05-22,84.4000015258789,84.4000015258789,84.37999725341797,84.37999725341797,67.39297485351562,1193100,0.0,0.0,0.0
2012-05-23,84.41000366210938,84.41999816894531,84.38999938964844,84.41999816894531,67.42491149902344,928000,0.0,0.0,0.0
2012-05-24,84.38999938964844,84.38999938964844,84.37999725341797,84.38999938964844,67.40091705322266,644900,0.0,0.0,0.0
2012-05-25,84.41999816894531,84.43000030517578,84.38999938964844,84.43000030517578,67.43285369873047,795600,0.0,0.0,0.0
2012-05-29,84.4000015258789,84.43000030517578,84.4000015258789,84.41000366210938,67.4168701171875,1296100,0.0,0.0,0.0
2012-05-30,84.41999816894531,84.45999908447266,84.41999816894531,84.44999694824219,67.44888305664062,1239600,0.0,0.0,0.0
2012-05-31,84.4800033569336,84.48999786376953,84.44000244140625,84.4800033569336,67.47285461425781,3737600,0.0,0.0,0.0
2012-06-01,84.48999786376953,84.48999786376953,84.44999694824219,84.45999908447266,67.47918701171875,2218600,0.028,0.0,0.0
2012-06-04,84.45999908447266,84.47000122070312,84.44999694824219,84.44999694824219,67.4712142944336,5799600,0.0,0.0,0.0
2012-06-05,84.45999908447266,84.47000122070312,84.44000244140625,84.47000122070312,67.48716735839844,1666200,0.0,0.0,0.0
2012-06-06,84.47000122070312,84.47000122070312,84.43000030517578,84.44000244140625,67.46326446533203,1382500,0.0,0.0,0.0
2012-06-07,84.44000244140625,84.44000244140625,84.4000015258789,84.43000030517578,67.4552001953125,2898800,0.0,0.0,0.0
2012-06-08,84.44000244140625,84.44000244140625,84.41999816894531,84.43000030517578,67.4552001953125,1090400,0.0,0.0,0.0
2012-06-11,84.4000015258789,84.43000030517578,84.4000015258789,84.43000030517578,67.4552001953125,1065300,0.0,0.0,0.0
2012-06-12,84.41999816894531,84.41999816894531,84.37000274658203,84.38999938964844,67.42326354980469,1588500,0.0,0.0,0.0
2012-06-13,84.4000015258789,84.4000015258789,84.37000274658203,84.37999725341797,67.4152603149414,537400,0.0,0.0,0.0
2012-06-14,84.41000366210938,84.41000366210938,84.37999725341797,84.38999938964844,67.42326354980469,996000,0.0,0.0,0.0
2012-06-15,84.4000015258789,84.41999816894531,84.38999938964844,84.41999816894531,67.44725036621094,478800,0.0,0.0,0.0
2012-06-18,84.41000366210938,84.41000366210938,84.38999938964844,84.4000015258789,67.4312744140625,3803700,0.0,0.0,0.0
2012-06-19,84.4000015258789,84.41000366210938,84.38999938964844,84.38999938964844,67.42326354980469,1761700,0.0,0.0,0.0
2012-06-20,84.4000015258789,84.41999816894531,84.3499984741211,84.36000061035156,67.39933776855469,3044100,0.0,0.0,0.0
2012-06-21,84.36000061035156,84.37999725341797,84.36000061035156,84.37000274658203,67.40730285644531,701000,0.0,0.0,0.0
2012-06-22,84.37000274658203,84.37999725341797,84.36000061035156,84.37999725341797,67.4152603149414,1243300,0.0,0.0,0.0
2012-06-25,84.37000274658203,84.4000015258789,84.37000274658203,84.37999725341797,67.4152603149414,2960900,0.0,0.0,0.0
2012-06-26,84.37000274658203,84.37999725341797,84.3499984741211,84.36000061035156,67.39933776855469,3320900,0.0,0.0,0.0
2012-06-27,84.37999725341797,84.37999725341797,84.33999633789062,84.36000061035156,67.39933776855469,3125900,0.0,0.0,0.0
2012-06-28,84.37999725341797,84.38999938964844,84.36000061035156,84.37000274658203,67.40730285644531,907000,0.0,0.0,0.0
2012-06-29,84.3499984741211,84.38999938964844,84.3499984741211,84.37000274658203,67.40730285644531,1163200,0.0,0.0,0.0
2012-07-02,84.3499984741211,84.37999725341797,84.3499984741211,84.37000274658203,67.42803955078125,14979800,0.026,0.0,0.0
2012-07-03,84.36000061035156,84.37999725341797,84.3499984741211,84.3499984741211,67.41210174560547,1127700,0.0,0.0,0.0
2012-07-05,84.37000274658203,84.38999938964844,84.37000274658203,84.37999725341797,67.43608093261719,1205400,0.0,0.0,0.0
2012-07-06,84.41000366210938,84.41999816894531,84.4000015258789,84.41000366210938,67.46001434326172,1603300,0.0,0.0,0.0
2012-07-09,84.41999816894531,84.43000030517578,84.41000366210938,84.41000366210938,67.46001434326172,561100,0.0,0.0,0.0
2012-07-10,84.43000030517578,84.43000030517578,84.41000366210938,84.41000366210938,67.46001434326172,490200,0.0,0.0,0.0
2012-07-11,84.41999816894531,84.43000030517578,84.41000366210938,84.41999816894531,67.4680404663086,559500,0.0,0.0,0.0
2012-07-12,84.43000030517578,84.44000244140625,84.41999816894531,84.44000244140625,67.48408508300781,356800,0.0,0.0,0.0
2012-07-13,84.44999694824219,84.47000122070312,84.43000030517578,84.45999908447266,67.49996948242188,634100,0.0,0.0,0.0
2012-07-16,84.48999786376953,84.51000213623047,84.48999786376953,84.48999786376953,67.52395629882812,830800,0.0,0.0,0.0
2012-07-17,84.4800033569336,84.48999786376953,84.47000122070312,84.4800033569336,67.5160140991211,2200000,0.0,0.0,0.0
2012-07-18,84.4800033569336,84.51000213623047,84.4800033569336,84.5,67.53197479248047,2998500,0.0,0.0,0.0
2012-07-19,84.51000213623047,84.52999877929688,84.51000213623047,84.5199966430664,67.5479736328125,1443300,0.0,0.0,0.0
2012-07-20,84.5199966430664,84.54000091552734,84.51000213623047,84.52999877929688,67.55594635009766,2246300,0.0,0.0,0.0
2012-07-23,84.54000091552734,84.55000305175781,84.5199966430664,84.54000091552734,67.56394958496094,403900,0.0,0.0,0.0
2012-07-24,84.52999877929688,84.54000091552734,84.5199966430664,84.5199966430664,67.5479736328125,2868800,0.0,0.0,0.0
2012-07-25,84.55000305175781,84.55000305175781,84.5199966430664,84.52999877929688,67.55594635009766,1007100,0.0,0.0,0.0
2012-07-26,84.5199966430664,84.52999877929688,84.5199966430664,84.52999877929688,67.55594635009766,2028400,0.0,0.0,0.0
2012-07-27,84.48999786376953,84.51000213623047,84.44999694824219,84.47000122070312,67.50796508789062,907800,0.0,0.0,0.0
2012-07-30,84.5,84.5199966430664,84.48999786376953,84.51000213623047,67.53993225097656,2318600,0.0,0.0,0.0
2012-07-31,84.54000091552734,84.55000305175781,84.5199966430664,84.52999877929688,67.55594635009766,917000,0.0,0.0,0.0
2012-08-01,84.52999877929688,84.52999877929688,84.48999786376953,84.48999786376953,67.54473876953125,2012600,0.026,0.0,0.0
2012-08-02,84.5,84.5199966430664,84.48999786376953,84.5,67.55274200439453,591400,0.0,0.0,0.0
2012-08-03,84.4800033569336,84.48999786376953,84.45999908447266,84.47000122070312,67.5287094116211,909300,0.0,0.0,0.0
2012-08-06,84.48999786376953,84.48999786376953,84.47000122070312,84.4800033569336,67.53678894042969,2344700,0.0,0.0,0.0
2012-08-07,84.45999908447266,84.45999908447266,84.43000030517578,84.44000244140625,67.50484466552734,644100,0.0,0.0,0.0
2012-08-08,84.44000244140625,84.44000244140625,84.4000015258789,84.41000366210938,67.48075103759766,1274600,0.0,0.0,0.0
2012-08-09,84.4000015258789,84.41999816894531,84.4000015258789,84.41000366210938,67.48075103759766,557300,0.0,0.0,0.0
2012-08-10,84.44000244140625,84.44000244140625,84.43000030517578,84.43000030517578,67.49674224853516,622900,0.0,0.0,0.0
2012-08-13,84.43000030517578,84.44000244140625,84.43000030517578,84.44000244140625,67.50484466552734,619000,0.0,0.0,0.0
2012-08-14,84.43000030517578,84.43000030517578,84.41000366210938,84.41999816894531,67.48881530761719,1756500,0.0,0.0,0.0
2012-08-15,84.4000015258789,84.41000366210938,84.38999938964844,84.38999938964844,67.46479797363281,694000,0.0,0.0,0.0
2012-08-16,84.4000015258789,84.41000366210938,84.37000274658203,84.37999725341797,67.45675659179688,797700,0.0,0.0,0.0
2012-08-17,84.4000015258789,84.4000015258789,84.38999938964844,84.38999938964844,67.46479797363281,577100,0.0,0.0,0.0
2012-08-20,84.38999938964844,84.41000366210938,84.38999938964844,84.38999938964844,67.46479797363281,536500,0.0,0.0,0.0
2012-08-21,84.38999938964844,84.4000015258789,84.37000274658203,84.38999938964844,67.46479797363281,1660500,0.0,0.0,0.0
2012-08-22,84.41999816894531,84.44999694824219,84.4000015258789,84.44000244140625,67.50484466552734,632300,0.0,0.0,0.0
2012-08-23,84.44999694824219,84.47000122070312,84.44000244140625,84.44999694824219,67.51278686523438,488900,0.0,0.0,0.0
2012-08-24,84.44999694824219,84.45999908447266,84.43000030517578,84.44999694824219,67.51278686523438,646600,0.0,0.0,0.0
2012-08-27,84.44999694824219,84.44999694824219,84.44000244140625,84.44000244140625,67.50484466552734,731000,0.0,0.0,0.0
2012-08-28,84.44999694824219,84.44999694824219,84.43000030517578,84.44999694824219,67.51278686523438,759300,0.0,0.0,0.0
2012-08-29,84.44000244140625,84.44999694824219,84.43000030517578,84.44999694824219,67.51278686523438,512600,0.0,0.0,0.0
2012-08-30,84.45999908447266,84.4800033569336,84.44000244140625,84.45999908447266,67.520751953125,664900,0.0,0.0,0.0
2012-08-31,84.4800033569336,84.52999877929688,84.4800033569336,84.51000213623047,67.56072235107422,944900,0.0,0.0,0.0
2012-09-04,84.51000213623047,84.51000213623047,84.45999908447266,84.4800033569336,67.55595397949219,1795800,0.024,0.0,0.0
2012-09-05,84.4800033569336,84.48999786376953,84.47000122070312,84.4800033569336,67.55595397949219,575500,0.0,0.0,0.0
2012-09-06,84.44000244140625,84.45999908447266,84.43000030517578,84.44000244140625,67.52401733398438,1133200,0.0,0.0,0.0
2012-09-07,84.45999908447266,84.48999786376953,84.44999694824219,84.45999908447266,67.5398941040039,1666500,0.0,0.0,0.0
2012-09-10,84.44999694824219,84.45999908447266,84.44000244140625,84.44000244140625,67.52401733398438,2298900,0.0,0.0,0.0
2012-09-11,84.44999694824219,84.45999908447266,84.44000244140625,84.45999908447266,67.5398941040039,526500,0.0,0.0,0.0
2012-09-12,84.44999694824219,84.45999908447266,84.44999694824219,84.44999694824219,67.5319595336914,1211800,0.0,0.0,0.0
2012-09-13,84.47000122070312,84.5,84.44000244140625,84.4800033569336,67.55595397949219,783900,0.0,0.0,0.0
2012-09-14,84.4800033569336,84.4800033569336,84.43000030517578,84.44000244140625,67.52401733398438,890100,0.0,0.0,0.0
2012-09-17,84.44000244140625,84.44999694824219,84.44000244140625,84.44000244140625,67.52401733398438,1002700,0.0,0.0,0.0
2012-09-18,84.44000244140625,84.44999694824219,84.44000244140625,84.44999694824219,67.5319595336914,626100,0.0,0.0,0.0
2012-09-19,84.44000244140625,84.44999694824219,84.44000244140625,84.44999694824219,67.5319595336914,533300,0.0,0.0,0.0
2012-09-20,84.44000244140625,84.45999908447266,84.43000030517578,84.43000030517578,67.51593017578125,702200,0.0,0.0,0.0
2012-09-21,84.43000030517578,84.44000244140625,84.41999816894531,84.44000244140625,67.52401733398438,625100,0.0,0.0,0.0
2012-09-24,84.44999694824219,84.44999694824219,84.44000244140625,84.44999694824219,67.5319595336914,578200,0.0,0.0,0.0
2012-09-25,84.43000030517578,84.44000244140625,84.41999816894531,84.43000030517578,67.51593017578125,1278800,0.0,0.0,0.0
2012-09-26,84.44000244140625,84.44999694824219,84.43000030517578,84.44999694824219,67.5319595336914,628800,0.0,0.0,0.0
2012-09-27,84.44999694824219,84.47000122070312,84.44000244140625,84.45999908447266,67.5398941040039,446100,0.0,0.0,0.0
2012-09-28,84.4800033569336,84.5,84.47000122070312,84.5,67.57196807861328,876400,0.0,0.0,0.0
2012-10-01,84.4800033569336,84.4800033569336,84.47000122070312,84.4800033569336,67.57357788085938,2690600,0.022,0.0,0.0
2012-10-02,84.47000122070312,84.47000122070312,84.45999908447266,84.45999908447266,67.5574722290039,677300,0.0,0.0,0.0
2012-10-03,84.45999908447266,84.47000122070312,84.45999908447266,84.45999908447266,67.5574722290039,2717100,0.0,0.0,0.0
2012-10-04,84.45999908447266,84.47000122070312,84.44999694824219,84.45999908447266,67.5574722290039,552900,0.0,0.0,0.0
2012-10-05,84.44000244140625,84.44999694824219,84.41999816894531,84.41999816894531,67.5255355834961,1617700,0.0,0.0,0.0
2012-10-08,84.41999816894531,84.44000244140625,84.41999816894531,84.43000030517578,67.53351593017578,350600,0.0,0.0,0.0
2012-10-09,84.41999816894531,84.43000030517578,84.41999816894531,84.43000030517578,67.53351593017578,1039400,0.0,0.0,0.0
2012-10-10,84.41999816894531,84.43000030517578,84.41999816894531,84.41999816894531,67.5255355834961,494500,0.0,0.0,0.0
2012-10-11,84.43000030517578,84.43000030517578,84.41000366210938,84.41000366210938,67.5175552368164,624400,0.0,0.0,0.0
2012-10-12,84.41000366210938,84.44000244140625,84.41000366210938,84.44000244140625,67.54163360595703,479000,0.0,0.0,0.0
2012-10-15,84.44000244140625,84.44000244140625,84.41999816894531,84.41999816894531,67.5255355834961,342800,0.0,0.0,0.0
2012-10-16,84.41999816894531,84.43000030517578,84.41000366210938,84.41999816894531,67.5255355834961,571500,0.0,0.0,0.0
2012-10-17,84.4000015258789,84.41000366210938,84.37000274658203,84.37000274658203,67.48553466796875,563400,0.0,0.0,0.0
2012-10-18,84.37000274658203,84.37999725341797,84.36000061035156,84.37999725341797,67.49356079101562,1273100,0.0,0.0,0.0
2012-10-19,84.36000061035156,84.38999938964844,84.36000061035156,84.37999725341797,67.49356079101562,426500,0.0,0.0,0.0
2012-10-22,84.3499984741211,84.37000274658203,84.3499984741211,84.3499984741211,67.46955871582031,264300,0.0,0.0,0.0
2012-10-23,84.37999725341797,84.38999938964844,84.36000061035156,84.38999938964844,67.50151824951172,491700,0.0,0.0,0.0
2012-10-24,84.37000274658203,84.4000015258789,84.37000274658203,84.37999725341797,67.49356079101562,1059300,0.0,0.0,0.0
2012-10-25,84.3499984741211,84.37000274658203,84.3499984741211,84.3499984741211,67.46955871582031,588200,0.0,0.0,0.0
2012-10-26,84.37999725341797,84.37999725341797,84.36000061035156,84.37000274658203,67.48553466796875,478400,0.0,0.0,0.0
2012-10-31,84.37999725341797,84.41999816894531,84.37999725341797,84.41999816894531,67.5255355834961,1086600,0.0,0.0,0.0
2012-11-01,84.3499984741211,84.41000366210938,84.3499984741211,84.4000015258789,67.50952911376953,732800,0.0,0.0,0.0
2012-11-02,84.37000274658203,84.38999938964844,84.37000274658203,84.38999938964844,67.50151824951172,353200,0.0,0.0,0.0
2012-11-05,84.41999816894531,84.41999816894531,84.38999938964844,84.38999938964844,67.50151824951172,2192500,0.0,0.0,0.0
2012-11-06,84.4000015258789,84.41000366210938,84.36000061035156,84.36000061035156,67.47759246826172,583400,0.0,0.0,0.0
2012-11-07,84.41999816894531,84.44000244140625,84.41999816894531,84.43000030517578,67.53351593017578,697600,0.0,0.0,0.0
2012-11-08,84.43000030517578,84.44000244140625,84.41999816894531,84.43000030517578,67.53351593017578,779500,0.0,0.0,0.0
2012-11-09,84.43000030517578,84.44999694824219,84.41999816894531,84.43000030517578,67.53351593017578,2365500,0.0,0.0,0.0
2012-11-12,84.41999816894531,84.44000244140625,84.41999816894531,84.43000030517578,67.53351593017578,524300,0.0,0.0,0.0
2012-11-13,84.44999694824219,84.44999694824219,84.44000244140625,84.44000244140625,67.54163360595703,917300,0.0,0.0,0.0
2012-11-14,84.44000244140625,84.45999908447266,84.44000244140625,84.45999908447266,67.5574722290039,2273000,0.0,0.0,0.0
2012-11-15,84.45999908447266,84.47000122070312,84.44999694824219,84.45999908447266,67.5574722290039,1048700,0.0,0.0,0.0
2012-11-16,84.44999694824219,84.47000122070312,84.44999694824219,84.45999908447266,67.5574722290039,810500,0.0,0.0,0.0
2012-11-19,84.44999694824219,84.45999908447266,84.44999694824219,84.44999694824219,67.54957580566406,951700,0.0,0.0,0.0
2012-11-20,84.44999694824219,84.44999694824219,84.43000030517578,84.43000030517578,67.53351593017578,1248500,0.0,0.0,0.0
2012-11-21,84.41000366210938,84.41999816894531,84.41000366210938,84.41999816894531,67.5255355834961,422200,0.0,0.0,0.0
2012-11-23,84.4000015258789,84.41999816894531,84.4000015258789,84.41999816894531,67.5255355834961,157800,0.0,0.0,0.0
2012-11-26,84.41999816894531,84.43000030517578,84.41000366210938,84.41000366210938,67.5175552368164,746400,0.0,0.0,0.0
2012-11-27,84.4000015258789,84.43000030517578,84.4000015258789,84.41999816894531,67.5255355834961,527000,0.0,0.0,0.0
2012-11-28,84.43000030517578,84.44000244140625,84.41999816894531,84.43000030517578,67.53351593017578,352700,0.0,0.0,0.0
2012-11-29,84.41999816894531,84.44000244140625,84.41999816894531,84.43000030517578,67.53351593017578,496300,0.0,0.0,0.0
2012-11-30,84.44000244140625,84.44999694824219,84.44000244140625,84.44000244140625,67.54163360595703,1053400,0.0,0.0,0.0
2012-12-03,84.43000030517578,84.44000244140625,84.41000366210938,84.43000030517578,67.5495376586914,1090600,0.02,0.0,0.0
2012-12-04,84.43000030517578,84.44000244140625,84.43000030517578,84.43000030517578,67.5495376586914,1624900,0.0,0.0,0.0
2012-12-05,84.44000244140625,84.44999694824219,84.44000244140625,84.44999694824219,67.5655517578125,591000,0.0,0.0,0.0
2012-12-06,84.45999908447266,84.45999908447266,84.44000244140625,84.44999694824219,67.5655517578125,685300,0.0,0.0,0.0
2012-12-07,84.41999816894531,84.44999694824219,84.41999816894531,84.44999694824219,67.5655517578125,929500,0.0,0.0,0.0
2012-12-10,84.44000244140625,84.44999694824219,84.44000244140625,84.44999694824219,67.5655517578125,770500,0.0,0.0,0.0
2012-12-11,84.44999694824219,84.44999694824219,84.43000030517578,84.44999694824219,67.5655517578125,1157700,0.0,0.0,0.0
2012-12-12,84.44000244140625,84.44999694824219,84.43000030517578,84.44000244140625,67.55760955810547,1108500,0.0,0.0,0.0
2012-12-13,84.44000244140625,84.44999694824219,84.43000030517578,84.44000244140625,67.55760955810547,790400,0.0,0.0,0.0
2012-12-14,84.44000244140625,84.45999908447266,84.44000244140625,84.45999908447266,67.57349395751953,566300,0.0,0.0,0.0
2012-12-17,84.44999694824219,84.45999908447266,84.41999816894531,84.44000244140625,67.55760955810547,503900,0.0,0.0,0.0
2012-12-18,84.41999816894531,84.43000030517578,84.38999938964844,84.38999938964844,67.51752471923828,1295600,0.0,0.0,0.0
2012-12-19,84.4000015258789,84.41000366210938,84.4000015258789,84.41000366210938,67.53353881835938,1485100,0.0,0.0,0.0
2012-12-20,84.41999816894531,84.41999816894531,84.4000015258789,84.4000015258789,67.52550506591797,1167500,0.0,0.0,0.0
2012-12-21,84.41999816894531,84.43000030517578,84.41000366210938,84.41000366210938,67.53353881835938,899300,0.0,0.0,0.0
2012-12-24,84.41000366210938,84.41999816894531,84.41000366210938,84.41000366210938,67.53353881835938,388400,0.0,0.0,0.0
2012-12-26,84.38999938964844,84.41000366210938,84.38999938964844,84.38999938964844,67.5343246459961,677200,0.021,0.0,0.0
2012-12-27,84.38999938964844,84.41999816894531,84.38999938964844,84.41999816894531,67.55836486816406,1351200,0.0,0.0,0.0
2012-12-28,84.41000366210938,84.43000030517578,84.41000366210938,84.41999816894531,67.55836486816406,1334500,0.0,0.0,0.0
2012-12-31,84.44999694824219,84.44999694824219,84.38999938964844,84.41999816894531,67.55836486816406,818700,0.0,0.0,0.0
2013-01-02,84.4000015258789,84.41000366210938,84.4000015258789,84.4000015258789,67.54231262207031,2469100,0.0,0.0,0.0
2013-01-03,84.41000366210938,84.43000030517578,84.38999938964844,84.4000015258789,67.54231262207031,1816100,0.0,0.0,0.0
2013-01-04,84.38999938964844,84.41000366210938,84.38999938964844,84.41000366210938,67.55034637451172,1028700,0.0,0.0,0.0
2013-01-07,84.38999938964844,84.41000366210938,84.38999938964844,84.41000366210938,67.55034637451172,672300,0.0,0.0,0.0
2013-01-08,84.4000015258789,84.43000030517578,84.4000015258789,84.41999816894531,67.55836486816406,712300,0.0,0.0,0.0
2013-01-09,84.44000244140625,84.44999694824219,84.43000030517578,84.44999694824219,67.58236694335938,1159100,0.0,0.0,0.0
2013-01-10,84.43000030517578,84.44999694824219,84.43000030517578,84.44000244140625,67.57442474365234,1687300,0.0,0.0,0.0
2013-01-11,84.43000030517578,84.44000244140625,84.41999816894531,84.43000030517578,67.56634521484375,824000,0.0,0.0,0.0
2013-01-14,84.44999694824219,84.44999694824219,84.43000030517578,84.43000030517578,67.56634521484375,472400,0.0,0.0,0.0
2013-01-15,84.44999694824219,84.45999908447266,84.44000244140625,84.44000244140625,67.57442474365234,521400,0.0,0.0,0.0
2013-01-16,84.44000244140625,84.44999694824219,84.44000244140625,84.44000244140625,67.57442474365234,499800,0.0,0.0,0.0
2013-01-17,84.41999816894531,84.44000244140625,84.41999816894531,84.43000030517578,67.56634521484375,5547800,0.0,0.0,0.0
2013-01-18,84.44000244140625,84.44000244140625,84.41999816894531,84.43000030517578,67.56634521484375,390500,0.0,0.0,0.0
2013-01-22,84.44000244140625,84.45999908447266,84.43000030517578,84.44999694824219,67.58236694335938,956100,0.0,0.0,0.0
2013-01-23,84.44999694824219,84.45999908447266,84.44999694824219,84.44999694824219,67.58236694335938,747300,0.0,0.0,0.0
2013-01-24,84.44999694824219,84.45999908447266,84.44000244140625,84.44999694824219,67.58236694335938,595500,0.0,0.0,0.0
2013-01-25,84.44000244140625,84.44000244140625,84.4000015258789,84.41000366210938,67.55034637451172,694000,0.0,0.0,0.0
2013-01-28,84.37000274658203,84.4000015258789,84.37000274658203,84.37999725341797,67.52635192871094,642300,0.0,0.0,0.0
2013-01-29,84.41999816894531,84.41999816894531,84.38999938964844,84.38999938964844,67.5343246459961,672300,0.0,0.0,0.0
2013-01-30,84.4000015258789,84.41999816894531,84.38999938964844,84.41999816894531,67.55836486816406,526500,0.0,0.0,0.0
2013-01-31,84.44000244140625,84.44000244140625,84.41999816894531,84.43000030517578,67.56634521484375,641600,0.0,0.0,0.0
2013-02-01,84.41999816894531,84.44999694824219,84.4000015258789,84.4000015258789,67.55915832519531,1081200,0.021,0.0,0.0
2013-02-04,84.41999816894531,84.44000244140625,84.41000366210938,84.41999816894531,67.57514190673828,749700,0.0,0.0,0.0
2013-02-05,84.41000366210938,84.41999816894531,84.41000366210938,84.41999816894531,67.57514190673828,2165500,0.0,0.0,0.0
2013-02-06,84.43000030517578,84.44000244140625,84.43000030517578,84.44000244140625,67.5912094116211,1691600,0.0,0.0,0.0
2013-02-07,84.44999694824219,84.44999694824219,84.43000030517578,84.44000244140625,67.5912094116211,672800,0.0,0.0,0.0
2013-02-08,84.41999816894531,84.44999694824219,84.41999816894531,84.44999694824219,67.59918212890625,590500,0.0,0.0,0.0
2013-02-11,84.43000030517578,84.44000244140625,84.41999816894531,84.41999816894531,67.57514190673828,755100,0.0,0.0,0.0
2013-02-12,84.41999816894531,84.41999816894531,84.4000015258789,84.4000015258789,67.55915832519531,529600,0.0,0.0,0.0
2013-02-13,84.41999816894531,84.41999816894531,84.38999938964844,84.38999938964844,67.55113220214844,505800,0.0,0.0,0.0
2013-02-14,84.4000015258789,84.41000366210938,84.4000015258789,84.4000015258789,67.55915832519531,580400,0.0,0.0,0.0
2013-02-15,84.4000015258789,84.41000366210938,84.4000015258789,84.41000366210938,67.56717681884766,1113600,0.0,0.0,0.0
2013-02-19,84.41000366210938,84.41999816894531,84.4000015258789,84.4000015258789,67.55915832519531,793000,0.0,0.0,0.0
2013-02-20,84.4000015258789,84.41000366210938,84.4000015258789,84.4000015258789,67.55915832519531,480300,0.0,0.0,0.0
2013-02-21,84.43000030517578,84.44000244140625,84.41999816894531,84.43000030517578,67.5831298828125,610700,0.0,0.0,0.0
2013-02-22,84.43000030517578,84.44000244140625,84.43000030517578,84.43000030517578,67.5831298828125,693200,0.0,0.0,0.0
2013-02-25,84.41999816894531,84.45999908447266,84.41999816894531,84.44999694824219,67.59918212890625,433500,0.0,0.0,0.0
2013-02-26,84.44999694824219,84.47000122070312,84.44999694824219,84.47000122070312,67.61514282226562,1370600,0.0,0.0,0.0
2013-02-27,84.45999908447266,84.47000122070312,84.45999908447266,84.47000122070312,67.61514282226562,1158800,0.0,0.0,0.0
2013-02-28,84.45999908447266,84.4800033569336,84.45999908447266,84.45999908447266,67.60716247558594,663800,0.0,0.0,0.0
2013-03-01,84.44999694824219,84.45999908447266,84.44999694824219,84.45999908447266,67.6215591430664,1563100,0.018,0.0,0.0
2013-03-04,84.44999694824219,84.45999908447266,84.44999694824219,84.44999694824219,67.61360168457031,485800,0.0,0.0,0.0
2013-03-05,84.44000244140625,84.44999694824219,84.44000244140625,84.44000244140625,67.60564422607422,583200,0.0,0.0,0.0
2013-03-06,84.43000030517578,84.43000030517578,84.41999816894531,84.43000030517578,67.59754180908203,452800,0.0,0.0,0.0
2013-03-07,84.41999816894531,84.43000030517578,84.41000366210938,84.41000366210938,67.5815200805664,519800,0.0,0.0,0.0
2013-03-08,84.4000015258789,84.41999816894531,84.38999938964844,84.41999816894531,67.58955383300781,727400,0.0,0.0,0.0
2013-03-11,84.41999816894531,84.41999816894531,84.41000366210938,84.41000366210938,67.5815200805664,1269800,0.0,0.0,0.0
2013-03-12,84.41999816894531,84.43000030517578,84.41000366210938,84.43000030517578,67.59754180908203,1154800,0.0,0.0,0.0
2013-03-13,84.41000366210938,84.41999816894531,84.4000015258789,84.41000366210938,67.5815200805664,858800,0.0,0.0,0.0
2013-03-14,84.4000015258789,84.41999816894531,84.4000015258789,84.41000366210938,67.5815200805664,480900,0.0,0.0,0.0
2013-03-15,84.41999816894531,84.44000244140625,84.41000366210938,84.44000244140625,67.60564422607422,599400,0.0,0.0,0.0
2013-03-18,84.43000030517578,84.45999908447266,84.43000030517578,84.45999908447266,67.6215591430664,416900,0.0,0.0,0.0
2013-03-19,84.45999908447266,84.45999908447266,84.44000244140625,84.44999694824219,67.61360168457031,528700,0.0,0.0,0.0
2013-03-20,84.43000030517578,84.44000244140625,84.43000030517578,84.44000244140625,67.60564422607422,592000,0.0,0.0,0.0
2013-03-21,84.43000030517578,84.44999694824219,84.43000030517578,84.44999694824219,67.61360168457031,691200,0.0,0.0,0.0
2013-03-22,84.45999908447266,84.45999908447266,84.43000030517578,84.43000030517578,67.59754180908203,593700,0.0,0.0,0.0
2013-03-25,84.43000030517578,84.44000244140625,84.43000030517578,84.43000030517578,67.59754180908203,610500,0.0,0.0,0.0
2013-03-26,84.44000244140625,84.44000244140625,84.41999816894531,84.44000244140625,67.60564422607422,504300,0.0,0.0,0.0
2013-03-27,84.45999908447266,84.47000122070312,84.44000244140625,84.45999908447266,67.6215591430664,1263800,0.0,0.0,0.0
2013-03-28,84.44000244140625,84.47000122070312,84.44000244140625,84.47000122070312,67.62955474853516,691200,0.0,0.0,0.0
2013-04-01,84.38999938964844,84.45999908447266,84.38999938964844,84.45999908447266,67.63597869873047,1015600,0.018,0.0,0.0
2013-04-02,84.43000030517578,84.47000122070312,84.43000030517578,84.45999908447266,67.63597869873047,5059900,0.0,0.0,0.0
2013-04-03,84.41999816894531,84.45999908447266,84.41999816894531,84.44999694824219,67.62800598144531,723400,0.0,0.0,0.0
2013-04-04,84.45999908447266,84.4800033569336,84.45999908447266,84.4800033569336,67.65200805664062,457100,0.0,0.0,0.0
2013-04-05,84.47000122070312,84.4800033569336,84.47000122070312,84.4800033569336,67.65200805664062,614100,0.0,0.0,0.0
2013-04-08,84.45999908447266,84.4800033569336,84.45999908447266,84.45999908447266,67.63597869873047,596500,0.0,0.0,0.0
2013-04-09,84.45999908447266,84.4800033569336,84.45999908447266,84.45999908447266,67.63597869873047,1046800,0.0,0.0,0.0
2013-04-10,84.44999694824219,84.47000122070312,84.44999694824219,84.45999908447266,67.63597869873047,1647200,0.0,0.0,0.0
2013-04-11,84.45999908447266,84.47000122070312,84.44999694824219,84.45999908447266,67.63597869873047,4089300,0.0,0.0,0.0
2013-04-12,84.45999908447266,84.4800033569336,84.45999908447266,84.47000122070312,67.64398956298828,486700,0.0,0.0,0.0
2013-04-15,84.47000122070312,84.48999786376953,84.47000122070312,84.4800033569336,67.65200805664062,604000,0.0,0.0,0.0
2013-04-16,84.47000122070312,84.4800033569336,84.47000122070312,84.4800033569336,67.65200805664062,533500,0.0,0.0,0.0
2013-04-17,84.47000122070312,84.48999786376953,84.47000122070312,84.4800033569336,67.65200805664062,386900,0.0,0.0,0.0
2013-04-18,84.47000122070312,84.48999786376953,84.47000122070312,84.4800033569336,67.65200805664062,1195100,0.0,0.0,0.0
2013-04-19,84.47000122070312,84.4800033569336,84.45999908447266,84.4800033569336,67.65200805664062,591800,0.0,0.0,0.0
2013-04-22,84.4800033569336,84.48999786376953,84.45999908447266,84.48999786376953,67.6600112915039,797400,0.0,0.0,0.0
2013-04-23,84.48999786376953,84.48999786376953,84.4800033569336,84.4800033569336,67.65200805664062,524900,0.0,0.0,0.0
2013-04-24,84.4800033569336,84.48999786376953,84.47000122070312,84.48999786376953,67.6600112915039,578300,0.0,0.0,0.0
2013-04-25,84.47000122070312,84.5,84.47000122070312,84.4800033569336,67.65200805664062,688100,0.0,0.0,0.0
2013-04-26,84.4800033569336,84.51000213623047,84.4800033569336,84.5,67.66804504394531,685900,0.0,0.0,0.0
2013-04-29,84.5,84.5199966430664,84.5,84.5199966430664,67.68403625488281,496700,0.0,0.0,0.0
2013-04-30,84.52999877929688,84.52999877929688,84.51000213623047,84.51000213623047,67.67601776123047,506700,0.0,0.0,0.0
2013-05-01,84.5,84.5199966430664,84.48999786376953,84.51000213623047,67.68965148925781,1051500,0.017,0.0,0.0
2013-05-02,84.48999786376953,84.51000213623047,84.48999786376953,84.5,67.681640625,544900,0.0,0.0,0.0
2013-05-03,84.5,84.5,84.47000122070312,84.47000122070312,67.65757751464844,1145200,0.0,0.0,0.0
2013-05-06,84.48999786376953,84.48999786376953,84.47000122070312,84.47000122070312,67.65757751464844,576100,0.0,0.0,0.0
2013-05-07,84.47000122070312,84.48999786376953,84.47000122070312,84.47000122070312,67.65757751464844,539800,0.0,0.0,0.0
2013-05-08,84.4800033569336,84.4800033569336,84.47000122070312,84.4800033569336,67.66565704345703,540000,0.0,0.0,0.0
2013-05-09,84.47000122070312,84.4800033569336,84.47000122070312,84.47000122070312,67.65757751464844,353500,0.0,0.0,0.0
2013-05-10,84.47000122070312,84.4800033569336,84.44999694824219,84.45999908447266,67.64958953857422,470800,0.0,0.0,0.0
2013-05-13,84.45999908447266,84.45999908447266,84.44000244140625,84.44000244140625,67.6335678100586,829600,0.0,0.0,0.0
2013-05-14,84.44000244140625,84.45999908447266,84.43000030517578,84.44000244140625,67.6335678100586,517900,0.0,0.0,0.0
2013-05-15,84.44999694824219,84.45999908447266,84.44999694824219,84.44999694824219,67.64159393310547,538400,0.0,0.0,0.0
2013-05-16,84.45999908447266,84.4800033569336,84.45999908447266,84.47000122070312,67.65757751464844,499400,0.0,0.0,0.0
2013-05-17,84.4800033569336,84.4800033569336,84.44999694824219,84.44999694824219,67.64159393310547,460300,0.0,0.0,0.0
2013-05-20,84.4800033569336,84.4800033569336,84.44000244140625,84.45999908447266,67.64958953857422,364700,0.0,0.0,0.0
2013-05-21,84.44999694824219,84.47000122070312,84.44999694824219,84.45999908447266,67.64958953857422,440800,0.0,0.0,0.0
2013-05-22,84.45999908447266,84.47000122070312,84.43000030517578,84.43000030517578,67.62553405761719,1022500,0.0,0.0,0.0
2013-05-23,84.44999694824219,84.45999908447266,84.43000030517578,84.44999694824219,67.64159393310547,835700,0.0,0.0,0.0
2013-05-24,84.44999694824219,84.44999694824219,84.43000030517578,84.43000030517578,67.62553405761719,1251800,0.0,0.0,0.0
2013-05-28,84.45999908447266,84.45999908447266,84.37000274658203,84.37000274658203,67.57752990722656,995800,0.0,0.0,0.0
2013-05-29,84.37000274658203,84.38999938964844,84.36000061035156,84.37000274658203,67.57752990722656,796000,0.0,0.0,0.0
2013-05-30,84.4000015258789,84.4000015258789,84.37999725341797,84.38999938964844,67.5935287475586,1437300,0.0,0.0,0.0
2013-05-31,84.4000015258789,84.4000015258789,84.3499984741211,84.37999725341797,67.58548736572266,1320700,0.0,0.0,0.0
2013-06-03,84.37000274658203,84.41000366210938,84.3499984741211,84.38999938964844,67.6071548461914,2606400,0.017,0.0,0.0
2013-06-04,84.37999725341797,84.38999938964844,84.3499984741211,84.38999938964844,67.6071548461914,764900,0.0,0.0,0.0
2013-06-05,84.37000274658203,84.4000015258789,84.36000061035156,84.4000015258789,67.61519622802734,663900,0.0,0.0,0.0
2013-06-06,84.38999938964844,84.41000366210938,84.37000274658203,84.38999938964844,67.6071548461914,1572400,0.0,0.0,0.0
2013-06-07,84.3499984741211,84.37999725341797,84.3499984741211,84.37999725341797,67.59910583496094,501800,0.0,0.0,0.0
2013-06-10,84.33999633789062,84.3499984741211,84.31999969482422,84.3499984741211,67.5750961303711,789800,0.0,0.0,0.0
2013-06-11,84.31999969482422,84.33999633789062,84.30000305175781,84.33999633789062,67.56713104248047,683100,0.0,0.0,0.0
2013-06-12,84.31999969482422,84.36000061035156,84.30999755859375,84.33000183105469,67.55909729003906,2149200,0.0,0.0,0.0
2013-06-13,84.30999755859375,84.38999938964844,84.30999755859375,84.37000274658203,67.59115600585938,1568700,0.0,0.0,0.0
2013-06-14,84.38999938964844,84.43000030517578,84.38999938964844,84.43000030517578,67.63917541503906,791700,0.0,0.0,0.0
2013-06-17,84.44000244140625,84.44000244140625,84.41999816894531,84.43000030517578,67.63917541503906,890800,0.0,0.0,0.0
2013-06-18,84.41000366210938,84.44000244140625,84.38999938964844,84.43000030517578,67.63917541503906,1762700,0.0,0.0,0.0
2013-06-19,84.41999816894531,84.43000030517578,84.31999969482422,84.33000183105469,67.55909729003906,884400,0.0,0.0,0.0
2013-06-20,84.30000305175781,84.33999633789062,84.29000091552734,84.31999969482422,67.55107116699219,3282200,0.0,0.0,0.0
2013-06-21,84.27999877929688,84.30000305175781,84.2300033569336,84.25,67.49505615234375,3785200,0.0,0.0,0.0
2013-06-24,84.13999938964844,84.2300033569336,84.13999938964844,84.20999908447266,67.46295928955078,1885200,0.0,0.0,0.0
2013-06-25,84.23999786376953,84.23999786376953,84.18000030517578,84.19999694824219,67.45496368408203,2382600,0.0,0.0,0.0
2013-06-26,84.23999786376953,84.25,84.19999694824219,84.23999786376953,67.48701477050781,1452800,0.0,0.0,0.0
2013-06-27,84.2699966430664,84.30000305175781,84.25,84.29000091552734,67.52706909179688,2783900,0.0,0.0,0.0
2013-06-28,84.2699966430664,84.30999755859375,84.25,84.27999877929688,67.51902770996094,3109100,0.0,0.0,0.0
2013-07-01,84.26000213623047,84.30999755859375,84.25,84.30000305175781,67.5486831665039,4884800,0.017,0.0,0.0
2013-07-02,84.30000305175781,84.30999755859375,84.29000091552734,84.30999755859375,67.55667877197266,1026500,0.0,0.0,0.0
2013-07-03,84.31999969482422,84.31999969482422,84.26000213623047,84.30000305175781,67.5486831665039,692600,0.0,0.0,0.0
2013-07-05,84.19000244140625,84.23999786376953,84.19000244140625,84.20999908447266,67.4765625,484500,0.0,0.0,0.0
2013-07-08,84.20999908447266,84.27999877929688,84.20999908447266,84.2699966430664,67.524658203125,753800,0.0,0.0,0.0
2013-07-09,84.30000305175781,84.30000305175781,84.25,84.26000213623047,67.51663208007812,947900,0.0,0.0,0.0
2013-07-10,84.25,84.2699966430664,84.23999786376953,84.26000213623047,67.51663208007812,1401900,0.0,0.0,0.0
2013-07-11,84.30000305175781,84.33000183105469,84.2699966430664,84.33000183105469,67.57270050048828,835200,0.0,0.0,0.0
2013-07-12,84.30999755859375,84.3499984741211,84.27999877929688,84.27999877929688,67.53263854980469,2106800,0.0,0.0,0.0
2013-07-15,84.30999755859375,84.33000183105469,84.30000305175781,84.31999969482422,67.56470489501953,1025700,0.0,0.0,0.0
2013-07-16,84.3499984741211,84.36000061035156,84.31999969482422,84.33000183105469,67.57270050048828,836000,0.0,0.0,0.0
2013-07-17,84.37999725341797,84.4000015258789,84.3499984741211,84.36000061035156,67.59679412841797,728400,0.0,0.0,0.0
2013-07-18,84.37000274658203,84.38999938964844,84.33999633789062,84.3499984741211,67.58875274658203,909900,0.0,0.0,0.0
2013-07-19,84.37000274658203,84.4000015258789,84.3499984741211,84.38999938964844,67.62075805664062,519100,0.0,0.0,0.0
2013-07-22,84.37999725341797,84.4000015258789,84.36000061035156,84.38999938964844,67.62075805664062,1377400,0.0,0.0,0.0
2013-07-23,84.38999938964844,84.38999938964844,84.36000061035156,84.37999725341797,67.61275482177734,1087100,0.0,0.0,0.0
2013-07-24,84.33999633789062,84.37999725341797,84.30999755859375,84.33999633789062,67.58073425292969,575400,0.0,0.0,0.0
2013-07-25,84.31999969482422,84.38999938964844,84.31999969482422,84.38999938964844,67.62075805664062,582700,0.0,0.0,0.0
2013-07-26,84.37999725341797,84.4000015258789,84.37000274658203,84.4000015258789,67.62884521484375,644800,0.0,0.0,0.0
2013-07-29,84.37000274658203,84.4000015258789,84.37000274658203,84.38999938964844,67.62075805664062,440300,0.0,0.0,0.0
2013-07-30,84.37999725341797,84.41000366210938,84.37999725341797,84.4000015258789,67.62884521484375,542100,0.0,0.0,0.0
2013-07-31,84.37000274658203,84.41000366210938,84.33999633789062,84.4000015258789,67.62884521484375,1283900,0.0,0.0,0.0
2013-08-01,84.36000061035156,84.37000274658203,84.30999755859375,84.3499984741211,67.6031723022461,6766100,0.018,0.0,0.0
2013-08-02,84.33000183105469,84.41000366210938,84.33000183105469,84.41000366210938,67.65125274658203,1187100,0.0,0.0,0.0
2013-08-05,84.4000015258789,84.41000366210938,84.37000274658203,84.4000015258789,67.64326477050781,870600,0.0,0.0,0.0
2013-08-06,84.37000274658203,84.4000015258789,84.37000274658203,84.38999938964844,67.63518524169922,881800,0.0,0.0,0.0
2013-08-07,84.4000015258789,84.41000366210938,84.37999725341797,84.41000366210938,67.65125274658203,704600,0.0,0.0,0.0
2013-08-08,84.38999938964844,84.41000366210938,84.38999938964844,84.41000366210938,67.65125274658203,709400,0.0,0.0,0.0
2013-08-09,84.4000015258789,84.41000366210938,84.38999938964844,84.38999938964844,67.63518524169922,566000,0.0,0.0,0.0
2013-08-12,84.43000030517578,84.43000030517578,84.38999938964844,84.38999938964844,67.63518524169922,511600,0.0,0.0,0.0
2013-08-13,84.37999725341797,84.37999725341797,84.33999633789062,84.3499984741211,67.6031723022461,531400,0.0,0.0,0.0
2013-08-14,84.3499984741211,84.37000274658203,84.33999633789062,84.3499984741211,67.6031723022461,972600,0.0,0.0,0.0
2013-08-15,84.30999755859375,84.33999633789062,84.30000305175781,84.31999969482422,67.57910919189453,704200,0.0,0.0,0.0
2013-08-16,84.30999755859375,84.33999633789062,84.29000091552734,84.33000183105469,67.58712005615234,2293500,0.0,0.0,0.0
2013-08-19,84.31999969482422,84.31999969482422,84.27999877929688,84.30999755859375,67.57108306884766,1951100,0.0,0.0,0.0
2013-08-20,84.31999969482422,84.33999633789062,84.31999969482422,84.33000183105469,67.58712005615234,1649400,0.0,0.0,0.0
2013-08-21,84.31999969482422,84.33999633789062,84.27999877929688,84.27999877929688,67.54705047607422,651200,0.0,0.0,0.0
2013-08-22,84.26000213623047,84.27999877929688,84.22000122070312,84.25,67.52305603027344,735000,0.0,0.0,0.0
2013-08-23,84.19000244140625,84.27999877929688,84.19000244140625,84.25,67.52305603027344,638200,0.0,0.0,0.0
2013-08-26,84.2699966430664,84.30000305175781,84.2699966430664,84.27999877929688,67.54705047607422,733100,0.0,0.0,0.0
2013-08-27,84.27999877929688,84.31999969482422,84.27999877929688,84.31999969482422,67.57910919189453,802800,0.0,0.0,0.0
2013-08-28,84.2699966430664,84.30000305175781,84.25,84.2699966430664,67.53905487060547,709200,0.0,0.0,0.0
2013-08-29,84.2699966430664,84.29000091552734,84.23999786376953,84.29000091552734,67.55511474609375,653200,0.0,0.0,0.0
2013-08-30,84.27999877929688,84.30000305175781,84.2699966430664,84.30000305175781,67.56309509277344,847700,0.0,0.0,0.0
2013-09-03,84.20999908447266,84.25,84.19999694824219,84.25,67.5374755859375,2991200,0.018,0.0,0.0
2013-09-04,84.20999908447266,84.2300033569336,84.16000366210938,84.16999816894531,67.47337341308594,947200,0.0,0.0,0.0
2013-09-05,84.08999633789062,84.12000274658203,84.05000305175781,84.08999633789062,67.40914916992188,1315100,0.0,0.0,0.0
2013-09-06,84.12999725341797,84.19999694824219,84.12999725341797,84.16999816894531,67.47337341308594,765500,0.0,0.0,0.0
2013-09-09,84.18000030517578,84.20999908447266,84.18000030517578,84.19000244140625,67.48931121826172,795600,0.0,0.0,0.0
2013-09-10,84.16000366210938,84.16999816894531,84.13999938964844,84.16000366210938,67.46524810791016,922200,0.0,0.0,0.0
2013-09-11,84.18000030517578,84.20999908447266,84.16000366210938,84.19999694824219,67.49736022949219,864100,0.0,0.0,0.0
2013-09-12,84.20999908447266,84.2300033569336,84.19000244140625,84.19999694824219,67.49736022949219,1586100,0.0,0.0,0.0
2013-09-13,84.19000244140625,84.22000122070312,84.19000244140625,84.19999694824219,67.49736022949219,564700,0.0,0.0,0.0
2013-09-16,84.31999969482422,84.31999969482422,84.26000213623047,84.26000213623047,67.54546356201172,737400,0.0,0.0,0.0
2013-09-17,84.27999877929688,84.30999755859375,84.2699966430664,84.29000091552734,67.56953430175781,668400,0.0,0.0,0.0
2013-09-18,84.29000091552734,84.41999816894531,84.26000213623047,84.4000015258789,67.65772247314453,744300,0.0,0.0,0.0
2013-09-19,84.41000366210938,84.43000030517578,84.37000274658203,84.37000274658203,67.63363647460938,5185900,0.0,0.0,0.0
2013-09-20,84.37999725341797,84.38999938964844,84.36000061035156,84.37999725341797,67.64160919189453,606600,0.0,0.0,0.0
2013-09-23,84.36000061035156,84.4000015258789,84.36000061035156,84.4000015258789,67.65772247314453,849600,0.0,0.0,0.0
2013-09-24,84.41000366210938,84.41999816894531,84.37999725341797,84.41000366210938,67.66569519042969,674500,0.0,0.0,0.0
2013-09-25,84.41000366210938,84.44000244140625,84.38999938964844,84.44000244140625,67.6897201538086,1570500,0.0,0.0,0.0
2013-09-26,84.44999694824219,84.44999694824219,84.38999938964844,84.4000015258789,67.65772247314453,497100,0.0,0.0,0.0
2013-09-27,84.44000244140625,84.47000122070312,84.41999816894531,84.44999694824219,67.69774627685547,2082200,0.0,0.0,0.0
2013-09-30,84.43000030517578,84.47000122070312,84.43000030517578,84.47000122070312,67.71375274658203,1717500,0.0,0.0,0.0
2013-10-01,84.44000244140625,84.44999694824219,84.4000015258789,84.43000030517578,67.69612884521484,7696500,0.018,0.0,0.0
2013-10-02,84.44000244140625,84.45999908447266,84.43000030517578,84.44000244140625,67.70414733886719,1773800,0.0,0.0,0.0
2013-10-03,84.41999816894531,84.45999908447266,84.41999816894531,84.44000244140625,67.70414733886719,693200,0.0,0.0,0.0
2013-10-04,84.41999816894531,84.44000244140625,84.41000366210938,84.41000366210938,67.68011474609375,498600,0.0,0.0,0.0
2013-10-07,84.44000244140625,84.44000244140625,84.38999938964844,84.41000366210938,67.68011474609375,602100,0.0,0.0,0.0
2013-10-08,84.38999938964844,84.38999938964844,84.33000183105469,84.33999633789062,67.62400817871094,572200,0.0,0.0,0.0
2013-10-09,84.36000061035156,84.37999725341797,84.33000183105469,84.37000274658203,67.6480484008789,696200,0.0,0.0,0.0
2013-10-10,84.3499984741211,84.37000274658203,84.3499984741211,84.37000274658203,67.6480484008789,469700,0.0,0.0,0.0
2013-10-11,84.41000366210938,84.41999816894531,84.37000274658203,84.37000274658203,67.6480484008789,889600,0.0,0.0,0.0
2013-10-14,84.3499984741211,84.37000274658203,84.31999969482422,84.33999633789062,67.62400817871094,581200,0.0,0.0,0.0
2013-10-15,84.37000274658203,84.38999938964844,84.3499984741211,84.37000274658203,67.6480484008789,1396400,0.0,0.0,0.0
2013-10-16,84.37999725341797,84.41000366210938,84.33999633789062,84.4000015258789,67.6721420288086,785600,0.0,0.0,0.0
2013-10-17,84.44000244140625,84.44999694824219,84.41999816894531,84.43000030517578,67.69612884521484,1823500,0.0,0.0,0.0
2013-10-18,84.44000244140625,84.44999694824219,84.43000030517578,84.43000030517578,67.69612884521484,647100,0.0,0.0,0.0
2013-10-21,84.44000244140625,84.44999694824219,84.41999816894531,84.43000030517578,67.69612884521484,453700,0.0,0.0,0.0
2013-10-22,84.47000122070312,84.5,84.47000122070312,84.5,67.7522964477539,1274200,0.0,0.0,0.0
2013-10-23,84.5,84.5,84.47000122070312,84.47000122070312,67.72818756103516,1109600,0.0,0.0,0.0
2013-10-24,84.47000122070312,84.4800033569336,84.45999908447266,84.45999908447266,67.72020721435547,1312200,0.0,0.0,0.0
2013-10-25,84.4800033569336,84.5,84.45999908447266,84.4800033569336,67.73627471923828,1739300,0.0,0.0,0.0
2013-10-28,84.47000122070312,84.5,84.47000122070312,84.5,67.7522964477539,716400,0.0,0.0,0.0
2013-10-29,84.48999786376953,84.5,84.4800033569336,84.5,67.7522964477539,548500,0.0,0.0,0.0
2013-10-30,84.5,84.5199966430664,84.48999786376953,84.5,67.7522964477539,524500,0.0,0.0,0.0
2013-10-31,84.5,84.51000213623047,84.4800033569336,84.51000213623047,67.76030731201172,1532500,0.0,0.0,0.0
2013-11-01,84.47000122070312,84.4800033569336,84.45999908447266,84.45999908447266,67.73546600341797,1213600,0.019,0.0,0.0
2013-11-04,84.47000122070312,84.48999786376953,84.47000122070312,84.4800033569336,67.7514877319336,933500,0.0,0.0,0.0
2013-11-05,84.4800033569336,84.4800033569336,84.44999694824219,84.4800033569336,67.7514877319336,1523800,0.0,0.0,0.0
2013-11-06,84.5,84.5199966430664,84.48999786376953,84.5,67.76750946044922,1145400,0.0,0.0,0.0
2013-11-07,84.5199966430664,84.52999877929688,84.51000213623047,84.5199966430664,67.7835693359375,627300,0.0,0.0,0.0
2013-11-08,84.4800033569336,84.48999786376953,84.45999908447266,84.45999908447266,67.73546600341797,1591100,0.0,0.0,0.0
2013-11-11,84.44999694824219,84.4800033569336,84.44999694824219,84.4800033569336,67.7514877319336,257500,0.0,0.0,0.0
2013-11-12,84.44000244140625,84.47000122070312,84.44000244140625,84.45999908447266,67.73546600341797,1296400,0.0,0.0,0.0
2013-11-13,84.47000122070312,84.48999786376953,84.45999908447266,84.45999908447266,67.73546600341797,3394800,0.0,0.0,0.0
2013-11-14,84.48999786376953,84.5199966430664,84.4800033569336,84.51000213623047,67.77555084228516,470300,0.0,0.0,0.0
2013-11-15,84.52999877929688,84.52999877929688,84.51000213623047,84.51000213623047,67.77555084228516,544700,0.0,0.0,0.0
2013-11-18,84.52999877929688,84.55000305175781,84.51000213623047,84.55000305175781,67.8076171875,1592900,0.0,0.0,0.0
2013-11-19,84.5199966430664,84.54000091552734,84.5199966430664,84.5199966430664,67.7835693359375,729700,0.0,0.0,0.0
2013-11-20,84.54000091552734,84.56999969482422,84.5199966430664,84.52999877929688,67.79161071777344,862500,0.0,0.0,0.0
2013-11-21,84.54000091552734,84.56999969482422,84.52999877929688,84.56999969482422,67.82366943359375,490600,0.0,0.0,0.0
2013-11-22,84.55000305175781,84.55000305175781,84.52999877929688,84.55000305175781,67.8076171875,661800,0.0,0.0,0.0
2013-11-25,84.55000305175781,84.55000305175781,84.52999877929688,84.55000305175781,67.8076171875,462700,0.0,0.0,0.0
2013-11-26,84.52999877929688,84.55999755859375,84.52999877929688,84.55999755859375,67.81562805175781,505800,0.0,0.0,0.0
2013-11-27,84.55000305175781,84.55999755859375,84.54000091552734,84.55999755859375,67.81562805175781,449600,0.0,0.0,0.0
2013-11-29,84.51000213623047,84.56999969482422,84.51000213623047,84.56999969482422,67.82366943359375,627900,0.0,0.0,0.0
2013-12-02,84.44000244140625,84.54000091552734,84.44000244140625,84.5,67.78276824951172,2508400,0.019,0.0,0.0
2013-12-03,84.5199966430664,84.52999877929688,84.5199966430664,84.5199966430664,67.79875946044922,577400,0.0,0.0,0.0
2013-12-04,84.48999786376953,84.5199966430664,84.48999786376953,84.5,67.78276824951172,827700,0.0,0.0,0.0
2013-12-05,84.5,84.5199966430664,84.4800033569336,84.51000213623047,67.79075622558594,454600,0.0,0.0,0.0
2013-12-06,84.4800033569336,84.5,84.47000122070312,84.4800033569336,67.7667236328125,984900,0.0,0.0,0.0
2013-12-09,84.4800033569336,84.5,84.47000122070312,84.4800033569336,67.7667236328125,397300,0.0,0.0,0.0
2013-12-10,84.5,84.51000213623047,84.4800033569336,84.51000213623047,67.79075622558594,390100,0.0,0.0,0.0
2013-12-11,84.48999786376953,84.51000213623047,84.4800033569336,84.4800033569336,67.7667236328125,418400,0.0,0.0,0.0
2013-12-12,84.47000122070312,84.47000122070312,84.43000030517578,84.44999694824219,67.74259948730469,1247900,0.0,0.0,0.0
2013-12-13,84.45999908447266,84.47000122070312,84.44000244140625,84.47000122070312,67.75865936279297,445300,0.0,0.0,0.0
2013-12-16,84.44999694824219,84.4800033569336,84.44999694824219,84.47000122070312,67.75865936279297,724700,0.0,0.0,0.0
2013-12-17,84.47000122070312,84.48999786376953,84.45999908447266,84.48999786376953,67.77474975585938,826700,0.0,0.0,0.0
2013-12-18,84.47000122070312,84.5199966430664,84.45999908447266,84.48999786376953,67.77474975585938,1675600,0.0,0.0,0.0
2013-12-19,84.44000244140625,84.47000122070312,84.43000030517578,84.44000244140625,67.7346420288086,767900,0.0,0.0,0.0
2013-12-20,84.41000366210938,84.44999694824219,84.41000366210938,84.41000366210938,67.71054077148438,851000,0.0,0.0,0.0
2013-12-23,84.41999816894531,84.41999816894531,84.4000015258789,84.4000015258789,67.70247650146484,624400,0.0,0.0,0.0
2013-12-24,84.37999725341797,84.4000015258789,84.37000274658203,84.37000274658203,67.67843627929688,711000,0.0,0.0,0.0
2013-12-26,84.3499984741211,84.37000274658203,84.33999633789062,84.33999633789062,67.67125701904297,729000,0.021,0.0,0.0
2013-12-27,84.37999725341797,84.38999938964844,84.37000274658203,84.37999725341797,67.70336151123047,423700,0.0,0.0,0.0
2013-12-30,84.38999938964844,84.4000015258789,84.37999725341797,84.4000015258789,67.7193374633789,442900,0.0,0.0,0.0
2013-12-31,84.38999938964844,84.41000366210938,84.37999725341797,84.37999725341797,67.70336151123047,609800,0.0,0.0,0.0
2014-01-02,84.4000015258789,84.41999816894531,84.38999938964844,84.41999816894531,67.73551177978516,2412500,0.0,0.0,0.0
2014-01-03,84.38999938964844,84.41999816894531,84.37999725341797,84.38999938964844,67.71137237548828,1062700,0.0,0.0,0.0
2014-01-06,84.37999725341797,84.4000015258789,84.37999725341797,84.4000015258789,67.7193374633789,699500,0.0,0.0,0.0
2014-01-07,84.4000015258789,84.4000015258789,84.38999938964844,84.4000015258789,67.7193374633789,664900,0.0,0.0,0.0
2014-01-08,84.37000274658203,84.37000274658203,84.30999755859375,84.31999969482422,67.65520477294922,608600,0.0,0.0,0.0
2014-01-09,84.33999633789062,84.33999633789062,84.30999755859375,84.33999633789062,67.67125701904297,1121100,0.0,0.0,0.0
2014-01-10,84.38999938964844,84.43000030517578,84.37999725341797,84.41999816894531,67.73551177978516,491900,0.0,0.0,0.0
2014-01-13,84.43000030517578,84.45999908447266,84.43000030517578,84.44000244140625,67.75147247314453,1269200,0.0,0.0,0.0
2014-01-14,84.43000030517578,84.44999694824219,84.4000015258789,84.41999816894531,67.73551177978516,487000,0.0,0.0,0.0
2014-01-15,84.38999938964844,84.38999938964844,84.37000274658203,84.38999938964844,67.71137237548828,800100,0.0,0.0,0.0
2014-01-16,84.4000015258789,84.41000366210938,84.38999938964844,84.41000366210938,67.72740173339844,738600,0.0,0.0,0.0
2014-01-17,84.41999816894531,84.41999816894531,84.4000015258789,84.41000366210938,67.72740173339844,418300,0.0,0.0,0.0
2014-01-21,84.41999816894531,84.43000030517578,84.4000015258789,84.4000015258789,67.7193374633789,498600,0.0,0.0,0.0
2014-01-22,84.37000274658203,84.38999938964844,84.36000061035156,84.36000061035156,67.68730926513672,622700,0.0,0.0,0.0
2014-01-23,84.36000061035156,84.44999694824219,84.36000061035156,84.44000244140625,67.75147247314453,886600,0.0,0.0,0.0
2014-01-24,84.43000030517578,84.5,84.43000030517578,84.47000122070312,67.77555084228516,781200,0.0,0.0,0.0
2014-01-27,84.44999694824219,84.4800033569336,84.44000244140625,84.45999908447266,67.76753234863281,1166400,0.0,0.0,0.0
2014-01-28,84.47000122070312,84.4800033569336,84.44999694824219,84.45999908447266,67.76753234863281,645100,0.0,0.0,0.0
2014-01-29,84.48999786376953,84.5199966430664,84.4800033569336,84.5199966430664,67.815673828125,538500,0.0,0.0,0.0
2014-01-30,84.5,84.51000213623047,84.4800033569336,84.51000213623047,67.8076171875,579400,0.0,0.0,0.0
2014-01-31,84.54000091552734,84.55000305175781,84.5199966430664,84.55000305175781,67.83973693847656,939500,0.0,0.0,0.0
2014-02-03,84.51000213623047,84.58000183105469,84.48999786376953,84.55000305175781,67.85820007324219,54448200,0.023,0.0,0.0
2014-02-04,84.52999877929688,84.55999755859375,84.52999877929688,84.55999755859375,67.86621856689453,2357300,0.0,0.0,0.0
2014-02-05,84.52999877929688,84.55000305175781,84.5199966430664,84.5199966430664,67.83414459228516,3985300,0.0,0.0,0.0
2014-02-06,84.5199966430664,84.52999877929688,84.5,84.52999877929688,67.84214782714844,1420700,0.0,0.0,0.0
2014-02-07,84.5199966430664,84.55999755859375,84.5199966430664,84.55000305175781,67.85820007324219,1426700,0.0,0.0,0.0
2014-02-10,84.54000091552734,84.55000305175781,84.5199966430664,84.52999877929688,67.84214782714844,1571900,0.0,0.0,0.0
2014-02-11,84.5,84.51000213623047,84.48999786376953,84.51000213623047,67.82609558105469,1295500,0.0,0.0,0.0
2014-02-12,84.48999786376953,84.48999786376953,84.45999908447266,84.47000122070312,67.79401397705078,2196700,0.0,0.0,0.0
2014-02-13,84.5,84.54000091552734,84.44999694824219,84.5199966430664,67.83414459228516,1334300,0.0,0.0,0.0
2014-02-14,84.5199966430664,84.54000091552734,84.51000213623047,84.5199966430664,67.83414459228516,1279000,0.0,0.0,0.0
2014-02-18,84.52999877929688,84.56999969482422,84.52999877929688,84.55000305175781,67.85820007324219,1081300,0.0,0.0,0.0
2014-02-19,84.56999969482422,84.58000183105469,84.5199966430664,84.5199966430664,67.83414459228516,1357800,0.0,0.0,0.0
2014-02-20,84.5,84.52999877929688,84.5,84.52999877929688,67.84214782714844,1012600,0.0,0.0,0.0
2014-02-21,84.51000213623047,84.54000091552734,84.5,84.54000091552734,67.85015869140625,750300,0.0,0.0,0.0
2014-02-24,84.5199966430664,84.54000091552734,84.51000213623047,84.54000091552734,67.85015869140625,1647600,0.0,0.0,0.0
2014-02-25,84.52999877929688,84.55000305175781,84.5199966430664,84.52999877929688,67.84214782714844,666400,0.0,0.0,0.0
2014-02-26,84.52999877929688,84.58000183105469,84.52999877929688,84.56999969482422,67.87427520751953,2079600,0.0,0.0,0.0
2014-02-27,84.56999969482422,84.58000183105469,84.55999755859375,84.55999755859375,67.86621856689453,362600,0.0,0.0,0.0
2014-02-28,84.55000305175781,84.56999969482422,84.52999877929688,84.55999755859375,67.86621856689453,2360500,0.0,0.0,0.0
2014-03-03,84.55000305175781,84.58999633789062,84.55000305175781,84.58999633789062,67.90473937988281,2587200,0.018,0.0,0.0
2014-03-04,84.55000305175781,84.55000305175781,84.51000213623047,84.5199966430664,67.84858703613281,49419100,0.0,0.0,0.0
2014-03-05,84.5,84.55000305175781,84.48999786376953,84.55000305175781,67.87264251708984,2176200,0.0,0.0,0.0
2014-03-06,84.5,84.5199966430664,84.48999786376953,84.5,67.83250427246094,1044400,0.0,0.0,0.0
2014-03-07,84.44000244140625,84.4800033569336,84.44000244140625,84.44000244140625,67.78430938720703,807400,0.0,0.0,0.0
2014-03-10,84.43000030517578,84.47000122070312,84.43000030517578,84.44999694824219,67.79237365722656,450100,0.0,0.0,0.0
2014-03-11,84.45999908447266,84.47000122070312,84.44000244140625,84.44999694824219,67.79237365722656,337500,0.0,0.0,0.0
2014-03-12,84.48999786376953,84.48999786376953,84.47000122070312,84.4800033569336,67.81647491455078,342400,0.0,0.0,0.0
2014-03-13,84.44999694824219,84.52999877929688,84.43000030517578,84.52999877929688,67.85658264160156,2012000,0.0,0.0,0.0
2014-03-14,84.54000091552734,84.54000091552734,84.51000213623047,84.51000213623047,67.84054565429688,1035600,0.0,0.0,0.0
2014-03-17,84.5,84.51000213623047,84.47000122070312,84.4800033569336,67.81647491455078,659700,0.0,0.0,0.0
2014-03-18,84.48999786376953,84.51000213623047,84.4800033569336,84.5,67.83250427246094,317000,0.0,0.0,0.0
2014-03-19,84.48999786376953,84.51000213623047,84.33000183105469,84.36000061035156,67.72012329101562,567200,0.0,0.0,0.0
2014-03-20,84.36000061035156,84.37999725341797,84.3499984741211,84.37000274658203,67.72814178466797,826800,0.0,0.0,0.0
2014-03-21,84.37000274658203,84.38999938964844,84.3499984741211,84.37999725341797,67.73619079589844,452200,0.0,0.0,0.0
2014-03-24,84.30999755859375,84.36000061035156,84.30999755859375,84.33999633789062,67.70408630371094,1761600,0.0,0.0,0.0
2014-03-25,84.33999633789062,84.37999725341797,84.33999633789062,84.3499984741211,67.7120361328125,962000,0.0,0.0,0.0
2014-03-26,84.36000061035156,84.43000030517578,84.36000061035156,84.41000366210938,67.76026916503906,598400,0.0,0.0,0.0
2014-03-27,84.37999725341797,84.41999816894531,84.37999725341797,84.4000015258789,67.75226593017578,447800,0.0,0.0,0.0
2014-03-28,84.37000274658203,84.41000366210938,84.37000274658203,84.4000015258789,67.75226593017578,335900,0.0,0.0,0.0
2014-03-31,84.38999938964844,84.44999694824219,84.37999725341797,84.44999694824219,67.79237365722656,1502200,0.0,0.0,0.0
2014-04-01,84.4000015258789,84.41000366210938,84.37999725341797,84.37999725341797,67.75305938720703,4107900,0.021,0.0,0.0
2014-04-02,84.36000061035156,84.37000274658203,84.3499984741211,84.3499984741211,67.72891235351562,504800,0.0,0.0,0.0
2014-04-03,84.3499984741211,84.37999725341797,84.3499984741211,84.37000274658203,67.74498748779297,2637400,0.0,0.0,0.0
2014-04-04,84.41999816894531,84.44000244140625,84.4000015258789,84.44000244140625,67.80118560791016,726400,0.0,0.0,0.0
2014-04-07,84.44000244140625,84.47000122070312,84.44000244140625,84.44999694824219,67.80923461914062,423300,0.0,0.0,0.0
2014-04-08,84.45999908447266,84.47000122070312,84.44000244140625,84.45999908447266,67.81731414794922,455900,0.0,0.0,0.0
2014-04-09,84.44999694824219,84.5199966430664,84.41999816894531,84.5,67.84939575195312,939600,0.0,0.0,0.0
2014-04-10,84.5199966430664,84.55999755859375,84.51000213623047,84.55000305175781,67.8895492553711,731900,0.0,0.0,0.0
2014-04-11,84.55000305175781,84.55999755859375,84.52999877929688,84.54000091552734,67.88147735595703,2225800,0.0,0.0,0.0
2014-04-14,84.56999969482422,84.56999969482422,84.5,84.52999877929688,67.87347412109375,520300,0.0,0.0,0.0
2014-04-15,84.51000213623047,84.54000091552734,84.48999786376953,84.52999877929688,67.87347412109375,303500,0.0,0.0,0.0
2014-04-16,84.5,84.5199966430664,84.48999786376953,84.5,67.84939575195312,381100,0.0,0.0,0.0
2014-04-17,84.48999786376953,84.5,84.44999694824219,84.4800033569336,67.83332061767578,2592700,0.0,0.0,0.0
2014-04-21,84.45999908447266,84.4800033569336,84.44999694824219,84.4800033569336,67.83332061767578,592800,0.0,0.0,0.0
2014-04-22,84.45999908447266,84.47000122070312,84.44000244140625,84.44000244140625,67.80118560791016,543100,0.0,0.0,0.0
2014-04-23,84.4800033569336,84.5,84.47000122070312,84.4800033569336,67.83332061767578,553100,0.0,0.0,0.0
2014-04-24,84.44999694824219,84.48999786376953,84.44999694824219,84.45999908447266,67.81731414794922,979000,0.0,0.0,0.0
2014-04-25,84.4800033569336,84.5,84.47000122070312,84.47000122070312,67.8253173828125,270300,0.0,0.0,0.0
2014-04-28,84.47000122070312,84.5,84.47000122070312,84.47000122070312,67.8253173828125,280400,0.0,0.0,0.0
2014-04-29,84.4800033569336,84.4800033569336,84.45999908447266,84.45999908447266,67.81731414794922,401300,0.0,0.0,0.0
2014-04-30,84.5,84.5199966430664,84.5,84.5199966430664,67.86542510986328,484000,0.0,0.0,0.0
2014-05-01,84.4800033569336,84.5199966430664,84.4800033569336,84.5,67.86621856689453,1141100,0.021,0.0,0.0
2014-05-02,84.44999694824219,84.5,84.44000244140625,84.48999786376953,67.85821533203125,543100,0.0,0.0,0.0
2014-05-05,84.48999786376953,84.5,84.47000122070312,84.5,67.86621856689453,1540800,0.0,0.0,0.0
2014-05-06,84.47000122070312,84.4800033569336,84.45999908447266,84.47000122070312,67.84220123291016,432900,0.0,0.0,0.0
2014-05-07,84.45999908447266,84.5199966430664,84.45999908447266,84.5,67.86621856689453,645400,0.0,0.0,0.0
2014-05-08,84.5199966430664,84.55000305175781,84.5,84.5199966430664,67.88230895996094,729300,0.0,0.0,0.0
2014-05-09,84.47000122070312,84.55000305175781,84.47000122070312,84.55000305175781,67.90640258789062,361700,0.0,0.0,0.0
2014-05-12,84.51000213623047,84.55000305175781,84.51000213623047,84.52999877929688,67.89036560058594,1001200,0.0,0.0,0.0
2014-05-13,84.55999755859375,84.56999969482422,84.54000091552734,84.55999755859375,67.9144058227539,486500,0.0,0.0,0.0
2014-05-14,84.55999755859375,84.62000274658203,84.55999755859375,84.58999633789062,67.93851470947266,644600,0.0,0.0,0.0
2014-05-15,84.58999633789062,84.62000274658203,84.58000183105469,84.5999984741211,67.94658660888672,337200,0.0,0.0,0.0
2014-05-16,84.58999633789062,84.62000274658203,84.58999633789062,84.61000061035156,67.95462036132812,446600,0.0,0.0,0.0
2014-05-19,84.62000274658203,84.6500015258789,84.61000061035156,84.62999725341797,67.9706039428711,362200,0.0,0.0,0.0
2014-05-20,84.61000061035156,84.6500015258789,84.61000061035156,84.63999938964844,67.97867584228516,349900,0.0,0.0,0.0
2014-05-21,84.61000061035156,84.63999938964844,84.61000061035156,84.63999938964844,67.97867584228516,372800,0.0,0.0,0.0
2014-05-22,84.61000061035156,84.62999725341797,84.5999984741211,84.62000274658203,67.96261596679688,468300,0.0,0.0,0.0
2014-05-23,84.62999725341797,84.6500015258789,84.55999755859375,84.5999984741211,67.94658660888672,381500,0.0,0.0,0.0
2014-05-27,84.62999725341797,84.62999725341797,84.5999984741211,84.62000274658203,67.96261596679688,850200,0.0,0.0,0.0
2014-05-28,84.63999938964844,84.66999816894531,84.63999938964844,84.63999938964844,67.97867584228516,562000,0.0,0.0,0.0
2014-05-29,84.6500015258789,84.68000030517578,84.62999725341797,84.62999725341797,67.9706039428711,1651000,0.0,0.0,0.0
2014-05-30,84.62999725341797,84.66000366210938,84.62000274658203,84.6500015258789,67.98674011230469,895600,0.0,0.0,0.0
2014-06-02,84.5999984741211,84.61000061035156,84.55999755859375,84.56999969482422,67.94091796875,978100,0.023,0.0,0.0
2014-06-03,84.55999755859375,84.58000183105469,84.55000305175781,84.55000305175781,67.92486572265625,411200,0.0,0.0,0.0
2014-06-04,84.55999755859375,84.58000183105469,84.55000305175781,84.58000183105469,67.94896697998047,1034300,0.0,0.0,0.0
2014-06-05,84.55999755859375,84.5999984741211,84.55999755859375,84.58999633789062,67.95697784423828,1187800,0.0,0.0,0.0
2014-06-06,84.58000183105469,84.5999984741211,84.55000305175781,84.56999969482422,67.94091796875,733600,0.0,0.0,0.0
2014-06-09,84.5199966430664,84.54000091552734,84.51000213623047,84.51000213623047,67.89271545410156,586500,0.0,0.0,0.0
2014-06-10,84.66000366210938,84.66000366210938,84.48999786376953,84.48999786376953,67.87666320800781,662600,0.0,0.0,0.0
2014-06-11,84.51000213623047,84.5199966430664,84.5,84.5199966430664,67.9007797241211,288000,0.0,0.0,0.0
2014-06-12,84.5,84.55999755859375,84.5,84.55000305175781,67.92486572265625,1129200,0.0,0.0,0.0
2014-06-13,84.44999694824219,84.51000213623047,84.44999694824219,84.5,67.88467407226562,582100,0.0,0.0,0.0
2014-06-16,84.45999908447266,84.48999786376953,84.45999908447266,84.4800033569336,67.86861419677734,337700,0.0,0.0,0.0
2014-06-17,84.41999816894531,84.44999694824219,84.41000366210938,84.41000366210938,67.81237030029297,726900,0.0,0.0,0.0
2014-06-18,84.45999908447266,84.4800033569336,84.44000244140625,84.4800033569336,67.86861419677734,540100,0.0,0.0,0.0
2014-06-19,84.5,84.5,84.45999908447266,84.47000122070312,67.86060333251953,318700,0.0,0.0,0.0
2014-06-20,84.4800033569336,84.4800033569336,84.44000244140625,84.47000122070312,67.86060333251953,508700,0.0,0.0,0.0
2014-06-23,84.5,84.5,84.45999908447266,84.47000122070312,67.86060333251953,668600,0.0,0.0,0.0
2014-06-24,84.47000122070312,84.5,84.45999908447266,84.5,67.88467407226562,576000,0.0,0.0,0.0
2014-06-25,84.5,84.52999877929688,84.5,84.51000213623047,67.89271545410156,453700,0.0,0.0,0.0
2014-06-26,84.61000061035156,84.61000061035156,84.52999877929688,84.52999877929688,67.90880584716797,368700,0.0,0.0,0.0
2014-06-27,84.55999755859375,84.56999969482422,84.54000091552734,84.55000305175781,67.92486572265625,524900,0.0,0.0,0.0
2014-06-30,84.55000305175781,84.56999969482422,84.54000091552734,84.55999755859375,67.932861328125,1091800,0.0,0.0,0.0
2014-07-01,84.54000091552734,84.54000091552734,84.5,84.5,67.90475463867188,542700,0.025,0.0,0.0
2014-07-02,84.45999908447266,84.5,84.45999908447266,84.47000122070312,67.88066864013672,594300,0.0,0.0,0.0
2014-07-03,84.44000244140625,84.45999908447266,84.41999816894531,84.45999908447266,67.87264251708984,492600,0.0,0.0,0.0
2014-07-07,84.41000366210938,84.44000244140625,84.41000366210938,84.44000244140625,67.85650634765625,506100,0.0,0.0,0.0
2014-07-08,84.44999694824219,84.47000122070312,84.43000030517578,84.45999908447266,67.87264251708984,627700,0.0,0.0,0.0
2014-07-09,84.44000244140625,84.48999786376953,84.4000015258789,84.47000122070312,67.88066864013672,380900,0.0,0.0,0.0
2014-07-10,84.5,84.54000091552734,84.5,84.51000213623047,67.91276550292969,466100,0.0,0.0,0.0
2014-07-11,84.54000091552734,84.55000305175781,84.5199966430664,84.52999877929688,67.92889404296875,2614500,0.0,0.0,0.0
2014-07-14,84.5,84.52999877929688,84.5,84.5199966430664,67.92080688476562,672900,0.0,0.0,0.0
2014-07-15,84.5,84.55000305175781,84.47000122070312,84.4800033569336,67.88870239257812,435700,0.0,0.0,0.0
2014-07-16,84.48999786376953,84.5,84.45999908447266,84.47000122070312,67.88066864013672,426700,0.0,0.0,0.0
2014-07-17,84.5,84.54000091552734,84.4800033569336,84.54000091552734,67.9368896484375,2408500,0.0,0.0,0.0
2014-07-18,84.5,84.5199966430664,84.47000122070312,84.47000122070312,67.88066864013672,2316600,0.0,0.0,0.0
2014-07-21,84.5199966430664,84.5199966430664,84.47000122070312,84.4800033569336,67.88870239257812,2455200,0.0,0.0,0.0
2014-07-22,84.4800033569336,84.5,84.47000122070312,84.4800033569336,67.88870239257812,2456000,0.0,0.0,0.0
2014-07-23,84.5199966430664,84.5199966430664,84.5,84.51000213623047,67.91276550292969,478400,0.0,0.0,0.0
2014-07-24,84.47000122070312,84.48999786376953,84.45999908447266,84.4800033569336,67.88870239257812,221200,0.0,0.0,0.0
2014-07-25,84.48999786376953,84.5,84.47000122070312,84.48999786376953,67.8967056274414,2324500,0.0,0.0,0.0
2014-07-28,84.45999908447266,84.4800033569336,84.44999694824219,84.44999694824219,67.86454772949219,2286900,0.0,0.0,0.0
2014-07-29,84.45999908447266,84.47000122070312,84.44999694824219,84.47000122070312,67.88066864013672,255200,0.0,0.0,0.0
2014-07-30,84.43000030517578,84.43000030517578,84.37999725341797,84.43000030517578,67.8485336303711,1110200,0.0,0.0,0.0
2014-07-31,84.43000030517578,84.47000122070312,84.41000366210938,84.47000122070312,67.88066864013672,1446200,0.0,0.0,0.0
2014-08-01,84.47000122070312,84.55999755859375,84.47000122070312,84.55000305175781,67.96664428710938,19826500,0.027,0.0,0.0
2014-08-04,84.54000091552734,84.55999755859375,84.52999877929688,84.55000305175781,67.96664428710938,1419200,0.0,0.0,0.0
2014-08-05,84.5199966430664,84.56999969482422,84.5199966430664,84.55000305175781,67.96664428710938,1278200,0.0,0.0,0.0
2014-08-06,84.55999755859375,84.58999633789062,84.55000305175781,84.56999969482422,67.98274993896484,949900,0.0,0.0,0.0
2014-08-07,84.58000183105469,84.61000061035156,84.54000091552734,84.61000061035156,68.01493072509766,1129200,0.0,0.0,0.0
2014-08-08,84.5999984741211,84.62000274658203,84.55999755859375,84.55999755859375,67.97470092773438,500400,0.0,0.0,0.0
2014-08-11,84.58000183105469,84.58999633789062,84.55999755859375,84.55999755859375,67.97470092773438,1264700,0.0,0.0,0.0
2014-08-12,84.56999969482422,84.58999633789062,84.55000305175781,84.55999755859375,67.97470092773438,1587100,0.0,0.0,0.0
2014-08-13,84.62000274658203,84.62000274658203,84.58000183105469,84.5999984741211,68.00686645507812,708500,0.0,0.0,0.0
2014-08-14,84.56999969482422,84.63999938964844,84.56999969482422,84.62000274658203,68.02288818359375,975800,0.0,0.0,0.0
2014-08-15,84.58999633789062,84.68000030517578,84.58000183105469,84.62000274658203,68.02288818359375,911200,0.0,0.0,0.0
2014-08-18,84.56999969482422,84.62999725341797,84.56999969482422,84.62000274658203,68.02288818359375,721600,0.0,0.0,0.0
2014-08-19,84.62999725341797,84.62999725341797,84.5999984741211,84.62000274658203,68.02288818359375,1047000,0.0,0.0,0.0
2014-08-20,84.5999984741211,84.5999984741211,84.52999877929688,84.54000091552734,67.95862579345703,668300,0.0,0.0,0.0
2014-08-21,84.52999877929688,84.58000183105469,84.52999877929688,84.54000091552734,67.95862579345703,720300,0.0,0.0,0.0
2014-08-22,84.5199966430664,84.55999755859375,84.5,84.5199966430664,67.94253540039062,758700,0.0,0.0,0.0
2014-08-25,84.5,84.5199966430664,84.48999786376953,84.48999786376953,67.91839599609375,1146100,0.0,0.0,0.0
2014-08-26,84.5199966430664,84.52999877929688,84.5,84.5199966430664,67.94253540039062,372100,0.0,0.0,0.0
2014-08-27,84.52999877929688,84.55000305175781,84.52999877929688,84.54000091552734,67.95862579345703,473300,0.0,0.0,0.0
2014-08-28,84.52999877929688,84.56999969482422,84.52999877929688,84.55999755859375,67.97470092773438,459100,0.0,0.0,0.0
2014-08-29,84.55999755859375,84.5999984741211,84.55000305175781,84.5999984741211,68.00686645507812,515700,0.0,0.0,0.0
2014-09-02,84.54000091552734,84.55000305175781,84.5,84.5,67.94894409179688,13519800,0.028,0.0,0.0
2014-09-03,84.5,84.52999877929688,84.48999786376953,84.5199966430664,67.96502685546875,741300,0.0,0.0,0.0
2014-09-04,84.51000213623047,84.54000091552734,84.4800033569336,84.51000213623047,67.9570083618164,1702900,0.0,0.0,0.0
2014-09-05,84.54000091552734,84.55999755859375,84.52999877929688,84.54000091552734,67.98114776611328,422000,0.0,0.0,0.0
2014-09-08,84.54000091552734,84.55999755859375,84.48999786376953,84.48999786376953,67.94091796875,533300,0.0,0.0,0.0
2014-09-09,84.48999786376953,84.5,84.44000244140625,84.44000244140625,67.90074157714844,506900,0.0,0.0,0.0
2014-09-10,84.43000030517578,84.45999908447266,84.43000030517578,84.44999694824219,67.90876770019531,367900,0.0,0.0,0.0
2014-09-11,84.4800033569336,84.48999786376953,84.44999694824219,84.45999908447266,67.9167709350586,774800,0.0,0.0,0.0
2014-09-12,84.43000030517578,84.45999908447266,84.43000030517578,84.44000244140625,67.90074157714844,340600,0.0,0.0,0.0
2014-09-15,84.45999908447266,84.48999786376953,84.45999908447266,84.4800033569336,67.93286895751953,431000,0.0,0.0,0.0
2014-09-16,84.5,84.52999877929688,84.47000122070312,84.52999877929688,67.97309875488281,1624100,0.0,0.0,0.0
2014-09-17,84.47000122070312,84.58000183105469,84.43000030517578,84.44000244140625,67.90074157714844,541600,0.0,0.0,0.0
2014-09-18,84.41999816894531,84.44999694824219,84.41000366210938,84.44999694824219,67.90876770019531,419000,0.0,0.0,0.0
2014-09-19,84.43000030517578,84.45999908447266,84.41999816894531,84.44000244140625,67.90074157714844,425400,0.0,0.0,0.0
2014-09-22,84.47000122070312,84.5,84.45999908447266,84.5,67.94894409179688,332600,0.0,0.0,0.0
2014-09-23,84.4800033569336,84.5199966430664,84.4800033569336,84.5199966430664,67.96502685546875,745800,0.0,0.0,0.0
2014-09-24,84.5,84.5199966430664,84.4800033569336,84.48999786376953,67.94091796875,1455900,0.0,0.0,0.0
2014-09-25,84.4800033569336,84.55000305175781,84.4800033569336,84.55000305175781,67.98916625976562,892400,0.0,0.0,0.0
2014-09-26,84.52999877929688,84.52999877929688,84.4800033569336,84.51000213623047,67.9570083618164,1486300,0.0,0.0,0.0
2014-09-29,84.52999877929688,84.54000091552734,84.51000213623047,84.52999877929688,67.97309875488281,533200,0.0,0.0,0.0
2014-09-30,84.51000213623047,84.52999877929688,84.48999786376953,84.51000213623047,67.9570083618164,1508000,0.0,0.0,0.0
2014-10-01,84.55000305175781,84.5999984741211,84.52999877929688,84.56999969482422,68.02943420410156,20930800,0.03,0.0,0.0
2014-10-02,84.58000183105469,84.58999633789062,84.54000091552734,84.55999755859375,68.02135467529297,1828300,0.0,0.0,0.0
2014-10-03,84.51000213623047,84.5199966430664,84.47000122070312,84.4800033569336,67.95703125,2110100,0.0,0.0,0.0
2014-10-06,84.54000091552734,84.58000183105469,84.51000213623047,84.55999755859375,68.02135467529297,841300,0.0,0.0,0.0
2014-10-07,84.56999969482422,84.62000274658203,84.56999969482422,84.61000061035156,68.06160736083984,1333900,0.0,0.0,0.0
2014-10-08,84.5999984741211,84.70999908447266,84.58999633789062,84.69999694824219,68.13396453857422,1367200,0.0,0.0,0.0
2014-10-09,84.69000244140625,84.72000122070312,84.68000030517578,84.69999694824219,68.13396453857422,623000,0.0,0.0,0.0
2014-10-10,84.70999908447266,84.73999786376953,84.69000244140625,84.73999786376953,68.16616821289062,629300,0.0,0.0,0.0
2014-10-13,84.79000091552734,85.37000274658203,84.76000213623047,84.7699966430664,68.1902847290039,1239000,0.0,0.0,0.0
2014-10-14,84.80999755859375,84.83999633789062,84.79000091552734,84.81999969482422,68.23054504394531,2228800,0.0,0.0,0.0
2014-10-15,85.01000213623047,85.06999969482422,84.83000183105469,84.93000030517578,68.31903839111328,2526700,0.0,0.0,0.0
2014-10-16,84.94999694824219,84.95999908447266,84.86000061035156,84.87999725341797,68.27874755859375,27217300,0.0,0.0,0.0
2014-10-17,84.8499984741211,84.86000061035156,84.80999755859375,84.83000183105469,68.23855590820312,2035000,0.0,0.0,0.0
2014-10-20,84.83999633789062,84.87999725341797,84.83999633789062,84.87999725341797,68.27874755859375,1139800,0.0,0.0,0.0
2014-10-21,84.83999633789062,84.87999725341797,84.83999633789062,84.86000061035156,68.2626953125,1356700,0.0,0.0,0.0
2014-10-22,84.81999969482422,84.83999633789062,84.80999755859375,84.83999633789062,68.2466049194336,1814100,0.0,0.0,0.0
2014-10-23,84.79000091552734,84.81999969482422,84.77999877929688,84.80000305175781,68.21444702148438,1081500,0.0,0.0,0.0
2014-10-24,84.79000091552734,84.83000183105469,84.79000091552734,84.81999969482422,68.23054504394531,1171400,0.0,0.0,0.0
2014-10-27,84.80000305175781,84.83999633789062,84.80000305175781,84.81999969482422,68.23054504394531,919700,0.0,0.0,0.0
2014-10-28,84.81999969482422,84.83999633789062,84.79000091552734,84.80000305175781,68.21444702148438,738300,0.0,0.0,0.0
2014-10-29,84.79000091552734,84.80000305175781,84.69000244140625,84.69000244140625,68.12592315673828,1452200,0.0,0.0,0.0
2014-10-30,84.70999908447266,84.75,84.69999694824219,84.72000122070312,68.15003204345703,1485800,0.0,0.0,0.0
2014-10-31,84.68000030517578,84.72000122070312,84.68000030517578,84.69999694824219,68.13396453857422,1770200,0.0,0.0,0.0
2014-11-03,84.72000122070312,84.72000122070312,84.61000061035156,84.66000366210938,68.1251449584961,14207300,0.029,0.0,0.0
2014-11-04,84.62000274658203,84.66999816894531,84.58999633789062,84.6500015258789,68.11709594726562,1177700,0.0,0.0,0.0
2014-11-05,84.63999938964844,84.63999938964844,84.62000274658203,84.62999725341797,68.10095977783203,1289700,0.0,0.0,0.0
2014-11-06,84.61000061035156,84.63999938964844,84.5999984741211,84.61000061035156,68.08489227294922,815200,0.0,0.0,0.0
2014-11-07,84.6500015258789,84.69000244140625,84.62999725341797,84.66999816894531,68.13319396972656,1389000,0.0,0.0,0.0
2014-11-10,84.66999816894531,84.69000244140625,84.61000061035156,84.61000061035156,68.08489227294922,1381700,0.0,0.0,0.0
2014-11-11,84.58000183105469,84.70999908447266,84.56999969482422,84.5999984741211,68.07685852050781,580300,0.0,0.0,0.0
2014-11-12,84.62999725341797,84.66000366210938,84.61000061035156,84.62999725341797,68.10095977783203,894600,0.0,0.0,0.0
2014-11-13,84.62999725341797,84.66000366210938,84.62999725341797,84.6500015258789,68.11709594726562,746300,0.0,0.0,0.0
2014-11-14,84.63999938964844,84.69000244140625,84.61000061035156,84.69000244140625,68.14924621582031,1064400,0.0,0.0,0.0
2014-11-17,84.66999816894531,84.69000244140625,84.66000366210938,84.68000030517578,68.14124298095703,850000,0.0,0.0,0.0
2014-11-18,84.69000244140625,84.69000244140625,84.66000366210938,84.66999816894531,68.13319396972656,23372000,0.0,0.0,0.0
2014-11-19,84.62999725341797,84.69999694824219,84.62999725341797,84.66000366210938,68.1251449584961,962000,0.0,0.0,0.0
2014-11-20,84.69999694824219,84.70999908447266,84.66000366210938,84.68000030517578,68.14124298095703,723600,0.0,0.0,0.0
2014-11-21,84.70999908447266,84.72000122070312,84.69000244140625,84.69999694824219,68.15727996826172,1048700,0.0,0.0,0.0
2014-11-24,84.66000366210938,84.70999908447266,84.66000366210938,84.70999908447266,68.16539001464844,1582100,0.0,0.0,0.0
2014-11-25,84.69999694824219,84.73999786376953,84.69000244140625,84.72000122070312,68.17340087890625,472700,0.0,0.0,0.0
2014-11-26,84.72000122070312,84.76000213623047,84.72000122070312,84.7300033569336,68.18146514892578,840000,0.0,0.0,0.0
2014-11-28,84.77999877929688,84.77999877929688,84.75,84.76000213623047,68.20555877685547,319700,0.0,0.0,0.0
2014-12-01,84.79000091552734,84.80999755859375,84.7300033569336,84.7300033569336,68.20475006103516,2475900,0.029,0.0,0.0
2014-12-02,84.70999908447266,84.70999908447266,84.66000366210938,84.68000030517578,68.16455078125,825300,0.0,0.0,0.0
2014-12-03,84.66999816894531,84.66999816894531,84.62999725341797,84.63999938964844,68.13238525390625,782100,0.0,0.0,0.0
2014-12-04,84.66000366210938,84.69000244140625,84.6500015258789,84.69000244140625,68.17257690429688,901400,0.0,0.0,0.0
2014-12-05,84.52999877929688,84.56999969482422,84.51000213623047,84.52999877929688,68.04379272460938,494200,0.0,0.0,0.0
2014-12-08,84.51000213623047,84.54000091552734,84.48999786376953,84.5199966430664,68.03572082519531,427400,0.0,0.0,0.0
2014-12-09,84.58000183105469,84.61000061035156,84.54000091552734,84.55000305175781,68.0599136352539,545000,0.0,0.0,0.0
2014-12-10,84.54000091552734,84.63999938964844,84.54000091552734,84.62000274658203,68.1162109375,734300,0.0,0.0,0.0
2014-12-11,84.5999984741211,84.5999984741211,84.55999755859375,84.58000183105469,68.08406066894531,678900,0.0,0.0,0.0
2014-12-12,84.6500015258789,84.72000122070312,84.62000274658203,84.66000366210938,68.14846801757812,942700,0.0,0.0,0.0
2014-12-15,84.62999725341797,84.66000366210938,84.58999633789062,84.5999984741211,68.10016632080078,1662100,0.0,0.0,0.0
2014-12-16,84.66999816894531,84.69000244140625,84.62000274658203,84.6500015258789,68.14044189453125,1239500,0.0,0.0,0.0
2014-12-17,84.62999725341797,84.72000122070312,84.51000213623047,84.56999969482422,68.07601928710938,966900,0.0,0.0,0.0
2014-12-18,84.48999786376953,84.52999877929688,84.48999786376953,84.5199966430664,68.03572082519531,1009100,0.0,0.0,0.0
2014-12-19,84.55999755859375,84.55999755859375,84.45999908447266,84.45999908447266,67.98745727539062,785100,0.0,0.0,0.0
2014-12-22,84.45999908447266,84.5,84.45999908447266,84.4800033569336,68.00353240966797,680300,0.0,0.0,0.0
2014-12-23,84.47000122070312,84.47000122070312,84.38999938964844,84.38999938964844,67.93106079101562,1083500,0.0,0.0,0.0
2014-12-24,84.36000061035156,84.44000244140625,84.3499984741211,84.4000015258789,67.96572875976562,958700,0.033,0.0,0.0
2014-12-26,84.3499984741211,84.4000015258789,84.3499984741211,84.37000274658203,67.94158172607422,414300,0.0,0.0,0.0
2014-12-29,84.43000030517578,84.45999908447266,84.43000030517578,84.44999694824219,68.00599670410156,749500,0.0,0.0,0.0
2014-12-30,84.48999786376953,84.51000213623047,84.45999908447266,84.4800033569336,68.03015899658203,665900,0.0,0.0,0.0
2014-12-31,84.47000122070312,84.5199966430664,84.44999694824219,84.44999694824219,68.00599670410156,724100,0.0,0.0,0.0
2015-01-02,84.48999786376953,84.54000091552734,84.47000122070312,84.54000091552734,68.07847595214844,1735400,0.0,0.0,0.0
2015-01-05,84.47000122070312,84.55000305175781,84.47000122070312,84.54000091552734,68.07847595214844,1214300,0.0,0.0,0.0
2015-01-06,84.55999755859375,84.68000030517578,84.55999755859375,84.58000183105469,68.11071014404297,959400,0.0,0.0,0.0
2015-01-07,84.58999633789062,84.62999725341797,84.56999969482422,84.62000274658203,68.1428451538086,768800,0.0,0.0,0.0
2015-01-08,84.61000061035156,84.63999938964844,84.58999633789062,84.61000061035156,68.13484191894531,862500,0.0,0.0,0.0
2015-01-09,84.66999816894531,84.7300033569336,84.66999816894531,84.68000030517578,68.19122314453125,422200,0.0,0.0,0.0
2015-01-12,84.7300033569336,84.75,84.69999694824219,84.7300033569336,68.2314682006836,641700,0.0,0.0,0.0
2015-01-13,84.73999786376953,84.79000091552734,84.70999908447266,84.77999877929688,68.27169799804688,525600,0.0,0.0,0.0
2015-01-14,84.8499984741211,84.87999725341797,84.83000183105469,84.83000183105469,68.31200408935547,690800,0.0,0.0,0.0
2015-01-15,84.8499984741211,84.95999908447266,84.83999633789062,84.95999908447266,68.41667175292969,577900,0.0,0.0,0.0
2015-01-16,84.93000030517578,84.93000030517578,84.86000061035156,84.87999725341797,68.35231018066406,756300,0.0,0.0,0.0
2015-01-20,84.87000274658203,84.91000366210938,84.83999633789062,84.83999633789062,68.32005310058594,696000,0.0,0.0,0.0
2015-01-21,84.83000183105469,84.88999938964844,84.81999969482422,84.83999633789062,68.32005310058594,606400,0.0,0.0,0.0
2015-01-22,84.87000274658203,84.87000274658203,84.77999877929688,84.80999755859375,68.2958755493164,588900,0.0,0.0,0.0
2015-01-23,84.83000183105469,84.86000061035156,84.80999755859375,84.8499984741211,68.32808685302734,1089900,0.0,0.0,0.0
2015-01-26,84.83000183105469,84.8499984741211,84.79000091552734,84.80000305175781,68.28785705566406,1576400,0.0,0.0,0.0
2015-01-27,84.86000061035156,84.87999725341797,84.81999969482422,84.8499984741211,68.32808685302734,414900,0.0,0.0,0.0
2015-01-28,84.83000183105469,84.91999816894531,84.81999969482422,84.91000366210938,68.37639617919922,743900,0.0,0.0,0.0
2015-01-29,84.87999725341797,84.87999725341797,84.83000183105469,84.87999725341797,68.35231018066406,516100,0.0,0.0,0.0
2015-01-30,84.94000244140625,84.9800033569336,84.87000274658203,84.9800033569336,68.43280792236328,474400,0.0,0.0,0.0
2015-02-02,84.94000244140625,84.94999694824219,84.87999725341797,84.91999816894531,68.41107177734375,1883800,0.033,0.0,0.0
2015-02-03,84.88999938964844,84.88999938964844,84.83000183105469,84.8499984741211,68.35466003417969,1015000,0.0,0.0,0.0
2015-02-04,84.81999969482422,84.87999725341797,84.79000091552734,84.86000061035156,68.36267852783203,798200,0.0,0.0,0.0
2015-02-05,84.8499984741211,84.8499984741211,84.80999755859375,84.83000183105469,68.33856964111328,428400,0.0,0.0,0.0
2015-02-06,84.69999694824219,84.69999694824219,84.61000061035156,84.62999725341797,68.1773910522461,774300,0.0,0.0,0.0
2015-02-09,84.6500015258789,84.6500015258789,84.61000061035156,84.62000274658203,68.16932678222656,1616200,0.0,0.0,0.0
2015-02-10,84.62999725341797,84.62999725341797,84.58999633789062,84.5999984741211,68.15325164794922,1194500,0.0,0.0,0.0
2015-02-11,84.62999725341797,84.62999725341797,84.5999984741211,84.61000061035156,68.16131591796875,840500,0.0,0.0,0.0
2015-02-12,84.63999938964844,84.68000030517578,84.62000274658203,84.63999938964844,68.18547058105469,1036300,0.0,0.0,0.0
2015-02-13,84.66000366210938,84.69000244140625,84.63999938964844,84.63999938964844,68.18547058105469,1118600,0.0,0.0,0.0
2015-02-17,84.62000274658203,84.66000366210938,84.56999969482422,84.5999984741211,68.15325164794922,562400,0.0,0.0,0.0
2015-02-18,84.62000274658203,84.7300033569336,84.58999633789062,84.69999694824219,68.2337875366211,998400,0.0,0.0,0.0
2015-02-19,84.6500015258789,84.72000122070312,84.63999938964844,84.6500015258789,68.19353485107422,744000,0.0,0.0,0.0
2015-02-20,84.69999694824219,84.72000122070312,84.61000061035156,84.63999938964844,68.18547058105469,415200,0.0,0.0,0.0
2015-02-23,84.66999816894531,84.69000244140625,84.63999938964844,84.68000030517578,68.21773529052734,715500,0.0,0.0,0.0
2015-02-24,84.66999816894531,84.76000213623047,84.62000274658203,84.75,68.27405548095703,482800,0.0,0.0,0.0
2015-02-25,84.70999908447266,84.75,84.70999908447266,84.75,68.27405548095703,485300,0.0,0.0,0.0
2015-02-26,84.68000030517578,84.70999908447266,84.6500015258789,84.66999816894531,68.20964813232422,530600,0.0,0.0,0.0
2015-02-27,84.70999908447266,84.72000122070312,84.66999816894531,84.69999694824219,68.2337875366211,3103100,0.0,0.0,0.0
2015-03-02,84.63999938964844,84.66000366210938,84.5999984741211,84.5999984741211,68.1781997680664,3233200,0.031,0.0,0.0
2015-03-03,84.5999984741211,84.62000274658203,84.56999969482422,84.58000183105469,68.16210174560547,1288800,0.0,0.0,0.0
2015-03-04,84.61000061035156,84.62999725341797,84.58000183105469,84.5999984741211,68.1781997680664,572900,0.0,0.0,0.0
2015-03-05,84.63999938964844,84.66000366210938,84.61000061035156,84.62999725341797,68.20236206054688,386800,0.0,0.0,0.0
2015-03-06,84.51000213623047,84.55999755859375,84.5,84.54000091552734,68.1298599243164,503300,0.0,0.0,0.0
2015-03-09,84.54000091552734,84.58000183105469,84.52999877929688,84.58000183105469,68.16210174560547,367200,0.0,0.0,0.0
2015-03-10,84.62999725341797,84.62999725341797,84.56999969482422,84.5999984741211,68.1781997680664,1039600,0.0,0.0,0.0
2015-03-11,84.5999984741211,84.62000274658203,84.56999969482422,84.5999984741211,68.1781997680664,607500,0.0,0.0,0.0
2015-03-12,84.63999938964844,84.66999816894531,84.5999984741211,84.62000274658203,68.19428253173828,1158100,0.0,0.0,0.0
2015-03-13,84.61000061035156,84.66999816894531,84.61000061035156,84.62999725341797,68.20236206054688,436500,0.0,0.0,0.0
2015-03-16,84.63999938964844,84.68000030517578,84.62999725341797,84.63999938964844,68.21045684814453,934000,0.0,0.0,0.0
2015-03-17,84.66999816894531,84.66999816894531,84.62000274658203,84.62000274658203,68.19428253173828,1255600,0.0,0.0,0.0
2015-03-18,84.62000274658203,84.83000183105469,84.58000183105469,84.81999969482422,68.3555679321289,873500,0.0,0.0,0.0
2015-03-19,84.75,84.77999877929688,84.69999694824219,84.70999908447266,68.266845703125,351000,0.0,0.0,0.0
2015-03-20,84.77999877929688,84.79000091552734,84.75,84.7699966430664,68.31524658203125,721900,0.0,0.0,0.0
2015-03-23,84.77999877929688,84.80999755859375,84.75,84.80000305175781,68.3393783569336,683900,0.0,0.0,0.0
2015-03-24,84.80000305175781,84.83000183105469,84.7699966430664,84.83000183105469,68.36360168457031,535900,0.0,0.0,0.0
2015-03-25,84.83000183105469,84.83999633789062,84.77999877929688,84.80999755859375,68.3474349975586,932000,0.0,0.0,0.0
2015-03-26,84.77999877929688,84.77999877929688,84.7300033569336,84.7699966430664,68.31524658203125,963400,0.0,0.0,0.0
2015-03-27,84.79000091552734,84.83000183105469,84.79000091552734,84.81999969482422,68.3555679321289,595300,0.0,0.0,0.0
2015-03-30,84.83000183105469,84.83999633789062,84.80000305175781,84.80999755859375,68.3474349975586,793600,0.0,0.0,0.0
2015-03-31,84.83000183105469,84.87999725341797,84.81999969482422,84.87999725341797,68.40389251708984,1035200,0.0,0.0,0.0
2015-04-01,84.83999633789062,84.87999725341797,84.83999633789062,84.87999725341797,68.43372344970703,2228700,0.037,0.0,0.0
2015-04-02,84.87999725341797,84.87999725341797,84.83000183105469,84.87000274658203,68.4256362915039,643500,0.0,0.0,0.0
2015-04-06,84.9800033569336,84.9800033569336,84.91000366210938,84.94000244140625,68.48204040527344,1162400,0.0,0.0,0.0
2015-04-07,84.87999725341797,84.9000015258789,84.87999725341797,84.87999725341797,68.43372344970703,544500,0.0,0.0,0.0
2015-04-08,84.88999938964844,84.9000015258789,84.83999633789062,84.87999725341797,68.43372344970703,1086800,0.0,0.0,0.0
2015-04-09,84.86000061035156,84.87000274658203,84.83999633789062,84.8499984741211,68.40948486328125,459000,0.0,0.0,0.0
2015-04-10,84.86000061035156,84.87000274658203,84.83000183105469,84.83000183105469,68.39341735839844,614400,0.0,0.0,0.0
2015-04-13,84.83000183105469,84.87999725341797,84.83000183105469,84.87999725341797,68.43372344970703,754400,0.0,0.0,0.0
2015-04-14,84.9000015258789,84.94000244140625,84.88999938964844,84.91999816894531,68.46595764160156,449200,0.0,0.0,0.0
2015-04-15,84.91000366210938,84.93000030517578,84.9000015258789,84.91999816894531,68.46595764160156,772200,0.0,0.0,0.0
2015-04-16,84.94000244140625,84.97000122070312,84.9000015258789,84.95999908447266,68.4981918334961,11419400,0.0,0.0,0.0
2015-04-17,84.91000366210938,84.94999694824219,84.91000366210938,84.91999816894531,68.46595764160156,727200,0.0,0.0,0.0
2015-04-20,84.9000015258789,84.93000030517578,84.87999725341797,84.91000366210938,68.45785522460938,460900,0.0,0.0,0.0
2015-04-21,84.86000061035156,84.91999816894531,84.86000061035156,84.91999816894531,68.46595764160156,565700,0.0,0.0,0.0
2015-04-22,84.87000274658203,84.88999938964844,84.8499984741211,84.8499984741211,68.40948486328125,582200,0.0,0.0,0.0
2015-04-23,84.86000061035156,84.88999938964844,84.86000061035156,84.88999938964844,68.44168853759766,561700,0.0,0.0,0.0
2015-04-24,84.91999816894531,84.93000030517578,84.9000015258789,84.91999816894531,68.46595764160156,405800,0.0,0.0,0.0
2015-04-27,84.91999816894531,84.91999816894531,84.88999938964844,84.91000366210938,68.45785522460938,439300,0.0,0.0,0.0
2015-04-28,84.87000274658203,84.91000366210938,84.87000274658203,84.87000274658203,68.4256362915039,506400,0.0,0.0,0.0
2015-04-29,84.8499984741211,84.87999725341797,84.83000183105469,84.87999725341797,68.43372344970703,461400,0.0,0.0,0.0
2015-04-30,84.83999633789062,84.87999725341797,84.80000305175781,84.87000274658203,68.4256362915039,746800,0.0,0.0,0.0
2015-05-01,84.80000305175781,84.81999969482422,84.77999877929688,84.80000305175781,68.39740753173828,1996300,0.035,0.0,0.0
2015-05-04,84.79000091552734,84.81999969482422,84.7699966430664,84.80000305175781,68.39740753173828,535700,0.0,0.0,0.0
2015-05-05,84.77999877929688,84.81999969482422,84.73999786376953,84.77999877929688,68.38124084472656,8800900,0.0,0.0,0.0
2015-05-06,84.75,84.7699966430664,84.72000122070312,84.75,68.35704803466797,1583000,0.0,0.0,0.0
2015-05-07,84.75,84.76000213623047,84.72000122070312,84.72000122070312,68.33284759521484,909500,0.0,0.0,0.0
2015-05-08,84.83999633789062,84.86000061035156,84.81999969482422,84.83999633789062,68.42964935302734,855400,0.0,0.0,0.0
2015-05-11,84.81999969482422,84.83000183105469,84.76000213623047,84.76000213623047,68.36514282226562,2438600,0.0,0.0,0.0
2015-05-12,84.77999877929688,84.80000305175781,84.75,84.7699966430664,68.37322235107422,497600,0.0,0.0,0.0
2015-05-13,84.83000183105469,84.86000061035156,84.80000305175781,84.80999755859375,68.40545654296875,670900,0.0,0.0,0.0
2015-05-14,84.8499984741211,84.88999938964844,84.8499984741211,84.88999938964844,68.4699478149414,992800,0.0,0.0,0.0
2015-05-15,84.8499984741211,84.91000366210938,84.8499984741211,84.88999938964844,68.4699478149414,599200,0.0,0.0,0.0
2015-05-18,84.87000274658203,84.88999938964844,84.81999969482422,84.83999633789062,68.42964935302734,5576400,0.0,0.0,0.0
2015-05-19,84.77999877929688,84.81999969482422,84.7699966430664,84.79000091552734,68.38932800292969,544600,0.0,0.0,0.0
2015-05-20,84.80999755859375,84.83000183105469,84.79000091552734,84.81999969482422,68.41355895996094,541600,0.0,0.0,0.0
2015-05-21,84.81999969482422,84.86000061035156,84.80999755859375,84.8499984741211,68.43769073486328,677900,0.0,0.0,0.0
2015-05-22,84.80000305175781,84.81999969482422,84.77999877929688,84.79000091552734,68.38932800292969,530500,0.0,0.0,0.0
2015-05-26,84.76000213623047,84.81999969482422,84.76000213623047,84.80000305175781,68.39740753173828,634000,0.0,0.0,0.0
2015-05-27,84.77999877929688,84.81999969482422,84.7699966430664,84.80999755859375,68.40545654296875,597100,0.0,0.0,0.0
2015-05-28,84.80999755859375,84.86000061035156,84.80999755859375,84.8499984741211,68.43769073486328,888200,0.0,0.0,0.0
2015-05-29,84.83999633789062,84.88999938964844,84.83999633789062,84.87000274658203,68.45384979248047,565900,0.0,0.0,0.0
2015-06-01,84.86000061035156,84.86000061035156,84.76000213623047,84.77999877929688,68.41107177734375,8556400,0.037,0.0,0.0
2015-06-02,84.73999786376953,84.7699966430664,84.73999786376953,84.7699966430664,68.40306854248047,715300,0.0,0.0,0.0
2015-06-03,84.72000122070312,84.73999786376953,84.70999908447266,84.73999786376953,68.37877655029297,1359800,0.0,0.0,0.0
2015-06-04,84.75,84.7699966430664,84.72000122070312,84.75,68.3868637084961,934300,0.0,0.0,0.0
2015-06-05,84.62999725341797,84.69000244140625,84.62999725341797,84.66999816894531,68.32229614257812,599300,0.0,0.0,0.0
2015-06-08,84.68000030517578,84.72000122070312,84.68000030517578,84.72000122070312,68.36267852783203,985400,0.0,0.0,0.0
2015-06-09,84.70999908447266,84.70999908447266,84.66000366210938,84.68000030517578,68.33039855957031,1189700,0.0,0.0,0.0
2015-06-10,84.66999816894531,84.66999816894531,84.63999938964844,84.66000366210938,68.31426239013672,817100,0.0,0.0,0.0
2015-06-11,84.66000366210938,84.68000030517578,84.62999725341797,84.68000030517578,68.33039855957031,938600,0.0,0.0,0.0
2015-06-12,84.63999938964844,84.69000244140625,84.63999938964844,84.66000366210938,68.31426239013672,398900,0.0,0.0,0.0
2015-06-15,84.70999908447266,84.7300033569336,84.69000244140625,84.69999694824219,68.3465347290039,542700,0.0,0.0,0.0
2015-06-16,84.69999694824219,84.7300033569336,84.69999694824219,84.7300033569336,68.3707275390625,6452900,0.0,0.0,0.0
2015-06-17,84.68000030517578,84.79000091552734,84.58999633789062,84.79000091552734,68.41912841796875,2940900,0.0,0.0,0.0
2015-06-18,84.7699966430664,84.80999755859375,84.75,84.80999755859375,68.43526458740234,625900,0.0,0.0,0.0
2015-06-19,84.83999633789062,84.8499984741211,84.81999969482422,84.83000183105469,68.45146179199219,397700,0.0,0.0,0.0
2015-06-22,84.80000305175781,84.80000305175781,84.76000213623047,84.7699966430664,68.40306854248047,438100,0.0,0.0,0.0
2015-06-23,84.72000122070312,84.7699966430664,84.72000122070312,84.75,68.3868637084961,495300,0.0,0.0,0.0
2015-06-24,84.76000213623047,84.79000091552734,84.7300033569336,84.79000091552734,68.41912841796875,681800,0.0,0.0,0.0
2015-06-25,84.75,84.77999877929688,84.7300033569336,84.7699966430664,68.40306854248047,461900,0.0,0.0,0.0
2015-06-26,84.72000122070312,84.75,84.72000122070312,84.72000122070312,68.36267852783203,476600,0.0,0.0,0.0
2015-06-29,84.83000183105469,84.87000274658203,84.79000091552734,84.86000061035156,68.4756088256836,895700,0.0,0.0,0.0
2015-06-30,84.83999633789062,84.88999938964844,84.83000183105469,84.86000061035156,68.4756088256836,3121300,0.0,0.0,0.0
2015-07-01,84.76000213623047,84.77999877929688,84.73999786376953,84.75,68.4175033569336,11473000,0.038,0.0,0.0
2015-07-02,84.8499984741211,84.87999725341797,84.80000305175781,84.87999725341797,68.52245330810547,2175100,0.0,0.0,0.0
2015-07-06,84.9000015258789,84.91999816894531,84.86000061035156,84.9000015258789,68.53862762451172,1088300,0.0,0.0,0.0
2015-07-07,84.94999694824219,84.9800033569336,84.88999938964844,84.88999938964844,68.53053283691406,2665300,0.0,0.0,0.0
2015-07-08,84.91999816894531,84.98999786376953,84.91000366210938,84.9800033569336,68.60321807861328,1628600,0.0,0.0,0.0
2015-07-09,84.93000030517578,84.94000244140625,84.9000015258789,84.91999816894531,68.55473327636719,1995800,0.0,0.0,0.0
2015-07-10,84.86000061035156,84.87999725341797,84.80999755859375,84.83999633789062,68.49018096923828,1999200,0.0,0.0,0.0
2015-07-13,84.79000091552734,84.80000305175781,84.7699966430664,84.80000305175781,68.4578857421875,856700,0.0,0.0,0.0
2015-07-14,84.81999969482422,84.83999633789062,84.81999969482422,84.83999633789062,68.49018096923828,1062100,0.0,0.0,0.0
2015-07-15,84.81999969482422,84.87000274658203,84.79000091552734,84.87000274658203,68.5143814086914,1068800,0.0,0.0,0.0
2015-07-16,84.7699966430664,84.83000183105469,84.7699966430664,84.83000183105469,68.48213195800781,5841900,0.0,0.0,0.0
2015-07-17,84.77999877929688,84.81999969482422,84.77999877929688,84.80999755859375,68.46592712402344,934900,0.0,0.0,0.0
2015-07-20,84.75,84.7699966430664,84.73999786376953,84.76000213623047,68.42559814453125,1104900,0.0,0.0,0.0
2015-07-21,84.7300033569336,84.80000305175781,84.7300033569336,84.7699966430664,68.4337158203125,653400,0.0,0.0,0.0
2015-07-22,84.76000213623047,84.7699966430664,84.73999786376953,84.76000213623047,68.42559814453125,760400,0.0,0.0,0.0
2015-07-23,84.70999908447266,84.77999877929688,84.70999908447266,84.7699966430664,68.4337158203125,854200,0.0,0.0,0.0
2015-07-24,84.7699966430664,84.83000183105469,84.76000213623047,84.79000091552734,68.44978332519531,810500,0.0,0.0,0.0
2015-07-27,84.86000061035156,84.87000274658203,84.83000183105469,84.8499984741211,68.49822235107422,4482800,0.0,0.0,0.0
2015-07-28,84.83000183105469,84.8499984741211,84.80999755859375,84.83000183105469,68.48213195800781,2113800,0.0,0.0,0.0
2015-07-29,84.81999969482422,84.8499984741211,84.79000091552734,84.80999755859375,68.46592712402344,1590900,0.0,0.0,0.0
2015-07-30,84.7699966430664,84.79000091552734,84.75,84.7699966430664,68.4337158203125,581400,0.0,0.0,0.0
2015-07-31,84.86000061035156,84.87999725341797,84.83999633789062,84.86000061035156,68.50630187988281,4190600,0.0,0.0,0.0
2015-08-03,84.79000091552734,84.86000061035156,84.79000091552734,84.8499984741211,68.52894592285156,5562900,0.038,0.0,0.0
2015-08-04,84.80000305175781,84.81999969482422,84.72000122070312,84.72000122070312,68.42398834228516,1228800,0.0,0.0,0.0
2015-08-05,84.70999908447266,84.7300033569336,84.68000030517578,84.7300033569336,68.4320297241211,1825600,0.0,0.0,0.0
2015-08-06,84.73999786376953,84.7699966430664,84.7300033569336,84.75,68.44811248779297,1132300,0.0,0.0,0.0
2015-08-07,84.69999694824219,84.75,84.69000244140625,84.70999908447266,68.41584014892578,934300,0.0,0.0,0.0
2015-08-10,84.70999908447266,84.7300033569336,84.69999694824219,84.70999908447266,68.41584014892578,1397700,0.0,0.0,0.0
2015-08-11,84.81999969482422,84.83000183105469,84.79000091552734,84.81999969482422,68.50467681884766,1889400,0.0,0.0,0.0
2015-08-12,84.83999633789062,84.87999725341797,84.80000305175781,84.81999969482422,68.50467681884766,1508300,0.0,0.0,0.0
2015-08-13,84.77999877929688,84.80000305175781,84.73999786376953,84.75,68.44811248779297,537000,0.0,0.0,0.0
2015-08-14,84.70999908447266,84.75,84.70999908447266,84.70999908447266,68.41584014892578,837600,0.0,0.0,0.0
2015-08-17,84.75,84.77999877929688,84.75,84.76000213623047,68.45626068115234,646700,0.0,0.0,0.0
2015-08-18,84.73999786376953,84.76000213623047,84.72000122070312,84.75,68.44811248779297,466300,0.0,0.0,0.0
2015-08-19,84.73999786376953,84.83999633789062,84.70999908447266,84.83000183105469,68.51278686523438,960600,0.0,0.0,0.0
2015-08-20,84.83999633789062,84.83999633789062,84.80000305175781,84.80000305175781,68.48855590820312,5879000,0.0,0.0,0.0
2015-08-21,84.8499984741211,84.9000015258789,84.83000183105469,84.88999938964844,68.56122589111328,2062900,0.0,0.0,0.0
2015-08-24,85.05000305175781,85.05000305175781,84.88999938964844,84.93000030517578,68.5935287475586,4491400,0.0,0.0,0.0
2015-08-25,84.88999938964844,84.94000244140625,84.8499984741211,84.88999938964844,68.56122589111328,2708000,0.0,0.0,0.0
2015-08-26,84.87000274658203,84.94000244140625,84.83999633789062,84.83999633789062,68.52086639404297,2519400,0.0,0.0,0.0
2015-08-27,84.83999633789062,84.87000274658203,84.80000305175781,84.8499984741211,68.52894592285156,2985300,0.0,0.0,0.0
2015-08-28,84.87000274658203,84.87999725341797,84.77999877929688,84.80999755859375,68.49659729003906,1683200,0.0,0.0,0.0
2015-08-31,84.80999755859375,84.83999633789062,84.7699966430664,84.77999877929688,68.47235107421875,7294500,0.0,0.0,0.0
2015-09-01,84.77999877929688,84.80000305175781,84.75,84.7699966430664,68.49662780761719,6317000,0.04,0.0,0.0
2015-09-02,84.79000091552734,84.80000305175781,84.75,84.79000091552734,68.51280212402344,5691300,0.0,0.0,0.0
2015-09-03,84.83000183105469,84.83000183105469,84.77999877929688,84.79000091552734,68.51280212402344,2627800,0.0,0.0,0.0
2015-09-04,84.80999755859375,84.83999633789062,84.77999877929688,84.80000305175781,68.52088928222656,1393900,0.0,0.0,0.0
2015-09-08,84.76000213623047,84.77999877929688,84.75,84.7699966430664,68.49662780761719,3251500,0.0,0.0,0.0
2015-09-09,84.72000122070312,84.7699966430664,84.72000122070312,84.75,68.48041534423828,1721000,0.0,0.0,0.0
2015-09-10,84.7699966430664,84.77999877929688,84.75,84.77999877929688,68.50469970703125,1004100,0.0,0.0,0.0
2015-09-11,84.77999877929688,84.81999969482422,84.77999877929688,84.80999755859375,68.52897644042969,539600,0.0,0.0,0.0
2015-09-14,84.80999755859375,84.83000183105469,84.79000091552734,84.79000091552734,68.51280212402344,1649100,0.0,0.0,0.0
2015-09-15,84.77999877929688,84.77999877929688,84.66999816894531,84.66999816894531,68.41582489013672,2200100,0.0,0.0,0.0
2015-09-16,84.68000030517578,84.7300033569336,84.66000366210938,84.66000366210938,68.40776824951172,1454200,0.0,0.0,0.0
2015-09-17,84.66000366210938,84.87000274658203,84.66000366210938,84.8499984741211,68.56127166748047,1268200,0.0,0.0,0.0
2015-09-18,84.8499984741211,84.88999938964844,84.8499984741211,84.88999938964844,68.5936050415039,1424900,0.0,0.0,0.0
2015-09-21,84.83999633789062,84.8499984741211,84.81999969482422,84.83999633789062,68.5531997680664,1668200,0.0,0.0,0.0
2015-09-22,84.87999725341797,84.9000015258789,84.86000061035156,84.88999938964844,68.5936050415039,834300,0.0,0.0,0.0
2015-09-23,84.87000274658203,84.9000015258789,84.83999633789062,84.86000061035156,68.5693588256836,1659800,0.0,0.0,0.0
2015-09-24,84.88999938964844,84.94999694824219,84.88999938964844,84.91000366210938,68.6097640991211,1480700,0.0,0.0,0.0
2015-09-25,84.9000015258789,84.91999816894531,84.8499984741211,84.87000274658203,68.57740783691406,1115900,0.0,0.0,0.0
2015-09-28,84.9000015258789,84.94000244140625,84.87999725341797,84.93000030517578,68.62590789794922,2572000,0.0,0.0,0.0
2015-09-29,84.94999694824219,84.98999786376953,84.93000030517578,84.97000122070312,68.65819549560547,1896600,0.0,0.0,0.0
2015-09-30,84.94999694824219,85.0,84.94999694824219,84.98999786376953,68.67438507080078,9534800,0.0,0.0,0.0
2015-10-01,84.94999694824219,84.9800033569336,84.91999816894531,84.94999694824219,68.67438507080078,5262900,0.04,0.0,0.0
2015-10-02,85.0999984741211,85.12000274658203,85.05000305175781,85.06999969482422,68.77141571044922,1668700,0.0,0.0,0.0
2015-10-05,85.05000305175781,85.05000305175781,84.9800033569336,85.01000213623047,68.72290802001953,5500700,0.0,0.0,0.0
2015-10-06,84.97000122070312,85.0199966430664,84.97000122070312,85.0,68.71481323242188,1519100,0.0,0.0,0.0
2015-10-07,84.9800033569336,84.98999786376953,84.94999694824219,84.9800033569336,68.69866943359375,3660700,0.0,0.0,0.0
2015-10-08,84.94000244140625,85.0,84.94000244140625,84.95999908447266,68.6824951171875,1793100,0.0,0.0,0.0
2015-10-09,84.93000030517578,84.95999908447266,84.91999816894531,84.95999908447266,68.6824951171875,1107700,0.0,0.0,0.0
2015-10-12,84.9000015258789,84.9800033569336,84.9000015258789,84.94000244140625,68.66630554199219,1486900,0.0,0.0,0.0
2015-10-13,84.95999908447266,84.9800033569336,84.94999694824219,84.97000122070312,68.69052124023438,1071300,0.0,0.0,0.0
2015-10-14,85.08000183105469,85.0999984741211,85.02999877929688,85.08999633789062,68.78759002685547,3419100,0.0,0.0,0.0
2015-10-15,85.0199966430664,85.05000305175781,85.01000213623047,85.04000091552734,68.7471694946289,1586000,0.0,0.0,0.0
2015-10-16,85.01000213623047,85.02999877929688,85.0,85.0,68.71481323242188,942500,0.0,0.0,0.0
2015-10-19,85.01000213623047,85.02999877929688,84.98999786376953,85.02999877929688,68.73905944824219,1434900,0.0,0.0,0.0
2015-10-20,84.97000122070312,84.9800033569336,84.95999908447266,84.9800033569336,68.69866943359375,1029400,0.0,0.0,0.0
2015-10-21,84.9800033569336,85.02999877929688,84.97000122070312,85.01000213623047,68.72290802001953,11122200,0.0,0.0,0.0
2015-10-22,85.01000213623047,85.05999755859375,85.01000213623047,85.04000091552734,68.7471694946289,2382400,0.0,0.0,0.0
2015-10-23,84.9800033569336,85.01000213623047,84.94999694824219,84.97000122070312,68.69052124023438,5657200,0.0,0.0,0.0
2015-10-26,84.97000122070312,84.98999786376953,84.95999908447266,84.97000122070312,68.69052124023438,5901700,0.0,0.0,0.0
2015-10-27,85.0,85.02999877929688,85.0,85.0,68.71481323242188,1024600,0.0,0.0,0.0
2015-10-28,84.9800033569336,85.0,84.8499984741211,84.88999938964844,68.62590026855469,1658900,0.0,0.0,0.0
2015-10-29,84.83999633789062,84.86000061035156,84.83000183105469,84.83000183105469,68.57740783691406,1526500,0.0,0.0,0.0
2015-10-30,84.83000183105469,84.8499984741211,84.81999969482422,84.83000183105469,68.57740783691406,3242400,0.0,0.0,0.0
2015-11-02,84.70999908447266,84.77999877929688,84.70999908447266,84.73999786376953,68.5377426147461,14599400,0.041,0.0,0.0
2015-11-03,84.72000122070312,84.73999786376953,84.70999908447266,84.7300033569336,68.52970123291016,3643500,0.0,0.0,0.0
2015-11-04,84.69999694824219,84.7300033569336,84.63999938964844,84.63999938964844,68.45686340332031,2120500,0.0,0.0,0.0
2015-11-05,84.63999938964844,84.66000366210938,84.61000061035156,84.63999938964844,68.45686340332031,2775300,0.0,0.0,0.0
2015-11-06,84.55999755859375,84.58000183105469,84.54000091552734,84.55999755859375,68.39215850830078,1832700,0.0,0.0,0.0
2015-11-09,84.54000091552734,84.55999755859375,84.52999877929688,84.54000091552734,68.37596893310547,1619900,0.0,0.0,0.0
2015-11-10,84.58000183105469,84.61000061035156,84.55000305175781,84.58000183105469,68.40840911865234,2139300,0.0,0.0,0.0
2015-11-11,84.62000274658203,84.63999938964844,84.55999755859375,84.55999755859375,68.39215850830078,6885500,0.0,0.0,0.0
2015-11-12,84.58000183105469,84.62000274658203,84.58000183105469,84.58999633789062,68.41641235351562,5866500,0.0,0.0,0.0
2015-11-13,84.5999984741211,84.66000366210938,84.5999984741211,84.66000366210938,68.47303771972656,771100,0.0,0.0,0.0
2015-11-16,84.66000366210938,84.68000030517578,84.63999938964844,84.66000366210938,68.47303771972656,1835200,0.0,0.0,0.0
2015-11-17,84.58999633789062,84.66000366210938,84.58000183105469,84.62999725341797,68.44873046875,4707700,0.0,0.0,0.0
2015-11-18,84.62000274658203,84.63999938964844,84.58000183105469,84.5999984741211,68.42453002929688,1803400,0.0,0.0,0.0
2015-11-19,84.62000274658203,84.62999725341797,84.58000183105469,84.58000183105469,68.40840911865234,1707300,0.0,0.0,0.0
2015-11-20,84.58999633789062,84.62000274658203,84.56999969482422,84.58000183105469,68.40840911865234,798800,0.0,0.0,0.0
2015-11-23,84.54000091552734,84.58000183105469,84.54000091552734,84.56999969482422,68.4002456665039,936600,0.0,0.0,0.0
2015-11-24,84.58000183105469,84.58999633789062,84.55999755859375,84.56999969482422,68.4002456665039,1024300,0.0,0.0,0.0
2015-11-25,84.58000183105469,84.58999633789062,84.55000305175781,84.58000183105469,68.40840911865234,3067800,0.0,0.0,0.0
2015-11-27,84.58000183105469,84.61000061035156,84.58000183105469,84.5999984741211,68.42453002929688,429600,0.0,0.0,0.0
2015-11-30,84.58000183105469,84.58999633789062,84.55999755859375,84.56999969482422,68.4002456665039,1469300,0.0,0.0,0.0
2015-12-01,84.51000213623047,84.5999984741211,84.51000213623047,84.58000183105469,68.44154357910156,4410600,0.041,0.0,0.0
2015-12-02,84.54000091552734,84.54000091552734,84.5,84.51000213623047,68.38493347167969,1008700,0.0,0.0,0.0
2015-12-03,84.51000213623047,84.51000213623047,84.43000030517578,84.51000213623047,68.38493347167969,4856400,0.0,0.0,0.0
2015-12-04,84.54000091552734,84.56999969482422,84.51000213623047,84.52999877929688,68.40107727050781,4440400,0.0,0.0,0.0
2015-12-07,84.5199966430664,84.54000091552734,84.51000213623047,84.5199966430664,68.39297485351562,2025600,0.0,0.0,0.0
2015-12-08,84.52999877929688,84.54000091552734,84.48999786376953,84.51000213623047,68.38493347167969,1043000,0.0,0.0,0.0
2015-12-09,84.5,84.55000305175781,84.47000122070312,84.54000091552734,68.40913391113281,3642800,0.0,0.0,0.0
2015-12-10,84.5199966430664,84.52999877929688,84.4800033569336,84.48999786376953,68.36869812011719,963000,0.0,0.0,0.0
2015-12-11,84.54000091552734,84.62000274658203,84.52999877929688,84.58999633789062,68.44956970214844,1073800,0.0,0.0,0.0
2015-12-14,84.5199966430664,84.55000305175781,84.4800033569336,84.48999786376953,68.36869812011719,1757400,0.0,0.0,0.0
2015-12-15,84.44999694824219,84.4800033569336,84.44000244140625,84.4800033569336,68.36064147949219,1052100,0.0,0.0,0.0
2015-12-16,84.44000244140625,84.45999908447266,84.30999755859375,84.41000366210938,68.30401611328125,1241600,0.0,0.0,0.0
2015-12-17,84.4000015258789,84.44999694824219,84.4000015258789,84.41000366210938,68.30401611328125,1777400,0.0,0.0,0.0
2015-12-18,84.4800033569336,84.5199966430664,84.45999908447266,84.5199966430664,68.39297485351562,1494800,0.0,0.0,0.0
2015-12-21,84.5199966430664,84.5199966430664,84.48999786376953,84.51000213623047,68.38493347167969,3037200,0.0,0.0,0.0
2015-12-22,84.48999786376953,84.51000213623047,84.45999908447266,84.48999786376953,68.36869812011719,1234700,0.0,0.0,0.0
2015-12-23,84.48999786376953,84.5,84.44000244140625,84.45999908447266,68.34443664550781,2785800,0.0,0.0,0.0
2015-12-24,84.44000244140625,84.44999694824219,84.41000366210938,84.44999694824219,68.37113952636719,564600,0.043,0.0,0.0
2015-12-28,84.4000015258789,84.41999816894531,84.38999938964844,84.4000015258789,68.33065795898438,1096700,0.0,0.0,0.0
2015-12-29,84.36000061035156,84.4000015258789,84.3499984741211,84.37999725341797,68.31448364257812,1085100,0.0,0.0,0.0
2015-12-30,84.36000061035156,84.4000015258789,84.33999633789062,84.4000015258789,68.33065795898438,4797000,0.0,0.0,0.0
2015-12-31,84.43000030517578,84.44000244140625,84.36000061035156,84.36000061035156,68.29830169677734,2466200,0.0,0.0,0.0
2016-01-04,84.4800033569336,84.48999786376953,84.44000244140625,84.47000122070312,68.38734436035156,7548000,0.0,0.0,0.0
2016-01-05,84.44000244140625,84.45999908447266,84.41000366210938,84.41999816894531,68.34688568115234,2472200,0.0,0.0,0.0
2016-01-06,84.4800033569336,84.5,84.44999694824219,84.47000122070312,68.38734436035156,2409900,0.0,0.0,0.0
2016-01-07,84.52999877929688,84.54000091552734,84.47000122070312,84.5,68.41160583496094,2702800,0.0,0.0,0.0
2016-01-08,84.52999877929688,84.58000183105469,84.5,84.55999755859375,68.46019744873047,7139900,0.0,0.0,0.0
2016-01-11,84.54000091552734,84.61000061035156,84.5199966430664,84.58999633789062,68.48448944091797,3557700,0.0,0.0,0.0
2016-01-12,84.54000091552734,84.62999725341797,84.52999877929688,84.5999984741211,68.49258422851562,1275600,0.0,0.0,0.0
2016-01-13,84.58999633789062,84.6500015258789,84.56999969482422,84.6500015258789,68.53311157226562,1820800,0.0,0.0,0.0
2016-01-14,84.6500015258789,84.66999816894531,84.62000274658203,84.66999816894531,68.54922485351562,1297400,0.0,0.0,0.0
2016-01-15,84.7300033569336,84.77999877929688,84.70999908447266,84.73999786376953,68.6059341430664,2136000,0.0,0.0,0.0
2016-01-19,84.72000122070312,84.75,84.69999694824219,84.7300033569336,68.59785461425781,5109900,0.0,0.0,0.0
2016-01-20,84.77999877929688,84.83999633789062,84.7699966430664,84.79000091552734,68.64642333984375,2140400,0.0,0.0,0.0
2016-01-21,84.80999755859375,84.81999969482422,84.76000213623047,84.77999877929688,68.63833618164062,2326500,0.0,0.0,0.0
2016-01-22,84.70999908447266,84.75,84.69999694824219,84.75,68.61402893066406,3184900,0.0,0.0,0.0
2016-01-25,84.7300033569336,84.7699966430664,84.7300033569336,84.75,68.61402893066406,1800100,0.0,0.0,0.0
2016-01-26,84.75,84.80000305175781,84.73999786376953,84.79000091552734,68.64642333984375,1176800,0.0,0.0,0.0
2016-01-27,84.73999786376953,84.80999755859375,84.72000122070312,84.80999755859375,68.6626205444336,1742300,0.0,0.0,0.0
2016-01-28,84.80000305175781,84.83999633789062,84.77999877929688,84.80999755859375,68.6626205444336,1272200,0.0,0.0,0.0
2016-01-29,84.9000015258789,84.91000366210938,84.86000061035156,84.91000366210938,68.7435531616211,1521400,0.0,0.0,0.0
2016-02-01,84.83999633789062,84.83999633789062,84.80000305175781,84.81999969482422,68.7071304321289,5665300,0.045,0.0,0.0
2016-02-02,84.86000061035156,84.93000030517578,84.86000061035156,84.93000030517578,68.7962646484375,2528200,0.0,0.0,0.0
2016-02-03,84.91000366210938,85.0199966430664,84.91000366210938,84.94999694824219,68.81238555908203,1962400,0.0,0.0,0.0
2016-02-04,84.94999694824219,84.9800033569336,84.94999694824219,84.97000122070312,68.8285903930664,1305700,0.0,0.0,0.0
2016-02-05,84.91000366210938,84.97000122070312,84.9000015258789,84.94999694824219,68.81238555908203,1294800,0.0,0.0,0.0
2016-02-08,85.01000213623047,85.06999969482422,84.98999786376953,85.05000305175781,68.89342498779297,1467700,0.0,0.0,0.0
2016-02-09,85.08000183105469,85.08000183105469,85.0,85.0199966430664,68.86912536621094,1919200,0.0,0.0,0.0
2016-02-10,84.94999694824219,85.02999877929688,84.94999694824219,85.0199966430664,68.86912536621094,1061200,0.0,0.0,0.0
2016-02-11,85.1500015258789,85.18000030517578,85.08000183105469,85.0999984741211,68.93397521972656,1814400,0.0,0.0,0.0
2016-02-12,85.05999755859375,85.08000183105469,84.98999786376953,85.0,68.85289764404297,1194000,0.0,0.0,0.0
2016-02-16,84.98999786376953,85.0,84.94999694824219,84.94999694824219,68.81238555908203,2545900,0.0,0.0,0.0
2016-02-17,84.91999816894531,84.97000122070312,84.91000366210938,84.97000122070312,68.8285903930664,1999400,0.0,0.0,0.0
2016-02-18,84.94000244140625,85.04000091552734,84.94000244140625,85.04000091552734,68.88528442382812,859100,0.0,0.0,0.0
2016-02-19,84.9800033569336,85.01000213623047,84.95999908447266,84.95999908447266,68.82051849365234,975400,0.0,0.0,0.0
2016-02-22,84.93000030517578,84.97000122070312,84.93000030517578,84.97000122070312,68.8285903930664,1101600,0.0,0.0,0.0
2016-02-23,84.95999908447266,85.0,84.94000244140625,84.9800033569336,68.83674621582031,1227700,0.0,0.0,0.0
2016-02-24,85.0199966430664,85.08000183105469,84.9800033569336,85.0,68.85289764404297,1066800,0.0,0.0,0.0
2016-02-25,85.01000213623047,85.04000091552734,85.0,85.0199966430664,68.86912536621094,1526500,0.0,0.0,0.0
2016-02-26,84.95999908447266,84.97000122070312,84.88999938964844,84.91000366210938,68.78001403808594,1891100,0.0,0.0,0.0
2016-02-29,84.87999725341797,84.95999908447266,84.87999725341797,84.95999908447266,68.82051849365234,2634200,0.0,0.0,0.0
2016-03-01,84.91999816894531,84.91999816894531,84.79000091552734,84.80000305175781,68.72892761230469,4584800,0.047,0.0,0.0
2016-03-02,84.7699966430664,84.80000305175781,84.75,84.79000091552734,68.7208480834961,2652000,0.0,0.0,0.0
2016-03-03,84.77999877929688,84.81999969482422,84.7699966430664,84.81999969482422,68.74517059326172,5601100,0.0,0.0,0.0
2016-03-04,84.7699966430664,84.80999755859375,84.73999786376953,84.76000213623047,68.69647216796875,1532600,0.0,0.0,0.0
2016-03-07,84.72000122070312,84.73999786376953,84.69999694824219,84.69999694824219,68.64788055419922,1990800,0.0,0.0,0.0
2016-03-08,84.76000213623047,84.80000305175781,84.75,84.76000213623047,68.69647216796875,2878900,0.0,0.0,0.0
2016-03-09,84.75,84.76000213623047,84.7300033569336,84.7300033569336,68.67220306396484,1284400,0.0,0.0,0.0
2016-03-10,84.69999694824219,84.7300033569336,84.68000030517578,84.72000122070312,68.66410827636719,2227500,0.0,0.0,0.0
2016-03-11,84.68000030517578,84.68000030517578,84.62999725341797,84.63999938964844,68.59919738769531,4112200,0.0,0.0,0.0
2016-03-14,84.66999816894531,84.66999816894531,84.63999938964844,84.63999938964844,68.59919738769531,1875500,0.0,0.0,0.0
2016-03-15,84.68000030517578,84.69999694824219,84.62999725341797,84.66999816894531,68.62355041503906,1508600,0.0,0.0,0.0
2016-03-16,84.58999633789062,84.83999633789062,84.55000305175781,84.83999633789062,68.76138305664062,5972100,0.0,0.0,0.0
2016-03-17,84.80000305175781,84.83000183105469,84.7699966430664,84.83000183105469,68.75324249267578,1677000,0.0,0.0,0.0
2016-03-18,84.8499984741211,84.87999725341797,84.83000183105469,84.8499984741211,68.76946258544922,3010000,0.0,0.0,0.0
2016-03-21,84.83000183105469,84.83999633789062,84.80000305175781,84.83999633789062,68.76138305664062,1892100,0.0,0.0,0.0
2016-03-22,84.8499984741211,84.86000061035156,84.7699966430664,84.79000091552734,68.7208480834961,1899800,0.0,0.0,0.0
2016-03-23,84.79000091552734,84.86000061035156,84.77999877929688,84.83999633789062,68.76138305664062,1357600,0.0,0.0,0.0
2016-03-24,84.8499984741211,84.8499984741211,84.79000091552734,84.80000305175781,68.72892761230469,859800,0.0,0.0,0.0
2016-03-28,84.81999969482422,84.86000061035156,84.81999969482422,84.81999969482422,68.74517059326172,2820600,0.0,0.0,0.0
2016-03-29,84.8499984741211,84.9800033569336,84.8499984741211,84.9800033569336,68.87483215332031,1219700,0.0,0.0,0.0
2016-03-30,84.97000122070312,85.0,84.93000030517578,84.98999786376953,68.88294219970703,1307600,0.0,0.0,0.0
2016-03-31,85.0199966430664,85.05999755859375,84.98999786376953,85.02999877929688,68.9153060913086,1555000,0.0,0.0,0.0
2016-04-01,84.93000030517578,84.97000122070312,84.91000366210938,84.93000030517578,68.87566375732422,5307200,0.051,0.0,0.0
2016-04-04,84.94999694824219,84.98999786376953,84.93000030517578,84.98999786376953,68.92428588867188,2863500,0.0,0.0,0.0
2016-04-05,85.0,85.0199966430664,84.9800033569336,85.0199966430664,68.94860076904297,4655000,0.0,0.0,0.0
2016-04-06,85.01000213623047,85.01000213623047,84.94999694824219,84.98999786376953,68.92428588867188,1029200,0.0,0.0,0.0
2016-04-07,85.01000213623047,85.05999755859375,85.0,85.04000091552734,68.96478271484375,1475200,0.0,0.0,0.0
2016-04-08,85.01000213623047,85.05000305175781,85.01000213623047,85.04000091552734,68.96478271484375,594300,0.0,0.0,0.0
2016-04-11,85.0199966430664,85.05999755859375,85.01000213623047,85.02999877929688,68.95668029785156,851100,0.0,0.0,0.0
2016-04-12,85.01000213623047,85.0199966430664,85.0,85.01000213623047,68.94046783447266,524900,0.0,0.0,0.0
2016-04-13,84.98999786376953,84.98999786376953,84.95999908447266,84.97000122070312,68.90799713134766,1365800,0.0,0.0,0.0
2016-04-14,84.9800033569336,84.98999786376953,84.94999694824219,84.97000122070312,68.90799713134766,1103500,0.0,0.0,0.0
2016-04-15,84.9800033569336,85.02999877929688,84.9800033569336,85.02999877929688,68.95668029785156,825600,0.0,0.0,0.0
2016-04-18,85.01000213623047,85.02999877929688,85.0,85.0199966430664,68.94860076904297,870900,0.0,0.0,0.0
2016-04-19,85.0199966430664,85.0199966430664,84.97000122070312,84.98999786376953,68.92428588867188,1508400,0.0,0.0,0.0
2016-04-20,85.01000213623047,85.01000213623047,84.91999816894531,84.93000030517578,68.87566375732422,1080700,0.0,0.0,0.0
2016-04-21,84.9000015258789,84.94999694824219,84.9000015258789,84.91000366210938,68.859375,1599900,0.0,0.0,0.0
2016-04-22,84.91000366210938,84.91999816894531,84.9000015258789,84.91000366210938,68.859375,2593200,0.0,0.0,0.0
2016-04-25,84.9000015258789,84.93000030517578,84.88999938964844,84.88999938964844,68.84319305419922,1512900,0.0,0.0,0.0
2016-04-26,84.88999938964844,84.9000015258789,84.86000061035156,84.87000274658203,68.82694244384766,969300,0.0,0.0,0.0
2016-04-27,84.9000015258789,84.93000030517578,84.81999969482422,84.93000030517578,68.87566375732422,748300,0.0,0.0,0.0
2016-04-28,84.94000244140625,85.01000213623047,84.93000030517578,84.9800033569336,68.9161605834961,694300,0.0,0.0,0.0
2016-04-29,84.97000122070312,85.02999877929688,84.95999908447266,85.01000213623047,68.94046783447266,1609600,0.0,0.0,0.0
2016-05-02,84.94000244140625,84.95999908447266,84.91999816894531,84.93000030517578,68.91531372070312,1017800,0.049,0.0,0.0
2016-05-03,85.02999877929688,85.02999877929688,84.9800033569336,85.0199966430664,68.98836517333984,3788100,0.0,0.0,0.0
2016-05-04,85.02999877929688,85.02999877929688,84.97000122070312,85.01000213623047,68.98025512695312,1621100,0.0,0.0,0.0
2016-05-05,85.02999877929688,85.06999969482422,84.9800033569336,85.04000091552734,69.00463104248047,556900,0.0,0.0,0.0
2016-05-06,85.08999633789062,85.0999984741211,85.0199966430664,85.0199966430664,68.98836517333984,1117600,0.0,0.0,0.0
2016-05-09,85.08000183105469,85.08999633789062,85.05000305175781,85.05999755859375,69.0207748413086,610000,0.0,0.0,0.0
2016-05-10,85.06999969482422,85.08000183105469,85.04000091552734,85.08000183105469,69.03707122802734,2854800,0.0,0.0,0.0
2016-05-11,85.05999755859375,85.08000183105469,85.04000091552734,85.05000305175781,69.01270294189453,1607400,0.0,0.0,0.0
2016-05-12,85.02999877929688,85.04000091552734,85.0,85.0,68.9721450805664,562700,0.0,0.0,0.0
2016-05-13,84.98999786376953,85.02999877929688,84.9800033569336,85.01000213623047,68.98025512695312,1115000,0.0,0.0,0.0
2016-05-16,85.0,85.0,84.94999694824219,84.97000122070312,68.94779205322266,600800,0.0,0.0,0.0
2016-05-17,84.94999694824219,84.97000122070312,84.91000366210938,84.94000244140625,68.9234619140625,819500,0.0,0.0,0.0
2016-05-18,84.86000061035156,84.9000015258789,84.77999877929688,84.79000091552734,68.80172729492188,3690500,0.0,0.0,0.0
2016-05-19,84.80999755859375,84.8499984741211,84.80999755859375,84.80999755859375,68.81795501708984,1619600,0.0,0.0,0.0
2016-05-20,84.80999755859375,84.8499984741211,84.80000305175781,84.83999633789062,68.8423080444336,1942600,0.0,0.0,0.0
2016-05-23,84.79000091552734,84.83000183105469,84.79000091552734,84.83000183105469,68.83419036865234,654700,0.0,0.0,0.0
2016-05-24,84.80000305175781,84.80999755859375,84.76000213623047,84.7699966430664,68.7854995727539,778200,0.0,0.0,0.0
2016-05-25,84.80000305175781,84.81999969482422,84.7699966430664,84.81999969482422,68.82608795166016,5242400,0.0,0.0,0.0
2016-05-26,84.8499984741211,84.88999938964844,84.83000183105469,84.87000274658203,68.86660766601562,1253100,0.0,0.0,0.0
2016-05-27,84.87000274658203,84.9000015258789,84.79000091552734,84.81999969482422,68.82608795166016,696200,0.0,0.0,0.0
2016-05-31,84.77999877929688,84.88999938964844,84.77999877929688,84.86000061035156,68.85851287841797,1368300,0.0,0.0,0.0
2016-06-01,84.80999755859375,84.83999633789062,84.75,84.75,68.81063079833984,1484500,0.051,0.0,0.0
2016-06-02,84.77999877929688,84.81999969482422,84.77999877929688,84.81999969482422,68.86746978759766,4565800,0.0,0.0,0.0
2016-06-03,84.97000122070312,84.98999786376953,84.94999694824219,84.95999908447266,68.98110961914062,1874900,0.0,0.0,0.0
2016-06-06,84.94999694824219,84.9800033569336,84.91000366210938,84.94000244140625,68.96485900878906,672100,0.0,0.0,0.0
2016-06-07,84.95999908447266,84.98999786376953,84.94999694824219,84.95999908447266,68.98110961914062,624800,0.0,0.0,0.0
2016-06-08,84.94999694824219,84.98999786376953,84.94999694824219,84.9800033569336,68.99736785888672,906600,0.0,0.0,0.0
2016-06-09,85.0199966430664,85.0199966430664,84.9800033569336,85.0,69.01365661621094,794400,0.0,0.0,0.0
2016-06-10,85.01000213623047,85.06999969482422,85.01000213623047,85.05000305175781,69.05422973632812,425100,0.0,0.0,0.0
2016-06-13,85.08000183105469,85.11000061035156,85.06999969482422,85.06999969482422,69.07044982910156,610500,0.0,0.0,0.0
2016-06-14,85.12999725341797,85.12999725341797,85.06999969482422,85.08000183105469,69.07855987548828,990200,0.0,0.0,0.0
2016-06-15,85.06999969482422,85.31999969482422,85.06999969482422,85.18000030517578,69.15972900390625,785700,0.0,0.0,0.0
2016-06-16,85.18000030517578,85.20999908447266,85.12000274658203,85.12999725341797,69.11915588378906,1129500,0.0,0.0,0.0
2016-06-17,85.13999938964844,85.16000366210938,85.11000061035156,85.13999938964844,69.12725830078125,1574700,0.0,0.0,0.0
2016-06-20,85.08000183105469,85.0999984741211,85.05000305175781,85.08999633789062,69.08667755126953,1698800,0.0,0.0,0.0
2016-06-21,85.06999969482422,85.0999984741211,85.02999877929688,85.02999877929688,69.0379638671875,919100,0.0,0.0,0.0
2016-06-22,85.06999969482422,85.08000183105469,85.04000091552734,85.05999755859375,69.06231689453125,1740300,0.0,0.0,0.0
2016-06-23,85.02999877929688,85.05000305175781,85.0,85.02999877929688,69.0379638671875,2302800,0.0,0.0,0.0
2016-06-24,85.27999877929688,85.30000305175781,85.19999694824219,85.2300033569336,69.20035552978516,2321800,0.0,0.0,0.0
2016-06-27,85.30000305175781,85.3499984741211,85.27999877929688,85.27999877929688,69.24093627929688,1166100,0.0,0.0,0.0
2016-06-28,85.2699966430664,85.30999755859375,85.26000213623047,85.30999755859375,69.26528930664062,1590900,0.0,0.0,0.0
2016-06-29,85.25,85.29000091552734,85.25,85.27999877929688,69.24093627929688,838800,0.0,0.0,0.0
2016-06-30,85.29000091552734,85.33999633789062,85.26000213623047,85.31999969482422,69.27339172363281,2284000,0.0,0.0,0.0
2016-07-01,85.33000183105469,85.33000183105469,85.25,85.30000305175781,69.29782104492188,3690200,0.05,0.0,0.0
2016-07-05,85.30999755859375,85.3499984741211,85.29000091552734,85.33999633789062,69.33027648925781,1974600,0.0,0.0,0.0
2016-07-06,85.30999755859375,85.33999633789062,85.27999877929688,85.30000305175781,69.29782104492188,5742300,0.0,0.0,0.0
2016-07-07,85.2699966430664,85.30000305175781,85.23999786376953,85.26000213623047,69.26528930664062,1094600,0.0,0.0,0.0
2016-07-08,85.23999786376953,85.2699966430664,85.19999694824219,85.26000213623047,69.26528930664062,1157600,0.0,0.0,0.0
2016-07-11,85.20999908447266,85.2300033569336,85.16999816894531,85.16999816894531,69.19220733642578,1619200,0.0,0.0,0.0
2016-07-12,85.16999816894531,85.16999816894531,85.11000061035156,85.13999938964844,69.16780853271484,5990100,0.0,0.0,0.0
2016-07-13,85.16999816894531,85.18000030517578,85.13999938964844,85.16000366210938,69.18403625488281,836600,0.0,0.0,0.0
2016-07-14,85.0999984741211,85.1500015258789,85.08999633789062,85.11000061035156,69.14348602294922,638500,0.0,0.0,0.0
2016-07-15,85.0999984741211,85.0999984741211,85.05999755859375,85.06999969482422,69.11094665527344,1532100,0.0,0.0,0.0
2016-07-18,85.11000061035156,85.12999725341797,85.08999633789062,85.12000274658203,69.15155029296875,867800,0.0,0.0,0.0
2016-07-19,85.11000061035156,85.12999725341797,85.0999984741211,85.12999725341797,69.15966033935547,739400,0.0,0.0,0.0
2016-07-20,85.08999633789062,85.11000061035156,85.06999969482422,85.08999633789062,69.12715911865234,627500,0.0,0.0,0.0
2016-07-21,85.08000183105469,85.1500015258789,85.06999969482422,85.1500015258789,69.17594909667969,465500,0.0,0.0,0.0
2016-07-22,85.11000061035156,85.13999938964844,85.0999984741211,85.12000274658203,69.15155029296875,382700,0.0,0.0,0.0
2016-07-25,85.0999984741211,85.11000061035156,85.05999755859375,85.05999755859375,69.10281372070312,803500,0.0,0.0,0.0
2016-07-26,85.08999633789062,85.08999633789062,85.04000091552734,85.06999969482422,69.11094665527344,1348500,0.0,0.0,0.0
2016-07-27,85.06999969482422,85.12999725341797,85.05000305175781,85.12999725341797,69.15966033935547,657400,0.0,0.0,0.0
2016-07-28,85.12000274658203,85.1500015258789,85.0999984741211,85.12000274658203,69.15155029296875,913700,0.0,0.0,0.0
2016-07-29,85.18000030517578,85.2300033569336,85.16999816894531,85.2300033569336,69.24090576171875,1041500,0.0,0.0,0.0
2016-08-01,85.11000061035156,85.1500015258789,85.11000061035156,85.1500015258789,69.21736145019531,3053400,0.051,0.0,0.0
2016-08-02,85.11000061035156,85.16000366210938,85.08999633789062,85.12000274658203,69.19296264648438,967700,0.0,0.0,0.0
2016-08-03,85.1500015258789,85.16000366210938,85.0999984741211,85.12999725341797,69.2010726928711,3365300,0.0,0.0,0.0
2016-08-04,85.16999816894531,85.19999694824219,85.16000366210938,85.19000244140625,69.2498550415039,610500,0.0,0.0,0.0
2016-08-05,85.12000274658203,85.12000274658203,85.05000305175781,85.06999969482422,69.15234375,1170900,0.0,0.0,0.0
2016-08-08,85.04000091552734,85.06999969482422,85.0199966430664,85.04000091552734,69.12794494628906,2576800,0.0,0.0,0.0
2016-08-09,85.05999755859375,85.08999633789062,85.02999877929688,85.08999633789062,69.1685562133789,2337300,0.0,0.0,0.0
2016-08-10,85.11000061035156,85.12999725341797,85.08999633789062,85.12999725341797,69.2010726928711,971900,0.0,0.0,0.0
2016-08-11,85.12999725341797,85.12999725341797,85.0199966430664,85.05000305175781,69.13607025146484,929600,0.0,0.0,0.0
2016-08-12,85.13999938964844,85.1500015258789,85.08999633789062,85.11000061035156,69.18485260009766,584100,0.0,0.0,0.0
2016-08-15,85.08000183105469,85.0999984741211,85.05999755859375,85.08999633789062,69.1685562133789,873200,0.0,0.0,0.0
2016-08-16,85.05000305175781,85.06999969482422,85.02999877929688,85.05999755859375,69.14421844482422,774400,0.0,0.0,0.0
2016-08-17,85.02999877929688,85.0999984741211,85.01000213623047,85.05999755859375,69.14421844482422,1221300,0.0,0.0,0.0
2016-08-18,85.06999969482422,85.12000274658203,85.04000091552734,85.12000274658203,69.19296264648438,696500,0.0,0.0,0.0
2016-08-19,85.05999755859375,85.08000183105469,85.02999877929688,85.04000091552734,69.12794494628906,590000,0.0,0.0,0.0
2016-08-22,85.06999969482422,85.08000183105469,85.05000305175781,85.05000305175781,69.13607025146484,480000,0.0,0.0,0.0
2016-08-23,85.05000305175781,85.08000183105469,85.04000091552734,85.05999755859375,69.14421844482422,455200,0.0,0.0,0.0
2016-08-24,85.08000183105469,85.08000183105469,85.04000091552734,85.04000091552734,69.12794494628906,466400,0.0,0.0,0.0
2016-08-25,85.04000091552734,85.04000091552734,85.0,85.01000213623047,69.10359191894531,547300,0.0,0.0,0.0
2016-08-26,85.0199966430664,85.06999969482422,84.93000030517578,84.93000030517578,69.03853607177734,709800,0.0,0.0,0.0
2016-08-29,84.93000030517578,85.0,84.93000030517578,84.9800033569336,69.07916259765625,473600,0.0,0.0,0.0
2016-08-30,84.98999786376953,85.01000213623047,84.97000122070312,84.98999786376953,69.0873031616211,480400,0.0,0.0,0.0
2016-08-31,85.0,85.02999877929688,84.9800033569336,84.9800033569336,69.07916259765625,937400,0.0,0.0,0.0
2016-09-01,84.91000366210938,84.9800033569336,84.88999938964844,84.97000122070312,69.1117172241211,1191600,0.05,0.0,0.0
2016-09-02,84.9800033569336,84.98999786376953,84.93000030517578,84.97000122070312,69.1117172241211,726100,0.0,0.0,0.0
2016-09-06,84.95999908447266,85.08000183105469,84.94999694824219,85.02999877929688,69.16050720214844,1335800,0.0,0.0,0.0
2016-09-07,85.05999755859375,85.08000183105469,85.02999877929688,85.02999877929688,69.16050720214844,1049300,0.0,0.0,0.0
2016-09-08,85.0199966430664,85.04000091552734,84.97000122070312,84.97000122070312,69.1117172241211,614200,0.0,0.0,0.0
2016-09-09,84.94999694824219,84.9800033569336,84.93000030517578,84.94000244140625,69.0873031616211,2727300,0.0,0.0,0.0
2016-09-12,84.94999694824219,85.01000213623047,84.94000244140625,84.97000122070312,69.1117172241211,2123600,0.0,0.0,0.0
2016-09-13,84.98999786376953,85.0,84.91000366210938,84.94000244140625,69.0873031616211,1108600,0.0,0.0,0.0
2016-09-14,84.95999908447266,85.0199966430664,84.95999908447266,84.98999786376953,69.12797546386719,1632600,0.0,0.0,0.0
2016-09-15,85.01000213623047,85.08000183105469,84.98999786376953,85.05999755859375,69.18489074707031,10599200,0.0,0.0,0.0
2016-09-16,85.0199966430664,85.05000305175781,85.0,85.0199966430664,69.15238952636719,846200,0.0,0.0,0.0
2016-09-19,85.0,85.0199966430664,84.98999786376953,85.0,69.13609313964844,657700,0.0,0.0,0.0
2016-09-20,85.0,85.01000213623047,84.9800033569336,84.9800033569336,69.11988830566406,984300,0.0,0.0,0.0
2016-09-21,84.95999908447266,85.0,84.91000366210938,85.0,69.13609313964844,816300,0.0,0.0,0.0
2016-09-22,84.98999786376953,85.0199966430664,84.97000122070312,84.9800033569336,69.11988830566406,759500,0.0,0.0,0.0
2016-09-23,85.0,85.02999877929688,84.9800033569336,85.02999877929688,69.16050720214844,7016900,0.0,0.0,0.0
2016-09-26,85.05000305175781,85.08999633789062,85.04000091552734,85.08000183105469,69.20116424560547,786300,0.0,0.0,0.0
2016-09-27,85.11000061035156,85.11000061035156,85.05999755859375,85.08999633789062,69.20925903320312,645300,0.0,0.0,0.0
2016-09-28,85.06999969482422,85.08999633789062,85.05999755859375,85.08000183105469,69.20116424560547,1017300,0.0,0.0,0.0
2016-09-29,85.05000305175781,85.11000061035156,85.02999877929688,85.11000061035156,69.2255859375,1164000,0.0,0.0,0.0
2016-09-30,85.0999984741211,85.11000061035156,85.04000091552734,85.04000091552734,69.16862487792969,1380000,0.0,0.0,0.0
2016-10-03,84.98999786376953,84.98999786376953,84.94999694824219,84.9800033569336,69.15967559814453,1646500,0.049,0.0,0.0
2016-10-04,84.94999694824219,84.94999694824219,84.9000015258789,84.91000366210938,69.10271453857422,933100,0.0,0.0,0.0
2016-10-05,84.94000244140625,84.94000244140625,84.86000061035156,84.86000061035156,69.06202697753906,1644000,0.0,0.0,0.0
2016-10-06,84.86000061035156,84.91000366210938,84.8499984741211,84.86000061035156,69.06202697753906,679500,0.0,0.0,0.0
2016-10-07,84.87999725341797,84.91000366210938,84.86000061035156,84.88999938964844,69.0864486694336,809000,0.0,0.0,0.0
2016-10-10,84.86000061035156,84.87000274658203,84.83000183105469,84.8499984741211,69.05390930175781,924000,0.0,0.0,0.0
2016-10-11,84.81999969482422,84.8499984741211,84.81999969482422,84.83999633789062,69.04579162597656,1259100,0.0,0.0,0.0
2016-10-12,84.83000183105469,84.83999633789062,84.80000305175781,84.83999633789062,69.04579162597656,1311100,0.0,0.0,0.0
2016-10-13,84.86000061035156,84.88999938964844,84.83999633789062,84.87000274658203,69.07012939453125,5123300,0.0,0.0,0.0
2016-10-14,84.87000274658203,84.9000015258789,84.8499984741211,84.8499984741211,69.05390930175781,1481100,0.0,0.0,0.0
2016-10-17,84.9000015258789,84.93000030517578,84.88999938964844,84.91999816894531,69.11084747314453,3860400,0.0,0.0,0.0
2016-10-18,84.91999816894531,84.94999694824219,84.87999725341797,84.94999694824219,69.13525390625,2067400,0.0,0.0,0.0
2016-10-19,84.93000030517578,84.95999908447266,84.91999816894531,84.94999694824219,69.13525390625,643300,0.0,0.0,0.0
2016-10-20,84.94999694824219,84.94999694824219,84.9000015258789,84.91000366210938,69.10271453857422,2593200,0.0,0.0,0.0
2016-10-21,84.93000030517578,84.94000244140625,84.9000015258789,84.93000030517578,69.11897277832031,1041900,0.0,0.0,0.0
2016-10-24,84.91999816894531,84.93000030517578,84.87999725341797,84.9000015258789,69.09457397460938,582600,0.0,0.0,0.0
2016-10-25,84.88999938964844,84.91999816894531,84.87000274658203,84.9000015258789,69.09457397460938,3762400,0.0,0.0,0.0
2016-10-26,84.87999725341797,84.88999938964844,84.86000061035156,84.87000274658203,69.07012939453125,517000,0.0,0.0,0.0
2016-10-27,84.87000274658203,84.88999938964844,84.83999633789062,84.88999938964844,69.0864486694336,724800,0.0,0.0,0.0
2016-10-28,84.86000061035156,84.93000030517578,84.86000061035156,84.88999938964844,69.0864486694336,1229300,0.0,0.0,0.0
2016-10-31,84.91999816894531,84.94999694824219,84.91999816894531,84.94999694824219,69.13525390625,1346300,0.0,0.0,0.0
2016-11-01,84.87000274658203,84.94000244140625,84.86000061035156,84.9000015258789,69.13607788085938,8239600,0.051,0.0,0.0
2016-11-02,84.93000030517578,84.97000122070312,84.91000366210938,84.94999694824219,69.1767807006836,1516600,0.0,0.0,0.0
2016-11-03,84.91999816894531,84.95999908447266,84.91999816894531,84.95999908447266,69.18492126464844,2616600,0.0,0.0,0.0
2016-11-04,84.94999694824219,85.0,84.94000244140625,84.98999786376953,69.20938110351562,2108300,0.0,0.0,0.0
2016-11-07,84.93000030517578,84.95999908447266,84.91999816894531,84.95999908447266,69.18492126464844,2698400,0.0,0.0,0.0
2016-11-08,84.93000030517578,84.94000244140625,84.86000061035156,84.87000274658203,69.11162567138672,1944600,0.0,0.0,0.0
2016-11-09,84.88999938964844,84.91000366210938,84.76000213623047,84.76000213623047,69.02203369140625,1784100,0.0,0.0,0.0
2016-11-10,84.79000091552734,84.83999633789062,84.7300033569336,84.7300033569336,68.99762725830078,1927100,0.0,0.0,0.0
2016-11-11,84.75,84.7699966430664,84.69999694824219,84.7300033569336,68.99762725830078,3405000,0.0,0.0,0.0
2016-11-14,84.63999938964844,84.69000244140625,84.5999984741211,84.5999984741211,68.89180755615234,18305000,0.0,0.0,0.0
2016-11-15,84.5999984741211,84.62999725341797,84.58999633789062,84.62999725341797,68.91619873046875,2080800,0.0,0.0,0.0
2016-11-16,84.61000061035156,84.63999938964844,84.58000183105469,84.62000274658203,68.90805053710938,1007900,0.0,0.0,0.0
2016-11-17,84.62000274658203,84.62999725341797,84.58999633789062,84.61000061035156,68.89990234375,1145600,0.0,0.0,0.0
2016-11-18,84.58999633789062,84.61000061035156,84.52999877929688,84.55999755859375,68.85921478271484,2044500,0.0,0.0,0.0
2016-11-21,84.55000305175781,84.58000183105469,84.51000213623047,84.55000305175781,68.85106658935547,889300,0.0,0.0,0.0
2016-11-22,84.52999877929688,84.58000183105469,84.5199966430664,84.52999877929688,68.83477020263672,2122600,0.0,0.0,0.0
2016-11-23,84.47000122070312,84.5199966430664,84.44999694824219,84.4800033569336,68.79407501220703,1433600,0.0,0.0,0.0
2016-11-25,84.47000122070312,84.51000213623047,84.45999908447266,84.47000122070312,68.785888671875,347400,0.0,0.0,0.0
2016-11-28,84.48999786376953,84.55000305175781,84.48999786376953,84.5199966430664,68.82664489746094,1131300,0.0,0.0,0.0
2016-11-29,84.5,84.56999969482422,84.5,84.52999877929688,68.83477020263672,1232600,0.0,0.0,0.0
2016-11-30,84.5,84.54000091552734,84.5,84.5,68.81031799316406,1449700,0.0,0.0,0.0
2016-12-01,84.4000015258789,84.44999694824219,84.37999725341797,84.41000366210938,68.77777099609375,6249100,0.05,0.0,0.0
2016-12-02,84.48999786376953,84.5199966430664,84.47000122070312,84.5,68.85102844238281,2449000,0.0,0.0,0.0
2016-12-05,84.47000122070312,84.5199966430664,84.44000244140625,84.5,68.85102844238281,1785700,0.0,0.0,0.0
2016-12-06,84.51000213623047,84.51000213623047,84.47000122070312,84.4800033569336,68.83480834960938,1325500,0.0,0.0,0.0
2016-12-07,84.5199966430664,84.52999877929688,84.5,84.51000213623047,68.85923767089844,1282700,0.0,0.0,0.0
2016-12-08,84.4800033569336,84.5199966430664,84.4800033569336,84.5,68.85102844238281,1272500,0.0,0.0,0.0
2016-12-09,84.5199966430664,84.5199966430664,84.45999908447266,84.48999786376953,68.84294891357422,1321200,0.0,0.0,0.0
2016-12-12,84.45999908447266,84.48999786376953,84.44999694824219,84.45999908447266,68.8185043334961,931300,0.0,0.0,0.0
2016-12-13,84.45999908447266,84.45999908447266,84.41000366210938,84.44999694824219,68.81036376953125,1926700,0.0,0.0,0.0
2016-12-14,84.44999694824219,84.45999908447266,84.25,84.29000091552734,68.67998504638672,1157600,0.0,0.0,0.0
2016-12-15,84.25,84.29000091552734,84.2300033569336,84.25,68.64736938476562,1355800,0.0,0.0,0.0
2016-12-16,84.2699966430664,84.33000183105469,84.26000213623047,84.29000091552734,68.67998504638672,937900,0.0,0.0,0.0
2016-12-19,84.30999755859375,84.3499984741211,84.30999755859375,84.33000183105469,68.71257019042969,1258800,0.0,0.0,0.0
2016-12-20,84.29000091552734,84.3499984741211,84.27999877929688,84.33999633789062,68.72074127197266,1089800,0.0,0.0,0.0
2016-12-21,84.3499984741211,84.37999725341797,84.33999633789062,84.37999725341797,68.7532958984375,1657900,0.0,0.0,0.0
2016-12-22,84.30999755859375,84.33999633789062,84.30000305175781,84.33999633789062,68.77041625976562,1388100,0.061,0.0,0.0
2016-12-23,84.33999633789062,84.33999633789062,84.31999969482422,84.33999633789062,68.77041625976562,1058500,0.0,0.0,0.0
2016-12-27,84.29000091552734,84.30999755859375,84.27999877929688,84.30000305175781,68.73783874511719,893600,0.0,0.0,0.0
2016-12-28,84.30000305175781,84.3499984741211,84.27999877929688,84.33000183105469,68.76224517822266,1312300,0.0,0.0,0.0
2016-12-29,84.36000061035156,84.41999816894531,84.3499984741211,84.41999816894531,68.83567810058594,1274800,0.0,0.0,0.0
2016-12-30,84.43000030517578,84.45999908447266,84.41999816894531,84.44999694824219,68.8600845336914,1214600,0.0,0.0,0.0
2017-01-03,84.37000274658203,84.41000366210938,84.3499984741211,84.37999725341797,68.80306243896484,4196100,0.0,0.0,0.0
2017-01-04,84.3499984741211,84.4000015258789,84.3499984741211,84.4000015258789,68.8193359375,2182500,0.0,0.0,0.0
2017-01-05,84.41000366210938,84.48999786376953,84.4000015258789,84.45999908447266,68.86829376220703,1614200,0.0,0.0,0.0
2017-01-06,84.41000366210938,84.43000030517578,84.37999725341797,84.38999938964844,68.81118774414062,919000,0.0,0.0,0.0
2017-01-09,84.43000030517578,84.45999908447266,84.41999816894531,84.45999908447266,68.86829376220703,1014100,0.0,0.0,0.0
2017-01-10,84.44000244140625,84.45999908447266,84.43000030517578,84.43000030517578,68.84381103515625,1125800,0.0,0.0,0.0
2017-01-11,84.47000122070312,84.5,84.41999816894531,84.47000122070312,68.8764419555664,1166800,0.0,0.0,0.0
2017-01-12,84.5,84.51000213623047,84.45999908447266,84.5,68.90087890625,820900,0.0,0.0,0.0
2017-01-13,84.45999908447266,84.45999908447266,84.38999938964844,84.45999908447266,68.86829376220703,1436300,0.0,0.0,0.0
2017-01-17,84.52999877929688,84.55000305175781,84.5,84.5199966430664,68.91718292236328,1326600,0.0,0.0,0.0
2017-01-18,84.48999786376953,84.5199966430664,84.41999816894531,84.44000244140625,68.85198974609375,996100,0.0,0.0,0.0
2017-01-19,84.38999938964844,84.44000244140625,84.38999938964844,84.41000366210938,68.8275146484375,963500,0.0,0.0,0.0
2017-01-20,84.41999816894531,84.5,84.41999816894531,84.45999908447266,68.86829376220703,1134400,0.0,0.0,0.0
2017-01-23,84.5199966430664,84.56999969482422,84.48999786376953,84.54000091552734,68.93353271484375,1546900,0.0,0.0,0.0
2017-01-24,84.52999877929688,84.52999877929688,84.4800033569336,84.48999786376953,68.89273071289062,5300100,0.0,0.0,0.0
2017-01-25,84.4800033569336,84.4800033569336,84.44000244140625,84.47000122070312,68.8764419555664,1454500,0.0,0.0,0.0
2017-01-26,84.45999908447266,84.5,84.44000244140625,84.4800033569336,68.88465881347656,1658000,0.0,0.0,0.0
2017-01-27,84.48999786376953,84.52999877929688,84.48999786376953,84.5199966430664,68.91718292236328,1184700,0.0,0.0,0.0
2017-01-30,84.5199966430664,84.54000091552734,84.5,84.5199966430664,68.91718292236328,1381300,0.0,0.0,0.0
2017-01-31,84.51000213623047,84.56999969482422,84.51000213623047,84.54000091552734,68.93353271484375,1207800,0.0,0.0,0.0
2017-02-01,84.41000366210938,84.5,84.37999725341797,84.45999908447266,68.90984344482422,2079600,0.051,0.0,0.0
2017-02-02,84.4800033569336,84.51000213623047,84.47000122070312,84.48999786376953,68.93434143066406,1341800,0.0,0.0,0.0
2017-02-03,84.5199966430664,84.55000305175781,84.45999908447266,84.45999908447266,68.90984344482422,1433300,0.0,0.0,0.0
2017-02-06,84.52999877929688,84.56999969482422,84.5199966430664,84.55000305175781,68.98326873779297,1663400,0.0,0.0,0.0
2017-02-07,84.55999755859375,84.58000183105469,84.52999877929688,84.52999877929688,68.96697235107422,730000,0.0,0.0,0.0
2017-02-08,84.56999969482422,84.61000061035156,84.55000305175781,84.61000061035156,69.03221130371094,1197000,0.0,0.0,0.0
2017-02-09,84.58000183105469,84.58999633789062,84.5199966430664,84.54000091552734,68.97512817382812,1149800,0.0,0.0,0.0
2017-02-10,84.51000213623047,84.55000305175781,84.51000213623047,84.52999877929688,68.96697235107422,968400,0.0,0.0,0.0
2017-02-13,84.5,84.5199966430664,84.48999786376953,84.51000213623047,68.95065307617188,666000,0.0,0.0,0.0
2017-02-14,84.48999786376953,84.51000213623047,84.43000030517578,84.44999694824219,68.90167236328125,781100,0.0,0.0,0.0
2017-02-15,84.4000015258789,84.44000244140625,84.38999938964844,84.41999816894531,68.87725067138672,963900,0.0,0.0,0.0
2017-02-16,84.44999694824219,84.5,84.43000030517578,84.45999908447266,68.90984344482422,1933700,0.0,0.0,0.0
2017-02-17,84.52999877929688,84.54000091552734,84.5,84.5199966430664,68.95880126953125,986600,0.0,0.0,0.0
2017-02-21,84.51000213623047,84.52999877929688,84.48999786376953,84.52999877929688,68.96697235107422,840400,0.0,0.0,0.0
2017-02-22,84.55000305175781,84.56999969482422,84.48999786376953,84.55000305175781,68.98326873779297,695300,0.0,0.0,0.0
2017-02-23,84.56999969482422,84.5999984741211,84.56999969482422,84.58999633789062,69.01592254638672,1517100,0.0,0.0,0.0
2017-02-24,84.62000274658203,84.66999816894531,84.62000274658203,84.62999725341797,69.04855346679688,587700,0.0,0.0,0.0
2017-02-27,84.63999938964844,84.63999938964844,84.55000305175781,84.55999755859375,68.9914321899414,1030700,0.0,0.0,0.0
2017-02-28,84.56999969482422,84.5999984741211,84.5199966430664,84.5199966430664,68.95880126953125,1043500,0.0,0.0,0.0
2017-03-01,84.37000274658203,84.4000015258789,84.36000061035156,84.4000015258789,68.90492248535156,1541500,0.054,0.0,0.0
2017-03-02,84.3499984741211,84.36000061035156,84.29000091552734,84.30999755859375,68.8314437866211,930300,0.0,0.0,0.0
2017-03-03,84.31999969482422,84.36000061035156,84.30000305175781,84.33000183105469,68.84776306152344,1569200,0.0,0.0,0.0
2017-03-06,84.33999633789062,84.36000061035156,84.33000183105469,84.3499984741211,68.86405181884766,684600,0.0,0.0,0.0
2017-03-07,84.33000183105469,84.33999633789062,84.30000305175781,84.31999969482422,68.8395767211914,652600,0.0,0.0,0.0
2017-03-08,84.25,84.29000091552734,84.23999786376953,84.25,68.78245544433594,862700,0.0,0.0,0.0
2017-03-09,84.26000213623047,84.2699966430664,84.2300033569336,84.23999786376953,68.7742919921875,862900,0.0,0.0,0.0
2017-03-10,84.26000213623047,84.29000091552734,84.25,84.29000091552734,68.81512451171875,784400,0.0,0.0,0.0
2017-03-13,84.27999877929688,84.29000091552734,84.25,84.25,68.78245544433594,884100,0.0,0.0,0.0
2017-03-14,84.23999786376953,84.29000091552734,84.23999786376953,84.23999786376953,68.7742919921875,966000,0.0,0.0,0.0
2017-03-15,84.26000213623047,84.41000366210938,84.23999786376953,84.4000015258789,68.90492248535156,1102800,0.0,0.0,0.0
2017-03-16,84.3499984741211,84.38999938964844,84.33999633789062,84.33999633789062,68.85598754882812,925700,0.0,0.0,0.0
2017-03-17,84.37999725341797,84.41000366210938,84.36000061035156,84.37999725341797,68.88861846923828,657800,0.0,0.0,0.0
2017-03-20,84.4000015258789,84.43000030517578,84.37999725341797,84.43000030517578,68.92938995361328,778000,0.0,0.0,0.0
2017-03-21,84.41999816894531,84.4800033569336,84.41000366210938,84.47000122070312,68.96208953857422,739000,0.0,0.0,0.0
2017-03-22,84.51000213623047,84.52999877929688,84.48999786376953,84.48999786376953,68.9783706665039,1028600,0.0,0.0,0.0
2017-03-23,84.51000213623047,84.52999877929688,84.45999908447266,84.48999786376953,68.9783706665039,868200,0.0,0.0,0.0
2017-03-24,84.4800033569336,84.5199966430664,84.47000122070312,84.48999786376953,68.9783706665039,1119700,0.0,0.0,0.0
2017-03-27,84.54000091552734,84.56999969482422,84.51000213623047,84.5199966430664,69.00289916992188,943400,0.0,0.0,0.0
2017-03-28,84.54000091552734,84.55000305175781,84.45999908447266,84.4800033569336,68.97025299072266,782600,0.0,0.0,0.0
2017-03-29,84.5,84.52999877929688,84.5,84.52999877929688,69.01105499267578,1043900,0.0,0.0,0.0
2017-03-30,84.5,84.52999877929688,84.48999786376953,84.51000213623047,68.99474334716797,576900,0.0,0.0,0.0
2017-03-31,84.52999877929688,84.55999755859375,84.5199966430664,84.5199966430664,69.00289916992188,949900,0.0,0.0,0.0
2017-04-03,84.4800033569336,84.54000091552734,84.4800033569336,84.54000091552734,69.06661987304688,2146600,0.058,0.0,0.0
2017-04-04,84.5199966430664,84.5199966430664,84.48999786376953,84.51000213623047,69.0421371459961,927100,0.0,0.0,0.0
2017-04-05,84.5,84.54000091552734,84.47000122070312,84.51000213623047,69.0421371459961,1177000,0.0,0.0,0.0
2017-04-06,84.5,84.52999877929688,84.48999786376953,84.52999877929688,69.05843353271484,500800,0.0,0.0,0.0
2017-04-07,84.51000213623047,84.54000091552734,84.41999816894531,84.41999816894531,68.96858215332031,504000,0.0,0.0,0.0
2017-04-10,84.44999694824219,84.48999786376953,84.44000244140625,84.45999908447266,69.00125122070312,605700,0.0,0.0,0.0
2017-04-11,84.5,84.56999969482422,84.5,84.54000091552734,69.06661987304688,560800,0.0,0.0,0.0
2017-04-12,84.55999755859375,84.5999984741211,84.52999877929688,84.5999984741211,69.11556243896484,576200,0.0,0.0,0.0
2017-04-13,84.58999633789062,84.63999938964844,84.58000183105469,84.63999938964844,69.14830780029297,969900,0.0,0.0,0.0
2017-04-17,84.62999725341797,84.6500015258789,84.61000061035156,84.62999725341797,69.14016723632812,727700,0.0,0.0,0.0
2017-04-18,84.6500015258789,84.69999694824219,84.6500015258789,84.69999694824219,69.19731903076172,905300,0.0,0.0,0.0
2017-04-19,84.66999816894531,84.69000244140625,84.6500015258789,84.66000366210938,69.16466522216797,968300,0.0,0.0,0.0
2017-04-20,84.63999938964844,84.66999816894531,84.62999725341797,84.6500015258789,69.15648651123047,668300,0.0,0.0,0.0
2017-04-21,84.66999816894531,84.69999694824219,84.66000366210938,84.69000244140625,69.1891860961914,589800,0.0,0.0,0.0
2017-04-24,84.58999633789062,84.62000274658203,84.56999969482422,84.5999984741211,69.11556243896484,1001600,0.0,0.0,0.0
2017-04-25,84.55999755859375,84.56999969482422,84.5199966430664,84.5199966430664,69.05029296875,905900,0.0,0.0,0.0
2017-04-26,84.55000305175781,84.56999969482422,84.5199966430664,84.55000305175781,69.07478332519531,594300,0.0,0.0,0.0
2017-04-27,84.55999755859375,84.62000274658203,84.55999755859375,84.58000183105469,69.09929656982422,785200,0.0,0.0,0.0
2017-04-28,84.56999969482422,84.62000274658203,84.55999755859375,84.62000274658203,69.13201141357422,1708200,0.0,0.0,0.0
2017-05-01,84.5199966430664,84.55000305175781,84.48999786376953,84.5,69.08454132080078,2918600,0.062,0.0,0.0
2017-05-02,84.5,84.55000305175781,84.5,84.52999877929688,69.10908508300781,982500,0.0,0.0,0.0
2017-05-03,84.52999877929688,84.52999877929688,84.47000122070312,84.47000122070312,69.06002807617188,923400,0.0,0.0,0.0
2017-05-04,84.44999694824219,84.4800033569336,84.44000244140625,84.45999908447266,69.05183410644531,817400,0.0,0.0,0.0
2017-05-05,84.45999908447266,84.48999786376953,84.44999694824219,84.48999786376953,69.07637023925781,615200,0.0,0.0,0.0
2017-05-08,84.47000122070312,84.47000122070312,84.43000030517578,84.44999694824219,69.04363250732422,633500,0.0,0.0,0.0
2017-05-09,84.41999816894531,84.44000244140625,84.4000015258789,84.41000366210938,69.0109634399414,802100,0.0,0.0,0.0
2017-05-10,84.44999694824219,84.44999694824219,84.41000366210938,84.43000030517578,69.02729797363281,665700,0.0,0.0,0.0
2017-05-11,84.38999938964844,84.45999908447266,84.38999938964844,84.44000244140625,69.03550720214844,545700,0.0,0.0,0.0
2017-05-12,84.5,84.55000305175781,84.5,84.54000091552734,69.11726379394531,470500,0.0,0.0,0.0
2017-05-15,84.51000213623047,84.54000091552734,84.51000213623047,84.52999877929688,69.10908508300781,751400,0.0,0.0,0.0
2017-05-16,84.5199966430664,84.55000305175781,84.5,84.52999877929688,69.10908508300781,611900,0.0,0.0,0.0
2017-05-17,84.58999633789062,84.63999938964844,84.58000183105469,84.62000274658203,69.18266296386719,663200,0.0,0.0,0.0
2017-05-18,84.62000274658203,84.62000274658203,84.58000183105469,84.58000183105469,69.14997100830078,829100,0.0,0.0,0.0
2017-05-19,84.61000061035156,84.61000061035156,84.55999755859375,84.5999984741211,69.16627502441406,503800,0.0,0.0,0.0
2017-05-22,84.58000183105469,84.58999633789062,84.56999969482422,84.56999969482422,69.14175415039062,478000,0.0,0.0,0.0
2017-05-23,84.58000183105469,84.5999984741211,84.51000213623047,84.54000091552734,69.11726379394531,1060200,0.0,0.0,0.0
2017-05-24,84.55000305175781,84.58999633789062,84.5199966430664,84.58999633789062,69.15808868408203,1055200,0.0,0.0,0.0
2017-05-25,84.56999969482422,84.5999984741211,84.56999969482422,84.58999633789062,69.15808868408203,644300,0.0,0.0,0.0
2017-05-26,84.58999633789062,84.5999984741211,84.56999969482422,84.58000183105469,69.14997100830078,482100,0.0,0.0,0.0
2017-05-30,84.5999984741211,84.61000061035156,84.58999633789062,84.61000061035156,69.17447662353516,486600,0.0,0.0,0.0
2017-05-31,84.62000274658203,84.62999725341797,84.5999984741211,84.62000274658203,69.18266296386719,1043200,0.0,0.0,0.0
2017-06-01,84.5,84.54000091552734,84.5,84.54000091552734,69.16958618164062,1191800,0.064,0.0,0.0
2017-06-02,84.56999969482422,84.5999984741211,84.55999755859375,84.5999984741211,69.2186508178711,1068700,0.0,0.0,0.0
2017-06-05,84.55000305175781,84.55000305175781,84.52999877929688,84.52999877929688,69.161376953125,661500,0.0,0.0,0.0
2017-06-06,84.56999969482422,84.58000183105469,84.55000305175781,84.55999755859375,69.18597412109375,688000,0.0,0.0,0.0
2017-06-07,84.52999877929688,84.55000305175781,84.5199966430664,84.52999877929688,69.161376953125,765900,0.0,0.0,0.0
2017-06-08,84.51000213623047,84.52999877929688,84.5,84.51000213623047,69.14501953125,2621000,0.0,0.0,0.0
2017-06-09,84.4800033569336,84.51000213623047,84.47000122070312,84.4800033569336,69.12051391601562,1255200,0.0,0.0,0.0
2017-06-12,84.45999908447266,84.5,84.45999908447266,84.47000122070312,69.11229705810547,804700,0.0,0.0,0.0
2017-06-13,84.44999694824219,84.4800033569336,84.44999694824219,84.47000122070312,69.11229705810547,533300,0.0,0.0,0.0
2017-06-14,84.55999755859375,84.5999984741211,84.48999786376953,84.51000213623047,69.14501953125,788800,0.0,0.0,0.0
2017-06-15,84.48999786376953,84.48999786376953,84.47000122070312,84.4800033569336,69.12051391601562,627600,0.0,0.0,0.0
2017-06-16,84.5,84.54000091552734,84.5,84.5199966430664,69.15316009521484,685600,0.0,0.0,0.0
2017-06-19,84.4800033569336,84.48999786376953,84.44999694824219,84.47000122070312,69.11229705810547,617700,0.0,0.0,0.0
2017-06-20,84.44999694824219,84.48999786376953,84.44999694824219,84.4800033569336,69.12051391601562,751400,0.0,0.0,0.0
2017-06-21,84.45999908447266,84.51000213623047,84.45999908447266,84.48999786376953,69.12867736816406,1073600,0.0,0.0,0.0
2017-06-22,84.5199966430664,84.54000091552734,84.5,84.5,69.1368179321289,542000,0.0,0.0,0.0
2017-06-23,84.52999877929688,84.55000305175781,84.51000213623047,84.55000305175781,69.17772674560547,679000,0.0,0.0,0.0
2017-06-26,84.5199966430664,84.55000305175781,84.5199966430664,84.55000305175781,69.17772674560547,1068500,0.0,0.0,0.0
2017-06-27,84.5,84.51000213623047,84.4800033569336,84.5,69.1368179321289,1192500,0.0,0.0,0.0
2017-06-28,84.5199966430664,84.54000091552734,84.51000213623047,84.54000091552734,69.16958618164062,4031800,0.0,0.0,0.0
2017-06-29,84.4800033569336,84.51000213623047,84.4800033569336,84.48999786376953,69.12867736816406,565400,0.0,0.0,0.0
2017-06-30,84.5199966430664,84.5199966430664,84.47000122070312,84.48999786376953,69.12867736816406,825000,0.0,0.0,0.0
2017-07-03,84.41999816894531,84.41999816894531,84.3499984741211,84.36000061035156,69.0770492553711,968100,0.067,0.0,0.0
2017-07-05,84.36000061035156,84.41000366210938,84.3499984741211,84.38999938964844,69.10164642333984,3032900,0.0,0.0,0.0
2017-07-06,84.38999938964844,84.41000366210938,84.37000274658203,84.41000366210938,69.11800384521484,652900,0.0,0.0,0.0
2017-07-07,84.41000366210938,84.43000030517578,84.37999725341797,84.4000015258789,69.10985565185547,783100,0.0,0.0,0.0
2017-07-10,84.43000030517578,84.44000244140625,84.41999816894531,84.44000244140625,69.142578125,402500,0.0,0.0,0.0
2017-07-11,84.41999816894531,84.47000122070312,84.41999816894531,84.47000122070312,69.16714477539062,1615500,0.0,0.0,0.0
2017-07-12,84.51000213623047,84.52999877929688,84.4800033569336,84.51000213623047,69.19989776611328,1069900,0.0,0.0,0.0
2017-07-13,84.4800033569336,84.5,84.45999908447266,84.47000122070312,69.16714477539062,532200,0.0,0.0,0.0
2017-07-14,84.54000091552734,84.55000305175781,84.5,84.51000213623047,69.19989776611328,1362300,0.0,0.0,0.0
2017-07-17,84.5,84.52999877929688,84.48999786376953,84.5199966430664,69.20805358886719,496700,0.0,0.0,0.0
2017-07-18,84.5199966430664,84.54000091552734,84.5199966430664,84.54000091552734,69.22450256347656,625500,0.0,0.0,0.0
2017-07-19,84.52999877929688,84.54000091552734,84.5199966430664,84.54000091552734,69.22450256347656,919000,0.0,0.0,0.0
2017-07-20,84.55000305175781,84.55999755859375,84.52999877929688,84.54000091552734,69.22450256347656,1083200,0.0,0.0,0.0
2017-07-21,84.55000305175781,84.58000183105469,84.55000305175781,84.58000183105469,69.25721740722656,589600,0.0,0.0,0.0
2017-07-24,84.54000091552734,84.55999755859375,84.54000091552734,84.55000305175781,69.23263549804688,441000,0.0,0.0,0.0
2017-07-25,84.51000213623047,84.5199966430664,84.4800033569336,84.5,69.19170379638672,571600,0.0,0.0,0.0
2017-07-26,84.5,84.56999969482422,84.5,84.55999755859375,69.24083709716797,493400,0.0,0.0,0.0
2017-07-27,84.54000091552734,84.55999755859375,84.52999877929688,84.54000091552734,69.22450256347656,475400,0.0,0.0,0.0
2017-07-28,84.55999755859375,84.58999633789062,84.55000305175781,84.58999633789062,69.2653579711914,709100,0.0,0.0,0.0
2017-07-31,84.55999755859375,84.58999633789062,84.55999755859375,84.58000183105469,69.25721740722656,876400,0.0,0.0,0.0
2017-08-01,84.48999786376953,84.54000091552734,84.48999786376953,84.54000091552734,69.28265380859375,1314500,0.071,0.0,0.0
2017-08-02,84.48999786376953,84.52999877929688,84.48999786376953,84.5,69.24983978271484,994200,0.0,0.0,0.0
2017-08-03,84.52999877929688,84.55000305175781,84.51000213623047,84.52999877929688,69.27444458007812,1149200,0.0,0.0,0.0
2017-08-04,84.5199966430664,84.52999877929688,84.5,84.5,69.24983978271484,617200,0.0,0.0,0.0
2017-08-07,84.51000213623047,84.52999877929688,84.5,84.52999877929688,69.27444458007812,712300,0.0,0.0,0.0
2017-08-08,84.52999877929688,84.52999877929688,84.48999786376953,84.52999877929688,69.27444458007812,747200,0.0,0.0,0.0
2017-08-09,84.56999969482422,84.5999984741211,84.5199966430664,84.5199966430664,69.26622772216797,734300,0.0,0.0,0.0
2017-08-10,84.55000305175781,84.58000183105469,84.55000305175781,84.55000305175781,69.29080963134766,959700,0.0,0.0,0.0
2017-08-11,84.58000183105469,84.66000366210938,84.58000183105469,84.66000366210938,69.38095092773438,737100,0.0,0.0,0.0
2017-08-14,84.62999725341797,84.63999938964844,84.58000183105469,84.58999633789062,69.32352447509766,405500,0.0,0.0,0.0
2017-08-15,84.55999755859375,84.56999969482422,84.54000091552734,84.55000305175781,69.29080963134766,432300,0.0,0.0,0.0
2017-08-16,84.52999877929688,84.61000061035156,84.52999877929688,84.5999984741211,69.331787109375,655500,0.0,0.0,0.0
2017-08-17,84.5999984741211,84.63999938964844,84.58000183105469,84.62000274658203,69.34822082519531,581400,0.0,0.0,0.0
2017-08-18,84.66000366210938,84.66999816894531,84.61000061035156,84.61000061035156,69.34000396728516,674000,0.0,0.0,0.0
2017-08-21,84.62000274658203,84.66000366210938,84.62000274658203,84.62999725341797,69.35638427734375,928700,0.0,0.0,0.0
2017-08-22,84.62999725341797,84.62999725341797,84.58999633789062,84.62000274658203,69.34822082519531,1012100,0.0,0.0,0.0
2017-08-23,84.62000274658203,84.69999694824219,84.62000274658203,84.69999694824219,69.41372680664062,438300,0.0,0.0,0.0
2017-08-24,84.63999938964844,84.63999938964844,84.5999984741211,84.62000274658203,69.34822082519531,494800,0.0,0.0,0.0
2017-08-25,84.62000274658203,84.6500015258789,84.58999633789062,84.6500015258789,69.3727798461914,513700,0.0,0.0,0.0
2017-08-28,84.63999938964844,84.6500015258789,84.62000274658203,84.62000274658203,69.34822082519531,866300,0.0,0.0,0.0
2017-08-29,84.69999694824219,84.69999694824219,84.6500015258789,84.66000366210938,69.38095092773438,1181800,0.0,0.0,0.0
2017-08-30,84.66000366210938,84.68000030517578,84.63999938964844,84.68000030517578,69.3973388671875,665700,0.0,0.0,0.0
2017-08-31,84.66999816894531,84.68000030517578,84.6500015258789,84.68000030517578,69.3973388671875,582500,0.0,0.0,0.0
2017-09-01,84.5999984741211,84.62000274658203,84.55000305175781,84.58999633789062,69.38257598876953,943600,0.072,0.0,0.0
2017-09-05,84.62999725341797,84.68000030517578,84.62000274658203,84.66999816894531,69.44820404052734,851600,0.0,0.0,0.0
2017-09-06,84.66000366210938,84.68000030517578,84.62999725341797,84.66000366210938,69.43998718261719,1118700,0.0,0.0,0.0
2017-09-07,84.69000244140625,84.72000122070312,84.66999816894531,84.70999908447266,69.48099517822266,483000,0.0,0.0,0.0
2017-09-08,84.69999694824219,84.72000122070312,84.68000030517578,84.69000244140625,69.46460723876953,486800,0.0,0.0,0.0
2017-09-11,84.66000366210938,84.66999816894531,84.61000061035156,84.61000061035156,69.39903259277344,1052500,0.0,0.0,0.0
2017-09-12,84.5999984741211,84.62000274658203,84.56999969482422,84.56999969482422,69.36620330810547,1752600,0.0,0.0,0.0
2017-09-13,84.58999633789062,84.58999633789062,84.55000305175781,84.55000305175781,69.34978485107422,568300,0.0,0.0,0.0
2017-09-14,84.52999877929688,84.56999969482422,84.5199966430664,84.55999755859375,69.35796356201172,849400,0.0,0.0,0.0
2017-09-15,84.55999755859375,84.55999755859375,84.5199966430664,84.55000305175781,69.34978485107422,581600,0.0,0.0,0.0
2017-09-18,84.5,84.52999877929688,84.5,84.5,69.30876159667969,621600,0.0,0.0,0.0
2017-09-19,84.5199966430664,84.52999877929688,84.5,84.51000213623047,69.31694030761719,433300,0.0,0.0,0.0
2017-09-20,84.54000091552734,84.55000305175781,84.44000244140625,84.44000244140625,69.25958251953125,830900,0.0,0.0,0.0
2017-09-21,84.44999694824219,84.4800033569336,84.41999816894531,84.41999816894531,69.2431640625,949800,0.0,0.0,0.0
2017-09-22,84.47000122070312,84.5,84.44000244140625,84.44000244140625,69.25958251953125,529800,0.0,0.0,0.0
2017-09-25,84.47000122070312,84.5199966430664,84.45999908447266,84.48999786376953,69.30056762695312,587700,0.0,0.0,0.0
2017-09-26,84.48999786376953,84.5,84.47000122070312,84.47000122070312,69.28414916992188,922400,0.0,0.0,0.0
2017-09-27,84.44000244140625,84.45999908447266,84.44000244140625,84.45999908447266,69.27594757080078,462400,0.0,0.0,0.0
2017-09-28,84.47000122070312,84.48999786376953,84.44999694824219,84.47000122070312,69.28414916992188,290800,0.0,0.0,0.0
2017-09-29,84.4800033569336,84.5,84.41999816894531,84.44999694824219,69.26775360107422,880700,0.0,0.0,0.0
2017-10-02,84.37999725341797,84.44000244140625,84.33000183105469,84.44000244140625,69.3194808959961,1087400,0.073,0.0,0.0
2017-10-03,84.37000274658203,84.41000366210938,84.3499984741211,84.38999938964844,69.2784194946289,1170200,0.0,0.0,0.0
2017-10-04,84.37999725341797,84.55000305175781,84.3499984741211,84.55000305175781,69.40979766845703,1180600,0.0,0.0,0.0
2017-10-05,84.36000061035156,84.37999725341797,84.33999633789062,84.37000274658203,69.26202392578125,2329400,0.0,0.0,0.0
2017-10-06,84.30000305175781,84.37000274658203,84.29000091552734,84.33999633789062,69.2374038696289,699200,0.0,0.0,0.0
2017-10-09,84.38999938964844,84.41999816894531,84.33000183105469,84.33999633789062,69.2374038696289,504000,0.0,0.0,0.0
2017-10-10,84.33000183105469,84.37999725341797,84.33000183105469,84.36000061035156,69.25381469726562,700800,0.0,0.0,0.0
2017-10-11,84.33999633789062,84.36000061035156,84.31999969482422,84.3499984741211,69.24562072753906,1205200,0.0,0.0,0.0
2017-10-12,84.33000183105469,84.36000061035156,84.33000183105469,84.33999633789062,69.2374038696289,1248900,0.0,0.0,0.0
2017-10-13,84.37000274658203,84.38999938964844,84.3499984741211,84.38999938964844,69.2784194946289,667800,0.0,0.0,0.0
2017-10-16,84.33999633789062,84.36000061035156,84.30000305175781,84.30999755859375,69.21273040771484,586700,0.0,0.0,0.0
2017-10-17,84.29000091552734,84.31999969482422,84.29000091552734,84.31999969482422,69.22098541259766,818800,0.0,0.0,0.0
2017-10-18,84.26000213623047,84.30000305175781,84.25,84.29000091552734,69.19638061523438,500100,0.0,0.0,0.0
2017-10-19,84.30999755859375,84.3499984741211,84.30000305175781,84.33999633789062,69.2374038696289,524300,0.0,0.0,0.0
2017-10-20,84.30000305175781,84.31999969482422,84.2699966430664,84.29000091552734,69.19638061523438,437100,0.0,0.0,0.0
2017-10-23,84.29000091552734,84.31999969482422,84.29000091552734,84.29000091552734,69.19638061523438,582200,0.0,0.0,0.0
2017-10-24,84.30000305175781,84.30000305175781,84.2699966430664,84.2699966430664,69.17991638183594,2554600,0.0,0.0,0.0
2017-10-25,84.25,84.30000305175781,84.25,84.25,69.16351318359375,1726900,0.0,0.0,0.0
2017-10-26,84.2699966430664,84.29000091552734,84.23999786376953,84.25,69.16351318359375,553700,0.0,0.0,0.0
2017-10-27,84.25,84.31999969482422,84.23999786376953,84.30999755859375,69.21273040771484,698100,0.0,0.0,0.0
2017-10-30,84.33999633789062,84.3499984741211,84.30000305175781,84.3499984741211,69.24562072753906,432400,0.0,0.0,0.0
2017-10-31,84.3499984741211,84.3499984741211,84.27999877929688,84.30000305175781,69.20452117919922,626100,0.0,0.0,0.0
2017-11-01,84.16999816894531,84.20999908447266,84.16999816894531,84.20999908447266,69.19465637207031,840300,0.078,0.0,0.0
2017-11-02,84.2300033569336,84.23999786376953,84.18000030517578,84.2300033569336,69.21112060546875,1821000,0.0,0.0,0.0
2017-11-03,84.26000213623047,84.26000213623047,84.18000030517578,84.18000030517578,69.17003631591797,1300400,0.0,0.0,0.0
2017-11-06,84.19000244140625,84.2300033569336,84.19000244140625,84.2300033569336,69.21112060546875,947400,0.0,0.0,0.0
2017-11-07,84.2300033569336,84.2300033569336,84.19000244140625,84.19000244140625,69.17822265625,747300,0.0,0.0,0.0
2017-11-08,84.18000030517578,84.22000122070312,84.16999816894531,84.18000030517578,69.17003631591797,726500,0.0,0.0,0.0
2017-11-09,84.18000030517578,84.22000122070312,84.16000366210938,84.16999816894531,69.16180419921875,769200,0.0,0.0,0.0
2017-11-10,84.20999908447266,84.20999908447266,84.13999938964844,84.13999938964844,69.13719940185547,619300,0.0,0.0,0.0
2017-11-13,84.16000366210938,84.16999816894531,84.12999725341797,84.12999725341797,69.12893676757812,632800,0.0,0.0,0.0
2017-11-14,84.12999725341797,84.1500015258789,84.12000274658203,84.1500015258789,69.14539337158203,2678000,0.0,0.0,0.0
2017-11-15,84.18000030517578,84.18000030517578,84.11000061035156,84.12000274658203,69.12075805664062,3981000,0.0,0.0,0.0
2017-11-16,84.0999984741211,84.12999725341797,84.08000183105469,84.12999725341797,69.12893676757812,3046700,0.0,0.0,0.0
2017-11-17,84.13999938964844,84.13999938964844,84.08000183105469,84.08000183105469,69.08785247802734,1339800,0.0,0.0,0.0
2017-11-20,84.11000061035156,84.11000061035156,84.05000305175781,84.05000305175781,69.06324005126953,557600,0.0,0.0,0.0
2017-11-21,84.06999969482422,84.06999969482422,84.0199966430664,84.02999877929688,69.04681396484375,584500,0.0,0.0,0.0
2017-11-22,84.08000183105469,84.12000274658203,84.05999755859375,84.0999984741211,69.10432434082031,900900,0.0,0.0,0.0
2017-11-24,84.16000366210938,84.16000366210938,84.08000183105469,84.0999984741211,69.10432434082031,626000,0.0,0.0,0.0
2017-11-27,84.08999633789062,84.12000274658203,84.06999969482422,84.0999984741211,69.10432434082031,1079000,0.0,0.0,0.0
2017-11-28,84.12999725341797,84.12999725341797,84.08000183105469,84.11000061035156,69.11251068115234,564300,0.0,0.0,0.0
2017-11-29,84.08000183105469,84.08999633789062,84.05000305175781,84.08999633789062,69.09608459472656,670600,0.0,0.0,0.0
2017-11-30,84.11000061035156,84.11000061035156,84.0199966430664,84.04000091552734,69.05500030517578,1010700,0.0,0.0,0.0
2017-12-01,83.9800033569336,84.04000091552734,83.91999816894531,83.9800033569336,69.07061767578125,1133000,0.079,0.0,0.0
2017-12-04,83.97000122070312,83.97000122070312,83.91000366210938,83.93000030517578,69.0295181274414,2441200,0.0,0.0,0.0
2017-12-05,83.95999908447266,83.95999908447266,83.88999938964844,83.91999816894531,69.02127838134766,1422200,0.0,0.0,0.0
2017-12-06,84.02999877929688,84.02999877929688,83.94000244140625,83.95999908447266,69.05419921875,1175600,0.0,0.0,0.0
2017-12-07,83.9800033569336,83.9800033569336,83.94000244140625,83.97000122070312,69.06240844726562,1168200,0.0,0.0,0.0
2017-12-08,83.98999786376953,84.0,83.95999908447266,83.97000122070312,69.06240844726562,923000,0.0,0.0,0.0
2017-12-11,83.9800033569336,83.9800033569336,83.91999816894531,83.93000030517578,69.0295181274414,2432000,0.0,0.0,0.0
2017-12-12,83.93000030517578,83.94000244140625,83.9000015258789,83.93000030517578,69.0295181274414,992500,0.0,0.0,0.0
2017-12-13,84.0,84.06999969482422,83.93000030517578,84.0199966430664,69.10350799560547,1112400,0.0,0.0,0.0
2017-12-14,84.0,84.0,83.94999694824219,83.98999786376953,69.07887268066406,1471900,0.0,0.0,0.0
2017-12-15,83.95999908447266,83.95999908447266,83.91000366210938,83.94999694824219,69.04598999023438,983800,0.0,0.0,0.0
2017-12-18,83.95999908447266,83.97000122070312,83.93000030517578,83.94999694824219,69.04598999023438,664900,0.0,0.0,0.0
2017-12-19,83.94000244140625,83.94000244140625,83.9000015258789,83.91000366210938,69.0130615234375,760000,0.0,0.0,0.0
2017-12-20,83.91000366210938,83.94000244140625,83.9000015258789,83.91999816894531,69.02127838134766,840100,0.0,0.0,0.0
2017-12-21,83.83999633789062,83.83999633789062,83.80000305175781,83.81999969482422,69.0163803100586,964500,0.094,0.0,0.0
2017-12-22,83.80000305175781,83.81999969482422,83.79000091552734,83.79000091552734,68.99163818359375,1050900,0.0,0.0,0.0
2017-12-26,83.7699966430664,83.80999755859375,83.7699966430664,83.77999877929688,68.98341369628906,1185500,0.0,0.0,0.0
2017-12-27,83.80000305175781,83.81999969482422,83.79000091552734,83.81999969482422,69.0163803100586,1122300,0.0,0.0,0.0
2017-12-28,83.80999755859375,83.83999633789062,83.80000305175781,83.83000183105469,69.02452087402344,1108200,0.0,0.0,0.0
2017-12-29,83.86000061035156,83.87000274658203,83.83999633789062,83.8499984741211,69.041015625,1210700,0.0,0.0,0.0
2018-01-02,83.8499984741211,83.8499984741211,83.79000091552734,83.81999969482422,69.0163803100586,1786000,0.0,0.0,0.0
2018-01-03,83.80999755859375,83.83999633789062,83.79000091552734,83.81999969482422,69.0163803100586,1040900,0.0,0.0,0.0
2018-01-04,83.7699966430664,83.80000305175781,83.75,83.77999877929688,68.98341369628906,955400,0.0,0.0,0.0
2018-01-05,83.7699966430664,83.79000091552734,83.76000213623047,83.77999877929688,68.98341369628906,850600,0.0,0.0,0.0
2018-01-08,83.80000305175781,83.80000305175781,83.76000213623047,83.77999877929688,68.98341369628906,597700,0.0,0.0,0.0
2018-01-09,83.80000305175781,83.80000305175781,83.75,83.75,68.95873260498047,1551100,0.0,0.0,0.0
2018-01-10,83.77999877929688,83.77999877929688,83.73999786376953,83.77999877929688,68.98341369628906,789500,0.0,0.0,0.0
2018-01-11,83.7699966430664,83.79000091552734,83.75,83.75,68.95873260498047,1047900,0.0,0.0,0.0
2018-01-12,83.80000305175781,83.80000305175781,83.72000122070312,83.73999786376953,68.95048522949219,905000,0.0,0.0,0.0
2018-01-16,83.66000366210938,83.75,83.66000366210938,83.7300033569336,68.94224548339844,2707400,0.0,0.0,0.0
2018-01-17,83.72000122070312,83.72000122070312,83.68000030517578,83.69999694824219,68.9175033569336,2950800,0.0,0.0,0.0
2018-01-18,83.68000030517578,83.69999694824219,83.66000366210938,83.68000030517578,68.90107727050781,1090700,0.0,0.0,0.0
2018-01-19,83.69999694824219,83.70999908447266,83.66000366210938,83.70999908447266,68.92569732666016,1052000,0.0,0.0,0.0
2018-01-22,83.68000030517578,83.68000030517578,83.6500015258789,83.66999816894531,68.89280700683594,973500,0.0,0.0,0.0
2018-01-23,83.68000030517578,83.72000122070312,83.68000030517578,83.72000122070312,68.9339828491211,885600,0.0,0.0,0.0
2018-01-24,83.70999908447266,83.70999908447266,83.66999816894531,83.69999694824219,68.9175033569336,865700,0.0,0.0,0.0
2018-01-25,83.69000244140625,83.69999694824219,83.63999938964844,83.68000030517578,68.90107727050781,757200,0.0,0.0,0.0
2018-01-26,83.70999908447266,83.70999908447266,83.62000274658203,83.62999725341797,68.85985565185547,990600,0.0,0.0,0.0
2018-01-29,83.61000061035156,83.62000274658203,83.58000183105469,83.5999984741211,68.83517456054688,1440100,0.0,0.0,0.0
2018-01-30,83.6500015258789,83.6500015258789,83.58999633789062,83.61000061035156,68.84343719482422,1708600,0.0,0.0,0.0
2018-01-31,83.63999938964844,83.63999938964844,83.55999755859375,83.61000061035156,68.84343719482422,2078700,0.0,0.0,0.0
2018-02-01,83.5199966430664,83.52999877929688,83.47000122070312,83.48999786376953,68.81542205810547,2243800,0.086,0.0,0.0
2018-02-02,83.4800033569336,83.5199966430664,83.44000244140625,83.5,68.82366943359375,1825500,0.0,0.0,0.0
2018-02-05,83.44999694824219,83.68000030517578,83.44999694824219,83.6500015258789,68.947265625,2019800,0.0,0.0,0.0
2018-02-06,83.51000213623047,83.6500015258789,83.51000213623047,83.58999633789062,68.89781188964844,2386700,0.0,0.0,0.0
2018-02-07,83.5199966430664,83.58000183105469,83.48999786376953,83.52999877929688,68.84835052490234,2054000,0.0,0.0,0.0
2018-02-08,83.52999877929688,83.56999969482422,83.4800033569336,83.54000091552734,68.85662078857422,1178600,0.0,0.0,0.0
2018-02-09,83.54000091552734,83.69999694824219,83.5199966430664,83.61000061035156,68.914306640625,3159900,0.0,0.0,0.0
2018-02-12,83.58999633789062,83.58999633789062,83.54000091552734,83.56999969482422,68.88131713867188,1592800,0.0,0.0,0.0
2018-02-13,83.55000305175781,83.56999969482422,83.52999877929688,83.56999969482422,68.88131713867188,1292800,0.0,0.0,0.0
2018-02-14,83.5,83.5,83.43000030517578,83.44999694824219,68.78244018554688,953400,0.0,0.0,0.0
2018-02-15,83.44000244140625,83.45999908447266,83.4000015258789,83.41999816894531,68.7577133178711,1452800,0.0,0.0,0.0
2018-02-16,83.37000274658203,83.47000122070312,83.37000274658203,83.44000244140625,68.77420806884766,728400,0.0,0.0,0.0
2018-02-20,83.41000366210938,83.44000244140625,83.41000366210938,83.43000030517578,68.76593017578125,1448400,0.0,0.0,0.0
2018-02-21,83.43000030517578,83.44999694824219,83.37999725341797,83.44000244140625,68.77420806884766,1540700,0.0,0.0,0.0
2018-02-22,83.44999694824219,83.45999908447266,83.41000366210938,83.44999694824219,68.78244018554688,839300,0.0,0.0,0.0
2018-02-23,83.47000122070312,83.5,83.44999694824219,83.47000122070312,68.79891204833984,753800,0.0,0.0,0.0
2018-02-26,83.51000213623047,83.54000091552734,83.4800033569336,83.4800033569336,68.80713653564453,1445800,0.0,0.0,0.0
2018-02-27,83.52999877929688,83.52999877929688,83.41000366210938,83.41999816894531,68.7577133178711,852300,0.0,0.0,0.0
2018-02-28,83.44999694824219,83.47000122070312,83.43000030517578,83.44000244140625,68.77420806884766,3721300,0.0,0.0,0.0
2018-03-01,83.38999938964844,83.48999786376953,83.36000061035156,83.47000122070312,68.8698959350586,2049900,0.086,0.0,0.0
2018-03-02,83.44999694824219,83.44999694824219,83.4000015258789,83.43000030517578,68.83687591552734,1716600,0.0,0.0,0.0
2018-03-05,83.44999694824219,83.47000122070312,83.4000015258789,83.43000030517578,68.83687591552734,1112200,0.0,0.0,0.0
2018-03-06,83.43000030517578,83.44999694824219,83.4000015258789,83.41000366210938,68.82038879394531,737300,0.0,0.0,0.0
2018-03-07,83.41999816894531,83.44999694824219,83.4000015258789,83.41000366210938,68.82038879394531,1231000,0.0,0.0,0.0
2018-03-08,83.41999816894531,83.44000244140625,83.41000366210938,83.43000030517578,68.83687591552734,608900,0.0,0.0,0.0
2018-03-09,83.38999938964844,83.43000030517578,83.37999725341797,83.38999938964844,68.80388641357422,669000,0.0,0.0,0.0
2018-03-12,83.43000030517578,83.44000244140625,83.38999938964844,83.43000030517578,68.83687591552734,1281200,0.0,0.0,0.0
2018-03-13,83.44999694824219,83.47000122070312,83.43000030517578,83.44999694824219,68.85340881347656,609900,0.0,0.0,0.0
2018-03-14,83.41999816894531,83.48999786376953,83.4000015258789,83.44000244140625,68.84516906738281,1525800,0.0,0.0,0.0
2018-03-15,83.43000030517578,83.47000122070312,83.41999816894531,83.44999694824219,68.85340881347656,1106600,0.0,0.0,0.0
2018-03-16,83.44999694824219,83.44999694824219,83.41000366210938,83.41000366210938,68.82038879394531,878500,0.0,0.0,0.0
2018-03-19,83.4000015258789,83.44999694824219,83.38999938964844,83.41000366210938,68.82038879394531,834900,0.0,0.0,0.0
2018-03-20,83.38999938964844,83.4000015258789,83.36000061035156,83.37999725341797,68.79562377929688,1074700,0.0,0.0,0.0
2018-03-21,83.3499984741211,83.44999694824219,83.33000183105469,83.44000244140625,68.84516906738281,2404500,0.0,0.0,0.0
2018-03-22,83.44000244140625,83.51000213623047,83.44000244140625,83.4800033569336,68.87812805175781,1954900,0.0,0.0,0.0
2018-03-23,83.4800033569336,83.5199966430664,83.45999908447266,83.5,68.8946762084961,1202800,0.0,0.0,0.0
2018-03-26,83.4800033569336,83.5,83.44999694824219,83.45999908447266,68.86168670654297,1729400,0.0,0.0,0.0
2018-03-27,83.45999908447266,83.54000091552734,83.45999908447266,83.5199966430664,68.91114807128906,1732600,0.0,0.0,0.0
2018-03-28,83.54000091552734,83.56999969482422,83.48999786376953,83.52999877929688,68.91938781738281,1899300,0.0,0.0,0.0
2018-03-29,83.5,83.55999755859375,83.5,83.55999755859375,68.94416809082031,2998600,0.0,0.0,0.0
2018-04-02,83.44999694824219,83.52999877929688,83.41999816894531,83.48999786376953,68.96399688720703,3047700,0.094,0.0,0.0
2018-04-03,83.47000122070312,83.4800033569336,83.41999816894531,83.44999694824219,68.93091583251953,3418600,0.0,0.0,0.0
2018-04-04,83.47000122070312,83.47000122070312,83.4000015258789,83.4000015258789,68.88961029052734,1717600,0.0,0.0,0.0
2018-04-05,83.4000015258789,83.43000030517578,83.4000015258789,83.41999816894531,68.90615844726562,1109600,0.0,0.0,0.0
2018-04-06,83.47000122070312,83.48999786376953,83.44000244140625,83.48999786376953,68.96399688720703,1097400,0.0,0.0,0.0
2018-04-09,83.44000244140625,83.4800033569336,83.43000030517578,83.4800033569336,68.95574951171875,1738000,0.0,0.0,0.0
2018-04-10,83.43000030517578,83.45999908447266,83.41000366210938,83.44000244140625,68.92267608642578,1218500,0.0,0.0,0.0
2018-04-11,83.44000244140625,83.45999908447266,83.41999816894531,83.44000244140625,68.92267608642578,985600,0.0,0.0,0.0
2018-04-12,83.41000366210938,83.41000366210938,83.37999725341797,83.38999938964844,68.88137817382812,791100,0.0,0.0,0.0
2018-04-13,83.37000274658203,83.38999938964844,83.36000061035156,83.37000274658203,68.8648681640625,1040900,0.0,0.0,0.0
2018-04-16,83.3499984741211,83.37000274658203,83.33000183105469,83.36000061035156,68.85664367675781,1155900,0.0,0.0,0.0
2018-04-17,83.3499984741211,83.36000061035156,83.33000183105469,83.36000061035156,68.85664367675781,892300,0.0,0.0,0.0
2018-04-18,83.30000305175781,83.30999755859375,83.27999877929688,83.29000091552734,68.79875946044922,971700,0.0,0.0,0.0
2018-04-19,83.30000305175781,83.30999755859375,83.2699966430664,83.29000091552734,68.79875946044922,1410800,0.0,0.0,0.0
2018-04-20,83.2699966430664,83.29000091552734,83.25,83.26000213623047,68.77399444580078,904800,0.0,0.0,0.0
2018-04-23,83.26000213623047,83.26000213623047,83.22000122070312,83.25,68.7657241821289,1861100,0.0,0.0,0.0
2018-04-24,83.22000122070312,83.2699966430664,83.20999908447266,83.2699966430664,68.7822494506836,1999400,0.0,0.0,0.0
2018-04-25,83.2300033569336,83.2699966430664,83.2300033569336,83.26000213623047,68.77399444580078,2176400,0.0,0.0,0.0
2018-04-26,83.29000091552734,83.29000091552734,83.25,83.27999877929688,68.7905044555664,2538700,0.0,0.0,0.0
2018-04-27,83.2699966430664,83.30000305175781,83.2699966430664,83.30000305175781,68.80706024169922,1443700,0.0,0.0,0.0
2018-04-30,83.27999877929688,83.30000305175781,83.2699966430664,83.2699966430664,68.7822494506836,1944700,0.0,0.0,0.0
2018-05-01,83.16999816894531,83.18000030517578,83.12999725341797,83.12999725341797,68.75165557861328,2027800,0.103,0.0,0.0
2018-05-02,83.1500015258789,83.16999816894531,83.12999725341797,83.16000366210938,68.77644348144531,1688600,0.0,0.0,0.0
2018-05-03,83.19999694824219,83.2300033569336,83.19999694824219,83.22000122070312,68.82611846923828,2961500,0.0,0.0,0.0
2018-05-04,83.22000122070312,83.23999786376953,83.18000030517578,83.19000244140625,68.80130004882812,1348100,0.0,0.0,0.0
2018-05-07,83.20999908447266,83.22000122070312,83.19000244140625,83.19000244140625,68.80130004882812,7560400,0.0,0.0,0.0
2018-05-08,83.19000244140625,83.19999694824219,83.18000030517578,83.19999694824219,68.80958557128906,9734900,0.0,0.0,0.0
2018-05-09,83.16999816894531,83.18000030517578,83.16000366210938,83.16000366210938,68.77644348144531,1009600,0.0,0.0,0.0
2018-05-10,83.19000244140625,83.19999694824219,83.16000366210938,83.16000366210938,68.77644348144531,937900,0.0,0.0,0.0
2018-05-11,83.18000030517578,83.18000030517578,83.16000366210938,83.16000366210938,68.77644348144531,710200,0.0,0.0,0.0
2018-05-14,83.16999816894531,83.16999816894531,83.1500015258789,83.16000366210938,68.77644348144531,1024700,0.0,0.0,0.0
2018-05-15,83.12000274658203,83.13999938964844,83.08999633789062,83.11000061035156,68.73514556884766,1087000,0.0,0.0,0.0
2018-05-16,83.11000061035156,83.12000274658203,83.0999984741211,83.11000061035156,68.73514556884766,704700,0.0,0.0,0.0
2018-05-17,83.13999938964844,83.13999938964844,83.12000274658203,83.12999725341797,68.75165557861328,1015700,0.0,0.0,0.0
2018-05-18,83.18000030517578,83.19999694824219,83.16999816894531,83.16999816894531,68.78472137451172,922800,0.0,0.0,0.0
2018-05-21,83.16000366210938,83.16999816894531,83.1500015258789,83.16999816894531,68.78472137451172,1286500,0.0,0.0,0.0
2018-05-22,83.16000366210938,83.18000030517578,83.1500015258789,83.16999816894531,68.78472137451172,793000,0.0,0.0,0.0
2018-05-23,83.19999694824219,83.2699966430664,83.19000244140625,83.23999786376953,68.84262084960938,1179600,0.0,0.0,0.0
2018-05-24,83.30000305175781,83.33000183105469,83.29000091552734,83.29000091552734,68.88399505615234,1384800,0.0,0.0,0.0
2018-05-25,83.3499984741211,83.37999725341797,83.3499984741211,83.36000061035156,68.9418716430664,611800,0.0,0.0,0.0
2018-05-29,83.43000030517578,83.63999938964844,83.43000030517578,83.5999984741211,69.14038848876953,2137500,0.0,0.0,0.0
2018-05-30,83.54000091552734,83.54000091552734,83.47000122070312,83.5,69.05772399902344,1674700,0.0,0.0,0.0
2018-05-31,83.48999786376953,83.5,83.43000030517578,83.45999908447266,69.02460479736328,5749300,0.0,0.0,0.0
2018-06-01,83.27999877929688,83.30000305175781,83.25,83.2699966430664,68.9715576171875,3230600,0.126,0.0,0.0
2018-06-04,83.23999786376953,83.26000213623047,83.19999694824219,83.19999694824219,68.91358184814453,1146300,0.0,0.0,0.0
2018-06-05,83.23999786376953,83.29000091552734,83.20999908447266,83.25,68.95497131347656,16965800,0.0,0.0,0.0
2018-06-06,83.22000122070312,83.23999786376953,83.20999908447266,83.22000122070312,68.93016052246094,4984700,0.0,0.0,0.0
2018-06-07,83.20999908447266,83.33999633789062,83.20999908447266,83.30000305175781,68.99641418457031,4351000,0.0,0.0,0.0
2018-06-08,83.27999877929688,83.30999755859375,83.26000213623047,83.27999877929688,68.9798583984375,2376000,0.0,0.0,0.0
2018-06-11,83.2300033569336,83.26000213623047,83.20999908447266,83.25,68.95497131347656,3759000,0.0,0.0,0.0
2018-06-12,83.20999908447266,83.2300033569336,83.20999908447266,83.20999908447266,68.92184448242188,3024700,0.0,0.0,0.0
2018-06-13,83.20999908447266,83.2300033569336,83.13999938964844,83.16999816894531,68.88873291015625,2351600,0.0,0.0,0.0
2018-06-14,83.19000244140625,83.20999908447266,83.18000030517578,83.19999694824219,68.91358184814453,1737400,0.0,0.0,0.0
2018-06-15,83.23999786376953,83.2699966430664,83.2300033569336,83.23999786376953,68.94670867919922,2663700,0.0,0.0,0.0
2018-06-18,83.23999786376953,83.26000213623047,83.2300033569336,83.26000213623047,68.96331024169922,1027000,0.0,0.0,0.0
2018-06-19,83.30000305175781,83.30000305175781,83.2699966430664,83.29000091552734,68.98809814453125,2348500,0.0,0.0,0.0
2018-06-20,83.27999877929688,83.29000091552734,83.23999786376953,83.25,68.95497131347656,1369300,0.0,0.0,0.0
2018-06-21,83.26000213623047,83.30999755859375,83.26000213623047,83.30000305175781,68.99641418457031,825200,0.0,0.0,0.0
2018-06-22,83.30000305175781,83.30999755859375,83.27999877929688,83.30999755859375,69.00468444824219,1154300,0.0,0.0,0.0
2018-06-25,83.31999969482422,83.3499984741211,83.30999755859375,83.33999633789062,69.0295639038086,721300,0.0,0.0,0.0
2018-06-26,83.33999633789062,83.3499984741211,83.31999969482422,83.33999633789062,69.0295639038086,3127700,0.0,0.0,0.0
2018-06-27,83.37999725341797,83.4000015258789,83.3499984741211,83.38999938964844,69.07097625732422,4012200,0.0,0.0,0.0
2018-06-28,83.41000366210938,83.41000366210938,83.36000061035156,83.38999938964844,69.07097625732422,1050000,0.0,0.0,0.0
2018-06-29,83.36000061035156,83.37999725341797,83.3499984741211,83.37000274658203,69.05438232421875,4904600,0.0,0.0,0.0
2018-07-02,83.26000213623047,83.26000213623047,83.19999694824219,83.2300033569336,69.04608917236328,3517800,0.13,0.0,0.0
2018-07-03,83.2300033569336,83.26000213623047,83.20999908447266,83.26000213623047,69.07101440429688,1330300,0.0,0.0,0.0
2018-07-05,83.25,83.2699966430664,83.22000122070312,83.25,69.06266021728516,1892600,0.0,0.0,0.0
2018-07-06,83.2699966430664,83.2699966430664,83.25,83.2699966430664,69.07926940917969,3113200,0.0,0.0,0.0
2018-07-09,83.23999786376953,83.25,83.22000122070312,83.22000122070312,69.03781127929688,1378700,0.0,0.0,0.0
2018-07-10,83.2300033569336,83.2300033569336,83.19999694824219,83.20999908447266,69.02948760986328,2161800,0.0,0.0,0.0
2018-07-11,83.2300033569336,83.23999786376953,83.19999694824219,83.23999786376953,69.05438232421875,953300,0.0,0.0,0.0
2018-07-12,83.20999908447266,83.2300033569336,83.19999694824219,83.2300033569336,69.04608917236328,1299000,0.0,0.0,0.0
2018-07-13,83.25,83.26000213623047,83.2300033569336,83.25,69.06266021728516,1241400,0.0,0.0,0.0
2018-07-16,83.22000122070312,83.2300033569336,83.19999694824219,83.2300033569336,69.04608917236328,1530600,0.0,0.0,0.0
2018-07-17,83.23999786376953,83.23999786376953,83.20999908447266,83.22000122070312,69.03781127929688,2830600,0.0,0.0,0.0
2018-07-18,83.2300033569336,83.2300033569336,83.19999694824219,83.20999908447266,69.02948760986328,972800,0.0,0.0,0.0
2018-07-19,83.20999908447266,83.29000091552734,83.20999908447266,83.25,69.06266021728516,1185300,0.0,0.0,0.0
2018-07-20,83.27999877929688,83.29000091552734,83.23999786376953,83.25,69.06266021728516,1730800,0.0,0.0,0.0
2018-07-23,83.23999786376953,83.25,83.19999694824219,83.19999694824219,69.02119445800781,1083100,0.0,0.0,0.0
2018-07-24,83.20999908447266,83.20999908447266,83.18000030517578,83.20999908447266,69.02948760986328,1563400,0.0,0.0,0.0
2018-07-25,83.20999908447266,83.22000122070312,83.18000030517578,83.18000030517578,69.00460052490234,682800,0.0,0.0,0.0
2018-07-26,83.19999694824219,83.20999908447266,83.1500015258789,83.18000030517578,69.00460052490234,2208500,0.0,0.0,0.0
2018-07-27,83.19000244140625,83.20999908447266,83.18000030517578,83.19000244140625,69.01293182373047,1425300,0.0,0.0,0.0
2018-07-30,83.19000244140625,83.19999694824219,83.18000030517578,83.19000244140625,69.01293182373047,4199600,0.0,0.0,0.0
2018-07-31,83.20999908447266,83.20999908447266,83.19000244140625,83.19000244140625,69.01293182373047,2525700,0.0,0.0,0.0
2018-08-01,83.05000305175781,83.06999969482422,83.04000091552734,83.05999755859375,69.01959228515625,9125200,0.138,0.0,0.0
2018-08-02,83.08999633789062,83.11000061035156,83.08000183105469,83.11000061035156,69.06112670898438,1911300,0.0,0.0,0.0
2018-08-03,83.0999984741211,83.13999938964844,83.0999984741211,83.12000274658203,69.06945037841797,1371200,0.0,0.0,0.0
2018-08-06,83.1500015258789,83.1500015258789,83.12999725341797,83.13999938964844,69.08604431152344,1148200,0.0,0.0,0.0
2018-08-07,83.12999725341797,83.12999725341797,83.08999633789062,83.11000061035156,69.06112670898438,927500,0.0,0.0,0.0
2018-08-08,83.12999725341797,83.12999725341797,83.11000061035156,83.12000274658203,69.06945037841797,1438200,0.0,0.0,0.0
2018-08-09,83.13999938964844,83.16999816894531,83.13999938964844,83.16999816894531,69.11097717285156,660700,0.0,0.0,0.0
2018-08-10,83.22000122070312,83.26000213623047,83.20999908447266,83.25,69.17744445800781,1496600,0.0,0.0,0.0
2018-08-13,83.22000122070312,83.25,83.20999908447266,83.2300033569336,69.16080474853516,1577400,0.0,0.0,0.0
2018-08-14,83.2300033569336,83.2300033569336,83.20999908447266,83.2300033569336,69.16080474853516,1285500,0.0,0.0,0.0
2018-08-15,83.25,83.29000091552734,83.2300033569336,83.2699966430664,69.19404602050781,775000,0.0,0.0,0.0
2018-08-16,83.25,83.2699966430664,83.2300033569336,83.25,69.17744445800781,988000,0.0,0.0,0.0
2018-08-17,83.2699966430664,83.29000091552734,83.26000213623047,83.27999877929688,69.20238494873047,783400,0.0,0.0,0.0
2018-08-20,83.30999755859375,83.33000183105469,83.29000091552734,83.33000183105469,69.2439193725586,761700,0.0,0.0,0.0
2018-08-21,83.29000091552734,83.30999755859375,83.29000091552734,83.30999755859375,69.22728729248047,1449900,0.0,0.0,0.0
2018-08-22,83.31999969482422,83.33999633789062,83.30999755859375,83.33000183105469,69.2439193725586,609800,0.0,0.0,0.0
2018-08-23,83.33000183105469,83.33999633789062,83.30999755859375,83.31999969482422,69.235595703125,702700,0.0,0.0,0.0
2018-08-24,83.29000091552734,83.33000183105469,83.29000091552734,83.33000183105469,69.2439193725586,2277200,0.0,0.0,0.0
2018-08-27,83.29000091552734,83.30999755859375,83.29000091552734,83.30000305175781,69.218994140625,952800,0.0,0.0,0.0
2018-08-28,83.2699966430664,83.29000091552734,83.26000213623047,83.2699966430664,69.19404602050781,931800,0.0,0.0,0.0
2018-08-29,83.27999877929688,83.27999877929688,83.23999786376953,83.26000213623047,69.18575286865234,582200,0.0,0.0,0.0
2018-08-30,83.27999877929688,83.31999969482422,83.27999877929688,83.31999969482422,69.235595703125,1657100,0.0,0.0,0.0
2018-08-31,83.33999633789062,83.3499984741211,83.33000183105469,83.33999633789062,69.25221252441406,4047500,0.0,0.0,0.0
2018-09-04,83.19999694824219,83.22000122070312,83.16000366210938,83.19000244140625,69.23641204833984,1358700,0.131,0.0,0.0
2018-09-05,83.19000244140625,83.19999694824219,83.16999816894531,83.19000244140625,69.23641204833984,846300,0.0,0.0,0.0
2018-09-06,83.20999908447266,83.25,83.19999694824219,83.22000122070312,69.26139831542969,5085900,0.0,0.0,0.0
2018-09-07,83.16999816894531,83.16999816894531,83.12999725341797,83.12999725341797,69.18648529052734,835500,0.0,0.0,0.0
2018-09-10,83.13999938964844,83.1500015258789,83.12999725341797,83.13999938964844,69.19480895996094,623800,0.0,0.0,0.0
2018-09-11,83.08999633789062,83.11000061035156,83.06999969482422,83.08999633789062,69.1531982421875,763700,0.0,0.0,0.0
2018-09-12,83.11000061035156,83.11000061035156,83.06999969482422,83.08999633789062,69.1531982421875,687600,0.0,0.0,0.0
2018-09-13,83.0999984741211,83.11000061035156,83.08000183105469,83.0999984741211,69.1614990234375,687200,0.0,0.0,0.0
2018-09-14,83.05000305175781,83.08000183105469,83.05000305175781,83.06999969482422,69.13653564453125,718500,0.0,0.0,0.0
2018-09-17,83.05999755859375,83.08000183105469,83.05000305175781,83.05000305175781,69.11990356445312,2312900,0.0,0.0,0.0
2018-09-18,83.06999969482422,83.06999969482422,83.0199966430664,83.04000091552734,69.1115951538086,860400,0.0,0.0,0.0
2018-09-19,83.0199966430664,83.02999877929688,83.0,83.0199966430664,69.09490966796875,659800,0.0,0.0,0.0
2018-09-20,83.0,83.05000305175781,83.0,83.05000305175781,69.11990356445312,945300,0.0,0.0,0.0
2018-09-21,83.02999877929688,83.05999755859375,83.0199966430664,83.02999877929688,69.10325622558594,1873300,0.0,0.0,0.0
2018-09-24,83.02999877929688,83.05999755859375,83.0199966430664,83.02999877929688,69.10325622558594,777100,0.0,0.0,0.0
2018-09-25,83.0199966430664,83.04000091552734,83.01000213623047,83.04000091552734,69.1115951538086,1217500,0.0,0.0,0.0
2018-09-26,83.02999877929688,83.06999969482422,83.02999877929688,83.05000305175781,69.11990356445312,1325900,0.0,0.0,0.0
2018-09-27,83.06999969482422,83.06999969482422,83.05000305175781,83.05000305175781,69.11990356445312,901900,0.0,0.0,0.0
2018-09-28,83.08999633789062,83.11000061035156,83.08999633789062,83.08999633789062,69.1531982421875,2340300,0.0,0.0,0.0
2018-10-01,82.95999908447266,82.97000122070312,82.93000030517578,82.93000030517578,69.1340103149414,3392500,0.137,0.0,0.0
2018-10-02,82.94999694824219,82.98999786376953,82.94999694824219,82.95999908447266,69.15904235839844,3058600,0.0,0.0,0.0
2018-10-03,82.94000244140625,82.95999908447266,82.88999938964844,82.91999816894531,69.12568664550781,1468200,0.0,0.0,0.0
2018-10-04,82.87000274658203,82.9000015258789,82.87000274658203,82.9000015258789,69.10901641845703,1245400,0.0,0.0,0.0
2018-10-05,82.87999725341797,82.88999938964844,82.86000061035156,82.88999938964844,69.10069274902344,1692100,0.0,0.0,0.0
2018-10-08,82.88999938964844,82.91999816894531,82.87000274658203,82.87000274658203,69.08399963378906,1601900,0.0,0.0,0.0
2018-10-09,82.9000015258789,82.91000366210938,82.87999725341797,82.9000015258789,69.10901641845703,2939000,0.0,0.0,0.0
2018-10-10,82.87000274658203,82.93000030517578,82.87000274658203,82.91999816894531,69.12568664550781,1956800,0.0,0.0,0.0
2018-10-11,82.95999908447266,83.0,82.93000030517578,82.94999694824219,69.15070343017578,2116100,0.0,0.0,0.0
2018-10-12,82.9800033569336,83.01000213623047,82.94999694824219,82.94999694824219,69.15070343017578,2273900,0.0,0.0,0.0
2018-10-15,82.98999786376953,82.98999786376953,82.95999908447266,82.9800033569336,69.1756591796875,1770500,0.0,0.0,0.0
2018-10-16,82.97000122070312,82.97000122070312,82.94000244140625,82.94999694824219,69.15070343017578,2148800,0.0,0.0,0.0
2018-10-17,82.97000122070312,82.98999786376953,82.91999816894531,82.94999694824219,69.15070343017578,1607400,0.0,0.0,0.0
2018-10-18,82.93000030517578,83.01000213623047,82.91999816894531,83.0,69.1923599243164,1329400,0.0,0.0,0.0
2018-10-19,82.98999786376953,82.98999786376953,82.94000244140625,82.94999694824219,69.15070343017578,4100700,0.0,0.0,0.0
2018-10-22,82.94000244140625,82.97000122070312,82.93000030517578,82.93000030517578,69.1340103149414,2028000,0.0,0.0,0.0
2018-10-23,83.02999877929688,83.05000305175781,82.9800033569336,82.9800033569336,69.1756591796875,2864700,0.0,0.0,0.0
2018-10-24,83.0199966430664,83.11000061035156,83.0199966430664,83.11000061035156,69.28411102294922,2957300,0.0,0.0,0.0
2018-10-25,83.08999633789062,83.0999984741211,83.05999755859375,83.08000183105469,69.25910949707031,2679900,0.0,0.0,0.0
2018-10-26,83.13999938964844,83.19000244140625,83.12000274658203,83.12999725341797,69.30076599121094,3797300,0.0,0.0,0.0
2018-10-29,83.11000061035156,83.16999816894531,83.0999984741211,83.16000366210938,69.32576751708984,4785400,0.0,0.0,0.0
2018-10-30,83.12999725341797,83.12999725341797,83.08999633789062,83.12000274658203,69.29241943359375,5203700,0.0,0.0,0.0
2018-10-31,83.06999969482422,83.0999984741211,83.05000305175781,83.08000183105469,69.25910949707031,12635800,0.0,0.0,0.0
2018-11-01,82.95999908447266,82.98999786376953,82.94000244140625,82.9800033569336,69.29752349853516,3623600,0.146,0.0,0.0
2018-11-02,82.93000030517578,82.94000244140625,82.87999725341797,82.87999725341797,69.21395111083984,3723800,0.0,0.0,0.0
2018-11-05,82.91999816894531,82.91999816894531,82.88999938964844,82.91000366210938,69.2390365600586,2361000,0.0,0.0,0.0
2018-11-06,82.87999725341797,82.9000015258789,82.87000274658203,82.88999938964844,69.22230529785156,4431500,0.0,0.0,0.0
2018-11-07,82.87000274658203,82.87999725341797,82.8499984741211,82.86000061035156,69.19728088378906,1675000,0.0,0.0,0.0
2018-11-08,82.87999725341797,82.87999725341797,82.83000183105469,82.8499984741211,69.18893432617188,1332800,0.0,0.0,0.0
2018-11-09,82.86000061035156,82.91999816894531,82.86000061035156,82.88999938964844,69.22230529785156,1229500,0.0,0.0,0.0
2018-11-12,82.91999816894531,82.9800033569336,82.91999816894531,82.94999694824219,69.27240753173828,994300,0.0,0.0,0.0
2018-11-13,82.94999694824219,82.9800033569336,82.94999694824219,82.95999908447266,69.28077697753906,2990100,0.0,0.0,0.0
2018-11-14,82.97000122070312,83.06999969482422,82.95999908447266,83.0199966430664,69.33091735839844,3329800,0.0,0.0,0.0
2018-11-15,83.08999633789062,83.11000061035156,83.04000091552734,83.05999755859375,69.36428833007812,1952400,0.0,0.0,0.0
2018-11-16,83.12000274658203,83.13999938964844,83.0999984741211,83.12000274658203,69.41437530517578,1293200,0.0,0.0,0.0
2018-11-19,83.12000274658203,83.19999694824219,83.11000061035156,83.19000244140625,69.47284698486328,1547700,0.0,0.0,0.0
2018-11-20,83.18000030517578,83.19999694824219,83.16000366210938,83.16999816894531,69.45616149902344,2307600,0.0,0.0,0.0
2018-11-21,83.18000030517578,83.18000030517578,83.1500015258789,83.16999816894531,69.45616149902344,9309900,0.0,0.0,0.0
2018-11-23,83.19999694824219,83.19999694824219,83.1500015258789,83.1500015258789,69.439453125,1666200,0.0,0.0,0.0
2018-11-26,83.1500015258789,83.16000366210938,83.12999725341797,83.16000366210938,69.44779968261719,1764000,0.0,0.0,0.0
2018-11-27,83.1500015258789,83.18000030517578,83.13999938964844,83.16999816894531,69.45616149902344,1555200,0.0,0.0,0.0
2018-11-28,83.16000366210938,83.22000122070312,83.13999938964844,83.19999694824219,69.48117065429688,2986100,0.0,0.0,0.0
2018-11-29,83.23999786376953,83.25,83.19999694824219,83.22000122070312,69.49790954589844,2217300,0.0,0.0,0.0
2018-11-30,83.22000122070312,83.2699966430664,83.20999908447266,83.25,69.52296447753906,4712700,0.0,0.0,0.0
2018-12-03,83.05999755859375,83.08999633789062,83.04000091552734,83.04000091552734,69.46607208251953,2828800,0.142,0.0,0.0
2018-12-04,83.06999969482422,83.13999938964844,83.06999969482422,83.0999984741211,69.51627349853516,4062000,0.0,0.0,0.0
2018-12-06,83.22000122070312,83.30000305175781,83.18000030517578,83.18000030517578,69.58318328857422,4012200,0.0,0.0,0.0
2018-12-07,83.19000244140625,83.27999877929688,83.18000030517578,83.2699966430664,69.65847778320312,2079300,0.0,0.0,0.0
2018-12-10,83.26000213623047,83.33000183105469,83.23999786376953,83.2699966430664,69.65847778320312,9725100,0.0,0.0,0.0
2018-12-11,83.2300033569336,83.26000213623047,83.18000030517578,83.19000244140625,69.59153747558594,5675500,0.0,0.0,0.0
2018-12-12,83.18000030517578,83.20999908447266,83.18000030517578,83.18000030517578,69.58318328857422,4565500,0.0,0.0,0.0
2018-12-13,83.2300033569336,83.26000213623047,83.22000122070312,83.26000213623047,69.65011596679688,7531900,0.0,0.0,0.0
2018-12-14,83.2699966430664,83.31999969482422,83.26000213623047,83.30999755859375,69.69194030761719,4449200,0.0,0.0,0.0
2018-12-17,83.31999969482422,83.38999938964844,83.30000305175781,83.38999938964844,69.75887298583984,5815300,0.0,0.0,0.0
2018-12-18,83.27999877929688,83.33000183105469,83.26000213623047,83.31999969482422,69.79994201660156,6567000,0.119,0.0,0.0
2018-12-19,83.33999633789062,83.37999725341797,83.2699966430664,83.33999633789062,69.8166732788086,12278900,0.0,0.0,0.0
2018-12-20,83.3499984741211,83.36000061035156,83.30999755859375,83.33000183105469,69.80830383300781,7297300,0.0,0.0,0.0
2018-12-21,83.33000183105469,83.38999938964844,83.31999969482422,83.38999938964844,69.85858154296875,5548800,0.0,0.0,0.0
2018-12-24,83.4000015258789,83.45999908447266,83.4000015258789,83.45999908447266,69.91719055175781,4049100,0.0,0.0,0.0
2018-12-26,83.4800033569336,83.51000213623047,83.37999725341797,83.37999725341797,69.85016632080078,6207700,0.0,0.0,0.0
2018-12-27,83.45999908447266,83.54000091552734,83.45999908447266,83.47000122070312,69.92559051513672,4207700,0.0,0.0,0.0
2018-12-28,83.51000213623047,83.58999633789062,83.5,83.58999633789062,70.0261459350586,6740100,0.0,0.0,0.0
2018-12-31,83.56999969482422,83.66999816894531,83.55000305175781,83.62000274658203,70.05123901367188,4892300,0.0,0.0,0.0
2019-01-02,83.62999725341797,83.63999938964844,83.5999984741211,83.62999725341797,70.05961608886719,5380200,0.0,0.0,0.0
2019-01-03,83.63999938964844,83.83999633789062,83.62999725341797,83.80000305175781,70.20201873779297,5284600,0.0,0.0,0.0
2019-01-04,83.66999816894531,83.68000030517578,83.62000274658203,83.62000274658203,70.05123901367188,5969500,0.0,0.0,0.0
2019-01-07,83.6500015258789,83.66999816894531,83.55999755859375,83.55999755859375,70.00096130371094,3632600,0.0,0.0,0.0
2019-01-08,83.52999877929688,83.55999755859375,83.5,83.51000213623047,69.95911407470703,2061600,0.0,0.0,0.0
2019-01-09,83.51000213623047,83.58000183105469,83.51000213623047,83.55000305175781,69.99258422851562,4161900,0.0,0.0,0.0
2019-01-10,83.61000061035156,83.62999725341797,83.55000305175781,83.55999755859375,70.00096130371094,4037300,0.0,0.0,0.0
2019-01-11,83.61000061035156,83.62999725341797,83.5999984741211,83.61000061035156,70.04286193847656,2057100,0.0,0.0,0.0
2019-01-14,83.62999725341797,83.6500015258789,83.43000030517578,83.61000061035156,70.04286193847656,1872800,0.0,0.0,0.0
2019-01-15,83.6500015258789,83.66000366210938,83.61000061035156,83.63999938964844,70.06795501708984,3311300,0.0,0.0,0.0
2019-01-16,83.5999984741211,83.62999725341797,83.58000183105469,83.62000274658203,70.05123901367188,3262200,0.0,0.0,0.0
2019-01-17,83.62000274658203,83.62999725341797,83.58000183105469,83.61000061035156,70.04286193847656,2507700,0.0,0.0,0.0
2019-01-18,83.58000183105469,83.58999633789062,83.5199966430664,83.54000091552734,69.98424530029297,4135300,0.0,0.0,0.0
2019-01-22,83.58000183105469,83.61000061035156,83.56999969482422,83.61000061035156,70.04286193847656,4049800,0.0,0.0,0.0
2019-01-23,83.58000183105469,83.62000274658203,83.55999755859375,83.58999633789062,70.0261459350586,7921700,0.0,0.0,0.0
2019-01-24,83.6500015258789,83.68000030517578,83.62999725341797,83.66000366210938,70.08479309082031,2013000,0.0,0.0,0.0
2019-01-25,83.62999725341797,83.63999938964844,83.58999633789062,83.5999984741211,70.03450012207031,1603500,0.0,0.0,0.0
2019-01-28,83.5999984741211,83.63999938964844,83.58999633789062,83.61000061035156,70.04286193847656,5781000,0.0,0.0,0.0
2019-01-29,83.62999725341797,83.66000366210938,83.62999725341797,83.6500015258789,70.07638549804688,4065700,0.0,0.0,0.0
2019-01-30,83.6500015258789,83.76000213623047,83.62999725341797,83.76000213623047,70.16850280761719,3635000,0.0,0.0,0.0
2019-01-31,83.79000091552734,83.8499984741211,83.79000091552734,83.83000183105469,70.22716522216797,7267100,0.0,0.0,0.0
2019-02-01,83.63999938964844,83.66000366210938,83.58000183105469,83.58000183105469,70.14493560791016,7391200,0.152,0.0,0.0
2019-02-04,83.58999633789062,83.5999984741211,83.55999755859375,83.58000183105469,70.14493560791016,9052500,0.0,0.0,0.0
2019-02-05,83.56999969482422,83.61000061035156,83.56999969482422,83.58000183105469,70.14493560791016,3074100,0.0,0.0,0.0
2019-02-06,83.62999725341797,83.63999938964844,83.5999984741211,83.62000274658203,70.17849731445312,2689800,0.0,0.0,0.0
2019-02-07,83.66999816894531,83.69999694824219,83.6500015258789,83.68000030517578,70.22882080078125,2483100,0.0,0.0,0.0
2019-02-08,83.7300033569336,83.75,83.70999908447266,83.70999908447266,70.25399017333984,2459500,0.0,0.0,0.0
2019-02-11,83.68000030517578,83.69999694824219,83.66999816894531,83.68000030517578,70.22882080078125,3230700,0.0,0.0,0.0
2019-02-12,83.68000030517578,83.69000244140625,83.66000366210938,83.66999816894531,70.22045135498047,2366000,0.0,0.0,0.0
2019-02-13,83.62000274658203,83.6500015258789,83.61000061035156,83.61000061035156,70.17009735107422,3539200,0.0,0.0,0.0
2019-02-14,83.70999908447266,83.7300033569336,83.66999816894531,83.72000122070312,70.26242065429688,5773800,0.0,0.0,0.0
2019-02-15,83.69999694824219,83.69999694824219,83.68000030517578,83.68000030517578,70.22882080078125,3556400,0.0,0.0,0.0
2019-02-19,83.72000122070312,83.73999786376953,83.69999694824219,83.73999786376953,70.27925872802734,8248500,0.0,0.0,0.0
2019-02-20,83.7300033569336,83.76000213623047,83.70999908447266,83.7300033569336,70.27084350585938,2679800,0.0,0.0,0.0
2019-02-21,83.70999908447266,83.70999908447266,83.69000244140625,83.69999694824219,70.24562072753906,2136700,0.0,0.0,0.0
2019-02-22,83.72000122070312,83.77999877929688,83.72000122070312,83.76000213623047,70.29598999023438,2640800,0.0,0.0,0.0
2019-02-25,83.7300033569336,83.75,83.70999908447266,83.75,70.28756713867188,2964300,0.0,0.0,0.0
2019-02-26,83.7699966430664,83.79000091552734,83.75,83.79000091552734,70.32113647460938,4570700,0.0,0.0,0.0
2019-02-27,83.76000213623047,83.7699966430664,83.7300033569336,83.7699966430664,70.30436706542969,2463500,0.0,0.0,0.0
2019-02-28,83.75,83.76000213623047,83.72000122070312,83.75,70.28756713867188,4136600,0.0,0.0,0.0
2019-03-01,83.55999755859375,83.56999969482422,83.5199966430664,83.54000091552734,70.24051666259766,3697800,0.154,0.0,0.0
2019-03-04,83.54000091552734,83.58000183105469,83.52999877929688,83.55999755859375,70.25733184814453,6418800,0.0,0.0,0.0
2019-03-05,83.54000091552734,83.56999969482422,83.5199966430664,83.56999969482422,70.26570892333984,6175900,0.0,0.0,0.0
2019-03-06,83.56999969482422,83.62999725341797,83.56999969482422,83.62999725341797,70.31617736816406,4167300,0.0,0.0,0.0
2019-03-07,83.6500015258789,83.70999908447266,83.6500015258789,83.69999694824219,70.3750228881836,3215500,0.0,0.0,0.0
2019-03-08,83.70999908447266,83.73999786376953,83.69000244140625,83.7300033569336,70.40026092529297,2626900,0.0,0.0,0.0
2019-03-11,83.72000122070312,83.72000122070312,83.69000244140625,83.70999908447266,70.38343811035156,2213500,0.0,0.0,0.0
2019-03-12,83.70999908447266,83.75,83.70999908447266,83.73999786376953,70.40869140625,3665600,0.0,0.0,0.0
2019-03-13,83.7300033569336,83.75,83.72000122070312,83.75,70.41707611083984,1174200,0.0,0.0,0.0
2019-03-14,83.75,83.7699966430664,83.7300033569336,83.7699966430664,70.4338607788086,1173300,0.0,0.0,0.0
2019-03-15,83.79000091552734,83.80999755859375,83.77999877929688,83.80000305175781,70.45909118652344,1570400,0.0,0.0,0.0
2019-03-18,83.77999877929688,83.80000305175781,83.7699966430664,83.77999877929688,70.44229125976562,1092000,0.0,0.0,0.0
2019-03-19,83.76000213623047,83.77999877929688,83.73999786376953,83.7699966430664,70.4338607788086,1000100,0.0,0.0,0.0
2019-03-20,83.77999877929688,83.9000015258789,83.77999877929688,83.88999938964844,70.53475952148438,2459400,0.0,0.0,0.0
2019-03-21,83.91000366210938,83.91000366210938,83.87000274658203,83.88999938964844,70.53475952148438,1371100,0.0,0.0,0.0
2019-03-22,83.94999694824219,84.05000305175781,83.94999694824219,84.02999877929688,70.6524658203125,3113600,0.0,0.0,0.0
2019-03-25,84.05999755859375,84.16999816894531,84.04000091552734,84.12000274658203,70.72817993164062,3572700,0.0,0.0,0.0
2019-03-26,84.08000183105469,84.12999725341797,84.05999755859375,84.11000061035156,70.71977996826172,2374600,0.0,0.0,0.0
2019-03-27,84.16999816894531,84.20999908447266,84.1500015258789,84.18000030517578,70.77863311767578,1872500,0.0,0.0,0.0
2019-03-28,84.16999816894531,84.18000030517578,84.12999725341797,84.16999816894531,70.77017974853516,1322700,0.0,0.0,0.0
2019-03-29,84.0999984741211,84.12999725341797,84.08000183105469,84.12000274658203,70.72817993164062,2277100,0.0,0.0,0.0
2019-04-01,83.91000366210938,83.93000030517578,83.8499984741211,83.87000274658203,70.65570068359375,4381700,0.164,0.0,0.0
2019-04-02,83.88999938964844,83.91999816894531,83.87999725341797,83.91000366210938,70.68942260742188,2662200,0.0,0.0,0.0
2019-04-03,83.87999725341797,83.88999938964844,83.86000061035156,83.87000274658203,70.65570068359375,5005500,0.0,0.0,0.0
2019-04-04,83.9000015258789,83.9000015258789,83.87000274658203,83.88999938964844,70.67253875732422,1481200,0.0,0.0,0.0
2019-04-05,83.87000274658203,83.88999938964844,83.86000061035156,83.87999725341797,70.66415405273438,6617100,0.0,0.0,0.0
2019-04-08,83.87999725341797,83.9000015258789,83.8499984741211,83.86000061035156,70.64730072021484,2756400,0.0,0.0,0.0
2019-04-09,83.88999938964844,83.91000366210938,83.87000274658203,83.87000274658203,70.65570068359375,3661900,0.0,0.0,0.0
2019-04-10,83.91000366210938,83.94000244140625,83.91000366210938,83.94000244140625,70.71471405029297,2364300,0.0,0.0,0.0
2019-04-11,83.9000015258789,83.91999816894531,83.88999938964844,83.88999938964844,70.67253875732422,3379200,0.0,0.0,0.0
2019-04-12,83.83999633789062,83.86000061035156,83.83000183105469,83.83999633789062,70.63043212890625,1213300,0.0,0.0,0.0
2019-04-15,83.83000183105469,83.86000061035156,83.83000183105469,83.8499984741211,70.63885498046875,1021400,0.0,0.0,0.0
2019-04-16,83.83999633789062,83.8499984741211,83.80999755859375,83.83999633789062,70.63043212890625,1335700,0.0,0.0,0.0
2019-04-17,83.83999633789062,83.87000274658203,83.83999633789062,83.87000274658203,70.65570068359375,1600600,0.0,0.0,0.0
2019-04-18,83.9000015258789,83.91000366210938,83.87999725341797,83.88999938964844,70.67253875732422,1076800,0.0,0.0,0.0
2019-04-22,83.9000015258789,83.91000366210938,83.88999938964844,83.9000015258789,70.68097686767578,6156400,0.0,0.0,0.0
2019-04-23,83.91999816894531,83.94999694824219,83.91999816894531,83.94000244140625,70.71471405029297,1824600,0.0,0.0,0.0
2019-04-24,83.98999786376953,84.01000213623047,83.9800033569336,83.98999786376953,70.7568130493164,3424400,0.0,0.0,0.0
2019-04-25,84.01000213623047,84.0199966430664,83.98999786376953,83.98999786376953,70.7568130493164,903000,0.0,0.0,0.0
2019-04-26,84.06999969482422,84.08000183105469,84.05999755859375,84.08000183105469,70.83260345458984,2275800,0.0,0.0,0.0
2019-04-29,84.05000305175781,84.06999969482422,84.04000091552734,84.05000305175781,70.80735778808594,1009300,0.0,0.0,0.0
2019-04-30,84.05999755859375,84.11000061035156,84.04000091552734,84.11000061035156,70.85792541503906,1876000,0.0,0.0,0.0
2019-05-01,83.93000030517578,84.05000305175781,83.87000274658203,83.87999725341797,70.79542541503906,1313600,0.156,0.0,0.0
2019-05-02,83.87999725341797,83.88999938964844,83.83999633789062,83.83999633789062,70.76166534423828,2138700,0.0,0.0,0.0
2019-05-03,83.87000274658203,83.9000015258789,83.8499984741211,83.87000274658203,70.78700256347656,1332300,0.0,0.0,0.0
2019-05-06,83.93000030517578,83.94000244140625,83.91000366210938,83.91999816894531,70.8292236328125,1312200,0.0,0.0,0.0
2019-05-07,83.94999694824219,83.9800033569336,83.94999694824219,83.95999908447266,70.86296844482422,2815200,0.0,0.0,0.0
2019-05-08,83.9800033569336,84.0,83.94000244140625,83.94999694824219,70.8545150756836,1474500,0.0,0.0,0.0
2019-05-09,84.0199966430664,84.05999755859375,83.98999786376953,84.0,70.8967514038086,1297000,0.0,0.0,0.0
2019-05-10,84.02999877929688,84.06999969482422,84.0,84.0199966430664,70.91360473632812,1558700,0.0,0.0,0.0
2019-05-13,84.11000061035156,84.1500015258789,84.0999984741211,84.12000274658203,70.99800872802734,2720800,0.0,0.0,0.0
2019-05-14,84.12000274658203,84.12999725341797,84.08999633789062,84.12000274658203,70.99800872802734,3785700,0.0,0.0,0.0
2019-05-15,84.20999908447266,84.20999908447266,84.13999938964844,84.18000030517578,71.04866790771484,1521800,0.0,0.0,0.0
2019-05-16,84.13999938964844,84.1500015258789,84.12000274658203,84.12999725341797,71.00642395019531,1046600,0.0,0.0,0.0
2019-05-17,84.18000030517578,84.19000244140625,84.12000274658203,84.1500015258789,71.02332305908203,1067900,0.0,0.0,0.0
2019-05-20,84.13999938964844,84.16000366210938,84.11000061035156,84.11000061035156,70.98957061767578,1095900,0.0,0.0,0.0
2019-05-21,84.08999633789062,84.0999984741211,84.05999755859375,84.06999969482422,70.955810546875,1161500,0.0,0.0,0.0
2019-05-22,84.12000274658203,84.12999725341797,84.0999984741211,84.11000061035156,70.98957061767578,2067700,0.0,0.0,0.0
2019-05-23,84.16999816894531,84.29000091552734,84.16999816894531,84.26000213623047,71.11619567871094,2773800,0.0,0.0,0.0
2019-05-24,84.23999786376953,84.25,84.20999908447266,84.2300033569336,71.09085083007812,1019600,0.0,0.0,0.0
2019-05-28,84.26000213623047,84.30000305175781,84.23999786376953,84.30000305175781,71.14994812011719,1130400,0.0,0.0,0.0
2019-05-29,84.3499984741211,84.37999725341797,84.30000305175781,84.30999755859375,71.15836334228516,2632000,0.0,0.0,0.0
2019-05-30,84.33000183105469,84.38999938964844,84.30000305175781,84.37999725341797,71.21748352050781,1929400,0.0,0.0,0.0
2019-05-31,84.45999908447266,84.58999633789062,84.45999908447266,84.55999755859375,71.36936950683594,11965500,0.0,0.0,0.0
2019-06-03,84.47000122070312,84.58999633789062,84.43000030517578,84.55000305175781,71.50387573242188,4621900,0.169,0.0,0.0
2019-06-04,84.44000244140625,84.51000213623047,84.41999816894531,84.48999786376953,71.45310974121094,3320400,0.0,0.0,0.0
2019-06-05,84.5999984741211,84.62999725341797,84.5199966430664,84.52999877929688,71.48693084716797,14753000,0.0,0.0,0.0
2019-06-06,84.54000091552734,84.56999969482422,84.47000122070312,84.4800033569336,71.44461822509766,20687700,0.0,0.0,0.0
2019-06-07,84.62000274658203,84.63999938964844,84.54000091552734,84.56999969482422,71.52074432373047,13622500,0.0,0.0,0.0
2019-06-10,84.5199966430664,84.5199966430664,84.4800033569336,84.48999786376953,71.45310974121094,7611300,0.0,0.0,0.0
2019-06-11,84.44999694824219,84.4800033569336,84.44000244140625,84.45999908447266,71.427734375,2211800,0.0,0.0,0.0
2019-06-12,84.51000213623047,84.55000305175781,84.5,84.52999877929688,71.48693084716797,1147900,0.0,0.0,0.0
2019-06-13,84.56999969482422,84.63999938964844,84.55000305175781,84.62000274658203,71.56304168701172,2450300,0.0,0.0,0.0
2019-06-14,84.56999969482422,84.61000061035156,84.55999755859375,84.58999633789062,71.53767395019531,1992200,0.0,0.0,0.0
2019-06-17,84.5999984741211,84.5999984741211,84.55000305175781,84.55000305175781,71.50387573242188,2105300,0.0,0.0,0.0
2019-06-18,84.6500015258789,84.66000366210938,84.55999755859375,84.55999755859375,71.51229858398438,5589200,0.0,0.0,0.0
2019-06-19,84.54000091552734,84.75,84.5199966430664,84.73999786376953,71.66454315185547,1893200,0.0,0.0,0.0
2019-06-20,84.80999755859375,84.8499984741211,84.7699966430664,84.77999877929688,71.6983413696289,1790100,0.0,0.0,0.0
2019-06-21,84.70999908447266,84.73999786376953,84.69000244140625,84.73999786376953,71.66454315185547,8008900,0.0,0.0,0.0
2019-06-24,84.76000213623047,84.81999969482422,84.76000213623047,84.79000091552734,71.7068099975586,1715700,0.0,0.0,0.0
2019-06-25,84.80000305175781,84.8499984741211,84.76000213623047,84.80999755859375,71.72374725341797,1742700,0.0,0.0,0.0
2019-06-26,84.7699966430664,84.7699966430664,84.69999694824219,84.70999908447266,71.63914489746094,1222000,0.0,0.0,0.0
2019-06-27,84.76000213623047,84.77999877929688,84.7300033569336,84.77999877929688,71.6983413696289,1276300,0.0,0.0,0.0
2019-06-28,84.7699966430664,84.80000305175781,84.75,84.77999877929688,71.6983413696289,4134200,0.0,0.0,0.0
2019-07-01,84.62999725341797,84.62999725341797,84.54000091552734,84.56999969482422,71.65257263183594,4197900,0.156,0.0,0.0
2019-07-02,84.58999633789062,84.63999938964844,84.58000183105469,84.62000274658203,71.69496154785156,4841200,0.0,0.0,0.0
2019-07-03,84.62999725341797,84.6500015258789,84.62000274658203,84.63999938964844,71.71187591552734,2176400,0.0,0.0,0.0
2019-07-05,84.51000213623047,84.51000213623047,84.44000244140625,84.47000122070312,71.56787109375,1759500,0.0,0.0,0.0
2019-07-08,84.48999786376953,84.5,84.43000030517578,84.43000030517578,71.53397369384766,1587200,0.0,0.0,0.0
2019-07-09,84.45999908447266,84.45999908447266,84.4000015258789,84.4000015258789,71.50857543945312,1457300,0.0,0.0,0.0
2019-07-10,84.5,84.55000305175781,84.47000122070312,84.55000305175781,71.63565063476562,1704800,0.0,0.0,0.0
2019-07-11,84.54000091552734,84.55000305175781,84.48999786376953,84.51000213623047,71.60175323486328,1227300,0.0,0.0,0.0
2019-07-12,84.5,84.54000091552734,84.48999786376953,84.5199966430664,71.61024475097656,871600,0.0,0.0,0.0
2019-07-15,84.54000091552734,84.55999755859375,84.52999877929688,84.54000091552734,71.62716674804688,1385800,0.0,0.0,0.0
2019-07-16,84.5,84.52999877929688,84.4800033569336,84.51000213623047,71.60175323486328,1350100,0.0,0.0,0.0
2019-07-17,84.5199966430664,84.58999633789062,84.51000213623047,84.58999633789062,71.66954040527344,1457500,0.0,0.0,0.0
2019-07-18,84.58000183105469,84.69999694824219,84.55999755859375,84.69000244140625,71.75425720214844,1426800,0.0,0.0,0.0
2019-07-19,84.62000274658203,84.63999938964844,84.58000183105469,84.5999984741211,71.67801666259766,864000,0.0,0.0,0.0
2019-07-22,84.62999725341797,84.63999938964844,84.61000061035156,84.61000061035156,71.68651580810547,823300,0.0,0.0,0.0
2019-07-23,84.5999984741211,84.62000274658203,84.58000183105469,84.58999633789062,71.66954040527344,1026900,0.0,0.0,0.0
2019-07-24,84.61000061035156,84.63999938964844,84.58999633789062,84.61000061035156,71.68651580810547,1364700,0.0,0.0,0.0
2019-07-25,84.58999633789062,84.58999633789062,84.52999877929688,84.55999755859375,71.64412689208984,1093800,0.0,0.0,0.0
2019-07-26,84.55999755859375,84.56999969482422,84.5199966430664,84.56999969482422,71.65257263183594,1003000,0.0,0.0,0.0
2019-07-29,84.56999969482422,84.5999984741211,84.56999969482422,84.56999969482422,71.65257263183594,930600,0.0,0.0,0.0
2019-07-30,84.58999633789062,84.5999984741211,84.56999969482422,84.58000183105469,71.66104888916016,933500,0.0,0.0,0.0
2019-07-31,84.62000274658203,84.6500015258789,84.43000030517578,84.56999969482422,71.65257263183594,2313300,0.0,0.0,0.0
2019-08-01,84.45999908447266,84.72000122070312,84.44999694824219,84.66000366210938,71.85633850097656,3099000,0.15,0.0,0.0
2019-08-02,84.6500015258789,84.69999694824219,84.63999938964844,84.68000030517578,71.87330627441406,2626500,0.0,0.0,0.0
2019-08-05,84.83000183105469,84.91000366210938,84.80999755859375,84.8499984741211,72.0175552368164,3154500,0.0,0.0,0.0
2019-08-06,84.86000061035156,84.88999938964844,84.81999969482422,84.88999938964844,72.05149841308594,3277800,0.0,0.0,0.0
2019-08-07,85.0,85.04000091552734,84.87000274658203,84.9000015258789,72.05998992919922,2352400,0.0,0.0,0.0
2019-08-08,84.87000274658203,84.87999725341797,84.80999755859375,84.87000274658203,72.03453826904297,1499000,0.0,0.0,0.0
2019-08-09,84.87000274658203,84.91000366210938,84.81999969482422,84.81999969482422,71.99214172363281,1833600,0.0,0.0,0.0
2019-08-12,84.88999938964844,84.94000244140625,84.87999725341797,84.91000366210938,72.06847381591797,2403500,0.0,0.0,0.0
2019-08-13,84.9000015258789,84.91000366210938,84.7699966430664,84.80999755859375,71.98361206054688,1839500,0.0,0.0,0.0
2019-08-14,84.88999938964844,84.94999694824219,84.87999725341797,84.91999816894531,72.07698059082031,3312800,0.0,0.0,0.0
2019-08-15,84.95999908447266,85.11000061035156,84.95999908447266,85.0999984741211,72.22975158691406,4823000,0.0,0.0,0.0
2019-08-16,85.05000305175781,85.0999984741211,85.01000213623047,85.08999633789062,72.22127532958984,1886600,0.0,0.0,0.0
2019-08-19,85.01000213623047,85.04000091552734,84.9800033569336,85.0,72.14484405517578,1485500,0.0,0.0,0.0
2019-08-20,85.05000305175781,85.08999633789062,85.04000091552734,85.05999755859375,72.19581604003906,2015700,0.0,0.0,0.0
2019-08-21,85.01000213623047,85.05000305175781,84.97000122070312,84.9800033569336,72.1279296875,2082500,0.0,0.0,0.0
2019-08-22,84.95999908447266,85.01000213623047,84.93000030517578,84.94000244140625,72.0939712524414,956200,0.0,0.0,0.0
2019-08-23,84.97000122070312,85.0999984741211,84.94999694824219,85.08000183105469,72.21276092529297,2448900,0.0,0.0,0.0
2019-08-26,85.06999969482422,85.0999984741211,85.01000213623047,85.04000091552734,72.17882537841797,1768700,0.0,0.0,0.0
2019-08-27,85.01000213623047,85.08999633789062,85.01000213623047,85.06999969482422,72.20428466796875,2179600,0.0,0.0,0.0
2019-08-28,85.08999633789062,85.12000274658203,85.06999969482422,85.08999633789062,72.22127532958984,1944400,0.0,0.0,0.0
2019-08-29,85.08000183105469,85.08999633789062,85.04000091552734,85.05000305175781,72.18733215332031,3270600,0.0,0.0,0.0
2019-08-30,85.05000305175781,85.08999633789062,85.02999877929688,85.08000183105469,72.21276092529297,2543000,0.0,0.0,0.0
2019-09-03,84.94999694824219,85.06999969482422,84.93000030517578,85.0,72.26883697509766,4574300,0.146,0.0,0.0
2019-09-04,85.0,85.06999969482422,85.0,85.06999969482422,72.32841491699219,1455900,0.0,0.0,0.0
2019-09-05,84.95999908447266,84.95999908447266,84.83999633789062,84.87999725341797,72.1668472290039,2145200,0.0,0.0,0.0
2019-09-06,84.9000015258789,84.93000030517578,84.87000274658203,84.88999938964844,72.17536163330078,2485500,0.0,0.0,0.0
2019-09-09,84.83000183105469,84.8499984741211,84.80000305175781,84.80000305175781,72.09883117675781,2423900,0.0,0.0,0.0
2019-09-10,84.79000091552734,84.80000305175781,84.6500015258789,84.66000366210938,71.9798583984375,2262300,0.0,0.0,0.0
2019-09-11,84.66000366210938,84.70999908447266,84.66000366210938,84.66000366210938,71.9798583984375,3005000,0.0,0.0,0.0
2019-09-12,84.70999908447266,84.72000122070312,84.61000061035156,84.63999938964844,71.96279907226562,3319700,0.0,0.0,0.0
2019-09-13,84.56999969482422,84.58999633789062,84.4800033569336,84.5,71.84378814697266,1951400,0.0,0.0,0.0
2019-09-16,84.55000305175781,84.56999969482422,84.52999877929688,84.56999969482422,71.90331268310547,3034100,0.0,0.0,0.0
2019-09-17,84.55999755859375,84.62999725341797,84.55000305175781,84.61000061035156,71.93732452392578,1397300,0.0,0.0,0.0
2019-09-18,84.66000366210938,84.70999908447266,84.55000305175781,84.55999755859375,71.89481353759766,3277800,0.0,0.0,0.0
2019-09-19,84.63999938964844,84.63999938964844,84.56999969482422,84.56999969482422,71.90331268310547,2399300,0.0,0.0,0.0
2019-09-20,84.61000061035156,84.69000244140625,84.58999633789062,84.66000366210938,71.9798583984375,2383300,0.0,0.0,0.0
2019-09-23,84.72000122070312,84.79000091552734,84.70999908447266,84.70999908447266,72.02230072021484,1537100,0.0,0.0,0.0
2019-09-24,84.72000122070312,84.83999633789062,84.72000122070312,84.80000305175781,72.09883117675781,3693100,0.0,0.0,0.0
2019-09-25,84.79000091552734,84.80999755859375,84.69000244140625,84.69000244140625,72.00531768798828,2860800,0.0,0.0,0.0
2019-09-26,84.75,84.79000091552734,84.7300033569336,84.7300033569336,72.03934478759766,871500,0.0,0.0,0.0
2019-09-27,84.73999786376953,84.80999755859375,84.73999786376953,84.77999877929688,72.08187866210938,1691700,0.0,0.0,0.0
2019-09-30,84.7699966430664,84.81999969482422,84.76000213623047,84.81999969482422,72.1158676147461,2325600,0.0,0.0,0.0
2019-10-01,84.62000274658203,84.80999755859375,84.62000274658203,84.77999877929688,72.19677734375,4668900,0.135,0.0,0.0
2019-10-02,84.83999633789062,84.91000366210938,84.83000183105469,84.87000274658203,72.27336120605469,2613000,0.0,0.0,0.0
2019-10-03,84.93000030517578,85.06999969482422,84.91999816894531,85.05000305175781,72.42671203613281,2441100,0.0,0.0,0.0
2019-10-04,85.01000213623047,85.05000305175781,84.98999786376953,85.04000091552734,72.41817474365234,1760800,0.0,0.0,0.0
2019-10-07,84.98999786376953,85.0,84.93000030517578,84.94999694824219,72.34151458740234,1611700,0.0,0.0,0.0
2019-10-08,85.01000213623047,85.04000091552734,84.94000244140625,85.0,72.38406372070312,2153300,0.0,0.0,0.0
2019-10-09,85.0,85.0199966430664,84.93000030517578,84.94999694824219,72.34151458740234,1472500,0.0,0.0,0.0
2019-10-10,84.95999908447266,84.95999908447266,84.8499984741211,84.8499984741211,72.25637817382812,3566900,0.0,0.0,0.0
2019-10-11,84.79000091552734,84.80000305175781,84.70999908447266,84.7699966430664,72.18826293945312,3068400,0.0,0.0,0.0
2019-10-14,84.77999877929688,84.80000305175781,84.76000213623047,84.77999877929688,72.19677734375,1336700,0.0,0.0,0.0
2019-10-15,84.80999755859375,84.81999969482422,84.7300033569336,84.76000213623047,72.17972564697266,2470000,0.0,0.0,0.0
2019-10-16,84.80000305175781,84.81999969482422,84.7699966430664,84.80000305175781,72.21378326416016,1840700,0.0,0.0,0.0
2019-10-17,84.80000305175781,84.8499984741211,84.77999877929688,84.80000305175781,72.21378326416016,1641200,0.0,0.0,0.0
2019-10-18,84.81999969482422,84.87000274658203,84.81999969482422,84.83000183105469,72.23929595947266,1901600,0.0,0.0,0.0
2019-10-21,84.81999969482422,84.83999633789062,84.7699966430664,84.79000091552734,72.20528411865234,985500,0.0,0.0,0.0
2019-10-22,84.80999755859375,84.83000183105469,84.76000213623047,84.81999969482422,72.2308349609375,1192300,0.0,0.0,0.0
2019-10-23,84.83999633789062,84.8499984741211,84.80000305175781,84.80999755859375,72.22229766845703,1578600,0.0,0.0,0.0
2019-10-24,84.83000183105469,84.87000274658203,84.80999755859375,84.80999755859375,72.22229766845703,1228600,0.0,0.0,0.0
2019-10-25,84.83000183105469,84.83000183105469,84.73999786376953,84.76000213623047,72.17972564697266,982900,0.0,0.0,0.0
2019-10-28,84.7300033569336,84.73999786376953,84.69999694824219,84.7300033569336,72.15416717529297,2045000,0.0,0.0,0.0
2019-10-29,84.76000213623047,84.7699966430664,84.7300033569336,84.75,72.17123413085938,1768700,0.0,0.0,0.0
2019-10-30,84.75,84.80999755859375,84.70999908447266,84.80000305175781,72.21378326416016,1622500,0.0,0.0,0.0
2019-10-31,84.8499984741211,84.95999908447266,84.8499984741211,84.94999694824219,72.34151458740234,2719200,0.0,0.0,0.0
2019-11-01,84.77999877929688,84.80999755859375,84.72000122070312,84.76000213623047,72.29887390136719,3436200,0.14,0.0,0.0
2019-11-04,84.72000122070312,84.72000122070312,84.69000244140625,84.69999694824219,72.24771881103516,2509400,0.0,0.0,0.0
2019-11-05,84.66999816894531,84.66999816894531,84.61000061035156,84.63999938964844,72.19652557373047,2078400,0.0,0.0,0.0
2019-11-06,84.69000244140625,84.70999908447266,84.66000366210938,84.69000244140625,72.2391586303711,1237100,0.0,0.0,0.0
2019-11-07,84.62999725341797,84.62999725341797,84.54000091552734,84.58999633789062,72.15386962890625,2284900,0.0,0.0,0.0
2019-11-08,84.58999633789062,84.6500015258789,84.58999633789062,84.5999984741211,72.16239929199219,2300500,0.0,0.0,0.0
2019-11-11,84.62000274658203,84.62999725341797,84.58999633789062,84.62000274658203,72.179443359375,1329600,0.0,0.0,0.0
2019-11-12,84.61000061035156,84.63999938964844,84.58999633789062,84.62999725341797,72.18798828125,2647800,0.0,0.0,0.0
2019-11-13,84.68000030517578,84.69000244140625,84.6500015258789,84.66999816894531,72.22209167480469,1679800,0.0,0.0,0.0
2019-11-14,84.73999786376953,84.77999877929688,84.7300033569336,84.75,72.29036712646484,2754500,0.0,0.0,0.0
2019-11-15,84.70999908447266,84.73999786376953,84.70999908447266,84.72000122070312,72.2647705078125,2456100,0.0,0.0,0.0
2019-11-18,84.76000213623047,84.7699966430664,84.73999786376953,84.76000213623047,72.29887390136719,1029100,0.0,0.0,0.0
2019-11-19,84.7300033569336,84.76000213623047,84.7300033569336,84.75,72.29036712646484,1630600,0.0,0.0,0.0
2019-11-20,84.7699966430664,84.80999755859375,84.76000213623047,84.79000091552734,72.32447052001953,1754200,0.0,0.0,0.0
2019-11-21,84.76000213623047,84.77999877929688,84.73999786376953,84.75,72.29036712646484,1288000,0.0,0.0,0.0
2019-11-22,84.76000213623047,84.7699966430664,84.72000122070312,84.73999786376953,72.28178405761719,3148100,0.0,0.0,0.0
2019-11-25,84.73999786376953,84.76000213623047,84.72000122070312,84.75,72.29036712646484,3597000,0.0,0.0,0.0
2019-11-26,84.79000091552734,84.80000305175781,84.7699966430664,84.79000091552734,72.32447052001953,1792200,0.0,0.0,0.0
2019-11-27,84.7699966430664,84.7699966430664,84.7300033569336,84.73999786376953,72.28178405761719,1090100,0.0,0.0,0.0
2019-11-29,84.7300033569336,84.7699966430664,84.72000122070312,84.7699966430664,72.30740356445312,1220200,0.0,0.0,0.0
2019-12-02,84.58999633789062,84.68000030517578,84.56999969482422,84.61000061035156,72.28518676757812,4211500,0.134,0.0,0.0
2019-12-03,84.72000122070312,84.77999877929688,84.70999908447266,84.7300033569336,72.38768768310547,2036600,0.0,0.0,0.0
2019-12-04,84.70999908447266,84.72000122070312,84.66000366210938,84.69000244140625,72.35352325439453,2017700,0.0,0.0,0.0
2019-12-05,84.6500015258789,84.69000244140625,84.63999938964844,84.6500015258789,72.31937408447266,1965900,0.0,0.0,0.0
2019-12-06,84.5999984741211,84.6500015258789,84.58999633789062,84.62000274658203,72.29373931884766,2024400,0.0,0.0,0.0
2019-12-09,84.63999938964844,84.63999938964844,84.61000061035156,84.62000274658203,72.29373931884766,1482200,0.0,0.0,0.0
2019-12-10,84.62999725341797,84.63999938964844,84.58000183105469,84.58000183105469,72.2595443725586,1214100,0.0,0.0,0.0
2019-12-11,84.58999633789062,84.66000366210938,84.58999633789062,84.6500015258789,72.31937408447266,1223100,0.0,0.0,0.0
2019-12-12,84.66999816894531,84.66999816894531,84.5199966430664,84.56999969482422,72.2509994506836,1627400,0.0,0.0,0.0
2019-12-13,84.63999938964844,84.69000244140625,84.5999984741211,84.66999816894531,72.33643341064453,1630500,0.0,0.0,0.0
2019-12-16,84.63999938964844,84.63999938964844,84.58999633789062,84.62000274658203,72.29373931884766,1568800,0.0,0.0,0.0
2019-12-17,84.6500015258789,84.66000366210938,84.62999725341797,84.63999938964844,72.31082153320312,1764000,0.0,0.0,0.0
2019-12-18,84.62999725341797,84.6500015258789,84.61000061035156,84.6500015258789,72.31937408447266,1677400,0.0,0.0,0.0
2019-12-19,84.51000213623047,84.55000305175781,84.51000213623047,84.52999877929688,72.33391571044922,1464500,0.137,0.0,0.0
2019-12-20,84.5199966430664,84.54000091552734,84.5,84.52999877929688,72.33391571044922,1413600,0.0,0.0,0.0
2019-12-23,84.51000213623047,84.5199966430664,84.48999786376953,84.51000213623047,72.31681060791016,2008600,0.0,0.0,0.0
2019-12-24,84.47000122070312,84.54000091552734,84.47000122070312,84.5199966430664,72.32537078857422,895500,0.0,0.0,0.0
2019-12-26,84.55999755859375,84.55999755859375,84.52999877929688,84.55000305175781,72.35102081298828,1156900,0.0,0.0,0.0
2019-12-27,84.58000183105469,84.62000274658203,84.56999969482422,84.61000061035156,72.4023666381836,1388200,0.0,0.0,0.0
2019-12-30,84.5999984741211,84.66000366210938,84.5999984741211,84.63999938964844,72.42804718017578,1630700,0.0,0.0,0.0
2019-12-31,84.63999938964844,84.66999816894531,84.61000061035156,84.62999725341797,72.41947174072266,3025600,0.0,0.0,0.0
2020-01-02,84.66999816894531,84.70999908447266,84.63999938964844,84.66999816894531,72.45370483398438,2665200,0.0,0.0,0.0
2020-01-03,84.72000122070312,84.76000213623047,84.69000244140625,84.73999786376953,72.51359558105469,2039900,0.0,0.0,0.0
2020-01-06,84.7300033569336,84.73999786376953,84.68000030517578,84.70999908447266,72.4879379272461,1132100,0.0,0.0,0.0
2020-01-07,84.72000122070312,84.7300033569336,84.69999694824219,84.70999908447266,72.4879379272461,1103400,0.0,0.0,0.0
2020-01-08,84.72000122070312,84.73999786376953,84.66000366210938,84.66999816894531,72.45370483398438,1864300,0.0,0.0,0.0
2020-01-09,84.6500015258789,84.69999694824219,84.63999938964844,84.68000030517578,72.4623031616211,1424400,0.0,0.0,0.0
2020-01-10,84.69000244140625,84.72000122070312,84.69000244140625,84.69999694824219,72.47942352294922,1065900,0.0,0.0,0.0
2020-01-13,84.69999694824219,84.69999694824219,84.66999816894531,84.69000244140625,72.47080993652344,1275600,0.0,0.0,0.0
2020-01-14,84.69000244140625,84.7300033569336,84.69000244140625,84.69999694824219,72.47942352294922,2323400,0.0,0.0,0.0
2020-01-15,84.7300033569336,84.73999786376953,84.70999908447266,84.73999786376953,72.51359558105469,2467900,0.0,0.0,0.0
2020-01-16,84.7300033569336,84.73999786376953,84.70999908447266,84.73999786376953,72.51359558105469,1995100,0.0,0.0,0.0
2020-01-17,84.7300033569336,84.7699966430664,84.72000122070312,84.7699966430664,72.53927612304688,1592600,0.0,0.0,0.0
2020-01-21,84.77999877929688,84.80000305175781,84.77999877929688,84.79000091552734,72.55638885498047,2814600,0.0,0.0,0.0
2020-01-22,84.79000091552734,84.81999969482422,84.79000091552734,84.80999755859375,72.5735092163086,1878400,0.0,0.0,0.0
2020-01-23,84.83999633789062,84.87999725341797,84.81999969482422,84.83999633789062,72.59920501708984,6874100,0.0,0.0,0.0
2020-01-24,84.8499984741211,84.9000015258789,84.83999633789062,84.87000274658203,72.62483978271484,3717500,0.0,0.0,0.0
2020-01-27,84.97000122070312,84.9800033569336,84.94000244140625,84.95999908447266,72.70189666748047,1915500,0.0,0.0,0.0
2020-01-28,84.95999908447266,84.97000122070312,84.91000366210938,84.91999816894531,72.66765594482422,1233400,0.0,0.0,0.0
2020-01-29,84.94999694824219,85.0,84.93000030517578,85.0,72.73606872558594,1269100,0.0,0.0,0.0
2020-01-30,85.02999877929688,85.06999969482422,85.0,85.01000213623047,72.74465942382812,1348300,0.0,0.0,0.0
2020-01-31,85.05000305175781,85.13999938964844,85.05000305175781,85.12000274658203,72.83880615234375,4298900,0.0,0.0,0.0
2020-02-03,84.95999908447266,84.9800033569336,84.91000366210938,84.95999908447266,72.8173828125,4133700,0.135,0.0,0.0
2020-02-04,84.87999725341797,84.88999938964844,84.83999633789062,84.87000274658203,72.74019622802734,1575300,0.0,0.0,0.0
2020-02-05,84.81999969482422,84.83999633789062,84.80999755859375,84.80999755859375,72.68879699707031,2229300,0.0,0.0,0.0
2020-02-06,84.80999755859375,84.83000183105469,84.80000305175781,84.83000183105469,72.7059326171875,1505800,0.0,0.0,0.0
2020-02-07,84.87000274658203,84.9000015258789,84.86000061035156,84.87999725341797,72.74880981445312,1408200,0.0,0.0,0.0
2020-02-10,84.93000030517578,84.94999694824219,84.9000015258789,84.91999816894531,72.78308868408203,982700,0.0,0.0,0.0
2020-02-11,84.88999938964844,84.9000015258789,84.86000061035156,84.87999725341797,72.74880981445312,1911200,0.0,0.0,0.0
2020-02-12,84.8499984741211,84.86000061035156,84.83999633789062,84.83999633789062,72.71453094482422,1400400,0.0,0.0,0.0
2020-02-13,84.87000274658203,84.88999938964844,84.8499984741211,84.86000061035156,72.73169708251953,1700700,0.0,0.0,0.0
2020-02-14,84.9000015258789,84.91000366210938,84.88999938964844,84.9000015258789,72.76594543457031,1560000,0.0,0.0,0.0
2020-02-18,84.93000030517578,84.94999694824219,84.91000366210938,84.93000030517578,72.7916488647461,1669400,0.0,0.0,0.0
2020-02-19,84.91000366210938,84.94000244140625,84.88999938964844,84.94000244140625,72.80021667480469,1422800,0.0,0.0,0.0
2020-02-20,84.93000030517578,84.9800033569336,84.93000030517578,84.95999908447266,72.8173828125,2051800,0.0,0.0,0.0
2020-02-21,85.0,85.08000183105469,84.98999786376953,85.02999877929688,72.87734985351562,1798800,0.0,0.0,0.0
2020-02-24,85.16999816894531,85.19999694824219,85.16000366210938,85.16999816894531,72.99735260009766,2725200,0.0,0.0,0.0
2020-02-25,85.19000244140625,85.30000305175781,85.19000244140625,85.26000213623047,73.07449340820312,3027000,0.0,0.0,0.0
2020-02-26,85.23999786376953,85.3499984741211,85.22000122070312,85.31999969482422,73.12590789794922,3688200,0.0,0.0,0.0
2020-02-27,85.44000244140625,85.5,85.36000061035156,85.41999816894531,73.21162414550781,6008700,0.0,0.0,0.0
2020-02-28,85.6500015258789,85.7699966430664,85.62000274658203,85.7300033569336,73.47732543945312,9540700,0.0,0.0,0.0
2020-03-02,85.72000122070312,85.80000305175781,85.56999969482422,85.56999969482422,73.44728088378906,15009300,0.125,0.0,0.0
2020-03-03,85.62999725341797,86.0199966430664,85.61000061035156,85.91000366210938,73.73905944824219,7232300,0.0,0.0,0.0
2020-03-04,85.97000122070312,86.05000305175781,85.91999816894531,85.91999816894531,73.74769592285156,5711900,0.0,0.0,0.0
2020-03-05,86.11000061035156,86.13999938964844,86.06999969482422,86.0999984741211,73.90218353271484,3797200,0.0,0.0,0.0
2020-03-06,86.30999755859375,86.37000274658203,86.16999816894531,86.19999694824219,73.98799133300781,4378300,0.0,0.0,0.0
2020-03-09,86.54000091552734,86.66999816894531,86.37000274658203,86.66999816894531,74.3914566040039,44359800,0.0,0.0,0.0
2020-03-10,86.30000305175781,86.37000274658203,86.1500015258789,86.29000091552734,74.06532287597656,11970200,0.0,0.0,0.0
2020-03-11,86.30000305175781,86.31999969482422,86.18000030517578,86.19000244140625,73.97942352294922,7873200,0.0,0.0,0.0
2020-03-12,86.30000305175781,86.54000091552734,86.16999816894531,86.16999816894531,73.9623031616211,12312300,0.0,0.0,0.0
2020-03-13,86.05000305175781,86.31999969482422,85.94999694824219,86.27999877929688,74.0566635131836,9422400,0.0,0.0,0.0
2020-03-16,86.58000183105469,86.7300033569336,86.4000015258789,86.41999816894531,74.17684173583984,12123900,0.0,0.0,0.0
2020-03-17,86.48999786376953,86.52999877929688,86.12999725341797,86.22000122070312,74.00515747070312,10487800,0.0,0.0,0.0
2020-03-18,86.22000122070312,86.77999877929688,86.11000061035156,86.11000061035156,73.9107666015625,11907500,0.0,0.0,0.0
2020-03-19,86.22000122070312,86.52999877929688,86.22000122070312,86.26000213623047,74.03948211669922,12898400,0.0,0.0,0.0
2020-03-20,86.37999725341797,86.62999725341797,86.37999725341797,86.48999786376953,74.2369155883789,10683700,0.0,0.0,0.0
2020-03-23,86.70999908447266,86.7300033569336,86.55999755859375,86.58999633789062,74.32275390625,9472000,0.0,0.0,0.0
2020-03-24,86.5,86.56999969482422,86.47000122070312,86.47000122070312,74.21978759765625,8366100,0.0,0.0,0.0
2020-03-25,86.48999786376953,86.62999725341797,86.48999786376953,86.56999969482422,74.30563354492188,6098000,0.0,0.0,0.0
2020-03-26,86.58999633789062,86.70999908447266,86.58000183105469,86.66999816894531,74.3914566040039,8381000,0.0,0.0,0.0
2020-03-27,86.69999694824219,86.69999694824219,86.5199966430664,86.6500015258789,74.37425231933594,37087900,0.0,0.0,0.0
2020-03-30,86.7300033569336,86.76000213623047,86.66000366210938,86.69000244140625,74.40863037109375,5650800,0.0,0.0,0.0
2020-03-31,86.72000122070312,86.77999877929688,86.66999816894531,86.66999816894531,74.3914566040039,5677600,0.0,0.0,0.0
2020-04-01,86.62000274658203,86.66999816894531,86.58000183105469,86.62000274658203,74.43954467773438,6923900,0.106,0.0,0.0
2020-04-02,86.63999938964844,86.66999816894531,86.62000274658203,86.63999938964844,74.45674133300781,5879700,0.0,0.0,0.0
2020-04-03,86.61000061035156,86.69999694824219,86.58000183105469,86.62000274658203,74.43954467773438,5018100,0.0,0.0,0.0
2020-04-06,86.58000183105469,86.61000061035156,86.55000305175781,86.55999755859375,74.38796997070312,4869100,0.0,0.0,0.0
2020-04-07,86.51000213623047,86.56999969482422,86.48999786376953,86.54000091552734,74.37078857421875,7881000,0.0,0.0,0.0
2020-04-08,86.54000091552734,86.62000274658203,86.54000091552734,86.58999633789062,74.41376495361328,4890600,0.0,0.0,0.0
2020-04-09,86.58999633789062,86.6500015258789,86.58000183105469,86.62000274658203,74.43954467773438,5400400,0.0,0.0,0.0
2020-04-13,86.62999725341797,86.62999725341797,86.58999633789062,86.62999725341797,74.44817352294922,3356200,0.0,0.0,0.0
2020-04-14,86.62000274658203,86.6500015258789,86.58999633789062,86.62999725341797,74.44817352294922,4712200,0.0,0.0,0.0
2020-04-15,86.68000030517578,86.69999694824219,86.6500015258789,86.66000366210938,74.47393035888672,4270000,0.0,0.0,0.0
2020-04-16,86.68000030517578,86.69999694824219,86.66000366210938,86.68000030517578,74.4911117553711,2383600,0.0,0.0,0.0
2020-04-17,86.66000366210938,86.69000244140625,86.6500015258789,86.6500015258789,74.4653549194336,3282700,0.0,0.0,0.0
2020-04-20,86.66999816894531,86.69000244140625,86.6500015258789,86.6500015258789,74.4653549194336,5969400,0.0,0.0,0.0
2020-04-21,86.68000030517578,86.69000244140625,86.6500015258789,86.66999816894531,74.48252868652344,3610300,0.0,0.0,0.0
2020-04-22,86.66000366210938,86.66000366210938,86.63999938964844,86.63999938964844,74.45674133300781,4836900,0.0,0.0,0.0
2020-04-23,86.63999938964844,86.66000366210938,86.62000274658203,86.62999725341797,74.44817352294922,3010000,0.0,0.0,0.0
2020-04-24,86.63999938964844,86.66000366210938,86.62999725341797,86.62999725341797,74.44817352294922,3117600,0.0,0.0,0.0
2020-04-27,86.62999725341797,86.63999938964844,86.5999984741211,86.62999725341797,74.44817352294922,4928800,0.0,0.0,0.0
2020-04-28,86.66999816894531,86.68000030517578,86.6500015258789,86.66000366210938,74.47393035888672,3706900,0.0,0.0,0.0
2020-04-29,86.68000030517578,86.69000244140625,86.6500015258789,86.6500015258789,74.4653549194336,4285700,0.0,0.0,0.0
2020-04-30,86.66000366210938,86.80000305175781,86.66000366210938,86.80000305175781,74.59423828125,9557300,0.0,0.0,0.0
2020-05-01,86.62000274658203,86.62000274658203,86.56999969482422,86.5999984741211,74.48416900634766,5135000,0.072,0.0,0.0
2020-05-04,86.58999633789062,86.63999938964844,86.58000183105469,86.5999984741211,74.48416900634766,5813400,0.0,0.0,0.0
2020-05-05,86.61000061035156,86.62000274658203,86.58999633789062,86.58999633789062,74.47553253173828,4334000,0.0,0.0,0.0
2020-05-06,86.5999984741211,86.62000274658203,86.58999633789062,86.62000274658203,74.50137329101562,2007300,0.0,0.0,0.0
2020-05-07,86.62000274658203,86.69999694824219,86.61000061035156,86.68000030517578,74.55296325683594,2455600,0.0,0.0,0.0
2020-05-08,86.69000244140625,86.7300033569336,86.6500015258789,86.66000366210938,74.53572082519531,2690000,0.0,0.0,0.0
2020-05-11,86.66999816894531,86.66999816894531,86.5999984741211,86.62999725341797,74.5099868774414,4067600,0.0,0.0,0.0
2020-05-12,86.62000274658203,86.6500015258789,86.5999984741211,86.6500015258789,74.52715301513672,2670000,0.0,0.0,0.0
2020-05-13,86.66000366210938,86.68000030517578,86.63999938964844,86.6500015258789,74.52715301513672,3829400,0.0,0.0,0.0
2020-05-14,86.66000366210938,86.69000244140625,86.62999725341797,86.62999725341797,74.5099868774414,2284600,0.0,0.0,0.0
2020-05-15,86.69000244140625,86.69999694824219,86.66999816894531,86.68000030517578,74.55296325683594,1942800,0.0,0.0,0.0
2020-05-18,86.66999816894531,86.66999816894531,86.61000061035156,86.61000061035156,74.49273681640625,2761400,0.0,0.0,0.0
2020-05-19,86.62000274658203,86.66000366210938,86.62000274658203,86.66000366210938,74.53572082519531,2976500,0.0,0.0,0.0
2020-05-20,86.62999725341797,86.66999816894531,86.62999725341797,86.66000366210938,74.53572082519531,3497900,0.0,0.0,0.0
2020-05-21,86.6500015258789,86.66000366210938,86.63999938964844,86.63999938964844,74.5185546875,3246300,0.0,0.0,0.0
2020-05-22,86.66000366210938,86.66999816894531,86.63999938964844,86.63999938964844,74.5185546875,2592500,0.0,0.0,0.0
2020-05-26,86.62999725341797,86.6500015258789,86.62000274658203,86.63999938964844,74.5185546875,4356200,0.0,0.0,0.0
2020-05-27,86.62999725341797,86.66999816894531,86.62000274658203,86.62000274658203,74.50137329101562,3507600,0.0,0.0,0.0
2020-05-28,86.62999725341797,86.66000366210938,86.62000274658203,86.66000366210938,74.53572082519531,3433400,0.0,0.0,0.0
2020-05-29,86.63999938964844,86.68000030517578,86.63999938964844,86.66000366210938,74.53572082519531,6903400,0.0,0.0,0.0
2020-06-01,86.58999633789062,86.5999984741211,86.55999755859375,86.58000183105469,74.52716827392578,6995500,0.07,0.0,0.0
2020-06-02,86.58000183105469,86.58999633789062,86.55999755859375,86.58000183105469,74.52716827392578,3869300,0.0,0.0,0.0
2020-06-03,86.55999755859375,86.55999755859375,86.51000213623047,86.51000213623047,74.46688079833984,4476300,0.0,0.0,0.0
2020-06-04,86.5199966430664,86.54000091552734,86.5,86.52999877929688,74.48409271240234,4350000,0.0,0.0,0.0
2020-06-05,86.48999786376953,86.5,86.47000122070312,86.5,74.45833587646484,4391300,0.0,0.0,0.0
2020-06-08,86.4800033569336,86.51000213623047,86.45999908447266,86.4800033569336,74.44108581542969,4200200,0.0,0.0,0.0
2020-06-09,86.48999786376953,86.5199966430664,86.48999786376953,86.51000213623047,74.46688079833984,7839900,0.0,0.0,0.0
2020-06-10,86.54000091552734,86.58000183105469,86.52999877929688,86.55999755859375,74.50994110107422,3146500,0.0,0.0,0.0
2020-06-11,86.56999969482422,86.58000183105469,86.5199966430664,86.5199966430664,74.4754638671875,3244500,0.0,0.0,0.0
2020-06-12,86.54000091552734,86.55999755859375,86.52999877929688,86.55000305175781,74.50135803222656,3356000,0.0,0.0,0.0
2020-06-15,86.55000305175781,86.56999969482422,86.52999877929688,86.52999877929688,74.48409271240234,3246000,0.0,0.0,0.0
2020-06-16,86.52999877929688,86.55999755859375,86.5199966430664,86.5199966430664,74.4754638671875,5306400,0.0,0.0,0.0
2020-06-17,86.52999877929688,86.55000305175781,86.52999877929688,86.55000305175781,74.50135803222656,3369600,0.0,0.0,0.0
2020-06-18,86.55999755859375,86.55999755859375,86.54000091552734,86.54000091552734,74.49271392822266,2027100,0.0,0.0,0.0
2020-06-19,86.55000305175781,86.58000183105469,86.54000091552734,86.55999755859375,74.50994110107422,3477600,0.0,0.0,0.0
2020-06-22,86.55999755859375,86.56999969482422,86.54000091552734,86.54000091552734,74.49271392822266,2597900,0.0,0.0,0.0
2020-06-23,86.55000305175781,86.55999755859375,86.54000091552734,86.55999755859375,74.50994110107422,2792100,0.0,0.0,0.0
2020-06-24,86.55000305175781,86.56999969482422,86.54000091552734,86.56999969482422,74.51856994628906,2110900,0.0,0.0,0.0
2020-06-25,86.55999755859375,86.58000183105469,86.55999755859375,86.56999969482422,74.51856994628906,1716500,0.0,0.0,0.0
2020-06-26,86.56999969482422,86.61000061035156,86.56999969482422,86.5999984741211,74.54438018798828,4109900,0.0,0.0,0.0
2020-06-29,86.5999984741211,86.62000274658203,86.58999633789062,86.62000274658203,74.56159210205078,2766100,0.0,0.0,0.0
2020-06-30,86.62999725341797,86.62999725341797,86.5999984741211,86.61000061035156,74.5529556274414,4443400,0.0,0.0,0.0
2020-07-01,86.55999755859375,86.55999755859375,86.5199966430664,86.5199966430664,74.52796936035156,4789400,0.061,0.0,0.0
2020-07-02,86.54000091552734,86.55999755859375,86.5199966430664,86.55999755859375,74.56246185302734,2662800,0.0,0.0,0.0
2020-07-06,86.54000091552734,86.55000305175781,86.52999877929688,86.52999877929688,74.5365982055664,3406700,0.0,0.0,0.0
2020-07-07,86.54000091552734,86.55000305175781,86.52999877929688,86.55000305175781,74.55382537841797,2939000,0.0,0.0,0.0
2020-07-08,86.55000305175781,86.55999755859375,86.54000091552734,86.55000305175781,74.55382537841797,3454900,0.0,0.0,0.0
2020-07-09,86.55000305175781,86.56999969482422,86.54000091552734,86.56999969482422,74.57108306884766,2508600,0.0,0.0,0.0
2020-07-10,86.58000183105469,86.58000183105469,86.54000091552734,86.54000091552734,74.54522705078125,2447400,0.0,0.0,0.0
2020-07-13,86.54000091552734,86.55000305175781,86.52999877929688,86.54000091552734,74.54522705078125,2332100,0.0,0.0,0.0
2020-07-14,86.55999755859375,86.56999969482422,86.54000091552734,86.55000305175781,74.55382537841797,2112500,0.0,0.0,0.0
2020-07-15,86.54000091552734,86.55999755859375,86.52999877929688,86.55999755859375,74.56246185302734,4553200,0.0,0.0,0.0
2020-07-16,86.56999969482422,86.58000183105469,86.55999755859375,86.55999755859375,74.56246185302734,1750100,0.0,0.0,0.0
2020-07-17,86.56999969482422,86.58000183105469,86.55000305175781,86.58000183105469,74.57968139648438,2016200,0.0,0.0,0.0
2020-07-20,86.58000183105469,86.58000183105469,86.55000305175781,86.55999755859375,74.56246185302734,3534600,0.0,0.0,0.0
2020-07-21,86.55000305175781,86.58000183105469,86.55000305175781,86.58000183105469,74.57968139648438,4017900,0.0,0.0,0.0
2020-07-22,86.58000183105469,86.58000183105469,86.55999755859375,86.56999969482422,74.57108306884766,3776600,0.0,0.0,0.0
2020-07-23,86.56999969482422,86.58000183105469,86.55999755859375,86.56999969482422,74.57108306884766,2263100,0.0,0.0,0.0
2020-07-24,86.56999969482422,86.58000183105469,86.55999755859375,86.58000183105469,74.57968139648438,3056000,0.0,0.0,0.0
2020-07-27,86.58000183105469,86.58000183105469,86.54000091552734,86.55000305175781,74.55382537841797,2250900,0.0,0.0,0.0
2020-07-28,86.55999755859375,86.58000183105469,86.55999755859375,86.56999969482422,74.57108306884766,3804400,0.0,0.0,0.0
2020-07-29,86.58000183105469,86.5999984741211,86.56999969482422,86.58999633789062,74.58828735351562,2551300,0.0,0.0,0.0
2020-07-30,86.5999984741211,86.62000274658203,86.5999984741211,86.62000274658203,74.61414337158203,2016900,0.0,0.0,0.0
2020-07-31,86.62999725341797,86.62999725341797,86.61000061035156,86.62999725341797,74.62274932861328,3229400,0.0,0.0,0.0
2020-08-03,86.55999755859375,86.58000183105469,86.54000091552734,86.58000183105469,74.62274169921875,2979500,0.05,0.0,0.0
2020-08-04,86.58000183105469,86.58999633789062,86.56999969482422,86.58999633789062,74.6313705444336,2871000,0.0,0.0,0.0
2020-08-05,86.56999969482422,86.58000183105469,86.55999755859375,86.56999969482422,74.6141586303711,3037500,0.0,0.0,0.0
2020-08-06,86.56999969482422,86.58999633789062,86.55999755859375,86.56999969482422,74.6141586303711,1793300,0.0,0.0,0.0
2020-08-07,86.55999755859375,86.56999969482422,86.55000305175781,86.55999755859375,74.60552215576172,3944500,0.0,0.0,0.0
2020-08-10,86.55999755859375,86.55999755859375,86.52999877929688,86.54000091552734,74.58827209472656,2089800,0.0,0.0,0.0
2020-08-11,86.5199966430664,86.52999877929688,86.48999786376953,86.5199966430664,74.57100677490234,3345700,0.0,0.0,0.0
2020-08-12,86.5,86.51000213623047,86.48999786376953,86.5,74.5538330078125,4246900,0.0,0.0,0.0
2020-08-13,86.48999786376953,86.5,86.4800033569336,86.48999786376953,74.54519653320312,2073800,0.0,0.0,0.0
2020-08-14,86.5,86.5199966430664,86.48999786376953,86.5,74.5538330078125,2548600,0.0,0.0,0.0
2020-08-17,86.5199966430664,86.5199966430664,86.5,86.51000213623047,74.56242370605469,2655100,0.0,0.0,0.0
2020-08-18,86.51000213623047,86.52999877929688,86.51000213623047,86.5199966430664,74.57100677490234,2106500,0.0,0.0,0.0
2020-08-19,86.52999877929688,86.52999877929688,86.51000213623047,86.5199966430664,74.57100677490234,2064900,0.0,0.0,0.0
2020-08-20,86.52999877929688,86.54000091552734,86.5199966430664,86.5199966430664,74.57100677490234,2121000,0.0,0.0,0.0
2020-08-21,86.52999877929688,86.54000091552734,86.51000213623047,86.51000213623047,74.56242370605469,3337600,0.0,0.0,0.0
2020-08-24,86.5199966430664,86.52999877929688,86.5,86.5,74.5538330078125,2834100,0.0,0.0,0.0
2020-08-25,86.48999786376953,86.51000213623047,86.4800033569336,86.51000213623047,74.56242370605469,1986600,0.0,0.0,0.0
2020-08-26,86.51000213623047,86.51000213623047,86.48999786376953,86.51000213623047,74.56242370605469,2983300,0.0,0.0,0.0
2020-08-27,86.52999877929688,86.54000091552734,86.48999786376953,86.5,74.5538330078125,2609000,0.0,0.0,0.0
2020-08-28,86.5199966430664,86.55000305175781,86.5199966430664,86.52999877929688,74.57963562011719,3445500,0.0,0.0,0.0
2020-08-31,86.52999877929688,86.55999755859375,86.52999877929688,86.55999755859375,74.60552215576172,2357200,0.0,0.0,0.0
2020-09-01,86.48999786376953,86.5,86.4800033569336,86.48999786376953,74.5874252319336,3093600,0.049,0.0,0.0
2020-09-02,86.4800033569336,86.5,86.4800033569336,86.5,74.59600830078125,3682600,0.0,0.0,0.0
2020-09-03,86.5,86.5199966430664,86.48999786376953,86.48999786376953,74.5874252319336,2547200,0.0,0.0,0.0
2020-09-04,86.48999786376953,86.5,86.44999694824219,86.45999908447266,74.56150817871094,2904300,0.0,0.0,0.0
2020-09-08,86.4800033569336,86.48999786376953,86.47000122070312,86.47000122070312,74.57017517089844,2014700,0.0,0.0,0.0
2020-09-09,86.47000122070312,86.4800033569336,86.45999908447266,86.4800033569336,74.57876586914062,3009100,0.0,0.0,0.0
2020-09-10,86.45999908447266,86.48999786376953,86.45999908447266,86.47000122070312,74.57017517089844,2910000,0.0,0.0,0.0
2020-09-11,86.4800033569336,86.51000213623047,86.4800033569336,86.48999786376953,74.5874252319336,2109800,0.0,0.0,0.0
2020-09-14,86.5,86.5,86.4800033569336,86.4800033569336,74.57876586914062,1993000,0.0,0.0,0.0
2020-09-15,86.4800033569336,86.48999786376953,86.4800033569336,86.48999786376953,74.5874252319336,2013100,0.0,0.0,0.0
2020-09-16,86.48999786376953,86.5,86.47000122070312,86.5,74.59600830078125,2551200,0.0,0.0,0.0
2020-09-17,86.5,86.51000213623047,86.4800033569336,86.4800033569336,74.57876586914062,2494700,0.0,0.0,0.0
2020-09-18,86.5,86.51000213623047,86.4800033569336,86.48999786376953,74.5874252319336,2334200,0.0,0.0,0.0
2020-09-21,86.5,86.5,86.4800033569336,86.4800033569336,74.57876586914062,3969100,0.0,0.0,0.0
2020-09-22,86.48999786376953,86.5,86.4800033569336,86.5,74.59600830078125,2108400,0.0,0.0,0.0
2020-09-23,86.48999786376953,86.5,86.4800033569336,86.5,74.59600830078125,3298200,0.0,0.0,0.0
2020-09-24,86.48999786376953,86.5,86.4800033569336,86.48999786376953,74.5874252319336,2955200,0.0,0.0,0.0
2020-09-25,86.5,86.51000213623047,86.5,86.5,74.59600830078125,1786000,0.0,0.0,0.0
2020-09-28,86.51000213623047,86.51000213623047,86.48999786376953,86.51000213623047,74.60466003417969,2777700,0.0,0.0,0.0
2020-09-29,86.51000213623047,86.5199966430664,86.5,86.5,74.59600830078125,2568900,0.0,0.0,0.0
2020-09-30,86.51000213623047,86.51000213623047,86.48999786376953,86.51000213623047,74.60466003417969,3111800,0.0,0.0,0.0
2020-10-01,86.44999694824219,86.47000122070312,86.44999694824219,86.44999694824219,74.58740997314453,3890800,0.04,0.0,0.0
2020-10-02,86.45999908447266,86.47000122070312,86.44000244140625,86.45999908447266,74.59600067138672,3081300,0.0,0.0,0.0
2020-10-05,86.44999694824219,86.44999694824219,86.41999816894531,86.43000030517578,74.57015991210938,3139800,0.0,0.0,0.0
2020-10-06,86.43000030517578,86.44000244140625,86.41999816894531,86.43000030517578,74.57015991210938,2618100,0.0,0.0,0.0
2020-10-07,86.4000015258789,86.41999816894531,86.4000015258789,86.41999816894531,74.56149291992188,3613200,0.0,0.0,0.0
2020-10-08,86.41999816894531,86.43000030517578,86.41000366210938,86.41999816894531,74.56149291992188,1996700,0.0,0.0,0.0
2020-10-09,86.43000030517578,86.43000030517578,86.41000366210938,86.41999816894531,74.56149291992188,1977700,0.0,0.0,0.0
2020-10-12,86.41999816894531,86.44000244140625,86.41000366210938,86.44000244140625,74.5787582397461,2400900,0.0,0.0,0.0
2020-10-13,86.43000030517578,86.44999694824219,86.41999816894531,86.43000030517578,74.57015991210938,5330600,0.0,0.0,0.0
2020-10-14,86.43000030517578,86.44999694824219,86.43000030517578,86.43000030517578,74.57015991210938,8129500,0.0,0.0,0.0
2020-10-15,86.44000244140625,86.45999908447266,86.43000030517578,86.44999694824219,74.58740997314453,6851500,0.0,0.0,0.0
2020-10-16,86.44000244140625,86.44999694824219,86.43000030517578,86.44000244140625,74.5787582397461,1562100,0.0,0.0,0.0
2020-10-19,86.41999816894531,86.44000244140625,86.41000366210938,86.44000244140625,74.5787582397461,2499200,0.0,0.0,0.0
2020-10-20,86.43000030517578,86.44000244140625,86.41999816894531,86.43000030517578,74.57015991210938,1991800,0.0,0.0,0.0
2020-10-21,86.41999816894531,86.43000030517578,86.41000366210938,86.43000030517578,74.57015991210938,1788700,0.0,0.0,0.0
2020-10-22,86.41999816894531,86.43000030517578,86.4000015258789,86.4000015258789,74.54423522949219,3063300,0.0,0.0,0.0
2020-10-23,86.41999816894531,86.43000030517578,86.41000366210938,86.41000366210938,74.5528793334961,2014300,0.0,0.0,0.0
2020-10-26,86.41999816894531,86.43000030517578,86.41000366210938,86.41999816894531,74.56149291992188,2319200,0.0,0.0,0.0
2020-10-27,86.43000030517578,86.44000244140625,86.41999816894531,86.41999816894531,74.56149291992188,1982000,0.0,0.0,0.0
2020-10-28,86.43000030517578,86.44000244140625,86.41999816894531,86.41999816894531,74.56149291992188,4930200,0.0,0.0,0.0
2020-10-29,86.43000030517578,86.44000244140625,86.41999816894531,86.44000244140625,74.5787582397461,3688800,0.0,0.0,0.0
2020-10-30,86.44000244140625,86.44000244140625,86.41000366210938,86.43000030517578,74.57015991210938,3562300,0.0,0.0,0.0
2020-11-02,86.37999725341797,86.38999938964844,86.37000274658203,86.38999938964844,74.56927490234375,3642500,0.039,0.0,0.0
2020-11-03,86.37000274658203,86.37999725341797,86.3499984741211,86.37000274658203,74.5519790649414,1739600,0.0,0.0,0.0
2020-11-04,86.38999938964844,86.41000366210938,86.37999725341797,86.38999938964844,74.56927490234375,4432600,0.0,0.0,0.0
2020-11-05,86.38999938964844,86.4000015258789,86.37000274658203,86.37000274658203,74.5519790649414,4646000,0.0,0.0,0.0
2020-11-06,86.38999938964844,86.38999938964844,86.37000274658203,86.37999725341797,74.5606460571289,2479200,0.0,0.0,0.0
2020-11-09,86.33999633789062,86.3499984741211,86.31999969482422,86.3499984741211,74.53474426269531,5418600,0.0,0.0,0.0
2020-11-10,86.31999969482422,86.33999633789062,86.31999969482422,86.33999633789062,74.52609252929688,3162200,0.0,0.0,0.0
2020-11-11,86.31999969482422,86.33000183105469,86.30999755859375,86.31999969482422,74.50883483886719,2643200,0.0,0.0,0.0
2020-11-12,86.3499984741211,86.36000061035156,86.33000183105469,86.33000183105469,74.51748657226562,3915800,0.0,0.0,0.0
2020-11-13,86.3499984741211,86.36000061035156,86.33000183105469,86.33000183105469,74.51748657226562,3156800,0.0,0.0,0.0
2020-11-16,86.33999633789062,86.36000061035156,86.33000183105469,86.3499984741211,74.53474426269531,3752900,0.0,0.0,0.0
2020-11-17,86.33999633789062,86.36000061035156,86.33999633789062,86.33999633789062,74.52609252929688,3457900,0.0,0.0,0.0
2020-11-18,86.3499984741211,86.36000061035156,86.33999633789062,86.33999633789062,74.52609252929688,2325200,0.0,0.0,0.0
2020-11-19,86.3499984741211,86.37000274658203,86.3499984741211,86.36000061035156,74.5433578491211,1900700,0.0,0.0,0.0
2020-11-20,86.37999725341797,86.37999725341797,86.37000274658203,86.37000274658203,74.5519790649414,1784700,0.0,0.0,0.0
2020-11-23,86.37000274658203,86.37999725341797,86.37000274658203,86.37000274658203,74.5519790649414,1640500,0.0,0.0,0.0
2020-11-24,86.37000274658203,86.37999725341797,86.37000274658203,86.37999725341797,74.5606460571289,2649500,0.0,0.0,0.0
2020-11-25,86.37999725341797,86.38999938964844,86.37999725341797,86.38999938964844,74.56927490234375,2449800,0.0,0.0,0.0
2020-11-27,86.38999938964844,86.4000015258789,86.38999938964844,86.38999938964844,74.56927490234375,1378900,0.0,0.0,0.0
2020-11-30,86.41000366210938,86.41000366210938,86.38999938964844,86.41000366210938,74.58654022216797,3375300,0.0,0.0,0.0
2020-12-01,86.33999633789062,86.3499984741211,86.31999969482422,86.33000183105469,74.54597473144531,6173900,0.033,0.0,0.0
2020-12-02,86.33000183105469,86.3499984741211,86.31999969482422,86.3499984741211,74.56326293945312,2297100,0.0,0.0,0.0
2020-12-03,86.36000061035156,86.37000274658203,86.3499984741211,86.37000274658203,74.58048248291016,2751900,0.0,0.0,0.0
2020-12-04,86.3499984741211,86.36000061035156,86.33999633789062,86.36000061035156,74.57185363769531,2825200,0.0,0.0,0.0
2020-12-07,86.36000061035156,86.37999725341797,86.36000061035156,86.37999725341797,74.589111328125,3213900,0.0,0.0,0.0
2020-12-08,86.37000274658203,86.37999725341797,86.36000061035156,86.36000061035156,74.57185363769531,2559800,0.0,0.0,0.0
2020-12-09,86.36000061035156,86.36000061035156,86.3499984741211,86.3499984741211,74.56326293945312,2829000,0.0,0.0,0.0
2020-12-10,86.37999725341797,86.38999938964844,86.36000061035156,86.37000274658203,74.58048248291016,2977700,0.0,0.0,0.0
2020-12-11,86.41000366210938,86.41999816894531,86.4000015258789,86.41999816894531,74.62364959716797,1802200,0.0,0.0,0.0
2020-12-14,86.4000015258789,86.41999816894531,86.4000015258789,86.41000366210938,74.6150131225586,2805200,0.0,0.0,0.0
2020-12-15,86.41000366210938,86.41999816894531,86.4000015258789,86.41000366210938,74.6150131225586,1969300,0.0,0.0,0.0
2020-12-16,86.4000015258789,86.41000366210938,86.4000015258789,86.41000366210938,74.6150131225586,1444700,0.0,0.0,0.0
2020-12-17,86.38999938964844,86.38999938964844,86.36000061035156,86.37999725341797,74.61676788330078,2541200,0.032,0.0,0.0
2020-12-18,86.37000274658203,86.37999725341797,86.37000274658203,86.37000274658203,74.60811614990234,2924100,0.0,0.0,0.0
2020-12-21,86.37000274658203,86.37999725341797,86.36000061035156,86.37000274658203,74.60811614990234,2249100,0.0,0.0,0.0
2020-12-22,86.37000274658203,86.38999938964844,86.37000274658203,86.37000274658203,74.60811614990234,1928400,0.0,0.0,0.0
2020-12-23,86.37000274658203,86.38999938964844,86.37000274658203,86.38999938964844,74.62539672851562,2821600,0.0,0.0,0.0
2020-12-24,86.37000274658203,86.38999938964844,86.37000274658203,86.37000274658203,74.60811614990234,1039500,0.0,0.0,0.0
2020-12-28,86.36000061035156,86.37999725341797,86.36000061035156,86.37999725341797,74.61676788330078,1836400,0.0,0.0,0.0
2020-12-29,86.37999725341797,86.37999725341797,86.37000274658203,86.37999725341797,74.61676788330078,2010600,0.0,0.0,0.0
2020-12-30,86.37000274658203,86.38999938964844,86.37000274658203,86.38999938964844,74.62539672851562,1327500,0.0,0.0,0.0
2020-12-31,86.37999725341797,86.38999938964844,86.36000061035156,86.37999725341797,74.61676788330078,1949900,0.0,0.0,0.0
2021-01-04,86.37000274658203,86.4000015258789,86.37000274658203,86.38999938964844,74.62539672851562,2989300,0.0,0.0,0.0
2021-01-05,86.38999938964844,86.4000015258789,86.37000274658203,86.38999938964844,74.62539672851562,2529400,0.0,0.0,0.0
2021-01-06,86.36000061035156,86.37000274658203,86.31999969482422,86.33999633789062,74.5821762084961,2082000,0.0,0.0,0.0
2021-01-07,86.3499984741211,86.36000061035156,86.33000183105469,86.36000061035156,74.59950256347656,4207700,0.0,0.0,0.0
2021-01-08,86.33000183105469,86.3499984741211,86.33000183105469,86.3499984741211,74.59085083007812,2760300,0.0,0.0,0.0
2021-01-11,86.33999633789062,86.3499984741211,86.33000183105469,86.33999633789062,74.5821762084961,2545700,0.0,0.0,0.0
2021-01-12,86.31999969482422,86.33999633789062,86.31999969482422,86.33999633789062,74.5821762084961,4048300,0.0,0.0,0.0
2021-01-13,86.33000183105469,86.33999633789062,86.33000183105469,86.33000183105469,74.57357788085938,2021800,0.0,0.0,0.0
2021-01-14,86.33999633789062,86.3499984741211,86.33000183105469,86.33999633789062,74.5821762084961,3344000,0.0,0.0,0.0
2021-01-15,86.33999633789062,86.36000061035156,86.33999633789062,86.3499984741211,74.59085083007812,3148300,0.0,0.0,0.0
2021-01-19,86.33999633789062,86.37999725341797,86.33999633789062,86.37999725341797,74.61676788330078,3019500,0.0,0.0,0.0
2021-01-20,86.37000274658203,86.37999725341797,86.36000061035156,86.37000274658203,74.60811614990234,2392300,0.0,0.0,0.0
2021-01-21,86.37999725341797,86.38999938964844,86.36000061035156,86.37999725341797,74.61676788330078,1574700,0.0,0.0,0.0
2021-01-22,86.37999725341797,86.38999938964844,86.37999725341797,86.37999725341797,74.61676788330078,4095800,0.0,0.0,0.0
2021-01-25,86.37999725341797,86.38999938964844,86.37999725341797,86.38999938964844,74.62539672851562,2037500,0.0,0.0,0.0
2021-01-26,86.4000015258789,86.4000015258789,86.37999725341797,86.37999725341797,74.61676788330078,2015500,0.0,0.0,0.0
2021-01-27,86.4000015258789,86.41000366210938,86.37999725341797,86.37999725341797,74.61676788330078,3786800,0.0,0.0,0.0
2021-01-28,86.38999938964844,86.38999938964844,86.37000274658203,86.37000274658203,74.60811614990234,2429600,0.0,0.0,0.0
2021-01-29,86.38999938964844,86.4000015258789,86.37999725341797,86.4000015258789,74.63404083251953,3237800,0.0,0.0,0.0
2021-02-01,86.37999725341797,86.37999725341797,86.36000061035156,86.37999725341797,74.64260864257812,3266300,0.03,0.0,0.0
2021-02-02,86.37000274658203,86.37000274658203,86.3499984741211,86.3499984741211,74.61676788330078,2245400,0.0,0.0,0.0
2021-02-03,86.3499984741211,86.36000061035156,86.3499984741211,86.36000061035156,74.62540435791016,2219000,0.0,0.0,0.0
2021-02-04,86.3499984741211,86.36000061035156,86.3499984741211,86.36000061035156,74.62540435791016,1848200,0.0,0.0,0.0
2021-02-05,86.37000274658203,86.37999725341797,86.36000061035156,86.37999725341797,74.64260864257812,1495900,0.0,0.0,0.0
2021-02-08,86.36000061035156,86.37000274658203,86.36000061035156,86.37000274658203,74.634033203125,2193100,0.0,0.0,0.0
2021-02-09,86.37000274658203,86.37000274658203,86.3499984741211,86.3499984741211,74.61676788330078,1930700,0.0,0.0,0.0
2021-02-10,86.37000274658203,86.37000274658203,86.3499984741211,86.36000061035156,74.62540435791016,3016100,0.0,0.0,0.0
2021-02-11,86.37000274658203,86.37000274658203,86.36000061035156,86.36000061035156,74.62540435791016,2348600,0.0,0.0,0.0
2021-02-12,86.36000061035156,86.37999725341797,86.36000061035156,86.37000274658203,74.634033203125,3364600,0.0,0.0,0.0
2021-02-16,86.3499984741211,86.36000061035156,86.33000183105469,86.33999633789062,74.60809326171875,3364200,0.0,0.0,0.0
2021-02-17,86.33999633789062,86.36000061035156,86.33999633789062,86.36000061035156,74.62540435791016,2307600,0.0,0.0,0.0
2021-02-18,86.36000061035156,86.37000274658203,86.33999633789062,86.36000061035156,74.62540435791016,2362300,0.0,0.0,0.0
2021-02-19,86.3499984741211,86.37000274658203,86.3499984741211,86.37000274658203,74.634033203125,2113900,0.0,0.0,0.0
2021-02-22,86.36000061035156,86.36000061035156,86.3499984741211,86.3499984741211,74.61676788330078,3801600,0.0,0.0,0.0
2021-02-23,86.33999633789062,86.36000061035156,86.33999633789062,86.36000061035156,74.62540435791016,9025900,0.0,0.0,0.0
2021-02-24,86.33000183105469,86.33999633789062,86.31999969482422,86.33999633789062,74.60809326171875,2530000,0.0,0.0,0.0
2021-02-25,86.27999877929688,86.27999877929688,86.16999816894531,86.20999908447266,74.49573516845703,4956100,0.0,0.0,0.0
2021-02-26,86.2699966430664,86.31999969482422,86.2300033569336,86.31999969482422,74.5908432006836,5187500,0.0,0.0,0.0
2021-03-01,86.29000091552734,86.30000305175781,86.2699966430664,86.29000091552734,74.58390045166016,3366700,0.022,0.0,0.0
2021-03-02,86.29000091552734,86.30999755859375,86.29000091552734,86.30999755859375,74.60116577148438,5519200,0.0,0.0,0.0
2021-03-03,86.29000091552734,86.29000091552734,86.25,86.26000213623047,74.55796813964844,2406100,0.0,0.0,0.0
2021-03-04,86.2699966430664,86.27999877929688,86.25,86.26000213623047,74.55796813964844,2566100,0.0,0.0,0.0
2021-03-05,86.23999786376953,86.26000213623047,86.2300033569336,86.26000213623047,74.55796813964844,4413600,0.0,0.0,0.0
2021-03-08,86.25,86.25,86.22000122070312,86.2300033569336,74.53202056884766,2729700,0.0,0.0,0.0
2021-03-09,86.2300033569336,86.2300033569336,86.20999908447266,86.2300033569336,74.53202056884766,3255500,0.0,0.0,0.0
2021-03-10,86.2300033569336,86.26000213623047,86.22000122070312,86.26000213623047,74.55796813964844,2860000,0.0,0.0,0.0
2021-03-11,86.2699966430664,86.2699966430664,86.25,86.26000213623047,74.55796813964844,3578500,0.0,0.0,0.0
2021-03-12,86.23999786376953,86.25,86.2300033569336,86.25,74.5493392944336,1824700,0.0,0.0,0.0
2021-03-15,86.23999786376953,86.26000213623047,86.23999786376953,86.26000213623047,74.55796813964844,2273700,0.0,0.0,0.0
2021-03-16,86.25,86.26000213623047,86.23999786376953,86.26000213623047,74.55796813964844,1853600,0.0,0.0,0.0
2021-03-17,86.25,86.30999755859375,86.23999786376953,86.27999877929688,74.57528686523438,3413300,0.0,0.0,0.0
2021-03-18,86.25,86.2699966430664,86.2300033569336,86.2699966430664,74.56660461425781,4692000,0.0,0.0,0.0
2021-03-19,86.26000213623047,86.29000091552734,86.23999786376953,86.2699966430664,74.56660461425781,3276300,0.0,0.0,0.0
2021-03-22,86.2699966430664,86.2699966430664,86.26000213623047,86.26000213623047,74.55796813964844,2118500,0.0,0.0,0.0
2021-03-23,86.27999877929688,86.27999877929688,86.2699966430664,86.2699966430664,74.56660461425781,3241300,0.0,0.0,0.0
2021-03-24,86.29000091552734,86.30000305175781,86.27999877929688,86.29000091552734,74.58390045166016,2322600,0.0,0.0,0.0
2021-03-25,86.30000305175781,86.30999755859375,86.27999877929688,86.30000305175781,74.59255981445312,2771400,0.0,0.0,0.0
2021-03-26,86.29000091552734,86.30999755859375,86.29000091552734,86.30000305175781,74.59255981445312,3068700,0.0,0.0,0.0
2021-03-29,86.29000091552734,86.30000305175781,86.2699966430664,86.27999877929688,74.57528686523438,2182000,0.0,0.0,0.0
2021-03-30,86.2699966430664,86.27999877929688,86.26000213623047,86.27999877929688,74.57528686523438,2213800,0.0,0.0,0.0
2021-03-31,86.2699966430664,86.2699966430664,86.25,86.25,74.5493392944336,4481000,0.0,0.0,0.0
2021-04-01,86.2300033569336,86.25,86.2300033569336,86.2300033569336,74.54849243164062,3614300,0.019,0.0,0.0
2021-04-05,86.19000244140625,86.22000122070312,86.18000030517578,86.20999908447266,74.53117370605469,3118200,0.0,0.0,0.0
2021-04-06,86.22000122070312,86.23999786376953,86.22000122070312,86.2300033569336,74.54849243164062,2497100,0.0,0.0,0.0
2021-04-07,86.25,86.26000213623047,86.23999786376953,86.23999786376953,74.55712890625,3509100,0.0,0.0,0.0
2021-04-08,86.26000213623047,86.2699966430664,86.25,86.2699966430664,74.58305358886719,2109800,0.0,0.0,0.0
2021-04-09,86.2300033569336,86.26000213623047,86.2300033569336,86.23999786376953,74.55712890625,2496200,0.0,0.0,0.0
2021-04-12,86.2300033569336,86.23999786376953,86.20999908447266,86.22000122070312,74.53982543945312,1687100,0.0,0.0,0.0
2021-04-13,86.2300033569336,86.25,86.22000122070312,86.25,74.56578826904297,1237100,0.0,0.0,0.0
2021-04-14,86.23999786376953,86.25,86.23999786376953,86.25,74.56578826904297,1414000,0.0,0.0,0.0
2021-04-15,86.25,86.2699966430664,86.25,86.2699966430664,74.58305358886719,1843200,0.0,0.0,0.0
2021-04-16,86.23999786376953,86.26000213623047,86.23999786376953,86.26000213623047,74.57441711425781,1674900,0.0,0.0,0.0
2021-04-19,86.23999786376953,86.26000213623047,86.23999786376953,86.25,74.56578826904297,2063900,0.0,0.0,0.0
2021-04-20,86.26000213623047,86.27999877929688,86.25,86.2699966430664,74.58305358886719,2012700,0.0,0.0,0.0
2021-04-21,86.29000091552734,86.29000091552734,86.2699966430664,86.29000091552734,74.6003646850586,2061000,0.0,0.0,0.0
2021-04-22,86.2699966430664,86.27999877929688,86.26000213623047,86.27999877929688,74.59171295166016,4373500,0.0,0.0,0.0
2021-04-23,86.29000091552734,86.29000091552734,86.26000213623047,86.26000213623047,74.57441711425781,1535200,0.0,0.0,0.0
2021-04-26,86.26000213623047,86.26000213623047,86.23999786376953,86.23999786376953,74.55712890625,1265800,0.0,0.0,0.0
2021-04-27,86.25,86.25,86.2300033569336,86.2300033569336,74.54849243164062,1473000,0.0,0.0,0.0
2021-04-28,86.23999786376953,86.26000213623047,86.2300033569336,86.25,74.56578826904297,2032700,0.0,0.0,0.0
2021-04-29,86.25,86.2699966430664,86.23999786376953,86.2699966430664,74.58305358886719,1552900,0.0,0.0,0.0
2021-04-30,86.26000213623047,86.27999877929688,86.26000213623047,86.27999877929688,74.59171295166016,2367400,0.0,0.0,0.0
2021-05-03,86.26000213623047,86.2699966430664,86.25,86.26000213623047,74.58478546142578,2910400,0.012,0.0,0.0
2021-05-04,86.26000213623047,86.27999877929688,86.26000213623047,86.26000213623047,74.58478546142578,1972900,0.0,0.0,0.0
2021-05-05,86.26000213623047,86.27999877929688,86.26000213623047,86.27999877929688,74.60208129882812,1301900,0.0,0.0,0.0
2021-05-06,86.29000091552734,86.29000091552734,86.2699966430664,86.27999877929688,74.60208129882812,1981300,0.0,0.0,0.0
2021-05-07,86.30999755859375,86.31999969482422,86.30000305175781,86.30999755859375,74.62802124023438,1950300,0.0,0.0,0.0
2021-05-10,86.29000091552734,86.30000305175781,86.27999877929688,86.27999877929688,74.60208129882812,2483700,0.0,0.0,0.0
2021-05-11,86.27999877929688,86.29000091552734,86.2699966430664,86.2699966430664,74.59342956542969,2630000,0.0,0.0,0.0
2021-05-12,86.23999786376953,86.26000213623047,86.23999786376953,86.26000213623047,74.58478546142578,4113100,0.0,0.0,0.0
2021-05-13,86.2699966430664,86.27999877929688,86.26000213623047,86.27999877929688,74.60208129882812,5495200,0.0,0.0,0.0
2021-05-14,86.27999877929688,86.29000091552734,86.27999877929688,86.27999877929688,74.60208129882812,3836400,0.0,0.0,0.0
2021-05-17,86.2699966430664,86.29000091552734,86.2699966430664,86.27999877929688,74.60208129882812,3861000,0.0,0.0,0.0
2021-05-18,86.29000091552734,86.29000091552734,86.27999877929688,86.29000091552734,74.6106948852539,3419200,0.0,0.0,0.0
2021-05-19,86.30000305175781,86.30000305175781,86.26000213623047,86.26000213623047,74.58478546142578,5213300,0.0,0.0,0.0
2021-05-20,86.27999877929688,86.30000305175781,86.2699966430664,86.30000305175781,74.61934661865234,4011000,0.0,0.0,0.0
2021-05-21,86.30000305175781,86.30000305175781,86.27999877929688,86.27999877929688,74.60208129882812,1822400,0.0,0.0,0.0
2021-05-24,86.29000091552734,86.30000305175781,86.27999877929688,86.30000305175781,74.61934661865234,2565300,0.0,0.0,0.0
2021-05-25,86.30000305175781,86.30999755859375,86.29000091552734,86.30000305175781,74.61934661865234,2403900,0.0,0.0,0.0
2021-05-26,86.31999969482422,86.31999969482422,86.30999755859375,86.31999969482422,74.63665008544922,1810700,0.0,0.0,0.0
2021-05-27,86.30999755859375,86.31999969482422,86.30000305175781,86.31999969482422,74.63665008544922,1257900,0.0,0.0,0.0
2021-05-28,86.31999969482422,86.33000183105469,86.30999755859375,86.31999969482422,74.63665008544922,2054600,0.0,0.0,0.0
2021-06-01,86.29000091552734,86.30999755859375,86.29000091552734,86.29000091552734,74.62110900878906,2265800,0.012,0.0,0.0
2021-06-02,86.30999755859375,86.30999755859375,86.29000091552734,86.30000305175781,74.62973022460938,1234900,0.0,0.0,0.0
2021-06-03,86.27999877929688,86.29000091552734,86.2699966430664,86.2699966430664,74.60377502441406,1607800,0.0,0.0,0.0
2021-06-04,86.29000091552734,86.30000305175781,86.29000091552734,86.30000305175781,74.62973022460938,2060600,0.0,0.0,0.0
2021-06-07,86.29000091552734,86.29000091552734,86.27999877929688,86.29000091552734,74.62110900878906,1240100,0.0,0.0,0.0
2021-06-08,86.30000305175781,86.30999755859375,86.30000305175781,86.30999755859375,74.63835906982422,1504400,0.0,0.0,0.0
2021-06-09,86.31999969482422,86.31999969482422,86.29000091552734,86.29000091552734,74.62110900878906,2284000,0.0,0.0,0.0
2021-06-10,86.29000091552734,86.31999969482422,86.27999877929688,86.31999969482422,74.64704895019531,1736300,0.0,0.0,0.0
2021-06-11,86.31999969482422,86.31999969482422,86.30000305175781,86.30000305175781,74.62973022460938,1661000,0.0,0.0,0.0
2021-06-14,86.29000091552734,86.30000305175781,86.2699966430664,86.2699966430664,74.60377502441406,3526800,0.0,0.0,0.0
2021-06-15,86.27999877929688,86.27999877929688,86.26000213623047,86.26000213623047,74.59513854980469,12066300,0.0,0.0,0.0
2021-06-16,86.2699966430664,86.27999877929688,86.16999816894531,86.18000030517578,74.52598571777344,2094700,0.0,0.0,0.0
2021-06-17,86.19999694824219,86.19999694824219,86.16999816894531,86.18000030517578,74.52598571777344,2527100,0.0,0.0,0.0
2021-06-18,86.12000274658203,86.12999725341797,86.05999755859375,86.11000061035156,74.4654312133789,4317700,0.0,0.0,0.0
2021-06-21,86.08999633789062,86.12999725341797,86.08000183105469,86.12999725341797,74.48271942138672,5551300,0.0,0.0,0.0
2021-06-22,86.1500015258789,86.18000030517578,86.13999938964844,86.18000030517578,74.52598571777344,2681300,0.0,0.0,0.0
2021-06-23,86.16999816894531,86.16999816894531,86.12000274658203,86.12000274658203,74.4740982055664,2761200,0.0,0.0,0.0
2021-06-24,86.13999938964844,86.13999938964844,86.12000274658203,86.12999725341797,74.48271942138672,1273500,0.0,0.0,0.0
2021-06-25,86.13999938964844,86.13999938964844,86.12000274658203,86.12000274658203,74.4740982055664,1344300,0.0,0.0,0.0
2021-06-28,86.13999938964844,86.1500015258789,86.12999725341797,86.1500015258789,74.50003051757812,1484900,0.0,0.0,0.0
2021-06-29,86.12999725341797,86.1500015258789,86.12999725341797,86.13999938964844,74.49138641357422,1691200,0.0,0.0,0.0
2021-06-30,86.16000366210938,86.16000366210938,86.13999938964844,86.16000366210938,74.50865936279297,2585800,0.0,0.0,0.0
2021-07-01,86.13999938964844,86.13999938964844,86.12000274658203,86.12999725341797,74.49398040771484,2227100,0.013,0.0,0.0
2021-07-02,86.16000366210938,86.16999816894531,86.13999938964844,86.16999816894531,74.52857208251953,1863400,0.0,0.0,0.0
2021-07-06,86.16999816894531,86.20999908447266,86.16000366210938,86.19999694824219,74.55451965332031,3158600,0.0,0.0,0.0
2021-07-07,86.19000244140625,86.20999908447266,86.18000030517578,86.20999908447266,74.56319427490234,1723000,0.0,0.0,0.0
2021-07-08,86.2300033569336,86.26000213623047,86.2300033569336,86.25,74.59777069091797,1440800,0.0,0.0,0.0
2021-07-09,86.2300033569336,86.23999786376953,86.20999908447266,86.22000122070312,74.57180786132812,1258000,0.0,0.0,0.0
2021-07-12,86.20999908447266,86.22000122070312,86.18000030517578,86.19999694824219,74.55451965332031,1271000,0.0,0.0,0.0
2021-07-13,86.16000366210938,86.16000366210938,86.12999725341797,86.12999725341797,74.49398040771484,2683300,0.0,0.0,0.0
2021-07-14,86.16999816894531,86.19000244140625,86.16999816894531,86.19000244140625,74.54588317871094,1696000,0.0,0.0,0.0
2021-07-15,86.19999694824219,86.19999694824219,86.18000030517578,86.19999694824219,74.55451965332031,1396300,0.0,0.0,0.0
2021-07-16,86.16999816894531,86.20999908447266,86.16000366210938,86.19000244140625,74.54588317871094,1851600,0.0,0.0,0.0
2021-07-19,86.23999786376953,86.27999877929688,86.2300033569336,86.2300033569336,74.58045196533203,9352500,0.0,0.0,0.0
2021-07-20,86.27999877929688,86.29000091552734,86.25,86.2699966430664,74.61505889892578,2405300,0.0,0.0,0.0
2021-07-21,86.25,86.26000213623047,86.2300033569336,86.23999786376953,74.58908081054688,2789500,0.0,0.0,0.0
2021-07-22,86.23999786376953,86.26000213623047,86.2300033569336,86.25,74.59777069091797,2295700,0.0,0.0,0.0
2021-07-23,86.23999786376953,86.26000213623047,86.23999786376953,86.26000213623047,74.60639953613281,1386800,0.0,0.0,0.0
2021-07-26,86.26000213623047,86.26000213623047,86.23999786376953,86.23999786376953,74.58908081054688,2259200,0.0,0.0,0.0
2021-07-27,86.2699966430664,86.2699966430664,86.26000213623047,86.26000213623047,74.60639953613281,1387000,0.0,0.0,0.0
2021-07-28,86.26000213623047,86.27999877929688,86.2300033569336,86.2699966430664,74.61505889892578,2438500,0.0,0.0,0.0
2021-07-29,86.25,86.2699966430664,86.25,86.2699966430664,74.61505889892578,1197600,0.0,0.0,0.0
2021-07-30,86.27999877929688,86.29000091552734,86.2699966430664,86.29000091552734,74.63236999511719,2019300,0.0,0.0,0.0
2021-08-02,86.29000091552734,86.31999969482422,86.29000091552734,86.30999755859375,74.6600112915039,3399900,0.012,0.0,0.0
2021-08-03,86.30999755859375,86.31999969482422,86.30000305175781,86.30999755859375,74.6600112915039,1221700,0.0,0.0,0.0
2021-08-04,86.31999969482422,86.33999633789062,86.26000213623047,86.27999877929688,74.63408660888672,1878600,0.0,0.0,0.0
2021-08-05,86.23999786376953,86.25,86.22000122070312,86.23999786376953,74.5994644165039,1400000,0.0,0.0,0.0
2021-08-06,86.20999908447266,86.22000122070312,86.20999908447266,86.20999908447266,74.57354736328125,2313700,0.0,0.0,0.0
2021-08-09,86.22000122070312,86.2300033569336,86.18000030517578,86.18000030517578,74.54759979248047,1862800,0.0,0.0,0.0
2021-08-10,86.18000030517578,86.19000244140625,86.1500015258789,86.1500015258789,74.52163696289062,1198100,0.0,0.0,0.0
2021-08-11,86.16999816894531,86.19999694824219,86.16999816894531,86.19000244140625,74.55622100830078,1837300,0.0,0.0,0.0
2021-08-12,86.18000030517578,86.19000244140625,86.16999816894531,86.19000244140625,74.55622100830078,1792800,0.0,0.0,0.0
2021-08-13,86.18000030517578,86.20999908447266,86.18000030517578,86.19999694824219,74.56489562988281,1333000,0.0,0.0,0.0
2021-08-16,86.22000122070312,86.23999786376953,86.20999908447266,86.22000122070312,74.58216857910156,1797100,0.0,0.0,0.0
2021-08-17,86.20999908447266,86.2300033569336,86.19999694824219,86.19999694824219,74.56489562988281,1579600,0.0,0.0,0.0
2021-08-18,86.19999694824219,86.22000122070312,86.18000030517578,86.19999694824219,74.56489562988281,2310100,0.0,0.0,0.0
2021-08-19,86.22000122070312,86.22000122070312,86.19000244140625,86.19999694824219,74.56489562988281,1780800,0.0,0.0,0.0
2021-08-20,86.19999694824219,86.20999908447266,86.19000244140625,86.19999694824219,74.56489562988281,1685300,0.0,0.0,0.0
2021-08-23,86.19000244140625,86.19999694824219,86.18000030517578,86.19999694824219,74.56489562988281,1532500,0.0,0.0,0.0
2021-08-24,86.19999694824219,86.19999694824219,86.18000030517578,86.19000244140625,74.55622100830078,1249900,0.0,0.0,0.0
2021-08-25,86.19999694824219,86.19999694824219,86.16999816894531,86.18000030517578,74.54759979248047,1319600,0.0,0.0,0.0
2021-08-26,86.18000030517578,86.19999694824219,86.16999816894531,86.18000030517578,74.54759979248047,2078600,0.0,0.0,0.0
2021-08-27,86.19999694824219,86.23999786376953,86.16999816894531,86.23999786376953,74.5994644165039,2774900,0.0,0.0,0.0
2021-08-30,86.23999786376953,86.2699966430664,86.2300033569336,86.26000213623047,74.61677551269531,1438000,0.0,0.0,0.0
2021-08-31,86.26000213623047,86.26000213623047,86.25,86.25,74.60814666748047,2052200,0.0,0.0,0.0
2021-09-01,86.23999786376953,86.23999786376953,86.22000122070312,86.2300033569336,74.6020736694336,1324600,0.013,0.0,0.0
2021-09-02,86.2300033569336,86.23999786376953,86.22000122070312,86.2300033569336,74.6020736694336,1640100,0.0,0.0,0.0
2021-09-03,86.2300033569336,86.23999786376953,86.2300033569336,86.2300033569336,74.6020736694336,1136600,0.0,0.0,0.0
2021-09-07,86.22000122070312,86.22000122070312,86.19999694824219,86.19999694824219,74.57614135742188,1468700,0.0,0.0,0.0
2021-09-08,86.22000122070312,86.2300033569336,86.20999908447266,86.22000122070312,74.5934066772461,1607200,0.0,0.0,0.0
2021-09-09,86.20999908447266,86.23999786376953,86.20999908447266,86.23999786376953,74.61071014404297,1600700,0.0,0.0,0.0
2021-09-10,86.20999908447266,86.2300033569336,86.20999908447266,86.20999908447266,74.58477783203125,1380200,0.0,0.0,0.0
2021-09-13,86.22000122070312,86.2300033569336,86.22000122070312,86.2300033569336,74.6020736694336,1095900,0.0,0.0,0.0
2021-09-14,86.23999786376953,86.25,86.2300033569336,86.23999786376953,74.61071014404297,1422900,0.0,0.0,0.0
2021-09-15,86.2300033569336,86.23999786376953,86.22000122070312,86.23999786376953,74.61071014404297,1790500,0.0,0.0,0.0
2021-09-16,86.20999908447266,86.22000122070312,86.19999694824219,86.20999908447266,74.58477783203125,1095300,0.0,0.0,0.0
2021-09-17,86.19999694824219,86.19999694824219,86.19000244140625,86.19000244140625,74.56745910644531,2905000,0.0,0.0,0.0
2021-09-20,86.20999908447266,86.22000122070312,86.19999694824219,86.20999908447266,74.58477783203125,2407400,0.0,0.0,0.0
2021-09-21,86.22000122070312,86.23999786376953,86.22000122070312,86.2300033569336,74.6020736694336,1931300,0.0,0.0,0.0
2021-09-22,86.20999908447266,86.2300033569336,86.16000366210938,86.18000030517578,74.55884552001953,1606100,0.0,0.0,0.0
2021-09-23,86.1500015258789,86.16000366210938,86.12999725341797,86.12999725341797,74.51555633544922,2855800,0.0,0.0,0.0
2021-09-24,86.12999725341797,86.13999938964844,86.0999984741211,86.0999984741211,74.4896011352539,1462800,0.0,0.0,0.0
2021-09-27,86.0999984741211,86.11000061035156,86.08999633789062,86.08999633789062,74.48095703125,1835300,0.0,0.0,0.0
2021-09-28,86.0999984741211,86.11000061035156,86.08999633789062,86.0999984741211,74.4896011352539,2489500,0.0,0.0,0.0
2021-09-29,86.11000061035156,86.12999725341797,86.11000061035156,86.12999725341797,74.51555633544922,3552100,0.0,0.0,0.0
2021-09-30,86.11000061035156,86.1500015258789,86.11000061035156,86.1500015258789,74.53287506103516,4498600,0.0,0.0,0.0
2021-10-01,86.16000366210938,86.18000030517578,86.1500015258789,86.18000030517578,74.56835174560547,3991700,0.011,0.0,0.0
2021-10-04,86.1500015258789,86.16000366210938,86.13999938964844,86.13999938964844,74.53373718261719,12146800,0.0,0.0,0.0
2021-10-05,86.12999725341797,86.13999938964844,86.12000274658203,86.12999725341797,74.52507781982422,3590900,0.0,0.0,0.0
2021-10-06,86.12000274658203,86.12000274658203,86.0999984741211,86.12000274658203,74.51641845703125,3850200,0.0,0.0,0.0
2021-10-07,86.0999984741211,86.0999984741211,86.08000183105469,86.08999633789062,74.49049377441406,2452100,0.0,0.0,0.0
2021-10-08,86.0999984741211,86.0999984741211,86.05000305175781,86.05999755859375,74.4645004272461,1969600,0.0,0.0,0.0
2021-10-11,86.0199966430664,86.04000091552734,85.98999786376953,85.98999786376953,74.40393829345703,2012100,0.0,0.0,0.0
2021-10-12,86.02999877929688,86.04000091552734,86.0,86.02999877929688,74.43851470947266,1945700,0.0,0.0,0.0
2021-10-13,85.9800033569336,86.01000213623047,85.9800033569336,86.0,74.41258239746094,2764300,0.0,0.0,0.0
2021-10-14,86.01000213623047,86.0199966430664,85.94000244140625,86.0,74.41258239746094,3496500,0.0,0.0,0.0
2021-10-15,85.97000122070312,85.98999786376953,85.93000030517578,85.94999694824219,74.36933898925781,2839800,0.0,0.0,0.0
2021-10-18,85.88999938964844,85.91999816894531,85.87000274658203,85.88999938964844,74.31741333007812,2968700,0.0,0.0,0.0
2021-10-19,85.91999816894531,85.94000244140625,85.91999816894531,85.91999816894531,74.3433609008789,1838600,0.0,0.0,0.0
2021-10-20,85.94000244140625,85.94999694824219,85.94000244140625,85.94999694824219,74.36933898925781,2360700,0.0,0.0,0.0
2021-10-21,85.87999725341797,85.88999938964844,85.83999633789062,85.8499984741211,74.28279113769531,2117400,0.0,0.0,0.0
2021-10-22,85.81999969482422,85.83000183105469,85.7699966430664,85.83000183105469,74.2654800415039,3414900,0.0,0.0,0.0
2021-10-25,85.83999633789062,85.87999725341797,85.83999633789062,85.87000274658203,74.30013275146484,1990400,0.0,0.0,0.0
2021-10-26,85.8499984741211,85.86000061035156,85.83000183105469,85.8499984741211,74.28279113769531,2870300,0.0,0.0,0.0
2021-10-27,85.86000061035156,85.87000274658203,85.7699966430664,85.83000183105469,74.2654800415039,4373600,0.0,0.0,0.0
2021-10-28,85.80000305175781,85.87999725341797,85.79000091552734,85.83999633789062,74.27413177490234,2970000,0.0,0.0,0.0
2021-10-29,85.77999877929688,85.87999725341797,85.76000213623047,85.8499984741211,74.28279113769531,3957900,0.0,0.0,0.0
2021-11-01,85.79000091552734,85.81999969482422,85.7699966430664,85.80000305175781,74.24909210205078,5050500,0.011,0.0,0.0
2021-11-02,85.86000061035156,85.9000015258789,85.83999633789062,85.88999938964844,74.32696533203125,2187800,0.0,0.0,0.0
2021-11-03,85.87000274658203,85.88999938964844,85.79000091552734,85.87000274658203,74.30965423583984,3242400,0.0,0.0,0.0
2021-11-04,85.91999816894531,85.98999786376953,85.91999816894531,85.94999694824219,74.37886047363281,3545800,0.0,0.0,0.0
2021-11-05,85.93000030517578,86.0,85.91999816894531,85.98999786376953,74.4134521484375,2946700,0.0,0.0,0.0
2021-11-08,85.94999694824219,85.95999908447266,85.87999725341797,85.88999938964844,74.32696533203125,2292900,0.0,0.0,0.0
2021-11-09,85.94000244140625,85.95999908447266,85.93000030517578,85.94000244140625,74.3702163696289,1938700,0.0,0.0,0.0
2021-11-10,85.81999969482422,85.83999633789062,85.7699966430664,85.7699966430664,74.22309112548828,5382400,0.0,0.0,0.0
2021-11-11,85.75,85.76000213623047,85.70999908447266,85.70999908447266,74.1711654663086,1839100,0.0,0.0,0.0
2021-11-12,85.77999877929688,85.80000305175781,85.75,85.77999877929688,74.23175048828125,3130800,0.0,0.0,0.0
2021-11-15,85.79000091552734,85.79000091552734,85.73999786376953,85.7699966430664,74.22309112548828,2433500,0.0,0.0,0.0
2021-11-16,85.75,85.77999877929688,85.66999816894531,85.7699966430664,74.22309112548828,1722500,0.0,0.0,0.0
2021-11-17,85.76000213623047,85.80000305175781,85.75,85.80000305175781,74.24909210205078,1445900,0.0,0.0,0.0
2021-11-18,85.77999877929688,85.80999755859375,85.7699966430664,85.79000091552734,74.24040985107422,1620300,0.0,0.0,0.0
2021-11-19,85.86000061035156,85.87999725341797,85.7699966430664,85.7699966430664,74.22309112548828,2791100,0.0,0.0,0.0
2021-11-22,85.69000244140625,85.70999908447266,85.6500015258789,85.66999816894531,74.13652801513672,3126600,0.0,0.0,0.0
2021-11-23,85.68000030517578,85.69999694824219,85.66000366210938,85.66999816894531,74.13652801513672,2892300,0.0,0.0,0.0
2021-11-24,85.63999938964844,85.66000366210938,85.62000274658203,85.6500015258789,74.1192398071289,1613400,0.0,0.0,0.0
2021-11-26,85.83000183105469,85.88999938964844,85.81999969482422,85.81999969482422,74.26636505126953,2842700,0.0,0.0,0.0
2021-11-29,85.80999755859375,85.86000061035156,85.79000091552734,85.86000061035156,74.30096435546875,3767900,0.0,0.0,0.0
2021-11-30,85.91000366210938,85.95999908447266,85.76000213623047,85.79000091552734,74.24040985107422,6358600,0.0,0.0,0.0
2021-12-01,85.66999816894531,85.75,85.61000061035156,85.75,74.24908447265625,10046200,0.05,0.0,0.0
2021-12-02,85.68000030517578,85.69000244140625,85.61000061035156,85.63999938964844,74.15381622314453,4117900,0.0,0.0,0.0
2021-12-03,85.5999984741211,85.70999908447266,85.58999633789062,85.69000244140625,74.1971206665039,2931600,0.0,0.0,0.0
2021-12-06,85.66000366210938,85.66999816894531,85.5999984741211,85.62000274658203,74.1364974975586,4120400,0.0,0.0,0.0
2021-12-07,85.55000305175781,85.55999755859375,85.51000213623047,85.51000213623047,74.04124450683594,4194600,0.0,0.0,0.0
2021-12-08,85.48999786376953,85.54000091552734,85.4800033569336,85.54000091552734,74.06725311279297,2396700,0.0,0.0,0.0
2021-12-09,85.52999877929688,85.55999755859375,85.51000213623047,85.51000213623047,74.04124450683594,1829300,0.0,0.0,0.0
2021-12-10,85.54000091552734,85.61000061035156,85.5199966430664,85.55000305175781,74.07588195800781,1854400,0.0,0.0,0.0
2021-12-13,85.55000305175781,85.62000274658203,85.54000091552734,85.5999984741211,74.11915588378906,2589400,0.0,0.0,0.0
2021-12-14,85.55000305175781,85.58000183105469,85.55000305175781,85.55000305175781,74.07588195800781,3931700,0.0,0.0,0.0
2021-12-15,85.54000091552734,85.58000183105469,85.47000122070312,85.58000183105469,74.10187530517578,5859800,0.0,0.0,0.0
2021-12-16,85.58000183105469,85.62999725341797,85.58000183105469,85.62999725341797,74.16077423095703,2523500,0.018,0.0,0.0
2021-12-17,85.62000274658203,85.6500015258789,85.56999969482422,85.58999633789062,74.12608337402344,2459300,0.0,0.0,0.0
2021-12-20,85.63999938964844,85.66999816894531,85.61000061035156,85.61000061035156,74.14341735839844,5130600,0.0,0.0,0.0
2021-12-21,85.56999969482422,85.58000183105469,85.52999877929688,85.55999755859375,74.10014343261719,2031700,0.0,0.0,0.0
2021-12-22,85.55999755859375,85.56999969482422,85.52999877929688,85.55000305175781,74.09146881103516,3726000,0.0,0.0,0.0
2021-12-23,85.55000305175781,85.55000305175781,85.5199966430664,85.54000091552734,74.08283233642578,1919700,0.0,0.0,0.0
2021-12-27,85.48999786376953,85.51000213623047,85.4800033569336,85.51000213623047,74.05682373046875,2270700,0.0,0.0,0.0
2021-12-28,85.51000213623047,85.52999877929688,85.5,85.51000213623047,74.05682373046875,3464800,0.0,0.0,0.0
2021-12-29,85.5,85.5199966430664,85.48999786376953,85.5,74.04817199707031,3110300,0.0,0.0,0.0
2021-12-30,85.51000213623047,85.55000305175781,85.5,85.55000305175781,74.09146881103516,1619100,0.0,0.0,0.0
2021-12-31,85.55999755859375,85.56999969482422,85.51000213623047,85.54000091552734,74.08283233642578,2649500,0.0,0.0,0.0
2022-01-03,85.44999694824219,85.45999908447266,85.41999816894531,85.44000244140625,73.99620819091797,5301700,0.0,0.0,0.0
2022-01-04,85.44000244140625,85.48999786376953,85.44000244140625,85.48999786376953,74.03950500488281,2759300,0.0,0.0,0.0
2022-01-05,85.45999908447266,85.45999908447266,85.37000274658203,85.37999725341797,73.94422912597656,2851800,0.0,0.0,0.0
2022-01-06,85.33000183105469,85.33999633789062,85.29000091552734,85.30999755859375,73.88360595703125,3526800,0.0,0.0,0.0
2022-01-07,85.27999877929688,85.31999969482422,85.26000213623047,85.29000091552734,73.86630249023438,2658000,0.0,0.0,0.0
2022-01-10,85.2699966430664,85.27999877929688,85.23999786376953,85.23999786376953,73.82301330566406,4347300,0.0,0.0,0.0
2022-01-11,85.19000244140625,85.2699966430664,85.18000030517578,85.2699966430664,73.84895324707031,15869300,0.0,0.0,0.0
2022-01-12,85.27999877929688,85.27999877929688,85.23999786376953,85.23999786376953,73.82301330566406,7286200,0.0,0.0,0.0
2022-01-13,85.26000213623047,85.29000091552734,85.25,85.27999877929688,73.85762023925781,3739100,0.0,0.0,0.0
2022-01-14,85.25,85.25,85.16999816894531,85.16999816894531,73.76233673095703,2064800,0.0,0.0,0.0
2022-01-18,85.08999633789062,85.0999984741211,85.02999877929688,85.04000091552734,73.64974975585938,3257300,0.0,0.0,0.0
2022-01-19,85.06999969482422,85.12000274658203,85.06999969482422,85.08000183105469,73.6844253540039,3753500,0.0,0.0,0.0
2022-01-20,85.06999969482422,85.08000183105469,85.05000305175781,85.05999755859375,73.66710662841797,2762400,0.0,0.0,0.0
2022-01-21,85.1500015258789,85.16999816894531,85.12000274658203,85.12999725341797,73.72772216796875,5322600,0.0,0.0,0.0
2022-01-24,85.16999816894531,85.23999786376953,85.1500015258789,85.18000030517578,73.77101135253906,7835800,0.0,0.0,0.0
2022-01-25,85.19000244140625,85.20999908447266,85.13999938964844,85.13999938964844,73.73637390136719,4657100,0.0,0.0,0.0
2022-01-26,85.1500015258789,85.18000030517578,84.97000122070312,84.98999786376953,73.6064682006836,10878900,0.0,0.0,0.0
2022-01-27,84.91999816894531,84.95999908447266,84.9000015258789,84.91999816894531,73.54586029052734,7524900,0.0,0.0,0.0
2022-01-28,84.91999816894531,84.97000122070312,84.91000366210938,84.94999694824219,73.57181549072266,4613200,0.0,0.0,0.0
2022-01-31,84.93000030517578,84.97000122070312,84.9000015258789,84.94999694824219,73.57181549072266,7218500,0.0,0.0,0.0
2022-02-01,84.94999694824219,84.94999694824219,84.87000274658203,84.91999816894531,73.56578063964844,13138500,0.023,0.0,0.0
2022-02-02,84.94999694824219,84.97000122070312,84.93000030517578,84.94000244140625,73.58307647705078,5492000,0.0,0.0,0.0
2022-02-03,84.9000015258789,84.9000015258789,84.8499984741211,84.87000274658203,73.5224609375,3620800,0.0,0.0,0.0
2022-02-04,84.75,84.75,84.66000366210938,84.69999694824219,73.37519836425781,9404700,0.0,0.0,0.0
2022-02-07,84.72000122070312,84.7300033569336,84.68000030517578,84.72000122070312,73.39250183105469,3555700,0.0,0.0,0.0
2022-02-08,84.68000030517578,84.69000244140625,84.62999725341797,84.62999725341797,73.31451416015625,14355600,0.0,0.0,0.0
2022-02-09,84.66000366210938,84.66999816894531,84.61000061035156,84.62000274658203,73.30586242675781,2976900,0.0,0.0,0.0
2022-02-10,84.44999694824219,84.45999908447266,84.19000244140625,84.19000244140625,72.9333724975586,5892000,0.0,0.0,0.0
2022-02-11,84.33000183105469,84.44999694824219,84.25,84.44999694824219,73.15859985351562,5432400,0.0,0.0,0.0
2022-02-14,84.27999877929688,84.33000183105469,84.22000122070312,84.2699966430664,73.0026626586914,4375400,0.0,0.0,0.0
2022-02-15,84.2699966430664,84.31999969482422,84.25,84.30000305175781,73.0286636352539,2127700,0.0,0.0,0.0
2022-02-16,84.33000183105469,84.41999816894531,84.30999755859375,84.41000366210938,73.12395477294922,3335200,0.0,0.0,0.0
2022-02-17,84.41000366210938,84.45999908447266,84.4000015258789,84.45999908447266,73.16724395751953,4442900,0.0,0.0,0.0
2022-02-18,84.48999786376953,84.5199966430664,84.44000244140625,84.47000122070312,73.17593383789062,2459400,0.0,0.0,0.0
2022-02-22,84.41999816894531,84.44000244140625,84.36000061035156,84.38999938964844,73.10661315917969,3487300,0.0,0.0,0.0
2022-02-23,84.36000061035156,84.38999938964844,84.31999969482422,84.33999633789062,73.06332397460938,4258700,0.0,0.0,0.0
2022-02-24,84.5199966430664,84.54000091552734,84.38999938964844,84.41000366210938,73.12395477294922,4573600,0.0,0.0,0.0
2022-02-25,84.37000274658203,84.41000366210938,84.31999969482422,84.41000366210938,73.12395477294922,4279100,0.0,0.0,0.0
2022-02-28,84.55999755859375,84.62999725341797,84.55000305175781,84.55999755859375,73.2538833618164,5265300,0.0,0.0,0.0
2022-03-01,84.70999908447266,84.86000061035156,84.69000244140625,84.7300033569336,73.42288208007812,7383600,0.025,0.0,0.0
2022-03-02,84.5999984741211,84.61000061035156,84.43000030517578,84.44999694824219,73.18022918701172,5250800,0.0,0.0,0.0
2022-03-03,84.44000244140625,84.48999786376953,84.4000015258789,84.44999694824219,73.18022918701172,6877400,0.0,0.0,0.0
2022-03-04,84.52999877929688,84.5999984741211,84.5199966430664,84.54000091552734,73.25824737548828,2880500,0.0,0.0,0.0
2022-03-07,84.45999908447266,84.51000213623047,84.43000030517578,84.43000030517578,73.16289520263672,6302700,0.0,0.0,0.0
2022-03-08,84.37999725341797,84.41000366210938,84.30000305175781,84.31999969482422,73.06759643554688,5585700,0.0,0.0,0.0
2022-03-09,84.26000213623047,84.29000091552734,84.2300033569336,84.2699966430664,73.02424621582031,4988900,0.0,0.0,0.0
2022-03-10,84.19999694824219,84.20999908447266,84.16000366210938,84.19999694824219,72.9636001586914,4780300,0.0,0.0,0.0
2022-03-11,84.16999816894531,84.18000030517578,84.12000274658203,84.16999816894531,72.9375991821289,2620800,0.0,0.0,0.0
2022-03-14,84.02999877929688,84.05000305175781,83.94999694824219,83.94999694824219,72.74696350097656,3874900,0.0,0.0,0.0
2022-03-15,84.08000183105469,84.08999633789062,83.97000122070312,83.9800033569336,72.77294921875,4999800,0.0,0.0,0.0
2022-03-16,83.95999908447266,83.9800033569336,83.76000213623047,83.9000015258789,72.70364379882812,5365100,0.0,0.0,0.0
2022-03-17,83.86000061035156,83.9000015258789,83.83999633789062,83.87000274658203,72.67766571044922,4453400,0.0,0.0,0.0
2022-03-18,83.83000183105469,83.87000274658203,83.81999969482422,83.8499984741211,72.66030883789062,4946500,0.0,0.0,0.0
2022-03-21,83.73999786376953,83.76000213623047,83.55999755859375,83.56999969482422,72.41769409179688,5342500,0.0,0.0,0.0
2022-03-22,83.4800033569336,83.54000091552734,83.45999908447266,83.51000213623047,72.36568450927734,2931500,0.0,0.0,0.0
2022-03-23,83.55999755859375,83.61000061035156,83.5199966430664,83.58000183105469,72.42636108398438,4184400,0.0,0.0,0.0
2022-03-24,83.55000305175781,83.56999969482422,83.5,83.55999755859375,72.40899658203125,3311200,0.0,0.0,0.0
2022-03-25,83.44000244140625,83.44000244140625,83.2699966430664,83.33000183105469,72.20970916748047,4601800,0.0,0.0,0.0
2022-03-28,83.27999877929688,83.31999969482422,83.25,83.25,72.14037322998047,2991200,0.0,0.0,0.0
2022-03-29,83.27999877929688,83.33999633789062,83.2300033569336,83.29000091552734,72.175048828125,4640300,0.0,0.0,0.0
2022-03-30,83.27999877929688,83.37000274658203,83.2699966430664,83.3499984741211,72.22701263427734,5826600,0.0,0.0,0.0
2022-03-31,83.37999725341797,83.41999816894531,83.33999633789062,83.3499984741211,72.22701263427734,5328800,0.0,0.0,0.0
2022-04-01,83.12999725341797,83.19000244140625,83.11000061035156,83.13999938964844,72.0761947631836,10292300,0.036,0.0,0.0
2022-04-04,83.16999816894531,83.19999694824219,83.12000274658203,83.19000244140625,72.11954498291016,5015400,0.0,0.0,0.0
2022-04-05,83.13999938964844,83.13999938964844,83.0199966430664,83.04000091552734,71.989501953125,4694600,0.0,0.0,0.0
2022-04-06,83.01000213623047,83.19000244140625,82.98999786376953,83.0999984741211,72.0415267944336,7479700,0.0,0.0,0.0
2022-04-07,83.16000366210938,83.20999908447266,83.12000274658203,83.16000366210938,72.09355163574219,6184500,0.0,0.0,0.0
2022-04-08,83.05000305175781,83.12000274658203,83.05000305175781,83.05999755859375,72.0068588256836,4539500,0.0,0.0,0.0
2022-04-11,83.02999877929688,83.11000061035156,83.0199966430664,83.08000183105469,72.0241928100586,6705400,0.0,0.0,0.0
2022-04-12,83.20999908447266,83.30999755859375,83.19000244140625,83.29000091552734,72.20622253417969,5658800,0.0,0.0,0.0
2022-04-13,83.36000061035156,83.45999908447266,83.30999755859375,83.33000183105469,72.24092102050781,4808100,0.0,0.0,0.0
2022-04-14,83.26000213623047,83.27999877929688,83.16000366210938,83.18000030517578,72.11088562011719,4336200,0.0,0.0,0.0
2022-04-18,83.19999694824219,83.20999908447266,83.16000366210938,83.18000030517578,72.11088562011719,4100100,0.0,0.0,0.0
2022-04-19,83.08000183105469,83.11000061035156,82.97000122070312,82.98999786376953,71.94615936279297,5811000,0.0,0.0,0.0
2022-04-20,83.0,83.05000305175781,82.9800033569336,83.04000091552734,71.989501953125,6121600,0.0,0.0,0.0
2022-04-21,82.94999694824219,82.94999694824219,82.81999969482422,82.9000015258789,71.8681411743164,7119600,0.0,0.0,0.0
2022-04-22,82.76000213623047,82.91999816894531,82.76000213623047,82.87999725341797,71.85079193115234,5426000,0.0,0.0,0.0
2022-04-25,83.05000305175781,83.16000366210938,82.98999786376953,83.01000213623047,71.96350860595703,5772300,0.0,0.0,0.0
2022-04-26,83.13999938964844,83.18000030517578,83.0999984741211,83.16000366210938,72.09355163574219,6670600,0.0,0.0,0.0
2022-04-27,83.20999908447266,83.22000122070312,83.08000183105469,83.12000274658203,72.0588607788086,8770900,0.0,0.0,0.0
2022-04-28,83.05000305175781,83.06999969482422,82.9800033569336,83.05999755859375,72.0068588256836,4671300,0.0,0.0,0.0
2022-04-29,82.88999938964844,82.9800033569336,82.88999938964844,82.9000015258789,71.8681411743164,8047300,0.0,0.0,0.0
2022-05-02,82.87000274658203,82.88999938964844,82.83000183105469,82.8499984741211,71.86293029785156,10907500,0.044,0.0,0.0
2022-05-03,82.87999725341797,82.9000015258789,82.77999877929688,82.80999755859375,71.82821655273438,7556800,0.0,0.0,0.0
2022-05-04,82.7300033569336,83.04000091552734,82.66999816894531,83.02999877929688,72.01903533935547,11387900,0.0,0.0,0.0
2022-05-05,82.93000030517578,82.94999694824219,82.83999633789062,82.88999938964844,71.89762878417969,6415700,0.0,0.0,0.0
2022-05-06,82.88999938964844,83.0,82.86000061035156,82.87999725341797,71.88896942138672,6375000,0.0,0.0,0.0
2022-05-09,83.0,83.11000061035156,82.98999786376953,83.08999633789062,72.07107543945312,6956200,0.0,0.0,0.0
2022-05-10,83.11000061035156,83.12999725341797,83.02999877929688,83.04000091552734,72.0277099609375,10070100,0.0,0.0,0.0
2022-05-11,82.9800033569336,83.08999633789062,82.91999816894531,83.05000305175781,72.03640747070312,7797800,0.0,0.0,0.0
2022-05-12,83.13999938964844,83.23999786376953,83.11000061035156,83.16999816894531,72.1404800415039,5231400,0.0,0.0,0.0
2022-05-13,83.11000061035156,83.13999938964844,83.06999969482422,83.13999938964844,72.11446380615234,5002600,0.0,0.0,0.0
2022-05-16,83.16999816894531,83.2300033569336,83.16000366210938,83.19000244140625,72.15784454345703,4515800,0.0,0.0,0.0
2022-05-17,83.02999877929688,83.11000061035156,82.98999786376953,83.01000213623047,72.0017318725586,3569200,0.0,0.0,0.0
2022-05-18,82.9800033569336,83.11000061035156,82.97000122070312,83.05000305175781,72.03640747070312,3613800,0.0,0.0,0.0
2022-05-19,83.22000122070312,83.22000122070312,83.13999938964844,83.16999816894531,72.1404800415039,4523400,0.0,0.0,0.0
2022-05-20,83.18000030517578,83.29000091552734,83.16000366210938,83.2300033569336,72.19251251220703,4869500,0.0,0.0,0.0
2022-05-23,83.22000122070312,83.23999786376953,83.16000366210938,83.19000244140625,72.15784454345703,3648100,0.0,0.0,0.0
2022-05-24,83.26000213623047,83.41999816894531,83.25,83.37999725341797,72.32264709472656,4830000,0.0,0.0,0.0
2022-05-25,83.4800033569336,83.4800033569336,83.38999938964844,83.44000244140625,72.37467956542969,3377200,0.0,0.0,0.0
2022-05-26,83.51000213623047,83.52999877929688,83.43000030517578,83.45999908447266,72.39202880859375,5493200,0.0,0.0,0.0
2022-05-27,83.48999786376953,83.5,83.44000244140625,83.4800033569336,72.40939331054688,6058600,0.0,0.0,0.0
2022-05-31,83.38999938964844,83.38999938964844,83.31999969482422,83.3499984741211,72.29657745361328,8197900,0.0,0.0,0.0
2022-06-01,83.23999786376953,83.2699966430664,83.0999984741211,83.12999725341797,72.16203308105469,10980900,0.065,0.0,0.0
2022-06-02,83.16000366210938,83.18000030517578,83.11000061035156,83.1500015258789,72.17943572998047,5243200,0.0,0.0,0.0
2022-06-03,83.0999984741211,83.13999938964844,83.0999984741211,83.12000274658203,72.15340423583984,3224000,0.0,0.0,0.0
2022-06-06,83.08000183105469,83.08000183105469,83.01000213623047,83.01000213623047,72.05792236328125,3584900,0.0,0.0,0.0
2022-06-07,83.05000305175781,83.08000183105469,83.01000213623047,83.0199966430664,72.06658172607422,3944900,0.0,0.0,0.0
2022-06-08,82.98999786376953,83.01000213623047,82.95999908447266,82.95999908447266,72.01448822021484,4133100,0.0,0.0,0.0
2022-06-09,82.93000030517578,82.95999908447266,82.87999725341797,82.9000015258789,71.96241760253906,5332600,0.0,0.0,0.0
2022-06-10,82.72000122070312,82.73999786376953,82.55000305175781,82.55000305175781,71.6585922241211,6124200,0.0,0.0,0.0
2022-06-13,82.30999755859375,82.33999633789062,82.01000213623047,82.12999725341797,71.29402923583984,8794300,0.0,0.0,0.0
2022-06-14,82.1500015258789,82.18000030517578,81.94000244140625,81.97000122070312,71.15508270263672,8106200,0.0,0.0,0.0
2022-06-15,82.12999725341797,82.33999633789062,82.0,82.29000091552734,71.43289947509766,9018300,0.0,0.0,0.0
2022-06-16,82.19000244140625,82.43000030517578,82.16000366210938,82.4000015258789,71.52835845947266,8076400,0.0,0.0,0.0
2022-06-17,82.43000030517578,82.44000244140625,82.29000091552734,82.37999725341797,71.51101684570312,8188800,0.0,0.0,0.0
2022-06-21,82.33000183105469,82.36000061035156,82.30999755859375,82.3499984741211,71.48497009277344,5443800,0.0,0.0,0.0
2022-06-22,82.52999877929688,82.58999633789062,82.51000213623047,82.58999633789062,71.69331359863281,4110700,0.0,0.0,0.0
2022-06-23,82.73999786376953,82.86000061035156,82.6500015258789,82.66000366210938,71.75410461425781,6229400,0.0,0.0,0.0
2022-06-24,82.61000061035156,82.7300033569336,82.58999633789062,82.63999938964844,71.73670196533203,6103300,0.0,0.0,0.0
2022-06-27,82.55000305175781,82.62000274658203,82.4800033569336,82.55000305175781,71.6585922241211,7376400,0.0,0.0,0.0
2022-06-28,82.51000213623047,82.54000091552734,82.48999786376953,82.52999877929688,71.64122772216797,4399500,0.0,0.0,0.0
2022-06-29,82.52999877929688,82.63999938964844,82.5199966430664,82.62999725341797,71.72801208496094,4170700,0.0,0.0,0.0
2022-06-30,82.76000213623047,82.8499984741211,82.73999786376953,82.79000091552734,71.86691284179688,16742600,0.0,0.0,0.0
2022-07-01,82.91999816894531,83.06999969482422,82.88999938964844,82.95999908447266,72.08326721191406,9559300,0.079,0.0,0.0
2022-07-05,82.9800033569336,83.01000213623047,82.93000030517578,82.94999694824219,72.07460021972656,9888800,0.0,0.0,0.0
2022-07-06,82.97000122070312,82.97000122070312,82.70999908447266,82.72000122070312,71.87476348876953,4883800,0.0,0.0,0.0
2022-07-07,82.72000122070312,82.72000122070312,82.61000061035156,82.66000366210938,71.8226318359375,4906300,0.0,0.0,0.0
2022-07-08,82.58000183105469,82.58999633789062,82.5199966430664,82.55999755859375,71.73575592041016,3249100,0.0,0.0,0.0
2022-07-11,82.63999938964844,82.69000244140625,82.58000183105469,82.58999633789062,71.76179504394531,16663800,0.0,0.0,0.0
2022-07-12,82.69000244140625,82.7300033569336,82.62000274658203,82.62999725341797,71.79654693603516,6373100,0.0,0.0,0.0
2022-07-13,82.44000244140625,82.63999938964844,82.43000030517578,82.54000091552734,71.7183609008789,11769700,0.0,0.0,0.0
2022-07-14,82.37999725341797,82.56999969482422,82.33999633789062,82.51000213623047,71.6922607421875,6656800,0.0,0.0,0.0
2022-07-15,82.5,82.62999725341797,82.48999786376953,82.56999969482422,71.74441528320312,5961500,0.0,0.0,0.0
2022-07-18,82.5199966430664,82.54000091552734,82.47000122070312,82.5199966430664,71.70099639892578,2608200,0.0,0.0,0.0
2022-07-19,82.52999877929688,82.54000091552734,82.41999816894531,82.43000030517578,71.62276458740234,9115200,0.0,0.0,0.0
2022-07-20,82.51000213623047,82.51000213623047,82.41000366210938,82.41999816894531,71.61410522460938,5453600,0.0,0.0,0.0
2022-07-21,82.54000091552734,82.66999816894531,82.5199966430664,82.6500015258789,71.8139419555664,5850000,0.0,0.0,0.0
2022-07-22,82.81999969482422,82.94999694824219,82.80999755859375,82.86000061035156,71.99639129638672,6038100,0.0,0.0,0.0
2022-07-25,82.79000091552734,82.83000183105469,82.7699966430664,82.79000091552734,71.9355697631836,20449500,0.0,0.0,0.0
2022-07-26,82.87000274658203,82.87999725341797,82.75,82.75,71.90083312988281,2854600,0.0,0.0,0.0
2022-07-27,82.7699966430664,82.91000366210938,82.7300033569336,82.87999725341797,72.01376342773438,7051600,0.0,0.0,0.0
2022-07-28,83.08000183105469,83.0999984741211,83.01000213623047,83.05999755859375,72.17017364501953,5573700,0.0,0.0,0.0
2022-07-29,83.0,83.08999633789062,82.9800033569336,83.05000305175781,72.16148376464844,5546100,0.0,0.0,0.0
2022-08-01,82.95999908447266,82.9800033569336,82.9000015258789,82.95999908447266,72.15972900390625,6463000,0.088,0.0,0.0
2022-08-02,82.94999694824219,82.97000122070312,82.66999816894531,82.66999816894531,71.90750885009766,14265300,0.0,0.0,0.0
2022-08-03,82.6500015258789,82.69999694824219,82.51000213623047,82.69999694824219,71.93357849121094,6485500,0.0,0.0,0.0
2022-08-04,82.72000122070312,82.83000183105469,82.69000244140625,82.80999755859375,72.02925109863281,5411500,0.0,0.0,0.0
2022-08-05,82.5,82.54000091552734,82.44999694824219,82.47000122070312,71.7335433959961,5049700,0.0,0.0,0.0
2022-08-08,82.52999877929688,82.55999755859375,82.51000213623047,82.55000305175781,71.8031005859375,6868900,0.0,0.0,0.0
2022-08-09,82.4800033569336,82.48999786376953,82.44000244140625,82.47000122070312,71.7335433959961,3742100,0.0,0.0,0.0
2022-08-10,82.66999816894531,82.72000122070312,82.54000091552734,82.55000305175781,71.8031005859375,6820900,0.0,0.0,0.0
2022-08-11,82.66000366210938,82.69000244140625,82.5199966430664,82.5199966430664,71.77703857421875,4071500,0.0,0.0,0.0
2022-08-12,82.61000061035156,82.62000274658203,82.51000213623047,82.54000091552734,71.79442596435547,4782800,0.0,0.0,0.0
2022-08-15,82.62000274658203,82.6500015258789,82.58999633789062,82.61000061035156,71.85533142089844,17015900,0.0,0.0,0.0
2022-08-16,82.58999633789062,82.58999633789062,82.52999877929688,82.54000091552734,71.79442596435547,3249300,0.0,0.0,0.0
2022-08-17,82.41999816894531,82.48999786376953,82.38999938964844,82.47000122070312,71.7335433959961,4162400,0.0,0.0,0.0
2022-08-18,82.55999755859375,82.61000061035156,82.5199966430664,82.58999633789062,71.8379135131836,3648300,0.0,0.0,0.0
2022-08-19,82.51000213623047,82.54000091552734,82.4800033569336,82.52999877929688,71.78570556640625,4519300,0.0,0.0,0.0
2022-08-22,82.45999908447266,82.48999786376953,82.4000015258789,82.41999816894531,71.6900634765625,3739700,0.0,0.0,0.0
2022-08-23,82.44000244140625,82.56999969482422,82.41000366210938,82.45999908447266,71.72484588623047,4227600,0.0,0.0,0.0
2022-08-24,82.43000030517578,82.44999694824219,82.37000274658203,82.37000274658203,71.64656066894531,4551800,0.0,0.0,0.0
2022-08-25,82.44000244140625,82.45999908447266,82.4000015258789,82.41999816894531,71.6900634765625,3026400,0.0,0.0,0.0
2022-08-26,82.41000366210938,82.44999694824219,82.33999633789062,82.4000015258789,71.6726303100586,4304000,0.0,0.0,0.0
2022-08-29,82.37999725341797,82.38999938964844,82.33000183105469,82.33999633789062,71.62042999267578,3656100,0.0,0.0,0.0
2022-08-30,82.31999969482422,82.36000061035156,82.25,82.30000305175781,71.5856704711914,4626200,0.0,0.0,0.0
2022-08-31,82.30999755859375,82.3499984741211,82.2699966430664,82.29000091552734,71.57696533203125,5424100,0.0,0.0,0.0
2022-09-01,82.13999938964844,82.19000244140625,82.06999969482422,82.12999725341797,71.52470397949219,6728700,0.1,0.0,0.0
2022-09-02,82.29000091552734,82.33999633789062,82.23999786376953,82.30999755859375,71.68147277832031,4105600,0.0,0.0,0.0
2022-09-06,82.19000244140625,82.19999694824219,82.12999725341797,82.12999725341797,71.52470397949219,4991800,0.0,0.0,0.0
2022-09-07,82.18000030517578,82.25,82.16000366210938,82.25,71.62921142578125,4425300,0.0,0.0,0.0
2022-09-08,82.19999694824219,82.22000122070312,82.13999938964844,82.1500015258789,71.5421142578125,4979800,0.0,0.0,0.0
2022-09-09,82.1500015258789,82.18000030517578,82.05000305175781,82.08000183105469,71.48116302490234,4072200,0.0,0.0,0.0
2022-09-12,82.12999725341797,82.13999938964844,82.05000305175781,82.06999969482422,71.47249603271484,3139400,0.0,0.0,0.0
2022-09-13,81.81999969482422,81.8499984741211,81.73999786376953,81.79000091552734,71.2286148071289,6543600,0.0,0.0,0.0
2022-09-14,81.72000122070312,81.79000091552734,81.70999908447266,81.72000122070312,71.16763305664062,4744800,0.0,0.0,0.0
2022-09-15,81.66999816894531,81.69000244140625,81.62999725341797,81.62999725341797,71.08927154541016,3592100,0.0,0.0,0.0
2022-09-16,81.5999984741211,81.69999694824219,81.58999633789062,81.66999816894531,71.12413024902344,4366200,0.0,0.0,0.0
2022-09-19,81.55000305175781,81.5999984741211,81.52999877929688,81.58000183105469,71.04574584960938,4378200,0.0,0.0,0.0
2022-09-20,81.54000091552734,81.66999816894531,81.51000213623047,81.54000091552734,71.01090240478516,15975300,0.0,0.0,0.0
2022-09-21,81.54000091552734,81.55000305175781,81.31999969482422,81.47000122070312,70.94994354248047,4475800,0.0,0.0,0.0
2022-09-22,81.37999725341797,81.38999938964844,81.27999877929688,81.31999969482422,70.81930541992188,6605100,0.0,0.0,0.0
2022-09-23,81.31999969482422,81.33999633789062,81.19999694824219,81.22000122070312,70.73224639892578,10192800,0.0,0.0,0.0
2022-09-26,81.18000030517578,81.19999694824219,81.0,81.04000091552734,70.5754623413086,6145800,0.0,0.0,0.0
2022-09-27,81.11000061035156,81.12000274658203,81.01000213623047,81.04000091552734,70.5754623413086,15088300,0.0,0.0,0.0
2022-09-28,81.30000305175781,81.38999938964844,81.2300033569336,81.38999938964844,70.88025665283203,7793400,0.0,0.0,0.0
2022-09-29,81.25,81.30999755859375,81.19000244140625,81.27999877929688,70.78446197509766,4734800,0.0,0.0,0.0
2022-09-30,81.29000091552734,81.3499984741211,81.18000030517578,81.20999908447266,70.72350311279297,8447100,0.0,0.0,0.0
2022-10-03,81.2699966430664,81.41000366210938,81.2300033569336,81.27999877929688,70.87873840332031,8906600,0.108,0.0,0.0
2022-10-04,81.33000183105469,81.41000366210938,81.29000091552734,81.30999755859375,70.90487670898438,6219800,0.0,0.0,0.0
2022-10-05,81.22000122070312,81.26000213623047,81.16000366210938,81.2300033569336,70.83515167236328,7175900,0.0,0.0,0.0
2022-10-06,81.2300033569336,81.23999786376953,81.12999725341797,81.12999725341797,70.74793243408203,5100100,0.0,0.0,0.0
2022-10-07,81.05999755859375,81.08000183105469,81.02999877929688,81.02999877929688,70.66072082519531,4619000,0.0,0.0,0.0
2022-10-10,81.04000091552734,81.05000305175781,80.95999908447266,81.0,70.63455963134766,2934800,0.0,0.0,0.0
2022-10-11,81.06999969482422,81.12000274658203,81.04000091552734,81.04000091552734,70.66944885253906,3836500,0.0,0.0,0.0
2022-10-12,81.05999755859375,81.12999725341797,81.05000305175781,81.12000274658203,70.73919677734375,8787600,0.0,0.0,0.0
2022-10-13,80.80000305175781,80.9800033569336,80.79000091552734,80.87999725341797,70.52991485595703,5751300,0.0,0.0,0.0
2022-10-14,80.97000122070312,80.98999786376953,80.81999969482422,80.83999633789062,70.49504852294922,5506000,0.0,0.0,0.0
2022-10-17,80.9800033569336,80.98999786376953,80.91999816894531,80.93000030517578,70.57352447509766,4013800,0.0,0.0,0.0
2022-10-18,81.01000213623047,81.0199966430664,80.91999816894531,80.97000122070312,70.60840606689453,7012000,0.0,0.0,0.0
2022-10-19,80.8499984741211,80.87999725341797,80.80999755859375,80.81999969482422,70.47760772705078,4349100,0.0,0.0,0.0
2022-10-20,80.7699966430664,80.81999969482422,80.7300033569336,80.7300033569336,70.39913177490234,5797300,0.0,0.0,0.0
2022-10-21,80.83000183105469,80.98999786376953,80.80000305175781,80.94000244140625,70.58222961425781,5180300,0.0,0.0,0.0
2022-10-24,80.9000015258789,80.97000122070312,80.87000274658203,80.91999816894531,70.56480407714844,3680100,0.0,0.0,0.0
2022-10-25,81.04000091552734,81.08999633789062,80.9800033569336,81.0,70.63455963134766,5113300,0.0,0.0,0.0
2022-10-26,81.0199966430664,81.11000061035156,81.01000213623047,81.06999969482422,70.69561004638672,6039900,0.0,0.0,0.0
2022-10-27,81.16000366210938,81.25,81.12000274658203,81.23999786376953,70.84383392333984,4010800,0.0,0.0,0.0
2022-10-28,81.13999938964844,81.19000244140625,81.08999633789062,81.12000274658203,70.73919677734375,4464100,0.0,0.0,0.0
2022-10-31,81.01000213623047,81.02999877929688,80.95999908447266,81.0,70.63455963134766,6845900,0.0,0.0,0.0
2022-11-01,80.9800033569336,80.98999786376953,80.77999877929688,80.77999877929688,70.5655517578125,5349700,0.141,0.0,0.0
2022-11-02,80.83000183105469,80.95999908447266,80.69000244140625,80.73999786376953,70.53060150146484,5714700,0.0,0.0,0.0
2022-11-03,80.55999755859375,80.63999938964844,80.55999755859375,80.58999633789062,70.39957427978516,4834000,0.0,0.0,0.0
2022-11-04,80.62999725341797,80.70999908447266,80.56999969482422,80.68000030517578,70.47820281982422,4347200,0.0,0.0,0.0
2022-11-07,80.63999938964844,80.63999938964844,80.5999984741211,80.61000061035156,70.41704559326172,4391400,0.0,0.0,0.0
2022-11-08,80.6500015258789,80.70999908447266,80.63999938964844,80.69000244140625,70.48693084716797,7092100,0.0,0.0,0.0
2022-11-09,80.72000122070312,80.83999633789062,80.69999694824219,80.81999969482422,70.60050964355469,4587600,0.0,0.0,0.0
2022-11-10,81.16999816894531,81.29000091552734,81.16000366210938,81.26000213623047,70.98487091064453,6631600,0.0,0.0,0.0
2022-11-11,81.19000244140625,81.27999877929688,81.16999816894531,81.23999786376953,70.96737670898438,4246000,0.0,0.0,0.0
2022-11-14,81.16000366210938,81.16999816894531,81.11000061035156,81.16999816894531,70.9062271118164,7192100,0.0,0.0,0.0
2022-11-15,81.25,81.26000213623047,81.18000030517578,81.25,70.97611999511719,21231100,0.0,0.0,0.0
2022-11-16,81.29000091552734,81.30000305175781,81.23999786376953,81.26000213623047,70.98487091064453,8253300,0.0,0.0,0.0
2022-11-17,81.19000244140625,81.19000244140625,81.12000274658203,81.16000366210938,70.89751434326172,5450000,0.0,0.0,0.0
2022-11-18,81.1500015258789,81.18000030517578,81.06999969482422,81.06999969482422,70.81888580322266,4372600,0.0,0.0,0.0
2022-11-21,81.12999725341797,81.13999938964844,81.04000091552734,81.05000305175781,70.80142211914062,3435700,0.0,0.0,0.0
2022-11-22,81.0999984741211,81.12000274658203,81.05999755859375,81.11000061035156,70.85382843017578,3421500,0.0,0.0,0.0
2022-11-23,81.0999984741211,81.19000244140625,81.08000183105469,81.18000030517578,70.91499328613281,4071000,0.0,0.0,0.0
2022-11-25,81.16000366210938,81.19999694824219,81.1500015258789,81.19000244140625,70.92375183105469,1539000,0.0,0.0,0.0
2022-11-28,81.20999908447266,81.25,81.19000244140625,81.20999908447266,70.94117736816406,4330000,0.0,0.0,0.0
2022-11-29,81.20999908447266,81.2300033569336,81.18000030517578,81.18000030517578,70.91499328613281,4708500,0.0,0.0,0.0
2022-11-30,81.13999938964844,81.41999816894531,81.11000061035156,81.41999816894531,71.12464141845703,10368900,0.0,0.0,0.0
2022-12-01,81.30000305175781,81.43000030517578,81.2699966430664,81.43000030517578,71.27782440185547,23602200,0.165,0.0,0.0
2022-12-02,81.29000091552734,81.41999816894531,81.23999786376953,81.41000366210938,71.26033020019531,5163300,0.0,0.0,0.0
2022-12-05,81.31999969482422,81.33000183105469,81.18000030517578,81.18000030517578,71.05899047851562,6591300,0.0,0.0,0.0
2022-12-06,81.22000122070312,81.29000091552734,81.20999908447266,81.2699966430664,71.13778686523438,4237200,0.0,0.0,0.0
2022-12-07,81.37000274658203,81.44999694824219,81.3499984741211,81.44000244140625,71.28658294677734,5160400,0.0,0.0,0.0
2022-12-08,81.38999938964844,81.41999816894531,81.3499984741211,81.36000061035156,71.21653747558594,4121000,0.0,0.0,0.0
2022-12-09,81.3499984741211,81.4000015258789,81.31999969482422,81.31999969482422,71.1815414428711,4623400,0.0,0.0,0.0
2022-12-12,81.36000061035156,81.37000274658203,81.23999786376953,81.2699966430664,71.13778686523438,4593800,0.0,0.0,0.0
2022-12-13,81.58999633789062,81.62000274658203,81.48999786376953,81.51000213623047,71.34784698486328,5790700,0.0,0.0,0.0
2022-12-14,81.58000183105469,81.62000274658203,81.43000030517578,81.5199966430664,71.35660552978516,5651700,0.0,0.0,0.0
2022-12-15,81.38999938964844,81.4000015258789,81.30999755859375,81.3499984741211,71.36625671386719,6162800,0.181,0.0,0.0
2022-12-16,81.30000305175781,81.4800033569336,81.29000091552734,81.43000030517578,71.43643188476562,3987700,0.0,0.0,0.0
2022-12-19,81.4000015258789,81.4000015258789,81.33000183105469,81.33000183105469,71.34868621826172,4845600,0.0,0.0,0.0
2022-12-20,81.29000091552734,81.3499984741211,81.2699966430664,81.33000183105469,71.34868621826172,3735600,0.0,0.0,0.0
2022-12-21,81.41999816894531,81.43000030517578,81.37999725341797,81.41000366210938,71.41887664794922,5219300,0.0,0.0,0.0
2022-12-22,81.38999938964844,81.44999694824219,81.36000061035156,81.36000061035156,71.37500762939453,6612800,0.0,0.0,0.0
2022-12-23,81.30999755859375,81.33999633789062,81.30000305175781,81.31999969482422,71.33992767333984,2737200,0.0,0.0,0.0
2022-12-27,81.25,81.26000213623047,81.16000366210938,81.20999908447266,71.24341583251953,3969500,0.0,0.0,0.0
2022-12-28,81.2300033569336,81.25,81.20999908447266,81.20999908447266,71.24341583251953,4308900,0.0,0.0,0.0
2022-12-29,81.26000213623047,81.27999877929688,81.2300033569336,81.2699966430664,71.29605865478516,4149000,0.0,0.0,0.0
2022-12-30,81.19999694824219,81.2699966430664,81.16000366210938,81.16999816894531,71.20832824707031,6051600,0.0,0.0,0.0
2023-01-03,81.29000091552734,81.30000305175781,81.20999908447266,81.23999786376953,71.26972198486328,7190500,0.0,0.0,0.0
2023-01-04,81.36000061035156,81.37999725341797,81.27999877929688,81.31999969482422,71.33992767333984,4098500,0.0,0.0,0.0
2023-01-05,81.18000030517578,81.25,81.1500015258789,81.20999908447266,71.24341583251953,4879300,0.0,0.0,0.0
2023-01-06,81.29000091552734,81.52999877929688,81.26000213623047,81.5199966430664,71.51536560058594,6357400,0.0,0.0,0.0
2023-01-09,81.52999877929688,81.62000274658203,81.52999877929688,81.5999984741211,71.5855712890625,6204800,0.0,0.0,0.0
2023-01-10,81.52999877929688,81.55000305175781,81.4800033569336,81.52999877929688,71.5241470336914,3993000,0.0,0.0,0.0
2023-01-11,81.52999877929688,81.61000061035156,81.5199966430664,81.5999984741211,71.5855712890625,6779700,0.0,0.0,0.0
2023-01-12,81.73999786376953,81.79000091552734,81.68000030517578,81.77999877929688,71.74346923828125,5571100,0.0,0.0,0.0
2023-01-13,81.72000122070312,81.76000213623047,81.62000274658203,81.63999938964844,71.62064361572266,4546500,0.0,0.0,0.0
2023-01-17,81.66000366210938,81.72000122070312,81.6500015258789,81.69000244140625,71.66451263427734,5843400,0.0,0.0,0.0
2023-01-18,81.86000061035156,81.88999938964844,81.83000183105469,81.87000274658203,71.82244873046875,4551600,0.0,0.0,0.0
2023-01-19,81.86000061035156,81.87999725341797,81.81999969482422,81.8499984741211,71.80490112304688,4791800,0.0,0.0,0.0
2023-01-20,81.7699966430664,81.79000091552734,81.7300033569336,81.77999877929688,71.74346923828125,4042100,0.0,0.0,0.0
2023-01-23,81.7300033569336,81.75,81.68000030517578,81.69999694824219,71.67326354980469,5559300,0.0,0.0,0.0
2023-01-24,81.69999694824219,81.76000213623047,81.66999816894531,81.7300033569336,71.69963836669922,4179100,0.0,0.0,0.0
2023-01-25,81.76000213623047,81.80999755859375,81.75,81.77999877929688,71.74346923828125,3169400,0.0,0.0,0.0
2023-01-26,81.76000213623047,81.77999877929688,81.72000122070312,81.7300033569336,71.69963836669922,5417000,0.0,0.0,0.0
2023-01-27,81.70999908447266,81.7300033569336,81.69000244140625,81.7300033569336,71.69963836669922,3822700,0.0,0.0,0.0
2023-01-30,81.66999816894531,81.66999816894531,81.63999938964844,81.6500015258789,71.62944030761719,6446200,0.0,0.0,0.0
2023-01-31,81.73999786376953,81.80000305175781,81.69000244140625,81.80000305175781,71.7610092163086,7241100,0.0,0.0,0.0
2023-02-01,81.63999938964844,81.79000091552734,81.52999877929688,81.79000091552734,71.88584899902344,8447400,0.152,0.0,0.0
2023-02-02,81.8499984741211,81.86000061035156,81.7699966430664,81.80000305175781,71.89461517333984,10328800,0.0,0.0,0.0
2023-02-03,81.5999984741211,81.62999725341797,81.5,81.5,71.63092803955078,7167500,0.0,0.0,0.0
2023-02-06,81.3499984741211,81.37999725341797,81.2699966430664,81.2699966430664,71.42880249023438,4079000,0.0,0.0,0.0
2023-02-07,81.33000183105469,81.41999816894531,81.2699966430664,81.30999755859375,71.46393585205078,4900000,0.0,0.0,0.0
2023-02-08,81.33000183105469,81.36000061035156,81.29000091552734,81.33999633789062,71.4903335571289,5112700,0.0,0.0,0.0
2023-02-09,81.37999725341797,81.38999938964844,81.26000213623047,81.27999877929688,71.43756866455078,4328600,0.0,0.0,0.0
2023-02-10,81.30999755859375,81.31999969482422,81.23999786376953,81.23999786376953,71.40240478515625,5046300,0.0,0.0,0.0
2023-02-13,81.20999908447266,81.26000213623047,81.20999908447266,81.26000213623047,71.42000579833984,4934400,0.0,0.0,0.0
2023-02-14,81.16000366210938,81.19000244140625,81.08999633789062,81.08999633789062,71.27059173583984,7889600,0.0,0.0,0.0
2023-02-15,81.0999984741211,81.13999938964844,81.08000183105469,81.0999984741211,71.27935791015625,5025800,0.0,0.0,0.0
2023-02-16,81.12000274658203,81.16999816894531,81.08000183105469,81.11000061035156,71.28816223144531,6081600,0.0,0.0,0.0
2023-02-17,81.0999984741211,81.18000030517578,81.08000183105469,81.18000030517578,71.34968566894531,3773700,0.0,0.0,0.0
2023-02-21,81.08000183105469,81.0999984741211,81.0199966430664,81.0199966430664,71.20905303955078,6391400,0.0,0.0,0.0
2023-02-22,81.08000183105469,81.11000061035156,81.04000091552734,81.05999755859375,71.24422454833984,3889600,0.0,0.0,0.0
2023-02-23,81.08000183105469,81.12000274658203,81.05000305175781,81.11000061035156,71.28816223144531,4072900,0.0,0.0,0.0
2023-02-24,80.9800033569336,80.98999786376953,80.91000366210938,80.94000244140625,71.13876342773438,4189600,0.0,0.0,0.0
2023-02-27,81.0,81.01000213623047,80.97000122070312,81.01000213623047,71.20028686523438,3246600,0.0,0.0,0.0
2023-02-28,80.95999908447266,81.01000213623047,80.93000030517578,80.98999786376953,71.18269348144531,3978100,0.0,0.0,0.0
2023-03-01,80.76000213623047,80.79000091552734,80.66999816894531,80.68000030517578,71.05236053466797,5386100,0.162,0.0,0.0
2023-03-02,80.66000366210938,80.72000122070312,80.63999938964844,80.70999908447266,71.07878112792969,6623600,0.0,0.0,0.0
2023-03-03,80.7699966430664,80.7699966430664,80.68000030517578,80.76000213623047,71.122802734375,6045000,0.0,0.0,0.0
2023-03-06,80.80000305175781,80.80000305175781,80.70999908447266,80.72000122070312,71.08756256103516,3862300,0.0,0.0,0.0
2023-03-07,80.75,80.76000213623047,80.54000091552734,80.55000305175781,70.93788146972656,6748700,0.0,0.0,0.0
2023-03-08,80.58999633789062,80.62999725341797,80.4800033569336,80.51000213623047,70.90265655517578,7627900,0.0,0.0,0.0
2023-03-09,80.6500015258789,80.79000091552734,80.62999725341797,80.7699966430664,71.13159942626953,6480300,0.0,0.0,0.0
2023-03-10,81.08999633789062,81.22000122070312,81.0,81.20999908447266,71.51912689208984,10588600,0.0,0.0,0.0
2023-03-13,81.8499984741211,82.05000305175781,81.69000244140625,82.0199966430664,72.23246002197266,12061400,0.0,0.0,0.0
2023-03-14,81.68000030517578,81.80999755859375,81.48999786376953,81.70999908447266,71.95942687988281,18453100,0.0,0.0,0.0
2023-03-15,82.25,82.41000366210938,82.01000213623047,82.19000244140625,72.38218688964844,13411600,0.0,0.0,0.0
2023-03-16,82.23999786376953,82.29000091552734,81.81999969482422,81.86000061035156,72.09153747558594,8516600,0.0,0.0,0.0
2023-03-17,82.01000213623047,82.37000274658203,82.0,82.2699966430664,72.45262145996094,8629700,0.0,0.0,0.0
2023-03-20,82.3499984741211,82.37000274658203,82.08999633789062,82.16999816894531,72.36455535888672,4907700,0.0,0.0,0.0
2023-03-21,81.91000366210938,82.0,81.83999633789062,81.86000061035156,72.09153747558594,4840900,0.0,0.0,0.0
2023-03-22,81.83000183105469,82.26000213623047,81.77999877929688,82.23999786376953,72.42619323730469,8003600,0.0,0.0,0.0
2023-03-23,82.30000305175781,82.5199966430664,82.23999786376953,82.4800033569336,72.63755798339844,4930700,0.0,0.0,0.0
2023-03-24,82.69999694824219,82.73999786376953,82.47000122070312,82.5199966430664,72.67278289794922,8638700,0.0,0.0,0.0
2023-03-27,82.2300033569336,82.29000091552734,82.1500015258789,82.16999816894531,72.36455535888672,3942500,0.0,0.0,0.0
2023-03-28,82.11000061035156,82.13999938964844,82.05000305175781,82.08000183105469,72.28528594970703,9564900,0.0,0.0,0.0
2023-03-29,82.0,82.0999984741211,81.98999786376953,82.05000305175781,72.25886535644531,4047500,0.0,0.0,0.0
2023-03-30,81.97000122070312,82.05999755859375,81.97000122070312,82.05999755859375,72.2676773071289,4077300,0.0,0.0,0.0
2023-03-31,82.02999877929688,82.16000366210938,82.01000213623047,82.16000366210938,72.35577392578125,6451500,0.0,0.0,0.0
2023-04-03,81.9000015258789,82.08000183105469,81.87000274658203,82.08000183105469,72.44400024414062,9610600,0.18,0.0,0.0
2023-04-04,82.0,82.30000305175781,82.0,82.2699966430664,72.6116943359375,4905400,0.0,0.0,0.0
2023-04-05,82.44000244140625,82.61000061035156,82.37000274658203,82.37999725341797,72.70880889892578,7535500,0.0,0.0,0.0
2023-04-06,82.38999938964844,82.44000244140625,82.33000183105469,82.3499984741211,72.68231964111328,4666600,0.0,0.0,0.0
2023-04-10,82.0999984741211,82.12000274658203,82.05000305175781,82.05999755859375,72.42634582519531,3702300,0.0,0.0,0.0
2023-04-11,82.0999984741211,82.0999984741211,81.9800033569336,82.05000305175781,72.41752624511719,2725400,0.0,0.0,0.0
2023-04-12,82.18000030517578,82.19999694824219,82.08000183105469,82.13999938964844,72.49694061279297,6091300,0.0,0.0,0.0
2023-04-13,82.26000213623047,82.30000305175781,82.16999816894531,82.19000244140625,72.54109954833984,3350600,0.0,0.0,0.0
2023-04-14,82.05000305175781,82.05000305175781,81.95999908447266,82.0,72.37337493896484,3161000,0.0,0.0,0.0
2023-04-17,81.93000030517578,81.94000244140625,81.8499984741211,81.87999725341797,72.2674789428711,3293300,0.0,0.0,0.0
2023-04-18,81.87999725341797,81.94000244140625,81.83999633789062,81.86000061035156,72.24983978271484,3581200,0.0,0.0,0.0
2023-04-19,81.83000183105469,81.8499984741211,81.77999877929688,81.79000091552734,72.18804168701172,5923200,0.0,0.0,0.0
2023-04-20,81.95999908447266,82.0,81.94000244140625,81.98999786376953,72.36457061767578,4592300,0.0,0.0,0.0
2023-04-21,82.06999969482422,82.08000183105469,81.93000030517578,81.94000244140625,72.32046508789062,3348200,0.0,0.0,0.0
2023-04-24,81.98999786376953,82.05000305175781,81.98999786376953,82.02999877929688,72.3998794555664,1906000,0.0,0.0,0.0
2023-04-25,82.18000030517578,82.37999725341797,82.16999816894531,82.3499984741211,72.68231964111328,3373400,0.0,0.0,0.0
2023-04-26,82.3499984741211,82.36000061035156,82.19000244140625,82.25,72.59403228759766,4804200,0.0,0.0,0.0
2023-04-27,82.1500015258789,82.18000030517578,82.05000305175781,82.08999633789062,72.45284271240234,3452200,0.0,0.0,0.0
2023-04-28,82.16000366210938,82.18000030517578,82.0999984741211,82.18000030517578,72.53228759765625,4325300,0.0,0.0,0.0
2023-05-01,81.9000015258789,81.9000015258789,81.80000305175781,81.80999755859375,72.37390899658203,3339700,0.191,0.0,0.0
2023-05-02,81.83999633789062,82.13999938964844,81.83000183105469,82.08000183105469,72.61276245117188,5394100,0.0,0.0,0.0
2023-05-03,82.13999938964844,82.29000091552734,82.11000061035156,82.27999877929688,72.7896957397461,4568800,0.0,0.0,0.0
2023-05-04,82.27999877929688,82.5999984741211,82.27999877929688,82.41000366210938,72.90470123291016,8624900,0.0,0.0,0.0
2023-05-05,82.2699966430664,82.27999877929688,82.16999816894531,82.20999908447266,72.727783203125,3375100,0.0,0.0,0.0
2023-05-08,82.0999984741211,82.16999816894531,82.08000183105469,82.08000183105469,72.61276245117188,3166700,0.0,0.0,0.0
2023-05-09,82.08000183105469,82.08999633789062,82.0199966430664,82.05999755859375,72.5950698852539,4479100,0.0,0.0,0.0
2023-05-10,82.18000030517578,82.30999755859375,82.16000366210938,82.26000213623047,72.77198791503906,4931800,0.0,0.0,0.0
2023-05-11,82.41999816894531,82.43000030517578,82.29000091552734,82.30999755859375,72.81625366210938,7866500,0.0,0.0,0.0
2023-05-12,82.29000091552734,82.30999755859375,82.16000366210938,82.16999816894531,72.69239807128906,8635100,0.0,0.0,0.0
2023-05-15,82.16999816894531,82.19000244140625,82.1500015258789,82.18000030517578,72.70125579833984,3605100,0.0,0.0,0.0
2023-05-16,82.12000274658203,82.13999938964844,82.0199966430664,82.08000183105469,72.61276245117188,6905300,0.0,0.0,0.0
2023-05-17,82.05999755859375,82.06999969482422,81.94999694824219,81.98999786376953,72.53314971923828,4660300,0.0,0.0,0.0
2023-05-18,81.88999938964844,81.91999816894531,81.81999969482422,81.83999633789062,72.40045928955078,4385700,0.0,0.0,0.0
2023-05-19,81.77999877929688,81.94000244140625,81.72000122070312,81.77999877929688,72.3473892211914,5650300,0.0,0.0,0.0
2023-05-22,81.80000305175781,81.86000061035156,81.7300033569336,81.75,72.32081604003906,4024300,0.0,0.0,0.0
2023-05-23,81.69999694824219,81.7699966430664,81.66000366210938,81.73999786376953,72.31199645996094,8964000,0.0,0.0,0.0
2023-05-24,81.75,81.76000213623047,81.62000274658203,81.63999938964844,72.22350311279297,5761400,0.0,0.0,0.0
2023-05-25,81.56999969482422,81.62000274658203,81.44999694824219,81.45999908447266,72.06426239013672,7552600,0.0,0.0,0.0
2023-05-26,81.41000366210938,81.44999694824219,81.33000183105469,81.44000244140625,72.04659271240234,3728700,0.0,0.0,0.0
2023-05-30,81.47000122070312,81.61000061035156,81.44000244140625,81.5999984741211,72.18812561035156,4441800,0.0,0.0,0.0
2023-05-31,81.63999938964844,81.72000122070312,81.58999633789062,81.68000030517578,72.25891876220703,7230400,0.0,0.0,0.0
2023-06-01,81.55000305175781,81.63999938964844,81.54000091552734,81.61000061035156,72.37152862548828,5119300,0.197,0.0,0.0
2023-06-02,81.5199966430664,81.52999877929688,81.33999633789062,81.37999725341797,72.16759490966797,9465300,0.0,0.0,0.0
2023-06-05,81.30999755859375,81.48999786376953,81.27999877929688,81.4000015258789,72.18531036376953,5934100,0.0,0.0,0.0
2023-06-06,81.4000015258789,81.41999816894531,81.33000183105469,81.36000061035156,72.14983367919922,4313400,0.0,0.0,0.0
2023-06-07,81.3499984741211,81.37999725341797,81.25,81.30000305175781,72.09660339355469,6869400,0.0,0.0,0.0
2023-06-08,81.41000366210938,81.47000122070312,81.37999725341797,81.43000030517578,72.2119140625,4306300,0.0,0.0,0.0
2023-06-09,81.3499984741211,81.3499984741211,81.27999877929688,81.27999877929688,72.0788803100586,4022200,0.0,0.0,0.0
2023-06-12,81.33999633789062,81.3499984741211,81.27999877929688,81.3499984741211,72.14095306396484,3824300,0.0,0.0,0.0
2023-06-13,81.44000244140625,81.44000244140625,81.16999816894531,81.19999694824219,72.0079116821289,4872200,0.0,0.0,0.0
2023-06-14,81.29000091552734,81.30999755859375,81.04000091552734,81.1500015258789,71.963623046875,6175900,0.0,0.0,0.0
2023-06-15,81.29000091552734,81.33000183105469,81.25,81.31999969482422,72.11432647705078,6384600,0.0,0.0,0.0
2023-06-16,81.18000030517578,81.23999786376953,81.12000274658203,81.20999908447266,72.0168228149414,5079900,0.0,0.0,0.0
2023-06-20,81.22000122070312,81.30000305175781,81.22000122070312,81.23999786376953,72.04342651367188,4787500,0.0,0.0,0.0
2023-06-21,81.19000244140625,81.27999877929688,81.18000030517578,81.23999786376953,72.04342651367188,20688500,0.0,0.0,0.0
2023-06-22,81.22000122070312,81.26000213623047,81.13999938964844,81.1500015258789,71.963623046875,4198700,0.0,0.0,0.0
2023-06-23,81.30000305175781,81.33000183105469,81.19000244140625,81.22000122070312,72.02567291259766,3892900,0.0,0.0,0.0
2023-06-26,81.29000091552734,81.30000305175781,81.2300033569336,81.27999877929688,72.0788803100586,3101500,0.0,0.0,0.0
2023-06-27,81.2699966430664,81.30999755859375,81.13999938964844,81.16000366210938,71.97248840332031,3574100,0.0,0.0,0.0
2023-06-28,81.19999694824219,81.25,81.1500015258789,81.25,72.05229187011719,4298900,0.0,0.0,0.0
2023-06-29,81.05999755859375,81.06999969482422,81.0199966430664,81.05000305175781,71.87490844726562,4646400,0.0,0.0,0.0
2023-06-30,81.08000183105469,81.08999633789062,81.02999877929688,81.08000183105469,71.90151977539062,6958700,0.0,0.0,0.0
2023-07-03,80.81999969482422,80.91000366210938,80.7699966430664,80.77999877929688,71.81793212890625,3600000,0.206,0.0,0.0
2023-07-05,80.83000183105469,80.83999633789062,80.75,80.76000213623047,71.80017852783203,6037200,0.0,0.0,0.0
2023-07-06,80.63999938964844,80.72000122070312,80.55000305175781,80.70999908447266,71.75572204589844,8592000,0.0,0.0,0.0
2023-07-07,80.7699966430664,80.87000274658203,80.76000213623047,80.80000305175781,71.83573150634766,3944100,0.0,0.0,0.0
2023-07-10,80.83999633789062,80.94000244140625,80.83000183105469,80.91999816894531,71.94242095947266,2858000,0.0,0.0,0.0
2023-07-11,80.91000366210938,80.94000244140625,80.88999938964844,80.91000366210938,71.93351745605469,3658500,0.0,0.0,0.0
2023-07-12,81.12000274658203,81.18000030517578,81.0999984741211,81.1500015258789,72.14691925048828,5068800,0.0,0.0,0.0
2023-07-13,81.31999969482422,81.37999725341797,81.27999877929688,81.37999725341797,72.3514175415039,4954800,0.0,0.0,0.0
2023-07-14,81.2699966430664,81.30000305175781,81.16999816894531,81.16999816894531,72.16466522216797,4248900,0.0,0.0,0.0
2023-07-17,81.20999908447266,81.2300033569336,81.16999816894531,81.19999694824219,72.19135284423828,4027500,0.0,0.0,0.0
2023-07-18,81.27999877929688,81.30999755859375,81.19000244140625,81.19999694824219,72.19135284423828,2590600,0.0,0.0,0.0
2023-07-19,81.25,81.2699966430664,81.19000244140625,81.2300033569336,72.21804809570312,7015800,0.0,0.0,0.0
2023-07-20,81.12999725341797,81.1500015258789,81.06999969482422,81.12999725341797,72.1291275024414,8745700,0.0,0.0,0.0
2023-07-21,81.13999938964844,81.16000366210938,81.0999984741211,81.13999938964844,72.13801574707031,3891900,0.0,0.0,0.0
2023-07-24,81.1500015258789,81.16999816894531,81.04000091552734,81.04000091552734,72.04910278320312,4127300,0.0,0.0,0.0
2023-07-25,81.01000213623047,81.04000091552734,80.98999786376953,81.02999877929688,72.04019927978516,3275700,0.0,0.0,0.0
2023-07-26,81.05999755859375,81.13999938964844,80.98999786376953,81.11000061035156,72.1113510131836,4339700,0.0,0.0,0.0
2023-07-27,81.06999969482422,81.08999633789062,80.9800033569336,80.98999786376953,72.00466918945312,5591500,0.0,0.0,0.0
2023-07-28,81.08000183105469,81.12000274658203,81.05000305175781,81.0999984741211,72.10246276855469,6008600,0.0,0.0,0.0
2023-07-31,81.08000183105469,81.1500015258789,81.08000183105469,81.12000274658203,72.12025451660156,4066700,0.0,0.0,0.0
2023-08-01,80.87000274658203,80.91000366210938,80.83000183105469,80.83999633789062,72.05961608886719,4957400,0.212,0.0,0.0
2023-08-02,80.87999725341797,80.9000015258789,80.80999755859375,80.87999725341797,72.09526062011719,4046400,0.0,0.0,0.0
2023-08-03,80.88999938964844,80.94000244140625,80.86000061035156,80.91000366210938,72.12200927734375,4109400,0.0,0.0,0.0
2023-08-04,81.0,81.08999633789062,81.0,81.06999969482422,72.2646484375,3590400,0.0,0.0,0.0
2023-08-07,81.06999969482422,81.12000274658203,81.05999755859375,81.0999984741211,72.29138946533203,10383600,0.0,0.0,0.0
2023-08-08,81.12000274658203,81.16000366210938,81.0999984741211,81.13999938964844,72.32704162597656,3017000,0.0,0.0,0.0
2023-08-09,81.12999725341797,81.16000366210938,81.08000183105469,81.08999633789062,72.28247833251953,3198100,0.0,0.0,0.0
2023-08-10,81.12999725341797,81.18000030517578,81.05000305175781,81.05000305175781,72.2468032836914,3867900,0.0,0.0,0.0
2023-08-11,80.9800033569336,81.02999877929688,80.95999908447266,80.97000122070312,72.17552185058594,3596100,0.0,0.0,0.0
2023-08-14,80.91999816894531,80.94999694824219,80.88999938964844,80.9000015258789,72.1131362915039,3217200,0.0,0.0,0.0
2023-08-15,80.93000030517578,81.0,80.91000366210938,80.93000030517578,72.1398696899414,4782100,0.0,0.0,0.0
2023-08-16,80.95999908447266,80.98999786376953,80.88999938964844,80.88999938964844,72.10419464111328,3794300,0.0,0.0,0.0
2023-08-17,80.9800033569336,81.0,80.91000366210938,80.9800033569336,72.18443298339844,6059400,0.0,0.0,0.0
2023-08-18,81.01000213623047,81.05000305175781,80.98999786376953,81.01000213623047,72.21117401123047,3090600,0.0,0.0,0.0
2023-08-21,80.95999908447266,80.97000122070312,80.91999816894531,80.91999816894531,72.13093566894531,2642200,0.0,0.0,0.0
2023-08-22,80.91000366210938,80.93000030517578,80.87999725341797,80.87999725341797,72.09526062011719,2734400,0.0,0.0,0.0
2023-08-23,80.9800033569336,81.05999755859375,80.9800033569336,81.02999877929688,72.22896575927734,5509000,0.0,0.0,0.0
2023-08-24,80.97000122070312,81.04000091552734,80.97000122070312,80.9800033569336,72.18443298339844,3653100,0.0,0.0,0.0
2023-08-25,80.94999694824219,81.0,80.87999725341797,80.93000030517578,72.1398696899414,4682300,0.0,0.0,0.0
2023-08-28,80.94000244140625,80.9800033569336,80.91000366210938,80.9800033569336,72.18443298339844,2798300,0.0,0.0,0.0
2023-08-29,80.94000244140625,81.16000366210938,80.94000244140625,81.16000366210938,72.3448715209961,5272000,0.0,0.0,0.0
2023-08-30,81.20999908447266,81.22000122070312,81.1500015258789,81.16000366210938,72.3448715209961,4512400,0.0,0.0,0.0
2023-08-31,81.19999694824219,81.25,81.16999816894531,81.23999786376953,72.41619110107422,3948700,0.0,0.0,0.0
2023-09-01,81.12999725341797,81.12999725341797,80.9800033569336,80.98999786376953,72.37686920166016,4157300,0.206,0.0,0.0
2023-09-05,80.95999908447266,80.9800033569336,80.87999725341797,80.88999938964844,72.28749084472656,4130000,0.0,0.0,0.0
2023-09-06,80.91999816894531,80.91999816894531,80.79000091552734,80.80000305175781,72.2070541381836,5001100,0.0,0.0,0.0
2023-09-07,80.87999725341797,80.94999694824219,80.87000274658203,80.94999694824219,72.34111022949219,3130700,0.0,0.0,0.0
2023-09-08,80.9800033569336,81.0,80.91000366210938,80.91000366210938,72.30535125732422,3581600,0.0,0.0,0.0
2023-09-11,80.91000366210938,80.93000030517578,80.9000015258789,80.93000030517578,72.32325744628906,2750500,0.0,0.0,0.0
2023-09-12,80.91000366210938,80.91000366210938,80.87999725341797,80.88999938964844,72.28749084472656,3358400,0.0,0.0,0.0
2023-09-13,80.9000015258789,80.9800033569336,80.9000015258789,80.95999908447266,72.35003662109375,3489500,0.0,0.0,0.0
2023-09-14,81.0,81.01000213623047,80.93000030517578,80.94000244140625,72.33216094970703,3349300,0.0,0.0,0.0
2023-09-15,80.91999816894531,80.95999908447266,80.9000015258789,80.9000015258789,72.29645538330078,4055900,0.0,0.0,0.0
2023-09-18,80.88999938964844,80.91000366210938,80.87000274658203,80.88999938964844,72.28749084472656,2676700,0.0,0.0,0.0
2023-09-19,80.87000274658203,80.88999938964844,80.83000183105469,80.83000183105469,72.23389434814453,3162800,0.0,0.0,0.0
2023-09-20,80.91000366210938,80.93000030517578,80.7699966430664,80.77999877929688,72.18916320800781,3583600,0.0,0.0,0.0
2023-09-21,80.79000091552734,80.8499984741211,80.79000091552734,80.81999969482422,72.22492980957031,5170800,0.0,0.0,0.0
2023-09-22,80.86000061035156,80.93000030517578,80.8499984741211,80.9000015258789,72.29645538330078,3908000,0.0,0.0,0.0
2023-09-25,80.87999725341797,80.91000366210938,80.87000274658203,80.87000274658203,72.26959991455078,3439100,0.0,0.0,0.0
2023-09-26,80.88999938964844,80.9000015258789,80.8499984741211,80.87999725341797,72.27853393554688,14216300,0.0,0.0,0.0
2023-09-27,80.91000366210938,80.91000366210938,80.77999877929688,80.81999969482422,72.22492980957031,5777600,0.0,0.0,0.0
2023-09-28,80.88999938964844,80.95999908447266,80.86000061035156,80.95999908447266,72.35003662109375,4522600,0.0,0.0,0.0
2023-09-29,81.0199966430664,81.04000091552734,80.97000122070312,80.97000122070312,72.35900115966797,6015100,0.0,0.0,0.0
2023-10-02,80.69000244140625,80.72000122070312,80.66999816894531,80.68000030517578,72.28640747070312,5671000,0.209,0.0,0.0
2023-10-03,80.69999694824219,80.7300033569336,80.62000274658203,80.62000274658203,72.2326431274414,6707600,0.0,0.0,0.0
2023-10-04,80.72000122070312,80.80000305175781,80.68000030517578,80.80000305175781,72.3939208984375,5927000,0.0,0.0,0.0
2023-10-05,80.87999725341797,80.88999938964844,80.86000061035156,80.87999725341797,72.4655990600586,4665400,0.0,0.0,0.0
2023-10-06,80.7699966430664,80.81999969482422,80.75,80.80999755859375,72.40287780761719,3456700,0.0,0.0,0.0
2023-10-09,80.94999694824219,81.05000305175781,80.94999694824219,81.05000305175781,72.61791229248047,4119300,0.0,0.0,0.0
2023-10-10,80.95999908447266,81.02999877929688,80.94000244140625,81.0,72.5731201171875,5135700,0.0,0.0,0.0
2023-10-11,80.94999694824219,80.9800033569336,80.91999816894531,80.9800033569336,72.55519104003906,3131500,0.0,0.0,0.0
2023-10-12,80.91000366210938,80.91999816894531,80.87000274658203,80.87999725341797,72.4655990600586,5362000,0.0,0.0,0.0
2023-10-13,80.95999908447266,80.95999908447266,80.91000366210938,80.93000030517578,72.51041412353516,3506100,0.0,0.0,0.0
2023-10-16,80.9000015258789,80.9000015258789,80.87000274658203,80.87999725341797,72.4655990600586,2967800,0.0,0.0,0.0
2023-10-17,80.7699966430664,80.7699966430664,80.68000030517578,80.69999694824219,72.30435180664062,4245000,0.0,0.0,0.0
2023-10-18,80.72000122070312,80.75,80.66999816894531,80.69999694824219,72.30435180664062,5232700,0.0,0.0,0.0
2023-10-19,80.72000122070312,80.81999969482422,80.70999908447266,80.80999755859375,72.40287780761719,5556600,0.0,0.0,0.0
2023-10-20,80.88999938964844,80.97000122070312,80.88999938964844,80.94000244140625,72.51936340332031,3660500,0.0,0.0,0.0
2023-10-23,80.91999816894531,80.98999786376953,80.9000015258789,80.98999786376953,72.56414794921875,4261800,0.0,0.0,0.0
2023-10-24,80.95999908447266,80.98999786376953,80.91000366210938,80.97000122070312,72.5462417602539,13761400,0.0,0.0,0.0
2023-10-25,80.93000030517578,80.94000244140625,80.87000274658203,80.87999725341797,72.4655990600586,4773400,0.0,0.0,0.0
2023-10-26,80.95999908447266,81.05999755859375,80.95999908447266,81.04000091552734,72.60894012451172,4710800,0.0,0.0,0.0
2023-10-27,81.06999969482422,81.0999984741211,81.04000091552734,81.08999633789062,72.65373229980469,3858100,0.0,0.0,0.0
2023-10-30,81.02999877929688,81.06999969482422,81.01000213623047,81.05999755859375,72.62687683105469,4816700,0.0,0.0,0.0
2023-10-31,81.01000213623047,81.05000305175781,81.01000213623047,81.02999877929688,72.60000610351562,3917400,0.0,0.0,0.0
2023-11-01,80.80000305175781,81.01000213623047,80.80000305175781,80.9800033569336,72.76173400878906,7362900,0.23,0.0,0.0
2023-11-02,81.05999755859375,81.08000183105469,80.95999908447266,80.98999786376953,72.77070617675781,7828400,0.0,0.0,0.0
2023-11-03,81.18000030517578,81.25,81.11000061035156,81.20999908447266,72.96837615966797,8024300,0.0,0.0,0.0
2023-11-06,81.12999725341797,81.12999725341797,81.05999755859375,81.05999755859375,72.83360290527344,6061400,0.0,0.0,0.0
2023-11-07,81.08000183105469,81.16000366210938,81.06999969482422,81.12000274658203,72.88751983642578,4546600,0.0,0.0,0.0
2023-11-08,81.11000061035156,81.13999938964844,81.0999984741211,81.0999984741211,72.86952209472656,4422000,0.0,0.0,0.0
2023-11-09,81.12000274658203,81.12999725341797,80.9800033569336,80.9800033569336,72.76173400878906,6032900,0.0,0.0,0.0
2023-11-10,81.06999969482422,81.06999969482422,80.95999908447266,81.0,72.77970123291016,3916100,0.0,0.0,0.0
2023-11-13,80.95999908447266,81.02999877929688,80.94000244140625,81.02999877929688,72.80665588378906,7360300,0.0,0.0,0.0
2023-11-14,81.30000305175781,81.3499984741211,81.26000213623047,81.3499984741211,73.09417724609375,7956500,0.0,0.0,0.0
2023-11-15,81.23999786376953,81.25,81.16999816894531,81.19999694824219,72.95940399169922,5069400,0.0,0.0,0.0
2023-11-16,81.33000183105469,81.37999725341797,81.33000183105469,81.33999633789062,73.08517456054688,4086500,0.0,0.0,0.0
2023-11-17,81.31999969482422,81.33000183105469,81.26000213623047,81.27999877929688,73.03128051757812,3381800,0.0,0.0,0.0
2023-11-20,81.29000091552734,81.30000305175781,81.2699966430664,81.29000091552734,73.04026794433594,6247300,0.0,0.0,0.0
2023-11-21,81.33999633789062,81.37999725341797,81.31999969482422,81.33999633789062,73.08517456054688,2590400,0.0,0.0,0.0
2023-11-22,81.37999725341797,81.37999725341797,81.30000305175781,81.3499984741211,73.09417724609375,4803300,0.0,0.0,0.0
2023-11-24,81.30999755859375,81.31999969482422,81.27999877929688,81.29000091552734,73.04026794433594,1575200,0.0,0.0,0.0
2023-11-27,81.33000183105469,81.4000015258789,81.31999969482422,81.38999938964844,73.130126953125,4004100,0.0,0.0,0.0
2023-11-28,81.41000366210938,81.55999755859375,81.38999938964844,81.54000091552734,73.26490783691406,20921000,0.0,0.0,0.0
2023-11-29,81.66999816894531,81.73999786376953,81.6500015258789,81.69999694824219,73.40866088867188,4423100,0.0,0.0,0.0
2023-11-30,81.66999816894531,81.68000030517578,81.61000061035156,81.6500015258789,73.36372375488281,5204200,0.0,0.0,0.0
2023-12-01,81.41999816894531,81.6500015258789,81.41000366210938,81.63999938964844,73.57733154296875,11831100,0.247,0.0,0.0
2023-12-04,81.52999877929688,81.58000183105469,81.4800033569336,81.5199966430664,73.46916198730469,4431100,0.0,0.0,0.0
2023-12-05,81.55999755859375,81.6500015258789,81.54000091552734,81.62000274658203,73.55929565429688,12180000,0.0,0.0,0.0
2023-12-06,81.63999938964844,81.63999938964844,81.58999633789062,81.5999984741211,73.54127502441406,6794600,0.0,0.0,0.0
2023-12-07,81.66000366210938,81.69999694824219,81.6500015258789,81.66000366210938,73.59536743164062,4977800,0.0,0.0,0.0
2023-12-08,81.51000213623047,81.55999755859375,81.44999694824219,81.4800033569336,73.43313598632812,3367800,0.0,0.0,0.0
2023-12-11,81.44000244140625,81.5,81.41000366210938,81.5,73.45115661621094,2963900,0.0,0.0,0.0
2023-12-12,81.4800033569336,81.52999877929688,81.47000122070312,81.51000213623047,73.4601821899414,3268600,0.0,0.0,0.0
2023-12-13,81.56999969482422,81.94000244140625,81.54000091552734,81.91999816894531,73.82967376708984,10843800,0.0,0.0,0.0
2023-12-14,81.77999877929688,81.86000061035156,81.76000213623047,81.80000305175781,73.95625305175781,9304300,0.26,0.0,0.0
2023-12-15,81.73999786376953,81.77999877929688,81.68000030517578,81.70999908447266,73.87486267089844,7178300,0.0,0.0,0.0
2023-12-18,81.7300033569336,81.73999786376953,81.69000244140625,81.69999694824219,73.86582946777344,3760500,0.0,0.0,0.0
2023-12-19,81.69999694824219,81.75,81.69999694824219,81.7300033569336,73.89293670654297,5159300,0.0,0.0,0.0
2023-12-20,81.80999755859375,81.86000061035156,81.7699966430664,81.83999633789062,73.99240112304688,5164000,0.0,0.0,0.0
2023-12-21,81.97000122070312,81.9800033569336,81.88999938964844,81.91999816894531,74.06475067138672,6662900,0.0,0.0,0.0
2023-12-22,81.94999694824219,81.95999908447266,81.91000366210938,81.94999694824219,74.09186553955078,3387900,0.0,0.0,0.0
2023-12-26,81.9000015258789,81.94999694824219,81.88999938964844,81.91000366210938,74.05570220947266,2503100,0.0,0.0,0.0
2023-12-27,81.95999908447266,82.02999877929688,81.94999694824219,82.01000213623047,74.14610290527344,2584700,0.0,0.0,0.0
2023-12-28,82.02999877929688,82.04000091552734,81.98999786376953,82.0,74.1370620727539,2408600,0.0,0.0,0.0
2023-12-29,81.9800033569336,82.06999969482422,81.9800033569336,82.04000091552734,74.1732406616211,5075600,0.0,0.0,0.0
2024-01-02,81.94000244140625,81.97000122070312,81.93000030517578,81.94000244140625,74.08282470703125,4983500,0.0,0.0,0.0
2024-01-03,81.91000366210938,81.98999786376953,81.87999725341797,81.95999908447266,74.10091400146484,4336500,0.0,0.0,0.0
2024-01-04,81.91000366210938,81.94000244140625,81.88999938964844,81.91000366210938,74.05570220947266,2923700,0.0,0.0,0.0
2024-01-05,81.86000061035156,82.0199966430664,81.83999633789062,81.88999938964844,74.03762817382812,8105400,0.0,0.0,0.0
2024-01-08,81.93000030517578,82.05000305175781,81.91999816894531,81.95999908447266,74.10091400146484,4654900,0.0,0.0,0.0
2024-01-09,81.94999694824219,81.98999786376953,81.94000244140625,81.9800033569336,74.11897277832031,5227400,0.0,0.0,0.0
2024-01-10,82.02999877929688,82.02999877929688,81.97000122070312,81.9800033569336,74.11897277832031,6432200,0.0,0.0,0.0
2024-01-11,82.04000091552734,82.18000030517578,82.04000091552734,82.16999816894531,74.29077911376953,4904100,0.0,0.0,0.0
2024-01-12,82.33000183105469,82.37000274658203,82.29000091552734,82.33999633789062,74.4444580078125,6809700,0.0,0.0,0.0
2024-01-16,82.2699966430664,82.31999969482422,82.18000030517578,82.20999908447266,74.32691955566406,8427200,0.0,0.0,0.0
2024-01-17,82.08000183105469,82.08000183105469,82.0199966430664,82.05000305175781,74.1822738647461,6717400,0.0,0.0,0.0
2024-01-18,82.0999984741211,82.11000061035156,82.05999755859375,82.08999633789062,74.21844482421875,4490300,0.0,0.0,0.0
2024-01-19,82.02999877929688,82.05999755859375,81.98999786376953,82.02999877929688,74.16419219970703,5469300,0.0,0.0,0.0
2024-01-22,82.05999755859375,82.08999633789062,82.05000305175781,82.06999969482422,74.20037841796875,4607400,0.0,0.0,0.0
2024-01-23,82.04000091552734,82.06999969482422,82.0199966430664,82.05999755859375,74.19131469726562,3355600,0.0,0.0,0.0
2024-01-24,82.1500015258789,82.16000366210938,82.0199966430664,82.0199966430664,74.15516662597656,4708300,0.0,0.0,0.0
2024-01-25,82.12000274658203,82.19000244140625,82.11000061035156,82.16999816894531,74.29077911376953,5493200,0.0,0.0,0.0
2024-01-26,82.13999938964844,82.13999938964844,82.0999984741211,82.12000274658203,74.24555969238281,4654800,0.0,0.0,0.0
2024-01-29,82.16000366210938,82.20999908447266,82.16000366210938,82.19999694824219,74.3178939819336,3344700,0.0,0.0,0.0
2024-01-30,82.22000122070312,82.2300033569336,82.0999984741211,82.1500015258789,74.27268981933594,2345800,0.0,0.0,0.0
2024-01-31,82.2699966430664,82.38999938964844,82.22000122070312,82.30000305175781,74.40830993652344,7413100,0.0,0.0,0.0
2024-02-01,82.18000030517578,82.26000213623047,82.11000061035156,82.18000030517578,74.51892852783203,8288100,0.242,0.0,0.0
2024-02-02,81.93000030517578,81.97000122070312,81.87000274658203,81.91999816894531,74.28316497802734,8260700,0.0,0.0,0.0
2024-02-05,81.83000183105469,81.83999633789062,81.76000213623047,81.76000213623047,74.13809204101562,5968500,0.0,0.0,0.0
2024-02-06,81.80000305175781,81.91999816894531,81.80000305175781,81.88999938964844,74.25597381591797,3603400,0.0,0.0,0.0
2024-02-07,81.87000274658203,81.94999694824219,81.8499984741211,81.86000061035156,74.228759765625,3044100,0.0,0.0,0.0
2024-02-08,81.86000061035156,81.87999725341797,81.83000183105469,81.83999633789062,74.21060943603516,2233400,0.0,0.0,0.0
2024-02-09,81.79000091552734,81.81999969482422,81.79000091552734,81.80999755859375,74.18344116210938,2523900,0.0,0.0,0.0
2024-02-12,81.83999633789062,81.8499984741211,81.80999755859375,81.81999969482422,74.19248962402344,2730500,0.0,0.0,0.0
2024-02-13,81.6500015258789,81.66999816894531,81.55000305175781,81.55999755859375,73.95673370361328,5284900,0.0,0.0,0.0
2024-02-14,81.62000274658203,81.70999908447266,81.61000061035156,81.68000030517578,74.06553649902344,5431500,0.0,0.0,0.0
2024-02-15,81.77999877929688,81.80000305175781,81.72000122070312,81.76000213623047,74.13809204101562,3772500,0.0,0.0,0.0
2024-02-16,81.61000061035156,81.66000366210938,81.5999984741211,81.66000366210938,74.04741668701172,7850200,0.0,0.0,0.0
2024-02-20,81.73999786376953,81.7699966430664,81.70999908447266,81.70999908447266,74.09273529052734,6172800,0.0,0.0,0.0
2024-02-21,81.75,81.75,81.63999938964844,81.63999938964844,74.029296875,8590400,0.0,0.0,0.0
2024-02-22,81.63999938964844,81.69000244140625,81.5999984741211,81.62999725341797,74.02020263671875,15501400,0.0,0.0,0.0
2024-02-23,81.62000274658203,81.68000030517578,81.61000061035156,81.66999816894531,74.05647277832031,3869300,0.0,0.0,0.0
2024-02-26,81.6500015258789,81.66000366210938,81.58999633789062,81.61000061035156,74.0020751953125,4547200,0.0,0.0,0.0
2024-02-27,81.62999725341797,81.6500015258789,81.58999633789062,81.61000061035156,74.0020751953125,3432400,0.0,0.0,0.0
2024-02-28,81.66000366210938,81.69999694824219,81.6500015258789,81.69000244140625,74.07463073730469,3239500,0.0,0.0,0.0
2024-02-29,81.73999786376953,81.77999877929688,81.72000122070312,81.73999786376953,74.11994934082031,8833900,0.0,0.0,0.0
2024-03-01,81.54000091552734,81.68000030517578,81.48999786376953,81.66000366210938,74.2654800415039,4883100,0.24,0.0,0.0
2024-03-04,81.58999633789062,81.62000274658203,81.55000305175781,81.58000183105469,74.19268798828125,2416300,0.0,0.0,0.0
2024-03-05,81.63999938964844,81.69000244140625,81.61000061035156,81.63999938964844,74.24727630615234,4102800,0.0,0.0,0.0
2024-03-06,81.69000244140625,81.72000122070312,81.63999938964844,81.66000366210938,74.2654800415039,5338700,0.0,0.0,0.0
2024-03-07,81.7300033569336,81.76000213623047,81.69999694824219,81.76000213623047,74.35640716552734,2987700,0.0,0.0,0.0
2024-03-08,81.8499984741211,81.86000061035156,81.77999877929688,81.80000305175781,74.39278411865234,2387700,0.0,0.0,0.0
2024-03-11,81.76000213623047,81.7699966430664,81.72000122070312,81.7300033569336,74.32910919189453,3509600,0.0,0.0,0.0
2024-03-12,81.69000244140625,81.69999694824219,81.63999938964844,81.6500015258789,74.25637817382812,2260900,0.0,0.0,0.0
2024-03-13,81.6500015258789,81.66000366210938,81.61000061035156,81.61000061035156,74.21998596191406,2223300,0.0,0.0,0.0
2024-03-14,81.58000183105469,81.58999633789062,81.54000091552734,81.54000091552734,74.15632629394531,4085000,0.0,0.0,0.0
2024-03-15,81.51000213623047,81.52999877929688,81.48999786376953,81.48999786376953,74.11084747314453,3045500,0.0,0.0,0.0
2024-03-18,81.51000213623047,81.51000213623047,81.47000122070312,81.5,74.11996459960938,1971600,0.0,0.0,0.0
2024-03-19,81.55999755859375,81.58000183105469,81.54000091552734,81.56999969482422,74.18360900878906,1821700,0.0,0.0,0.0
2024-03-20,81.58000183105469,81.70999908447266,81.56999969482422,81.69999694824219,74.30183410644531,4769000,0.0,0.0,0.0
2024-03-21,81.72000122070312,81.73999786376953,81.69000244140625,81.69999694824219,74.30183410644531,3708500,0.0,0.0,0.0
2024-03-22,81.76000213623047,81.77999877929688,81.76000213623047,81.76000213623047,74.35640716552734,2038000,0.0,0.0,0.0
2024-03-25,81.75,81.76000213623047,81.72000122070312,81.72000122070312,74.32001495361328,3700600,0.0,0.0,0.0
2024-03-26,81.72000122070312,81.75,81.69999694824219,81.73999786376953,74.33820343017578,2183300,0.0,0.0,0.0
2024-03-27,81.80000305175781,81.8499984741211,81.80000305175781,81.83000183105469,74.42005157470703,2585300,0.0,0.0,0.0
2024-03-28,81.7699966430664,81.79000091552734,81.73999786376953,81.77999877929688,74.37460327148438,5702800,0.0,0.0,0.0
2024-04-01,81.4800033569336,81.48999786376953,81.33999633789062,81.33999633789062,74.21949005126953,4661800,0.27,0.0,0.0
2024-04-02,81.33999633789062,81.4000015258789,81.33000183105469,81.37999725341797,74.2559814453125,3485000,0.0,0.0,0.0
2024-04-03,81.3499984741211,81.44000244140625,81.33000183105469,81.44000244140625,74.3106918334961,2904100,0.0,0.0,0.0
2024-04-04,81.45999908447266,81.52999877929688,81.44000244140625,81.5199966430664,74.38373565673828,2806000,0.0,0.0,0.0
2024-04-05,81.43000030517578,81.47000122070312,81.37999725341797,81.38999938964844,74.2651138305664,3967100,0.0,0.0,0.0
2024-04-08,81.3499984741211,81.37000274658203,81.30999755859375,81.30999755859375,74.19210052490234,3335800,0.0,0.0,0.0
2024-04-09,81.37999725341797,81.41999816894531,81.37999725341797,81.38999938964844,74.2651138305664,2680500,0.0,0.0,0.0
2024-04-10,81.12999725341797,81.1500015258789,81.05000305175781,81.05999755859375,73.96398162841797,6329400,0.0,0.0,0.0
2024-04-11,81.16999816894531,81.16999816894531,81.0999984741211,81.16000366210938,74.05525970458984,6686500,0.0,0.0,0.0
2024-04-12,81.22000122070312,81.26000213623047,81.20999908447266,81.20999908447266,74.1008529663086,5387500,0.0,0.0,0.0
2024-04-15,81.11000061035156,81.18000030517578,81.06999969482422,81.18000030517578,74.07349395751953,4841300,0.0,0.0,0.0
2024-04-16,81.12000274658203,81.16000366210938,81.06999969482422,81.12999725341797,74.02784729003906,3062800,0.0,0.0,0.0
2024-04-17,81.16000366210938,81.22000122070312,81.1500015258789,81.19000244140625,74.0826416015625,3598900,0.0,0.0,0.0
2024-04-18,81.20999908447266,81.20999908447266,81.13999938964844,81.1500015258789,74.04611206054688,3279600,0.0,0.0,0.0
2024-04-19,81.19999694824219,81.19999694824219,81.16000366210938,81.16999816894531,74.0643539428711,2938200,0.0,0.0,0.0
2024-04-22,81.18000030517578,81.2300033569336,81.18000030517578,81.20999908447266,74.1008529663086,4174300,0.0,0.0,0.0
2024-04-23,81.19000244140625,81.30000305175781,81.18000030517578,81.27999877929688,74.16473388671875,3619000,0.0,0.0,0.0
2024-04-24,81.23999786376953,81.26000213623047,81.22000122070312,81.25,74.13734436035156,4299800,0.0,0.0,0.0
2024-04-25,81.18000030517578,81.20999908447266,81.16000366210938,81.19000244140625,74.0826416015625,4224200,0.0,0.0,0.0
2024-04-26,81.22000122070312,81.25,81.19999694824219,81.20999908447266,74.1008529663086,3071500,0.0,0.0,0.0
2024-04-29,81.23999786376953,81.26000213623047,81.2300033569336,81.25,74.13734436035156,2259600,0.0,0.0,0.0
2024-04-30,81.19000244140625,81.22000122070312,81.1500015258789,81.1500015258789,74.04611206054688,6420900,0.0,0.0,0.0
2024-05-01,80.94999694824219,81.08000183105469,80.91000366210938,81.05000305175781,74.19441986083984,8032700,0.262,0.0,0.0
2024-05-02,81.08000183105469,81.18000030517578,81.06999969482422,81.16999816894531,74.30426025390625,3750700,0.0,0.0,0.0
2024-05-03,81.3499984741211,81.38999938964844,81.26000213623047,81.30000305175781,74.42327117919922,4960200,0.0,0.0,0.0
2024-05-06,81.30999755859375,81.30999755859375,81.2699966430664,81.29000091552734,74.41412353515625,2960700,0.0,0.0,0.0
2024-05-07,81.30999755859375,81.33000183105469,81.27999877929688,81.30000305175781,74.42327117919922,2706200,0.0,0.0,0.0
2024-05-08,81.27999877929688,81.30999755859375,81.27999877929688,81.27999877929688,74.40495300292969,2308800,0.0,0.0,0.0
2024-05-09,81.33000183105469,81.37000274658203,81.33000183105469,81.3499984741211,74.46904754638672,2160200,0.0,0.0,0.0
2024-05-10,81.33999633789062,81.33999633789062,81.27999877929688,81.27999877929688,74.40495300292969,1866100,0.0,0.0,0.0
2024-05-13,81.3499984741211,81.3499984741211,81.30000305175781,81.30000305175781,74.42327117919922,2442600,0.0,0.0,0.0
2024-05-14,81.36000061035156,81.37999725341797,81.3499984741211,81.37999725341797,74.49649810791016,2319500,0.0,0.0,0.0
2024-05-15,81.48999786376953,81.52999877929688,81.47000122070312,81.52999877929688,74.6338119506836,3248400,0.0,0.0,0.0
2024-05-16,81.51000213623047,81.5199966430664,81.45999908447266,81.47000122070312,74.5788803100586,2978300,0.0,0.0,0.0
2024-05-17,81.45999908447266,81.47000122070312,81.41999816894531,81.41999816894531,74.53314208984375,2758000,0.0,0.0,0.0
2024-05-20,81.43000030517578,81.43000030517578,81.4000015258789,81.4000015258789,74.51481628417969,2445200,0.0,0.0,0.0
2024-05-21,81.44000244140625,81.45999908447266,81.44000244140625,81.44000244140625,74.5513916015625,1991300,0.0,0.0,0.0
2024-05-22,81.4000015258789,81.41999816894531,81.37999725341797,81.37999725341797,74.49649810791016,3051100,0.0,0.0,0.0
2024-05-23,81.43000030517578,81.43000030517578,81.33000183105469,81.33999633789062,74.45989227294922,3473500,0.0,0.0,0.0
2024-05-24,81.33999633789062,81.37000274658203,81.33000183105469,81.37000274658203,74.48733520507812,3041000,0.0,0.0,0.0
2024-05-28,81.4000015258789,81.41000366210938,81.30000305175781,81.30000305175781,74.42327117919922,2889800,0.0,0.0,0.0
2024-05-29,81.31999969482422,81.31999969482422,81.25,81.2699966430664,74.39582061767578,2441700,0.0,0.0,0.0
2024-05-30,81.33999633789062,81.37000274658203,81.33000183105469,81.36000061035156,74.4781723022461,3711400,0.0,0.0,0.0
2024-05-31,81.41999816894531,81.4800033569336,81.41000366210938,81.47000122070312,74.5788803100586,2923000,0.0,0.0,0.0
2024-06-03,81.20999908447266,81.30000305175781,81.20999908447266,81.30000305175781,74.66338348388672,5533700,0.262,0.0,0.0
2024-06-04,81.3499984741211,81.41000366210938,81.33999633789062,81.37999725341797,74.73686218261719,2133300,0.0,0.0,0.0
2024-06-05,81.41000366210938,81.45999908447266,81.3499984741211,81.45999908447266,74.81031036376953,2577600,0.0,0.0,0.0
2024-06-06,81.44999694824219,81.4800033569336,81.44000244140625,81.47000122070312,74.81949615478516,3346500,0.0,0.0,0.0
2024-06-07,81.33999633789062,81.33999633789062,81.26000213623047,81.26000213623047,74.62664794921875,3524300,0.0,0.0,0.0
2024-06-10,81.2699966430664,81.29000091552734,81.26000213623047,81.2699966430664,74.63581848144531,2952900,0.0,0.0,0.0
2024-06-11,81.33000183105469,81.37000274658203,81.30000305175781,81.36000061035156,74.7184829711914,3755800,0.0,0.0,0.0
2024-06-12,81.5999984741211,81.61000061035156,81.47000122070312,81.47000122070312,74.81949615478516,3409200,0.0,0.0,0.0
2024-06-13,81.56999969482422,81.62999725341797,81.55000305175781,81.5999984741211,74.93888092041016,2473800,0.0,0.0,0.0
2024-06-14,81.63999938964844,81.6500015258789,81.61000061035156,81.61000061035156,74.94806671142578,2854900,0.0,0.0,0.0
2024-06-17,81.55999755859375,81.58000183105469,81.52999877929688,81.52999877929688,74.8746109008789,1272200,0.0,0.0,0.0
2024-06-18,81.62000274658203,81.68000030517578,81.61000061035156,81.63999938964844,74.9756088256836,2182800,0.0,0.0,0.0
2024-06-20,81.58999633789062,81.62000274658203,81.56999969482422,81.61000061035156,74.94806671142578,2618200,0.0,0.0,0.0
2024-06-21,81.66999816894531,81.69000244140625,81.62000274658203,81.63999938964844,74.9756088256836,2020500,0.0,0.0,0.0
2024-06-24,81.6500015258789,81.66000366210938,81.62999725341797,81.6500015258789,74.98480987548828,1576500,0.0,0.0,0.0
2024-06-25,81.66000366210938,81.66999816894531,81.62999725341797,81.66000366210938,74.99398803710938,2618100,0.0,0.0,0.0
2024-06-26,81.61000061035156,81.62000274658203,81.58000183105469,81.58000183105469,74.9205322265625,2329000,0.0,0.0,0.0
2024-06-27,81.62999725341797,81.66999816894531,81.62000274658203,81.63999938964844,74.9756088256836,1675800,0.0,0.0,0.0
2024-06-28,81.7300033569336,81.75,81.63999938964844,81.6500015258789,74.98480987548828,3894800,0.0,0.0,0.0
2024-07-01,81.31999969482422,81.36000061035156,81.29000091552734,81.30999755859375,74.92030334472656,3672100,0.27,0.0,0.0
2024-07-02,81.4000015258789,81.41999816894531,81.37000274658203,81.37999725341797,74.98480987548828,2468800,0.0,0.0,0.0
2024-07-03,81.41000366210938,81.5199966430664,81.41000366210938,81.5,75.09537506103516,1772800,0.0,0.0,0.0
2024-07-05,81.58999633789062,81.6500015258789,81.58000183105469,81.6500015258789,75.23357391357422,2171900,0.0,0.0,0.0
2024-07-08,81.62999725341797,81.63999938964844,81.61000061035156,81.63999938964844,75.22435760498047,2236000,0.0,0.0,0.0
2024-07-09,81.62999725341797,81.6500015258789,81.58999633789062,81.62000274658203,75.2059555053711,7304200,0.0,0.0,0.0
2024-07-10,81.66999816894531,81.66999816894531,81.62999725341797,81.6500015258789,75.23357391357422,2505700,0.0,0.0,0.0
2024-07-11,81.83000183105469,81.86000061035156,81.80999755859375,81.83999633789062,75.40866088867188,5810700,0.0,0.0,0.0
2024-07-12,81.88999938964844,81.95999908447266,81.87999725341797,81.95999908447266,75.51924133300781,3170300,0.0,0.0,0.0
2024-07-15,81.94999694824219,81.98999786376953,81.93000030517578,81.95999908447266,75.51924133300781,3380600,0.0,0.0,0.0
2024-07-16,81.94999694824219,82.0,81.93000030517578,81.98999786376953,75.54688262939453,2562400,0.0,0.0,0.0
2024-07-17,81.94000244140625,82.0,81.93000030517578,82.0,75.55609893798828,2701000,0.0,0.0,0.0
2024-07-18,81.98999786376953,82.01000213623047,81.94999694824219,81.95999908447266,75.51924133300781,3111100,0.0,0.0,0.0
2024-07-19,81.94000244140625,81.94999694824219,81.91999816894531,81.91999816894531,75.48239135742188,2041700,0.0,0.0,0.0
2024-07-22,81.91999816894531,81.93000030517578,81.88999938964844,81.93000030517578,75.49156951904297,2429500,0.0,0.0,0.0
2024-07-23,81.95999908447266,82.0,81.94000244140625,81.97000122070312,75.52848052978516,2133400,0.0,0.0,0.0
2024-07-24,82.05999755859375,82.08999633789062,82.01000213623047,82.01000213623047,75.5653076171875,4871200,0.0,0.0,0.0
2024-07-25,82.04000091552734,82.08999633789062,82.0,82.0199966430664,75.57449340820312,4907000,0.0,0.0,0.0
2024-07-26,82.12999725341797,82.13999938964844,82.11000061035156,82.12999725341797,75.67584228515625,1591000,0.0,0.0,0.0
2024-07-29,82.1500015258789,82.16000366210938,82.11000061035156,82.13999938964844,75.68508911132812,4588200,0.0,0.0,0.0
2024-07-30,82.16000366210938,82.19999694824219,82.12000274658203,82.16999816894531,75.71273040771484,3108100,0.0,0.0,0.0
2024-07-31,82.22000122070312,82.33999633789062,82.1500015258789,82.33999633789062,75.8693618774414,3403900,0.0,0.0,0.0
2024-08-01,82.0999984741211,82.2300033569336,82.08999633789062,82.20999908447266,76.0006332397461,5052500,0.272,0.0,0.0
2024-08-02,82.54000091552734,82.69000244140625,82.5199966430664,82.66999816894531,76.4258804321289,5001400,0.0,0.0,0.0
2024-08-05,82.87000274658203,82.91000366210938,82.58000183105469,82.6500015258789,76.40740203857422,15588100,0.0,0.0,0.0
2024-08-06,82.62999725341797,82.62999725341797,82.47000122070312,82.55000305175781,76.31494903564453,12849200,0.0,0.0,0.0
2024-08-07,82.48999786376953,82.55000305175781,82.44000244140625,82.5,76.26873016357422,5778900,0.0,0.0,0.0
2024-08-08,82.4000015258789,82.47000122070312,82.38999938964844,82.45999908447266,76.23175811767578,3622000,0.0,0.0,0.0
2024-08-09,82.5199966430664,82.52999877929688,82.44000244140625,82.4800033569336,76.25023651123047,5079400,0.0,0.0,0.0
2024-08-12,82.45999908447266,82.55000305175781,82.44999694824219,82.52999877929688,76.29647064208984,3745600,0.0,0.0,0.0
2024-08-13,82.62999725341797,82.66000366210938,82.61000061035156,82.66000366210938,76.4166488647461,3856100,0.0,0.0,0.0
2024-08-14,82.61000061035156,82.69000244140625,82.5999984741211,82.6500015258789,76.40740203857422,4780700,0.0,0.0,0.0
2024-08-15,82.45999908447266,82.48999786376953,82.41999816894531,82.44999694824219,76.2225112915039,3164700,0.0,0.0,0.0
2024-08-16,82.54000091552734,82.54000091552734,82.45999908447266,82.54000091552734,76.30570983886719,2987100,0.0,0.0,0.0
2024-08-19,82.5199966430664,82.56999969482422,82.5199966430664,82.5199966430664,76.28721618652344,2839700,0.0,0.0,0.0
2024-08-20,82.61000061035156,82.63999938964844,82.58999633789062,82.63999938964844,76.39815521240234,1882600,0.0,0.0,0.0
2024-08-21,82.69999694824219,82.80000305175781,82.62999725341797,82.7300033569336,76.48135375976562,3914500,0.0,0.0,0.0
2024-08-22,82.68000030517578,82.69000244140625,82.62000274658203,82.62000274658203,76.37966918945312,4181300,0.0,0.0,0.0
2024-08-23,82.69000244140625,82.80999755859375,82.6500015258789,82.80999755859375,76.55530548095703,3896800,0.0,0.0,0.0
2024-08-26,82.83999633789062,82.83999633789062,82.7699966430664,82.7699966430664,76.5183334350586,1896600,0.0,0.0,0.0
2024-08-27,82.76000213623047,82.83999633789062,82.76000213623047,82.81999969482422,76.5645523071289,4067400,0.0,0.0,0.0
2024-08-28,82.83999633789062,82.86000061035156,82.80999755859375,82.80999755859375,76.55530548095703,3126600,0.0,0.0,0.0
2024-08-29,82.80999755859375,82.80999755859375,82.77999877929688,82.80000305175781,76.54607391357422,2397100,0.0,0.0,0.0
2024-08-30,82.81999969482422,82.8499984741211,82.79000091552734,82.80000305175781,76.54607391357422,2781300,0.0,0.0,0.0
2024-09-03,82.56999969482422,82.63999938964844,82.56999969482422,82.5999984741211,76.6277084350586,3718600,0.288,0.0,0.0
2024-09-04,82.66000366210938,82.79000091552734,82.6500015258789,82.77999877929688,76.79468536376953,2731100,0.0,0.0,0.0
2024-09-05,82.86000061035156,82.86000061035156,82.75,82.80999755859375,76.8225326538086,8628200,0.0,0.0,0.0
2024-09-06,82.9000015258789,83.05999755859375,82.80999755859375,82.95999908447266,76.9616928100586,6478400,0.0,0.0,0.0
2024-09-09,82.94999694824219,82.98999786376953,82.91999816894531,82.97000122070312,76.97096252441406,9361700,0.0,0.0,0.0
2024-09-10,82.98999786376953,83.08999633789062,82.9800033569336,83.08999633789062,77.082275390625,6833800,0.0,0.0,0.0
2024-09-11,83.0,83.12999725341797,83.0,83.0199966430664,77.01731872558594,3679100,0.0,0.0,0.0
2024-09-12,83.02999877929688,83.05000305175781,82.94999694824219,83.02999877929688,77.02660369873047,2599000,0.0,0.0,0.0
2024-09-13,83.16000366210938,83.16999816894531,83.11000061035156,83.1500015258789,77.137939453125,3964000,0.0,0.0,0.0
2024-09-16,83.19999694824219,83.22000122070312,83.16000366210938,83.19999694824219,77.18433380126953,2861100,0.0,0.0,0.0
2024-09-17,83.16000366210938,83.16999816894531,83.12000274658203,83.13999938964844,77.128662109375,3015200,0.0,0.0,0.0
2024-09-18,83.0999984741211,83.23999786376953,83.05000305175781,83.11000061035156,77.10084533691406,4413300,0.0,0.0,0.0
2024-09-19,83.13999938964844,83.18000030517578,83.12000274658203,83.18000030517578,77.165771484375,2892600,0.0,0.0,0.0
2024-09-20,83.16000366210938,83.2300033569336,83.12000274658203,83.20999908447266,77.19361114501953,4082500,0.0,0.0,0.0
2024-09-23,83.19000244140625,83.23999786376953,83.1500015258789,83.20999908447266,77.19361114501953,5030800,0.0,0.0,0.0
2024-09-24,83.2300033569336,83.30000305175781,83.19999694824219,83.29000091552734,77.267822265625,8947900,0.0,0.0,0.0
2024-09-25,83.2699966430664,83.27999877929688,83.22000122070312,83.22000122070312,77.202880859375,4829100,0.0,0.0,0.0
2024-09-26,83.22000122070312,83.2300033569336,83.13999938964844,83.13999938964844,77.128662109375,2321800,0.0,0.0,0.0
2024-09-27,83.22000122070312,83.27999877929688,83.19999694824219,83.2699966430664,77.24925231933594,3208500,0.0,0.0,0.0
2024-09-30,83.22000122070312,83.23999786376953,83.12999725341797,83.1500015258789,77.137939453125,5176000,0.0,0.0,0.0
2024-10-01,82.93000030517578,83.01000213623047,82.91999816894531,82.93000030517578,77.18727111816406,4955500,0.273,0.0,0.0
2024-10-02,82.88999938964844,82.94000244140625,82.87999725341797,82.91000366210938,77.16866302490234,5697700,0.0,0.0,0.0
2024-10-03,82.87000274658203,82.87999725341797,82.80000305175781,82.80000305175781,77.06626892089844,6480000,0.0,0.0,0.0
2024-10-04,82.58999633789062,82.63999938964844,82.5,82.5199966430664,76.80564880371094,4013000,0.0,0.0,0.0
2024-10-07,82.4000015258789,82.45999908447266,82.4000015258789,82.41000366210938,76.70330047607422,5052100,0.0,0.0,0.0
2024-10-08,82.44000244140625,82.4800033569336,82.41999816894531,82.4800033569336,76.7684326171875,6423500,0.0,0.0,0.0
2024-10-09,82.45999908447266,82.45999908447266,82.38999938964844,82.4000015258789,76.69398498535156,4166800,0.0,0.0,0.0
2024-10-10,82.47000122070312,82.5,82.38999938964844,82.47000122070312,76.75914001464844,3859500,0.0,0.0,0.0
2024-10-11,82.5199966430664,82.55999755859375,82.5,82.54000091552734,76.82428741455078,3367200,0.0,0.0,0.0
2024-10-14,82.4800033569336,82.5,82.44000244140625,82.5,76.78705596923828,1849500,0.0,0.0,0.0
2024-10-15,82.56999969482422,82.58000183105469,82.5199966430664,82.54000091552734,76.82428741455078,3387000,0.0,0.0,0.0
2024-10-16,82.58999633789062,82.61000061035156,82.56999969482422,82.58999633789062,76.87083435058594,2130700,0.0,0.0,0.0
2024-10-17,82.52999877929688,82.54000091552734,82.5,82.5199966430664,76.80564880371094,2469600,0.0,0.0,0.0
2024-10-18,82.58999633789062,82.61000061035156,82.56999969482422,82.58999633789062,76.87083435058594,1725600,0.0,0.0,0.0
2024-10-21,82.55999755859375,82.55999755859375,82.47000122070312,82.47000122070312,76.75914001464844,3474300,0.0,0.0,0.0
2024-10-22,82.5,82.51000213623047,82.44000244140625,82.45999908447266,76.74981689453125,4333300,0.0,0.0,0.0
2024-10-23,82.44000244140625,82.44000244140625,82.4000015258789,82.41000366210938,76.70330047607422,3303900,0.0,0.0,0.0
2024-10-24,82.44999694824219,82.48999786376953,82.41999816894531,82.44999694824219,76.74050903320312,2444500,0.0,0.0,0.0
2024-10-25,82.5,82.52999877929688,82.41000366210938,82.41999816894531,76.71260070800781,2453000,0.0,0.0,0.0
2024-10-28,82.44000244140625,82.44000244140625,82.3499984741211,82.37999725341797,76.67535400390625,2886400,0.0,0.0,0.0
2024-10-29,82.3499984741211,82.43000030517578,82.33000183105469,82.41000366210938,76.70330047607422,2920500,0.0,0.0,0.0
2024-10-30,82.41999816894531,82.47000122070312,82.33999633789062,82.33999633789062,76.63812255859375,2949300,0.0,0.0,0.0
2024-10-31,82.33000183105469,82.38999938964844,82.29000091552734,82.36000061035156,76.65674591064453,3751500,0.0,0.0,0.0
2024-11-01,82.18000030517578,82.19999694824219,82.02999877929688,82.05000305175781,76.63153076171875,5598400,0.283,0.0,0.0
2024-11-04,82.1500015258789,82.16999816894531,82.08999633789062,82.11000061035156,76.68755340576172,2400700,0.0,0.0,0.0
2024-11-05,82.11000061035156,82.11000061035156,82.01000213623047,82.08999633789062,76.66887664794922,2808600,0.0,0.0,0.0
2024-11-06,81.94999694824219,82.01000213623047,81.94000244140625,81.98999786376953,76.57548522949219,6637800,0.0,0.0,0.0
2024-11-07,82.05000305175781,82.12999725341797,82.0199966430664,82.12999725341797,76.70624542236328,10555500,0.0,0.0,0.0
2024-11-08,82.12000274658203,82.1500015258789,82.04000091552734,82.06999969482422,76.65021514892578,3935000,0.0,0.0,0.0
2024-11-11,81.98999786376953,82.01000213623047,81.98999786376953,82.01000213623047,76.59418487548828,1567900,0.0,0.0,0.0
2024-11-12,81.94999694824219,81.9800033569336,81.9000015258789,81.93000030517578,76.51944732666016,4609900,0.0,0.0,0.0
2024-11-13,82.08000183105469,82.08000183105469,82.0,82.05000305175781,76.63153076171875,2909700,0.0,0.0,0.0
2024-11-14,82.06999969482422,82.08999633789062,81.91999816894531,81.93000030517578,76.51944732666016,4405400,0.0,0.0,0.0
2024-11-15,81.95999908447266,82.08999633789062,81.93000030517578,82.0199966430664,76.603515625,3299800,0.0,0.0,0.0
2024-11-18,82.05000305175781,82.08000183105469,82.0199966430664,82.08000183105469,76.6595458984375,2645000,0.0,0.0,0.0
2024-11-19,82.12000274658203,82.12999725341797,82.08000183105469,82.08000183105469,76.6595458984375,2655600,0.0,0.0,0.0
2024-11-20,82.05999755859375,82.08999633789062,82.04000091552734,82.04000091552734,76.62218475341797,3362300,0.0,0.0,0.0
2024-11-21,82.05000305175781,82.08999633789062,82.0,82.0199966430664,76.603515625,2565700,0.0,0.0,0.0
2024-11-22,82.04000091552734,82.05999755859375,82.0,82.01000213623047,76.59418487548828,2352200,0.0,0.0,0.0
2024-11-25,82.12000274658203,82.16999816894531,82.0999984741211,82.16999816894531,76.74361419677734,3579100,0.0,0.0,0.0
2024-11-26,82.1500015258789,82.16999816894531,82.0999984741211,82.16999816894531,76.74361419677734,6597200,0.0,0.0,0.0
2024-11-27,82.25,82.26000213623047,82.20999908447266,82.22000122070312,76.79029083251953,2463400,0.0,0.0,0.0
2024-11-29,82.30999755859375,82.33000183105469,82.30000305175781,82.31999969482422,76.88371276855469,1597600,0.0,0.0,0.0
2024-12-02,82.01000213623047,82.08000183105469,81.9800033569336,82.05000305175781,76.8790054321289,5102300,0.265,0.0,0.0
2024-12-03,82.0999984741211,82.11000061035156,82.04000091552734,82.05999755859375,76.88838958740234,3950600,0.0,0.0,0.0
2024-12-04,82.04000091552734,82.16999816894531,82.04000091552734,82.1500015258789,76.97272491455078,3935400,0.0,0.0,0.0
2024-12-05,82.0999984741211,82.1500015258789,82.08999633789062,82.1500015258789,76.97272491455078,2517700,0.0,0.0,0.0
2024-12-06,82.26000213623047,82.2699966430664,82.20999908447266,82.2300033569336,77.04767608642578,5705800,0.0,0.0,0.0
2024-12-09,82.2300033569336,82.2300033569336,82.19999694824219,82.19999694824219,77.01956176757812,4641600,0.0,0.0,0.0
2024-12-10,82.19000244140625,82.19999694824219,82.1500015258789,82.19000244140625,77.01021575927734,2919500,0.0,0.0,0.0
2024-12-11,82.25,82.2699966430664,82.16999816894531,82.16999816894531,76.991455078125,2453000,0.0,0.0,0.0
2024-12-12,82.19000244140625,82.19999694824219,82.12999725341797,82.12999725341797,76.95397186279297,3185000,0.0,0.0,0.0
2024-12-13,82.13999938964844,82.1500015258789,82.08999633789062,82.08999633789062,76.91648864746094,2420800,0.0,0.0,0.0
2024-12-16,82.12000274658203,82.12999725341797,82.08999633789062,82.0999984741211,76.92584991455078,2930300,0.0,0.0,0.0
2024-12-17,82.08999633789062,82.12999725341797,82.08999633789062,82.11000061035156,76.93521118164062,2492600,0.0,0.0,0.0
2024-12-18,81.87000274658203,81.88999938964844,81.66999816894531,81.68000030517578,76.794189453125,6931400,0.28,0.0,0.0
2024-12-19,81.7300033569336,81.77999877929688,81.70999908447266,81.7699966430664,76.87882232666016,12522700,0.0,0.0,0.0
2024-12-20,81.8499984741211,81.8499984741211,81.7699966430664,81.77999877929688,76.88819885253906,3495400,0.0,0.0,0.0
2024-12-23,81.76000213623047,81.77999877929688,81.7300033569336,81.7300033569336,76.8412094116211,2933800,0.0,0.0,0.0
2024-12-24,81.73999786376953,81.7699966430664,81.7300033569336,81.7699966430664,76.87882232666016,1583800,0.0,0.0,0.0
2024-12-26,81.73999786376953,81.80000305175781,81.7300033569336,81.79000091552734,76.89761352539062,1758100,0.0,0.0,0.0
2024-12-27,81.81999969482422,81.8499984741211,81.80999755859375,81.80999755859375,76.91644287109375,3668600,0.0,0.0,0.0
2024-12-30,81.9000015258789,81.94000244140625,81.9000015258789,81.93000030517578,77.02922821044922,7397300,0.0,0.0,0.0
2024-12-31,81.98999786376953,82.0,81.94000244140625,81.9800033569336,77.07624816894531,3167100,0.0,0.0,0.0
2025-01-02,82.0,82.01000213623047,81.93000030517578,81.95999908447266,77.05744171142578,3948300,0.0,0.0,0.0
2025-01-03,82.0,82.01000213623047,81.94000244140625,81.95999908447266,77.05744171142578,2804100,0.0,0.0,0.0
2025-01-06,81.95999908447266,81.98999786376953,81.94000244140625,81.9800033569336,77.07624816894531,2324300,0.0,0.0,0.0
2025-01-07,81.97000122070312,81.98999786376953,81.9000015258789,81.93000030517578,77.02922821044922,4035500,0.0,0.0,0.0
2025-01-08,81.94999694824219,81.98999786376953,81.94999694824219,81.9800033569336,77.07624816894531,2747600,0.0,0.0,0.0
2025-01-10,81.93000030517578,81.94000244140625,81.83000183105469,81.83000183105469,76.93521881103516,6188500,0.0,0.0,0.0
2025-01-13,81.83999633789062,81.8499984741211,81.80999755859375,81.8499984741211,76.95403289794922,4855000,0.0,0.0,0.0
2025-01-14,81.87999725341797,81.88999938964844,81.86000061035156,81.87000274658203,76.97283172607422,2281900,0.0,0.0,0.0
2025-01-15,82.04000091552734,82.05000305175781,82.01000213623047,82.05000305175781,77.1420669555664,3694300,0.0,0.0,0.0
2025-01-16,82.01000213623047,82.12000274658203,82.0,82.0999984741211,77.18907165527344,4775000,0.0,0.0,0.0
2025-01-17,82.11000061035156,82.12000274658203,82.06999969482422,82.08000183105469,77.17027282714844,2248500,0.0,0.0,0.0
2025-01-21,82.11000061035156,82.12000274658203,82.05999755859375,82.11000061035156,77.19847106933594,2400400,0.0,0.0,0.0
2025-01-22,82.11000061035156,82.12000274658203,82.05999755859375,82.08999633789062,77.17967224121094,2706800,0.0,0.0,0.0
2025-01-23,82.05999755859375,82.11000061035156,82.05999755859375,82.08999633789062,77.17967224121094,3378500,0.0,0.0,0.0
2025-01-24,82.13999938964844,82.19000244140625,82.12000274658203,82.13999938964844,77.22669982910156,2190000,0.0,0.0,0.0
2025-01-27,82.27999877929688,82.29000091552734,82.22000122070312,82.26000213623047,77.3395004272461,3639700,0.0,0.0,0.0
2025-01-28,82.23999786376953,82.27999877929688,82.2300033569336,82.27999877929688,77.35831451416016,2980500,0.0,0.0,0.0
2025-01-29,82.29000091552734,82.29000091552734,82.19000244140625,82.2300033569336,77.31130981445312,2849200,0.0,0.0,0.0
2025-01-30,82.2699966430664,82.30000305175781,82.26000213623047,82.27999877929688,77.35831451416016,1956300,0.0,0.0,0.0
2025-01-31,82.29000091552734,82.31999969482422,82.26000213623047,82.29000091552734,77.36772155761719,2987300,0.0,0.0,0.0
2025-02-03,81.98999786376953,82.04000091552734,81.94000244140625,81.95999908447266,77.31393432617188,3483200,0.273,0.0,0.0
2025-02-04,81.95999908447266,82.04000091552734,81.95999908447266,82.04000091552734,77.38941192626953,3232500,0.0,0.0,0.0
2025-02-05,82.06999969482422,82.12999725341797,82.06999969482422,82.08999633789062,77.43657684326172,3456200,0.0,0.0,0.0
2025-02-06,82.05999755859375,82.08999633789062,82.05000305175781,82.05999755859375,77.40827941894531,2083200,0.0,0.0,0.0
2025-02-07,82.0199966430664,82.02999877929688,81.97000122070312,81.97000122070312,77.32337188720703,3488900,0.0,0.0,0.0
2025-02-10,82.0199966430664,82.04000091552734,82.0,82.01000213623047,77.3611068725586,2573000,0.0,0.0,0.0
2025-02-11,81.9800033569336,82.01000213623047,81.9800033569336,81.98999786376953,77.34225463867188,2861900,0.0,0.0,0.0
2025-02-12,81.91000366210938,81.91999816894531,81.87000274658203,81.87999725341797,77.23847961425781,4537400,0.0,0.0,0.0
2025-02-13,81.97000122070312,82.0,81.95999908447266,81.98999786376953,77.34225463867188,3512000,0.0,0.0,0.0
2025-02-14,82.0999984741211,82.12999725341797,82.08000183105469,82.0999984741211,77.44600677490234,3120500,0.0,0.0,0.0
2025-02-18,82.06999969482422,82.08000183105469,82.02999877929688,82.02999877929688,77.3799819946289,2824100,0.0,0.0,0.0
2025-02-19,82.04000091552734,82.08999633789062,82.04000091552734,82.08999633789062,77.43657684326172,2694600,0.0,0.0,0.0
2025-02-20,82.11000061035156,82.13999938964844,82.0999984741211,82.0999984741211,77.44600677490234,2106500,0.0,0.0,0.0
2025-02-21,82.13999938964844,82.26000213623047,82.13999938964844,82.23999786376953,77.57807922363281,3614000,0.0,0.0,0.0
2025-02-24,82.2300033569336,82.30000305175781,82.22000122070312,82.30000305175781,77.6346664428711,2497300,0.0,0.0,0.0
2025-02-25,82.37999725341797,82.44000244140625,82.37000274658203,82.41000366210938,77.73846435546875,3632100,0.0,0.0,0.0
2025-02-26,82.41000366210938,82.45999908447266,82.37000274658203,82.44000244140625,77.76673889160156,2280100,0.0,0.0,0.0
2025-02-27,82.41000366210938,82.4800033569336,82.4000015258789,82.47000122070312,77.79502868652344,4639500,0.0,0.0,0.0
2025-02-28,82.52999877929688,82.62000274658203,82.5,82.62000274658203,77.93653106689453,4383100,0.0,0.0,0.0
2025-03-03,82.30000305175781,82.43000030517578,82.29000091552734,82.41999816894531,77.9866714477539,5333700,0.253,0.0,0.0
2025-03-04,82.51000213623047,82.58000183105469,82.4000015258789,82.43000030517578,77.99613189697266,5198900,0.0,0.0,0.0
2025-03-05,82.4800033569336,82.5,82.33000183105469,82.33999633789062,77.9109878540039,4304600,0.0,0.0,0.0
2025-03-06,82.37999725341797,82.43000030517578,82.33000183105469,82.38999938964844,77.95829010009766,4557400,0.0,0.0,0.0
2025-03-07,82.5,82.5199966430664,82.33999633789062,82.37999725341797,77.9488296508789,3499300,0.0,0.0,0.0
2025-03-10,82.48999786376953,82.55999755859375,82.45999908447266,82.52999877929688,78.09075164794922,4644400,0.0,0.0,0.0
2025-03-11,82.52999877929688,82.5999984741211,82.47000122070312,82.4800033569336,78.04345703125,4668500,0.0,0.0,0.0
2025-03-12,82.41999816894531,82.4800033569336,82.4000015258789,82.41999816894531,77.9866714477539,3475800,0.0,0.0,0.0
2025-03-13,82.41999816894531,82.5199966430664,82.38999938964844,82.4800033569336,78.04345703125,2946600,0.0,0.0,0.0
2025-03-14,82.48999786376953,82.48999786376953,82.41000366210938,82.41999816894531,77.9866714477539,3932500,0.0,0.0,0.0
2025-03-17,82.4000015258789,82.44999694824219,82.37000274658203,82.38999938964844,77.95829010009766,4582600,0.0,0.0,0.0
2025-03-18,82.37999725341797,82.43000030517578,82.37999725341797,82.38999938964844,77.95829010009766,3438500,0.0,0.0,0.0
2025-03-19,82.37000274658203,82.51000213623047,82.33999633789062,82.51000213623047,78.07183074951172,3886300,0.0,0.0,0.0
2025-03-20,82.5999984741211,82.5999984741211,82.5199966430664,82.52999877929688,78.09075164794922,3039300,0.0,0.0,0.0
2025-03-21,82.62000274658203,82.63999938964844,82.58000183105469,82.58000183105469,78.13807678222656,3172500,0.0,0.0,0.0
2025-03-24,82.54000091552734,82.54000091552734,82.45999908447266,82.47000122070312,78.03399658203125,2351300,0.0,0.0,0.0
2025-03-25,82.48999786376953,82.54000091552734,82.4800033569336,82.5,78.06238555908203,2711400,0.0,0.0,0.0
2025-03-26,82.48999786376953,82.5199966430664,82.4800033569336,82.4800033569336,78.04345703125,3684800,0.0,0.0,0.0
2025-03-27,82.5199966430664,82.55000305175781,82.5,82.5199966430664,78.08128356933594,2187600,0.0,0.0,0.0
2025-03-28,82.58999633789062,82.69000244140625,82.58999633789062,82.66999816894531,78.22322082519531,4087900,0.0,0.0,0.0
2025-03-31,82.73999786376953,82.7699966430664,82.66000366210938,82.7300033569336,78.27999877929688,4593200,0.0,0.0,0.0
2025-04-01,82.45999908447266,82.5199966430664,82.44000244140625,82.4800033569336,78.30847930908203,4326400,0.28,0.0,0.0
2025-04-02,82.52999877929688,82.52999877929688,82.38999938964844,82.41999816894531,78.25151824951172,3071600,0.0,0.0,0.0
2025-04-03,82.69000244140625,82.7699966430664,82.66999816894531,82.7300033569336,78.54585266113281,6729500,0.0,0.0,0.0
2025-04-04,82.9800033569336,83.06999969482422,82.68000030517578,82.68000030517578,78.49837493896484,12599700,0.0,0.0,0.0
2025-04-07,82.88999938964844,82.94000244140625,82.5199966430664,82.69000244140625,78.50788116455078,18363100,0.0,0.0,0.0
2025-04-08,82.54000091552734,82.80999755859375,82.54000091552734,82.63999938964844,78.46039581298828,13086100,0.0,0.0,0.0
2025-04-09,82.69999694824219,82.79000091552734,82.30999755859375,82.58999633789062,78.41292572021484,25591000,0.0,0.0,0.0
2025-04-10,82.58999633789062,82.66000366210938,82.52999877929688,82.58000183105469,78.40343475341797,10029500,0.0,0.0,0.0
2025-04-11,82.52999877929688,82.55000305175781,82.4000015258789,82.43000030517578,78.26101684570312,6585900,0.0,0.0,0.0
2025-04-14,82.4800033569336,82.62999725341797,82.4800033569336,82.61000061035156,78.43192291259766,5006100,0.0,0.0,0.0
2025-04-15,82.61000061035156,82.66999816894531,82.5999984741211,82.61000061035156,78.43192291259766,3090700,0.0,0.0,0.0
2025-04-16,82.69999694824219,82.73999786376953,82.66000366210938,82.72000122070312,78.53636169433594,3178900,0.0,0.0,0.0
2025-04-17,82.75,82.79000091552734,82.70999908447266,82.75,78.56482696533203,3384000,0.0,0.0,0.0
2025-04-21,82.77999877929688,82.8499984741211,82.69999694824219,82.69999694824219,78.5173568725586,5283700,0.0,0.0,0.0
2025-04-22,82.76000213623047,82.77999877929688,82.70999908447266,82.7300033569336,78.54585266113281,3521700,0.0,0.0,0.0
2025-04-23,82.75,82.80000305175781,82.62999725341797,82.66999816894531,78.48886108398438,3647400,0.0,0.0,0.0
2025-04-24,82.7300033569336,82.7699966430664,82.70999908447266,82.7699966430664,78.58382415771484,3993500,0.0,0.0,0.0
2025-04-25,82.79000091552734,82.8499984741211,82.76000213623047,82.83999633789062,78.65027618408203,2259800,0.0,0.0,0.0
2025-04-28,82.8499984741211,82.95999908447266,82.83999633789062,82.95999908447266,78.76422119140625,2847000,0.0,0.0,0.0
2025-04-29,82.94000244140625,83.0199966430664,82.93000030517578,83.01000213623047,78.81168365478516,3832200,0.0,0.0,0.0
2025-04-30,83.04000091552734,83.12000274658203,83.02999877929688,83.12000274658203,78.9161376953125,5104800,0.0,0.0,0.0
2025-05-01,82.88999938964844,82.9000015258789,82.66000366210938,82.69000244140625,78.75325012207031,5150400,0.259,0.0,0.0
2025-05-02,82.62000274658203,82.6500015258789,82.5,82.52999877929688,78.60087585449219,4556100,0.0,0.0,0.0
2025-05-05,82.56999969482422,82.58000183105469,82.48999786376953,82.5199966430664,78.59133911132812,3420300,0.0,0.0,0.0
2025-05-06,82.58999633789062,82.61000061035156,82.56999969482422,82.58999633789062,78.65800476074219,3476300,0.0,0.0,0.0
2025-05-07,82.58999633789062,82.66000366210938,82.55999755859375,82.62000274658203,78.68659210205078,2522500,0.0,0.0,0.0
2025-05-08,82.58999633789062,82.5999984741211,82.44000244140625,82.44999694824219,78.52468872070312,3566000,0.0,0.0,0.0
2025-05-09,82.52999877929688,82.56999969482422,82.48999786376953,82.48999786376953,78.56278228759766,2009600,0.0,0.0,0.0
2025-05-12,82.33000183105469,82.38999938964844,82.31999969482422,82.33999633789062,78.419921875,4386600,0.0,0.0,0.0
2025-05-13,82.38999938964844,82.38999938964844,82.30000305175781,82.31999969482422,78.40087127685547,4241200,0.0,0.0,0.0
2025-05-14,82.33000183105469,82.3499984741211,82.26000213623047,82.26000213623047,78.3437271118164,3960300,0.0,0.0,0.0
2025-05-15,82.37999725341797,82.41999816894531,82.3499984741211,82.41999816894531,78.49610900878906,3449300,0.0,0.0,0.0
2025-05-16,82.48999786376953,82.48999786376953,82.38999938964844,82.4000015258789,78.47705841064453,3528300,0.0,0.0,0.0
2025-05-19,82.37999725341797,82.44000244140625,82.37000274658203,82.43000030517578,78.50563049316406,2906900,0.0,0.0,0.0
2025-05-20,82.43000030517578,82.47000122070312,82.41000366210938,82.44000244140625,78.5151596069336,3289200,0.0,0.0,0.0
2025-05-21,82.41000366210938,82.41999816894531,82.37999725341797,82.38999938964844,78.46753692626953,4095600,0.0,0.0,0.0
2025-05-22,82.44000244140625,82.44999694824219,82.41000366210938,82.44000244140625,78.5151596069336,3415600,0.0,0.0,0.0
2025-05-23,82.56999969482422,82.56999969482422,82.47000122070312,82.48999786376953,78.56278228759766,8202300,0.0,0.0,0.0
2025-05-27,82.5,82.52999877929688,82.4800033569336,82.5199966430664,78.59133911132812,3870300,0.0,0.0,0.0
2025-05-28,82.5,82.5,82.44999694824219,82.45999908447266,78.53421020507812,1972600,0.0,0.0,0.0
2025-05-29,82.5199966430664,82.55999755859375,82.5199966430664,82.55000305175781,78.61991882324219,2154300,0.0,0.0,0.0
2025-05-30,82.58999633789062,82.6500015258789,82.56999969482422,82.6500015258789,78.71515655517578,4331000,0.0,0.0,0.0
2025-06-02,82.33999633789062,82.37000274658203,82.30000305175781,82.30999755859375,78.65019226074219,4011000,0.272,0.0,0.0
2025-06-03,82.33000183105469,82.3499984741211,82.27999877929688,82.29000091552734,78.63106536865234,4456600,0.0,0.0,0.0
2025-06-04,82.36000061035156,82.44999694824219,82.3499984741211,82.44000244140625,78.7744140625,5744700,0.0,0.0,0.0
2025-06-05,82.44000244140625,82.45999908447266,82.3499984741211,82.3499984741211,78.68841552734375,3164700,0.0,0.0,0.0
2025-06-06,82.25,82.2699966430664,82.20999908447266,82.20999908447266,78.55464172363281,1563300,0.0,0.0,0.0
2025-06-09,82.23999786376953,82.30000305175781,82.23999786376953,82.2699966430664,78.6119613647461,2166800,0.0,0.0,0.0
2025-06-10,82.30000305175781,82.31999969482422,82.2699966430664,82.2699966430664,78.6119613647461,2010600,0.0,0.0,0.0
2025-06-11,82.37000274658203,82.4000015258789,82.33999633789062,82.4000015258789,78.7361831665039,1825500,0.0,0.0,0.0
2025-06-12,82.4800033569336,82.4800033569336,82.44000244140625,82.47000122070312,78.80309295654297,2612200,0.0,0.0,0.0
2025-06-13,82.44000244140625,82.44000244140625,82.37999725341797,82.41000366210938,78.74574279785156,3572700,0.0,0.0,0.0
2025-06-16,82.41000366210938,82.44000244140625,82.38999938964844,82.4000015258789,78.7361831665039,2380700,0.0,0.0,0.0
2025-06-17,82.43000030517578,82.45999908447266,82.4000015258789,82.44000244140625,78.7744140625,2057400,0.0,0.0,0.0
2025-06-18,82.4800033569336,82.56999969482422,82.44999694824219,82.4800033569336,78.81263732910156,1921300,0.0,0.0,0.0
2025-06-20,82.5,82.56999969482422,82.48999786376953,82.54000091552734,78.8699722290039,2328700,0.0,0.0,0.0
2025-06-23,82.56999969482422,82.69000244140625,82.56999969482422,82.6500015258789,78.97506713867188,3113400,0.0,0.0,0.0
2025-06-24,82.63999938964844,82.72000122070312,82.62999725341797,82.72000122070312,79.04196166992188,4292000,0.0,0.0,0.0
2025-06-25,82.69000244140625,82.73999786376953,82.66999816894531,82.7300033569336,79.05152130126953,3268100,0.0,0.0,0.0
2025-06-26,82.77999877929688,82.83000183105469,82.7699966430664,82.83000183105469,79.14706420898438,4964600,0.0,0.0,0.0
2025-06-27,82.77999877929688,82.83999633789062,82.77999877929688,82.80000305175781,79.118408203125,2432800,0.0,0.0,0.0
2025-06-30,82.8499984741211,82.86000061035156,82.80999755859375,82.86000061035156,79.17573547363281,5690200,0.0,0.0,0.0
2025-07-01,82.55999755859375,82.58999633789062,82.5,82.51000213623047,79.09329223632812,5018100,0.264,0.0,0.0
2025-07-02,82.5199966430664,82.55000305175781,82.48999786376953,82.5,79.08370971679688,4292600,0.0,0.0,0.0
2025-07-03,82.41999816894531,82.43000030517578,82.37999725341797,82.41000366210938,78.99745178222656,2781500,0.0,0.0,0.0
2025-07-07,82.41000366210938,82.41999816894531,82.37999725341797,82.38999938964844,78.97826385498047,4022000,0.0,0.0,0.0
2025-07-08,82.37999725341797,82.4000015258789,82.37000274658203,82.4000015258789,78.98783874511719,3648300,0.0,0.0,0.0
2025-07-09,82.43000030517578,82.47000122070312,82.41999816894531,82.47000122070312,79.05494689941406,2002200,0.0,0.0,0.0
2025-07-10,82.47000122070312,82.47000122070312,82.43000030517578,82.47000122070312,79.05494689941406,2249400,0.0,0.0,0.0
2025-07-11,82.45999908447266,82.45999908447266,82.43000030517578,82.44999694824219,79.03577423095703,4146300,0.0,0.0,0.0
2025-07-14,82.45999908447266,82.48999786376953,82.44000244140625,82.45999908447266,79.04536437988281,1887300,0.0,0.0,0.0
2025-07-15,82.45999908447266,82.45999908447266,82.37000274658203,82.37999725341797,78.96868133544922,3436600,0.0,0.0,0.0
2025-07-16,82.41000366210938,82.5199966430664,82.41000366210938,82.48999786376953,79.07411193847656,4457200,0.0,0.0,0.0
2025-07-17,82.48999786376953,82.5,82.44000244140625,82.45999908447266,79.04536437988281,2819800,0.0,0.0,0.0
2025-07-18,82.55999755859375,82.56999969482422,82.52999877929688,82.52999877929688,79.11247253417969,1294500,0.0,0.0,0.0
2025-07-21,82.5999984741211,82.5999984741211,82.56999969482422,82.58000183105469,79.16039276123047,1857200,0.0,0.0,0.0
2025-07-22,82.5999984741211,82.63999938964844,82.5999984741211,82.63999938964844,79.21791076660156,8474300,0.0,0.0,0.0
2025-07-23,82.61000061035156,82.62000274658203,82.55000305175781,82.56999969482422,79.15081787109375,2500900,0.0,0.0,0.0
2025-07-24,82.51000213623047,82.54000091552734,82.5,82.5,79.08370971679688,2147100,0.0,0.0,0.0
2025-07-25,82.55000305175781,82.55999755859375,82.52999877929688,82.55000305175781,79.13163757324219,2023400,0.0,0.0,0.0
2025-07-28,82.54000091552734,82.55000305175781,82.52999877929688,82.54000091552734,79.12205505371094,2467100,0.0,0.0,0.0
2025-07-29,82.55999755859375,82.62000274658203,82.55999755859375,82.61000061035156,79.18914794921875,2079200,0.0,0.0,0.0
2025-07-30,82.56999969482422,82.63999938964844,82.5199966430664,82.5199966430664,79.10286712646484,3786200,0.0,0.0,0.0
2025-07-31,82.54000091552734,82.56999969482422,82.51000213623047,82.5199966430664,79.10286712646484,5883700,0.0,0.0,0.0
2025-08-01,82.55000305175781,82.69000244140625,82.55000305175781,82.66000366210938,79.49720764160156,6048700,0.27,0.0,0.0
2025-08-04,82.66999816894531,82.69000244140625,82.62999725341797,82.68000030517578,79.51643371582031,4535300,0.0,0.0,0.0
2025-08-05,82.6500015258789,82.69000244140625,82.62000274658203,82.6500015258789,79.48758697509766,6269300,0.0,0.0,0.0
2025-08-06,82.62999725341797,82.68000030517578,82.62999725341797,82.68000030517578,79.51643371582031,2741800,0.0,0.0,0.0
2025-08-07,82.66000366210938,82.68000030517578,82.62999725341797,82.63999938964844,79.47796630859375,2927700,0.0,0.0,0.0
2025-08-08,82.63999938964844,82.63999938964844,82.61000061035156,82.62000274658203,79.4587173461914,2621200,0.0,0.0,0.0
2025-08-11,82.61000061035156,82.63999938964844,82.61000061035156,82.62000274658203,79.4587173461914,2730500,0.0,0.0,0.0
2025-08-12,82.6500015258789,82.69000244140625,82.63999938964844,82.68000030517578,79.51643371582031,2844100,0.0,0.0,0.0
2025-08-13,82.75,82.79000091552734,82.73999786376953,82.79000091552734,79.62223052978516,3589200,0.0,0.0,0.0
2025-08-14,82.70999908447266,82.72000122070312,82.68000030517578,82.69999694824219,79.53565979003906,3934100,0.0,0.0,0.0
2025-08-15,82.72000122070312,82.73999786376953,82.66999816894531,82.66999816894531,79.50682830810547,1979400,0.0,0.0,0.0
2025-08-18,82.69999694824219,82.70999908447266,82.66000366210938,82.66999816894531,79.50682830810547,6377300,0.0,0.0,0.0
2025-08-19,82.70999908447266,82.7300033569336,82.69999694824219,82.70999908447266,79.54527282714844,7318900,0.0,0.0,0.0
2025-08-20,82.72000122070312,82.7699966430664,82.70999908447266,82.73999786376953,79.57413482666016,2613800,0.0,0.0,0.0
2025-08-21,82.72000122070312,82.7300033569336,82.6500015258789,82.66999816894531,79.50682830810547,3399800,0.0,0.0,0.0
2025-08-22,82.70999908447266,82.86000061035156,82.69999694824219,82.8499984741211,79.679931640625,4815300,0.0,0.0,0.0
2025-08-25,82.80000305175781,82.80999755859375,82.79000091552734,82.80999755859375,79.64144134521484,5797100,0.0,0.0,0.0
2025-08-26,82.83999633789062,82.88999938964844,82.83999633789062,82.87999725341797,79.70877838134766,1673600,0.0,0.0,0.0
2025-08-27,82.88999938964844,82.94000244140625,82.87999725341797,82.94000244140625,79.76648712158203,2399500,0.0,0.0,0.0
2025-08-28,82.91000366210938,82.93000030517578,82.9000015258789,82.91000366210938,79.73763275146484,1824800,0.0,0.0,0.0
2025-08-29,82.94999694824219,83.0,82.94000244140625,82.9800033569336,79.8049545288086,2757600,0.0,0.0,0.0
2025-09-02,82.66999816894531,82.69999694824219,82.66000366210938,82.68000030517578,79.76443481445312,4372200,0.258,0.0,0.0
2025-09-03,82.68000030517578,82.76000213623047,82.66999816894531,82.73999786376953,79.82231903076172,3284400,0.0,0.0,0.0
2025-09-04,82.77999877929688,82.80000305175781,82.76000213623047,82.80000305175781,79.88019561767578,3232700,0.0,0.0,0.0
2025-09-05,82.9800033569336,83.01000213623047,82.91000366210938,82.91999816894531,79.99596405029297,5352500,0.0,0.0,0.0
2025-09-08,82.9800033569336,82.98999786376953,82.94999694824219,82.97000122070312,80.04420471191406,2281200,0.0,0.0,0.0
2025-09-09,82.97000122070312,83.0,82.9000015258789,82.9000015258789,79.97667694091797,2467600,0.0,0.0,0.0
2025-09-10,82.95999908447266,82.95999908447266,82.91000366210938,82.91000366210938,79.986328125,8269500,0.0,0.0,0.0
2025-09-11,82.97000122070312,83.0,82.93000030517578,82.94000244140625,80.01526641845703,4892400,0.0,0.0,0.0
2025-09-12,82.94000244140625,82.94000244140625,82.9000015258789,82.93000030517578,80.00560760498047,3057500,0.0,0.0,0.0
2025-09-15,82.9800033569336,82.9800033569336,82.95999908447266,82.95999908447266,80.03455352783203,1917300,0.0,0.0,0.0
2025-09-16,82.98999786376953,83.0199966430664,82.9800033569336,83.0,80.07315063476562,2091100,0.0,0.0,0.0
2025-09-17,83.0199966430664,83.08999633789062,82.95999908447266,82.95999908447266,80.03455352783203,4243800,0.0,0.0,0.0
2025-09-18,82.93000030517578,82.95999908447266,82.91000366210938,82.93000030517578,80.00560760498047,2847600,0.0,0.0,0.0
2025-09-19,82.95999908447266,82.9800033569336,82.94999694824219,82.95999908447266,80.03455352783203,2196900,0.0,0.0,0.0
2025-09-22,82.97000122070312,82.9800033569336,82.91999816894531,82.91999816894531,79.99596405029297,1835800,0.0,0.0,0.0
2025-09-23,82.94000244140625,82.97000122070312,82.93000030517578,82.94999694824219,80.02490997314453,2433300,0.0,0.0,0.0
2025-09-24,82.94000244140625,82.94999694824219,82.91000366210938,82.91000366210938,79.986328125,3073900,0.0,0.0,0.0
2025-09-25,82.86000061035156,82.87000274658203,82.83000183105469,82.83999633789062,79.91879272460938,3458200,0.0,0.0,0.0
2025-09-26,82.87000274658203,82.9000015258789,82.8499984741211,82.88999938964844,79.9670181274414,2291700,0.0,0.0,0.0
2025-09-29,82.9000015258789,82.93000030517578,82.9000015258789,82.91999816894531,79.99596405029297,3836900,0.0,0.0,0.0
2025-09-30,82.94999694824219,82.98999786376953,82.94999694824219,82.95999908447266,80.03455352783203,4044100,0.0,0.0,0.0
2025-10-01,82.80999755859375,82.81999969482422,82.7699966430664,82.80000305175781,80.12745666503906,4194100,0.256,0.0,0.0
2025-10-02,82.79000091552734,82.81999969482422,82.7699966430664,82.81999969482422,80.14681243896484,1896800,0.0,0.0,0.0
2025-10-03,82.81999969482422,82.8499984741211,82.79000091552734,82.79000091552734,80.11778259277344,2282300,0.0,0.0,0.0
2025-10-06,82.77999877929688,82.80000305175781,82.7699966430664,82.7699966430664,80.09841918945312,2637300,0.0,0.0,0.0
2025-10-07,82.79000091552734,82.83000183105469,82.77999877929688,82.80999755859375,80.13713073730469,2301800,0.0,0.0,0.0
2025-10-08,82.83999633789062,82.83999633789062,82.79000091552734,82.80000305175781,80.12745666503906,2942100,0.0,0.0,0.0
2025-10-09,82.80000305175781,82.80999755859375,82.77999877929688,82.79000091552734,80.11778259277344,2884700,0.0,0.0,0.0
2025-10-10,82.87999725341797,82.95999908447266,82.8499984741211,82.93000030517578,80.25325775146484,5552900,0.0,0.0,0.0
2025-10-13,82.94999694824219,83.08999633789062,82.93000030517578,83.08999633789062,80.40808868408203,9266400,0.0,0.0,0.0
2025-10-14,83.0,83.02999877929688,82.9800033569336,83.02999877929688,80.35002899169922,6221200,0.0,0.0,0.0
2025-10-15,83.0,83.0199966430664,82.9800033569336,82.98999786376953,80.31133270263672,3720300,0.0,0.0,0.0
2025-10-16,82.9800033569336,83.12999725341797,82.9800033569336,83.0999984741211,80.41777801513672,5563700,0.0,0.0,0.0
2025-10-17,83.0999984741211,83.12000274658203,83.06999969482422,83.08999633789062,80.40808868408203,3354600,0.0,0.0,0.0
2025-10-20,83.0999984741211,83.0999984741211,83.06999969482422,83.0999984741211,80.41777801513672,3331400,0.0,0.0,0.0
2025-10-21,83.12000274658203,83.12999725341797,83.0999984741211,83.12000274658203,80.4371337890625,4726800,0.0,0.0,0.0
2025-10-22,83.0999984741211,83.13999938964844,83.0999984741211,83.12000274658203,80.4371337890625,6952900,0.0,0.0,0.0
2025-10-23,83.0999984741211,83.11000061035156,83.05999755859375,83.05999755859375,80.37906646728516,4405500,0.0,0.0,0.0
2025-10-24,83.12000274658203,83.12999725341797,83.08999633789062,83.11000061035156,80.42745971679688,2293400,0.0,0.0,0.0
2025-10-27,83.08999633789062,83.0999984741211,83.05999755859375,83.08999633789062,80.40808868408203,6043700,0.0,0.0,0.0
2025-10-28,83.08000183105469,83.11000061035156,83.06999969482422,83.0999984741211,80.41777801513672,6114700,0.0,0.0,0.0
2025-10-29,83.11000061035156,83.11000061035156,82.93000030517578,82.94000244140625,80.262939453125,5335000,0.0,0.0,0.0
2025-10-30,82.91999816894531,82.97000122070312,82.91000366210938,82.94999694824219,80.27261352539062,3799300,0.0,0.0,0.0
2025-10-31,82.9800033569336,82.98999786376953,82.95999908447266,82.9800033569336,80.30165100097656,3592700,0.0,0.0,0.0
2025-11-03,82.70999908447266,82.75,82.70999908447266,82.72000122070312,80.3045654296875,5418800,0.263,0.0,0.0
2025-11-04,82.76000213623047,82.77999877929688,82.75,82.75,80.33369445800781,6502000,0.0,0.0,0.0
2025-11-05,82.75,82.76000213623047,82.68000030517578,82.69000244140625,80.27543640136719,3952600,0.0,0.0,0.0
2025-11-06,82.77999877929688,82.81999969482422,82.7699966430664,82.79000091552734,80.37252044677734,3725200,0.0,0.0,0.0
2025-11-07,82.80999755859375,82.87999725341797,82.80999755859375,82.83000183105469,80.41136169433594,2942900,0.0,0.0,0.0
2025-11-10,82.81999969482422,82.83000183105469,82.80000305175781,82.80999755859375,80.39192199707031,6287900,0.0,0.0,0.0
2025-11-11,82.86000061035156,82.87999725341797,82.83999633789062,82.87999725341797,80.45988464355469,4175200,0.0,0.0,0.0
2025-11-12,82.8499984741211,82.87000274658203,82.83999633789062,82.8499984741211,80.4307632446289,2369900,0.0,0.0,0.0
2025-11-13,82.80000305175781,82.83000183105469,82.80000305175781,82.80000305175781,80.3822250366211,5328100,0.0,0.0,0.0
2025-11-14,82.87999725341797,82.88999938964844,82.80000305175781,82.83000183105469,80.41136169433594,5750000,0.0,0.0,0.0
2025-11-17,82.83000183105469,82.83000183105469,82.80999755859375,82.81999969482422,80.4016342163086,7200800,0.0,0.0,0.0
2025-11-18,82.9000015258789,82.91999816894531,82.8499984741211,82.87000274658203,80.45018005371094,3498300,0.0,0.0,0.0
2025-11-19,82.9000015258789,82.91999816894531,82.8499984741211,82.86000061035156,80.44046783447266,2679800,0.0,0.0,0.0
2025-11-20,82.9000015258789,82.95999908447266,82.88999938964844,82.93000030517578,80.5084228515625,5810700,0.0,0.0,0.0
2025-11-21,83.0199966430664,83.04000091552734,82.9800033569336,83.02999877929688,80.60549926757812,4849600,0.0,0.0,0.0
2025-11-24,83.02999877929688,83.04000091552734,83.0,83.04000091552734,80.61520385742188,5120700,0.0,0.0,0.0
2025-11-25,83.05000305175781,83.0999984741211,83.04000091552734,83.08999633789062,80.66374206542969,4276700,0.0,0.0,0.0
2025-11-26,83.06999969482422,83.08000183105469,83.04000091552734,83.08000183105469,80.654052734375,4349400,0.0,0.0,0.0
2025-11-28,83.0999984741211,83.11000061035156,83.05999755859375,83.08000183105469,80.654052734375,2799600,0.0,0.0,0.0
2025-12-01,82.79000091552734,82.79000091552734,82.76000213623047,82.76000213623047,80.58491516113281,3358500,0.249,0.0,0.0
2025-12-02,82.80000305175781,82.81999969482422,82.77999877929688,82.80999755859375,80.63359069824219,4653000,0.0,0.0,0.0
2025-12-03,82.87000274658203,82.87000274658203,82.83000183105469,82.86000061035156,80.68228149414062,2121300,0.0,0.0,0.0
2025-12-04,82.83999633789062,82.83999633789062,82.80000305175781,82.80000305175781,80.62386322021484,2473900,0.0,0.0,0.0
2025-12-05,82.81999969482422,82.81999969482422,82.7699966430664,82.7699966430664,80.59464263916016,2172300,0.0,0.0,0.0
2025-12-08,82.7699966430664,82.7699966430664,82.70999908447266,82.75,80.57518768310547,3378600,0.0,0.0,0.0
2025-12-09,82.79000091552734,82.79000091552734,82.70999908447266,82.70999908447266,80.53621673583984,2709900,0.0,0.0,0.0
2025-12-10,82.72000122070312,82.8499984741211,82.70999908447266,82.8499984741211,80.67254638671875,4431300,0.0,0.0,0.0
2025-12-11,82.88999938964844,82.9000015258789,82.8499984741211,82.86000061035156,80.68228149414062,3552400,0.0,0.0,0.0
2025-12-12,82.86000061035156,82.88999938964844,82.8499984741211,82.87000274658203,80.69202423095703,4256400,0.0,0.0,0.0
2025-12-15,82.93000030517578,82.94000244140625,82.9000015258789,82.91999816894531,80.74070739746094,5252200,0.0,0.0,0.0
2025-12-16,82.94000244140625,82.9800033569336,82.93000030517578,82.95999908447266,80.7796630859375,4004800,0.0,0.0,0.0
2025-12-17,82.94999694824219,82.9800033569336,82.94000244140625,82.97000122070312,80.78939819335938,5873900,0.0,0.0,0.0
2025-12-18,83.04000091552734,83.04000091552734,82.9800033569336,83.02999877929688,80.84780883789062,3896800,0.0,0.0,0.0
2025-12-19,82.76000213623047,82.7699966430664,82.73999786376953,82.76000213623047,80.83316802978516,4195000,0.255,0.0,0.0
2025-12-22,82.75,82.75,82.70999908447266,82.72000122070312,80.79409790039062,4489000,0.0,0.0,0.0
2025-12-23,82.66000366210938,82.69000244140625,82.6500015258789,82.68000030517578,80.7550277709961,3442900,0.0,0.0,0.0
2025-12-24,82.70999908447266,82.73999786376953,82.69999694824219,82.7300033569336,80.80387878417969,2287200,0.0,0.0,0.0
2025-12-26,82.80000305175781,82.80999755859375,82.77999877929688,82.79000091552734,80.86246490478516,2034700,0.0,0.0,0.0
2025-12-29,82.83000183105469,82.8499984741211,82.81999969482422,82.83000183105469,80.90153503417969,3432000,0.0,0.0,0.0
2025-12-30,82.83000183105469,82.86000061035156,82.83000183105469,82.8499984741211,80.92107391357422,3641100,0.0,0.0,0.0
2025-12-31,82.83999633789062,82.87000274658203,82.81999969482422,82.81999969482422,80.89176940917969,3753000,0.0,0.0,0.0
2026-01-02,82.87000274658203,82.87000274658203,82.83999633789062,82.86000061035156,80.93084716796875,3041700,0.0,0.0,0.0
2026-01-05,82.87999725341797,82.9000015258789,82.87000274658203,82.88999938964844,80.96012878417969,3063400,0.0,0.0,0.0
2026-01-06,82.87999725341797,82.9000015258789,82.8499984741211,82.9000015258789,80.96991729736328,4368900,0.0,0.0,0.0
2026-01-07,82.91000366210938,82.93000030517578,82.87999725341797,82.88999938964844,80.96012878417969,4298000,0.0,0.0,0.0
2026-01-08,82.87000274658203,82.87999725341797,82.86000061035156,82.86000061035156,80.93084716796875,2470500,0.0,0.0,0.0
2026-01-09,82.87000274658203,82.87000274658203,82.80999755859375,82.83000183105469,80.90153503417969,3409700,0.0,0.0,0.0
2026-01-12,82.81999969482422,82.83999633789062,82.80999755859375,82.83000183105469,80.90153503417969,2243100,0.0,0.0,0.0
2026-01-13,82.86000061035156,82.87000274658203,82.83999633789062,82.8499984741211,80.92107391357422,4656300,0.0,0.0,0.0
2026-01-14,82.87999725341797,82.9000015258789,82.87000274658203,82.87000274658203,80.94060516357422,3022500,0.0,0.0,0.0
2026-01-15,82.86000061035156,82.86000061035156,82.80999755859375,82.80999755859375,80.88200378417969,3306400,0.0,0.0,0.0
2026-01-16,82.83999633789062,82.83999633789062,82.77999877929688,82.79000091552734,80.86246490478516,4540100,0.0,0.0,0.0
2026-01-20,82.80999755859375,82.81999969482422,82.80000305175781,82.80000305175781,80.87224578857422,5763700,0.0,0.0,0.0
2026-01-21,82.83000183105469,82.83999633789062,82.80999755859375,82.83999633789062,80.91129302978516,14151400,0.0,0.0,0.0
2026-01-22,82.80999755859375,82.81999969482422,82.79000091552734,82.80999755859375,80.88200378417969,4878300,0.0,0.0,0.0
2026-01-23,82.83000183105469,82.8499984741211,82.81999969482422,82.83999633789062,80.91129302978516,2506700,0.0,0.0,0.0
2026-01-26,82.87000274658203,82.87999725341797,82.8499984741211,82.87000274658203,80.94060516357422,3094300,0.0,0.0,0.0
2026-01-27,82.87000274658203,82.91000366210938,82.87000274658203,82.88999938964844,80.96012878417969,4339300,0.0,0.0,0.0
2026-01-28,82.91000366210938,82.91000366210938,82.87000274658203,82.88999938964844,80.96012878417969,4157500,0.0,0.0,0.0
2026-01-29,82.9000015258789,82.94999694824219,82.9000015258789,82.91999816894531,80.98944091796875,4135800,0.0,0.0,0.0
2026-01-30,82.97000122070312,83.01000213623047,82.95999908447266,82.98999786376953,81.05781555175781,4272800,0.0,0.0,0.0
2026-02-02,82.73999786376953,82.75,82.69000244140625,82.69999694824219,81.01861572265625,4079300,0.25,0.0,0.0
2026-02-03,82.68000030517578,82.70999908447266,82.66999816894531,82.69000244140625,81.00883483886719,4449700,0.0,0.0,0.0
2026-02-04,82.69000244140625,82.73999786376953,82.69000244140625,82.7300033569336,81.04801940917969,3945400,0.0,0.0,0.0
2026-02-05,82.81999969482422,82.87999725341797,82.79000091552734,82.86000061035156,81.17537689208984,6014000,0.0,0.0,0.0
2026-02-06,82.88999938964844,82.88999938964844,82.83000183105469,82.86000061035156,81.17537689208984,7414400,0.0,0.0,0.0
2026-02-09,82.87999725341797,82.88999938964844,82.87000274658203,82.87999725341797,81.19496154785156,6928900,0.0,0.0,0.0
2026-02-10,82.93000030517578,82.94999694824219,82.91999816894531,82.93000030517578,81.24394989013672,4736200,0.0,0.0,0.0
2026-02-11,82.8499984741211,82.88999938964844,82.83000183105469,82.8499984741211,81.16557312011719,3509800,0.0,0.0,0.0
2026-02-12,82.87999725341797,82.94999694824219,82.87000274658203,82.93000030517578,81.24394989013672,3377300,0.0,0.0,0.0
2026-02-13,83.04000091552734,83.06999969482422,83.02999877929688,83.05999755859375,81.37129974365234,3563900,0.0,0.0,0.0
2026-02-17,83.04000091552734,83.05000305175781,83.01000213623047,83.02999877929688,81.3419189453125,3293800,0.0,0.0,0.0
2026-02-18,82.9800033569336,83.0,82.9800033569336,82.9800033569336,81.29293060302734,2145500,0.0,0.0,0.0
2026-02-19,82.97000122070312,83.01000213623047,82.97000122070312,82.9800033569336,81.29293060302734,2653900,0.0,0.0,0.0
2026-02-20,83.01000213623047,83.0199966430664,82.97000122070312,82.98999786376953,81.30271911621094,3451900,0.0,0.0,0.0
2026-02-23,83.0199966430664,83.08000183105469,83.0,83.05999755859375,81.37129974365234,2809000,0.0,0.0,0.0
2026-02-24,83.05000305175781,83.06999969482422,83.02999877929688,83.05999755859375,81.37129974365234,5232700,0.0,0.0,0.0
2026-02-25,83.02999877929688,83.04000091552734,83.01000213623047,83.04000091552734,81.3517074584961,4495400,0.0,0.0,0.0
2026-02-26,83.02999877929688,83.08999633789062,83.02999877929688,83.06999969482422,81.381103515625,7856900,0.0,0.0,0.0
2026-02-27,83.16000366210938,83.19999694824219,83.1500015258789,83.18000030517578,81.48886108398438,5655100,0.0,0.0,0.0
2026-03-02,82.87999725341797,82.88999938964844,82.79000091552734,82.80999755859375,81.34446716308594,7074100,0.223,0.0,0.0
2026-03-03,82.72000122070312,82.81999969482422,82.70999908447266,82.80000305175781,81.33464050292969,5817200,0.0,0.0,0.0
2026-03-04,82.79000091552734,82.80000305175781,82.7300033569336,82.75,81.28553009033203,5025800,0.0,0.0,0.0
2026-03-05,82.68000030517578,82.70999908447266,82.66000366210938,82.69000244140625,81.22659301757812,7172700,0.0,0.0,0.0
2026-03-06,82.66999816894531,82.80999755859375,82.66999816894531,82.7300033569336,81.2658920288086,5750000,0.0,0.0,0.0
2026-03-09,82.69999694824219,82.77999877929688,82.66999816894531,82.7699966430664,81.30516815185547,4899200,0.0,0.0,0.0
2026-03-10,82.7699966430664,82.80000305175781,82.70999908447266,82.72000122070312,81.25606536865234,5106600,0.0,0.0,0.0
2026-03-11,82.68000030517578,82.69000244140625,82.63999938964844,82.63999938964844,81.17748260498047,3976900,0.0,0.0,0.0
2026-03-12,82.61000061035156,82.62999725341797,82.47000122070312,82.5,81.03994750976562,8506900,0.0,0.0,0.0
2026-03-13,82.5999984741211,82.61000061035156,82.52999877929688,82.55000305175781,81.08906555175781,7184000,0.0,0.0,0.0
2026-03-16,82.63999938964844,82.6500015258789,82.58999633789062,82.6500015258789,81.18730926513672,4785600,0.0,0.0,0.0
2026-03-17,82.6500015258789,82.68000030517578,82.6500015258789,82.66000366210938,81.19712829589844,3379600,0.0,0.0,0.0
2026-03-18,82.5999984741211,82.62999725341797,82.51000213623047,82.51000213623047,81.0497817993164,5624600,0.0,0.0,0.0
2026-03-19,82.38999938964844,82.52999877929688,82.37000274658203,82.48999786376953,81.0301284790039,12151300,0.0,0.0,0.0
2026-03-20,82.37000274658203,82.37999725341797,82.27999877929688,82.30999755859375,80.85330963134766,11512100,0.0,0.0,0.0
2026-03-23,82.36000061035156,82.48999786376953,82.33999633789062,82.43000030517578,80.97119903564453,8918100,0.0,0.0,0.0
2026-03-24,82.33000183105469,82.38999938964844,82.2699966430664,82.30999755859375,80.85330963134766,8547200,0.0,0.0,0.0
2026-03-25,82.4000015258789,82.43000030517578,82.37000274658203,82.4000015258789,80.94173431396484,5556000,0.0,0.0,0.0
2026-03-26,82.33000183105469,82.36000061035156,82.22000122070312,82.22000122070312,80.7649154663086,7405900,0.0,0.0,0.0
2026-03-27,82.27999877929688,82.38999938964844,82.27999877929688,82.38999938964844,80.93190002441406,7966400,0.0,0.0,0.0
2026-03-30,82.4800033569336,82.54000091552734,82.47000122070312,82.5,81.03994750976562,5461200,0.0,0.0,0.0
2026-03-31,82.58999633789062,82.62000274658203,82.55000305175781,82.56999969482422,81.10871124267578,10879800,0.0,0.0,0.0
2026-04-01,82.31999969482422,82.3499984741211,82.29000091552734,82.31999969482422,81.10576629638672,7671800,0.247,0.0,0.0
2026-04-02,82.33000183105469,82.38999938964844,82.31999969482422,82.36000061035156,81.14517974853516,4735100,0.0,0.0,0.0
2026-04-06,82.29000091552734,82.30999755859375,82.26000213623047,82.27999877929688,81.06634521484375,3659700,0.0,0.0,0.0
2026-04-07,82.30000305175781,82.37999725341797,82.25,82.33999633789062,81.12545776367188,3130500,0.0,0.0,0.0
2026-04-08,82.4800033569336,82.4800033569336,82.38999938964844,82.41999816894531,81.20428466796875,6026600,0.0,0.0,0.0
2026-04-09,82.41999816894531,82.4800033569336,82.38999938964844,82.44000244140625,81.22399139404297,6123400,0.0,0.0,0.0
2026-04-10,82.44999694824219,82.45999908447266,82.4000015258789,82.41000366210938,81.1944351196289,5766600,0.0,0.0,0.0
2026-04-13,82.43000030517578,82.47000122070312,82.4000015258789,82.47000122070312,81.25354766845703,2919900,0.0,0.0,0.0
2026-04-14,82.45999908447266,82.52999877929688,82.44999694824219,82.52999877929688,81.31265258789062,3521000,0.0,0.0,0.0
2026-04-15,82.5199966430664,82.5199966430664,82.4800033569336,82.51000213623047,81.29295349121094,3072800,0.0,0.0,0.0
2026-04-16,82.52999877929688,82.52999877929688,82.4800033569336,82.4800033569336,81.2634048461914,2875600,0.0,0.0,0.0
2026-04-17,82.61000061035156,82.66000366210938,82.5999984741211,82.63999938964844,81.42103576660156,4856700,0.0,0.0,0.0
2026-04-20,82.62999725341797,82.62999725341797,82.58000183105469,82.5999984741211,81.38163757324219,1800400,0.0,0.0,0.0
2026-04-21,82.55999755859375,82.55999755859375,82.4800033569336,82.4800033569336,81.2634048461914,3375600,0.0,0.0,0.0
2026-04-22,82.55000305175781,82.55000305175781,82.51000213623047,82.5199966430664,81.30280303955078,2126000,0.0,0.0,0.0
2026-04-23,82.5199966430664,82.52999877929688,82.44999694824219,82.4800033569336,81.2634048461914,3086000,0.0,0.0,0.0
2026-04-24,82.51000213623047,82.58999633789062,82.48999786376953,82.56999969482422,81.35206604003906,3271800,0.0,0.0,0.0
2026-04-27,82.55999755859375,82.58000183105469,82.54000091552734,82.55000305175781,81.33236694335938,2376200,0.0,0.0,0.0
2026-04-28,82.5199966430664,82.52999877929688,82.48999786376953,82.5,81.2831039428711,4175900,0.0,0.0,0.0
2026-04-29,82.47000122070312,82.47000122070312,82.36000061035156,82.38999938964844,81.17473602294922,4900900,0.0,0.0,0.0
2026-04-30,82.47000122070312,82.48999786376953,82.44999694824219,82.4800033569336,81.2634048461914,4183200,0.0,0.0,0.0
2026-05-01,82.23999786376953,82.30999755859375,82.22000122070312,82.25,81.27625274658203,2999400,0.243,0.0,0.0
2026-05-04,82.20999908447266,82.20999908447266,82.0999984741211,82.1500015258789,81.17743682861328,4021000,0.0,0.0,0.0
2026-05-05,82.19000244140625,82.22000122070312,82.18000030517578,82.19000244140625,81.21696472167969,3736500,0.0,0.0,0.0
2026-05-06,82.29000091552734,82.30999755859375,82.2699966430664,82.30000305175781,81.3256607055664,2842000,0.0,0.0,0.0
2026-05-07,82.36000061035156,82.36000061035156,82.22000122070312,82.2300033569336,81.25648498535156,2564800,0.0,0.0,0.0
2026-05-08,82.33000183105469,82.33000183105469,82.29000091552734,82.30000305175781,81.3256607055664,1597900,0.0,0.0,0.0
2026-05-11,82.27999877929688,82.29000091552734,82.22000122070312,82.22000122070312,81.2466049194336,1694000,0.0,0.0,0.0
2026-05-12,82.18000030517578,82.18000030517578,82.1500015258789,82.16000366210938,81.18732452392578,3292000,0.0,0.0,0.0
2026-05-13,82.18000030517578,82.19999694824219,82.13999938964844,82.19000244140625,81.21696472167969,2667200,0.0,0.0,0.0
2026-05-14,82.22000122070312,82.2300033569336,82.1500015258789,82.16000366210938,81.18732452392578,2185600,0.0,0.0,0.0
2026-05-15,82.08999633789062,82.0999984741211,82.05999755859375,82.05999755859375,81.08850860595703,3543600,0.0,0.0,0.0
2026-05-18,82.11000061035156,82.13999938964844,82.05999755859375,82.0999984741211,81.12802124023438,3801000,0.0,0.0,0.0
2026-05-19,82.04000091552734,82.06999969482422,82.0,82.04000091552734,81.06873321533203,3046900,0.0,0.0,0.0
2026-05-20,82.04000091552734,82.19000244140625,82.04000091552734,82.1500015258789,81.17743682861328,6917100,0.0,0.0,0.0
2026-05-21,82.06999969482422,82.16000366210938,82.05000305175781,82.13999938964844,81.16754913330078,5047200,0.0,0.0,0.0
2026-05-22,82.16999816894531,82.18000030517578,82.05999755859375,82.12000274658203,81.14778900146484,2721300,0.0,0.0,0.0
2026-05-26,82.19999694824219,82.20999908447266,82.16000366210938,82.20999908447266,81.23672485351562,2783500,0.0,0.0,0.0
2026-05-27,82.22000122070312,82.23999786376953,82.20999908447266,82.22000122070312,81.2466049194336,2001600,0.0,0.0,0.0
2026-05-28,82.22000122070312,82.30000305175781,82.20999908447266,82.26000213623047,81.28614044189453,2578700,0.0,0.0,0.0
2026-05-29,82.30000305175781,82.33000183105469,82.27999877929688,82.30000305175781,81.3256607055664,2520800,0.0,0.0,0.0
2026-06-01,81.9800033569336,82.0199966430664,81.94000244140625,82.01000213623047,81.2790756225586,2975600,0.243,0.0,0.0
2026-06-02,82.04000091552734,82.04000091552734,82.0,82.01000213623047,81.2790756225586,1890900,0.0,0.0,0.0
2026-06-03,81.97000122070312,81.98999786376953,81.94999694824219,81.97000122070312,81.23944091796875,3261700,0.0,0.0,0.0
2026-06-04,82.05000305175781,82.05999755859375,82.0199966430664,82.02999877929688,81.29889678955078,3010500,0.0,0.0,0.0
2026-06-05,81.91999816894531,81.93000030517578,81.86000061035156,81.86000061035156,81.13041687011719,5008100,0.0,0.0,0.0
2026-06-08,81.93000030517578,81.94999694824219,81.88999938964844,81.9000015258789,81.17005920410156,5010000,0.0,0.0,0.0
2026-06-09,81.94000244140625,81.9800033569336,81.91999816894531,81.94000244140625,81.20970916748047,3242100,0.0,0.0,0.0
2026-06-10,81.97000122070312,81.98999786376953,81.94000244140625,81.94000244140625,81.20970916748047,3446600,0.0,0.0,0.0
2026-06-11,81.95999908447266,82.0999984741211,81.94000244140625,82.08999633789062,81.35836029052734,4528000,0.0,0.0,0.0
2026-06-12,82.06999969482422,82.08999633789062,82.02999877929688,82.06999969482422,81.33854675292969,3966800,0.0,0.0,0.0
2026-06-15,82.13999938964844,82.1500015258789,82.08999633789062,82.11000061035156,81.37818908691406,3625900,0.0,0.0,0.0
2026-06-16,82.0999984741211,82.1500015258789,82.08999633789062,82.12999725341797,81.39800262451172,1766800,0.0,0.0,0.0
2026-06-17,82.11000061035156,82.12999725341797,81.87999725341797,81.87999725341797,81.15023803710938,5236600,0.0,0.0,0.0
2026-06-18,81.98999786376953,82.04000091552734,81.9800033569336,81.98999786376953,81.2592544555664,3044000,0.0,0.0,0.0
2026-06-22,81.93000030517578,81.94999694824219,81.91000366210938,81.91000366210938,81.17996978759766,2502000,0.0,0.0,0.0
2026-06-23,81.97000122070312,82.0,81.97000122070312,81.97000122070312,81.23944091796875,6606500,0.0,0.0,0.0
2026-06-24,82.05000305175781,82.08999633789062,82.04000091552734,82.06999969482422,81.33854675292969,3660400,0.0,0.0,0.0
2026-06-25,82.11000061035156,82.1500015258789,82.08999633789062,82.08999633789062,81.35836029052734,4011800,0.0,0.0,0.0
2026-06-26,82.16000366210938,82.20999908447266,82.16000366210938,82.19000244140625,81.45747375488281,2949000,0.0,0.0,0.0
2026-06-29,82.16999816894531,82.16999816894531,82.13999938964844,82.16999816894531,81.43765258789062,2234500,0.0,0.0,0.0
2026-06-30,82.1500015258789,82.1500015258789,82.0999984741211,82.11000061035156,81.37818908691406,3358800,0.0,0.0,0.0
2026-07-01,81.86000061035156,81.9000015258789,81.83000183105469,81.83999633789062,81.34638214111328,3433600,0.238,0.0,0.0
2026-07-02,81.93000030517578,81.97000122070312,81.91999816894531,81.94000244140625,81.44578552246094,3504900,0.0,0.0,0.0
2026-07-06,81.95999908447266,81.9800033569336,81.94000244140625,81.9800033569336,81.48554229736328,5755600,0.0,0.0,0.0
2026-07-07,81.94000244140625,81.94999694824219,81.86000061035156,81.86000061035156,81.36626434326172,3199600,0.0,0.0,0.0
2026-07-08,81.86000061035156,81.86000061035156,81.80999755859375,81.83999633789062,81.34638214111328,2179200,0.0,0.0,0.0
2026-07-09,81.88999938964844,81.94000244140625,81.87999725341797,81.91000366210938,81.41596221923828,2645800,0.0,0.0,0.0
2026-07-10,81.91000366210938,81.93000030517578,81.87999725341797,81.87999725341797,81.38613891601562,2173800,0.0,0.0,0.0
2026-07-13,81.87000274658203,81.87000274658203,81.79000091552734,81.79000091552734,81.29668426513672,2808500,0.0,0.0,0.0
2026-07-14,81.93000030517578,81.97000122070312,81.88999938964844,81.93000030517578,81.43583679199219,2766900,0.0,0.0,0.0
2026-07-15,81.97000122070312,82.02999877929688,81.97000122070312,82.0,81.50541687011719,5041100,0.0,0.0,0.0
2026-07-16,81.9800033569336,82.0,81.95999908447266,82.0,81.50541687011719,2730500,0.0,0.0,0.0
2026-07-17,82.05999755859375,82.08999633789062,81.98999786376953,81.98999786376953,81.49547576904297,4355400,0.0,0.0,0.0
2026-07-20,81.98999786376953,81.98999786376953,81.91999816894531,81.95999908447266,81.46566009521484,2909600,0.0,0.0,0.0
2026-07-21,81.91999816894531,81.93000030517578,81.87999725341797,81.88999938964844,81.39608001708984,1845000,0.0,0.0,0.0
2026-07-22,81.88999938964844,81.88999938964844,81.83000183105469,81.83000183105469,81.3364486694336,3168400,0.0,0.0,0.0
2026-07-23,81.77999877929688,81.79000091552734,81.76000213623047,81.7699966430664,81.27680206298828,3129200,0.0,0.0,0.0
2026-07-24,81.81999969482422,81.87000274658203,81.80999755859375,81.8499984741211,81.3563232421875,2982800,0.0,0.0,0.0
2026-07-27,81.86000061035156,81.88999938964844,81.8499984741211,81.87000274658203,81.37620544433594,3070800,0.0,0.0,0.0
2026-07-28,81.91000366210938,81.97000122070312,81.9000015258789,81.94000244140625,81.44578552246094,2955500,0.0,0.0,0.0
2026-07-29,81.9000015258789,82.02999877929688,81.86000061035156,81.98999786376953,81.49547576904297,4820100,0.0,0.0,0.0
2026-07-30,82.0199966430664,82.04000091552734,82.0,82.01000213623047,81.5153579711914,3451100,0.0,0.0,0.0
2026-07-31,81.97000122070312,82.0,81.94000244140625,82.0,81.50541687011719,3142000,0.0,0.0,0.0
2026-08-03,81.77999877929688,81.77999877929688,81.75,81.7699966430664,81.52635192871094,4866900,0.251,0.0,0.0
2026-08-04,81.86000061035156,81.87999725341797,81.8499984741211,81.87000274658203,81.62606048583984,5719100,0.0,0.0,0.0
2026-08-05,81.8499984741211,81.9000015258789,81.83999633789062,81.9000015258789,81.65596771240234,5430100,0.0,0.0,0.0
2026-08-06,81.86000061035156,81.86000061035156,81.80000305175781,81.80000305175781,81.55626678466797,4636200,0.0,0.0,0.0
2026-08-07,81.94000244140625,81.94000244140625,81.88999938964844,81.91999816894531,81.6759033203125,2939600,0.0,0.0,0.0
2026-08-10,81.87999725341797,81.87999725341797,81.8499984741211,81.86000061035156,81.6160888671875,1629200,0.0,0.0,0.0
2026-08-11,81.88999938964844,81.91000366210938,81.87000274658203,81.87000274658203,81.62606048583984,2541600,0.0,0.0,0.0
2026-08-12,81.97000122070312,81.97000122070312,81.91999816894531,81.91999816894531,81.6759033203125,1930800,0.0,0.0,0.0
2026-08-13,82.01000213623047,82.05000305175781,82.01000213623047,82.02999877929688,81.78557586669922,1700600,0.0,0.0,0.0
2026-08-14,82.06999969482422,82.08000183105469,82.0,82.0,81.75566864013672,1945700,0.0,0.0,0.0
2026-08-17,82.01000213623047,82.04000091552734,82.0,82.0,81.75566864013672,2912500,0.0,0.0,0.0
2026-08-18,82.0,82.04000091552734,81.9800033569336,82.0199966430664,81.77560424804688,2401900,0.0,0.0,0.0
2026-08-19,82.04000091552734,82.05999755859375,81.98999786376953,82.05999755859375,81.81549072265625,6417400,0.0,0.0,0.0
2026-08-20,82.01000213623047,82.04000091552734,82.0,82.0199966430664,81.77560424804688,2248600,0.0,0.0,0.0
2026-08-21,82.0199966430664,82.02999877929688,81.9800033569336,82.0,81.75566864013672,2085000,0.0,0.0,0.0
2026-08-24,82.0,82.0199966430664,81.98999786376953,82.0,81.75566864013672,3585800,0.0,0.0,0.0
2026-08-25,82.04000091552734,82.0999984741211,82.04000091552734,82.08000183105469,81.83543395996094,1972100,0.0,0.0,0.0
2026-08-26,82.05999755859375,82.05999755859375,82.02999877929688,82.05000305175781,81.80552673339844,5500400,0.0,0.0,0.0
2026-08-27,82.05999755859375,82.06999969482422,82.02999877929688,82.04000091552734,81.7955551147461,3813100,0.0,0.0,0.0
2026-08-28,82.05000305175781,82.08999633789062,81.87999725341797,81.88999938964844,81.64599609375,5756100,0.0,0.0,0.0
2026-08-31,81.91999816894531,81.91999816894531,81.88999938964844,81.88999938964844,81.64599609375,4603800,0.0,0.0,0.0
