Date,Open,High,Low,Close,Adj Close,Volume,Dividends,Stock Splits,Capital Gains
2003-01-02,88.8499984741211,91.30000305175781,88.54000091552734,91.06999969482422,59.32896423339844,44516300,0.0,0.0,0.0
2003-01-03,90.91000366210938,91.37999725341797,90.5,91.3499984741211,59.511383056640625,32222600,0.0,0.0,0.0
2003-01-06,91.23999786376953,93.48999786376953,91.16999816894531,92.95999908447266,60.5602912902832,40984500,0.0,0.0,0.0
2003-01-07,92.9000015258789,93.37000274658203,92.19999694824219,92.7300033569336,60.410404205322266,38640400,0.0,0.0,0.0
2003-01-08,92.19999694824219,92.4000015258789,91.05000305175781,91.38999938964844,59.537445068359375,38702200,0.0,0.0,0.0
2003-01-09,91.81999969482422,93.18000030517578,91.41000366210938,92.80999755859375,60.46251678466797,34804900,0.0,0.0,0.0
2003-01-10,91.94999694824219,93.63999938964844,91.80000305175781,93.05999755859375,60.62541961669922,37768900,0.0,0.0,0.0
2003-01-13,93.54000091552734,93.86000061035156,92.44000244140625,93.02999877929688,60.60586929321289,31649900,0.0,0.0,0.0
2003-01-14,92.69000244140625,93.83000183105469,92.41000366210938,93.33000183105469,60.80128479003906,30733000,0.0,0.0,0.0
2003-01-15,93.54000091552734,93.56999969482422,91.91000366210938,92.4000015258789,60.19546127319336,33511800,0.0,0.0,0.0
2003-01-16,92.5,92.93000030517578,91.44999694824219,92.0199966430664,59.9478759765625,44812100,0.0,0.0,0.0
2003-01-17,90.98999786376953,92.30000305175781,90.1500015258789,90.66000366210938,59.061893463134766,35618300,0.0,0.0,0.0
2003-01-21,90.87000274658203,90.91999816894531,88.94999694824219,89.25,58.14329528808594,36826200,0.0,0.0,0.0
2003-01-22,88.7699966430664,89.80000305175781,88.0,88.16999816894531,57.439720153808594,42286500,0.0,0.0,0.0
2003-01-23,88.75,89.37999725341797,87.94999694824219,88.70999908447266,57.79151916503906,55919800,0.0,0.0,0.0
2003-01-24,88.58999633789062,88.68000030517578,86.16999816894531,86.37999725341797,56.27360916137695,68633900,0.0,0.0,0.0
2003-01-27,85.7300033569336,86.80000305175781,84.5,85.19999694824219,55.50490188598633,57884400,0.0,0.0,0.0
2003-01-28,85.62999725341797,86.4000015258789,85.12999725341797,85.83000183105469,55.915313720703125,46929100,0.0,0.0,0.0
2003-01-29,85.41999816894531,87.18000030517578,84.7699966430664,86.4800033569336,56.33877944946289,53712200,0.0,0.0,0.0
2003-01-30,86.79000091552734,86.87999725341797,84.4000015258789,84.43000030517578,55.003257751464844,49845900,0.0,0.0,0.0
2003-01-31,84.1500015258789,86.20999908447266,84.1500015258789,86.05999755859375,56.06513977050781,55317000,0.0,0.0,0.0
2003-02-03,86.13999938964844,86.80999755859375,85.91999816894531,86.2300033569336,56.1758918762207,39696000,0.0,0.0,0.0
2003-02-04,85.30999755859375,85.75,84.30000305175781,85.37999725341797,55.622169494628906,43633400,0.0,0.0,0.0
2003-02-05,85.75,86.54000091552734,84.4800033569336,84.8499984741211,55.276893615722656,55270600,0.0,0.0,0.0
2003-02-06,84.37000274658203,84.88999938964844,83.6500015258789,84.44999694824219,55.01627731323242,53638000,0.0,0.0,0.0
2003-02-07,84.91000366210938,84.98999786376953,82.97000122070312,83.41999816894531,54.345245361328125,43165000,0.0,0.0,0.0
2003-02-10,83.45999908447266,84.12999725341797,82.6500015258789,84.01000213623047,54.72964096069336,45455900,0.0,0.0,0.0
2003-02-11,84.37000274658203,84.87999725341797,82.83000183105469,83.43000030517578,54.351810455322266,46861000,0.0,0.0,0.0
2003-02-12,83.16000366210938,83.62000274658203,82.08999633789062,82.0999984741211,53.48533630371094,35873600,0.0,0.0,0.0
2003-02-13,82.1500015258789,82.66000366210938,81.0,82.3499984741211,53.648216247558594,57934100,0.0,0.0,0.0
2003-02-14,82.37000274658203,84.19999694824219,81.81999969482422,84.1500015258789,54.82087326049805,59580900,0.0,0.0,0.0
2003-02-18,84.52999877929688,85.80000305175781,84.38999938964844,85.62999725341797,55.785011291503906,39492700,0.0,0.0,0.0
2003-02-19,85.31999969482422,85.47000122070312,84.27999877929688,85.18000030517578,55.49186706542969,31432000,0.0,0.0,0.0
2003-02-20,85.20999908447266,85.41999816894531,84.05000305175781,84.33000183105469,54.938140869140625,29280100,0.0,0.0,0.0
2003-02-21,84.37999725341797,85.73999786376953,83.45999908447266,85.18000030517578,55.49186706542969,60955800,0.0,0.0,0.0
2003-02-24,84.93000030517578,85.0,83.58999633789062,83.80000305175781,54.59281539916992,30628600,0.0,0.0,0.0
2003-02-25,82.94999694824219,84.48999786376953,82.22000122070312,84.47000122070312,55.029319763183594,56770600,0.0,0.0,0.0
2003-02-26,84.0199966430664,84.52999877929688,83.08000183105469,83.23999786376953,54.22802734375,37787200,0.0,0.0,0.0
2003-02-27,83.69999694824219,84.75,83.16000366210938,84.33999633789062,54.94464874267578,51126000,0.0,0.0,0.0
2003-02-28,84.47000122070312,85.2300033569336,84.16000366210938,84.9000015258789,55.3094482421875,43666800,0.0,0.0,0.0
2003-03-03,85.26000213623047,85.77999877929688,83.72000122070312,84.08999633789062,54.78175735473633,42923100,0.0,0.0,0.0
2003-03-04,83.94999694824219,84.01000213623047,82.6500015258789,82.75,53.90878677368164,31440500,0.0,0.0,0.0
2003-03-05,82.61000061035156,83.54000091552734,82.36000061035156,83.44999694824219,54.364830017089844,43974700,0.0,0.0,0.0
2003-03-06,82.87000274658203,83.5199966430664,82.47000122070312,82.75,53.90878677368164,41217700,0.0,0.0,0.0
2003-03-07,81.61000061035156,83.98999786376953,81.43000030517578,83.31999969482422,54.280120849609375,63538000,0.0,0.0,0.0
2003-03-10,82.5999984741211,82.86000061035156,81.0999984741211,81.31999969482422,52.97719955444336,41014100,0.0,0.0,0.0
2003-03-11,81.4800033569336,82.0,80.4800033569336,80.5199966430664,52.45603942871094,48102700,0.0,0.0,0.0
2003-03-12,80.37999725341797,81.0999984741211,79.37999725341797,81.05999755859375,52.80781555175781,62459800,0.0,0.0,0.0
2003-03-13,82.18000030517578,83.91000366210938,81.52999877929688,83.86000061035156,54.63192367553711,72117800,0.0,0.0,0.0
2003-03-14,84.19999694824219,84.7699966430664,83.3499984741211,84.12999725341797,54.80781173706055,63951800,0.0,0.0,0.0
2003-03-17,83.45999908447266,86.94999694824219,83.22000122070312,86.77999877929688,56.53422164916992,88217500,0.0,0.0,0.0
2003-03-18,87.1500015258789,87.3499984741211,86.27999877929688,87.29000091552734,56.8664436340332,50792300,0.0,0.0,0.0
2003-03-19,87.27999877929688,88.16000366210938,86.68000030517578,87.95999908447266,57.30293655395508,49630800,0.0,0.0,0.0
2003-03-20,87.33000183105469,88.58999633789062,86.3499984741211,88.1500015258789,57.426727294921875,67321600,0.0,0.0,0.0
2003-03-21,88.80000305175781,89.87999725341797,87.93000030517578,89.66999816894531,58.652469635009766,71165300,0.354,0.0,0.0
2003-03-24,88.0199966430664,88.13999938964844,86.3499984741211,86.69000244140625,56.703285217285156,65398900,0.0,0.0,0.0
2003-03-25,86.73999786376953,88.26000213623047,86.44000244140625,87.5199966430664,57.24620819091797,61040100,0.0,0.0,0.0
2003-03-26,87.55999755859375,87.8499984741211,86.80000305175781,87.08000183105469,56.95839309692383,45740800,0.0,0.0,0.0
2003-03-27,86.4000015258789,87.66000366210938,85.98999786376953,87.1500015258789,57.004173278808594,53120200,0.0,0.0,0.0
2003-03-28,86.47000122070312,87.27999877929688,86.25,86.70999908447266,56.716339111328125,32583000,0.0,0.0,0.0
2003-03-31,85.3499984741211,86.58999633789062,84.4000015258789,84.73999786376953,55.427818298339844,61119500,0.0,0.0,0.0
2003-04-01,85.25,86.38999938964844,84.91000366210938,86.04000091552734,56.278133392333984,53574000,0.0,0.0,0.0
2003-04-02,87.54000091552734,88.7699966430664,87.5,88.12000274658203,57.63865661621094,50431200,0.0,0.0,0.0
2003-04-03,88.87000274658203,88.98999786376953,87.6500015258789,87.69999694824219,57.36391067504883,48755500,0.0,0.0,0.0
2003-04-04,88.43000030517578,88.58999633789062,87.62000274658203,88.22000122070312,57.70407485961914,36250100,0.0,0.0,0.0
2003-04-07,90.33999633789062,90.8499984741211,87.97000122070312,88.05000305175781,57.59284591674805,69776200,0.0,0.0,0.0
2003-04-08,88.30000305175781,88.6500015258789,87.70999908447266,88.19000244140625,57.6844367980957,39712700,0.0,0.0,0.0
2003-04-09,88.36000061035156,89.0999984741211,86.7699966430664,87.02999877929688,56.925655364990234,55647300,0.0,0.0,0.0
2003-04-10,87.08999633789062,87.62999725341797,85.70999908447266,87.51000213623047,57.23963165283203,41812400,0.0,0.0,0.0
2003-04-11,88.16000366210938,88.69999694824219,86.86000061035156,87.1500015258789,57.004173278808594,47730100,0.0,0.0,0.0
2003-04-14,87.47000122070312,89.0,87.0,88.94999694824219,58.181522369384766,36711700,0.0,0.0,0.0
2003-04-15,88.83999633789062,89.77999877929688,88.41999816894531,89.77999877929688,58.72441101074219,49709800,0.0,0.0,0.0
2003-04-16,89.91000366210938,90.05999755859375,88.02999877929688,88.25,57.723690032958984,51788000,0.0,0.0,0.0
2003-04-17,88.30000305175781,89.72000122070312,88.19000244140625,89.55999755859375,58.580528259277344,37403100,0.0,0.0,0.0
2003-04-21,89.86000061035156,90.16000366210938,89.05999755859375,89.6500015258789,58.63941955566406,32052700,0.0,0.0,0.0
2003-04-22,89.0999984741211,91.55999755859375,88.88999938964844,91.33999633789062,59.74478530883789,59763600,0.0,0.0,0.0
2003-04-23,91.62000274658203,92.3499984741211,91.23999786376953,92.18000030517578,60.294246673583984,44227100,0.0,0.0,0.0
2003-04-24,91.52999877929688,92.08000183105469,90.95999908447266,91.36000061035156,59.757896423339844,49692400,0.0,0.0,0.0
2003-04-25,91.30000305175781,91.47000122070312,90.0199966430664,90.2300033569336,59.018795013427734,43917200,0.0,0.0,0.0
2003-04-28,90.44000244140625,92.19000244140625,90.30000305175781,91.79000091552734,60.03915786743164,46432900,0.0,0.0,0.0
2003-04-29,92.13999938964844,92.80000305175781,91.4000015258789,92.11000061035156,60.248470306396484,52017100,0.0,0.0,0.0
2003-04-30,91.91000366210938,92.56999969482422,91.41000366210938,91.91000366210938,60.117645263671875,48709100,0.0,0.0,0.0
2003-05-01,91.91999816894531,92.7300033569336,90.5,91.9000015258789,60.111087799072266,50240400,0.0,0.0,0.0
2003-05-02,91.55999755859375,93.47000122070312,91.48999786376953,93.20999908447266,60.96796417236328,50201500,0.0,0.0,0.0
2003-05-05,93.47000122070312,93.77999877929688,92.5,93.02999877929688,60.85022735595703,35437800,0.0,0.0,0.0
2003-05-06,93.04000091552734,94.37999725341797,93.0,93.91000366210938,61.42582321166992,44401000,0.0,0.0,0.0
2003-05-07,93.41999816894531,94.13999938964844,92.97000122070312,93.38999938964844,61.08566665649414,41413100,0.0,0.0,0.0
2003-05-08,92.5199966430664,93.33000183105469,92.27999877929688,92.44999694824219,60.47090148925781,40570700,0.0,0.0,0.0
2003-05-09,92.83000183105469,93.80000305175781,92.61000061035156,93.7300033569336,61.30808639526367,33608100,0.0,0.0,0.0
2003-05-12,93.5,95.12000274658203,93.27999877929688,94.87999725341797,62.060298919677734,35662300,0.0,0.0,0.0
2003-05-13,94.52999877929688,95.18000030517578,94.26000213623047,94.70999908447266,61.9490966796875,39253600,0.0,0.0,0.0
2003-05-14,95.08999633789062,95.23999786376953,93.91000366210938,94.51000213623047,61.81827926635742,32195100,0.0,0.0,0.0
2003-05-15,94.88999938964844,95.33000183105469,94.25,95.11000061035156,62.21074676513672,43879200,0.0,0.0,0.0
2003-05-16,94.88999938964844,95.44999694824219,94.26000213623047,94.87000274658203,62.05376052856445,38905000,0.0,0.0,0.0
2003-05-19,94.1500015258789,94.41999816894531,92.33000183105469,92.6500015258789,60.60166549682617,41606000,0.0,0.0,0.0
2003-05-20,92.81999969482422,93.02999877929688,91.58999633789062,92.45999908447266,60.47740936279297,55404600,0.0,0.0,0.0
2003-05-21,92.11000061035156,92.87999725341797,91.91000366210938,92.6500015258789,60.60166549682617,49333800,0.0,0.0,0.0
2003-05-22,92.94999694824219,94.05000305175781,92.68000030517578,93.56999969482422,61.20338821411133,38421800,0.0,0.0,0.0
2003-05-23,93.52999877929688,93.9800033569336,93.13999938964844,93.76000213623047,61.32772445678711,26155900,0.0,0.0,0.0
2003-05-27,93.30000305175781,95.83999633789062,93.06999969482422,95.4000015258789,62.40040969848633,43719200,0.0,0.0,0.0
2003-05-28,95.8499984741211,96.47000122070312,95.43000030517578,95.66999816894531,62.577022552490234,37727100,0.0,0.0,0.0
2003-05-29,95.87999725341797,96.81999969482422,95.08000183105469,95.41999816894531,62.41348648071289,50844200,0.0,0.0,0.0
2003-05-30,95.9000015258789,97.08999633789062,95.55999755859375,96.94999694824219,63.41423797607422,52529500,0.0,0.0,0.0
2003-06-02,97.52999877929688,98.44999694824219,96.66999816894531,97.3499984741211,63.67593002319336,50305500,0.0,0.0,0.0
2003-06-03,97.1500015258789,97.83999633789062,96.8499984741211,97.75,63.937564849853516,38254500,0.0,0.0,0.0
2003-06-04,97.66000366210938,99.3499984741211,97.56999969482422,99.16000366210938,64.85982513427734,49360700,0.0,0.0,0.0
2003-06-05,98.58000183105469,99.6500015258789,98.2699966430664,99.6500015258789,65.18032836914062,46262400,0.0,0.0,0.0
2003-06-06,100.4000015258789,101.4000015258789,99.12999725341797,99.26000213623047,64.92520141601562,60356800,0.0,0.0,0.0
2003-06-09,98.7699966430664,99.0999984741211,97.7699966430664,98.25,64.26455688476562,37808500,0.0,0.0,0.0
2003-06-10,98.45999908447266,99.26000213623047,98.19000244140625,99.25,64.918701171875,29965900,0.0,0.0,0.0
2003-06-11,99.16000366210938,100.38999938964844,98.70999908447266,100.30000305175781,65.60546112060547,37610200,0.0,0.0,0.0
2003-06-12,100.75,100.9000015258789,99.62000274658203,100.61000061035156,65.80824279785156,36442000,0.0,0.0,0.0
2003-06-13,100.61000061035156,100.75,98.94999694824219,99.55999755859375,65.12146759033203,48628300,0.0,0.0,0.0
2003-06-16,99.95999908447266,101.69999694824219,99.80000305175781,101.66000366210938,66.49504852294922,36326300,0.0,0.0,0.0
2003-06-17,102.06999969482422,102.18000030517578,101.2300033569336,101.66000366210938,66.49504852294922,36801800,0.0,0.0,0.0
2003-06-18,101.29000091552734,102.13999938964844,101.0,101.56999969482422,66.43620300292969,35521000,0.0,0.0,0.0
2003-06-19,101.63999938964844,101.7300033569336,99.83999633789062,100.0199966430664,65.42231750488281,43551700,0.0,0.0,0.0
2003-06-20,100.38999938964844,100.5,99.41999816894531,99.44000244140625,65.27793884277344,41545000,0.36,0.0,0.0
2003-06-23,99.44999694824219,99.66000366210938,97.91999816894531,98.41999816894531,64.60833740234375,34237500,0.0,0.0,0.0
2003-06-24,98.22000122070312,99.08999633789062,98.0199966430664,98.5199966430664,64.67395782470703,36213600,0.0,0.0,0.0
2003-06-25,98.52999877929688,99.44000244140625,97.52999877929688,97.52999877929688,64.02405548095703,47743400,0.0,0.0,0.0
2003-06-26,97.77999877929688,98.9800033569336,96.95999908447266,98.80000305175781,64.85779571533203,33477300,0.0,0.0,0.0
2003-06-27,98.75,99.19000244140625,97.58000183105469,97.66000366210938,64.10942840576172,54208800,0.0,0.0,0.0
2003-06-30,98.22000122070312,98.66999816894531,97.47000122070312,97.62999725341797,64.08975219726562,33349000,0.0,0.0,0.0
2003-07-01,97.25,98.8499984741211,96.43000030517578,98.52999877929688,64.6805191040039,51322800,0.0,0.0,0.0
2003-07-02,98.7699966430664,99.79000091552734,98.56999969482422,99.7699966430664,65.49453735351562,34662100,0.0,0.0,0.0
2003-07-03,99.06999969482422,99.8499984741211,97.9000015258789,98.73999786376953,64.81838989257812,30792800,0.0,0.0,0.0
2003-07-07,99.6500015258789,100.9000015258789,99.6500015258789,100.69999694824219,66.10506439208984,31391100,0.0,0.0,0.0
2003-07-08,100.5,101.29000091552734,100.16999816894531,101.1500015258789,66.40045928955078,30952500,0.0,0.0,0.0
2003-07-09,100.91999816894531,101.4000015258789,100.02999877929688,100.58000183105469,66.02631378173828,36528500,0.0,0.0,0.0
2003-07-10,99.83999633789062,100.04000091552734,98.62999725341797,99.30000305175781,65.18602752685547,49777700,0.0,0.0,0.0
2003-07-11,99.38999938964844,100.44999694824219,99.38999938964844,100.23999786376953,65.80309295654297,39976300,0.0,0.0,0.0
2003-07-14,101.19999694824219,101.9000015258789,100.44999694824219,100.7300033569336,66.124755859375,42114900,0.0,0.0,0.0
2003-07-15,101.37999725341797,101.45999908447266,99.94999694824219,100.51000213623047,65.98033142089844,42573600,0.0,0.0,0.0
2003-07-16,100.80999755859375,100.87000274658203,99.2300033569336,99.91999816894531,65.59300231933594,39894200,0.0,0.0,0.0
2003-07-17,99.1500015258789,99.87999725341797,98.16000366210938,98.5,64.66084289550781,52253500,0.0,0.0,0.0
2003-07-18,99.0199966430664,99.80000305175781,98.45999908447266,99.51000213623047,65.32389068603516,35698100,0.0,0.0,0.0
2003-07-21,99.44999694824219,99.48999786376953,97.8499984741211,98.27999877929688,64.51644134521484,34786000,0.0,0.0,0.0
2003-07-22,98.69000244140625,99.41000366210938,97.91999816894531,99.16999816894531,65.1006851196289,49968300,0.0,0.0,0.0
2003-07-23,99.20999908447266,99.44999694824219,98.27999877929688,99.23999786376953,65.1466293334961,37275400,0.0,0.0,0.0
2003-07-24,99.98999786376953,100.33999633789062,98.37000274658203,98.48999786376953,64.65426635742188,40896200,0.0,0.0,0.0
2003-07-25,98.66000366210938,100.29000091552734,98.04000091552734,100.2300033569336,65.79650115966797,43241100,0.0,0.0,0.0
2003-07-28,100.37000274658203,100.9800033569336,99.66999816894531,99.86000061035156,65.55361938476562,34382800,0.0,0.0,0.0
2003-07-29,100.13999938964844,100.26000213623047,98.68000030517578,99.4000015258789,65.25170135498047,53472100,0.0,0.0,0.0
2003-07-30,99.5999984741211,99.75,98.93000030517578,99.16000366210938,65.0941162109375,28363300,0.0,0.0,0.0
2003-07-31,99.9800033569336,100.91000366210938,99.16999816894531,99.38999938964844,65.24508666992188,54937200,0.0,0.0,0.0
2003-08-01,99.19000244140625,99.52999877929688,98.23999786376953,98.51000213623047,64.66742706298828,49321000,0.0,0.0,0.0
2003-08-04,98.30999755859375,99.0,97.0,98.51000213623047,64.66742706298828,55214100,0.0,0.0,0.0
2003-08-05,98.41000366210938,98.76000213623047,96.33999633789062,96.41999816894531,63.295448303222656,61415600,0.0,0.0,0.0
2003-08-06,96.69000244140625,98.05999755859375,96.41999816894531,96.9800033569336,63.66301345825195,50096900,0.0,0.0,0.0
2003-08-07,97.16999816894531,98.06999969482422,96.76000213623047,98.0,64.33261108398438,43427400,0.0,0.0,0.0
2003-08-08,98.31999969482422,98.55000305175781,97.76000213623047,98.27999877929688,64.51644134521484,27357300,0.0,0.0,0.0
2003-08-11,98.26000213623047,99.04000091552734,97.83999633789062,98.6500015258789,64.75934600830078,34631400,0.0,0.0,0.0
2003-08-12,98.70999908447266,99.58999633789062,98.41999816894531,99.55000305175781,65.35012817382812,43285600,0.0,0.0,0.0
2003-08-13,99.81999969482422,99.8499984741211,98.52999877929688,99.04000091552734,65.01531219482422,36152000,0.0,0.0,0.0
2003-08-14,99.0999984741211,99.75,98.44999694824219,99.30999755859375,65.1926040649414,35525100,0.0,0.0,0.0
2003-08-15,99.36000061035156,99.79000091552734,99.12000274658203,99.62000274658203,65.39608001708984,12567000,0.0,0.0,0.0
2003-08-18,99.93000030517578,100.5999984741211,99.73999786376953,100.4800033569336,65.96060943603516,22873800,0.0,0.0,0.0
2003-08-19,100.69000244140625,100.94000244140625,100.0,100.86000061035156,66.2100830078125,37437700,0.0,0.0,0.0
2003-08-20,100.29000091552734,100.88999938964844,100.16000366210938,100.44999694824219,65.94095611572266,21295300,0.0,0.0,0.0
2003-08-21,101.05000305175781,101.5199966430664,100.4000015258789,100.7699966430664,66.15098571777344,46494200,0.0,0.0,0.0
2003-08-22,101.75,101.81999969482422,99.7300033569336,99.7699966430664,65.49453735351562,52040300,0.0,0.0,0.0
2003-08-25,99.70999908447266,100.83000183105469,99.27999877929688,99.93000030517578,65.59957122802734,23473000,0.0,0.0,0.0
2003-08-26,99.5,100.38999938964844,98.83000183105469,100.11000061035156,65.7177505493164,45065800,0.0,0.0,0.0
2003-08-27,100.05000305175781,100.36000061035156,99.56999969482422,100.13999938964844,65.73744201660156,18919500,0.0,0.0,0.0
2003-08-28,100.4000015258789,101.0,99.66000366210938,100.76000213623047,66.14444732666016,27402400,0.0,0.0,0.0
2003-08-29,100.61000061035156,101.4800033569336,100.4800033569336,101.44000244140625,66.59082794189453,28706600,0.0,0.0,0.0
2003-09-02,101.63999938964844,102.87999725341797,101.05000305175781,102.80000305175781,67.48359680175781,49419100,0.0,0.0,0.0
2003-09-03,103.02999877929688,103.69999694824219,102.77999877929688,103.36000061035156,67.85122680664062,44912400,0.0,0.0,0.0
2003-09-04,103.0999984741211,103.55000305175781,102.76000213623047,103.41000366210938,67.88404846191406,28381000,0.0,0.0,0.0
2003-09-05,102.94000244140625,103.55000305175781,102.4000015258789,102.83000183105469,67.5033187866211,31637300,0.0,0.0,0.0
2003-09-08,103.04000091552734,103.87999725341797,102.93000030517578,103.68000030517578,68.0612564086914,32632800,0.0,0.0,0.0
2003-09-09,103.37000274658203,103.45999908447266,102.68000030517578,103.0,67.61490631103516,35053200,0.0,0.0,0.0
2003-09-10,102.52999877929688,102.80000305175781,101.55000305175781,101.95999908447266,66.93217468261719,45904900,0.0,0.0,0.0
2003-09-11,102.0999984741211,102.76000213623047,101.83999633789062,102.26000213623047,67.12913513183594,38396300,0.0,0.0,0.0
2003-09-12,101.91000366210938,102.63999938964844,101.3499984741211,102.44999694824219,67.25383758544922,42524800,0.0,0.0,0.0
2003-09-15,102.5199966430664,102.62999725341797,101.94999694824219,102.08999633789062,67.01752471923828,21312800,0.0,0.0,0.0
2003-09-16,102.2300033569336,103.63999938964844,102.16999816894531,103.58000183105469,67.99564361572266,37892600,0.0,0.0,0.0
2003-09-17,103.4800033569336,103.79000091552734,103.05000305175781,103.37999725341797,67.86434936523438,31885800,0.0,0.0,0.0
2003-09-18,103.4000015258789,104.69999694824219,103.16999816894531,104.5999984741211,68.66522979736328,30243600,0.0,0.0,0.0
2003-09-19,104.2699966430664,104.5999984741211,103.4000015258789,103.66999816894531,68.31599426269531,34331600,0.4,0.0,0.0
2003-09-22,102.8499984741211,102.95999908447266,102.02999877929688,102.55000305175781,67.57793426513672,36677400,0.0,0.0,0.0
2003-09-23,102.58999633789062,103.29000091552734,102.36000061035156,102.94000244140625,67.8349380493164,32489200,0.0,0.0,0.0
2003-09-24,103.12000274658203,103.22000122070312,101.06999969482422,101.11000061035156,66.62899017333984,41694700,0.0,0.0,0.0
2003-09-25,101.41000366210938,101.87999725341797,100.19999694824219,100.27999877929688,66.08203887939453,52673100,0.0,0.0,0.0
2003-09-26,100.44000244140625,100.66000366210938,99.8499984741211,99.94999694824219,65.86460876464844,42914700,0.0,0.0,0.0
2003-09-29,100.30000305175781,100.98999786376953,99.79000091552734,100.93000030517578,66.51038360595703,36771600,0.0,0.0,0.0
2003-09-30,100.4800033569336,100.76000213623047,99.25,99.94999694824219,65.86460876464844,70764500,0.0,0.0,0.0
2003-10-01,100.23999786376953,102.18000030517578,100.19999694824219,102.08000183105469,67.2681884765625,65797600,0.0,0.0,0.0
2003-10-02,101.93000030517578,102.55999755859375,101.62999725341797,102.44999694824219,67.51203918457031,44591500,0.0,0.0,0.0
2003-10-03,103.66999816894531,104.27999877929688,103.08000183105469,103.38999938964844,68.13143920898438,48806900,0.0,0.0,0.0
2003-10-06,103.4800033569336,103.98999786376953,103.19999694824219,103.86000061035156,68.441162109375,20226500,0.0,0.0,0.0
2003-10-07,103.26000213623047,104.30999755859375,102.91000366210938,104.26000213623047,68.70476531982422,42602900,0.0,0.0,0.0
2003-10-08,104.33000183105469,104.38999938964844,103.41000366210938,104.0,68.53343963623047,30920800,0.0,0.0,0.0
2003-10-09,104.87999725341797,105.22000122070312,103.83000183105469,104.27999877929688,68.71795654296875,40066500,0.0,0.0,0.0
2003-10-10,104.2699966430664,104.5999984741211,103.91000366210938,104.56999969482422,68.9090576171875,22682800,0.0,0.0,0.0
2003-10-13,104.70999908447266,105.29000091552734,104.51000213623047,104.9000015258789,69.12651062011719,23825600,0.0,0.0,0.0
2003-10-14,104.80000305175781,105.43000030517578,104.36000061035156,105.2699966430664,69.37035369873047,38484400,0.0,0.0,0.0
2003-10-15,105.86000061035156,105.88999938964844,104.63999938964844,104.98999786376953,69.18583679199219,39021700,0.0,0.0,0.0
2003-10-16,104.68000030517578,105.7300033569336,104.6500015258789,105.41000366210938,69.46260833740234,32772200,0.0,0.0,0.0
2003-10-17,105.47000122070312,105.62999725341797,103.9800033569336,104.26000213623047,68.70476531982422,32790300,0.0,0.0,0.0
2003-10-20,104.44999694824219,105.04000091552734,103.94000244140625,105.04000091552734,69.21875762939453,27657000,0.0,0.0,0.0
2003-10-21,104.81999969482422,105.27999877929688,104.31999969482422,104.86000061035156,69.10014343261719,26729100,0.0,0.0,0.0
2003-10-22,104.02999877929688,104.19000244140625,103.19000244140625,103.54000091552734,68.23035430908203,33914500,0.0,0.0,0.0
2003-10-23,102.88999938964844,103.94999694824219,102.83999633789062,103.3499984741211,68.10511779785156,45830500,0.0,0.0,0.0
2003-10-24,102.83000183105469,103.58000183105469,102.18000030517578,103.58000183105469,68.25664520263672,51723600,0.0,0.0,0.0
2003-10-27,103.73999786376953,104.18000030517578,103.2699966430664,103.62999725341797,68.28958129882812,32460200,0.0,0.0,0.0
2003-10-28,103.9800033569336,105.1500015258789,103.81999969482422,105.04000091552734,69.21875762939453,34956200,0.0,0.0,0.0
2003-10-29,104.7699966430664,105.43000030517578,103.87000274658203,105.18000030517578,69.3110122680664,30955400,0.0,0.0,0.0
2003-10-30,105.79000091552734,105.97000122070312,104.80000305175781,105.4000015258789,69.45599365234375,39123100,0.0,0.0,0.0
2003-10-31,105.4000015258789,105.73999786376953,105.22000122070312,105.30000305175781,69.39009094238281,25761600,0.0,0.0,0.0
2003-11-03,105.75,106.61000061035156,105.70999908447266,105.98999786376953,69.84479522705078,37589300,0.0,0.0,0.0
2003-11-04,105.98999786376953,106.2699966430664,105.58000183105469,105.76000213623047,69.6932373046875,31421600,0.0,0.0,0.0
2003-11-05,105.48999786376953,105.97000122070312,104.9000015258789,105.83999633789062,69.7459716796875,33558800,0.0,0.0,0.0
2003-11-06,105.5999984741211,106.44000244140625,105.0999984741211,106.4000015258789,70.1149673461914,28392300,0.0,0.0,0.0
2003-11-07,106.63999938964844,106.72000122070312,105.56999969482422,105.61000061035156,69.5943832397461,31723200,0.0,0.0,0.0
2003-11-10,105.73999786376953,105.83999633789062,105.01000213623047,105.18000030517578,69.3110122680664,25530800,0.0,0.0,0.0
2003-11-11,105.08999633789062,105.33000183105469,104.80000305175781,105.1500015258789,69.291259765625,26558600,0.0,0.0,0.0
2003-11-12,105.2300033569336,106.47000122070312,105.16000366210938,106.33000183105469,70.0688247680664,28000000,0.0,0.0,0.0
2003-11-13,106.01000213623047,106.54000091552734,105.77999877929688,106.36000061035156,70.0886001586914,29714800,0.0,0.0,0.0
2003-11-14,106.4000015258789,106.94999694824219,105.29000091552734,105.45999908447266,69.49552154541016,49158500,0.0,0.0,0.0
2003-11-17,104.91000366210938,105.13999938964844,104.04000091552734,104.93000030517578,69.1462631225586,44382100,0.0,0.0,0.0
2003-11-18,105.23999786376953,105.44999694824219,103.69999694824219,103.83999633789062,68.42799377441406,41155000,0.0,0.0,0.0
2003-11-19,104.02999877929688,105.01000213623047,103.91999816894531,104.72000122070312,69.00790405273438,29827000,0.0,0.0,0.0
2003-11-20,104.0,105.23999786376953,103.75,103.77999877929688,68.38844299316406,53578700,0.0,0.0,0.0
2003-11-21,104.23999786376953,104.33000183105469,103.62000274658203,104.20999908447266,68.67180633544922,30016000,0.0,0.0,0.0
2003-11-24,104.69000244140625,105.77999877929688,104.68000030517578,105.58999633789062,69.58122253417969,28906400,0.0,0.0,0.0
2003-11-25,105.7300033569336,106.41999816894531,105.44999694824219,105.98999786376953,69.84479522705078,37580000,0.0,0.0,0.0
2003-11-26,106.41999816894531,106.44999694824219,105.38999938964844,106.37000274658203,70.09522247314453,33053600,0.0,0.0,0.0
2003-11-28,106.27999877929688,106.66000366210938,106.19999694824219,106.44999694824219,70.14791870117188,10507500,0.0,0.0,0.0
2003-12-01,106.8499984741211,107.68000030517578,106.80000305175781,107.5999984741211,70.90576934814453,38699000,0.0,0.0,0.0
2003-12-02,107.37999725341797,107.7699966430664,107.06999969482422,107.33000183105469,70.72781372070312,35352000,0.0,0.0,0.0
2003-12-03,107.6500015258789,108.08000183105469,107.06999969482422,107.16000366210938,70.61579132080078,39078600,0.0,0.0,0.0
2003-12-04,107.16999816894531,107.72000122070312,106.94000244140625,107.5999984741211,70.90576934814453,36089500,0.0,0.0,0.0
2003-12-05,107.12000274658203,107.80000305175781,106.62000274658203,106.8499984741211,70.41150665283203,28824400,0.0,0.0,0.0
2003-12-08,106.73999786376953,107.63999938964844,106.68000030517578,107.56999969482422,70.88600158691406,32482900,0.0,0.0,0.0
2003-12-09,107.9000015258789,107.93000030517578,106.54000091552734,106.73999786376953,70.33905792236328,43596100,0.0,0.0,0.0
2003-12-10,106.7699966430664,106.9800033569336,105.95999908447266,106.7300033569336,70.33245086669922,36915400,0.0,0.0,0.0
2003-12-11,106.68000030517578,108.0999984741211,106.66999816894531,107.93000030517578,71.1231918334961,45304000,0.0,0.0,0.0
2003-12-12,107.97000122070312,108.19999694824219,107.38999938964844,108.13999938964844,71.26158142089844,34142200,0.0,0.0,0.0
2003-12-15,109.16999816894531,109.2300033569336,107.4800033569336,107.5999984741211,70.90576934814453,38693400,0.0,0.0,0.0
2003-12-16,107.68000030517578,108.5,107.5199966430664,108.16000366210938,71.27479553222656,32894200,0.0,0.0,0.0
2003-12-17,108.05999755859375,108.5,107.80000305175781,108.5,71.49884033203125,23198800,0.0,0.0,0.0
2003-12-18,108.55000305175781,109.7300033569336,108.38999938964844,109.72000122070312,72.3027572631836,29353100,0.0,0.0,0.0
2003-12-19,109.30000305175781,109.37000274658203,108.58000183105469,108.9000015258789,72.10152435302734,41465100,0.516,0.0,0.0
2003-12-22,108.79000091552734,109.66000366210938,108.77999877929688,109.66000366210938,72.60469818115234,27611300,0.0,0.0,0.0
2003-12-23,109.4800033569336,109.94999694824219,109.37999725341797,109.7300033569336,72.65105438232422,24741200,0.0,0.0,0.0
2003-12-24,109.5199966430664,109.87999725341797,109.43000030517578,109.62000274658203,72.57819366455078,8055800,0.0,0.0,0.0
2003-12-26,109.70999908447266,110.08000183105469,109.62999725341797,109.69999694824219,72.63119506835938,8308400,0.0,0.0,0.0
2003-12-29,110.0999984741211,111.2699966430664,109.77999877929688,111.16000366210938,73.59783172607422,22483700,0.0,0.0,0.0
2003-12-30,111.08999633789062,111.2699966430664,110.8499984741211,111.18000030517578,73.61105346679688,19559500,0.0,0.0,0.0
2003-12-31,111.22000122070312,111.5199966430664,110.83999633789062,111.27999877929688,73.67728424072266,31501800,0.0,0.0,0.0
2004-01-02,111.73999786376953,112.19000244140625,110.7300033569336,111.2300033569336,73.64417266845703,38072300,0.0,0.0,0.0
2004-01-05,111.69000244140625,112.5199966430664,111.58999633789062,112.44000244140625,74.44529724121094,27959800,0.0,0.0,0.0
2004-01-06,112.16000366210938,112.7300033569336,112.0,112.55000305175781,74.51812744140625,20472800,0.0,0.0,0.0
2004-01-07,112.38999938964844,113.05999755859375,111.88999938964844,112.93000030517578,74.76974487304688,30170400,0.0,0.0,0.0
2004-01-08,113.25,113.41000366210938,112.7699966430664,113.37999725341797,75.06765747070312,36438400,0.0,0.0,0.0
2004-01-09,112.83000183105469,113.5,112.2699966430664,112.38999938964844,74.41216278076172,54084300,0.0,0.0,0.0
2004-01-12,112.55000305175781,113.25,112.36000061035156,113.22000122070312,74.96171569824219,31564100,0.0,0.0,0.0
2004-01-13,113.08999633789062,113.2300033569336,111.76000213623047,112.55999755859375,74.52473449707031,54239700,0.0,0.0,0.0
2004-01-14,112.76000213623047,113.66000366210938,112.66999816894531,113.5,75.14710235595703,30112800,0.0,0.0,0.0
2004-01-15,113.56999969482422,114.05999755859375,112.58000183105469,113.77999877929688,75.33247375488281,38408700,0.0,0.0,0.0
2004-01-16,114.04000091552734,114.30999755859375,113.62999725341797,114.2300033569336,75.63044738769531,31922700,0.0,0.0,0.0
2004-01-20,114.52999877929688,114.6500015258789,113.81999969482422,114.19999694824219,75.61056518554688,29863000,0.0,0.0,0.0
2004-01-21,114.12999725341797,115.30000305175781,113.72000122070312,115.0999984741211,76.2064437866211,30725000,0.0,0.0,0.0
2004-01-22,115.13999938964844,115.37999725341797,114.58000183105469,114.80000305175781,76.00782012939453,29888500,0.0,0.0,0.0
2004-01-23,115.0,115.37000274658203,113.94999694824219,114.43000030517578,75.76287078857422,44245300,0.0,0.0,0.0
2004-01-26,114.38999938964844,115.93000030517578,114.37999725341797,115.87000274658203,76.7162857055664,30460600,0.0,0.0,0.0
2004-01-27,115.75,116.5,114.6500015258789,114.68000030517578,75.9283447265625,35322800,0.0,0.0,0.0
2004-01-28,114.9800033569336,115.27999877929688,112.94000244140625,113.37000274658203,75.06103515625,52621300,0.0,0.0,0.0
2004-01-29,113.55999755859375,113.8499984741211,112.55999755859375,113.4800033569336,75.13384246826172,60117100,0.0,0.0,0.0
2004-01-30,113.5199966430664,113.72000122070312,113.08999633789062,113.4800033569336,75.13384246826172,30984400,0.0,0.0,0.0
2004-02-02,113.69999694824219,114.68000030517578,113.12000274658203,113.97000122070312,75.45829772949219,38832400,0.0,0.0,0.0
2004-02-03,113.73999786376953,114.13999938964844,113.44000244140625,113.77999877929688,75.33247375488281,25093500,0.0,0.0,0.0
2004-02-04,113.19000244140625,113.7300033569336,112.79000091552734,112.8499984741211,74.71674346923828,39332600,0.0,0.0,0.0
2004-02-05,113.16999816894531,113.54000091552734,112.77999877929688,113.18000030517578,74.93523406982422,37226800,0.0,0.0,0.0
2004-02-06,113.41999816894531,114.69999694824219,113.19999694824219,114.44999694824219,75.7761001586914,37216000,0.0,0.0,0.0
2004-02-09,114.66999816894531,114.87000274658203,114.29000091552734,114.4800033569336,75.79594421386719,24851300,0.0,0.0,0.0
2004-02-10,114.27999877929688,115.13999938964844,114.26000213623047,114.8499984741211,76.04093933105469,27908100,0.0,0.0,0.0
2004-02-11,114.8499984741211,116.38999938964844,114.16999816894531,116.06999969482422,76.84866333007812,42965700,0.0,0.0,0.0
2004-02-12,115.97000122070312,116.2699966430664,115.58000183105469,115.6500015258789,76.57061767578125,27814700,0.0,0.0,0.0
2004-02-13,115.81999969482422,116.19999694824219,114.75,115.12999725341797,76.2262954711914,44739900,0.0,0.0,0.0
2004-02-17,115.8499984741211,116.43000030517578,115.7699966430664,116.16999816894531,76.9148941040039,23984300,0.0,0.0,0.0
2004-02-18,116.19999694824219,116.5999984741211,115.3499984741211,115.66000366210938,76.57720184326172,28618000,0.0,0.0,0.0
2004-02-19,116.33000183105469,116.38999938964844,115.05999755859375,115.2300033569336,76.29251861572266,51146200,0.0,0.0,0.0
2004-02-20,115.4800033569336,115.55999755859375,114.31999969482422,114.87999725341797,76.06077575683594,46728800,0.0,0.0,0.0
2004-02-23,115.22000122070312,115.26000213623047,114.16999816894531,114.58999633789062,75.86876678466797,36357000,0.0,0.0,0.0
2004-02-24,114.2699966430664,114.98999786376953,113.02999877929688,114.38999938964844,75.73636627197266,43953000,0.0,0.0,0.0
2004-02-25,114.45999908447266,115.05999755859375,114.31999969482422,114.87000274658203,76.05416870117188,31213600,0.0,0.0,0.0
2004-02-26,114.61000061035156,115.29000091552734,114.33999633789062,114.94000244140625,76.10050201416016,29683000,0.0,0.0,0.0
2004-02-27,115.19000244140625,115.73999786376953,114.62999725341797,115.0199966430664,76.15345764160156,39312000,0.0,0.0,0.0
2004-03-01,115.43000030517578,116.33999633789062,115.25,116.16000366210938,76.90824127197266,33130800,0.0,0.0,0.0
2004-03-02,115.94000244140625,116.97000122070312,115.2300033569336,115.4800033569336,76.45804595947266,38556400,0.0,0.0,0.0
2004-03-03,115.25,115.87000274658203,114.91999816894531,115.69000244140625,76.59705352783203,31346200,0.0,0.0,0.0
2004-03-04,115.72000122070312,116.0999984741211,115.5199966430664,115.98999786376953,76.79571533203125,21060000,0.0,0.0,0.0
2004-03-05,115.41999816894531,116.94999694824219,115.27999877929688,116.37999725341797,77.0539321899414,55905600,0.0,0.0,0.0
2004-03-08,116.33999633789062,116.62000274658203,114.91000366210938,114.95999908447266,76.1137466430664,39281600,0.0,0.0,0.0
2004-03-09,115.0999984741211,115.20999908447266,114.23999786376953,114.5,75.80923461914062,39746100,0.0,0.0,0.0
2004-03-10,114.72000122070312,114.7699966430664,112.55999755859375,112.58000183105469,74.53794860839844,67671800,0.0,0.0,0.0
2004-03-11,112.4000015258789,113.2699966430664,111.0999984741211,111.12000274658203,73.57132720947266,89134800,0.0,0.0,0.0
2004-03-12,111.7300033569336,112.70999908447266,111.58000183105469,112.58000183105469,74.53794860839844,54012200,0.0,0.0,0.0
2004-03-15,112.2699966430664,112.3499984741211,110.9000015258789,111.19999694824219,73.6242904663086,57677200,0.0,0.0,0.0
2004-03-16,111.77999877929688,112.05999755859375,110.83999633789062,111.79000091552734,74.0149154663086,59832600,0.0,0.0,0.0
2004-03-17,112.18000030517578,113.26000213623047,112.0999984741211,113.04000091552734,74.84253692626953,41607300,0.0,0.0,0.0
2004-03-18,112.69999694824219,113.2699966430664,111.93000030517578,113.06999969482422,74.86241149902344,60014300,0.0,0.0,0.0
2004-03-19,112.41000366210938,112.56999969482422,111.04000091552734,111.05999755859375,73.78939056396484,48636200,0.395,0.0,0.0
2004-03-22,110.54000091552734,110.56999969482422,109.0999984741211,109.6500015258789,72.85256958007812,62752100,0.0,0.0,0.0
2004-03-23,110.25,110.4000015258789,109.36000061035156,109.45999908447266,72.7263412475586,54080200,0.0,0.0,0.0
2004-03-24,109.58000183105469,110.13999938964844,108.8499984741211,109.55000305175781,72.78610229492188,51584300,0.0,0.0,0.0
2004-03-25,110.08000183105469,111.30000305175781,109.79000091552734,111.0,73.74952697753906,49873600,0.0,0.0,0.0
2004-03-26,110.95999908447266,111.79000091552734,110.80000305175781,111.02999877929688,73.76948547363281,37409500,0.0,0.0,0.0
2004-03-29,111.62999725341797,112.73999786376953,111.58000183105469,112.58999633789062,74.80590057373047,44113600,0.0,0.0,0.0
2004-03-30,112.30000305175781,113.06999969482422,112.22000122070312,112.97000122070312,75.05841064453125,39059900,0.0,0.0,0.0
2004-03-31,112.98999786376953,113.4000015258789,112.37999725341797,113.0999984741211,75.1447982788086,48517600,0.0,0.0,0.0
2004-04-01,113.06999969482422,113.87000274658203,113.05000305175781,113.77999877929688,75.59657287597656,45103800,0.0,0.0,0.0
2004-04-02,114.80999755859375,114.83999633789062,113.9000015258789,114.63999938964844,76.16798400878906,50987700,0.0,0.0,0.0
2004-04-05,114.45999908447266,115.37999725341797,114.44000244140625,115.2699966430664,76.58653259277344,30251800,0.0,0.0,0.0
2004-04-06,114.83000183105469,115.18000030517578,114.62000274658203,114.9000015258789,76.34070587158203,28420900,0.0,0.0,0.0
2004-04-07,114.94999694824219,114.9800033569336,114.11000061035156,114.62999725341797,76.16134643554688,45890500,0.0,0.0,0.0
2004-04-08,115.41000366210938,115.41000366210938,113.73999786376953,114.37000274658203,75.98859405517578,46929700,0.0,0.0,0.0
2004-04-12,114.58000183105469,115.08000183105469,114.56999969482422,114.81999969482422,76.28759002685547,23085200,0.0,0.0,0.0
2004-04-13,115.26000213623047,115.30000305175781,113.0199966430664,113.20999908447266,75.21788024902344,56210300,0.0,0.0,0.0
2004-04-14,112.61000061035156,113.63999938964844,112.55000305175781,113.38999938964844,75.33745574951172,62322300,0.0,0.0,0.0
2004-04-15,113.44999694824219,113.77999877929688,112.36000061035156,112.95999908447266,75.05177307128906,61602500,0.0,0.0,0.0
2004-04-16,113.37999725341797,114.05000305175781,112.9800033569336,113.83000183105469,75.62980651855469,47059200,0.0,0.0,0.0
2004-04-19,113.55000305175781,113.98999786376953,113.2699966430664,113.83000183105469,75.62980651855469,28277600,0.0,0.0,0.0
2004-04-20,114.08000183105469,114.31999969482422,111.77999877929688,111.91999816894531,74.36079406738281,53299400,0.0,0.0,0.0
2004-04-21,112.19999694824219,112.94999694824219,111.87000274658203,112.66999816894531,74.85909271240234,50177300,0.0,0.0,0.0
2004-04-22,112.4800033569336,114.66999816894531,112.44000244140625,114.25,75.90887451171875,62071500,0.0,0.0,0.0
2004-04-23,114.41999816894531,114.56999969482422,113.79000091552734,114.36000061035156,75.98194885253906,29395700,0.0,0.0,0.0
2004-04-26,114.5,114.94000244140625,113.5999984741211,114.19999694824219,75.87561798095703,35515200,0.0,0.0,0.0
2004-04-27,114.2300033569336,115.12000274658203,113.95999908447266,114.30000305175781,75.94205474853516,43485500,0.0,0.0,0.0
2004-04-28,113.88999938964844,114.01000213623047,112.5,112.81999969482422,74.95875549316406,50165800,0.0,0.0,0.0
2004-04-29,112.72000122070312,113.31999969482422,111.16000366210938,111.83000183105469,74.3010025024414,69687600,0.0,0.0,0.0
2004-04-30,112.16999816894531,112.37999725341797,110.9000015258789,110.95999908447266,73.72295379638672,48681400,0.0,0.0,0.0
2004-05-03,111.37000274658203,112.29000091552734,111.3499984741211,112.1500015258789,74.51360321044922,33758000,0.0,0.0,0.0
2004-05-04,112.25,113.26000213623047,111.66000366210938,112.05999755859375,74.45380401611328,51185100,0.0,0.0,0.0
2004-05-05,112.41000366210938,112.95999908447266,112.16000366210938,112.77999877929688,74.93219757080078,34405000,0.0,0.0,0.0
2004-05-06,112.0199966430664,112.58999633789062,111.0,111.80999755859375,74.28770446777344,54997000,0.0,0.0,0.0
2004-05-07,111.22000122070312,112.2300033569336,109.95999908447266,109.95999908447266,73.05854797363281,60950000,0.0,0.0,0.0
2004-05-10,109.44000244140625,109.75,108.36000061035156,108.83000183105469,72.30773162841797,75279400,0.0,0.0,0.0
2004-05-11,109.45999908447266,110.05000305175781,109.33000183105469,109.75,72.91905212402344,48300600,0.0,0.0,0.0
2004-05-12,109.56999969482422,110.54000091552734,108.05999755859375,110.44999694824219,73.38409423828125,90830500,0.0,0.0,0.0
2004-05-13,109.76000213623047,110.80999755859375,109.62999725341797,109.98999786376953,73.07844543457031,57393700,0.0,0.0,0.0
2004-05-14,109.94999694824219,110.73999786376953,109.2699966430664,110.04000091552734,73.11166381835938,54123100,0.0,0.0,0.0
2004-05-17,108.88999938964844,109.5,108.41000366210938,109.0999984741211,72.4871597290039,55020400,0.0,0.0,0.0
2004-05-18,109.48999786376953,109.94000244140625,109.33000183105469,109.6500015258789,72.85256958007812,30193100,0.0,0.0,0.0
2004-05-19,110.5,111.18000030517578,109.1500015258789,109.2699966430664,72.6000747680664,54804100,0.0,0.0,0.0
2004-05-20,109.44999694824219,109.87000274658203,109.04000091552734,109.62000274658203,72.83262634277344,38082900,0.0,0.0,0.0
2004-05-21,109.97000122070312,110.55000305175781,109.47000122070312,109.80999755859375,72.95885467529297,47480400,0.0,0.0,0.0
2004-05-24,110.52999877929688,110.76000213623047,109.68000030517578,110.2699966430664,73.2645034790039,40961500,0.0,0.0,0.0
2004-05-25,109.9000015258789,111.9800033569336,109.5999984741211,111.8499984741211,74.31426239013672,48668000,0.0,0.0,0.0
2004-05-26,111.66000366210938,112.29000091552734,111.51000213623047,112.23999786376953,74.57342529296875,35977000,0.0,0.0,0.0
2004-05-27,112.54000091552734,113.02999877929688,112.05999755859375,112.87000274658203,74.99197387695312,45306900,0.0,0.0,0.0
2004-05-28,112.7300033569336,112.87999725341797,112.36000061035156,112.86000061035156,74.98535919189453,23367200,0.0,0.0,0.0
2004-06-01,112.45999908447266,112.86000061035156,111.87000274658203,112.70999908447266,74.88567352294922,41044700,0.0,0.0,0.0
2004-06-02,113.02999877929688,113.4800033569336,112.45999908447266,113.12999725341797,75.16472625732422,39774200,0.0,0.0,0.0
2004-06-03,112.80999755859375,113.19000244140625,112.06999969482422,112.08999633789062,74.4737319946289,38688300,0.0,0.0,0.0
2004-06-04,112.9800033569336,113.58000183105469,112.70999908447266,112.9800033569336,75.06504821777344,32739500,0.0,0.0,0.0
2004-06-07,113.43000030517578,114.80999755859375,113.41999816894531,114.69999694824219,76.20781707763672,31643800,0.0,0.0,0.0
2004-06-08,114.37000274658203,114.91999816894531,114.16999816894531,114.86000061035156,76.31415557861328,32846500,0.0,0.0,0.0
2004-06-09,114.51000213623047,114.69999694824219,113.72000122070312,113.79000091552734,75.60324096679688,36737600,0.0,0.0,0.0
2004-06-10,114.04000091552734,114.3499984741211,113.93000030517578,114.3499984741211,75.97528839111328,21711000,0.0,0.0,0.0
2004-06-14,113.81999969482422,113.8499984741211,112.87000274658203,113.22000122070312,75.22454071044922,34633000,0.0,0.0,0.0
2004-06-15,113.9000015258789,114.44999694824219,113.51000213623047,114.0199966430664,75.75601196289062,37445000,0.0,0.0,0.0
2004-06-16,114.0,114.19999694824219,113.69999694824219,114.0,75.74278259277344,26633400,0.0,0.0,0.0
2004-06-17,113.8499984741211,114.06999969482422,113.33000183105469,113.83000183105469,75.62980651855469,28402400,0.0,0.0,0.0
2004-06-18,113.2699966430664,114.22000122070312,113.18000030517578,113.62999725341797,75.77249908447266,31799800,0.414,0.0,0.0
2004-06-21,113.75,114.13999938964844,113.12999725341797,113.19999694824219,75.48577117919922,25284000,0.0,0.0,0.0
2004-06-22,113.12999725341797,113.87999725341797,112.66999816894531,113.7699966430664,75.86585998535156,37334000,0.0,0.0,0.0
2004-06-23,113.61000061035156,114.83999633789062,113.41999816894531,114.75,76.51935577392578,35580000,0.0,0.0,0.0
2004-06-24,114.55999755859375,114.93000030517578,114.26000213623047,114.38999938964844,76.279296875,35272100,0.0,0.0,0.0
2004-06-25,114.41000366210938,114.94000244140625,113.68000030517578,113.83999633789062,75.91252899169922,32837900,0.0,0.0,0.0
2004-06-28,114.5199966430664,114.61000061035156,113.41000366210938,113.44999694824219,75.65245056152344,40824500,0.0,0.0,0.0
2004-06-29,113.52999877929688,114.16999816894531,113.41999816894531,113.91999816894531,75.96588897705078,28418100,0.0,0.0,0.0
2004-06-30,114.06999969482422,114.79000091552734,113.6500015258789,114.52999877929688,76.37266540527344,52230600,0.0,0.0,0.0
2004-07-01,114.25,114.4000015258789,112.58000183105469,112.94000244140625,75.31239318847656,57734700,0.0,0.0,0.0
2004-07-02,113.16000366210938,113.29000091552734,112.5999984741211,112.87999725341797,75.2723617553711,34615100,0.0,0.0,0.0
2004-07-06,112.37000274658203,112.44999694824219,111.62999725341797,111.88999938964844,74.61222839355469,38698200,0.0,0.0,0.0
2004-07-07,111.80999755859375,112.56999969482422,111.75,112.22000122070312,74.832275390625,29839800,0.0,0.0,0.0
2004-07-08,111.80999755859375,112.31999969482422,111.19999694824219,111.44000244140625,74.3121566772461,45291100,0.0,0.0,0.0
2004-07-09,111.72000122070312,111.94000244140625,111.37999725341797,111.7300033569336,74.50555419921875,27412900,0.0,0.0,0.0
2004-07-12,111.5199966430664,112.04000091552734,111.0,111.77999877929688,74.53885650634766,35691300,0.0,0.0,0.0
2004-07-13,111.91999816894531,112.0199966430664,111.5999984741211,111.86000061035156,74.59223175048828,26752000,0.0,0.0,0.0
2004-07-14,111.26000213623047,112.38999938964844,111.12000274658203,111.5199966430664,74.36551666259766,54089400,0.0,0.0,0.0
2004-07-15,111.73999786376953,111.91000366210938,110.69999694824219,110.80000305175781,73.8853988647461,38403500,0.0,0.0,0.0
2004-07-16,111.56999969482422,111.66999816894531,110.44000244140625,110.70999908447266,73.8253402709961,40871200,0.0,0.0,0.0
2004-07-19,110.75,110.95999908447266,109.98999786376953,110.23999786376953,73.51194763183594,39592800,0.0,0.0,0.0
2004-07-20,110.52999877929688,111.9000015258789,110.25,111.63999938964844,74.44549560546875,46679800,0.0,0.0,0.0
2004-07-21,111.81999969482422,112.05999755859375,109.44999694824219,109.58000183105469,73.07183837890625,56241100,0.0,0.0,0.0
2004-07-22,109.36000061035156,110.38999938964844,108.7699966430664,109.87999725341797,73.27188873291016,72477100,0.0,0.0,0.0
2004-07-23,109.62000274658203,109.70999908447266,108.69000244140625,108.95999908447266,72.65838623046875,49610500,0.0,0.0,0.0
2004-07-26,109.19000244140625,109.43000030517578,108.20999908447266,108.75,72.51835632324219,49679100,0.0,0.0,0.0
2004-07-27,109.05000305175781,110.11000061035156,108.97000122070312,109.7699966430664,73.198486328125,51295100,0.0,0.0,0.0
2004-07-28,109.55000305175781,110.37000274658203,108.58999633789062,110.0999984741211,73.41858673095703,65862300,0.0,0.0,0.0
2004-07-29,110.54000091552734,110.87000274658203,110.0,110.56999969482422,73.73200988769531,52200500,0.0,0.0,0.0
2004-07-30,110.31999969482422,110.9000015258789,110.0999984741211,110.83999633789062,73.91202545166016,41581700,0.0,0.0,0.0
2004-08-02,110.19000244140625,111.36000061035156,110.05000305175781,111.06999969482422,74.0654296875,38263100,0.0,0.0,0.0
2004-08-03,110.93000030517578,111.05999755859375,110.16000366210938,110.20999908447266,73.49191284179688,40948800,0.0,0.0,0.0
2004-08-04,109.88999938964844,110.75,109.63999938964844,110.19999694824219,73.48524475097656,40763200,0.0,0.0,0.0
2004-08-05,110.29000091552734,110.37999725341797,108.2699966430664,108.4000015258789,72.28495025634766,50772000,0.0,0.0,0.0
2004-08-06,107.62999725341797,107.95999908447266,106.62000274658203,106.8499984741211,71.25138092041016,74729000,0.0,0.0,0.0
2004-08-09,107.0199966430664,107.4800033569336,106.87000274658203,107.0,71.35138702392578,37476300,0.0,0.0,0.0
2004-08-10,107.30999755859375,108.41000366210938,107.26000213623047,108.37999725341797,72.27161407470703,55870600,0.0,0.0,0.0
2004-08-11,107.68000030517578,108.33000183105469,107.0999984741211,108.16000366210938,72.12491607666016,52933200,0.0,0.0,0.0
2004-08-12,107.68000030517578,107.94999694824219,106.62999725341797,106.9800033569336,71.33805084228516,50015900,0.0,0.0,0.0
2004-08-13,107.0999984741211,107.3499984741211,106.58999633789062,107.19000244140625,71.47808837890625,41634700,0.0,0.0,0.0
2004-08-16,107.13999938964844,108.63999938964844,107.0999984741211,108.30000305175781,72.21826934814453,45731900,0.0,0.0,0.0
2004-08-17,108.75,109.27999877929688,108.52999877929688,108.91000366210938,72.62506103515625,40701600,0.0,0.0,0.0
2004-08-18,108.5199966430664,110.16999816894531,108.48999786376953,110.02999877929688,73.37190246582031,43165400,0.0,0.0,0.0
2004-08-19,109.80999755859375,110.0199966430664,109.18000030517578,109.70999908447266,73.15852355957031,39881600,0.0,0.0,0.0
2004-08-20,109.61000061035156,110.62999725341797,109.51000213623047,110.4800033569336,73.67201232910156,44870900,0.0,0.0,0.0
2004-08-23,110.55000305175781,110.7699966430664,110.05000305175781,110.19999694824219,73.48524475097656,33745100,0.0,0.0,0.0
2004-08-24,110.63999938964844,110.7300033569336,109.8499984741211,110.3499984741211,73.58528900146484,30453100,0.0,0.0,0.0
2004-08-25,110.33000183105469,111.2699966430664,109.9000015258789,111.0999984741211,74.08540344238281,38551400,0.0,0.0,0.0
2004-08-26,110.95999908447266,111.30999755859375,110.8499984741211,111.0999984741211,74.08540344238281,26629500,0.0,0.0,0.0
2004-08-27,111.19999694824219,111.62999725341797,111.05000305175781,111.44999694824219,74.31880187988281,24902900,0.0,0.0,0.0
2004-08-30,111.22000122070312,111.33999633789062,110.44999694824219,110.52999877929688,73.705322265625,26726500,0.0,0.0,0.0
2004-08-31,110.66000366210938,111.16000366210938,110.0999984741211,111.11000061035156,74.09210205078125,44125300,0.0,0.0,0.0
2004-09-01,110.94999694824219,111.63999938964844,110.4800033569336,111.31999969482422,74.23212432861328,52778300,0.0,0.0,0.0
2004-09-02,111.23999786376953,112.69999694824219,111.23999786376953,112.58000183105469,75.07230377197266,42736600,0.0,0.0,0.0
2004-09-03,112.33000183105469,112.81999969482422,112.01000213623047,112.12000274658203,74.7656021118164,30480500,0.0,0.0,0.0
2004-09-07,112.54000091552734,113.12999725341797,112.31999969482422,112.86000061035156,75.2590560913086,37338800,0.0,0.0,0.0
2004-09-08,112.62000274658203,113.05999755859375,112.30999755859375,112.58000183105469,75.07230377197266,32963100,0.0,0.0,0.0
2004-09-09,112.56999969482422,112.87999725341797,112.02999877929688,112.4800033569336,75.0056381225586,34314800,0.0,0.0,0.0
2004-09-10,112.5199966430664,113.2699966430664,112.08000183105469,113.05999755859375,75.39241027832031,27900600,0.0,0.0,0.0
2004-09-13,113.30999755859375,113.73999786376953,113.01000213623047,113.43000030517578,75.6391372680664,44398100,0.0,0.0,0.0
2004-09-14,113.30000305175781,113.69000244140625,113.19000244140625,113.66000366210938,75.79252624511719,28048900,0.0,0.0,0.0
2004-09-15,113.30000305175781,113.36000061035156,112.68000030517578,112.80000305175781,75.21907043457031,38295000,0.0,0.0,0.0
2004-09-16,112.8499984741211,113.37000274658203,112.80000305175781,113.13999938964844,75.4457778930664,23911700,0.0,0.0,0.0
2004-09-17,112.94999694824219,113.36000061035156,112.69000244140625,113.1500015258789,75.7665023803711,33683000,0.469,0.0,0.0
2004-09-20,112.66999816894531,112.98999786376953,112.27999877929688,112.47000122070312,75.31116485595703,37149400,0.0,0.0,0.0
2004-09-21,112.75,113.47000122070312,112.54000091552734,112.95999908447266,75.63926696777344,40920800,0.0,0.0,0.0
2004-09-22,112.5,112.5199966430664,111.47000122070312,111.55000305175781,74.69510650634766,49042100,0.0,0.0,0.0
2004-09-23,111.5999984741211,111.69999694824219,110.94999694824219,110.94999694824219,74.2933578491211,44068700,0.0,0.0,0.0
2004-09-24,111.16999816894531,111.7300033569336,111.12999725341797,111.45999908447266,74.63484191894531,34981100,0.0,0.0,0.0
2004-09-27,111.0999984741211,111.19999694824219,110.58000183105469,110.75,74.15943145751953,39355100,0.0,0.0,0.0
2004-09-28,110.91000366210938,111.51000213623047,110.41000366210938,111.27999877929688,74.51432037353516,41662900,0.0,0.0,0.0
2004-09-29,111.20999908447266,111.8499984741211,111.0,111.83999633789062,74.88931274414062,33325700,0.0,0.0,0.0
2004-09-30,111.55000305175781,111.9800033569336,111.26000213623047,111.76000213623047,74.83576202392578,43536700,0.0,0.0,0.0
2004-10-01,112.26000213623047,113.6500015258789,112.20999908447266,113.6500015258789,76.10131072998047,62824300,0.0,0.0,0.0
2004-10-04,114.0999984741211,114.44000244140625,113.80000305175781,113.83999633789062,76.22853088378906,33082400,0.0,0.0,0.0
2004-10-05,113.8499984741211,114.16000366210938,113.54000091552734,113.9000015258789,76.2686996459961,36910600,0.0,0.0,0.0
2004-10-06,113.7699966430664,114.68000030517578,113.68000030517578,114.68000030517578,76.79100799560547,42297800,0.0,0.0,0.0
2004-10-07,114.37999725341797,114.4000015258789,113.36000061035156,113.44999694824219,75.96736907958984,39388800,0.0,0.0,0.0
2004-10-08,113.1500015258789,113.7699966430664,112.3499984741211,112.51000213623047,75.33796691894531,51872600,0.0,0.0,0.0
2004-10-11,112.77999877929688,113.0199966430664,112.63999938964844,112.97000122070312,75.64598846435547,20229100,0.0,0.0,0.0
2004-10-12,112.19999694824219,112.83000183105469,111.94000244140625,112.52999877929688,75.35136413574219,41754700,0.0,0.0,0.0
2004-10-13,113.0,113.06999969482422,111.31999969482422,111.54000091552734,74.68843078613281,54212600,0.0,0.0,0.0
2004-10-14,111.68000030517578,111.93000030517578,110.58000183105469,110.63999938964844,74.0857925415039,64082200,0.0,0.0,0.0
2004-10-15,111.0199966430664,111.73999786376953,110.56999969482422,111.26000213623047,74.50093841552734,63482200,0.0,0.0,0.0
2004-10-18,110.88999938964844,111.9000015258789,110.69999694824219,111.68000030517578,74.78215026855469,43535100,0.0,0.0,0.0
2004-10-19,112.0199966430664,112.2300033569336,110.58999633789062,110.73999786376953,74.1527328491211,55851900,0.0,0.0,0.0
2004-10-20,110.37999725341797,110.81999969482422,109.75,110.5199966430664,74.00543975830078,57118500,0.0,0.0,0.0
2004-10-21,110.79000091552734,111.31999969482422,110.20999908447266,111.23999786376953,74.48754119873047,53218300,0.0,0.0,0.0
2004-10-22,111.19000244140625,111.25,109.86000061035156,109.98999786376953,73.6505355834961,48752400,0.0,0.0,0.0
2004-10-25,109.75,110.12000274658203,109.3499984741211,109.86000061035156,73.56348419189453,43990900,0.0,0.0,0.0
2004-10-26,110.12999725341797,111.5999984741211,109.87999725341797,111.54000091552734,74.68843078613281,54337400,0.0,0.0,0.0
2004-10-27,111.37999725341797,113.0999984741211,111.12000274658203,112.87999725341797,75.58568572998047,73896000,0.0,0.0,0.0
2004-10-28,112.77999877929688,113.55999755859375,112.48999786376953,113.22000122070312,75.81338500976562,54413300,0.0,0.0,0.0
2004-10-29,113.12000274658203,113.63999938964844,112.9000015258789,113.19999694824219,75.80001068115234,48820200,0.0,0.0,0.0
2004-11-01,113.55999755859375,113.83999633789062,113.19999694824219,113.51000213623047,76.00757598876953,36720900,0.0,0.0,0.0
2004-11-02,113.66999816894531,114.56999969482422,113.22000122070312,113.55000305175781,76.0343246459961,56210000,0.0,0.0,0.0
2004-11-03,115.02999877929688,115.36000061035156,114.23999786376953,114.9800033569336,76.991943359375,76960200,0.0,0.0,0.0
2004-11-04,114.77999877929688,116.66999816894531,114.68000030517578,116.55000305175781,78.04318237304688,55350300,0.0,0.0,0.0
2004-11-05,117.05000305175781,117.63999938964844,116.48999786376953,117.27999877929688,78.5320053100586,63287200,0.0,0.0,0.0
2004-11-08,116.9800033569336,117.2300033569336,116.72000122070312,117.11000061035156,78.41816711425781,33863800,0.0,0.0,0.0
2004-11-09,117.08000183105469,117.5,116.76000213623047,116.87999725341797,78.2641830444336,44658100,0.0,0.0,0.0
2004-11-10,117.05999755859375,117.55000305175781,116.76000213623047,116.97000122070312,78.32445526123047,45265400,0.0,0.0,0.0
2004-11-11,117.18000030517578,118.12000274658203,117.0999984741211,117.86000061035156,78.92040252685547,37863200,0.0,0.0,0.0
2004-11-12,117.97000122070312,119.0,117.68000030517578,118.79000091552734,79.54308319091797,55583700,0.0,0.0,0.0
2004-11-15,118.5,118.7699966430664,118.2300033569336,118.7300033569336,79.73854064941406,35297900,0.351,0.0,0.0
2004-11-16,118.36000061035156,118.41000366210938,117.7300033569336,117.87999725341797,79.1677017211914,40028700,0.0,0.0,0.0
2004-11-17,118.37000274658203,119.13999938964844,118.06999969482422,118.58000183105469,79.6378173828125,54494000,0.0,0.0,0.0
2004-11-18,118.52999877929688,118.80000305175781,118.2300033569336,118.73999786376953,79.74525451660156,31854300,0.0,0.0,0.0
2004-11-19,118.69999694824219,118.72000122070312,117.13999938964844,117.41999816894531,78.8587417602539,54276500,0.0,0.0,0.0
2004-11-22,117.16999816894531,118.12000274658203,117.02999877929688,117.9800033569336,79.23482513427734,37560200,0.0,0.0,0.0
2004-11-23,117.93000030517578,118.26000213623047,117.37000274658203,118.16000366210938,79.35572814941406,41968800,0.0,0.0,0.0
2004-11-24,118.2699966430664,118.58999633789062,118.05000305175781,118.44000244140625,79.54376983642578,29724800,0.0,0.0,0.0
2004-11-26,118.51000213623047,118.9800033569336,118.30000305175781,118.3499984741211,79.48332977294922,15487700,0.0,0.0,0.0
2004-11-29,118.79000091552734,119.01000213623047,117.4800033569336,117.80999755859375,79.12066650390625,61460800,0.0,0.0,0.0
2004-11-30,118.0,118.23999786376953,117.63999938964844,117.88999938964844,79.17444610595703,53685200,0.0,0.0,0.0
2004-12-01,118.16000366210938,119.5,118.0999984741211,119.2300033569336,80.07437133789062,49898300,0.0,0.0,0.0
2004-12-02,119.0999984741211,119.87000274658203,119.01000213623047,119.33000183105469,80.1415023803711,60163500,0.0,0.0,0.0
2004-12-03,119.30999755859375,120.13999938964844,119.08999633789062,119.25,80.0877914428711,49067900,0.0,0.0,0.0
2004-12-06,119.20999908447266,119.63999938964844,118.83999633789062,119.20999908447266,80.06092834472656,33030500,0.0,0.0,0.0
2004-12-07,119.48999786376953,119.62000274658203,118.04000091552734,118.0999984741211,79.31543731689453,52047200,0.0,0.0,0.0
2004-12-08,118.20999908447266,118.81999969482422,118.01000213623047,118.79000091552734,79.77881622314453,43895100,0.0,0.0,0.0
2004-12-09,118.13999938964844,119.45999908447266,117.7300033569336,119.20999908447266,80.06092834472656,60922800,0.0,0.0,0.0
2004-12-10,118.91999816894531,119.55999755859375,118.8499984741211,119.33000183105469,80.1415023803711,47828600,0.0,0.0,0.0
2004-12-13,119.76000213623047,120.4000015258789,119.3499984741211,120.37000274658203,80.83997344970703,38541000,0.0,0.0,0.0
2004-12-14,120.18000030517578,120.95999908447266,120.18000030517578,120.79000091552734,81.12202453613281,41500700,0.0,0.0,0.0
2004-12-15,120.69999694824219,121.11000061035156,120.30999755859375,120.87999725341797,81.18247985839844,46699200,0.0,0.0,0.0
2004-12-16,120.72000122070312,121.23999786376953,120.04000091552734,120.80999755859375,81.13542938232422,51641800,0.0,0.0,0.0
2004-12-17,119.45999908447266,119.97000122070312,119.16000366210938,119.44000244140625,80.59430694580078,70761900,0.568,0.0,0.0
2004-12-20,119.75,120.29000091552734,119.16999816894531,119.47000122070312,80.61454772949219,47187400,0.0,0.0,0.0
2004-12-21,119.5999984741211,120.4800033569336,119.45999908447266,120.38999938964844,81.23530578613281,33094200,0.0,0.0,0.0
2004-12-22,120.37999725341797,121.08000183105469,120.30000305175781,120.68000030517578,81.43101501464844,31500700,0.0,0.0,0.0
2004-12-23,120.87000274658203,121.27999877929688,120.66000366210938,120.7699966430664,81.49172973632812,25646100,0.0,0.0,0.0
2004-12-27,121.19999694824219,121.36000061035156,120.38999938964844,120.5199966430664,81.32304382324219,29944100,0.0,0.0,0.0
2004-12-28,120.63999938964844,121.33000183105469,120.5999984741211,121.18000030517578,81.7684097290039,23422900,0.0,0.0,0.0
2004-12-29,121.08000183105469,121.4000015258789,120.94999694824219,121.36000061035156,81.88983917236328,22650600,0.0,0.0,0.0
2004-12-30,121.4000015258789,121.56999969482422,121.04000091552734,121.12999725341797,81.73464965820312,21076900,0.0,0.0,0.0
2004-12-31,121.30000305175781,121.66000366210938,120.80000305175781,120.87000274658203,81.55924224853516,28648800,0.0,0.0,0.0
2005-01-03,121.55999755859375,121.76000213623047,119.9000015258789,120.30000305175781,81.17461395263672,55748000,0.0,0.0,0.0
2005-01-04,120.45999908447266,120.54000091552734,118.44000244140625,118.83000183105469,80.18269348144531,69167600,0.0,0.0,0.0
2005-01-05,118.73999786376953,119.25,118.0,118.01000213623047,79.62936401367188,65667300,0.0,0.0,0.0
2005-01-06,118.44000244140625,119.1500015258789,118.26000213623047,118.61000061035156,80.03426361083984,47814700,0.0,0.0,0.0
2005-01-07,118.97000122070312,119.2300033569336,118.12999725341797,118.44000244140625,79.91952514648438,55847700,0.0,0.0,0.0
2005-01-10,118.33999633789062,119.45999908447266,118.33999633789062,119.0,80.29740142822266,56563300,0.0,0.0,0.0
2005-01-11,118.63999938964844,118.73999786376953,117.98999786376953,118.18000030517578,79.74413299560547,63099700,0.0,0.0,0.0
2005-01-12,118.4000015258789,118.83999633789062,117.5199966430664,118.56999969482422,80.00728607177734,72720500,0.0,0.0,0.0
2005-01-13,118.63999938964844,118.7300033569336,117.5,117.62000274658203,79.3662109375,55537500,0.0,0.0,0.0
2005-01-14,117.97000122070312,118.52999877929688,117.76000213623047,118.23999786376953,79.78458404541016,42032500,0.0,0.0,0.0
2005-01-18,118.05000305175781,119.62000274658203,117.94999694824219,119.47000122070312,80.61454772949219,57391700,0.0,0.0,0.0
2005-01-19,119.43000030517578,119.5199966430664,118.20999908447266,118.22000122070312,79.77108764648438,54378900,0.0,0.0,0.0
2005-01-20,117.88999938964844,118.19999694824219,117.29000091552734,117.5,79.28524780273438,72049300,0.0,0.0,0.0
2005-01-21,117.79000091552734,118.0,116.6500015258789,116.77999877929688,78.7994155883789,63160400,0.0,0.0,0.0
2005-01-24,117.08999633789062,117.33999633789062,116.37000274658203,116.55000305175781,78.64421081542969,58441900,0.0,0.0,0.0
2005-01-25,116.91000366210938,117.47000122070312,116.72000122070312,116.87999725341797,78.86693572998047,68245000,0.0,0.0,0.0
2005-01-26,117.31999969482422,117.5999984741211,117.04000091552734,117.2300033569336,79.10305786132812,57195100,0.0,0.0,0.0
2005-01-27,117.19000244140625,117.75,116.9800033569336,117.43000030517578,79.2380142211914,55878800,0.0,0.0,0.0
2005-01-28,117.48999786376953,117.55000305175781,116.61000061035156,117.43000030517578,79.2380142211914,60738900,0.0,0.0,0.0
2005-01-31,117.94999694824219,118.25,117.70999908447266,118.16000366210938,79.7305908203125,52532700,0.0,0.0,0.0
2005-02-01,118.25,119.08000183105469,118.0999984741211,118.91000366210938,80.2366714477539,49841200,0.0,0.0,0.0
2005-02-02,119.05999755859375,119.58999633789062,118.9000015258789,119.2699966430664,80.47955322265625,52468900,0.0,0.0,0.0
2005-02-03,119.05999755859375,119.16000366210938,118.56999969482422,118.95999908447266,80.27040100097656,48837100,0.0,0.0,0.0
2005-02-04,119.0,120.43000030517578,118.9800033569336,120.2300033569336,81.12734985351562,50024600,0.0,0.0,0.0
2005-02-07,120.25,120.5199966430664,119.95999908447266,120.06999969482422,81.0194091796875,45412000,0.0,0.0,0.0
2005-02-08,120.16999816894531,120.6500015258789,120.06999969482422,120.20999908447266,81.11386108398438,39263500,0.0,0.0,0.0
2005-02-09,120.41999816894531,120.48999786376953,119.25,119.30999755859375,80.506591796875,55279400,0.0,0.0,0.0
2005-02-10,119.66000366210938,120.0199966430664,119.26000213623047,119.73999786376953,80.79674530029297,45858600,0.0,0.0,0.0
2005-02-11,119.69999694824219,121.04000091552734,119.45999908447266,120.7699966430664,81.49172973632812,53133000,0.0,0.0,0.0
2005-02-14,120.69000244140625,120.86000061035156,120.4800033569336,120.68000030517578,81.43101501464844,32432100,0.0,0.0,0.0
2005-02-15,120.80000305175781,121.43000030517578,120.68000030517578,121.12999725341797,81.73464965820312,43852700,0.0,0.0,0.0
2005-02-16,120.93000030517578,121.45999908447266,120.66999816894531,121.20999908447266,81.78865814208984,55523000,0.0,0.0,0.0
2005-02-17,121.2300033569336,121.33000183105469,120.22000122070312,120.2300033569336,81.12734985351562,58124000,0.0,0.0,0.0
2005-02-18,120.23999786376953,120.4800033569336,119.9000015258789,120.38999938964844,81.23530578613281,47723300,0.0,0.0,0.0
2005-02-22,119.9000015258789,120.47000122070312,118.58000183105469,118.5999984741211,80.02749633789062,80697600,0.0,0.0,0.0
2005-02-23,118.93000030517578,119.56999969482422,118.62000274658203,119.44999694824219,80.60104370117188,68292600,0.0,0.0,0.0
2005-02-24,119.23999786376953,120.31999969482422,118.9800033569336,120.23999786376953,81.1341552734375,68563600,0.0,0.0,0.0
2005-02-25,120.2699966430664,121.66999816894531,120.18000030517578,121.43000030517578,81.93705749511719,60899900,0.0,0.0,0.0
2005-02-28,121.1500015258789,121.30000305175781,120.04000091552734,120.62999725341797,81.39726257324219,69381300,0.0,0.0,0.0
2005-03-01,120.81999969482422,121.5199966430664,120.77999877929688,121.2300033569336,81.80216217041016,47294400,0.0,0.0,0.0
2005-03-02,120.76000213623047,121.93000030517578,120.6500015258789,121.16999816894531,81.76163482666016,64226500,0.0,0.0,0.0
2005-03-03,121.66000366210938,121.9000015258789,120.69999694824219,121.22000122070312,81.79539489746094,61230800,0.0,0.0,0.0
2005-03-04,122.05000305175781,122.83000183105469,121.79000091552734,122.7300033569336,82.81427764892578,56168500,0.0,0.0,0.0
2005-03-07,122.66000366210938,123.25,122.4000015258789,122.79000091552734,82.85478973388672,43442400,0.0,0.0,0.0
2005-03-08,122.66999816894531,123.0,122.11000061035156,122.33000183105469,82.54435729980469,44362000,0.0,0.0,0.0
2005-03-09,121.97000122070312,122.29000091552734,120.95999908447266,120.97000122070312,81.6266860961914,73263600,0.0,0.0,0.0
2005-03-10,121.19999694824219,121.5,120.4000015258789,121.23999786376953,81.80889892578125,65149000,0.0,0.0,0.0
2005-03-11,121.30999755859375,121.72000122070312,120.16000366210938,120.38999938964844,81.23530578613281,57976500,0.0,0.0,0.0
2005-03-14,120.61000061035156,121.16000366210938,120.27999877929688,121.13999938964844,81.74140167236328,36336400,0.0,0.0,0.0
2005-03-15,121.41999816894531,121.45999908447266,120.08000183105469,120.13999938964844,81.0666275024414,62438500,0.0,0.0,0.0
2005-03-16,119.69999694824219,120.16000366210938,118.9000015258789,119.12000274658203,80.37835693359375,74874200,0.0,0.0,0.0
2005-03-17,119.30999755859375,119.73999786376953,118.9800033569336,119.36000061035156,80.54031372070312,62584200,0.0,0.0,0.0
2005-03-18,119.11000061035156,119.52999877929688,118.1500015258789,118.54000091552734,80.3011703491211,60232000,0.467,0.0,0.0
2005-03-21,118.70999908447266,118.77999877929688,117.76000213623047,118.0999984741211,80.00309753417969,61244300,0.0,0.0,0.0
2005-03-22,118.37000274658203,118.93000030517578,116.9000015258789,116.9000015258789,79.19020080566406,92472400,0.0,0.0,0.0
2005-03-23,116.94999694824219,117.72000122070312,116.75,117.0,79.25794982910156,70817300,0.0,0.0,0.0
2005-03-24,117.45999908447266,117.98999786376953,117.05999755859375,117.13999938964844,79.35281372070312,51932500,0.0,0.0,0.0
2005-03-28,117.41999816894531,117.94000244140625,117.30999755859375,117.30999755859375,79.46796417236328,46765500,0.0,0.0,0.0
2005-03-29,117.13999938964844,117.9000015258789,116.25,116.52999877929688,78.9395751953125,71160300,0.0,0.0,0.0
2005-03-30,116.77999877929688,118.19999694824219,116.7699966430664,118.18000030517578,80.05733489990234,62002100,0.0,0.0,0.0
2005-03-31,118.19000244140625,118.45999908447266,117.87000274658203,117.95999908447266,79.90828704833984,64575400,0.0,0.0,0.0
2005-04-01,118.62999725341797,118.98999786376953,116.91000366210938,117.43000030517578,79.54926300048828,95255300,0.0,0.0,0.0
2005-04-04,117.36000061035156,117.86000061035156,116.73999786376953,117.62999725341797,79.68473815917969,71581200,0.0,0.0,0.0
2005-04-05,117.77999877929688,118.37999725341797,117.66999816894531,118.19000244140625,80.06409454345703,46853900,0.0,0.0,0.0
2005-04-06,118.44999694824219,118.94999694824219,118.18000030517578,118.5999984741211,80.34182739257812,53268200,0.0,0.0,0.0
2005-04-07,118.41000366210938,119.26000213623047,118.31999969482422,119.23999786376953,80.77537536621094,46734600,0.0,0.0,0.0
2005-04-08,119.16999816894531,119.20999908447266,118.0,118.0,79.93537139892578,63772900,0.0,0.0,0.0
2005-04-11,118.29000091552734,118.41999816894531,117.83000183105469,118.08999633789062,79.99634552001953,44945000,0.0,0.0,0.0
2005-04-12,117.88999938964844,119.05999755859375,117.06999969482422,118.69999694824219,80.40960693359375,86144800,0.0,0.0,0.0
2005-04-13,118.55999755859375,118.80000305175781,117.12999725341797,117.30000305175781,79.46119689941406,65949000,0.0,0.0,0.0
2005-04-14,117.4000015258789,117.5,115.7699966430664,115.7699966430664,78.42473602294922,96119800,0.0,0.0,0.0
2005-04-15,115.73999786376953,116.19999694824219,114.0999984741211,114.1500015258789,77.32732391357422,128677300,0.0,0.0,0.0
2005-04-18,114.12000274658203,114.95999908447266,113.95999908447266,114.5,77.56442260742188,100035200,0.0,0.0,0.0
2005-04-19,115.0999984741211,115.52999877929688,114.83000183105469,115.41000366210938,78.18084716796875,64930100,0.0,0.0,0.0
2005-04-20,115.37999725341797,115.62999725341797,113.55000305175781,113.80000305175781,77.09021759033203,107735900,0.0,0.0,0.0
2005-04-21,114.79000091552734,116.20999908447266,114.37999725341797,116.01000213623047,78.58732604980469,86952200,0.0,0.0,0.0
2005-04-22,115.73999786376953,116.5,114.2699966430664,115.56999969482422,78.2892837524414,88845800,0.0,0.0,0.0
2005-04-25,115.86000061035156,116.5,115.72000122070312,116.33000183105469,78.8040771484375,52284100,0.0,0.0,0.0
2005-04-26,115.95999908447266,116.7699966430664,115.1500015258789,115.19999694824219,78.03862762451172,72626000,0.0,0.0,0.0
2005-04-27,114.86000061035156,116.06999969482422,114.44000244140625,115.6500015258789,78.34344482421875,84131900,0.0,0.0,0.0
2005-04-28,115.2699966430664,115.68000030517578,114.19999694824219,114.19999694824219,77.36116027832031,72481500,0.0,0.0,0.0
2005-04-29,115.06999969482422,115.87000274658203,113.97000122070312,115.75,78.41117858886719,103993800,0.0,0.0,0.0
2005-05-02,116.06999969482422,116.41000366210938,115.5199966430664,116.4000015258789,78.85151672363281,56026400,0.0,0.0,0.0
2005-05-03,116.06999969482422,116.8499984741211,115.69000244140625,116.5999984741211,78.98703002929688,86000300,0.0,0.0,0.0
2005-05-04,116.6500015258789,117.75,116.27999877929688,117.5,79.5966567993164,81055700,0.0,0.0,0.0
2005-05-05,117.66999816894531,118.0,116.73999786376953,117.45999908447266,79.56956481933594,96906700,0.0,0.0,0.0
2005-05-06,117.93000030517578,117.98999786376953,117.05999755859375,117.08999633789062,79.31893157958984,67415400,0.0,0.0,0.0
2005-05-09,117.20999908447266,118.08000183105469,117.05000305175781,117.81999969482422,79.81340789794922,43750500,0.0,0.0,0.0
2005-05-10,117.36000061035156,117.5,116.38999938964844,116.5999984741211,78.98703002929688,74613500,0.0,0.0,0.0
2005-05-11,116.93000030517578,117.4000015258789,115.8499984741211,117.23999786376953,79.42053985595703,91647400,0.0,0.0,0.0
2005-05-12,117.31999969482422,117.58999633789062,115.94999694824219,115.94999694824219,78.54667663574219,95086800,0.0,0.0,0.0
2005-05-13,116.30000305175781,116.62000274658203,114.80000305175781,115.72000122070312,78.39086151123047,85267000,0.0,0.0,0.0
2005-05-16,115.69999694824219,116.83999633789062,115.66000366210938,116.80000305175781,79.12247467041016,49207000,0.0,0.0,0.0
2005-05-17,116.41000366210938,117.69999694824219,116.16000366210938,117.58000183105469,79.65087890625,61071800,0.0,0.0,0.0
2005-05-18,118.08999633789062,119.08000183105469,118.01000213623047,118.79000091552734,80.4705581665039,77944900,0.0,0.0,0.0
2005-05-19,119.0199966430664,119.41000366210938,118.69999694824219,119.29000091552734,80.8092041015625,61768100,0.0,0.0,0.0
2005-05-20,119.33999633789062,119.38999938964844,118.73999786376953,119.12000274658203,80.69407653808594,46345500,0.0,0.0,0.0
2005-05-23,119.20999908447266,120.04000091552734,119.19000244140625,119.77999877929688,81.14118957519531,51047900,0.0,0.0,0.0
2005-05-24,119.44000244140625,119.83000183105469,119.19999694824219,119.5,80.95149993896484,50654100,0.0,0.0,0.0
2005-05-25,119.3499984741211,119.87000274658203,118.83000183105469,119.41000366210938,80.89060974121094,47608800,0.0,0.0,0.0
2005-05-26,119.79000091552734,120.20999908447266,119.62000274658203,120.05000305175781,81.32410430908203,43256200,0.0,0.0,0.0
2005-05-27,120.05999755859375,120.25,119.80000305175781,120.25,81.45957946777344,24596100,0.0,0.0,0.0
2005-05-31,120.08000183105469,120.16999816894531,119.4000015258789,119.4800033569336,80.9379653930664,43377200,0.0,0.0,0.0
2005-06-01,119.5199966430664,120.91999816894531,119.44999694824219,120.5,81.62893676757812,69611000,0.0,0.0,0.0
2005-06-02,120.2300033569336,120.83999633789062,120.0999984741211,120.76000213623047,81.80506134033203,39704500,0.0,0.0,0.0
2005-06-03,120.55000305175781,120.88999938964844,119.7300033569336,120.1500015258789,81.39183044433594,60999400,0.0,0.0,0.0
2005-06-06,119.94999694824219,120.19999694824219,119.55000305175781,120.04000091552734,81.31730651855469,36046400,0.0,0.0,0.0
2005-06-07,120.38999938964844,121.25,120.01000213623047,120.12999725341797,81.3782730102539,66501300,0.0,0.0,0.0
2005-06-08,120.43000030517578,120.58999633789062,119.66999816894531,119.91000366210938,81.2292709350586,46881200,0.0,0.0,0.0
2005-06-09,119.73999786376953,120.58000183105469,119.44000244140625,120.4800033569336,81.6153793334961,56653300,0.0,0.0,0.0
2005-06-10,120.55999755859375,120.6500015258789,119.5999984741211,120.19999694824219,81.42570495605469,36465300,0.0,0.0,0.0
2005-06-13,119.94000244140625,121.08000183105469,119.80999755859375,120.58000183105469,81.68312072753906,49383200,0.0,0.0,0.0
2005-06-14,120.44999694824219,121.19999694824219,120.37999725341797,120.86000061035156,81.8727798461914,33857100,0.0,0.0,0.0
2005-06-15,121.16000366210938,121.23999786376953,120.2300033569336,121.08999633789062,82.0285873413086,53195600,0.0,0.0,0.0
2005-06-16,121.05999755859375,121.63999938964844,120.91999816894531,121.4000015258789,82.23860168457031,46564500,0.0,0.0,0.0
2005-06-17,121.54000091552734,121.9000015258789,121.22000122070312,121.36000061035156,82.54330444335938,51529400,0.488,0.0,0.0
2005-06-20,121.08000183105469,121.83999633789062,120.94000244140625,121.4000015258789,82.57052612304688,41019400,0.0,0.0,0.0
2005-06-21,121.5,121.6500015258789,121.02999877929688,121.47000122070312,82.61814880371094,39879800,0.0,0.0,0.0
2005-06-22,121.68000030517578,121.94000244140625,121.06999969482422,121.56999969482422,82.68614959716797,46310100,0.0,0.0,0.0
2005-06-23,121.31999969482422,121.5999984741211,119.83000183105469,119.86000061035156,81.52307891845703,62185600,0.0,0.0,0.0
2005-06-24,119.87999725341797,120.01000213623047,118.83999633789062,118.9800033569336,80.92456817626953,58572500,0.0,0.0,0.0
2005-06-27,118.97000122070312,119.41000366210938,118.75,119.1500015258789,81.04019165039062,48183800,0.0,0.0,0.0
2005-06-28,119.4000015258789,120.23999786376953,119.37000274658203,120.1500015258789,81.72034454345703,41174200,0.0,0.0,0.0
2005-06-29,120.37000274658203,120.4000015258789,119.76000213623047,119.83000183105469,81.5026626586914,42316500,0.0,0.0,0.0
2005-06-30,120.22000122070312,120.31999969482422,118.94999694824219,119.18000030517578,81.06060791015625,62288800,0.0,0.0,0.0
2005-07-01,119.44999694824219,119.80000305175781,119.20999908447266,119.52999877929688,81.29864501953125,49737500,0.0,0.0,0.0
2005-07-05,119.25,120.6500015258789,119.19000244140625,120.48999786376953,81.95155334472656,51549000,0.0,0.0,0.0
2005-07-06,120.38999938964844,120.6500015258789,119.41000366210938,119.4800033569336,81.26465606689453,52363600,0.0,0.0,0.0
2005-07-07,118.29000091552734,119.94999694824219,118.26000213623047,119.94999694824219,81.58428192138672,103268800,0.0,0.0,0.0
2005-07-08,119.97000122070312,121.31999969482422,119.72000122070312,121.31999969482422,82.51611328125,64491200,0.0,0.0,0.0
2005-07-11,121.33000183105469,122.0999984741211,121.30999755859375,121.94000244140625,82.93782043457031,49688300,0.0,0.0,0.0
2005-07-12,121.98999786376953,122.62999725341797,121.63999938964844,122.26000213623047,83.15545654296875,51871100,0.0,0.0,0.0
2005-07-13,122.2699966430664,122.5199966430664,121.98999786376953,122.43000030517578,83.27107238769531,41182300,0.0,0.0,0.0
2005-07-14,122.9800033569336,123.44000244140625,122.48999786376953,122.91000366210938,83.59754943847656,63638800,0.0,0.0,0.0
2005-07-15,122.79000091552734,123.04000091552734,122.36000061035156,122.83999633789062,83.5499267578125,56075900,0.0,0.0,0.0
2005-07-18,122.5,122.62999725341797,122.05000305175781,122.3499984741211,83.21668243408203,56598400,0.0,0.0,0.0
2005-07-19,122.70999908447266,123.11000061035156,122.41000366210938,123.0199966430664,83.6723861694336,59165700,0.0,0.0,0.0
2005-07-20,122.58999633789062,123.7300033569336,122.30000305175781,123.44000244140625,83.9580307006836,69477000,0.0,0.0,0.0
2005-07-21,123.55000305175781,123.61000061035156,122.47000122070312,122.72000122070312,83.46830749511719,101110900,0.0,0.0,0.0
2005-07-22,122.87999725341797,123.55999755859375,122.62999725341797,123.54000091552734,84.02604675292969,52607100,0.0,0.0,0.0
2005-07-25,123.41000366210938,123.94999694824219,122.8499984741211,123.19000244140625,83.78802490234375,57301600,0.0,0.0,0.0
2005-07-26,123.2300033569336,123.52999877929688,122.94999694824219,123.33999633789062,83.8900146484375,42758800,0.0,0.0,0.0
2005-07-27,123.5,123.88999938964844,123.05000305175781,123.79000091552734,84.19608306884766,43181600,0.0,0.0,0.0
2005-07-28,123.95999908447266,124.63999938964844,123.63999938964844,124.56999969482422,84.72660827636719,47880700,0.0,0.0,0.0
2005-07-29,124.41000366210938,124.62999725341797,123.5,123.73999786376953,84.16209411621094,62358100,0.0,0.0,0.0
2005-08-01,123.83000183105469,124.04000091552734,123.44999694824219,123.6500015258789,84.10089874267578,40418200,0.0,0.0,0.0
2005-08-02,123.87000274658203,124.5999984741211,123.73999786376953,124.38999938964844,84.60417175292969,45147400,0.0,0.0,0.0
2005-08-03,124.25,124.73999786376953,124.12000274658203,124.72000122070312,84.82865905761719,36837200,0.0,0.0,0.0
2005-08-04,124.2300033569336,124.30999755859375,123.56999969482422,123.72000122070312,84.14848327636719,50855600,0.0,0.0,0.0
2005-08-05,123.44999694824219,123.9800033569336,122.66999816894531,122.87999725341797,83.57716369628906,53595500,0.0,0.0,0.0
2005-08-08,123.1500015258789,123.41000366210938,122.37999725341797,122.6500015258789,83.42073059082031,47616000,0.0,0.0,0.0
2005-08-09,123.05999755859375,123.58999633789062,122.87000274658203,123.38999938964844,83.92403411865234,47170000,0.0,0.0,0.0
2005-08-10,123.81999969482422,124.5,122.81999969482422,123.33000183105469,83.88323211669922,72863700,0.0,0.0,0.0
2005-08-11,123.2699966430664,124.02999877929688,123.01000213623047,123.81999969482422,84.21648406982422,58570200,0.0,0.0,0.0
2005-08-12,123.56999969482422,123.69000244140625,122.75,123.05999755859375,83.6995849609375,54776900,0.0,0.0,0.0
2005-08-15,123.22000122070312,123.87000274658203,122.83000183105469,123.81999969482422,84.21648406982422,36208500,0.0,0.0,0.0
2005-08-16,123.44000244140625,123.5199966430664,122.08999633789062,122.20999908447266,83.12145233154297,71942100,0.0,0.0,0.0
2005-08-17,122.19000244140625,122.87000274658203,122.02999877929688,122.19999694824219,83.11463928222656,62275100,0.0,0.0,0.0
2005-08-18,122.05000305175781,122.55999755859375,121.83999633789062,122.19000244140625,83.10784912109375,53388600,0.0,0.0,0.0
2005-08-19,122.62999725341797,122.81999969482422,122.19999694824219,122.47000122070312,83.29827117919922,39842100,0.0,0.0,0.0
2005-08-22,122.58000183105469,123.2300033569336,121.87999725341797,122.47000122070312,83.29827117919922,69912000,0.0,0.0,0.0
2005-08-23,122.5,122.61000061035156,121.1500015258789,122.23999786376953,83.14186096191406,55168600,0.0,0.0,0.0
2005-08-24,121.94000244140625,122.7300033569336,121.08999633789062,121.1500015258789,82.40046691894531,79104600,0.0,0.0,0.0
2005-08-25,121.3499984741211,121.66999816894531,121.20999908447266,121.58999633789062,82.69974517822266,35631100,0.0,0.0,0.0
2005-08-26,121.4800033569336,121.48999786376953,120.68000030517578,120.76000213623047,82.13521575927734,61956800,0.0,0.0,0.0
2005-08-29,120.41000366210938,121.77999877929688,120.37999725341797,121.69000244140625,82.76777648925781,56179200,0.0,0.0,0.0
2005-08-30,121.25,121.30000305175781,120.38999938964844,121.05000305175781,82.33245849609375,74160200,0.0,0.0,0.0
2005-08-31,121.19000244140625,122.66000366210938,120.73999786376953,122.58000183105469,83.37308502197266,102945200,0.0,0.0,0.0
2005-09-01,122.5199966430664,123.1500015258789,121.13999938964844,122.48999786376953,83.31192016601562,74578700,0.0,0.0,0.0
2005-09-02,122.8499984741211,122.87999725341797,122.04000091552734,122.2699966430664,83.1622543334961,47653400,0.0,0.0,0.0
2005-09-06,122.66000366210938,123.80000305175781,122.6500015258789,123.69999694824219,84.1348876953125,57251300,0.0,0.0,0.0
2005-09-07,123.62999725341797,124.12999725341797,123.45999908447266,123.91000366210938,84.2777099609375,41749700,0.0,0.0,0.0
2005-09-08,123.66000366210938,124.0,123.30999755859375,123.5,83.99884033203125,39068700,0.0,0.0,0.0
2005-09-09,123.83000183105469,124.73999786376953,123.80000305175781,124.5999984741211,84.74701690673828,43093900,0.0,0.0,0.0
2005-09-12,124.44999694824219,124.66999816894531,124.2699966430664,124.3499984741211,84.57695007324219,33017600,0.0,0.0,0.0
2005-09-13,124.12999725341797,124.41999816894531,123.5199966430664,123.66000366210938,84.107666015625,58427500,0.0,0.0,0.0
2005-09-14,123.73999786376953,123.91999816894531,123.0199966430664,123.20999908447266,83.80155944824219,57694600,0.0,0.0,0.0
2005-09-15,123.58999633789062,123.6500015258789,122.9000015258789,123.1500015258789,83.76079559326172,73156900,0.0,0.0,0.0
2005-09-16,123.30000305175781,123.73999786376953,122.87000274658203,123.5,84.35636138916016,75424100,0.522,0.0,0.0
2005-09-19,123.47000122070312,123.55000305175781,122.63999938964844,123.08999633789062,84.07633972167969,53355300,0.0,0.0,0.0
2005-09-20,123.19999694824219,123.61000061035156,121.87000274658203,122.05000305175781,83.36600494384766,84480300,0.0,0.0,0.0
2005-09-21,121.79000091552734,121.87000274658203,120.77999877929688,120.91000366210938,82.58733367919922,94469100,0.0,0.0,0.0
2005-09-22,120.94999694824219,121.66000366210938,120.44000244140625,121.33999633789062,82.88098907470703,84597200,0.0,0.0,0.0
2005-09-23,121.23999786376953,121.88999938964844,120.9000015258789,121.44000244140625,82.94933319091797,59368100,0.0,0.0,0.0
2005-09-26,122.0199966430664,122.23999786376953,121.08000183105469,121.58000183105469,83.04495239257812,70415400,0.0,0.0,0.0
2005-09-27,121.5199966430664,121.98999786376953,121.0199966430664,121.55000305175781,83.02445983886719,66150800,0.0,0.0,0.0
2005-09-28,121.93000030517578,122.12000274658203,121.19999694824219,121.66999816894531,83.10640716552734,58620500,0.0,0.0,0.0
2005-09-29,121.55000305175781,122.86000061035156,121.08000183105469,122.66000366210938,83.78266143798828,66607700,0.0,0.0,0.0
2005-09-30,122.62000274658203,123.04000091552734,121.73999786376953,123.04000091552734,84.04220581054688,47824200,0.0,0.0,0.0
2005-10-03,122.95999908447266,123.33999633789062,122.44999694824219,122.5999984741211,83.74164581298828,50994800,0.0,0.0,0.0
2005-10-04,122.79000091552734,123.02999877929688,121.16000366210938,121.22000122070312,82.79905700683594,60776300,0.0,0.0,0.0
2005-10-05,121.25,121.30999755859375,119.56999969482422,119.62999725341797,81.7130355834961,106052100,0.0,0.0,0.0
2005-10-06,119.77999877929688,120.26000213623047,118.16999816894531,119.19999694824219,81.41929626464844,140941800,0.0,0.0,0.0
2005-10-07,119.69999694824219,120.05000305175781,119.12999725341797,119.61000061035156,81.69932556152344,75661400,0.0,0.0,0.0
2005-10-10,119.68000030517578,119.70999908447266,118.30000305175781,118.5999984741211,81.00947570800781,52677000,0.0,0.0,0.0
2005-10-11,118.98999786376953,119.38999938964844,118.31999969482422,118.43000030517578,80.89337921142578,75629800,0.0,0.0,0.0
2005-10-12,118.38999938964844,119.12999725341797,117.41000366210938,117.5,80.25811767578125,100510400,0.0,0.0,0.0
2005-10-13,117.45999908447266,118.08000183105469,116.87999725341797,117.43000030517578,80.21028900146484,99052900,0.0,0.0,0.0
2005-10-14,118.12000274658203,118.80999755859375,117.55999755859375,118.66999816894531,81.0572509765625,88651000,0.0,0.0,0.0
2005-10-17,118.80000305175781,119.2699966430664,118.44999694824219,119.11000061035156,81.35781860351562,68109300,0.0,0.0,0.0
2005-10-18,118.94000244140625,118.95999908447266,117.80000305175781,117.81999969482422,80.47667694091797,74996900,0.0,0.0,0.0
2005-10-19,117.5,119.80000305175781,117.12000274658203,119.77999877929688,81.81548309326172,116563800,0.0,0.0,0.0
2005-10-20,119.48999786376953,119.80999755859375,117.30000305175781,117.66999816894531,80.37422943115234,131966700,0.0,0.0,0.0
2005-10-21,118.29000091552734,118.77999877929688,117.51000213623047,118.12999725341797,80.6884536743164,96579500,0.0,0.0,0.0
2005-10-24,118.44000244140625,120.08999633789062,118.41000366210938,119.95999908447266,81.93838500976562,71308400,0.0,0.0,0.0
2005-10-25,119.72000122070312,120.23999786376953,118.94000244140625,119.72000122070312,81.77449798583984,76594500,0.0,0.0,0.0
2005-10-26,119.51000213623047,120.54000091552734,119.19000244140625,119.37000274658203,81.53541564941406,80855800,0.0,0.0,0.0
2005-10-27,119.19999694824219,119.37000274658203,117.93000030517578,118.0999984741211,80.66793060302734,66623100,0.0,0.0,0.0
2005-10-28,118.43000030517578,119.94999694824219,118.0999984741211,119.80000305175781,81.82911682128906,72322000,0.0,0.0,0.0
2005-10-31,120.29000091552734,121.30000305175781,120.12999725341797,120.12999725341797,82.05455780029297,77698900,0.0,0.0,0.0
2005-11-01,120.58000183105469,120.9000015258789,120.22000122070312,120.48999786376953,82.30039978027344,66365100,0.0,0.0,0.0
2005-11-02,120.16999816894531,121.75,120.12999725341797,121.75,83.16107940673828,74012300,0.0,0.0,0.0
2005-11-03,122.1500015258789,122.66000366210938,121.75,122.2699966430664,83.5162353515625,84897600,0.0,0.0,0.0
2005-11-04,122.4000015258789,122.45999908447266,121.55000305175781,122.11000061035156,83.40697479248047,59156000,0.0,0.0,0.0
2005-11-07,122.37000274658203,122.62000274658203,121.8499984741211,122.2300033569336,83.48893737792969,46765400,0.0,0.0,0.0
2005-11-08,121.93000030517578,122.41999816894531,121.79000091552734,122.2300033569336,83.48893737792969,42152800,0.0,0.0,0.0
2005-11-09,122.08000183105469,122.94999694824219,121.86000061035156,122.38999938964844,83.59819030761719,57666800,0.0,0.0,0.0
2005-11-10,122.33999633789062,123.5199966430664,121.75,123.33999633789062,84.24710845947266,79048100,0.0,0.0,0.0
2005-11-11,123.3499984741211,123.83999633789062,122.43000030517578,123.76000213623047,84.53401947021484,34867000,0.0,0.0,0.0
2005-11-14,123.79000091552734,124.0199966430664,123.37999725341797,123.69000244140625,84.4862060546875,45092200,0.0,0.0,0.0
2005-11-15,123.55000305175781,124.08999633789062,122.86000061035156,123.23999786376953,84.17882537841797,69592500,0.0,0.0,0.0
2005-11-16,123.37000274658203,123.55000305175781,122.9800033569336,123.48999786376953,84.34957122802734,51133000,0.0,0.0,0.0
2005-11-17,123.68000030517578,124.6500015258789,123.13999938964844,124.63999938964844,85.13510131835938,55717500,0.0,0.0,0.0
2005-11-18,125.05999755859375,125.27999877929688,124.33000183105469,125.12999725341797,85.46975708007812,72437200,0.0,0.0,0.0
2005-11-21,125.1500015258789,125.91000366210938,124.9800033569336,125.76000213623047,85.90011596679688,50021200,0.0,0.0,0.0
2005-11-22,125.55999755859375,126.5199966430664,125.41999816894531,126.30000305175781,86.26893615722656,66438800,0.0,0.0,0.0
2005-11-23,126.25,127.41000366210938,126.20999908447266,127.02999877929688,86.76756286621094,50854700,0.0,0.0,0.0
2005-11-25,126.9800033569336,127.22000122070312,126.80999755859375,127.12999725341797,86.8359146118164,15270000,0.0,0.0,0.0
2005-11-28,127.25,127.2699966430664,126.04000091552734,126.2300033569336,86.22110748291016,54498500,0.0,0.0,0.0
2005-11-29,126.6500015258789,126.9800033569336,126.08999633789062,126.08999633789062,86.12549591064453,51738900,0.0,0.0,0.0
2005-11-30,126.16000366210938,126.5199966430664,125.29000091552734,125.41000366210938,85.66102600097656,56007200,0.0,0.0,0.0
2005-12-01,126.0199966430664,127.02999877929688,125.9800033569336,126.69000244140625,86.53533172607422,65468200,0.0,0.0,0.0
2005-12-02,126.7699966430664,127.08000183105469,126.5,126.8499984741211,86.64456176757812,46699400,0.0,0.0,0.0
2005-12-05,126.69999694824219,126.7300033569336,126.18000030517578,126.58000183105469,86.4601821899414,59273400,0.0,0.0,0.0
2005-12-06,127.05000305175781,127.73999786376953,126.62999725341797,126.81999969482422,86.6241455078125,57935200,0.0,0.0,0.0
2005-12-07,126.7699966430664,126.87000274658203,125.68000030517578,126.08000183105469,86.11866760253906,66816500,0.0,0.0,0.0
2005-12-08,126.22000122070312,126.81999969482422,125.4800033569336,126.0,86.06403350830078,62608600,0.0,0.0,0.0
2005-12-09,126.16000366210938,126.77999877929688,125.81999969482422,126.33000183105469,86.28941345214844,50744500,0.0,0.0,0.0
2005-12-12,126.70999908447266,126.86000061035156,125.95999908447266,126.44999694824219,86.37139129638672,48389900,0.0,0.0,0.0
2005-12-13,126.41999816894531,127.69999694824219,126.29000091552734,127.30999755859375,86.95880889892578,88630900,0.0,0.0,0.0
2005-12-14,127.19000244140625,128.08999633789062,127.13999938964844,127.80999755859375,87.30035400390625,64375000,0.0,0.0,0.0
2005-12-15,127.83999633789062,128.0,127.18000030517578,127.44000244140625,87.04764556884766,55900300,0.0,0.0,0.0
2005-12-16,127.27999877929688,127.36000061035156,126.36000061035156,126.36000061035156,86.76746368408203,46238300,0.672,0.0,0.0
2005-12-19,126.7300033569336,126.87000274658203,125.69000244140625,125.70999908447266,86.3211441040039,48733000,0.0,0.0,0.0
2005-12-20,125.86000061035156,126.58999633789062,125.4800033569336,125.83000183105469,86.40352630615234,46603200,0.0,0.0,0.0
2005-12-21,126.22000122070312,126.76000213623047,125.80000305175781,126.02999877929688,86.54082489013672,51806900,0.0,0.0,0.0
2005-12-22,126.30999755859375,126.69000244140625,126.08000183105469,126.69000244140625,86.99405670166016,32247900,0.0,0.0,0.0
2005-12-23,126.77999877929688,126.86000061035156,126.41999816894531,126.76000213623047,87.04212951660156,27977300,0.0,0.0,0.0
2005-12-27,126.95999908447266,127.05000305175781,125.37999725341797,125.47000122070312,86.15634155273438,44499500,0.0,0.0,0.0
2005-12-28,125.73999786376953,125.98999786376953,125.5,125.75,86.34857177734375,30764300,0.0,0.0,0.0
2005-12-29,125.72000122070312,125.95999908447266,125.05999755859375,125.19000244140625,85.96401977539062,32788900,0.0,0.0,0.0
2005-12-30,124.80000305175781,125.05999755859375,124.36000061035156,124.51000213623047,85.49711608886719,44645600,0.0,0.0,0.0
2006-01-03,125.19000244140625,127.0,124.38999938964844,126.69999694824219,87.00091552734375,73256700,0.0,0.0,0.0
2006-01-04,126.86000061035156,127.48999786376953,126.69999694824219,127.30000305175781,87.41292572021484,51899600,0.0,0.0,0.0
2006-01-05,127.1500015258789,127.58999633789062,126.87999725341797,127.37999725341797,87.46784210205078,47307500,0.0,0.0,0.0
2006-01-06,128.02000427246094,128.5800018310547,127.36000061035156,128.44000244140625,88.19572448730469,62885900,0.0,0.0,0.0
2006-01-09,128.4199981689453,129.05999755859375,128.3800048828125,128.77000427246094,88.42234802246094,43527400,0.0,0.0,0.0
2006-01-10,128.38999938964844,128.97999572753906,128.25999450683594,128.89999389648438,88.51158905029297,44960800,0.0,0.0,0.0
2006-01-11,129.02000427246094,129.44000244140625,128.72999572753906,129.30999755859375,88.7931137084961,49598900,0.0,0.0,0.0
2006-01-12,129.0800018310547,129.27999877929688,128.44000244140625,128.8000030517578,88.44292449951172,40509200,0.0,0.0,0.0
2006-01-13,128.57000732421875,128.89999389648438,128.1999969482422,128.67999267578125,88.36051940917969,44856700,0.0,0.0,0.0
2006-01-17,128.1999969482422,128.4199981689453,127.80999755859375,128.3300018310547,88.12017822265625,52066600,0.0,0.0,0.0
2006-01-18,127.58000183105469,128.89999389648438,127.16000366210938,127.81999969482422,87.76998138427734,75067600,0.0,0.0,0.0
2006-01-19,128.1300048828125,128.77000427246094,127.80999755859375,128.30999755859375,88.1064224243164,81530400,0.0,0.0,0.0
2006-01-20,128.27999877929688,128.30999755859375,125.97000122070312,125.97000122070312,86.49967956542969,114957800,0.0,0.0,0.0
2006-01-23,126.20999908447266,126.81999969482422,126.12999725341797,126.41999816894531,86.80867004394531,67017400,0.0,0.0,0.0
2006-01-24,126.62999725341797,127.1500015258789,126.41999816894531,126.55000305175781,86.89791870117188,53008800,0.0,0.0,0.0
2006-01-25,127.04000091552734,127.18000030517578,125.83999633789062,126.66000366210938,86.97345733642578,87747700,0.0,0.0,0.0
2006-01-26,127.25,127.66999816894531,126.76000213623047,127.36000061035156,87.4541244506836,71294000,0.0,0.0,0.0
2006-01-27,127.66000366210938,128.66000366210938,127.44999694824219,128.5399932861328,88.26439666748047,65771200,0.0,0.0,0.0
2006-01-30,128.44000244140625,128.80999755859375,128.35000610351562,128.44000244140625,88.19572448730469,33709600,0.0,0.0,0.0
2006-01-31,128.32000732421875,128.5399932861328,127.48999786376953,127.5,87.55024719238281,72937000,0.0,0.0,0.0
2006-02-01,127.81999969482422,128.42999267578125,127.72000122070312,128.38999938964844,88.16139221191406,63561000,0.0,0.0,0.0
2006-02-02,128.10000610351562,128.13999938964844,126.80000305175781,126.9000015258789,87.13825988769531,83626900,0.0,0.0,0.0
2006-02-03,126.58000183105469,128.38999938964844,126.13999938964844,126.2699966430664,86.70563507080078,86040400,0.0,0.0,0.0
2006-02-06,126.44000244140625,126.80000305175781,126.16999816894531,126.5999984741211,86.9322509765625,45511900,0.0,0.0,0.0
2006-02-07,126.37999725341797,126.66000366210938,125.4000015258789,125.4800033569336,86.1632080078125,71208100,0.0,0.0,0.0
2006-02-08,125.8499984741211,128.10000610351562,125.5999984741211,126.62000274658203,86.94597625732422,59422200,0.0,0.0,0.0
2006-02-09,126.91999816894531,127.5999984741211,126.37000274658203,126.41000366210938,86.80175018310547,62023300,0.0,0.0,0.0
2006-02-10,126.43000030517578,127.12999725341797,125.44999694824219,126.63999938964844,86.95970916748047,64508700,0.0,0.0,0.0
2006-02-13,126.5999984741211,126.79000091552734,125.94999694824219,126.41000366210938,86.80175018310547,52308700,0.0,0.0,0.0
2006-02-14,126.45999908447266,128.02999877929688,126.20999908447266,127.75,87.72189331054688,90964400,0.0,0.0,0.0
2006-02-15,127.68000030517578,128.32000732421875,127.23999786376953,128.1999969482422,88.03091430664062,85471300,0.0,0.0,0.0
2006-02-16,128.33999633789062,129.2100067138672,128.17999267578125,129.16000366210938,88.69011688232422,61017900,0.0,0.0,0.0
2006-02-17,129.0500030517578,129.16000366210938,128.5800018310547,128.80999755859375,88.44979095458984,40342600,0.0,0.0,0.0
2006-02-21,129.11000061035156,129.39999389648438,128.2899932861328,128.49000549316406,88.23008728027344,46456300,0.0,0.0,0.0
2006-02-22,128.77000427246094,129.64999389648438,128.64999389648438,129.27000427246094,88.76567840576172,42326700,0.0,0.0,0.0
2006-02-23,129.27000427246094,129.63999938964844,128.27999877929688,129.0800018310547,88.63519287109375,43423200,0.0,0.0,0.0
2006-02-24,129.11000061035156,129.47999572753906,128.75999450683594,129.41000366210938,88.86180114746094,36777400,0.0,0.0,0.0
2006-02-27,129.39999389648438,130.0399932861328,129.27999877929688,129.4600067138672,88.89613342285156,35858600,0.0,0.0,0.0
2006-02-28,129.1999969482422,129.91000366210938,128.1300048828125,128.22999572753906,88.05149841308594,74394800,0.0,0.0,0.0
2006-03-01,128.60000610351562,129.49000549316406,128.5,129.3699951171875,88.83429718017578,48641600,0.0,0.0,0.0
2006-03-02,128.89999389648438,129.4199981689453,128.61000061035156,129.36000061035156,88.82747650146484,60642300,0.0,0.0,0.0
2006-03-03,128.6699981689453,130.07000732421875,128.64999389648438,128.75999450683594,88.41545104980469,73402500,0.0,0.0,0.0
2006-03-06,129.13999938964844,129.17999267578125,127.8499984741211,128.1699981689453,88.01030731201172,57478400,0.0,0.0,0.0
2006-03-07,127.86000061035156,128.05999755859375,127.4000015258789,127.97000122070312,87.87300109863281,61780800,0.0,0.0,0.0
2006-03-08,127.69999694824219,128.44000244140625,127.18000030517578,128.24000549316406,88.05838775634766,66692400,0.0,0.0,0.0
2006-03-09,128.27999877929688,128.67999267578125,127.37999725341797,127.37999725341797,87.46784210205078,56313600,0.0,0.0,0.0
2006-03-10,127.70999908447266,128.83999633789062,127.44000244140625,128.58999633789062,88.29869842529297,60490800,0.0,0.0,0.0
2006-03-13,128.83999633789062,129.16000366210938,128.52999877929688,128.8300018310547,88.46354675292969,45479100,0.0,0.0,0.0
2006-03-14,128.7100067138672,130.22999572753906,128.61000061035156,130.17999267578125,89.39054870605469,69877300,0.0,0.0,0.0
2006-03-15,130.14999389648438,130.86000061035156,129.85000610351562,130.75999450683594,89.78880310058594,53398900,0.0,0.0,0.0
2006-03-16,131.00999450683594,131.47000122070312,130.83999633789062,131.02999877929688,89.97418212890625,65526400,0.0,0.0,0.0
2006-03-17,130.67999267578125,130.89999389648438,130.3800048828125,130.6199951171875,90.04934692382812,47286800,0.519,0.0,0.0
2006-03-20,130.63999938964844,130.89999389648438,130.2100067138672,130.41000366210938,89.90457916259766,45538500,0.0,0.0,0.0
2006-03-21,130.3699951171875,130.99000549316406,129.4499969482422,129.58999633789062,89.33927154541016,87102700,0.0,0.0,0.0
2006-03-22,129.50999450683594,130.50999450683594,129.4499969482422,130.3800048828125,89.88388061523438,51605700,0.0,0.0,0.0
2006-03-23,130.25999450683594,130.38999938964844,129.66000366210938,130.11000061035156,89.69774627685547,46704200,0.0,0.0,0.0
2006-03-24,129.99000549316406,130.57000732421875,129.74000549316406,130.2100067138672,89.76671600341797,43209200,0.0,0.0,0.0
2006-03-27,130.02999877929688,130.27999877929688,129.74000549316406,130.02000427246094,89.6357421875,32523000,0.0,0.0,0.0
2006-03-28,129.92999267578125,130.52999877929688,129.0500030517578,129.22000122070312,89.08419036865234,82079900,0.0,0.0,0.0
2006-03-29,129.41000366210938,130.5,129.2899932861328,130.02999877929688,89.64260864257812,61505700,0.0,0.0,0.0
2006-03-30,130.11000061035156,130.97999572753906,129.5500030517578,129.8000030517578,89.48401641845703,70571700,0.0,0.0,0.0
2006-03-31,130.02000427246094,130.24000549316406,129.3699951171875,129.8300018310547,89.50471496582031,62925600,0.0,0.0,0.0
2006-04-03,130.07000732421875,130.8699951171875,129.49000549316406,129.72999572753906,89.43580627441406,61624700,0.0,0.0,0.0
2006-04-04,129.72999572753906,130.72999572753906,129.36000061035156,130.55999755859375,90.00794982910156,54809300,0.0,0.0,0.0
2006-04-05,130.61000061035156,131.27999877929688,130.3800048828125,131.00999450683594,90.31822967529297,50607200,0.0,0.0,0.0
2006-04-06,130.85000610351562,131.2100067138672,130.19000244140625,130.8699951171875,90.22168731689453,57906200,0.0,0.0,0.0
2006-04-07,131.05999755859375,131.39999389648438,129.35000610351562,129.5399932861328,89.30477142333984,80180900,0.0,0.0,0.0
2006-04-10,129.74000549316406,130.0800018310547,129.25999450683594,129.74000549316406,89.44270324707031,41496500,0.0,0.0,0.0
2006-04-11,129.85000610351562,130.05999755859375,128.25,128.63999938964844,88.68433380126953,72799400,0.0,0.0,0.0
2006-04-12,128.77000427246094,129.1300048828125,128.61000061035156,128.8800048828125,88.84978485107422,43033700,0.0,0.0,0.0
2006-04-13,128.58999633789062,129.25,128.30999755859375,128.7100067138672,88.73261260986328,51051800,0.0,0.0,0.0
2006-04-17,128.8300018310547,129.30999755859375,128.02000427246094,128.66000366210938,88.69810485839844,64167700,0.0,0.0,0.0
2006-04-18,128.92999267578125,130.94000244140625,128.92999267578125,130.6999969482422,90.10446166992188,92531800,0.0,0.0,0.0
2006-04-19,130.75,131.07000732421875,130.24000549316406,130.9499969482422,90.27684020996094,87269000,0.0,0.0,0.0
2006-04-20,131.0,131.86000061035156,130.60000610351562,131.1300048828125,90.40093994140625,86005500,0.0,0.0,0.0
2006-04-21,131.69000244140625,131.7899932861328,130.6199951171875,131.14999389648438,90.41470336914062,72342600,0.0,0.0,0.0
2006-04-24,130.88999938964844,131.07000732421875,130.3800048828125,130.91000366210938,90.24925231933594,52546400,0.0,0.0,0.0
2006-04-25,131.0399932861328,131.1199951171875,129.9199981689453,130.3699951171875,89.87696075439453,84359800,0.0,0.0,0.0
2006-04-26,130.5,131.13999938964844,130.3000030517578,130.39999389648438,89.89767456054688,67262400,0.0,0.0,0.0
2006-04-27,129.89999389648438,131.6300048828125,129.58999633789062,131.02999877929688,90.33199310302734,124478600,0.0,0.0,0.0
2006-04-28,130.7899932861328,131.75,130.7100067138672,131.47000122070312,90.63533782958984,55854400,0.0,0.0,0.0
2006-05-01,131.47000122070312,131.8000030517578,130.32000732421875,130.39999389648438,89.89767456054688,64990300,0.0,0.0,0.0
2006-05-02,131.00999450683594,131.4600067138672,130.74000549316406,131.3800048828125,90.57329559326172,49063500,0.0,0.0,0.0
2006-05-03,131.14999389648438,131.32000732421875,130.4499969482422,130.88999938964844,90.23548889160156,60821300,0.0,0.0,0.0
2006-05-04,131.0800018310547,131.6199951171875,130.97000122070312,131.36000061035156,90.55950927734375,42921400,0.0,0.0,0.0
2006-05-05,132.0500030517578,132.8000030517578,131.85000610351562,132.52000427246094,91.35922241210938,62588200,0.0,0.0,0.0
2006-05-08,132.50999450683594,132.77000427246094,132.36000061035156,132.36000061035156,91.2489242553711,30016700,0.0,0.0,0.0
2006-05-09,132.4199981689453,132.77000427246094,132.30999755859375,132.6199951171875,91.42813873291016,29864000,0.0,0.0,0.0
2006-05-10,132.41000366210938,132.75,131.88999938964844,132.5500030517578,91.37987518310547,64378200,0.0,0.0,0.0
2006-05-11,132.50999450683594,132.5500030517578,130.52000427246094,130.9499969482422,90.27684020996094,80626900,0.0,0.0,0.0
2006-05-12,130.36000061035156,130.72000122070312,129.19000244140625,129.24000549316406,89.09798431396484,91726500,0.0,0.0,0.0
2006-05-15,128.7899932861328,129.74000549316406,128.61000061035156,129.5,89.27720642089844,84029300,0.0,0.0,0.0
2006-05-16,129.75999450683594,130.0,129.00999450683594,129.30999755859375,89.14620208740234,62137600,0.0,0.0,0.0
2006-05-17,128.6699981689453,129.10000610351562,126.7699966430664,126.8499984741211,87.45027160644531,144789500,0.0,0.0,0.0
2006-05-18,127.3499984741211,127.75,126.11000061035156,126.20999908447266,87.00910949707031,87906300,0.0,0.0,0.0
2006-05-19,126.87000274658203,127.48999786376953,125.80000305175781,127.0999984741211,87.62262725830078,124309400,0.0,0.0,0.0
2006-05-22,126.27999877929688,127.16999816894531,125.5,126.12999725341797,86.95391845703125,110852800,0.0,0.0,0.0
2006-05-23,127.18000030517578,127.62999725341797,125.16999816894531,125.16999816894531,86.2921142578125,92006500,0.0,0.0,0.0
2006-05-24,125.68000030517578,126.88999938964844,124.76000213623047,126.16999816894531,86.98151397705078,168405000,0.0,0.0,0.0
2006-05-25,126.91999816894531,127.7300033569336,126.43000030517578,127.7300033569336,88.05699920654297,78977900,0.0,0.0,0.0
2006-05-26,128.00999450683594,128.3800048828125,127.51000213623047,128.3800048828125,88.50508117675781,62989700,0.0,0.0,0.0
2006-05-30,127.97000122070312,128.0,126.05000305175781,126.0999984741211,86.9332504272461,72419900,0.0,0.0,0.0
2006-05-31,126.62000274658203,127.51000213623047,126.19999694824219,127.51000213623047,87.90534210205078,86926200,0.0,0.0,0.0
2006-06-01,127.37999725341797,128.94000244140625,127.2699966430664,128.72999572753906,88.74635314941406,73721700,0.0,0.0,0.0
2006-06-02,129.25,129.42999267578125,128.32000732421875,129.0,88.93251037597656,91702600,0.0,0.0,0.0
2006-06-05,128.85000610351562,128.86000061035156,126.7699966430664,127.12000274658203,87.63645935058594,86105100,0.0,0.0,0.0
2006-06-06,127.20999908447266,127.37999725341797,125.76000213623047,126.80999755859375,87.42272186279297,130498600,0.0,0.0,0.0
2006-06-07,126.91000366210938,127.6500015258789,125.79000091552734,125.86000061035156,86.76781463623047,108599400,0.0,0.0,0.0
2006-06-08,125.58000183105469,126.5,123.87000274658203,125.75,86.69197082519531,204957200,0.0,0.0,0.0
2006-06-09,126.36000061035156,126.95999908447266,125.29000091552734,125.3499984741211,86.41618347167969,94972200,0.0,0.0,0.0
2006-06-12,125.87999725341797,125.93000030517578,123.81999969482422,123.98999786376953,85.4786148071289,95815900,0.0,0.0,0.0
2006-06-13,123.73999786376953,124.83999633789062,122.55000305175781,122.55000305175781,84.48589324951172,185688800,0.0,0.0,0.0
2006-06-14,122.83999633789062,123.62999725341797,122.33999633789062,123.5,85.14079284667969,163566400,0.0,0.0,0.0
2006-06-15,123.94999694824219,126.36000061035156,123.86000061035156,126.12000274658203,86.94707489013672,134057000,0.0,0.0,0.0
2006-06-16,125.29000091552734,125.55999755859375,124.45999908447266,124.6500015258789,86.31346130371094,94253500,0.555,0.0,0.0
2006-06-19,125.4000015258789,125.4800033569336,123.55000305175781,123.66999816894531,85.63484191894531,95804400,0.0,0.0,0.0
2006-06-20,124.01000213623047,124.80999755859375,123.72000122070312,124.08999633789062,85.92569732666016,65494700,0.0,0.0,0.0
2006-06-21,124.0,125.69999694824219,123.95999908447266,125.01000213623047,86.5627212524414,75008200,0.0,0.0,0.0
2006-06-22,124.94999694824219,125.05999755859375,124.04000091552734,124.45999908447266,86.18186950683594,74566100,0.0,0.0,0.0
2006-06-23,124.33000183105469,125.30000305175781,124.02999877929688,124.44000244140625,86.16806030273438,54107000,0.0,0.0,0.0
2006-06-26,124.54000091552734,125.05999755859375,124.25,124.98999786376953,86.54891204833984,37899600,0.0,0.0,0.0
2006-06-27,125.01000213623047,125.29000091552734,123.7699966430664,123.91000366210938,85.80104064941406,69780200,0.0,0.0,0.0
2006-06-28,124.19000244140625,124.7699966430664,123.6500015258789,124.75,86.38272094726562,62368100,0.0,0.0,0.0
2006-06-29,125.19999694824219,127.3499984741211,125.16999816894531,127.2699966430664,88.1276626586914,110634800,0.0,0.0,0.0
2006-06-30,127.54000091552734,127.66000366210938,126.95999908447266,127.27999877929688,88.13459777832031,54227800,0.0,0.0,0.0
2006-07-03,127.43000030517578,128.00999450683594,127.30999755859375,127.80000305175781,88.49464416503906,23914000,0.0,0.0,0.0
2006-07-05,127.29000091552734,127.44999694824219,126.5199966430664,127.06999969482422,87.9891586303711,69653400,0.0,0.0,0.0
2006-07-06,127.19999694824219,127.8499984741211,127.08000183105469,127.44000244140625,88.24539947509766,50100300,0.0,0.0,0.0
2006-07-07,127.19000244140625,127.55999755859375,126.29000091552734,126.61000061035156,87.67066955566406,81626500,0.0,0.0,0.0
2006-07-10,126.94000244140625,127.43000030517578,126.41000366210938,126.8499984741211,87.8367919921875,60964100,0.0,0.0,0.0
2006-07-11,126.61000061035156,127.41000366210938,125.94000244140625,127.41000366210938,88.22463989257812,73640800,0.0,0.0,0.0
2006-07-12,127.1500015258789,127.4000015258789,125.72000122070312,126.05000305175781,87.28285217285156,82561300,0.0,0.0,0.0
2006-07-13,125.44999694824219,125.68000030517578,124.0,124.0,85.86335754394531,102405700,0.0,0.0,0.0
2006-07-14,124.12999725341797,124.26000213623047,122.83000183105469,123.5199966430664,85.53099060058594,103242500,0.0,0.0,0.0
2006-07-17,123.5199966430664,124.0999984741211,123.1500015258789,123.33999633789062,85.40635681152344,81159000,0.0,0.0,0.0
2006-07-18,123.70999908447266,124.05000305175781,122.38999938964844,123.97000122070312,85.84259796142578,122771000,0.0,0.0,0.0
2006-07-19,124.18000030517578,126.26000213623047,123.72000122070312,125.69000244140625,87.03360748291016,133565300,0.0,0.0,0.0
2006-07-20,126.12000274658203,126.30000305175781,124.66000366210938,124.83000183105469,86.43809509277344,112259800,0.0,0.0,0.0
2006-07-21,125.1500015258789,125.19000244140625,123.81999969482422,123.94999694824219,85.8287353515625,101560000,0.0,0.0,0.0
2006-07-24,124.44000244140625,126.31999969482422,124.44000244140625,126.20999908447266,87.39368438720703,92884000,0.0,0.0,0.0
2006-07-25,125.9800033569336,127.30000305175781,125.72000122070312,126.66000366210938,87.70528411865234,95480700,0.0,0.0,0.0
2006-07-26,126.58999633789062,127.44999694824219,126.18000030517578,126.83000183105469,87.82298278808594,84525800,0.0,0.0,0.0
2006-07-27,127.37999725341797,127.69000244140625,126.19999694824219,126.70999908447266,87.73987579345703,87257100,0.0,0.0,0.0
2006-07-28,127.04000091552734,128.13999938964844,126.86000061035156,127.9800033569336,88.61930847167969,82137000,0.0,0.0,0.0
2006-07-31,127.66000366210938,127.95999908447266,127.44999694824219,127.8499984741211,88.52925872802734,49593100,0.0,0.0,0.0
2006-08-01,127.33999633789062,127.37999725341797,126.5999984741211,127.22000122070312,88.0930404663086,65225600,0.0,0.0,0.0
2006-08-02,127.58000183105469,128.4600067138672,127.55000305175781,128.0800018310547,88.68856811523438,64770900,0.0,0.0,0.0
2006-08-03,127.33999633789062,128.5500030517578,127.1500015258789,128.4199981689453,88.92396545410156,63693800,0.0,0.0,0.0
2006-08-04,129.0800018310547,129.42999267578125,127.4800033569336,128.1999969482422,88.77162170410156,96294200,0.0,0.0,0.0
2006-08-07,127.9000015258789,128.0800018310547,127.4000015258789,127.9000015258789,88.56390380859375,45377300,0.0,0.0,0.0
2006-08-08,128.08999633789062,128.4600067138672,126.94999694824219,127.41000366210938,88.22463989257812,90901300,0.0,0.0,0.0
2006-08-09,128.17999267578125,128.60000610351562,126.61000061035156,126.9800033569336,87.92687225341797,78910600,0.0,0.0,0.0
2006-08-10,126.58000183105469,127.5,126.27999877929688,127.37000274658203,88.1969223022461,69322300,0.0,0.0,0.0
2006-08-11,127.16999816894531,127.19999694824219,126.38999938964844,127.01000213623047,87.9476318359375,47482200,0.0,0.0,0.0
2006-08-14,127.62999725341797,128.16000366210938,126.91999816894531,127.11000061035156,88.01688385009766,57839000,0.0,0.0,0.0
2006-08-15,128.25,128.8699951171875,127.9000015258789,128.6300048828125,89.06941223144531,68143000,0.0,0.0,0.0
2006-08-16,129.32000732421875,129.88999938964844,129.0399932861328,129.6999969482422,89.8103256225586,71737600,0.0,0.0,0.0
2006-08-17,129.5800018310547,130.3699951171875,129.49000549316406,130.02999877929688,90.03883361816406,70992800,0.0,0.0,0.0
2006-08-18,130.19000244140625,130.69000244140625,129.58999633789062,130.69000244140625,90.49584197998047,58288400,0.0,0.0,0.0
2006-08-21,130.17999267578125,130.27999877929688,129.8000030517578,130.1300048828125,90.10807037353516,42133600,0.0,0.0,0.0
2006-08-22,129.99000549316406,130.52000427246094,129.67999267578125,130.1199951171875,90.10114288330078,60839900,0.0,0.0,0.0
2006-08-23,130.17999267578125,130.44000244140625,129.19000244140625,129.75999450683594,89.85183715820312,66592100,0.0,0.0,0.0
2006-08-24,129.99000549316406,130.10000610351562,129.39999389648438,129.64999389648438,89.77567291259766,57983000,0.0,0.0,0.0
2006-08-25,129.63999938964844,130.25,129.5500030517578,129.80999755859375,89.8864517211914,41756000,0.0,0.0,0.0
2006-08-28,129.64999389648438,130.82000732421875,129.63999938964844,130.42999267578125,90.31580352783203,52681500,0.0,0.0,0.0
2006-08-29,130.49000549316406,130.8300018310547,129.80999755859375,130.5800018310547,90.41964721679688,61817800,0.0,0.0,0.0
2006-08-30,130.8699951171875,131.0399932861328,130.5500030517578,130.66000366210938,90.47505950927734,50052200,0.0,0.0,0.0
2006-08-31,130.85000610351562,130.99000549316406,130.5800018310547,130.63999938964844,90.4612045288086,37510300,0.0,0.0,0.0
2006-09-01,131.13999938964844,131.5800018310547,130.83999633789062,131.4199981689453,91.00131225585938,48794500,0.0,0.0,0.0
2006-09-05,131.50999450683594,131.85000610351562,131.1999969482422,131.6699981689453,91.17440032958984,52348300,0.0,0.0,0.0
2006-09-06,131.11000061035156,131.16000366210938,130.3300018310547,130.50999450683594,90.3711929321289,53795600,0.0,0.0,0.0
2006-09-07,130.05999755859375,130.57000732421875,129.35000610351562,129.91000366210938,89.95569610595703,86269400,0.0,0.0,0.0
2006-09-08,130.0800018310547,130.4600067138672,129.8300018310547,130.27999877929688,90.21192169189453,45096300,0.0,0.0,0.0
2006-09-11,129.86000061035156,130.69000244140625,129.47999572753906,130.41000366210938,90.30195617675781,68496600,0.0,0.0,0.0
2006-09-12,130.55999755859375,131.83999633789062,130.3699951171875,131.69000244140625,91.18826293945312,69875600,0.0,0.0,0.0
2006-09-13,131.63999938964844,132.4499969482422,131.52000427246094,132.22000122070312,91.55529022216797,62898400,0.0,0.0,0.0
2006-09-14,131.9600067138672,132.24000549316406,131.75,132.22999572753906,91.56217956542969,57805400,0.0,0.0,0.0
2006-09-15,132.30999755859375,132.38999938964844,131.67999267578125,131.9600067138672,91.77711486816406,76703100,0.579,0.0,0.0
2006-09-18,131.7899932861328,132.38999938964844,131.64999389648438,132.13999938964844,91.90228271484375,64154100,0.0,0.0,0.0
2006-09-19,132.1199951171875,132.1300048828125,131.07000732421875,131.80999755859375,91.67278289794922,92089100,0.0,0.0,0.0
2006-09-20,132.25,132.77000427246094,132.05999755859375,132.50999450683594,92.15961456298828,75204100,0.0,0.0,0.0
2006-09-21,132.61000061035156,132.75,131.4199981689453,131.8699951171875,91.71452331542969,88932500,0.0,0.0,0.0
2006-09-22,131.6699981689453,131.67999267578125,131.0,131.47000122070312,91.43632507324219,65966800,0.0,0.0,0.0
2006-09-25,131.72999572753906,132.85000610351562,131.0500030517578,132.47999572753906,92.13874816894531,92299100,0.0,0.0,0.0
2006-09-26,132.5,133.60000610351562,132.39999389648438,133.5800018310547,92.90380859375,73962700,0.0,0.0,0.0
2006-09-27,133.49000549316406,133.97000122070312,133.27000427246094,133.74000549316406,93.01506042480469,82432200,0.0,0.0,0.0
2006-09-28,133.74000549316406,133.99000549316406,133.27999877929688,133.69000244140625,92.98031616210938,58597500,0.0,0.0,0.0
2006-09-29,133.8000030517578,133.94000244140625,133.47999572753906,133.5800018310547,92.90380859375,47966600,0.0,0.0,0.0
2006-10-02,133.5399932861328,133.8300018310547,132.9499969482422,133.0800018310547,92.55609893798828,51687400,0.0,0.0,0.0
2006-10-03,132.88999938964844,133.8699951171875,132.64999389648438,133.36000061035156,92.75079345703125,73108100,0.0,0.0,0.0
2006-10-04,133.22999572753906,135.0,133.0800018310547,134.9199981689453,93.83573913574219,80890500,0.0,0.0,0.0
2006-10-05,134.9199981689453,135.41000366210938,134.75,135.17999267578125,94.01660919189453,60505900,0.0,0.0,0.0
2006-10-06,134.9499969482422,135.10000610351562,134.39999389648438,135.00999450683594,93.89834594726562,64983600,0.0,0.0,0.0
2006-10-09,134.85000610351562,135.3000030517578,134.63999938964844,135.08999633789062,93.95399475097656,41176800,0.0,0.0,0.0
2006-10-10,135.10000610351562,135.4499969482422,134.83999633789062,135.27000427246094,94.07917785644531,56403700,0.0,0.0,0.0
2006-10-11,134.83999633789062,135.42999267578125,134.3000030517578,135.11000061035156,93.96788024902344,104071800,0.0,0.0,0.0
2006-10-12,135.4499969482422,136.38999938964844,135.39999389648438,136.27999877929688,94.7816390991211,59158600,0.0,0.0,0.0
2006-10-13,136.16000366210938,136.7100067138672,136.0399932861328,136.6300048828125,95.02503204345703,53944000,0.0,0.0,0.0
2006-10-16,136.52000427246094,137.0500030517578,136.4199981689453,136.83999633789062,95.17113494873047,42273000,0.0,0.0,0.0
2006-10-17,136.47000122070312,136.6999969482422,135.6699981689453,136.41000366210938,94.87205505371094,90500600,0.0,0.0,0.0
2006-10-18,137.0399932861328,137.3699951171875,136.10000610351562,136.58999633789062,94.99726867675781,86848600,0.0,0.0,0.0
2006-10-19,136.38999938964844,136.8800048828125,136.22999572753906,136.80999755859375,95.15027618408203,64063200,0.0,0.0,0.0
2006-10-20,136.83999633789062,136.9499969482422,136.3300018310547,136.83999633789062,95.17113494873047,48094500,0.0,0.0,0.0
2006-10-23,136.55999755859375,137.8000030517578,136.38999938964844,137.47000122070312,95.60930633544922,66219900,0.0,0.0,0.0
2006-10-24,137.27999877929688,137.92999267578125,137.22000122070312,137.8800048828125,95.89439392089844,53234900,0.0,0.0,0.0
2006-10-25,137.74000549316406,138.41000366210938,137.50999450683594,138.35000610351562,96.22130584716797,78105400,0.0,0.0,0.0
2006-10-26,138.66000366210938,139.0,137.97999572753906,138.77999877929688,96.52033996582031,66843700,0.0,0.0,0.0
2006-10-27,138.61000061035156,138.75,137.6300048828125,137.91000366210938,95.91529846191406,80238000,0.0,0.0,0.0
2006-10-30,137.66000366210938,138.1999969482422,137.39999389648438,137.80999755859375,95.84573364257812,49717800,0.0,0.0,0.0
2006-10-31,138.07000732421875,138.25999450683594,137.25,137.7899932861328,95.83184051513672,71274100,0.0,0.0,0.0
2006-11-01,138.22000122070312,138.30999755859375,136.72000122070312,136.86000061035156,95.1850357055664,83005600,0.0,0.0,0.0
2006-11-02,136.50999450683594,137.00999450683594,136.36000061035156,136.77999877929688,95.12936401367188,60693100,0.0,0.0,0.0
2006-11-03,137.27000427246094,137.38999938964844,135.6199951171875,136.5399932861328,94.96240997314453,71346400,0.0,0.0,0.0
2006-11-06,136.9600067138672,138.27999877929688,136.9499969482422,138.0800018310547,96.03350830078125,63303300,0.0,0.0,0.0
2006-11-07,138.1999969482422,138.97999572753906,138.0,138.61000061035156,96.40213775634766,63318900,0.0,0.0,0.0
2006-11-08,138.0,139.0500030517578,136.86000061035156,138.91000366210938,96.61075592041016,87517800,0.0,0.0,0.0
2006-11-09,139.00999450683594,139.13999938964844,137.89999389648438,138.17999267578125,96.10301971435547,95916300,0.0,0.0,0.0
2006-11-10,138.13999938964844,138.33999633789062,137.72000122070312,138.24000549316406,96.14481353759766,48991500,0.0,0.0,0.0
2006-11-13,138.17999267578125,139.0399932861328,138.07000732421875,138.5800018310547,96.38127136230469,59398200,0.0,0.0,0.0
2006-11-14,138.97000122070312,139.74000549316406,138.1199951171875,139.6199951171875,97.10456848144531,96704000,0.0,0.0,0.0
2006-11-15,139.57000732421875,140.4499969482422,139.52999877929688,140.02000427246094,97.38277435302734,76509600,0.0,0.0,0.0
2006-11-16,140.44000244140625,140.67999267578125,139.49000549316406,140.3800048828125,97.63314819335938,76728800,0.0,0.0,0.0
2006-11-17,139.92999267578125,140.42999267578125,139.72999572753906,140.4199981689453,97.66095733642578,56353800,0.0,0.0,0.0
2006-11-20,140.3000030517578,140.74000549316406,139.94000244140625,140.5,97.71656799316406,69174200,0.0,0.0,0.0
2006-11-21,140.49000549316406,140.6699981689453,140.2899932861328,140.63999938964844,97.81398010253906,51367900,0.0,0.0,0.0
2006-11-22,140.75,141.16000366210938,140.5,140.9199981689453,98.00870513916016,45505300,0.0,0.0,0.0
2006-11-24,140.24000549316406,140.83999633789062,140.1999969482422,140.35000610351562,97.61229705810547,30998000,0.0,0.0,0.0
2006-11-27,140.27999877929688,140.35000610351562,138.3800048828125,138.4199981689453,96.26998138427734,84545100,0.0,0.0,0.0
2006-11-28,138.24000549316406,139.16000366210938,138.11000061035156,139.02000427246094,96.68730926513672,106652900,0.0,0.0,0.0
2006-11-29,139.47000122070312,140.52999877929688,139.0800018310547,140.47000122070312,97.6957015991211,90034900,0.0,0.0,0.0
2006-11-30,140.44000244140625,141.0500030517578,139.75999450683594,140.52999877929688,97.73743438720703,83994300,0.0,0.0,0.0
2006-12-01,140.52999877929688,140.66000366210938,138.97000122070312,140.22000122070312,97.52186584472656,126080000,0.0,0.0,0.0
2006-12-04,140.25,141.5500030517578,140.22999572753906,141.2899932861328,98.26606750488281,87813200,0.0,0.0,0.0
2006-12-05,141.55999755859375,141.9600067138672,141.25999450683594,141.89999389648438,98.6902847290039,73374400,0.0,0.0,0.0
2006-12-06,141.8699951171875,142.07000732421875,141.5,141.77999877929688,98.6068115234375,53253200,0.0,0.0,0.0
2006-12-07,142.02999877929688,142.3000030517578,141.11000061035156,141.16000366210938,98.1756362915039,62857400,0.0,0.0,0.0
2006-12-08,141.1300048828125,141.89999389648438,140.77999877929688,141.4199981689453,98.35646057128906,79625500,0.0,0.0,0.0
2006-12-11,141.4199981689453,142.08999633789062,141.33999633789062,141.8300018310547,98.64156341552734,39779400,0.0,0.0,0.0
2006-12-12,141.69000244140625,141.8699951171875,140.88999938964844,141.72000122070312,98.56507110595703,77451600,0.0,0.0,0.0
2006-12-13,142.22999572753906,142.33999633789062,141.55999755859375,141.8699951171875,98.66941833496094,55520200,0.0,0.0,0.0
2006-12-14,141.86000061035156,143.24000549316406,141.83999633789062,143.1199951171875,99.53878784179688,64755200,0.0,0.0,0.0
2006-12-15,142.63999938964844,142.88999938964844,142.24000549316406,142.33999633789062,99.54793548583984,70857400,0.793,0.0,0.0
2006-12-18,142.5399932861328,142.8800048828125,141.75,141.9499969482422,99.27510833740234,48954600,0.0,0.0,0.0
2006-12-19,141.5500030517578,142.55999755859375,141.19000244140625,142.22000122070312,99.46392822265625,65023600,0.0,0.0,0.0
2006-12-20,142.27999877929688,142.66000366210938,142.00999450683594,142.13999938964844,99.40802001953125,41469600,0.0,0.0,0.0
2006-12-21,142.27000427246094,142.42999267578125,141.32000732421875,141.6199951171875,99.04432678222656,48698400,0.0,0.0,0.0
2006-12-22,141.63999938964844,141.64999389648438,140.6699981689453,140.75,98.43586730957031,62069100,0.0,0.0,0.0
2006-12-26,140.80999755859375,141.61000061035156,140.77999877929688,141.5800018310547,99.01638793945312,32696900,0.0,0.0,0.0
2006-12-27,141.8699951171875,142.60000610351562,141.8300018310547,142.50999450683594,99.66675567626953,39727100,0.0,0.0,0.0
2006-12-28,142.41000366210938,142.6999969482422,141.99000549316406,142.2100067138672,99.45696258544922,37288800,0.0,0.0,0.0
2006-12-29,142.05999755859375,142.5399932861328,141.42999267578125,141.6199951171875,99.04432678222656,45461200,0.0,0.0,0.0
2007-01-03,142.25,142.86000061035156,140.57000732421875,141.3699951171875,98.86946868896484,94807600,0.0,0.0,0.0
2007-01-04,141.22999572753906,142.0500030517578,140.61000061035156,141.6699981689453,99.07927703857422,69620600,0.0,0.0,0.0
2007-01-05,141.3300018310547,141.39999389648438,140.3800048828125,140.5399932861328,98.28903198242188,76645300,0.0,0.0,0.0
2007-01-08,140.82000732421875,141.41000366210938,140.25,141.19000244140625,98.7436294555664,71655000,0.0,0.0,0.0
2007-01-09,141.30999755859375,141.60000610351562,140.39999389648438,141.07000732421875,98.65966796875,75680100,0.0,0.0,0.0
2007-01-10,140.5800018310547,141.57000732421875,140.3000030517578,141.5399932861328,98.98837280273438,72428000,0.0,0.0,0.0
2007-01-11,141.5800018310547,142.6199951171875,141.5,142.16000366210938,99.42195129394531,54476800,0.0,0.0,0.0
2007-01-12,142.14999389648438,143.24000549316406,142.11000061035156,143.24000549316406,100.17730712890625,55370600,0.0,0.0,0.0
2007-01-16,143.07000732421875,143.44000244140625,142.72999572753906,142.9600067138672,99.98149871826172,44871300,0.0,0.0,0.0
2007-01-17,142.85000610351562,143.4600067138672,142.72999572753906,143.02000427246094,100.02348327636719,50241400,0.0,0.0,0.0
2007-01-18,143.1699981689453,143.25999450683594,142.30999755859375,142.5399932861328,99.68775177001953,68177300,0.0,0.0,0.0
2007-01-19,142.5399932861328,143.10000610351562,142.4600067138672,142.82000732421875,99.88358306884766,56973000,0.0,0.0,0.0
2007-01-22,143.07000732421875,143.10000610351562,141.92999267578125,142.3800048828125,99.57587432861328,60253600,0.0,0.0,0.0
2007-01-23,142.25999450683594,143.0800018310547,142.05999755859375,142.8000030517578,99.86956787109375,54064400,0.0,0.0,0.0
2007-01-24,142.97000122070312,143.97999572753906,142.91000366210938,143.9499969482422,100.67386627197266,55834700,0.0,0.0,0.0
2007-01-25,143.86000061035156,143.9199981689453,142.00999450683594,142.25999450683594,99.491943359375,73583800,0.0,0.0,0.0
2007-01-26,142.57000732421875,142.64999389648438,141.5800018310547,142.1300048828125,99.4010238647461,67255600,0.0,0.0,0.0
2007-01-29,142.19000244140625,142.8000030517578,141.74000549316406,142.0500030517578,99.34510803222656,66114600,0.0,0.0,0.0
2007-01-30,142.35000610351562,142.86000061035156,142.05999755859375,142.7899932861328,99.8625717163086,70407600,0.0,0.0,0.0
2007-01-31,142.6300048828125,144.1300048828125,142.39999389648438,143.75,100.53397369384766,91868600,0.0,0.0,0.0
2007-02-01,144.14999389648438,144.66000366210938,143.91000366210938,144.61000061035156,101.13546752929688,69312400,0.0,0.0,0.0
2007-02-02,144.72999572753906,144.9499969482422,144.3800048828125,144.80999755859375,101.27529907226562,49607000,0.0,0.0,0.0
2007-02-05,144.6999969482422,144.94000244140625,144.33999633789062,144.85000610351562,101.30328369140625,45705300,0.0,0.0,0.0
2007-02-06,144.97000122070312,145.02999877929688,144.3300018310547,144.88999938964844,101.33129119873047,57081300,0.0,0.0,0.0
2007-02-07,145.1199951171875,145.36000061035156,144.57000732421875,145.2100067138672,101.55510711669922,55669700,0.0,0.0,0.0
2007-02-08,144.77999877929688,145.1199951171875,144.27000427246094,145.02000427246094,101.4221420288086,70641000,0.0,0.0,0.0
2007-02-09,145.05999755859375,145.3300018310547,143.38999938964844,143.94000244140625,100.6668701171875,79084400,0.0,0.0,0.0
2007-02-12,143.94000244140625,144.0399932861328,143.19000244140625,143.4499969482422,100.32421112060547,65657000,0.0,0.0,0.0
2007-02-13,143.77000427246094,144.89999389648438,143.75999450683594,144.66000366210938,101.17042541503906,64081800,0.0,0.0,0.0
2007-02-14,144.8000030517578,145.89999389648438,144.77999877929688,145.61000061035156,101.83482360839844,66039400,0.0,0.0,0.0
2007-02-15,145.6699981689453,145.9499969482422,145.42999267578125,145.8000030517578,101.96768188476562,38715200,0.0,0.0,0.0
2007-02-16,145.44000244140625,145.75999450683594,145.22999572753906,145.72999572753906,101.91869354248047,39841800,0.0,0.0,0.0
2007-02-20,145.55999755859375,146.1999969482422,145.0,146.0399932861328,102.13555145263672,56911800,0.0,0.0,0.0
2007-02-21,145.61000061035156,146.07000732421875,145.35000610351562,145.97999572753906,102.09357452392578,63971600,0.0,0.0,0.0
2007-02-22,146.0500030517578,146.4199981689453,145.1699981689453,145.8699951171875,102.01667022705078,79067400,0.0,0.0,0.0
2007-02-23,145.74000549316406,145.7899932861328,145.02999877929688,145.3000030517578,101.61798858642578,71966200,0.0,0.0,0.0
2007-02-26,145.8300018310547,145.9499969482422,144.75,145.1699981689453,101.527099609375,69192800,0.0,0.0,0.0
2007-02-27,143.8800048828125,144.1999969482422,139.0,139.5,97.56169128417969,274466500,0.0,0.0,0.0
2007-02-28,140.38999938964844,141.97999572753906,139.8000030517578,140.92999267578125,98.56177520751953,177536300,0.0,0.0,0.0
2007-03-01,139.33999633789062,141.25,138.0500030517578,140.50999450683594,98.2680435180664,212828600,0.0,0.0,0.0
2007-03-02,140.0500030517578,140.66000366210938,138.66000366210938,138.6699981689453,96.98123931884766,162574000,0.0,0.0,0.0
2007-03-05,137.92999267578125,139.5800018310547,137.3300018310547,137.35000610351562,96.05805206298828,143750400,0.0,0.0,0.0
2007-03-06,138.77999877929688,140.1199951171875,137.72000122070312,139.6999969482422,97.70155334472656,143333300,0.0,0.0,0.0
2007-03-07,139.58999633789062,140.4600067138672,139.39999389648438,139.55999755859375,97.6036376953125,115144900,0.0,0.0,0.0
2007-03-08,140.5399932861328,141.16000366210938,140.07000732421875,140.74000549316406,98.42890930175781,117891600,0.0,0.0,0.0
2007-03-09,141.30999755859375,141.4199981689453,140.0800018310547,140.77999877929688,98.45687866210938,107765100,0.0,0.0,0.0
2007-03-12,140.4199981689453,141.33999633789062,140.16000366210938,140.99000549316406,98.60372161865234,80366900,0.0,0.0,0.0
2007-03-13,140.17999267578125,140.77000427246094,138.0399932861328,138.25,96.6875228881836,190605200,0.0,0.0,0.0
2007-03-14,138.42999267578125,139.36000061035156,136.75,139.27999877929688,97.4078369140625,231853800,0.0,0.0,0.0
2007-03-15,138.97000122070312,139.99000549316406,138.8000030517578,139.47000122070312,97.54068756103516,132435900,0.0,0.0,0.0
2007-03-16,139.30999755859375,139.6300048828125,138.1199951171875,138.52999877929688,97.26753997802734,121531600,0.551,0.0,0.0
2007-03-19,139.25999450683594,140.3300018310547,139.14999389648438,140.1999969482422,98.44010925292969,96161200,0.0,0.0,0.0
2007-03-20,140.0800018310547,141.0500030517578,139.9600067138672,140.97000122070312,98.98075866699219,82147400,0.0,0.0,0.0
2007-03-21,141.10000610351562,143.64999389648438,140.82000732421875,143.2899932861328,100.60973358154297,152368700,0.0,0.0,0.0
2007-03-22,143.47999572753906,143.67999267578125,142.7899932861328,143.17999267578125,100.53247833251953,118942200,0.0,0.0,0.0
2007-03-23,143.27999877929688,143.80999755859375,143.14999389648438,143.38999938964844,100.67996215820312,74416800,0.0,0.0,0.0
2007-03-26,143.5,143.64999389648438,142.08999633789062,143.1999969482422,100.54656219482422,113787500,0.0,0.0,0.0
2007-03-27,143.1199951171875,143.16000366210938,142.38999938964844,142.86000061035156,100.30783081054688,99864600,0.0,0.0,0.0
2007-03-28,142.13999938964844,142.47000122070312,141.25999450683594,141.82000732421875,99.57764434814453,152907900,0.0,0.0,0.0
2007-03-29,142.5399932861328,142.61000061035156,141.19000244140625,141.97000122070312,99.68289947509766,139432700,0.0,0.0,0.0
2007-03-30,142.24000549316406,142.83999633789062,140.55999755859375,142.0,99.70399475097656,128194100,0.0,0.0,0.0
2007-04-02,142.16000366210938,142.4600067138672,141.47999572753906,142.16000366210938,99.81631469726562,79416400,0.0,0.0,0.0
2007-04-03,142.97000122070312,143.97999572753906,142.91000366210938,143.69000244140625,100.89057159423828,82417800,0.0,0.0,0.0
2007-04-04,143.69000244140625,143.9499969482422,143.16000366210938,143.85000610351562,101.0029296875,63995200,0.0,0.0,0.0
2007-04-05,143.6699981689453,144.44000244140625,143.61000061035156,144.24000549316406,101.27677917480469,46822800,0.0,0.0,0.0
2007-04-09,144.64999389648438,144.8000030517578,144.14999389648438,144.44000244140625,101.41719055175781,50967400,0.0,0.0,0.0
2007-04-10,144.3300018310547,144.85000610351562,144.27000427246094,144.61000061035156,101.5365982055664,56620000,0.0,0.0,0.0
2007-04-11,144.82000732421875,144.86000061035156,143.5399932861328,144.02000427246094,101.12236022949219,106365700,0.0,0.0,0.0
2007-04-12,143.74000549316406,144.9199981689453,143.33999633789062,144.66000366210938,101.57167053222656,115534400,0.0,0.0,0.0
2007-04-13,144.89999389648438,145.32000732421875,144.36000061035156,145.32000732421875,102.03512573242188,84287000,0.0,0.0,0.0
2007-04-16,145.8300018310547,146.86000061035156,145.82000732421875,146.6999969482422,103.00405883789062,83064600,0.0,0.0,0.0
2007-04-17,146.97000122070312,147.39999389648438,146.64999389648438,147.08999633789062,103.27791595458984,108424100,0.0,0.0,0.0
2007-04-18,146.60000610351562,147.6999969482422,146.57000732421875,147.27000427246094,103.40430450439453,88345300,0.0,0.0,0.0
2007-04-19,146.5500030517578,147.39999389648438,146.36000061035156,147.22999572753906,103.37618255615234,102947700,0.0,0.0,0.0
2007-04-20,148.22000122070312,148.6199951171875,147.0399932861328,148.6199951171875,104.35215759277344,124114100,0.0,0.0,0.0
2007-04-23,148.3699951171875,148.72999572753906,147.97000122070312,148.05999755859375,103.95899200439453,77270800,0.0,0.0,0.0
2007-04-24,148.22999572753906,148.39999389648438,147.32000732421875,148.1199951171875,104.00109100341797,114471000,0.0,0.0,0.0
2007-04-25,148.72999572753906,149.66000366210938,148.02000427246094,149.47999572753906,104.95602416992188,108418800,0.0,0.0,0.0
2007-04-26,149.49000549316406,149.8000030517578,149.10000610351562,149.64999389648438,105.07536315917969,88741600,0.0,0.0,0.0
2007-04-27,149.08999633789062,149.74000549316406,148.83999633789062,149.52999877929688,104.99109649658203,108191100,0.0,0.0,0.0
2007-04-30,149.63999938964844,149.74000549316406,148.2100067138672,148.2899932861328,104.12044525146484,100874100,0.0,0.0,0.0
2007-05-01,148.4199981689453,149.47000122070312,147.6699981689453,148.6699981689453,104.38728332519531,134342700,0.0,0.0,0.0
2007-05-02,148.89999389648438,149.9499969482422,148.75,149.5399932861328,104.99811553955078,87129800,0.0,0.0,0.0
2007-05-03,149.97000122070312,150.39999389648438,149.72999572753906,150.35000610351562,105.56689453125,86569700,0.0,0.0,0.0
2007-05-04,150.75,151.1199951171875,150.22000122070312,150.9199981689453,105.96704864501953,96409000,0.0,0.0,0.0
2007-05-07,150.8800048828125,151.1999969482422,150.80999755859375,150.9499969482422,105.98817443847656,63461400,0.0,0.0,0.0
2007-05-08,150.5800018310547,150.9199981689453,150.1300048828125,150.75,105.84768676757812,80584000,0.0,0.0,0.0
2007-05-09,150.63999938964844,152.82000732421875,150.3699951171875,151.16000366210938,106.1356430053711,102070100,0.0,0.0,0.0
2007-05-10,150.72999572753906,151.02000427246094,149.27000427246094,149.5800018310547,105.02625274658203,153617800,0.0,0.0,0.0
2007-05-11,149.75,150.92999267578125,149.72000122070312,150.86000061035156,105.9249267578125,113408900,0.0,0.0,0.0
2007-05-14,150.86000061035156,151.3000030517578,149.7899932861328,150.52999877929688,105.69322967529297,108027500,0.0,0.0,0.0
2007-05-15,150.6999969482422,151.66000366210938,150.19000244140625,150.57000732421875,105.72132110595703,180673300,0.0,0.0,0.0
2007-05-16,150.8000030517578,151.6300048828125,150.3800048828125,151.60000610351562,106.44454193115234,114166500,0.0,0.0,0.0
2007-05-17,151.3800048828125,151.9600067138672,151.11000061035156,151.3000030517578,106.2339096069336,101132800,0.0,0.0,0.0
2007-05-18,152.00999450683594,152.6199951171875,151.80999755859375,152.6199951171875,107.16072845458984,99182000,0.0,0.0,0.0
2007-05-21,152.5800018310547,153.22999572753906,152.5,152.5399932861328,107.1046142578125,174664600,0.0,0.0,0.0
2007-05-22,152.6999969482422,153.16000366210938,152.3800048828125,152.4199981689453,107.02030944824219,82148800,0.0,0.0,0.0
2007-05-23,152.9499969482422,153.5,152.36000061035156,152.44000244140625,107.03435516357422,133786600,0.0,0.0,0.0
2007-05-24,152.52999877929688,153.2100067138672,150.74000549316406,151.05999755859375,106.06536102294922,187593000,0.0,0.0,0.0
2007-05-25,151.5,152.02000427246094,151.17999267578125,151.69000244140625,106.50772094726562,83309200,0.0,0.0,0.0
2007-05-29,151.94000244140625,152.5,151.4499969482422,152.24000549316406,106.89389038085938,82020000,0.0,0.0,0.0
2007-05-30,151.4600067138672,153.5399932861328,151.33999633789062,153.47999572753906,107.76464080810547,129013600,0.0,0.0,0.0
2007-05-31,153.6699981689453,153.88999938964844,153.1199951171875,153.32000732421875,107.6522216796875,114866700,0.0,0.0,0.0
2007-06-01,153.8800048828125,154.39999389648438,153.50999450683594,154.0800018310547,108.18584442138672,107771700,0.0,0.0,0.0
2007-06-04,153.5399932861328,154.38999938964844,153.47999572753906,154.10000610351562,108.19994354248047,78008800,0.0,0.0,0.0
2007-06-05,153.74000549316406,153.89999389648438,152.86000061035156,153.49000549316406,107.7715835571289,126917900,0.0,0.0,0.0
2007-06-06,152.86000061035156,152.9499969482422,151.75,151.83999633789062,106.61306762695312,164096800,0.0,0.0,0.0
2007-06-07,151.55999755859375,152.5,149.05999755859375,149.10000610351562,104.689208984375,232414600,0.0,0.0,0.0
2007-06-08,149.5800018310547,151.19000244140625,149.08999633789062,151.0399932861328,106.0513687133789,175886000,0.0,0.0,0.0
2007-06-11,150.92999267578125,151.9499969482422,150.6999969482422,151.3000030517578,106.2339096069336,102015600,0.0,0.0,0.0
2007-06-12,150.6699981689453,151.5399932861328,149.5500030517578,149.64999389648438,105.07536315917969,233898000,0.0,0.0,0.0
2007-06-13,150.5,152.07000732421875,149.72000122070312,151.88999938964844,106.64815521240234,193208200,0.0,0.0,0.0
2007-06-14,152.05999755859375,153.1199951171875,152.02999877929688,152.86000061035156,107.32926177978516,146396500,0.0,0.0,0.0
2007-06-15,153.13999938964844,153.66000366210938,152.92999267578125,153.07000732421875,107.93994903564453,154030800,0.656,0.0,0.0
2007-06-18,153.3800048828125,153.38999938964844,152.66000366210938,152.88999938964844,107.8129653930664,88537500,0.0,0.0,0.0
2007-06-19,152.5500030517578,153.3800048828125,152.36000061035156,153.27000427246094,108.08091735839844,110851700,0.0,0.0,0.0
2007-06-20,153.5800018310547,153.5800018310547,150.9600067138672,151.13999938964844,106.57892608642578,177119700,0.0,0.0,0.0
2007-06-21,151.0800018310547,152.11000061035156,150.25,151.97999572753906,107.17131805419922,205262000,0.0,0.0,0.0
2007-06-22,151.52000427246094,151.77000427246094,149.85000610351562,150.5500030517578,106.1628646850586,204964700,0.0,0.0,0.0
2007-06-25,150.24000549316406,151.25,149.02000427246094,149.8300018310547,105.65515899658203,232014400,0.0,0.0,0.0
2007-06-26,150.2100067138672,150.4600067138672,148.27999877929688,148.2899932861328,104.56922149658203,198445700,0.0,0.0,0.0
2007-06-27,148.1300048828125,150.57000732421875,148.05999755859375,150.39999389648438,106.05709075927734,213638000,0.0,0.0,0.0
2007-06-28,150.3800048828125,151.41000366210938,149.6699981689453,150.3800048828125,106.04301452636719,157705000,0.0,0.0,0.0
2007-06-29,150.89999389648438,151.64999389648438,149.14999389648438,150.42999267578125,106.07825469970703,199701800,0.0,0.0,0.0
2007-07-02,150.8699951171875,151.9199981689453,150.77000427246094,151.7899932861328,107.0373306274414,103357000,0.0,0.0,0.0
2007-07-03,152.17999267578125,152.5,151.99000549316406,152.33999633789062,107.42516326904297,54048400,0.0,0.0,0.0
2007-07-05,152.39999389648438,152.55999755859375,151.6300048828125,152.17999267578125,107.31234741210938,89279000,0.0,0.0,0.0
2007-07-06,152.3800048828125,153.1699981689453,151.92999267578125,152.97999572753906,107.87641906738281,81109000,0.0,0.0,0.0
2007-07-09,153.16000366210938,153.36000061035156,152.6199951171875,153.10000610351562,107.96107482910156,72348100,0.0,0.0,0.0
2007-07-10,152.2899932861328,152.61000061035156,150.77000427246094,150.9199981689453,106.42382049560547,180362600,0.0,0.0,0.0
2007-07-11,150.75,152.0500030517578,150.52000427246094,151.99000549316406,107.17837524414062,175607600,0.0,0.0,0.0
2007-07-12,152.3699951171875,154.75,152.33999633789062,154.38999938964844,108.8707504272461,133882500,0.0,0.0,0.0
2007-07-13,154.57000732421875,155.4600067138672,154.38999938964844,154.85000610351562,109.19509887695312,111794300,0.0,0.0,0.0
2007-07-16,154.99000549316406,155.52999877929688,154.5800018310547,154.8300018310547,109.18098449707031,98378700,0.0,0.0,0.0
2007-07-17,154.92999267578125,155.47999572753906,154.67999267578125,154.75,109.1246337890625,126201300,0.0,0.0,0.0
2007-07-18,154.22999572753906,154.8000030517578,153.3000030517578,154.47000122070312,108.92715454101562,237887400,0.0,0.0,0.0
2007-07-19,155.1999969482422,155.52999877929688,154.75,155.07000732421875,109.35025024414062,145212700,0.0,0.0,0.0
2007-07-20,154.88999938964844,154.99000549316406,152.8300018310547,153.5,108.24309539794922,245502500,0.0,0.0,0.0
2007-07-23,154.17999267578125,154.72000122070312,153.3000030517578,153.97000122070312,108.57460021972656,121183900,0.0,0.0,0.0
2007-07-24,153.1199951171875,154.27999877929688,150.75999450683594,151.3000030517578,106.6917724609375,256732400,0.0,0.0,0.0
2007-07-25,152.02000427246094,152.38999938964844,150.25,151.61000061035156,106.91033172607422,265214500,0.0,0.0,0.0
2007-07-26,150.19000244140625,150.8000030517578,146.38999938964844,148.02000427246094,104.3788070678711,467592500,0.0,0.0,0.0
2007-07-27,148.2100067138672,148.8699951171875,145.0500030517578,145.11000061035156,102.3267593383789,422987600,0.0,0.0,0.0
2007-07-30,145.92999267578125,147.80999755859375,145.2899932861328,147.3800048828125,103.92753601074219,283017500,0.0,0.0,0.0
2007-07-31,148.3300018310547,149.4600067138672,145.0399932861328,145.72000122070312,102.75695037841797,316976700,0.0,0.0,0.0
2007-08-01,145.17999267578125,147.00999450683594,143.9499969482422,146.42999267578125,103.25760650634766,467670000,0.0,0.0,0.0
2007-08-02,146.75999450683594,147.75999450683594,145.25999450683594,147.60000610351562,104.08267211914062,294758400,0.0,0.0,0.0
2007-08-03,147.27999877929688,147.5800018310547,143.1999969482422,143.8000030517578,101.40302276611328,359398200,0.0,0.0,0.0
2007-08-06,144.2100067138672,146.8300018310547,142.52999877929688,146.2100067138672,103.10243225097656,324980000,0.0,0.0,0.0
2007-08-07,145.94000244140625,149.0,145.22999572753906,147.77000427246094,104.20252227783203,232568700,0.0,0.0,0.0
2007-08-08,148.41000366210938,150.58999633789062,147.33999633789062,149.8300018310547,105.65515899658203,274930600,0.0,0.0,0.0
2007-08-09,147.42999267578125,148.9499969482422,145.2899932861328,145.38999938964844,102.52420806884766,357622100,0.0,0.0,0.0
2007-08-10,144.38999938964844,146.5,143.1199951171875,144.7100067138672,102.04474639892578,411018400,0.0,0.0,0.0
2007-08-13,146.5,146.88999938964844,145.02000427246094,145.22999572753906,102.41142272949219,181917200,0.0,0.0,0.0
2007-08-14,145.6999969482422,146.05999755859375,142.72000122070312,143.00999450683594,100.8459701538086,264134500,0.0,0.0,0.0
2007-08-15,142.72000122070312,144.4600067138672,140.6199951171875,141.0399932861328,99.45674133300781,323834000,0.0,0.0,0.0
2007-08-16,139.7899932861328,142.94000244140625,137.0,142.10000610351562,100.20425415039062,546743700,0.0,0.0,0.0
2007-08-17,145.5,145.80999755859375,141.38999938964844,144.7100067138672,102.04474639892578,388218100,0.0,0.0,0.0
2007-08-20,145.1699981689453,145.47000122070312,143.2899932861328,144.63999938964844,101.99536895751953,187320400,0.0,0.0,0.0
2007-08-21,144.60000610351562,145.97000122070312,144.13999938964844,144.92999267578125,102.19982147216797,157066400,0.0,0.0,0.0
2007-08-22,146.00999450683594,146.8000030517578,145.3300018310547,146.64999389648438,103.41275787353516,173156700,0.0,0.0,0.0
2007-08-23,147.33999633789062,147.64999389648438,145.61000061035156,146.52000427246094,103.32110595703125,203915300,0.0,0.0,0.0
2007-08-24,146.47999572753906,148.3300018310547,146.27999877929688,148.3300018310547,104.59741973876953,128901900,0.0,0.0,0.0
2007-08-27,147.85000610351562,148.3300018310547,146.72999572753906,146.9499969482422,103.62431335449219,113024300,0.0,0.0,0.0
2007-08-28,146.16000366210938,146.25,143.4600067138672,143.72000122070312,101.34659576416016,219790700,0.0,0.0,0.0
2007-08-29,144.3699951171875,146.74000549316406,143.9600067138672,146.5399932861328,103.33512115478516,207654200,0.0,0.0,0.0
2007-08-30,145.4499969482422,147.19000244140625,145.30999755859375,146.14999389648438,103.06017303466797,191817300,0.0,0.0,0.0
2007-08-31,147.64999389648438,148.5,146.8300018310547,147.58999633789062,104.07556915283203,185477500,0.0,0.0,0.0
2007-09-04,147.4499969482422,149.97999572753906,147.39999389648438,149.0800018310547,105.12628173828125,120062000,0.0,0.0,0.0
2007-09-05,148.1999969482422,148.36000061035156,147.0,147.7899932861328,104.2166748046875,166261800,0.0,0.0,0.0
2007-09-06,147.9499969482422,148.61000061035156,147.1199951171875,148.1300048828125,104.45635986328125,127878400,0.0,0.0,0.0
2007-09-07,146.47999572753906,146.88999938964844,145.25999450683594,146.07000732421875,103.0037612915039,235447600,0.0,0.0,0.0
2007-09-10,146.52000427246094,146.72000122070312,144.3300018310547,145.7899932861328,102.80632781982422,192305900,0.0,0.0,0.0
2007-09-11,146.24000549316406,147.6999969482422,146.1300048828125,147.49000549316406,104.00505065917969,162081900,0.0,0.0,0.0
2007-09-12,147.2899932861328,148.44000244140625,146.97999572753906,147.8699951171875,104.27308654785156,149554600,0.0,0.0,0.0
2007-09-13,148.5500030517578,149.4499969482422,148.1999969482422,148.91000366210938,105.00641632080078,154079000,0.0,0.0,0.0
2007-09-14,147.9600067138672,149.08999633789062,147.74000549316406,148.89999389648438,104.99935913085938,121911000,0.0,0.0,0.0
2007-09-17,148.30999755859375,148.64999389648438,147.6300048828125,148.10000610351562,104.43521881103516,109870800,0.0,0.0,0.0
2007-09-18,148.8300018310547,152.5,148.1300048828125,152.4600067138672,107.50980377197266,263759500,0.0,0.0,0.0
2007-09-19,153.41000366210938,154.38999938964844,152.7100067138672,153.36000061035156,108.14442443847656,193779900,0.0,0.0,0.0
2007-09-20,153.33999633789062,153.42999267578125,152.11000061035156,152.27999877929688,107.38285064697266,175186800,0.0,0.0,0.0
2007-09-21,152.7100067138672,153.1199951171875,151.74000549316406,151.97000122070312,107.6726303100586,141457500,0.719,0.0,0.0
2007-09-24,152.4199981689453,152.82000732421875,151.36000061035156,151.69000244140625,107.4742202758789,139450200,0.0,0.0,0.0
2007-09-25,150.80999755859375,151.66000366210938,150.47000122070312,151.38999938964844,107.26171112060547,142289900,0.0,0.0,0.0
2007-09-26,152.25,152.77000427246094,151.38999938964844,152.19000244140625,107.82848358154297,135547000,0.0,0.0,0.0
2007-09-27,152.91000366210938,153.10000610351562,152.19000244140625,153.08999633789062,108.4661865234375,102713300,0.0,0.0,0.0
2007-09-28,152.85000610351562,153.19000244140625,151.97999572753906,152.5800018310547,108.10482788085938,133372100,0.0,0.0,0.0
2007-10-01,152.60000610351562,154.75,152.5,154.3000030517578,109.32344055175781,148162300,0.0,0.0,0.0
2007-10-02,154.61000061035156,154.64999389648438,153.80999755859375,154.08999633789062,109.17466735839844,112978800,0.0,0.0,0.0
2007-10-03,153.80999755859375,154.41000366210938,153.00999450683594,153.77999877929688,108.95498657226562,119055900,0.0,0.0,0.0
2007-10-04,154.11000061035156,154.25999450683594,153.58999633789062,154.02000427246094,109.12508392333984,76864400,0.0,0.0,0.0
2007-10-05,155.02999877929688,156.10000610351562,154.6300048828125,155.85000610351562,110.42166900634766,134579700,0.0,0.0,0.0
2007-10-08,155.38999938964844,155.49000549316406,154.77000427246094,155.02000427246094,109.83360290527344,71280400,0.0,0.0,0.0
2007-10-09,155.60000610351562,156.5,155.02999877929688,156.47999572753906,110.86797332763672,94054300,0.0,0.0,0.0
2007-10-10,156.0399932861328,156.44000244140625,155.41000366210938,156.22000122070312,110.68376922607422,101711100,0.0,0.0,0.0
2007-10-11,156.92999267578125,157.52000427246094,154.5399932861328,155.47000122070312,110.15240478515625,233529100,0.0,0.0,0.0
2007-10-12,155.4600067138672,156.35000610351562,155.27000427246094,156.3300018310547,110.7617416381836,124546700,0.0,0.0,0.0
2007-10-15,156.27000427246094,156.36000061035156,153.94000244140625,155.00999450683594,109.82646942138672,161151900,0.0,0.0,0.0
2007-10-16,154.41000366210938,154.52000427246094,153.47000122070312,153.77999877929688,108.95498657226562,166525700,0.0,0.0,0.0
2007-10-17,154.97999572753906,155.08999633789062,152.47000122070312,154.25,109.28804016113281,216687300,0.0,0.0,0.0
2007-10-18,153.4499969482422,154.19000244140625,153.0800018310547,153.69000244140625,108.89128875732422,148367500,0.0,0.0,0.0
2007-10-19,153.08999633789062,156.47999572753906,149.66000366210938,149.6699981689453,106.04303741455078,297169900,0.0,0.0,0.0
2007-10-22,148.86000061035156,150.75999450683594,148.66000366210938,150.5399932861328,106.65943908691406,261989800,0.0,0.0,0.0
2007-10-23,151.4600067138672,151.9499969482422,150.25,151.75999450683594,107.52385711669922,180085100,0.0,0.0,0.0
2007-10-24,151.2100067138672,151.74000549316406,148.83999633789062,151.47999572753906,107.32549285888672,326694200,0.0,0.0,0.0
2007-10-25,151.64999389648438,152.2899932861328,149.8800048828125,151.83999633789062,107.58052062988281,237374500,0.0,0.0,0.0
2007-10-26,153.05999755859375,153.6199951171875,151.89999389648438,153.6199951171875,108.8416748046875,176484000,0.0,0.0,0.0
2007-10-29,153.92999267578125,154.44000244140625,153.5500030517578,154.1300048828125,109.20301818847656,106841000,0.0,0.0,0.0
2007-10-30,153.4499969482422,153.75,152.8699951171875,153.05999755859375,108.44488525390625,132981600,0.0,0.0,0.0
2007-10-31,153.97999572753906,155.27000427246094,152.83999633789062,154.64999389648438,109.57146453857422,220954400,0.0,0.0,0.0
2007-11-01,153.2899932861328,153.41000366210938,150.58999633789062,151.02999877929688,107.00660705566406,333040800,0.0,0.0,0.0
2007-11-02,151.52999877929688,152.0,149.2100067138672,151.1999969482422,107.12709045410156,331228200,0.0,0.0,0.0
2007-11-05,149.63999938964844,151.16000366210938,148.97000122070312,150.0500030517578,106.31228637695312,226841000,0.0,0.0,0.0
2007-11-06,150.86000061035156,152.11000061035156,149.89999389648438,152.07000732421875,107.7435073852539,177800500,0.0,0.0,0.0
2007-11-07,150.44000244140625,151.1300048828125,147.5500030517578,147.91000366210938,104.79609680175781,306639700,0.0,0.0,0.0
2007-11-08,147.99000549316406,148.39999389648438,145.07000732421875,147.16000366210938,104.2646713256836,374509900,0.0,0.0,0.0
2007-11-09,145.69000244140625,147.5399932861328,144.88999938964844,145.13999938964844,102.8334732055664,277745100,0.0,0.0,0.0
2007-11-12,145.2100067138672,146.61000061035156,143.6999969482422,143.6999969482422,101.813232421875,243087800,0.0,0.0,0.0
2007-11-13,145.3699951171875,148.30999755859375,145.22000122070312,148.0800018310547,104.91658020019531,191117400,0.0,0.0,0.0
2007-11-14,149.22000122070312,149.39999389648438,146.77999877929688,147.6699981689453,104.6259994506836,230558800,0.0,0.0,0.0
2007-11-15,146.57000732421875,147.49000549316406,144.52000427246094,145.5399932861328,103.11686706542969,263111100,0.0,0.0,0.0
2007-11-16,146.30999755859375,146.47000122070312,144.57000732421875,145.7899932861328,103.29402923583984,308770600,0.0,0.0,0.0
2007-11-19,145.27999877929688,145.36000061035156,143.19000244140625,143.75999450683594,101.8557357788086,267746000,0.0,0.0,0.0
2007-11-20,144.02000427246094,145.52999877929688,142.11000061035156,144.63999938964844,102.47920227050781,414767500,0.0,0.0,0.0
2007-11-21,143.0800018310547,143.91000366210938,141.6699981689453,141.67999267578125,100.3819808959961,259012400,0.0,0.0,0.0
2007-11-23,143.07000732421875,144.33999633789062,142.6999969482422,144.1300048828125,102.11790466308594,77688400,0.0,0.0,0.0
2007-11-26,144.42999267578125,144.8800048828125,140.66000366210938,140.9499969482422,99.86480712890625,214232000,0.0,0.0,0.0
2007-11-27,141.74000549316406,143.22999572753906,140.9499969482422,142.57000732421875,101.01261901855469,293897900,0.0,0.0,0.0
2007-11-28,144.19000244140625,147.47000122070312,144.13999938964844,147.1300048828125,104.24342346191406,258596900,0.0,0.0,0.0
2007-11-29,146.6199951171875,147.72000122070312,146.10000610351562,147.17999267578125,104.27880096435547,199409900,0.0,0.0,0.0
2007-11-30,149.0399932861328,149.8699951171875,147.3300018310547,148.66000366210938,105.32742309570312,222908000,0.0,0.0,0.0
2007-12-03,148.19000244140625,148.4499969482422,147.2899932861328,147.67999267578125,104.63308715820312,146430400,0.0,0.0,0.0
2007-12-04,146.66000366210938,147.5399932861328,146.30999755859375,146.36000061035156,103.69784545898438,136533900,0.0,0.0,0.0
2007-12-05,147.92999267578125,149.1999969482422,147.8300018310547,148.80999755859375,105.43373107910156,171130000,0.0,0.0,0.0
2007-12-06,148.6300048828125,151.2100067138672,148.57000732421875,150.94000244140625,106.94284057617188,154457400,0.0,0.0,0.0
2007-12-07,151.4199981689453,151.5,150.5500030517578,150.91000366210938,106.92163848876953,148980100,0.0,0.0,0.0
2007-12-10,151.27999877929688,152.25,150.86000061035156,152.0800018310547,107.75057983398438,123914300,0.0,0.0,0.0
2007-12-11,152.13999938964844,152.88999938964844,147.8300018310547,147.91000366210938,104.79609680175781,250346400,0.0,0.0,0.0
2007-12-12,151.05999755859375,151.77000427246094,147.1999969482422,149.3699951171875,105.83051300048828,322435600,0.0,0.0,0.0
2007-12-13,148.32000732421875,149.38999938964844,147.3000030517578,149.05999755859375,105.6108169555664,237551300,0.0,0.0,0.0
2007-12-14,147.92999267578125,149.10000610351562,147.10000610351562,147.1699981689453,104.27172088623047,159152900,0.0,0.0,0.0
2007-12-17,146.61000061035156,146.8699951171875,144.86000061035156,145.07000732421875,102.783935546875,177269400,0.0,0.0,0.0
2007-12-18,146.10000610351562,146.47999572753906,143.9600067138672,145.8800048828125,103.35774993896484,245569300,0.0,0.0,0.0
2007-12-19,145.94000244140625,146.88999938964844,144.94000244140625,145.8800048828125,103.35774993896484,198917200,0.0,0.0,0.0
2007-12-20,146.83999633789062,146.86000061035156,145.17999267578125,146.8000030517578,104.00959014892578,214813800,0.0,0.0,0.0
2007-12-21,147.3699951171875,148.4199981689453,147.08999633789062,148.1300048828125,105.50897979736328,146084400,0.775,0.0,0.0
2007-12-24,148.82000732421875,149.47999572753906,148.47999572753906,149.22999572753906,106.2924575805664,45601400,0.0,0.0,0.0
2007-12-26,148.64999389648438,149.67999267578125,148.5,149.5500030517578,106.52033996582031,67093100,0.0,0.0,0.0
2007-12-27,149.02000427246094,149.02999877929688,147.32000732421875,147.6699981689453,105.18128204345703,122981700,0.0,0.0,0.0
2007-12-28,148.5399932861328,148.61000061035156,146.89999389648438,147.3000030517578,104.91776275634766,116398100,0.0,0.0,0.0
2007-12-31,147.10000610351562,147.61000061035156,146.05999755859375,146.2100067138672,104.1413803100586,108126800,0.0,0.0,0.0
2008-01-02,146.52999877929688,146.99000549316406,143.8800048828125,144.92999267578125,103.22964477539062,204935600,0.0,0.0,0.0
2008-01-03,144.91000366210938,145.49000549316406,144.07000732421875,144.86000061035156,103.17977905273438,125133300,0.0,0.0,0.0
2008-01-04,143.33999633789062,143.44000244140625,140.91000366210938,141.30999755859375,100.65130615234375,232330900,0.0,0.0,0.0
2008-01-07,141.80999755859375,142.22999572753906,140.10000610351562,141.19000244140625,100.56580352783203,234991000,0.0,0.0,0.0
2008-01-08,142.0800018310547,142.89999389648438,138.44000244140625,138.91000366210938,98.94181060791016,326365700,0.0,0.0,0.0
2008-01-09,139.08999633789062,140.7899932861328,137.6999969482422,140.3699951171875,99.981689453125,301824900,0.0,0.0,0.0
2008-01-10,139.67999267578125,142.8000030517578,139.3699951171875,141.2899932861328,100.63702392578125,335701200,0.0,0.0,0.0
2008-01-11,140.77999877929688,141.89999389648438,139.0,140.14999389648438,99.82501983642578,267076600,0.0,0.0,0.0
2008-01-14,141.16000366210938,141.86000061035156,140.39999389648438,141.27999877929688,100.62991333007812,170365500,0.0,0.0,0.0
2008-01-15,139.7899932861328,141.49000549316406,137.89999389648438,138.1699981689453,98.41472625732422,239940100,0.0,0.0,0.0
2008-01-16,137.36000061035156,139.1199951171875,136.27999877929688,136.97999572753906,97.56710815429688,378802600,0.0,0.0,0.0
2008-01-17,137.80999755859375,137.8800048828125,132.92999267578125,133.42999267578125,95.03852844238281,397892600,0.0,0.0,0.0
2008-01-18,134.74000549316406,135.02000427246094,131.10000610351562,132.05999755859375,94.06273651123047,348561500,0.0,0.0,0.0
2008-01-22,127.20999908447266,132.42999267578125,126.0,130.72000122070312,93.1082534790039,435923700,0.0,0.0,0.0
2008-01-23,127.08999633789062,134.19000244140625,126.83999633789062,133.86000061035156,95.34480285644531,511913000,0.0,0.0,0.0
2008-01-24,134.47999572753906,135.4600067138672,133.30999755859375,134.99000549316406,96.1496810913086,259949300,0.0,0.0,0.0
2008-01-25,136.50999450683594,136.75999450683594,132.60000610351562,133.0399932861328,94.76073455810547,269603900,0.0,0.0,0.0
2008-01-28,133.25999450683594,135.52000427246094,132.05999755859375,135.24000549316406,96.3277587890625,217934600,0.0,0.0,0.0
2008-01-29,136.10000610351562,136.4499969482422,134.8800048828125,135.91000366210938,96.80500030517578,168968300,0.0,0.0,0.0
2008-01-30,135.5800018310547,138.5399932861328,134.60000610351562,134.91000366210938,96.09271240234375,334939200,0.0,0.0,0.0
2008-01-31,133.39999389648438,138.5399932861328,133.1999969482422,137.3699951171875,97.84487915039062,343680800,0.0,0.0,0.0
2008-02-01,137.94000244140625,139.61000061035156,137.52000427246094,139.5800018310547,99.41901397705078,206843600,0.0,0.0,0.0
2008-02-04,139.2100067138672,139.3000030517578,137.63999938964844,137.82000732421875,98.1654281616211,124694300,0.0,0.0,0.0
2008-02-05,135.94000244140625,136.25,133.6699981689453,134.1300048828125,95.53713989257812,286882500,0.0,0.0,0.0
2008-02-06,134.5800018310547,135.25,132.41000366210938,133.0500030517578,94.76789855957031,250792900,0.0,0.0,0.0
2008-02-07,131.8000030517578,134.7899932861328,131.72999572753906,133.92999267578125,95.39464569091797,297368100,0.0,0.0,0.0
2008-02-08,133.08999633789062,134.22000122070312,132.10000610351562,133.07000732421875,94.78213500976562,221643500,0.0,0.0,0.0
2008-02-11,133.10000610351562,134.22999572753906,132.0399932861328,133.75,95.26647186279297,188576300,0.0,0.0,0.0
2008-02-12,134.91000366210938,136.30999755859375,133.97999572753906,134.99000549316406,96.1496810913086,256654400,0.0,0.0,0.0
2008-02-13,136.00999450683594,137.05999755859375,135.13999938964844,136.3699951171875,97.13262176513672,181967800,0.0,0.0,0.0
2008-02-14,136.9499969482422,137.0,134.7899932861328,135.1699981689453,96.27789306640625,215207200,0.0,0.0,0.0
2008-02-15,134.5,135.22000122070312,133.91000366210938,135.13999938964844,96.25656127929688,154110300,0.0,0.0,0.0
2008-02-19,136.72000122070312,136.88999938964844,134.61000061035156,135.52000427246094,96.5271987915039,145190000,0.0,0.0,0.0
2008-02-20,133.99000549316406,136.5500030517578,133.75999450683594,135.9199981689453,96.81210327148438,220085700,0.0,0.0,0.0
2008-02-21,136.66000366210938,137.00999450683594,134.07000732421875,134.7899932861328,96.00725555419922,201051200,0.0,0.0,0.0
2008-02-22,134.97000122070312,135.85000610351562,132.86000061035156,135.6199951171875,96.59841918945312,205491000,0.0,0.0,0.0
2008-02-25,135.5399932861328,137.64999389648438,134.77999877929688,137.3300018310547,97.81642150878906,190107000,0.0,0.0,0.0
2008-02-26,136.75,138.9499969482422,136.5,138.36000061035156,98.55006408691406,212420700,0.0,0.0,0.0
2008-02-27,137.55999755859375,139.13999938964844,137.41000366210938,138.22000122070312,98.45035552978516,168395800,0.0,0.0,0.0
2008-02-28,137.24000549316406,137.9600067138672,136.5500030517578,136.8699951171875,97.48873138427734,170831100,0.0,0.0,0.0
2008-02-29,135.60000610351562,135.67999267578125,132.77999877929688,133.82000732421875,95.31633758544922,252715200,0.0,0.0,0.0
2008-03-03,133.13999938964844,133.80999755859375,132.24000549316406,133.5,95.08841705322266,189483500,0.0,0.0,0.0
2008-03-04,132.22999572753906,133.39999389648438,130.99000549316406,132.99000549316406,94.72513580322266,282513100,0.0,0.0,0.0
2008-03-05,133.4199981689453,134.77000427246094,132.33999633789062,133.8300018310547,95.32341766357422,270681400,0.0,0.0,0.0
2008-03-06,132.97999572753906,133.22000122070312,130.5500030517578,131.05999755859375,93.3504867553711,247911700,0.0,0.0,0.0
2008-03-07,129.77000427246094,131.74000549316406,128.5800018310547,129.7100067138672,92.3888931274414,326434600,0.0,0.0,0.0
2008-03-10,129.83999633789062,129.92999267578125,127.58999633789062,128.0,91.1708984375,235683600,0.0,0.0,0.0
2008-03-11,130.72000122070312,132.72000122070312,128.9499969482422,132.60000610351562,94.44737243652344,341440600,0.0,0.0,0.0
2008-03-12,132.74000549316406,133.77000427246094,131.16000366210938,131.36000061035156,93.56412506103516,229161100,0.0,0.0,0.0
2008-03-13,129.61000061035156,132.63999938964844,128.60000610351562,131.64999389648438,93.7707290649414,351504200,0.0,0.0,0.0
2008-03-14,132.77000427246094,132.80999755859375,127.77999877929688,129.61000061035156,92.31764221191406,484687800,0.0,0.0,0.0
2008-03-17,126.56999969482422,129.25999450683594,126.06999969482422,128.3000030517578,91.38455963134766,405311100,0.0,0.0,0.0
2008-03-18,130.6199951171875,133.69000244140625,129.97999572753906,133.6300048828125,95.1810073852539,334416600,0.0,0.0,0.0
2008-03-19,134.13999938964844,134.64999389648438,130.0399932861328,130.32000732421875,92.8233871459961,345971600,0.0,0.0,0.0
2008-03-20,130.0500030517578,132.91000366210938,129.25999450683594,132.0800018310547,94.54270935058594,245320700,0.642,0.0,0.0
2008-03-24,133.30999755859375,135.80999755859375,133.24000549316406,134.72000122070312,96.43246459960938,208977300,0.0,0.0,0.0
2008-03-25,134.86000061035156,135.5500030517578,133.77000427246094,134.85000610351562,96.52547454833984,192947200,0.0,0.0,0.0
2008-03-26,134.4600067138672,135.08999633789062,133.11000061035156,133.1999969482422,95.34443664550781,196934300,0.0,0.0,0.0
2008-03-27,134.1999969482422,134.44000244140625,132.36000061035156,132.77999877929688,95.04377746582031,225153200,0.0,0.0,0.0
2008-03-28,132.99000549316406,133.36000061035156,131.05999755859375,131.50999450683594,94.13471221923828,180896100,0.0,0.0,0.0
2008-03-31,131.2899932861328,132.72999572753906,131.08999633789062,131.97000122070312,94.4639892578125,166692100,0.0,0.0,0.0
2008-04-01,133.61000061035156,136.83999633789062,133.50999450683594,136.61000061035156,97.78528594970703,254547300,0.0,0.0,0.0
2008-04-02,137.0500030517578,137.6699981689453,135.97999572753906,136.6999969482422,97.84971618652344,210910800,0.0,0.0,0.0
2008-04-03,135.9600067138672,137.44000244140625,135.7100067138672,137.0399932861328,98.09312438964844,175884800,0.0,0.0,0.0
2008-04-04,137.1199951171875,137.9600067138672,136.1199951171875,136.88999938964844,97.9857177734375,204446800,0.0,0.0,0.0
2008-04-07,137.8699951171875,138.57000732421875,136.74000549316406,136.9600067138672,98.03584289550781,154245500,0.0,0.0,0.0
2008-04-08,136.19000244140625,136.9199981689453,135.9499969482422,136.82000732421875,97.93561553955078,148937300,0.0,0.0,0.0
2008-04-09,136.61000061035156,136.8000030517578,134.88999938964844,135.8300018310547,97.2269287109375,195610600,0.0,0.0,0.0
2008-04-10,135.4199981689453,136.6699981689453,134.89999389648438,136.02000427246094,97.36297607421875,192967800,0.0,0.0,0.0
2008-04-11,134.49000549316406,135.1199951171875,133.00999450683594,133.3800048828125,95.47323608398438,222973300,0.0,0.0,0.0
2008-04-14,133.19000244140625,133.5399932861328,132.5500030517578,132.92999267578125,95.15116119384766,160522000,0.0,0.0,0.0
2008-04-15,133.5800018310547,133.69000244140625,132.3300018310547,133.24000549316406,95.3730697631836,172389200,0.0,0.0,0.0
2008-04-16,134.5399932861328,136.91000366210938,134.52000427246094,136.85000610351562,97.95709228515625,189268900,0.0,0.0,0.0
2008-04-17,136.02000427246094,137.25,135.66000366210938,137.0500030517578,98.1002426147461,179665700,0.0,0.0,0.0
2008-04-18,138.94000244140625,139.55999755859375,138.25999450683594,138.47999572753906,99.12386322021484,218530600,0.0,0.0,0.0
2008-04-21,138.22999572753906,138.97999572753906,137.85000610351562,138.5500030517578,99.17394256591797,118587400,0.0,0.0,0.0
2008-04-22,138.19000244140625,138.30999755859375,136.89999389648438,137.94000244140625,98.73731231689453,162166000,0.0,0.0,0.0
2008-04-23,138.08999633789062,138.77999877929688,137.1199951171875,137.72000122070312,98.57981872558594,193309000,0.0,0.0,0.0
2008-04-24,138.0800018310547,139.74000549316406,137.0399932861328,138.32000732421875,99.00930786132812,229381300,0.0,0.0,0.0
2008-04-25,139.39999389648438,139.88999938964844,137.91000366210938,139.60000610351562,99.9255599975586,190788100,0.0,0.0,0.0
2008-04-28,139.8800048828125,140.25,139.3800048828125,139.6300048828125,99.94698333740234,105610200,0.0,0.0,0.0
2008-04-29,139.38999938964844,139.72999572753906,138.61000061035156,139.0800018310547,99.55328369140625,125514100,0.0,0.0,0.0
2008-04-30,139.2899932861328,140.58999633789062,138.25999450683594,138.25999450683594,98.96634674072266,208395900,0.0,0.0,0.0
2008-05-01,138.3800048828125,141.1199951171875,138.27000427246094,141.1199951171875,101.01353454589844,187279500,0.0,0.0,0.0
2008-05-02,142.33999633789062,142.3699951171875,140.55999755859375,141.50999450683594,101.29265594482422,181585500,0.0,0.0,0.0
2008-05-05,141.0500030517578,141.61000061035156,140.41000366210938,140.8300018310547,100.80597686767578,118504500,0.0,0.0,0.0
2008-05-06,140.02000427246094,142.1999969482422,139.69000244140625,142.0500030517578,101.6792221069336,179339800,0.0,0.0,0.0
2008-05-07,141.88999938964844,142.0399932861328,139.1300048828125,139.52000427246094,99.86831665039062,199267300,0.0,0.0,0.0
2008-05-08,139.74000549316406,140.32000732421875,138.97999572753906,139.16000366210938,99.610595703125,178321200,0.0,0.0,0.0
2008-05-09,138.60000610351562,139.38999938964844,138.4499969482422,138.89999389648438,99.4244613647461,152588200,0.0,0.0,0.0
2008-05-12,139.25,140.55999755859375,138.72999572753906,140.4600067138672,100.54109191894531,147865900,0.0,0.0,0.0
2008-05-13,140.8000030517578,140.88999938964844,139.72999572753906,140.47999572753906,100.555419921875,159132200,0.0,0.0,0.0
2008-05-14,141.07000732421875,142.1999969482422,140.4600067138672,140.77000427246094,100.7630615234375,181910800,0.0,0.0,0.0
2008-05-15,141.0399932861328,142.6300048828125,140.8300018310547,142.52999877929688,102.02278900146484,166927000,0.0,0.0,0.0
2008-05-16,142.86000061035156,142.8699951171875,141.61000061035156,142.66000366210938,102.1158676147461,204236800,0.0,0.0,0.0
2008-05-19,142.80999755859375,144.3000030517578,142.3000030517578,143.0500030517578,102.39503479003906,165664400,0.0,0.0,0.0
2008-05-20,142.27000427246094,142.33999633789062,141.0,141.88999938964844,101.56473541259766,178552100,0.0,0.0,0.0
2008-05-21,141.80999755859375,142.1199951171875,139.0,139.49000549316406,99.84677124023438,252724800,0.0,0.0,0.0
2008-05-22,139.42999267578125,140.1699981689453,139.0,139.50999450683594,99.86111450195312,170820400,0.0,0.0,0.0
2008-05-23,139.0500030517578,139.66000366210938,137.52000427246094,137.63999938964844,98.5225601196289,181376400,0.0,0.0,0.0
2008-05-27,137.8000030517578,139.0,137.52999877929688,138.66000366210938,99.252685546875,168322900,0.0,0.0,0.0
2008-05-28,139.1699981689453,140.0,138.0,139.3000030517578,99.71080017089844,181288100,0.0,0.0,0.0
2008-05-29,139.1300048828125,140.92999267578125,139.0800018310547,140.0,100.21180725097656,173927200,0.0,0.0,0.0
2008-05-30,140.47000122070312,140.74000549316406,139.94000244140625,140.35000610351562,100.46237182617188,117362000,0.0,0.0,0.0
2008-06-02,139.8300018310547,139.86000061035156,138.0,138.89999389648438,99.4244613647461,181069900,0.0,0.0,0.0
2008-06-03,139.3000030517578,139.6199951171875,137.22999572753906,138.08999633789062,98.84468078613281,271965700,0.0,0.0,0.0
2008-06-04,137.6999969482422,139.16000366210938,137.4600067138672,138.02000427246094,98.79454803466797,246637700,0.0,0.0,0.0
2008-06-05,138.5800018310547,140.88999938964844,138.32000732421875,140.77999877929688,100.77022552490234,237867100,0.0,0.0,0.0
2008-06-06,139.5500030517578,139.8000030517578,136.22000122070312,136.2899932861328,97.55622863769531,384276300,0.0,0.0,0.0
2008-06-09,136.86000061035156,137.5,135.41000366210938,136.6199951171875,97.7924575805664,228263900,0.0,0.0,0.0
2008-06-10,135.6699981689453,137.10000610351562,135.35000610351562,135.94000244140625,97.30572509765625,260234900,0.0,0.0,0.0
2008-06-11,135.97000122070312,136.25999450683594,133.92999267578125,133.94000244140625,95.87409973144531,283890100,0.0,0.0,0.0
2008-06-12,134.60000610351562,135.8699951171875,133.52000427246094,134.4499969482422,96.23917388916016,252791800,0.0,0.0,0.0
2008-06-13,135.1699981689453,136.52000427246094,134.4199981689453,136.14999389648438,97.45603942871094,244726900,0.0,0.0,0.0
2008-06-16,135.5500030517578,136.92999267578125,135.4600067138672,136.22999572753906,97.5132827758789,185832500,0.0,0.0,0.0
2008-06-17,137.07000732421875,137.1199951171875,135.3699951171875,135.57000732421875,97.04084014892578,191707700,0.0,0.0,0.0
2008-06-18,134.69000244140625,135.52000427246094,133.7100067138672,134.25,96.09601593017578,265893000,0.0,0.0,0.0
2008-06-19,134.14999389648438,135.24000549316406,133.5,134.4199981689453,96.21772003173828,304204900,0.0,0.0,0.0
2008-06-20,132.83999633789062,133.08999633789062,131.22000122070312,131.5800018310547,94.65591430664062,289275700,0.669,0.0,0.0
2008-06-23,132.08999633789062,132.22999572753906,131.32000732421875,131.4499969482422,94.56237030029297,165096400,0.0,0.0,0.0
2008-06-24,131.0500030517578,132.44000244140625,130.19000244140625,131.19000244140625,94.3753662109375,267300600,0.0,0.0,0.0
2008-06-25,131.72000122070312,133.39999389648438,131.24000549316406,131.80999755859375,94.82141876220703,287853900,0.0,0.0,0.0
2008-06-26,130.57000732421875,131.4199981689453,128.0800018310547,128.22999572753906,92.2459945678711,297775000,0.0,0.0,0.0
2008-06-27,128.27999877929688,128.86000061035156,127.04000091552734,127.52999877929688,91.74241638183594,303423400,0.0,0.0,0.0
2008-06-30,127.88999938964844,128.91000366210938,127.30000305175781,127.9800033569336,92.066162109375,258842600,0.0,0.0,0.0
2008-07-01,126.5199966430664,128.47000122070312,125.93000030517578,128.3800048828125,92.35388946533203,388622000,0.0,0.0,0.0
2008-07-02,128.7899932861328,129.16000366210938,125.94999694824219,126.18000030517578,90.77127838134766,288064600,0.0,0.0,0.0
2008-07-03,127.11000061035156,127.11000061035156,124.98999786376953,126.30999755859375,90.86479949951172,239352500,0.0,0.0,0.0
2008-07-07,126.79000091552734,127.33999633789062,123.91999816894531,125.0199966430664,89.93679809570312,372427300,0.0,0.0,0.0
2008-07-08,124.98999786376953,127.38999938964844,124.19999694824219,127.23999786376953,91.53382110595703,375973700,0.0,0.0,0.0
2008-07-09,127.5,127.73999786376953,124.38999938964844,124.79000091552734,89.7713623046875,336729400,0.0,0.0,0.0
2008-07-10,124.43000030517578,125.79000091552734,123.58000183105469,125.30000305175781,90.13821411132812,436475700,0.0,0.0,0.0
2008-07-11,123.97000122070312,125.9000015258789,122.48999786376953,123.83999633789062,89.08790588378906,481124600,0.0,0.0,0.0
2008-07-14,125.26000213623047,125.5,122.4000015258789,122.72000122070312,88.28221130371094,322720800,0.0,0.0,0.0
2008-07-15,121.80000305175781,123.48999786376953,120.0199966430664,120.98999786376953,87.03770446777344,502502500,0.0,0.0,0.0
2008-07-16,121.44999694824219,124.56999969482422,121.0999984741211,123.95999908447266,89.17424011230469,371642900,0.0,0.0,0.0
2008-07-17,125.13999938964844,126.26000213623047,124.08999633789062,125.19999694824219,90.06626892089844,375490600,0.0,0.0,0.0
2008-07-18,126.16999816894531,126.41999816894531,125.1500015258789,125.9800033569336,90.6274185180664,267030100,0.0,0.0,0.0
2008-07-21,126.51000213623047,126.80000305175781,125.19000244140625,126.05000305175781,90.67774200439453,222863000,0.0,0.0,0.0
2008-07-22,125.1500015258789,127.80000305175781,124.8499984741211,127.4800033569336,91.70645904541016,296904200,0.0,0.0,0.0
2008-07-23,127.88999938964844,129.14999389648438,127.55000305175781,128.1699981689453,92.2028579711914,311698400,0.0,0.0,0.0
2008-07-24,128.33999633789062,128.41000366210938,125.16000366210938,125.51000213623047,90.28927612304688,248634500,0.0,0.0,0.0
2008-07-25,125.88999938964844,126.48999786376953,125.16999816894531,125.4800033569336,90.26771545410156,219131000,0.0,0.0,0.0
2008-07-28,125.51000213623047,126.05999755859375,123.41999816894531,123.63999938964844,88.94404602050781,205201300,0.0,0.0,0.0
2008-07-29,123.9800033569336,126.37999725341797,123.63999938964844,126.27999877929688,90.84321594238281,261505600,0.0,0.0,0.0
2008-07-30,127.11000061035156,128.60000610351562,126.27999877929688,128.52999877929688,92.46184539794922,354710000,0.0,0.0,0.0
2008-07-31,127.4000015258789,128.57000732421875,126.62999725341797,126.83000183105469,91.23884582519531,277402100,0.0,0.0,0.0
2008-08-01,127.12000274658203,127.27999877929688,125.45999908447266,126.16000366210938,90.7568588256836,248690900,0.0,0.0,0.0
2008-08-04,126.04000091552734,126.13999938964844,124.76000213623047,124.98999786376953,89.91519927978516,188239600,0.0,0.0,0.0
2008-08-05,126.0199966430664,128.55999755859375,124.97000122070312,128.36000061035156,92.33950805664062,251577600,0.0,0.0,0.0
2008-08-06,128.02000427246094,129.3000030517578,127.4800033569336,128.92999267578125,92.74958801269531,209555400,0.0,0.0,0.0
2008-08-07,127.95999908447266,128.44000244140625,126.54000091552734,127.01000213623047,91.36834716796875,246312500,0.0,0.0,0.0
2008-08-08,126.58000183105469,129.92999267578125,126.37999725341797,129.3699951171875,93.06607055664062,260811700,0.0,0.0,0.0
2008-08-11,129.47000122070312,131.50999450683594,129.22999572753906,130.7100067138672,94.03004455566406,249425800,0.0,0.0,0.0
2008-08-12,130.27999877929688,130.6999969482422,128.72999572753906,129.35000610351562,93.05171966552734,213200800,0.0,0.0,0.0
2008-08-13,128.7899932861328,129.64999389648438,127.66999816894531,128.57000732421875,92.49056243896484,256393200,0.0,0.0,0.0
2008-08-14,127.83999633789062,130.27999877929688,127.75,129.5399932861328,93.18838500976562,239555300,0.0,0.0,0.0
2008-08-15,129.92999267578125,130.5,129.3000030517578,130.1699981689453,93.6416015625,181000800,0.0,0.0,0.0
2008-08-18,130.42999267578125,130.47999572753906,127.66000366210938,128.38999938964844,92.36109924316406,172275100,0.0,0.0,0.0
2008-08-19,127.41999816894531,127.69000244140625,126.52999877929688,126.98999786376953,91.35397338867188,194673700,0.0,0.0,0.0
2008-08-20,127.38999938964844,127.94999694824219,126.33999633789062,127.58000183105469,91.77841186523438,225498200,0.0,0.0,0.0
2008-08-21,126.75,128.44000244140625,126.5999984741211,127.80000305175781,91.9366683959961,180609800,0.0,0.0,0.0
2008-08-22,128.6699981689453,129.64999389648438,127.80000305175781,129.64999389648438,93.26749420166016,167715300,0.0,0.0,0.0
2008-08-25,128.8000030517578,129.64999389648438,126.75,127.0199966430664,91.37554168701172,171936900,0.0,0.0,0.0
2008-08-26,127.0199966430664,127.87000274658203,126.58000183105469,127.38999938964844,91.64173126220703,159117200,0.0,0.0,0.0
2008-08-27,127.55000305175781,128.8300018310547,127.30000305175781,128.6300048828125,92.53374481201172,171032800,0.0,0.0,0.0
2008-08-28,129.27999877929688,130.33999633789062,129.11000061035156,130.19000244140625,93.65596771240234,167537100,0.0,0.0,0.0
2008-08-29,129.72999572753906,130.13999938964844,128.50999450683594,128.7899932861328,92.64885711669922,189195800,0.0,0.0,0.0
2008-09-02,130.02999877929688,130.7100067138672,127.5199966430664,127.98999786376953,92.07332611083984,252364900,0.0,0.0,0.0
2008-09-03,127.87999725341797,128.5,126.93000030517578,127.87999725341797,91.99422454833984,251947000,0.0,0.0,0.0
2008-09-04,126.97000122070312,127.2300033569336,123.95999908447266,124.02999877929688,89.22461700439453,340042500,0.0,0.0,0.0
2008-09-05,123.29000091552734,124.94999694824219,122.0,124.41999816894531,89.50516510009766,289503400,0.0,0.0,0.0
2008-09-08,128.0399932861328,128.24000549316406,124.41999816894531,126.98999786376953,91.35397338867188,364075300,0.0,0.0,0.0
2008-09-09,127.0999984741211,127.36000061035156,122.80000305175781,123.22000122070312,88.64191436767578,377326800,0.0,0.0,0.0
2008-09-10,123.88999938964844,124.9000015258789,122.55000305175781,123.72000122070312,89.00161743164062,298916600,0.0,0.0,0.0
2008-09-11,122.12000274658203,125.73999786376953,121.5999984741211,125.51000213623047,90.28927612304688,375369400,0.0,0.0,0.0
2008-09-12,124.29000091552734,126.20999908447266,123.83000183105469,126.08999633789062,90.70652770996094,297851200,0.0,0.0,0.0
2008-09-15,121.62999725341797,125.6500015258789,119.88999938964844,120.08999633789062,86.39027404785156,483607000,0.0,0.0,0.0
2008-09-16,117.19999694824219,122.31999969482422,117.0,122.0999984741211,87.83621215820312,581744300,0.0,0.0,0.0
2008-09-17,119.63999938964844,121.8499984741211,116.0,116.61000061035156,83.8868179321289,624095600,0.0,0.0,0.0
2008-09-18,118.05000305175781,121.79000091552734,113.80000305175781,120.06999969482422,86.37586975097656,776114700,0.0,0.0,0.0
2008-09-19,126.69999694824219,128.0,123.33000183105469,124.12000274658203,89.80620574951172,501087800,0.691,0.0,0.0
2008-09-22,124.44999694824219,124.75,120.36000061035156,121.30999755859375,87.77302551269531,249966500,0.0,0.0,0.0
2008-09-23,120.8499984741211,122.0199966430664,118.27999877929688,118.55000305175781,85.77605438232422,327470400,0.0,0.0,0.0
2008-09-24,119.3499984741211,120.0,117.79000091552734,118.93000030517578,86.05099487304688,311818400,0.0,0.0,0.0
2008-09-25,119.4000015258789,121.91000366210938,118.44000244140625,120.79000091552734,87.39677429199219,328253000,0.0,0.0,0.0
2008-09-26,118.83000183105469,121.5,118.51000213623047,120.8499984741211,87.44017791748047,285917400,0.0,0.0,0.0
2008-09-29,119.13999938964844,119.33999633789062,110.97000122070312,111.37999725341797,80.58824157714844,459562300,0.0,0.0,0.0
2008-09-30,113.51000213623047,116.80000305175781,110.52999877929688,115.98999786376953,83.92375946044922,328154400,0.0,0.0,0.0
2008-10-01,115.2699966430664,116.69000244140625,113.94999694824219,116.05999755859375,83.97440338134766,332783000,0.0,0.0,0.0
2008-10-02,114.94999694824219,115.11000061035156,111.05999755859375,111.8499984741211,80.92828369140625,365337800,0.0,0.0,0.0
2008-10-03,112.86000061035156,115.44999694824219,109.68000030517578,110.33999633789062,79.83574676513672,461798000,0.0,0.0,0.0
2008-10-06,107.1500015258789,107.62000274658203,100.63999938964844,104.72000122070312,75.7694320678711,610637500,0.0,0.0,0.0
2008-10-07,106.83999633789062,107.33000183105469,99.6500015258789,100.02999877929688,72.37601470947266,540012100,0.0,0.0,0.0
2008-10-08,97.5199966430664,102.18000030517578,96.80999755859375,97.51000213623047,70.55268096923828,725414800,0.0,0.0,0.0
2008-10-09,99.66000366210938,100.62000274658203,90.25,90.69999694824219,65.62535858154297,534485200,0.0,0.0,0.0
2008-10-10,86.76000213623047,93.94000244140625,83.58000183105469,88.5,64.03357696533203,871026300,0.0,0.0,0.0
2008-10-13,93.87000274658203,101.3499984741211,89.94999694824219,101.3499984741211,73.33108520507812,455584000,0.0,0.0,0.0
2008-10-14,104.69999694824219,105.52999877929688,97.11000061035156,99.8499984741211,72.24577331542969,546268300,0.0,0.0,0.0
2008-10-15,97.45999908447266,97.80000305175781,89.70999908447266,90.0199966430664,65.13334655761719,484627500,0.0,0.0,0.0
2008-10-16,91.29000091552734,94.7699966430664,86.54000091552734,93.7699966430664,67.84661865234375,708811200,0.0,0.0,0.0
2008-10-17,91.98999786376953,98.58999633789062,91.6500015258789,93.20999908447266,67.44146728515625,476649000,0.0,0.0,0.0
2008-10-20,95.3499984741211,99.0999984741211,94.08999633789062,98.80999755859375,71.4932861328125,321294200,0.0,0.0,0.0
2008-10-21,96.97000122070312,98.63999938964844,95.22000122070312,95.86000061035156,69.35884094238281,356502000,0.0,0.0,0.0
2008-10-22,93.19999694824219,95.86000061035156,87.52999877929688,90.63999938964844,65.58195495605469,516168000,0.0,0.0,0.0
2008-10-23,90.29000091552734,92.44999694824219,85.80999755859375,91.69000244140625,66.34166717529297,634666400,0.0,0.0,0.0
2008-10-24,84.05999755859375,89.91999816894531,84.0,87.04000091552734,62.977210998535156,545812600,0.0,0.0,0.0
2008-10-27,85.97000122070312,89.51000213623047,83.69999694824219,83.94999694824219,60.741455078125,397288600,0.0,0.0,0.0
2008-10-28,87.33999633789062,94.23999786376953,84.52999877929688,93.76000213623047,67.83942413330078,639939500,0.0,0.0,0.0
2008-10-29,93.7699966430664,97.16999816894531,92.0999984741211,93.08000183105469,67.34740447998047,531270100,0.0,0.0,0.0
2008-10-30,95.77999877929688,96.54000091552734,92.9000015258789,96.30000305175781,69.6772232055664,414582100,0.0,0.0,0.0
2008-10-31,95.08000183105469,98.56999969482422,94.4800033569336,96.83000183105469,70.0606918334961,411394000,0.0,0.0,0.0
2008-11-03,96.77999877929688,97.69000244140625,95.94999694824219,97.11000061035156,70.26329040527344,205419400,0.0,0.0,0.0
2008-11-04,99.05999755859375,100.86000061035156,96.70999908447266,100.41000366210938,72.65096282958984,346793400,0.0,0.0,0.0
2008-11-05,99.19999694824219,100.70999908447266,95.0,96.19000244140625,69.59760284423828,387844100,0.0,0.0,0.0
2008-11-06,94.45999908447266,95.44000244140625,90.05999755859375,90.86000061035156,65.74115753173828,477721900,0.0,0.0,0.0
2008-11-07,91.6500015258789,94.0,90.5,93.86000061035156,67.9117660522461,380391000,0.0,0.0,0.0
2008-11-10,95.20999908447266,95.52999877929688,90.91999816894531,92.62999725341797,67.02178955078125,301773000,0.0,0.0,0.0
2008-11-11,90.76000213623047,92.13999938964844,88.6500015258789,89.7699966430664,64.95246887207031,418498200,0.0,0.0,0.0
2008-11-12,88.2300033569336,88.94999694824219,85.12000274658203,85.81999969482422,62.094482421875,454330600,0.0,0.0,0.0
2008-11-13,86.12999725341797,91.7300033569336,82.08999633789062,91.16999816894531,65.96544647216797,753141900,0.0,0.0,0.0
2008-11-14,89.41000366210938,92.05999755859375,86.5199966430664,86.62000274658203,62.67331314086914,540352300,0.0,0.0,0.0
2008-11-17,86.37999725341797,88.55999755859375,85.16000366210938,85.47000122070312,61.84122848510742,415254900,0.0,0.0,0.0
2008-11-18,85.1500015258789,87.22000122070312,82.91000366210938,87.08000183105469,63.00614929199219,523811800,0.0,0.0,0.0
2008-11-19,85.91000366210938,86.87000274658203,80.91999816894531,81.5,58.968753814697266,558327600,0.0,0.0,0.0
2008-11-20,80.12999725341797,82.51000213623047,75.05000305175781,75.44999694824219,54.591339111328125,814180400,0.0,0.0,0.0
2008-11-21,77.45999908447266,80.9000015258789,74.33999633789062,79.5199966430664,57.536163330078125,718536500,0.0,0.0,0.0
2008-11-24,81.91999816894531,86.98999786376953,80.36000061035156,85.02999877929688,61.522884368896484,523305300,0.0,0.0,0.0
2008-11-25,87.30000305175781,87.51000213623047,83.81999969482422,85.66000366210938,61.97869873046875,454112400,0.0,0.0,0.0
2008-11-26,84.30000305175781,89.19000244140625,84.23999786376953,88.97000122070312,64.3736343383789,370134200,0.0,0.0,0.0
2008-11-28,88.62999725341797,90.12999725341797,88.4800033569336,90.08999633789062,65.18401336669922,118308100,0.0,0.0,0.0
2008-12-01,87.51000213623047,87.55000305175781,81.86000061035156,82.11000061035156,59.41012191772461,369927100,0.0,0.0,0.0
2008-12-02,83.47000122070312,85.48999786376953,82.04000091552734,85.2699966430664,61.696510314941406,469508400,0.0,0.0,0.0
2008-12-03,83.4000015258789,87.83000183105469,83.13999938964844,87.31999969482422,63.17976760864258,519863500,0.0,0.0,0.0
2008-12-04,86.05999755859375,88.05000305175781,83.73999786376953,85.30000305175781,61.718223571777344,444173800,0.0,0.0,0.0
2008-12-05,83.6500015258789,88.41999816894531,82.23999786376953,87.93000030517578,63.62114715576172,471905300,0.0,0.0,0.0
2008-12-08,90.33999633789062,92.37999725341797,88.08000183105469,91.0,65.84242248535156,412859300,0.0,0.0,0.0
2008-12-09,90.37000274658203,92.12999725341797,88.9800033569336,89.5,64.75711822509766,370790000,0.0,0.0,0.0
2008-12-10,90.31999969482422,91.36000061035156,89.0,90.11000061035156,65.19849395751953,396187400,0.0,0.0,0.0
2008-12-11,89.54000091552734,91.0,87.37000274658203,87.94000244140625,63.6284065246582,365061000,0.0,0.0,0.0
2008-12-12,85.55000305175781,89.06999969482422,85.19999694824219,88.98999786376953,64.38810729980469,415060400,0.0,0.0,0.0
2008-12-15,89.0199966430664,89.1500015258789,86.29000091552734,87.75,63.49089813232422,256694200,0.0,0.0,0.0
2008-12-16,91.87999725341797,92.0199966430664,88.18000030517578,91.87999725341797,66.47911834716797,377699500,0.0,0.0,0.0
2008-12-17,90.83999633789062,92.43000030517578,90.05999755859375,90.98999786376953,65.835205078125,281819800,0.0,0.0,0.0
2008-12-18,91.4000015258789,91.66999816894531,88.20999908447266,89.29000091552734,64.60517883300781,374673300,0.0,0.0,0.0
2008-12-19,89.0999984741211,90.62000274658203,88.08999633789062,88.19000244140625,64.32728576660156,301451300,0.719,0.0,0.0
2008-12-22,88.58000183105469,88.66999816894531,85.48999786376953,87.05999755859375,63.503013610839844,243759500,0.0,0.0,0.0
2008-12-23,87.52999877929688,87.93000030517578,85.80000305175781,86.16000366210938,62.84656524658203,221625200,0.0,0.0,0.0
2008-12-24,86.44999694824219,86.87000274658203,86.0,86.66000366210938,63.21125793457031,62061600,0.0,0.0,0.0
2008-12-26,87.23999786376953,87.30000305175781,86.5,87.16000366210938,63.57597351074219,74767700,0.0,0.0,0.0
2008-12-29,87.23999786376953,87.33000183105469,85.5999984741211,86.91000366210938,63.393611907958984,127795900,0.0,0.0,0.0
2008-12-30,87.51000213623047,89.05000305175781,86.87999725341797,88.97000122070312,64.8962631225586,168256300,0.0,0.0,0.0
2008-12-31,89.08000183105469,90.97000122070312,88.87000274658203,90.23999786376953,65.82260131835938,193987200,0.0,0.0,0.0
2009-01-02,90.44000244140625,93.44000244140625,89.8499984741211,92.95999908447266,67.80657196044922,227566300,0.0,0.0,0.0
2009-01-05,92.62999725341797,93.66000366210938,91.88999938964844,92.8499984741211,67.72633361816406,240349700,0.0,0.0,0.0
2009-01-06,93.63999938964844,94.44999694824219,92.68000030517578,93.47000122070312,68.17859649658203,328260900,0.0,0.0,0.0
2009-01-07,92.0,92.26000213623047,90.19999694824219,90.66999816894531,66.13619232177734,280899200,0.0,0.0,0.0
2009-01-08,90.16000366210938,91.08999633789062,89.66999816894531,91.04000091552734,66.4061050415039,263834400,0.0,0.0,0.0
2009-01-09,91.16000366210938,91.31999969482422,85.36000061035156,89.08999633789062,64.98371887207031,330953600,0.0,0.0,0.0
2009-01-12,88.83999633789062,88.91000366210938,86.41000366210938,86.94999694824219,63.42277908325195,277858500,0.0,0.0,0.0
2009-01-13,86.7300033569336,87.87999725341797,86.19999694824219,87.11000061035156,63.53947067260742,356432300,0.0,0.0,0.0
2009-01-14,85.54000091552734,85.75,83.16000366210938,84.37000274658203,61.54086685180664,435491600,0.0,0.0,0.0
2009-01-15,84.12000274658203,85.25,81.72000122070312,84.4000015258789,61.562774658203125,532647300,0.0,0.0,0.0
2009-01-16,85.86000061035156,85.98999786376953,83.05000305175781,85.05999755859375,62.04418182373047,399237200,0.0,0.0,0.0
2009-01-20,84.2300033569336,85.05999755859375,80.05000305175781,80.56999969482422,58.76910400390625,419855200,0.0,0.0,0.0
2009-01-21,81.94000244140625,84.23999786376953,80.47000122070312,84.05000305175781,61.30747985839844,364360700,0.0,0.0,0.0
2009-01-22,82.41999816894531,84.04000091552734,81.16999816894531,82.75,60.359222412109375,427940300,0.0,0.0,0.0
2009-01-23,80.9000015258789,83.98999786376953,80.56999969482422,83.11000061035156,60.621822357177734,386800600,0.0,0.0,0.0
2009-01-26,83.58999633789062,85.36000061035156,82.80999755859375,83.68000030517578,61.03759002685547,317978800,0.0,0.0,0.0
2009-01-27,84.12999725341797,85.1500015258789,83.30000305175781,84.52999877929688,61.657596588134766,273789700,0.0,0.0,0.0
2009-01-28,86.4000015258789,87.94999694824219,86.06999969482422,87.38999938964844,63.74374008178711,330007000,0.0,0.0,0.0
2009-01-29,86.11000061035156,87.48999786376953,84.47000122070312,84.55000305175781,61.672183990478516,294392500,0.0,0.0,0.0
2009-01-30,84.9800033569336,85.4000015258789,82.20999908447266,82.83000183105469,60.417564392089844,383383600,0.0,0.0,0.0
2009-02-02,81.56999969482422,83.18000030517578,81.30999755859375,82.58000183105469,60.235233306884766,288233300,0.0,0.0,0.0
2009-02-03,83.0999984741211,84.36000061035156,82.22000122070312,83.73999786376953,61.08137512207031,278385800,0.0,0.0,0.0
2009-02-04,84.30000305175781,85.37000274658203,83.04000091552734,83.33000183105469,60.78227233886719,322989300,0.0,0.0,0.0
2009-02-05,82.69999694824219,85.29000091552734,77.7300033569336,84.56999969482422,61.686763763427734,417679400,0.0,0.0,0.0
2009-02-06,84.86000061035156,87.33999633789062,84.68000030517578,86.9800033569336,63.44466781616211,366101700,0.0,0.0,0.0
2009-02-09,86.95999908447266,87.73999786376953,86.31999969482422,87.0999984741211,63.53218078613281,240075200,0.0,0.0,0.0
2009-02-10,86.2699966430664,87.02999877929688,82.44999694824219,83.11000061035156,60.621822357177734,536212800,0.0,0.0,0.0
2009-02-11,83.44999694824219,84.05000305175781,82.4000015258789,83.5999984741211,60.979248046875,324442500,0.0,0.0,0.0
2009-02-12,82.16999816894531,83.81999969482422,81.05000305175781,83.66000366210938,61.023014068603516,469302200,0.0,0.0,0.0
2009-02-13,83.55000305175781,84.23999786376953,82.73999786376953,82.76000213623047,60.36653137207031,293998400,0.0,0.0,0.0
2009-02-17,80.16000366210938,82.95999908447266,79.16999816894531,79.22000122070312,57.784393310546875,478910100,0.0,0.0,0.0
2009-02-18,79.79000091552734,79.94000244140625,78.27999877929688,79.02999877929688,57.64580154418945,362964800,0.0,0.0,0.0
2009-02-19,79.83999633789062,80.1500015258789,78.0199966430664,78.18000030517578,57.02579879760742,316867500,0.0,0.0,0.0
2009-02-20,76.7300033569336,78.33999633789062,75.7699966430664,77.41999816894531,56.47142028808594,477176600,0.0,0.0,0.0
2009-02-23,78.2699966430664,78.2699966430664,74.58999633789062,74.6500015258789,54.45096969604492,379641400,0.0,0.0,0.0
2009-02-24,75.29000091552734,77.94999694824219,74.69999694824219,77.4800033569336,56.51520919799805,426260900,0.0,0.0,0.0
2009-02-25,77.13999938964844,78.41999816894531,75.62999725341797,76.87000274658203,56.07028579711914,461985800,0.0,0.0,0.0
2009-02-26,77.81999969482422,79.66999816894531,75.52999877929688,75.62000274658203,55.15849685668945,363353900,0.0,0.0,0.0
2009-02-27,74.01000213623047,75.69000244140625,73.80999755859375,73.93000030517578,53.92577362060547,470510900,0.0,0.0,0.0
2009-03-02,72.5199966430664,73.91999816894531,70.37000274658203,70.5999984741211,51.49684524536133,426452600,0.0,0.0,0.0
2009-03-03,71.61000061035156,71.69999694824219,69.63999938964844,70.06999969482422,51.110206604003906,443761000,0.0,0.0,0.0
2009-03-04,71.2300033569336,72.87000274658203,70.06999969482422,71.7300033569336,52.321067810058594,462753100,0.0,0.0,0.0
2009-03-05,70.0999984741211,71.7300033569336,68.16999816894531,68.80000305175781,50.18387985229492,485549400,0.0,0.0,0.0
2009-03-06,69.4000015258789,70.44999694824219,67.0999984741211,68.91999816894531,50.271400451660156,490470000,0.0,0.0,0.0
2009-03-09,67.94999694824219,70.0,67.7300033569336,68.11000061035156,49.680572509765625,379905300,0.0,0.0,0.0
2009-03-10,69.51000213623047,72.37000274658203,69.37000274658203,72.16999816894531,52.64199447631836,406227900,0.0,0.0,0.0
2009-03-11,73.0,73.75,71.83000183105469,72.63999938964844,52.98484802246094,356648300,0.0,0.0,0.0
2009-03-12,72.62000274658203,75.75,71.97000122070312,75.5,55.0709342956543,409702700,0.0,0.0,0.0
2009-03-13,76.01000213623047,76.9800033569336,74.7300033569336,76.08999633789062,55.501312255859375,337474700,0.0,0.0,0.0
2009-03-16,76.95999908447266,77.97000122070312,75.80999755859375,75.86000061035156,55.33355712890625,360644900,0.0,0.0,0.0
2009-03-17,76.06999969482422,78.36000061035156,75.44999694824219,78.18000030517578,57.02579879760742,356814300,0.0,0.0,0.0
2009-03-18,77.80999755859375,80.9000015258789,77.06999969482422,79.93000030517578,58.30228805541992,473273200,0.0,0.0,0.0
2009-03-19,80.93000030517578,81.0,78.69000244140625,78.94000244140625,57.58015823364258,428520400,0.0,0.0,0.0
2009-03-20,78.76000213623047,78.91000366210938,76.52999877929688,76.70999908447266,56.354034423828125,371078200,0.561,0.0,0.0
2009-03-23,78.73999786376953,82.29000091552734,78.30999755859375,82.22000122070312,60.40187072753906,419933300,0.0,0.0,0.0
2009-03-24,81.23999786376953,82.36000061035156,80.51000213623047,80.5999984741211,59.21178436279297,330271000,0.0,0.0,0.0
2009-03-25,81.2300033569336,82.69999694824219,79.05999755859375,81.44999694824219,59.836219787597656,441775100,0.0,0.0,0.0
2009-03-26,82.25,83.30000305175781,81.31999969482422,83.11000061035156,61.05574035644531,422025200,0.0,0.0,0.0
2009-03-27,82.05000305175781,82.52999877929688,81.30999755859375,81.61000061035156,59.95375442504883,322332300,0.0,0.0,0.0
2009-03-30,79.80000305175781,79.87000274658203,77.95999908447266,78.79000091552734,57.88209915161133,324108500,0.0,0.0,0.0
2009-03-31,79.55999755859375,81.08000183105469,79.05000305175781,79.5199966430664,58.41837692260742,364238300,0.0,0.0,0.0
2009-04-01,78.52999877929688,81.41999816894531,78.33000183105469,81.05999755859375,59.54973602294922,377018300,0.0,0.0,0.0
2009-04-02,83.08000183105469,84.61000061035156,81.12999725341797,83.43000030517578,61.290802001953125,476230700,0.0,0.0,0.0
2009-04-03,83.48999786376953,84.27999877929688,82.66999816894531,84.26000213623047,61.90056228637695,284646300,0.0,0.0,0.0
2009-04-06,83.33999633789062,84.27999877929688,82.29000091552734,83.5999984741211,61.41572570800781,264866600,0.0,0.0,0.0
2009-04-07,82.25,82.6500015258789,81.51000213623047,81.6500015258789,59.983131408691406,258947800,0.0,0.0,0.0
2009-04-08,82.05999755859375,82.94000244140625,81.54000091552734,82.52999877929688,60.62963104248047,230402800,0.0,0.0,0.0
2009-04-09,84.66999816894531,85.81999969482422,84.33000183105469,85.80999755859375,63.03925323486328,269653500,0.0,0.0,0.0
2009-04-13,84.91999816894531,86.54000091552734,84.58000183105469,85.83000183105469,63.053955078125,224847500,0.0,0.0,0.0
2009-04-14,85.02999877929688,85.76000213623047,84.08000183105469,84.3499984741211,61.966670989990234,276598800,0.0,0.0,0.0
2009-04-15,83.83999633789062,85.41999816894531,83.61000061035156,85.25,62.62784194946289,250726100,0.0,0.0,0.0
2009-04-16,85.93000030517578,87.1500015258789,84.7699966430664,86.5,63.54612731933594,335202900,0.0,0.0,0.0
2009-04-17,86.83000183105469,87.6500015258789,86.13999938964844,87.08000183105469,63.97224044799805,262649000,0.0,0.0,0.0
2009-04-20,85.54000091552734,87.05000305175781,83.33999633789062,83.43000030517578,61.290802001953125,293690100,0.0,0.0,0.0
2009-04-21,82.81999969482422,85.12999725341797,82.75,85.05999755859375,62.48826599121094,114090900,0.0,0.0,0.0
2009-04-22,84.29000091552734,86.33999633789062,84.06999969482422,84.54000091552734,62.10624694824219,340395200,0.0,0.0,0.0
2009-04-23,84.70999908447266,85.41999816894531,83.62999725341797,85.37000274658203,62.71600341796875,324903700,0.0,0.0,0.0
2009-04-24,86.02999877929688,87.30999755859375,85.69000244140625,86.66000366210938,63.6636962890625,287703000,0.0,0.0,0.0
2009-04-27,85.68000030517578,87.01000213623047,85.54000091552734,85.83999633789062,63.06129837036133,289581600,0.0,0.0,0.0
2009-04-28,84.97000122070312,86.58999633789062,84.76000213623047,85.56999969482422,62.862918853759766,247926300,0.0,0.0,0.0
2009-04-29,86.5199966430664,88.36000061035156,86.30000305175781,87.38999938964844,64.19999694824219,311505700,0.0,0.0,0.0
2009-04-30,88.55000305175781,89.0199966430664,86.91999816894531,87.41999816894531,64.22203063964844,301419800,0.0,0.0,0.0
2009-05-01,87.44000244140625,88.20999908447266,86.72000122070312,87.88999938964844,64.56731414794922,236110300,0.0,0.0,0.0
2009-05-04,88.55000305175781,90.94000244140625,88.37999725341797,90.87999725341797,66.76386260986328,287120000,0.0,0.0,0.0
2009-05-05,90.56999969482422,90.93000030517578,89.83999633789062,90.56999969482422,66.5361328125,243036300,0.0,0.0,0.0
2009-05-06,91.68000030517578,92.19999694824219,90.61000061035156,92.13999938964844,67.68949127197266,291941000,0.0,0.0,0.0
2009-05-07,93.01000213623047,93.1500015258789,90.27999877929688,90.86000061035156,66.74916076660156,317728000,0.0,0.0,0.0
2009-05-08,92.02999877929688,93.22000122070312,91.44000244140625,92.9800033569336,68.30661010742188,299081700,0.0,0.0,0.0
2009-05-11,91.69999694824219,92.11000061035156,91.04000091552734,91.23999786376953,67.02830505371094,247923600,0.0,0.0,0.0
2009-05-12,91.62999725341797,91.83000183105469,89.8499984741211,90.97000122070312,66.82998657226562,282431300,0.0,0.0,0.0
2009-05-13,89.73999786376953,90.01000213623047,88.5,88.68000030517578,65.14765167236328,269619100,0.0,0.0,0.0
2009-05-14,88.72000122070312,90.12000274658203,88.5,89.44000244140625,65.70600128173828,260098700,0.0,0.0,0.0
2009-05-15,89.37000274658203,90.0,88.1500015258789,88.70999908447266,65.16970825195312,271502700,0.0,0.0,0.0
2009-05-18,89.55000305175781,91.33999633789062,88.56999969482422,91.2300033569336,67.0209732055664,241447400,0.0,0.0,0.0
2009-05-19,91.18000030517578,91.97000122070312,90.80999755859375,91.12000274658203,66.9402084350586,206102200,0.0,0.0,0.0
2009-05-20,91.94999694824219,92.80000305175781,90.41000366210938,90.51000213623047,66.4920654296875,285722200,0.0,0.0,0.0
2009-05-21,89.45999908447266,89.80000305175781,88.26000213623047,89.20999908447266,65.53701782226562,258988400,0.0,0.0,0.0
2009-05-22,89.45999908447266,90.0,88.68000030517578,89.0199966430664,65.39743041992188,166811900,0.0,0.0,0.0
2009-05-26,88.36000061035156,91.55999755859375,88.31999969482422,91.30000305175781,67.07240295410156,236318500,0.0,0.0,0.0
2009-05-27,91.44000244140625,91.75,89.52999877929688,89.66999816894531,65.87494659423828,246015800,0.0,0.0,0.0
2009-05-28,90.45999908447266,91.33999633789062,89.0999984741211,90.91999816894531,66.79325103759766,289095000,0.0,0.0,0.0
2009-05-29,91.41999816894531,93.69999694824219,90.68000030517578,92.52999877929688,67.97599792480469,258641500,0.0,0.0,0.0
2009-06-01,93.66999816894531,95.16999816894531,93.43000030517578,94.7699966430664,69.6216049194336,276246800,0.0,0.0,0.0
2009-06-02,94.4000015258789,95.37000274658203,94.2300033569336,94.8499984741211,69.68037414550781,230874500,0.0,0.0,0.0
2009-06-03,94.04000091552734,94.12999725341797,92.76000213623047,93.6500015258789,68.79881286621094,235310500,0.0,0.0,0.0
2009-06-04,94.0,94.66999816894531,93.30000305175781,94.52999877929688,69.44527435302734,210102300,0.0,0.0,0.0
2009-06-05,95.48999786376953,95.66999816894531,93.80000305175781,94.55000305175781,69.4599838256836,284257900,0.0,0.0,0.0
2009-06-08,93.83999633789062,95.0999984741211,93.04000091552734,94.16000366210938,69.17349243164062,238565100,0.0,0.0,0.0
2009-06-09,94.69000244140625,95.13999938964844,94.0199966430664,94.63999938964844,69.52606964111328,225125500,0.0,0.0,0.0
2009-06-10,95.4800033569336,95.48999786376953,93.19000244140625,94.4000015258789,69.34978485107422,296100400,0.0,0.0,0.0
2009-06-11,94.58000183105469,96.11000061035156,94.55999755859375,94.81999969482422,69.65833282470703,275414200,0.0,0.0,0.0
2009-06-12,94.4000015258789,95.13999938964844,94.0,95.08000183105469,69.8493423461914,184361800,0.0,0.0,0.0
2009-06-15,93.95999908447266,94.0199966430664,92.4000015258789,92.9000015258789,68.2478256225586,224190500,0.0,0.0,0.0
2009-06-16,93.2300033569336,93.29000091552734,91.58000183105469,91.63999938964844,67.32217407226562,227319000,0.0,0.0,0.0
2009-06-17,91.5999984741211,92.33000183105469,90.83000183105469,91.55000305175781,67.25607299804688,223445200,0.0,0.0,0.0
2009-06-18,91.69000244140625,92.66999816894531,91.25,92.22000122070312,67.7482681274414,211725100,0.0,0.0,0.0
2009-06-19,92.58000183105469,92.69999694824219,91.5199966430664,92.04000091552734,67.99798583984375,215655600,0.518,0.0,0.0
2009-06-22,91.13999938964844,91.19000244140625,89.25,89.27999877929688,65.95893859863281,251913600,0.0,0.0,0.0
2009-06-23,89.47000122070312,89.87999725341797,88.8499984741211,89.3499984741211,66.0106430053711,188309800,0.0,0.0,0.0
2009-06-24,90.16000366210938,91.08000183105469,89.5999984741211,90.12000274658203,66.57952880859375,211577700,0.0,0.0,0.0
2009-06-25,89.66999816894531,92.16999816894531,89.56999969482422,92.08000183105469,68.02755737304688,279411000,0.0,0.0,0.0
2009-06-26,91.7699966430664,92.23999786376953,91.2699966430664,91.83999633789062,67.85022735595703,167579000,0.0,0.0,0.0
2009-06-29,92.11000061035156,92.81999969482422,91.5999984741211,92.69999694824219,68.48558807373047,168481300,0.0,0.0,0.0
2009-06-30,92.72000122070312,93.05999755859375,91.2699966430664,91.94999694824219,67.93148040771484,228888200,0.0,0.0,0.0
2009-07-01,92.33999633789062,93.2300033569336,92.20999908447266,92.33000183105469,68.21222686767578,173041100,0.0,0.0,0.0
2009-07-02,91.12999725341797,92.36000061035156,89.76000213623047,89.80999755859375,66.35049438476562,212309900,0.0,0.0,0.0
2009-07-06,88.94000244140625,89.93000030517578,88.66000366210938,89.80000305175781,66.34308624267578,174499600,0.0,0.0,0.0
2009-07-07,89.70999908447266,89.81999969482422,88.0,88.05999755859375,65.0576171875,197088900,0.0,0.0,0.0
2009-07-08,88.58999633789062,88.80000305175781,87.0,88.0,65.0132827758789,248050500,0.0,0.0,0.0
2009-07-09,88.61000061035156,88.9000015258789,87.91000366210938,88.16999816894531,65.13888549804688,163777600,0.0,0.0,0.0
2009-07-10,87.69999694824219,88.48999786376953,87.3499984741211,87.95999908447266,64.98375701904297,173520300,0.0,0.0,0.0
2009-07-13,88.30999755859375,90.16999816894531,87.58999633789062,90.0999984741211,66.5647201538086,217413500,0.0,0.0,0.0
2009-07-14,90.37999725341797,90.69000244140625,89.7300033569336,90.61000061035156,66.94151306152344,181487400,0.0,0.0,0.0
2009-07-15,91.80999755859375,93.51000213623047,90.68000030517578,93.26000213623047,68.89930725097656,220877900,0.0,0.0,0.0
2009-07-16,93.0,94.51000213623047,92.81999969482422,93.11000061035156,68.78849029541016,231174500,0.0,0.0,0.0
2009-07-17,94.05999755859375,94.31999969482422,93.54000091552734,94.12999725341797,69.54203796386719,138561700,0.0,0.0,0.0
2009-07-20,94.68000030517578,95.29000091552734,94.19000244140625,95.12999725341797,70.28085327148438,164179400,0.0,0.0,0.0
2009-07-21,95.87000274658203,95.9000015258789,94.41999816894531,95.56999969482422,70.60591125488281,217718300,0.0,0.0,0.0
2009-07-22,94.95999908447266,96.12999725341797,94.88999938964844,95.55000305175781,70.59113311767578,196068100,0.0,0.0,0.0
2009-07-23,95.61000061035156,98.08000183105469,95.52999877929688,97.66000366210938,72.14997100830078,258795500,0.0,0.0,0.0
2009-07-24,97.19999694824219,98.13999938964844,96.69000244140625,98.05999755859375,72.44546508789062,154003100,0.0,0.0,0.0
2009-07-27,97.87999725341797,98.4000015258789,97.33999633789062,98.3499984741211,72.65973663330078,159259400,0.0,0.0,0.0
2009-07-28,97.66000366210938,98.37000274658203,97.05999755859375,97.88999938964844,72.31986999511719,186685200,0.0,0.0,0.0
2009-07-29,97.44000244140625,98.08999633789062,96.9800033569336,97.6500015258789,72.14259338378906,194399300,0.0,0.0,0.0
2009-07-30,98.83000183105469,99.83000183105469,98.5999984741211,98.66999816894531,72.89610290527344,225575400,0.0,0.0,0.0
2009-07-31,98.6500015258789,99.47000122070312,98.37999725341797,98.80999755859375,72.99957275390625,207358000,0.0,0.0,0.0
2009-08-03,99.8499984741211,100.52999877929688,99.30999755859375,100.44000244140625,74.20380401611328,175776900,0.0,0.0,0.0
2009-08-04,99.98999786376953,100.83999633789062,99.77999877929688,100.69999694824219,74.39590454101562,176714600,0.0,0.0,0.0
2009-08-05,100.7699966430664,100.86000061035156,99.58000183105469,100.41000366210938,74.18165588378906,184726400,0.0,0.0,0.0
2009-08-06,100.87000274658203,101.0199966430664,99.41999816894531,99.88999938964844,73.79747009277344,193203800,0.0,0.0,0.0
2009-08-07,100.94000244140625,102.02999877929688,100.38999938964844,101.19999694824219,74.76528930664062,220640900,0.0,0.0,0.0
2009-08-10,100.73999786376953,101.22000122070312,100.2699966430664,100.98999786376953,74.6101303100586,130898700,0.0,0.0,0.0
2009-08-11,100.54000091552734,100.61000061035156,99.45999908447266,99.7300033569336,73.67925262451172,157301000,0.0,0.0,0.0
2009-08-12,99.55999755859375,101.55999755859375,99.51000213623047,100.80000305175781,74.4697494506836,219052400,0.0,0.0,0.0
2009-08-13,101.26000213623047,101.61000061035156,100.26000213623047,101.56999969482422,75.03861999511719,176449500,0.0,0.0,0.0
2009-08-14,101.5199966430664,101.5999984741211,99.69999694824219,100.79000091552734,74.46237182617188,199616100,0.0,0.0,0.0
2009-08-17,98.8499984741211,98.94999694824219,98.11000061035156,98.30999755859375,72.63017272949219,237667500,0.0,0.0,0.0
2009-08-18,98.52999877929688,99.44000244140625,98.3499984741211,99.08999633789062,73.2064208984375,173461500,0.0,0.0,0.0
2009-08-19,98.30999755859375,100.30000305175781,98.20999908447266,99.95999908447266,73.84918212890625,192812800,0.0,0.0,0.0
2009-08-20,100.08999633789062,101.22000122070312,99.87000274658203,100.98999786376953,74.6101303100586,174131300,0.0,0.0,0.0
2009-08-21,101.81999969482422,103.12999725341797,101.62000274658203,102.97000122070312,76.07293701171875,224605000,0.0,0.0,0.0
2009-08-24,103.38999938964844,103.94999694824219,102.58999633789062,102.95999908447266,76.06554412841797,191279000,0.0,0.0,0.0
2009-08-25,103.37000274658203,104.26000213623047,102.94000244140625,103.16000366210938,76.21330261230469,215310600,0.0,0.0,0.0
2009-08-26,102.83999633789062,103.63999938964844,102.48999786376953,103.16999816894531,76.220703125,194620700,0.0,0.0,0.0
2009-08-27,103.11000061035156,103.72000122070312,101.94000244140625,103.4000015258789,76.39060974121094,196230100,0.0,0.0,0.0
2009-08-28,104.2300033569336,104.3499984741211,102.66999816894531,103.37999725341797,76.37584686279297,147024400,0.0,0.0,0.0
2009-08-31,102.37000274658203,102.58000183105469,101.79000091552734,102.45999908447266,75.69612884521484,176051600,0.0,0.0,0.0
2009-09-01,101.94999694824219,103.23999786376953,99.98999786376953,100.19999694824219,74.02649688720703,321276800,0.0,0.0,0.0
2009-09-02,99.77999877929688,100.44000244140625,99.56999969482422,99.81999969482422,73.7457275390625,171805000,0.0,0.0,0.0
2009-09-03,100.4000015258789,100.7699966430664,99.58999633789062,100.6500015258789,74.35894775390625,143572300,0.0,0.0,0.0
2009-09-04,100.8499984741211,102.08999633789062,100.55000305175781,102.05999755859375,75.40062713623047,142687900,0.0,0.0,0.0
2009-09-08,103.0,103.05000305175781,102.38999938964844,102.94000244140625,76.05078125,132909100,0.0,0.0,0.0
2009-09-09,103.12000274658203,104.08000183105469,102.80000305175781,103.7300033569336,76.63443756103516,154612500,0.0,0.0,0.0
2009-09-10,103.80000305175781,104.86000061035156,103.22000122070312,104.79000091552734,77.41753387451172,162902400,0.0,0.0,0.0
2009-09-11,104.98999786376953,105.30000305175781,104.27999877929688,104.7699966430664,77.40274047851562,152360100,0.0,0.0,0.0
2009-09-14,103.87999725341797,105.45999908447266,103.1500015258789,105.27999877929688,77.7795181274414,149593800,0.0,0.0,0.0
2009-09-15,105.44999694824219,106.11000061035156,104.76000213623047,105.72000122070312,78.1046142578125,196795900,0.0,0.0,0.0
2009-09-16,106.0999984741211,107.33999633789062,105.7300033569336,107.31999969482422,79.28667449951172,206406300,0.0,0.0,0.0
2009-09-17,107.16999816894531,108.05999755859375,106.56999969482422,107.16000366210938,79.16845703125,229170900,0.0,0.0,0.0
2009-09-18,107.1500015258789,107.16000366210938,106.36000061035156,106.72000122070312,79.21892547607422,153799100,0.508,0.0,0.0
2009-09-21,105.88999938964844,107.0,105.66000366210938,106.44999694824219,79.01849365234375,151892000,0.0,0.0,0.0
2009-09-22,107.08000183105469,107.37000274658203,106.5999984741211,107.06999969482422,79.47875213623047,143126700,0.0,0.0,0.0
2009-09-23,107.31999969482422,108.02999877929688,105.98999786376953,106.18000030517578,78.8180923461914,225947400,0.0,0.0,0.0
2009-09-24,106.41000366210938,106.63999938964844,104.55000305175781,105.01000213623047,77.94956970214844,228636800,0.0,0.0,0.0
2009-09-25,104.77999877929688,105.36000061035156,104.08999633789062,104.44999694824219,77.53389739990234,204059000,0.0,0.0,0.0
2009-09-28,104.8499984741211,106.55000305175781,104.83000183105469,106.31999969482422,78.92202758789062,118285800,0.0,0.0,0.0
2009-09-29,106.51000213623047,107.0199966430664,105.77999877929688,106.0,78.6844711303711,133733900,0.0,0.0,0.0
2009-09-30,106.36000061035156,106.45999908447266,104.62000274658203,105.58999633789062,78.3801040649414,254383000,0.0,0.0,0.0
2009-10-01,103.0,105.7300033569336,102.94999694824219,102.97000122070312,76.43529510498047,281840600,0.0,0.0,0.0
2009-10-02,102.0199966430664,103.0999984741211,101.98999786376953,102.48999786376953,76.07894897460938,224748800,0.0,0.0,0.0
2009-10-05,102.9000015258789,104.31999969482422,102.5999984741211,104.0199966430664,77.21471405029297,149875000,0.0,0.0,0.0
2009-10-06,104.7699966430664,106.11000061035156,104.70999908447266,105.51000213623047,78.32072448730469,202491100,0.0,0.0,0.0
2009-10-07,105.2699966430664,105.91000366210938,105.06999969482422,105.80000305175781,78.53604125976562,159200300,0.0,0.0,0.0
2009-10-08,106.55000305175781,107.16999816894531,105.8499984741211,106.61000061035156,79.13729095458984,183305800,0.0,0.0,0.0
2009-10-09,106.63999938964844,107.26000213623047,106.36000061035156,107.26000213623047,79.61975860595703,135008300,0.0,0.0,0.0
2009-10-12,107.76000213623047,108.08999633789062,107.27999877929688,107.68000030517578,79.93154907226562,118031000,0.0,0.0,0.0
2009-10-13,107.38999938964844,107.70999908447266,106.76000213623047,107.45999908447266,79.76820373535156,157692700,0.0,0.0,0.0
2009-10-14,108.72000122070312,109.41999816894531,107.41999816894531,109.30999755859375,81.14151763916016,191421600,0.0,0.0,0.0
2009-10-15,108.77999877929688,109.70999908447266,108.7300033569336,109.70999908447266,81.43838500976562,173873600,0.0,0.0,0.0
2009-10-16,108.80000305175781,109.2699966430664,108.2300033569336,108.88999938964844,80.82972717285156,192069400,0.0,0.0,0.0
2009-10-19,109.06999969482422,110.12999725341797,108.7300033569336,109.79000091552734,81.49778747558594,159530400,0.0,0.0,0.0
2009-10-20,109.94999694824219,109.98999786376953,108.68000030517578,109.20999908447266,81.06726837158203,180921100,0.0,0.0,0.0
2009-10-21,109.04000091552734,110.30999755859375,108.1500015258789,108.2300033569336,80.33983612060547,225379300,0.0,0.0,0.0
2009-10-22,108.19000244140625,109.68000030517578,107.5,109.33000183105469,81.15635681152344,238444000,0.0,0.0,0.0
2009-10-23,109.69000244140625,109.76000213623047,107.62999725341797,108.08000183105469,80.22846984863281,240033200,0.0,0.0,0.0
2009-10-26,108.19999694824219,109.30999755859375,106.61000061035156,106.91000366210938,79.35997009277344,242028200,0.0,0.0,0.0
2009-10-27,107.02999877929688,107.38999938964844,106.16000366210938,106.41999816894531,78.99622344970703,253266300,0.0,0.0,0.0
2009-10-28,106.1500015258789,106.4800033569336,104.3499984741211,104.41000366210938,77.50419616699219,248821400,0.0,0.0,0.0
2009-10-29,105.19000244140625,106.86000061035156,104.94000244140625,106.6500015258789,79.16698455810547,198110600,0.0,0.0,0.0
2009-10-30,106.30000305175781,106.62000274658203,103.44000244140625,103.55999755859375,76.87322235107422,325608100,0.0,0.0,0.0
2009-11-02,104.12999725341797,105.41000366210938,103.08000183105469,104.31999969482422,77.4374008178711,254222900,0.0,0.0,0.0
2009-11-03,103.73999786376953,104.80000305175781,103.54000091552734,104.6500015258789,77.68233489990234,228362600,0.0,0.0,0.0
2009-11-04,105.51000213623047,106.33000183105469,104.6500015258789,104.91999816894531,77.88275146484375,247996700,0.0,0.0,0.0
2009-11-05,105.66000366210938,106.87999725341797,105.44000244140625,106.8499984741211,79.31539916992188,180015300,0.0,0.0,0.0
2009-11-06,106.26000213623047,107.4000015258789,106.05000305175781,107.12999725341797,79.52328491210938,170954100,0.0,0.0,0.0
2009-11-09,107.94999694824219,109.62999725341797,107.87000274658203,109.56999969482422,81.33451080322266,159495700,0.0,0.0,0.0
2009-11-10,109.30999755859375,109.93000030517578,108.97000122070312,109.58999633789062,81.34934997558594,171899800,0.0,0.0,0.0
2009-11-11,110.30999755859375,110.81999969482422,109.62000274658203,110.1500015258789,81.76506805419922,169466200,0.0,0.0,0.0
2009-11-12,110.0,110.56999969482422,108.75,109.02999877929688,80.93364715576172,157144500,0.0,0.0,0.0
2009-11-13,109.30999755859375,110.08999633789062,108.75,109.62000274658203,81.37161254882812,150963000,0.0,0.0,0.0
2009-11-16,110.37999725341797,111.69000244140625,110.31999969482422,111.20999908447266,82.5518798828125,210922200,0.0,0.0,0.0
2009-11-17,110.91999816894531,111.38999938964844,110.5,111.33999633789062,82.64840698242188,147134100,0.0,0.0,0.0
2009-11-18,111.26000213623047,111.43000030517578,110.56999969482422,111.2699966430664,82.59642791748047,156486800,0.0,0.0,0.0
2009-11-19,110.51000213623047,111.30999755859375,109.12999725341797,109.81999969482422,81.52011108398438,208734600,0.0,0.0,0.0
2009-11-20,109.25,109.76000213623047,109.01000213623047,109.43000030517578,81.2305908203125,134196000,0.0,0.0,0.0
2009-11-23,110.72000122070312,111.73999786376953,110.5999984741211,110.81999969482422,82.26237487792969,148010200,0.0,0.0,0.0
2009-11-24,111.0,111.19999694824219,110.01000213623047,110.98999786376953,82.3885498046875,138420100,0.0,0.0,0.0
2009-11-25,111.16999816894531,111.5,110.81999969482422,111.37999725341797,82.67804718017578,109564800,0.0,0.0,0.0
2009-11-27,108.4000015258789,110.31999969482422,108.29000091552734,109.56999969482422,81.33451080322266,126001800,0.0,0.0,0.0
2009-11-30,109.4800033569336,110.19999694824219,108.12000274658203,109.94000244140625,81.609130859375,160874800,0.0,0.0,0.0
2009-12-01,110.91999816894531,111.66000366210938,110.7300033569336,111.30000305175781,82.61871337890625,159613700,0.0,0.0,0.0
2009-12-02,111.27999877929688,112.01000213623047,110.91999816894531,111.25,82.58158111572266,132315100,0.0,0.0,0.0
2009-12-03,111.55000305175781,112.18000030517578,110.29000091552734,110.37999725341797,81.93574523925781,167324900,0.0,0.0,0.0
2009-12-04,111.83999633789062,112.37999725341797,110.04000091552734,111.01000213623047,82.40339660644531,274907800,0.0,0.0,0.0
2009-12-07,110.91000366210938,111.52999877929688,110.48999786376953,110.83999633789062,82.27722930908203,127973800,0.0,0.0,0.0
2009-12-08,110.04000091552734,110.7699966430664,109.2699966430664,109.61000061035156,81.36420440673828,169863700,0.0,0.0,0.0
2009-12-09,109.58000183105469,110.18000030517578,109.0199966430664,110.0199966430664,81.66854095458984,155063400,0.0,0.0,0.0
2009-12-10,110.69999694824219,111.12000274658203,110.44999694824219,110.63999938964844,82.12875366210938,138014600,0.0,0.0,0.0
2009-12-11,111.11000061035156,111.36000061035156,110.61000061035156,111.11000061035156,82.47766876220703,124854000,0.0,0.0,0.0
2009-12-14,111.87000274658203,112.0,111.12999725341797,111.87000274658203,83.04181671142578,107141500,0.0,0.0,0.0
2009-12-15,111.45999908447266,111.91999816894531,111.0,111.3499984741211,82.65583038330078,120408800,0.0,0.0,0.0
2009-12-16,111.80000305175781,112.12999725341797,111.2699966430664,111.5199966430664,82.78199005126953,155358200,0.0,0.0,0.0
2009-12-17,110.72000122070312,110.93000030517578,110.08000183105469,110.18000030517578,81.78731536865234,183390100,0.0,0.0,0.0
2009-12-18,110.19999694824219,110.30000305175781,109.27999877929688,110.20999908447266,82.25000762939453,174591200,0.59,0.0,0.0
2009-12-21,110.76000213623047,111.69999694824219,110.76000213623047,111.33000183105469,83.08586120605469,118039600,0.0,0.0,0.0
2009-12-22,111.56999969482422,111.97000122070312,111.43000030517578,111.7300033569336,83.38440704345703,91707500,0.0,0.0,0.0
2009-12-23,112.0,112.11000061035156,111.5,111.94999694824219,83.54856872558594,111783100,0.0,0.0,0.0
2009-12-24,112.19000244140625,112.5999984741211,112.0,112.4800033569336,83.94412231445312,39677500,0.0,0.0,0.0
2009-12-28,112.9000015258789,112.98999786376953,112.31999969482422,112.72000122070312,84.12322998046875,87508500,0.0,0.0,0.0
2009-12-29,113.01000213623047,113.02999877929688,112.55000305175781,112.55999755859375,84.0038070678711,80572500,0.0,0.0,0.0
2009-12-30,112.2300033569336,112.6500015258789,112.16999816894531,112.5199966430664,83.9739761352539,73138400,0.0,0.0,0.0
2009-12-31,112.7699966430664,112.80000305175781,111.38999938964844,111.44000244140625,83.16796112060547,90637900,0.0,0.0,0.0
2010-01-04,112.37000274658203,113.38999938964844,111.51000213623047,113.33000183105469,84.57847595214844,118944600,0.0,0.0,0.0
2010-01-05,113.26000213623047,113.68000030517578,112.8499984741211,113.62999725341797,84.8023452758789,111579900,0.0,0.0,0.0
2010-01-06,113.5199966430664,113.98999786376953,113.43000030517578,113.70999908447266,84.86206817626953,116074400,0.0,0.0,0.0
2010-01-07,113.5,114.33000183105469,113.18000030517578,114.19000244140625,85.22029876708984,131091100,0.0,0.0,0.0
2010-01-08,113.88999938964844,114.62000274658203,113.66000366210938,114.56999969482422,85.50389862060547,126402800,0.0,0.0,0.0
2010-01-11,115.08000183105469,115.12999725341797,114.23999786376953,114.7300033569336,85.6233139038086,106375700,0.0,0.0,0.0
2010-01-12,113.97000122070312,114.20999908447266,113.22000122070312,113.66000366210938,84.82474517822266,163333500,0.0,0.0,0.0
2010-01-13,113.94999694824219,114.94000244140625,113.37000274658203,114.62000274658203,85.54125213623047,161822000,0.0,0.0,0.0
2010-01-14,114.48999786376953,115.13999938964844,114.41999816894531,114.93000030517578,85.77254486083984,115718800,0.0,0.0,0.0
2010-01-15,114.7300033569336,114.83999633789062,113.19999694824219,113.63999938964844,84.8098373413086,212283100,0.0,0.0,0.0
2010-01-19,113.62000274658203,115.12999725341797,113.58999633789062,115.05999755859375,85.86959075927734,139172700,0.0,0.0,0.0
2010-01-20,114.27999877929688,114.44999694824219,112.9800033569336,113.88999938964844,84.99640655517578,216490200,0.0,0.0,0.0
2010-01-21,113.91999816894531,114.2699966430664,111.55999755859375,111.69999694824219,83.36201477050781,344859600,0.0,0.0,0.0
2010-01-22,111.19999694824219,111.73999786376953,109.08999633789062,109.20999908447266,81.50372314453125,345942400,0.0,0.0,0.0
2010-01-25,110.20999908447266,110.41000366210938,109.41000366210938,109.7699966430664,81.9216537475586,186937500,0.0,0.0,0.0
2010-01-26,109.33999633789062,110.47000122070312,109.04000091552734,109.30999755859375,81.5783462524414,211168800,0.0,0.0,0.0
2010-01-27,109.16999816894531,110.08000183105469,108.33000183105469,109.83000183105469,81.96641540527344,271863600,0.0,0.0,0.0
2010-01-28,110.19000244140625,110.25,107.91000366210938,108.56999969482422,81.02609252929688,316104000,0.0,0.0,0.0
2010-01-29,109.04000091552734,109.80000305175781,107.22000122070312,107.38999938964844,80.14545440673828,310677600,0.0,0.0,0.0
2010-02-01,108.1500015258789,109.06999969482422,107.5,109.05999755859375,81.39180755615234,187865000,0.0,0.0,0.0
2010-02-02,109.26000213623047,110.58999633789062,108.87999725341797,110.37999725341797,82.3768539428711,216327900,0.0,0.0,0.0
2010-02-03,109.87999725341797,110.4800033569336,109.51000213623047,109.83000183105469,81.96641540527344,172730700,0.0,0.0,0.0
2010-02-04,108.9800033569336,109.02999877929688,106.41999816894531,106.44000244140625,79.43643188476562,356715700,0.0,0.0,0.0
2010-02-05,106.55999755859375,106.87999725341797,104.58000183105469,106.66000366210938,79.60066986083984,493585800,0.0,0.0,0.0
2010-02-08,106.73999786376953,107.33000183105469,105.80999755859375,105.88999938964844,79.02600860595703,224166900,0.0,0.0,0.0
2010-02-09,107.12999725341797,108.1500015258789,106.2699966430664,107.22000122070312,80.0185775756836,337820500,0.0,0.0,0.0
2010-02-10,107.05000305175781,107.5999984741211,106.11000061035156,107.01000213623047,79.86183166503906,240511500,0.0,0.0,0.0
2010-02-11,106.87000274658203,108.25,106.25,108.12999725341797,80.69770050048828,223591600,0.0,0.0,0.0
2010-02-12,106.98999786376953,108.0999984741211,106.51000213623047,108.04000091552734,80.63048553466797,304622100,0.0,0.0,0.0
2010-02-16,108.86000061035156,109.8499984741211,107.81999969482422,109.73999786376953,81.89923858642578,159317500,0.0,0.0,0.0
2010-02-17,110.2699966430664,110.41000366210938,109.73999786376953,110.26000213623047,82.28731536865234,168845100,0.0,0.0,0.0
2010-02-18,110.08000183105469,111.13999938964844,110.04000091552734,110.91000366210938,82.7724609375,193708600,0.0,0.0,0.0
2010-02-19,110.62000274658203,111.56999969482422,110.36000061035156,111.13999938964844,82.94405364990234,222684900,0.0,0.0,0.0
2010-02-22,111.55000305175781,111.58000183105469,110.83000183105469,111.16000366210938,82.95899963378906,132346900,0.0,0.0,0.0
2010-02-23,110.86000061035156,111.19999694824219,109.5199966430664,109.80999755859375,81.95150756835938,207497000,0.0,0.0,0.0
2010-02-24,110.13999938964844,111.0,109.86000061035156,110.81999969482422,82.70525360107422,176350700,0.0,0.0,0.0
2010-02-25,109.23999786376953,110.75,108.94000244140625,110.66999816894531,82.59333801269531,259634700,0.0,0.0,0.0
2010-02-26,110.7699966430664,111.12000274658203,110.11000061035156,110.73999786376953,82.6455307006836,173589300,0.0,0.0,0.0
2010-03-01,111.19999694824219,112.0,111.16999816894531,111.88999938964844,83.50381469726562,147709700,0.0,0.0,0.0
2010-03-02,112.37000274658203,112.73999786376953,112.0,112.19999694824219,83.73514556884766,160992400,0.0,0.0,0.0
2010-03-03,112.48999786376953,112.97000122070312,112.0199966430664,112.30000305175781,83.80978393554688,150785000,0.0,0.0,0.0
2010-03-04,112.44999694824219,112.80000305175781,112.02999877929688,112.63999938964844,84.06353759765625,135770400,0.0,0.0,0.0
2010-03-05,113.37000274658203,114.33999633789062,113.0999984741211,114.25,85.26507568359375,176118800,0.0,0.0,0.0
2010-03-08,114.26000213623047,114.5199966430664,114.06999969482422,114.2699966430664,85.2800064086914,114631200,0.0,0.0,0.0
2010-03-09,113.93000030517578,114.98999786376953,113.87000274658203,114.45999908447266,85.42180633544922,154556700,0.0,0.0,0.0
2010-03-10,114.51000213623047,115.27999877929688,114.41000366210938,114.97000122070312,85.80242156982422,186088800,0.0,0.0,0.0
2010-03-11,114.69999694824219,115.4800033569336,114.3499984741211,115.44999694824219,86.1606674194336,160791100,0.0,0.0,0.0
2010-03-12,115.94999694824219,115.97000122070312,115.13999938964844,115.45999908447266,86.16812133789062,162074800,0.0,0.0,0.0
2010-03-15,115.26000213623047,115.56999969482422,114.5999984741211,115.48999786376953,86.19051361083984,146816800,0.0,0.0,0.0
2010-03-16,115.80999755859375,116.5199966430664,115.48999786376953,116.41000366210938,86.87712097167969,168673000,0.0,0.0,0.0
2010-03-17,116.76000213623047,117.4800033569336,116.41999816894531,117.0999984741211,87.39202117919922,177468100,0.0,0.0,0.0
2010-03-18,117.11000061035156,117.2699966430664,116.56999969482422,117.04000091552734,87.3472671508789,196509100,0.0,0.0,0.0
2010-03-19,115.97000122070312,117.29000091552734,115.5199966430664,115.97000122070312,86.90512084960938,226641100,0.48,0.0,0.0
2010-03-22,115.30999755859375,116.80000305175781,115.23999786376953,116.58999633789062,87.36974334716797,184477800,0.0,0.0,0.0
2010-03-23,116.76000213623047,117.51000213623047,116.37999725341797,117.41000366210938,87.98422241210938,182941600,0.0,0.0,0.0
2010-03-24,116.97000122070312,117.43000030517578,115.58000183105469,116.83999633789062,87.55709075927734,196072600,0.0,0.0,0.0
2010-03-25,117.62999725341797,118.16999816894531,116.51000213623047,116.6500015258789,87.4146957397461,223396300,0.0,0.0,0.0
2010-03-26,116.87000274658203,117.41999816894531,116.12000274658203,116.58000183105469,87.36225891113281,205808500,0.0,0.0,0.0
2010-03-29,117.16999816894531,117.52999877929688,116.69000244140625,117.31999969482422,87.91680145263672,134513500,0.0,0.0,0.0
2010-03-30,117.45999908447266,117.83000183105469,116.91000366210938,117.4000015258789,87.97673034667969,145772500,0.0,0.0,0.0
2010-03-31,116.94999694824219,117.5199966430664,116.61000061035156,117.0,87.67700958251953,161078700,0.0,0.0,0.0
2010-04-01,117.80000305175781,118.25,117.0999984741211,117.80000305175781,88.2765121459961,161215200,0.0,0.0,0.0
2010-04-05,118.25,118.83999633789062,117.91999816894531,118.76000213623047,88.99588775634766,105847600,0.0,0.0,0.0
2010-04-06,118.41999816894531,119.25,118.29000091552734,119.04000091552734,89.2057113647461,110384200,0.0,0.0,0.0
2010-04-07,118.80000305175781,119.36000061035156,117.80999755859375,118.36000061035156,88.69615173339844,184576300,0.0,0.0,0.0
2010-04-08,117.94999694824219,118.97000122070312,117.5999984741211,118.7699966430664,89.00336456298828,158704000,0.0,0.0,0.0
2010-04-09,119.0199966430664,119.5999984741211,118.80000305175781,119.55000305175781,89.587890625,133006500,0.0,0.0,0.0
2010-04-12,119.69999694824219,120.05000305175781,119.55999755859375,119.73999786376953,89.73028564453125,110279000,0.0,0.0,0.0
2010-04-13,119.62000274658203,120.04000091552734,119.0,119.83000183105469,89.79771423339844,125043600,0.0,0.0,0.0
2010-04-14,120.2699966430664,121.19000244140625,120.08000183105469,121.19000244140625,90.81687927246094,161609000,0.0,0.0,0.0
2010-04-15,120.98999786376953,121.56999969482422,120.94999694824219,121.29000091552734,90.89179992675781,144615300,0.0,0.0,0.0
2010-04-16,120.86000061035156,121.29000091552734,118.75,119.36000061035156,89.44551849365234,366786700,0.0,0.0,0.0
2010-04-19,119.01000213623047,119.93000030517578,118.47000122070312,119.80999755859375,89.78270721435547,217947800,0.0,0.0,0.0
2010-04-20,120.55999755859375,120.9800033569336,119.87000274658203,120.87999725341797,90.5845947265625,157708000,0.0,0.0,0.0
2010-04-21,120.94999694824219,121.2300033569336,119.98999786376953,120.66000366210938,90.4197006225586,192910100,0.0,0.0,0.0
2010-04-22,119.80999755859375,121.16999816894531,119.12000274658203,121.0199966430664,90.68949127197266,115360300,0.0,0.0,0.0
2010-04-23,120.94000244140625,121.86000061035156,120.62999725341797,121.80999755859375,91.2814712524414,177335500,0.0,0.0,0.0
2010-04-26,121.8499984741211,122.12000274658203,121.2300033569336,121.3499984741211,90.93677520751953,143457300,0.0,0.0,0.0
2010-04-27,120.6500015258789,121.33999633789062,118.25,118.4800033569336,88.78609466552734,355853300,0.0,0.0,0.0
2010-04-28,119.05000305175781,119.68000030517578,118.2699966430664,119.37999725341797,89.46047973632812,300674100,0.0,0.0,0.0
2010-04-29,120.0999984741211,121.11000061035156,120.06999969482422,120.86000061035156,90.56959533691406,193775000,0.0,0.0,0.0
2010-04-30,120.87999725341797,121.01000213623047,118.77999877929688,118.80999755859375,89.03337860107422,270000900,0.0,0.0,0.0
2010-05-03,119.37999725341797,120.68000030517578,119.19999694824219,120.3499984741211,90.18742370605469,182747900,0.0,0.0,0.0
2010-05-04,119.01000213623047,119.02999877929688,116.91999816894531,117.5199966430664,88.06664276123047,360353400,0.0,0.0,0.0
2010-05-05,116.55999755859375,117.80000305175781,115.97000122070312,116.81999969482422,87.54208374023438,328973200,0.0,0.0,0.0
2010-05-06,116.26000213623047,117.0,105.0,112.94000244140625,84.63453674316406,647356600,0.0,0.0,0.0
2010-05-07,112.63999938964844,113.7699966430664,109.41000366210938,111.26000213623047,83.37556457519531,637558800,0.0,0.0,0.0
2010-05-10,115.80999755859375,116.6500015258789,114.91000366210938,116.16000366210938,87.04751586914062,396159600,0.0,0.0,0.0
2010-05-11,115.06999969482422,117.36000061035156,114.91000366210938,115.83000183105469,86.80023956298828,317849800,0.0,0.0,0.0
2010-05-12,116.29000091552734,117.62000274658203,116.08999633789062,117.44999694824219,88.01422882080078,235607100,0.0,0.0,0.0
2010-05-13,117.12999725341797,117.68000030517578,115.88999938964844,115.98999786376953,86.92012023925781,234452500,0.0,0.0,0.0
2010-05-14,115.12000274658203,115.33000183105469,112.87000274658203,113.88999938964844,85.346435546875,345601400,0.0,0.0,0.0
2010-05-17,114.19999694824219,114.5199966430664,111.7699966430664,113.94999694824219,85.3913803100586,325739800,0.0,0.0,0.0
2010-05-18,114.87999725341797,115.22000122070312,112.02999877929688,112.4000015258789,84.2298355102539,360556800,0.0,0.0,0.0
2010-05-19,111.7699966430664,112.7699966430664,110.36000061035156,111.76000213623047,83.75025177001953,394742700,0.0,0.0,0.0
2010-05-20,109.37999725341797,109.88999938964844,107.47000122070312,107.54000091552734,80.58787536621094,530418300,0.0,0.0,0.0
2010-05-21,105.91000366210938,109.37999725341797,105.36000061035156,109.11000061035156,81.7643814086914,500909400,0.0,0.0,0.0
2010-05-24,108.5199966430664,109.38999938964844,107.61000061035156,107.70999908447266,80.71529388427734,269823000,0.0,0.0,0.0
2010-05-25,105.11000061035156,107.87000274658203,104.37999725341797,107.81999969482422,80.79771423339844,396505200,0.0,0.0,0.0
2010-05-26,108.4800033569336,109.47000122070312,106.8499984741211,107.16999816894531,80.31063842773438,349719300,0.0,0.0,0.0
2010-05-27,109.19000244140625,110.80000305175781,108.77999877929688,110.76000213623047,83.00089263916016,300870500,0.0,0.0,0.0
2010-05-28,110.63999938964844,110.72000122070312,108.8499984741211,109.37000274658203,81.95926666259766,297933500,0.0,0.0,0.0
2010-06-01,108.3499984741211,109.94999694824219,107.37000274658203,107.52999877929688,80.58042907714844,277909400,0.0,0.0,0.0
2010-06-02,108.08000183105469,110.33999633789062,107.51000213623047,110.33000183105469,82.67866516113281,240243700,0.0,0.0,0.0
2010-06-03,110.6500015258789,111.05999755859375,109.58000183105469,110.70999908447266,82.96343994140625,226618300,0.0,0.0,0.0
2010-06-04,108.61000061035156,109.33000183105469,106.45999908447266,106.81999969482422,80.04834747314453,398475600,0.0,0.0,0.0
2010-06-07,107.19999694824219,107.61000061035156,105.41000366210938,105.48999786376953,79.05168151855469,264609100,0.0,0.0,0.0
2010-06-08,105.56999969482422,106.83000183105469,104.6500015258789,106.62000274658203,79.89849853515625,357774300,0.0,0.0,0.0
2010-06-09,107.23999786376953,108.27999877929688,105.5999984741211,106.05000305175781,79.47134399414062,268023300,0.0,0.0,0.0
2010-06-10,107.86000061035156,109.27999877929688,106.04000091552734,109.1500015258789,81.79439544677734,317890600,0.0,0.0,0.0
2010-06-11,108.19000244140625,109.75,108.12000274658203,109.68000030517578,82.1915512084961,214128200,0.0,0.0,0.0
2010-06-14,110.5199966430664,111.12000274658203,109.4000015258789,109.51000213623047,82.06415557861328,207196100,0.0,0.0,0.0
2010-06-15,110.27999877929688,112.0999984741211,110.08999633789062,112.0,83.93013000488281,238268700,0.0,0.0,0.0
2010-06-16,111.41999816894531,112.41999816894531,111.19999694824219,111.95999908447266,83.90013885498047,216374000,0.0,0.0,0.0
2010-06-17,112.27999877929688,112.33000183105469,111.05000305175781,112.13999938964844,84.03504180908203,263185800,0.0,0.0,0.0
2010-06-18,111.83000183105469,112.12999725341797,111.37000274658203,111.7300033569336,84.12614440917969,174006600,0.531,0.0,0.0
2010-06-21,113.12000274658203,113.19999694824219,110.79000091552734,111.41000366210938,83.88518524169922,213140700,0.0,0.0,0.0
2010-06-22,111.41000366210938,111.9000015258789,109.41000366210938,109.56999969482422,82.49976348876953,239355400,0.0,0.0,0.0
2010-06-23,109.63999938964844,110.02999877929688,108.4800033569336,109.2300033569336,82.24378967285156,254639900,0.0,0.0,0.0
2010-06-24,108.69000244140625,108.83000183105469,107.13999938964844,107.41999816894531,80.88092803955078,268523600,0.0,0.0,0.0
2010-06-25,107.73999786376953,108.41999816894531,106.7699966430664,107.87000274658203,81.21974182128906,238726500,0.0,0.0,0.0
2010-06-28,108.02999877929688,108.31999969482422,107.13999938964844,107.52999877929688,80.96377563476562,169218600,0.0,0.0,0.0
2010-06-29,106.0199966430664,107.51000213623047,103.55000305175781,104.20999908447266,78.46399688720703,373649500,0.0,0.0,0.0
2010-06-30,103.91999816894531,104.87999725341797,102.87999725341797,103.22000122070312,77.7186050415039,284101700,0.0,0.0,0.0
2010-07-01,103.1500015258789,103.48999786376953,101.12999725341797,102.76000213623047,77.37224578857422,382924800,0.0,0.0,0.0
2010-07-02,103.11000061035156,103.41999816894531,101.62000274658203,102.19999694824219,76.95057678222656,233385200,0.0,0.0,0.0
2010-07-06,103.63999938964844,104.37000274658203,101.87999725341797,102.87000274658203,77.45508575439453,256935300,0.0,0.0,0.0
2010-07-07,103.12999725341797,106.23999786376953,103.0199966430664,106.11000061035156,79.89458465576172,253769400,0.0,0.0,0.0
2010-07-08,107.0,107.27999877929688,105.91000366210938,107.16000366210938,80.68517303466797,210842100,0.0,0.0,0.0
2010-07-09,107.12999725341797,107.97000122070312,106.93000030517578,107.95999908447266,81.28754425048828,144999900,0.0,0.0,0.0
2010-07-12,107.5999984741211,108.23999786376953,107.1500015258789,108.02999877929688,81.34022521972656,131283600,0.0,0.0,0.0
2010-07-13,109.1500015258789,110.08999633789062,108.93000030517578,109.66000366210938,82.56753540039062,213025900,0.0,0.0,0.0
2010-07-14,109.30999755859375,110.08000183105469,108.86000061035156,109.6500015258789,82.55998992919922,184426800,0.0,0.0,0.0
2010-07-15,109.61000061035156,110.05999755859375,108.16999816894531,109.68000030517578,82.58259582519531,232337900,0.0,0.0,0.0
2010-07-16,109.08999633789062,109.20999908447266,106.44999694824219,106.66000366210938,80.30872344970703,282693400,0.0,0.0,0.0
2010-07-19,107.05000305175781,107.62999725341797,106.22000122070312,107.29000091552734,80.78308868408203,186709000,0.0,0.0,0.0
2010-07-20,105.87000274658203,108.55999755859375,105.81999969482422,108.4800033569336,81.6790542602539,258162400,0.0,0.0,0.0
2010-07-21,109.04000091552734,109.06999969482422,106.62999725341797,107.06999969482422,80.61742401123047,264527000,0.0,0.0,0.0
2010-07-22,108.33999633789062,109.94000244140625,108.33000183105469,109.45999908447266,82.41694641113281,274781300,0.0,0.0,0.0
2010-07-23,109.23999786376953,110.56999969482422,108.93000030517578,110.41000366210938,83.13226318359375,222020800,0.0,0.0,0.0
2010-07-26,110.5999984741211,111.66999816894531,110.29000091552734,111.55999755859375,83.99813079833984,184445700,0.0,0.0,0.0
2010-07-27,112.16999816894531,112.29000091552734,111.11000061035156,111.55000305175781,83.99061584472656,204855600,0.0,0.0,0.0
2010-07-28,111.31999969482422,111.66000366210938,110.45999908447266,110.83000183105469,83.448486328125,163056200,0.0,0.0,0.0
2010-07-29,111.5199966430664,111.81999969482422,109.41000366210938,110.29000091552734,83.04187774658203,220149100,0.0,0.0,0.0
2010-07-30,109.16999816894531,110.86000061035156,108.9800033569336,110.2699966430664,83.02682495117188,220070600,0.0,0.0,0.0
2010-08-02,111.98999786376953,112.94000244140625,111.54000091552734,112.76000213623047,84.90164184570312,188263200,0.0,0.0,0.0
2010-08-03,112.4800033569336,112.7699966430664,111.8499984741211,112.22000122070312,84.49507141113281,146657300,0.0,0.0,0.0
2010-08-04,112.52999877929688,113.11000061035156,112.16000366210938,112.97000122070312,85.05977630615234,158171700,0.0,0.0,0.0
2010-08-05,112.25,112.91000366210938,112.08000183105469,112.8499984741211,84.96941375732422,140473800,0.0,0.0,0.0
2010-08-06,111.73999786376953,112.56999969482422,110.91999816894531,112.38999938964844,84.6230697631836,239728300,0.0,0.0,0.0
2010-08-09,112.91999816894531,113.18000030517578,112.31999969482422,112.98999786376953,85.0748519897461,120800400,0.0,0.0,0.0
2010-08-10,112.02999877929688,112.9800033569336,111.37000274658203,112.37999725341797,84.61554718017578,242916300,0.0,0.0,0.0
2010-08-11,110.6500015258789,110.69000244140625,109.12000274658203,109.30000305175781,82.29649353027344,273406900,0.0,0.0,0.0
2010-08-12,107.6500015258789,109.0199966430664,107.5999984741211,108.62999725341797,81.79199981689453,239542600,0.0,0.0,0.0
2010-08-13,108.29000091552734,108.95999908447266,108.18000030517578,108.30999755859375,81.55106353759766,158698500,0.0,0.0,0.0
2010-08-16,107.56999969482422,108.61000061035156,107.18000030517578,108.26000213623047,81.513427734375,147895300,0.0,0.0,0.0
2010-08-17,109.19000244140625,110.38999938964844,108.87999725341797,109.58999633789062,82.51483154296875,172270300,0.0,0.0,0.0
2010-08-18,109.54000091552734,110.37999725341797,108.91000366210938,109.79000091552734,82.66543579101562,182922100,0.0,0.0,0.0
2010-08-19,109.22000122070312,109.48999786376953,107.43000030517578,107.87999725341797,81.22730255126953,265847600,0.0,0.0,0.0
2010-08-20,107.55999755859375,107.94000244140625,106.75,107.52999877929688,80.96377563476562,209714200,0.0,0.0,0.0
2010-08-23,108.04000091552734,108.56999969482422,107.06999969482422,107.12000274658203,80.65509796142578,163490300,0.0,0.0,0.0
2010-08-24,105.94999694824219,106.38999938964844,104.97000122070312,105.52999877929688,79.45787048339844,280677800,0.0,0.0,0.0
2010-08-25,104.94999694824219,106.33999633789062,104.29000091552734,105.94000244140625,79.7666015625,272234800,0.0,0.0,0.0
2010-08-26,106.44000244140625,106.58000183105469,104.87999725341797,105.2300033569336,79.23201751708984,224439500,0.0,0.0,0.0
2010-08-27,105.88999938964844,106.97000122070312,104.30999755859375,106.86000061035156,80.45931243896484,272649000,0.0,0.0,0.0
2010-08-30,106.58000183105469,106.91000366210938,105.30000305175781,105.30999755859375,79.29222869873047,167238600,0.0,0.0,0.0
2010-08-31,104.91999816894531,105.9800033569336,104.48999786376953,105.30999755859375,79.29222869873047,273933100,0.0,0.0,0.0
2010-09-01,106.7300033569336,108.61000061035156,106.66000366210938,108.45999908447266,81.66400909423828,256828100,0.0,0.0,0.0
2010-09-02,108.72000122070312,109.48999786376953,108.48999786376953,109.47000122070312,82.42448425292969,156112200,0.0,0.0,0.0
2010-09-03,110.54000091552734,110.98999786376953,109.94999694824219,110.88999938964844,83.49363708496094,212197300,0.0,0.0,0.0
2010-09-07,110.37000274658203,110.51000213623047,109.55000305175781,109.63999938964844,82.55245971679688,141973700,0.0,0.0,0.0
2010-09-08,109.86000061035156,110.8499984741211,109.80999755859375,110.41000366210938,83.13226318359375,149924400,0.0,0.0,0.0
2010-09-09,111.6500015258789,111.68000030517578,110.62000274658203,110.91999816894531,83.5162582397461,147017900,0.0,0.0,0.0
2010-09-10,111.12000274658203,111.61000061035156,110.87000274658203,111.4800033569336,83.9378890991211,127819000,0.0,0.0,0.0
2010-09-13,112.58000183105469,112.94999694824219,112.12999725341797,112.72000122070312,84.87154388427734,178503500,0.0,0.0,0.0
2010-09-14,112.5,113.29000091552734,112.08000183105469,112.6500015258789,84.8188705444336,209823600,0.0,0.0,0.0
2010-09-15,112.31999969482422,113.20999908447266,111.9800033569336,113.08000183105469,85.14260864257812,168608400,0.0,0.0,0.0
2010-09-16,112.7300033569336,113.12000274658203,112.3499984741211,113.05000305175781,85.12000274658203,199962900,0.0,0.0,0.0
2010-09-17,113.04000091552734,113.1500015258789,112.18000030517578,112.48999786376953,85.15179443359375,195836900,0.602,0.0,0.0
2010-09-20,112.87999725341797,114.45999908447266,112.5199966430664,114.20999908447266,86.45378112792969,214555200,0.0,0.0,0.0
2010-09-21,114.30000305175781,114.83999633789062,113.51000213623047,113.9800033569336,86.27971649169922,268389100,0.0,0.0,0.0
2010-09-22,113.80000305175781,114.44000244140625,113.0999984741211,113.41999816894531,85.85579681396484,191322400,0.0,0.0,0.0
2010-09-23,112.48999786376953,113.66999816894531,112.18000030517578,112.5,85.15938568115234,202354300,0.0,0.0,0.0
2010-09-24,113.75,114.9000015258789,113.6500015258789,114.81999969482422,86.91557312011719,209671800,0.0,0.0,0.0
2010-09-27,114.86000061035156,114.98999786376953,114.16000366210938,114.2699966430664,86.49919891357422,128761800,0.0,0.0,0.0
2010-09-28,114.41999816894531,115.04000091552734,113.18000030517578,114.66999816894531,86.802001953125,209207500,0.0,0.0,0.0
2010-09-29,114.37999725341797,114.91000366210938,114.0199966430664,114.47000122070312,86.65065002441406,179665800,0.0,0.0,0.0
2010-09-30,115.05000305175781,115.79000091552734,113.58999633789062,114.12999725341797,86.39324951171875,287106700,0.0,0.0,0.0
2010-10-01,114.98999786376953,115.12000274658203,113.93000030517578,114.61000061035156,86.7565689086914,174638700,0.0,0.0,0.0
2010-10-04,114.37000274658203,114.8499984741211,113.18000030517578,113.75,86.10559844970703,166153200,0.0,0.0,0.0
2010-10-05,114.80000305175781,116.31999969482422,114.66999816894531,116.04000091552734,87.83906555175781,229634100,0.0,0.0,0.0
2010-10-06,116.0199966430664,116.33000183105469,115.55999755859375,116.02999877929688,87.83148193359375,148626600,0.0,0.0,0.0
2010-10-07,116.5,116.52999877929688,115.19000244140625,115.88999938964844,87.72551727294922,164860000,0.0,0.0,0.0
2010-10-08,116.05000305175781,116.86000061035156,115.61000061035156,116.54000091552734,88.21755981445312,177760100,0.0,0.0,0.0
2010-10-11,116.72000122070312,116.97000122070312,116.25,116.6500015258789,88.30078887939453,103098300,0.0,0.0,0.0
2010-10-12,116.2699966430664,117.3499984741211,115.6500015258789,117.01000213623047,88.57332611083984,182210000,0.0,0.0,0.0
2010-10-13,117.66000366210938,118.55000305175781,117.37999725341797,117.91999816894531,89.26215362548828,194347200,0.0,0.0,0.0
2010-10-14,117.80999755859375,118.01000213623047,116.72000122070312,117.45999908447266,88.91394805908203,217764300,0.0,0.0,0.0
2010-10-15,118.27999877929688,118.3499984741211,116.76000213623047,117.69999694824219,89.09561157226562,243705000,0.0,0.0,0.0
2010-10-18,117.73999786376953,118.66999816894531,117.30999755859375,118.27999877929688,89.5346908569336,141204800,0.0,0.0,0.0
2010-10-19,117.19000244140625,117.8499984741211,116.0199966430664,116.7300033569336,88.3613510131836,280604700,0.0,0.0,0.0
2010-10-20,116.94000244140625,118.44000244140625,116.87000274658203,117.87000274658203,89.22428894042969,200051800,0.0,0.0,0.0
2010-10-21,118.4000015258789,119.08999633789062,117.20999908447266,118.12999725341797,89.42112731933594,221585500,0.0,0.0,0.0
2010-10-22,118.30999755859375,118.52999877929688,118.0,118.3499984741211,89.58763885498047,108212400,0.0,0.0,0.0
2010-10-25,119.13999938964844,119.76000213623047,118.61000061035156,118.69999694824219,89.85262298583984,151145700,0.0,0.0,0.0
2010-10-26,118.0999984741211,118.83999633789062,117.87000274658203,118.72000122070312,89.86773681640625,158982900,0.0,0.0,0.0
2010-10-27,117.88999938964844,118.51000213623047,117.26000213623047,118.37999725341797,89.61038970947266,190024000,0.0,0.0,0.0
2010-10-28,119.05999755859375,119.11000061035156,117.83000183105469,118.4000015258789,89.6255111694336,168576000,0.0,0.0,0.0
2010-10-29,118.27999877929688,118.72000122070312,118.06999969482422,118.48999786376953,89.69364929199219,144305500,0.0,0.0,0.0
2010-11-01,119.06999969482422,119.75,117.8499984741211,118.52999877929688,89.7238998413086,174074800,0.0,0.0,0.0
2010-11-02,119.41999816894531,119.75,119.0999984741211,119.47000122070312,90.43550109863281,158345900,0.0,0.0,0.0
2010-11-03,119.68000030517578,120.0199966430664,118.44999694824219,119.94999694824219,90.79881286621094,226702800,0.0,0.0,0.0
2010-11-04,121.27999877929688,122.31999969482422,119.97000122070312,122.26000213623047,92.54740142822266,215039400,0.0,0.0,0.0
2010-11-05,122.33999633789062,122.91999816894531,122.18000030517578,122.72000122070312,92.89559936523438,180654100,0.0,0.0,0.0
2010-11-08,122.33999633789062,122.69000244140625,121.94000244140625,122.48999786376953,92.72154998779297,156107100,0.0,0.0,0.0
2010-11-09,122.81999969482422,122.94999694824219,121.12000274658203,121.61000061035156,92.05538940429688,186621600,0.0,0.0,0.0
2010-11-10,121.58000183105469,122.16000366210938,120.66000366210938,122.0999984741211,92.42630767822266,221387400,0.0,0.0,0.0
2010-11-11,121.05000305175781,121.81999969482422,120.68000030517578,121.63999938964844,92.07814025878906,158017600,0.0,0.0,0.0
2010-11-12,120.81999969482422,121.3499984741211,119.6500015258789,120.19999694824219,90.98806762695312,239068800,0.0,0.0,0.0
2010-11-15,120.58000183105469,121.05000305175781,119.9800033569336,120.02999877929688,90.85936737060547,163940800,0.0,0.0,0.0
2010-11-16,119.29000091552734,119.48999786376953,117.58999633789062,118.16000366210938,89.44383239746094,299566200,0.0,0.0,0.0
2010-11-17,118.20999908447266,118.70999908447266,117.86000061035156,118.22000122070312,89.4892578125,172308900,0.0,0.0,0.0
2010-11-18,119.36000061035156,120.38999938964844,119.3499984741211,119.95999908447266,90.80638122558594,197723700,0.0,0.0,0.0
2010-11-19,119.9000015258789,120.33999633789062,119.25,120.29000091552734,91.05620574951172,156852900,0.0,0.0,0.0
2010-11-22,119.69000244140625,120.23999786376953,118.7699966430664,120.19000244140625,90.98049926757812,181361000,0.0,0.0,0.0
2010-11-23,118.7699966430664,119.0199966430664,117.98999786376953,118.44999694824219,89.66337585449219,222309000,0.0,0.0,0.0
2010-11-24,119.19999694824219,120.2300033569336,119.18000030517578,120.19999694824219,90.98806762695312,140046100,0.0,0.0,0.0
2010-11-26,119.16000366210938,119.80999755859375,118.80000305175781,118.80000305175781,89.92832946777344,76007800,0.0,0.0,0.0
2010-11-29,118.5,119.4800033569336,117.73999786376953,119.16000366210938,90.20082092285156,223642300,0.0,0.0,0.0
2010-11-30,117.9800033569336,119.16999816894531,117.80999755859375,118.48999786376953,89.69364929199219,233930700,0.0,0.0,0.0
2010-12-01,120.19999694824219,121.23999786376953,120.19000244140625,121.01000213623047,91.60121154785156,221037200,0.0,0.0,0.0
2010-12-02,121.19999694824219,122.6500015258789,121.12999725341797,122.55999755859375,92.7745132446289,191213600,0.0,0.0,0.0
2010-12-03,122.13999938964844,123.02999877929688,122.11000061035156,122.88999938964844,93.02430725097656,151288900,0.0,0.0,0.0
2010-12-06,122.62999725341797,123.04000091552734,122.5,122.76000213623047,92.92588806152344,103050500,0.0,0.0,0.0
2010-12-07,123.94000244140625,124.01000213623047,122.76000213623047,122.83000183105469,92.9789047241211,206581000,0.0,0.0,0.0
2010-12-08,122.9800033569336,123.37999725341797,122.41000366210938,123.27999877929688,93.31954193115234,138019200,0.0,0.0,0.0
2010-12-09,123.97000122070312,124.0199966430664,123.1500015258789,123.76000213623047,93.6828842163086,123705100,0.0,0.0,0.0
2010-12-10,124.13999938964844,124.5999984741211,123.7300033569336,124.4800033569336,94.22789764404297,117571700,0.0,0.0,0.0
2010-12-13,125.05000305175781,125.19999694824219,124.5199966430664,124.55999755859375,94.2884750366211,133812700,0.0,0.0,0.0
2010-12-14,124.75,125.2300033569336,124.29000091552734,124.66999816894531,94.37171936035156,147249600,0.0,0.0,0.0
2010-12-15,124.44000244140625,124.93000030517578,123.88999938964844,124.0999984741211,93.94026184082031,160823100,0.0,0.0,0.0
2010-12-16,124.18000030517578,124.91000366210938,123.75,124.81999969482422,94.48528289794922,185035200,0.0,0.0,0.0
2010-12-17,124.08000183105469,124.45999908447266,123.81999969482422,124.30000305175781,94.58648681640625,141075300,0.653,0.0,0.0
2010-12-20,124.63999938964844,124.9000015258789,123.9800033569336,124.5999984741211,94.81478118896484,119085500,0.0,0.0,0.0
2010-12-21,124.98999786376953,125.47000122070312,124.87000274658203,125.38999938964844,95.41593170166016,94965500,0.0,0.0,0.0
2010-12-22,125.4800033569336,125.81999969482422,125.41000366210938,125.77999877929688,95.71268463134766,78878100,0.0,0.0,0.0
2010-12-23,125.63999938964844,125.77999877929688,125.29000091552734,125.5999984741211,95.57573699951172,70053700,0.0,0.0,0.0
2010-12-27,125.12999725341797,125.7699966430664,125.04000091552734,125.6500015258789,95.61378479003906,58126000,0.0,0.0,0.0
2010-12-28,125.9000015258789,125.94999694824219,125.5,125.83000183105469,95.7507553100586,55309100,0.0,0.0,0.0
2010-12-29,125.9800033569336,126.19999694824219,125.9000015258789,125.91999816894531,95.8192138671875,58033100,0.0,0.0,0.0
2010-12-30,125.80000305175781,126.12999725341797,125.52999877929688,125.72000122070312,95.66703033447266,76616900,0.0,0.0,0.0
2010-12-31,125.52999877929688,125.87000274658203,125.33000183105469,125.75,95.68986511230469,91218900,0.0,0.0,0.0
2011-01-03,126.70999908447266,127.5999984741211,125.69999694824219,127.05000305175781,96.6790771484375,138725200,0.0,0.0,0.0
2011-01-04,127.33000183105469,127.37000274658203,126.19000244140625,126.9800033569336,96.62584686279297,137409700,0.0,0.0,0.0
2011-01-05,126.58000183105469,127.72000122070312,126.45999908447266,127.63999938964844,97.1280517578125,133975300,0.0,0.0,0.0
2011-01-06,127.69000244140625,127.83000183105469,127.01000213623047,127.38999938964844,96.93785095214844,122519000,0.0,0.0,0.0
2011-01-07,127.55999755859375,127.7699966430664,126.1500015258789,127.13999938964844,96.7475814819336,156034600,0.0,0.0,0.0
2011-01-10,126.58000183105469,127.16000366210938,126.19999694824219,126.9800033569336,96.62584686279297,122401700,0.0,0.0,0.0
2011-01-11,127.44000244140625,127.73999786376953,126.94999694824219,127.43000030517578,96.96827697753906,110287000,0.0,0.0,0.0
2011-01-12,128.2100067138672,128.72000122070312,127.45999908447266,128.5800018310547,97.84336853027344,107929200,0.0,0.0,0.0
2011-01-13,128.6300048828125,128.69000244140625,128.0500030517578,128.3699951171875,97.68355560302734,129048400,0.0,0.0,0.0
2011-01-14,128.19000244140625,129.3300018310547,128.10000610351562,129.3000030517578,98.39128112792969,117677900,0.0,0.0,0.0
2011-01-18,129.17999267578125,129.63999938964844,129.02999877929688,129.52000427246094,98.55865478515625,114401300,0.0,0.0,0.0
2011-01-19,129.41000366210938,129.5399932861328,127.91000366210938,128.25,97.59222412109375,151958400,0.0,0.0,0.0
2011-01-20,127.95999908447266,128.39999389648438,127.12999725341797,128.0800018310547,97.46288299560547,175745700,0.0,0.0,0.0
2011-01-21,128.8800048828125,129.1699981689453,128.22999572753906,128.3699951171875,97.68355560302734,151462900,0.0,0.0,0.0
2011-01-24,128.2899932861328,129.25,128.25999450683594,129.10000610351562,98.23906707763672,113715500,0.0,0.0,0.0
2011-01-25,128.75999450683594,129.27999877929688,128.11000061035156,129.1699981689453,98.29231262207031,167552200,0.0,0.0,0.0
2011-01-26,129.49000549316406,130.0500030517578,129.22999572753906,129.6699981689453,98.67279815673828,141281500,0.0,0.0,0.0
2011-01-27,129.6999969482422,130.2100067138672,129.47000122070312,129.99000549316406,98.91631317138672,123302700,0.0,0.0,0.0
2011-01-28,130.13999938964844,130.35000610351562,127.51000213623047,127.72000122070312,97.18894958496094,295637300,0.0,0.0,0.0
2011-01-31,128.07000732421875,128.77999877929688,127.75,128.67999267578125,97.9194564819336,149249200,0.0,0.0,0.0
2011-02-01,129.4600067138672,130.97000122070312,129.3800048828125,130.74000549316406,99.48702239990234,167194300,0.0,0.0,0.0
2011-02-02,130.39999389648438,130.83999633789062,130.3300018310547,130.49000549316406,99.2967758178711,118323600,0.0,0.0,0.0
2011-02-03,130.25999450683594,130.97999572753906,129.57000732421875,130.77999877929688,99.5174560546875,145886700,0.0,0.0,0.0
2011-02-04,130.8300018310547,131.1999969482422,130.22999572753906,131.14999389648438,99.79901123046875,134634800,0.0,0.0,0.0
2011-02-07,131.44000244140625,132.39999389648438,131.42999267578125,131.97000122070312,100.42295837402344,112439100,0.0,0.0,0.0
2011-02-08,132.08999633789062,132.63999938964844,131.72999572753906,132.57000732421875,100.8795394897461,99072800,0.0,0.0,0.0
2011-02-09,132.2100067138672,132.6300048828125,131.61000061035156,132.27000427246094,100.65129089355469,146436700,0.0,0.0,0.0
2011-02-10,131.60000610351562,132.47000122070312,131.3000030517578,132.32000732421875,100.68932342529297,162708500,0.0,0.0,0.0
2011-02-11,131.8000030517578,133.27999877929688,131.77000427246094,133.11000061035156,101.29045867919922,137710300,0.0,0.0,0.0
2011-02-14,133.02999877929688,133.5399932861328,132.8800048828125,133.42999267578125,101.53397369384766,101690700,0.0,0.0,0.0
2011-02-15,133.02000427246094,133.22000122070312,132.32000732421875,133.00999450683594,101.21440124511719,119575400,0.0,0.0,0.0
2011-02-16,133.4600067138672,134.00999450683594,133.19000244140625,133.85000610351562,101.85356903076172,130183500,0.0,0.0,0.0
2011-02-17,133.4600067138672,134.42999267578125,133.33999633789062,134.25,102.15798950195312,109810500,0.0,0.0,0.0
2011-02-18,134.3699951171875,134.69000244140625,134.05999755859375,134.52999877929688,102.37100982666016,130002400,0.0,0.0,0.0
2011-02-22,133.1199951171875,134.55999755859375,131.47000122070312,131.8300018310547,100.31646728515625,233116400,0.0,0.0,0.0
2011-02-23,131.75,132.07000732421875,130.2100067138672,131.02000427246094,99.70008850097656,227584000,0.0,0.0,0.0
2011-02-24,130.8800048828125,131.44000244140625,129.6999969482422,130.92999267578125,99.63160705566406,260431400,0.0,0.0,0.0
2011-02-25,131.47999572753906,132.41000366210938,131.39999389648438,132.3300018310547,100.69693756103516,141686900,0.0,0.0,0.0
2011-02-28,132.82000732421875,133.32000732421875,132.3800048828125,133.14999389648438,101.32093811035156,141585500,0.0,0.0,0.0
2011-03-01,133.57000732421875,133.69000244140625,130.88999938964844,130.92999267578125,99.63160705566406,258565500,0.0,0.0,0.0
2011-03-02,130.75,131.82000732421875,130.35000610351562,131.2100067138672,99.84464263916016,200277400,0.0,0.0,0.0
2011-03-03,132.39999389648438,133.6199951171875,132.38999938964844,133.47000122070312,101.5644302368164,176480100,0.0,0.0,0.0
2011-03-04,133.3699951171875,133.6300048828125,131.60000610351562,132.47000122070312,100.803466796875,277202300,0.0,0.0,0.0
2011-03-07,132.86000061035156,133.16000366210938,130.74000549316406,131.42999267578125,100.01209259033203,216790400,0.0,0.0,0.0
2011-03-08,131.63999938964844,133.0,131.07000732421875,132.5800018310547,100.88716125488281,174615000,0.0,0.0,0.0
2011-03-09,132.32000732421875,132.8000030517578,131.60000610351562,132.38999938964844,100.74259185791016,153806000,0.0,0.0,0.0
2011-03-10,131.0,131.17999267578125,129.80999755859375,129.94000244140625,98.8782730102539,301291800,0.0,0.0,0.0
2011-03-11,129.52000427246094,131.30999755859375,129.49000549316406,130.83999633789062,99.5630874633789,225621800,0.0,0.0,0.0
2011-03-14,129.99000549316406,130.47999572753906,129.05999755859375,130.0500030517578,98.96195220947266,234974100,0.0,0.0,0.0
2011-03-15,126.58999633789062,129.3300018310547,126.5,128.55999755859375,97.82814025878906,359585400,0.0,0.0,0.0
2011-03-16,128.14999389648438,128.57000732421875,125.27999877929688,126.18000030517578,96.0170669555664,468670300,0.0,0.0,0.0
2011-03-17,128.0,128.38999938964844,127.0999984741211,127.8499984741211,97.28785705566406,254303700,0.0,0.0,0.0
2011-03-18,128.83999633789062,128.8800048828125,127.51000213623047,127.76000213623047,97.64173126220703,230435400,0.553,0.0,0.0
2011-03-21,129.35000610351562,130.00999450683594,129.1999969482422,129.74000549316406,99.15497589111328,153992600,0.0,0.0,0.0
2011-03-22,129.72000122070312,129.88999938964844,129.1699981689453,129.2899932861328,98.81102752685547,129538600,0.0,0.0,0.0
2011-03-23,128.92999267578125,130.0,128.32000732421875,129.66000366210938,99.09381103515625,148603100,0.0,0.0,0.0
2011-03-24,130.39999389648438,131.08999633789062,129.6699981689453,130.89999389648438,100.04150390625,159129800,0.0,0.0,0.0
2011-03-25,131.24000549316406,131.8699951171875,130.88999938964844,131.3000030517578,100.34719848632812,155642800,0.0,0.0,0.0
2011-03-28,131.5800018310547,131.9199981689453,130.94000244140625,130.97999572753906,100.1026382446289,109762400,0.0,0.0,0.0
2011-03-29,130.8699951171875,131.89999389648438,130.44000244140625,131.86000061035156,100.77521514892578,129798800,0.0,0.0,0.0
2011-03-30,132.5500030517578,133.16000366210938,132.36000061035156,132.77000427246094,101.4706802368164,135835000,0.0,0.0,0.0
2011-03-31,132.60000610351562,132.9600067138672,132.4499969482422,132.58999633789062,101.33307647705078,132537100,0.0,0.0,0.0
2011-04-01,133.41000366210938,133.77000427246094,132.8300018310547,133.14999389648438,101.76106262207031,153850100,0.0,0.0,0.0
2011-04-04,133.42999267578125,133.6699981689453,132.8800048828125,133.25999450683594,101.84513092041016,100768900,0.0,0.0,0.0
2011-04-05,133.0,133.8300018310547,132.94000244140625,133.24000549316406,101.82984924316406,120791500,0.0,0.0,0.0
2011-04-06,133.8800048828125,134.0,133.1199951171875,133.66000366210938,102.15083312988281,120411600,0.0,0.0,0.0
2011-04-07,133.4199981689453,133.97999572753906,132.66000366210938,133.32000732421875,101.89099884033203,170731500,0.0,0.0,0.0
2011-04-08,133.91000366210938,133.99000549316406,132.30999755859375,132.86000061035156,101.53944396972656,147945400,0.0,0.0,0.0
2011-04-11,133.0,133.4499969482422,132.13999938964844,132.4600067138672,101.2337417602539,121385400,0.0,0.0,0.0
2011-04-12,131.72000122070312,131.97999572753906,130.99000549316406,131.47000122070312,100.47713470458984,161187400,0.0,0.0,0.0
2011-04-13,132.0800018310547,132.17999267578125,130.9600067138672,131.4600067138672,100.469482421875,162059000,0.0,0.0,0.0
2011-04-14,130.6999969482422,131.75999450683594,130.27000427246094,131.55999755859375,100.54588317871094,161220400,0.0,0.0,0.0
2011-04-15,131.8000030517578,132.3699951171875,131.41000366210938,132.0399932861328,100.91275024414062,170006700,0.0,0.0,0.0
2011-04-18,130.58999633789062,132.02999877929688,129.50999450683594,130.55999755859375,99.78165435791016,210759300,0.0,0.0,0.0
2011-04-19,130.75999450683594,131.35000610351562,130.44000244140625,131.30999755859375,100.35485076904297,124258800,0.0,0.0,0.0
2011-04-20,132.8800048828125,133.38999938964844,132.7899932861328,133.10000610351562,101.72289276123047,156133800,0.0,0.0,0.0
2011-04-21,133.7899932861328,133.83999633789062,133.10000610351562,133.77999877929688,102.24256134033203,135935400,0.0,0.0,0.0
2011-04-25,133.67999267578125,133.86000061035156,133.1999969482422,133.63999938964844,102.13552856445312,65757100,0.0,0.0,0.0
2011-04-26,134.0500030517578,135.05999755859375,133.91000366210938,134.7899932861328,103.01443481445312,146600000,0.0,0.0,0.0
2011-04-27,135.0500030517578,135.8699951171875,134.5,135.6699981689453,103.68701171875,143031000,0.0,0.0,0.0
2011-04-28,135.42999267578125,136.2899932861328,135.41000366210938,136.11000061035156,104.02326965332031,124791100,0.0,0.0,0.0
2011-04-29,136.16000366210938,136.57000732421875,135.97999572753906,136.42999267578125,104.26782989501953,115094100,0.0,0.0,0.0
2011-05-02,137.07000732421875,137.17999267578125,135.9499969482422,136.22000122070312,104.10736083984375,126278700,0.0,0.0,0.0
2011-05-03,135.9600067138672,136.19000244140625,135.0399932861328,135.72999572753906,103.73285675048828,138375000,0.0,0.0,0.0
2011-05-04,135.6699981689453,135.72999572753906,134.22999572753906,134.8300018310547,103.0450439453125,182678500,0.0,0.0,0.0
2011-05-05,134.0800018310547,134.9499969482422,133.02000427246094,133.61000061035156,102.11260986328125,226900000,0.0,0.0,0.0
2011-05-06,134.94000244140625,135.6300048828125,133.67999267578125,134.1999969482422,102.56352996826172,222787200,0.0,0.0,0.0
2011-05-09,134.19000244140625,135.11000061035156,133.97999572753906,134.72000122070312,102.9609603881836,114104500,0.0,0.0,0.0
2011-05-10,135.1699981689453,136.11000061035156,135.0,135.8699951171875,103.83983612060547,114806900,0.0,0.0,0.0
2011-05-11,135.6699981689453,135.69000244140625,133.82000732421875,134.44000244140625,102.7469482421875,193564200,0.0,0.0,0.0
2011-05-12,134.0800018310547,135.36000061035156,133.38999938964844,135.0800018310547,103.23611450195312,171550700,0.0,0.0,0.0
2011-05-13,135.14999389648438,135.33999633789062,133.55999755859375,134.0399932861328,102.44126892089844,157444900,0.0,0.0,0.0
2011-05-16,133.55999755859375,134.61000061035156,132.97000122070312,133.19000244140625,101.79161834716797,141675400,0.0,0.0,0.0
2011-05-17,132.69000244140625,133.35000610351562,132.1199951171875,133.1699981689453,101.77635192871094,192686200,0.0,0.0,0.0
2011-05-18,133.24000549316406,134.5,132.9499969482422,134.36000061035156,102.68582153320312,135217900,0.0,0.0,0.0
2011-05-19,134.8000030517578,135.02999877929688,133.94000244140625,134.67999267578125,102.93038940429688,119489500,0.0,0.0,0.0
2011-05-20,134.3300018310547,134.67999267578125,133.36000061035156,133.61000061035156,102.11260986328125,182594900,0.0,0.0,0.0
2011-05-23,131.97999572753906,132.72000122070312,131.58999633789062,132.05999755859375,100.92805480957031,168700000,0.0,0.0,0.0
2011-05-24,132.44000244140625,132.72999572753906,131.6999969482422,131.9499969482422,100.84394073486328,147199600,0.0,0.0,0.0
2011-05-25,131.4199981689453,132.94000244140625,131.3800048828125,132.38999938964844,101.18022155761719,151050100,0.0,0.0,0.0
2011-05-26,132.02999877929688,133.24000549316406,131.77999877929688,133.0,101.64642333984375,164850000,0.0,0.0,0.0
2011-05-27,133.3699951171875,133.8699951171875,132.9600067138672,133.50999450683594,102.03617858886719,120921900,0.0,0.0,0.0
2011-05-31,134.77000427246094,134.9199981689453,133.83999633789062,134.89999389648438,103.0985107421875,164731200,0.0,0.0,0.0
2011-06-01,134.50999450683594,134.9199981689453,131.75999450683594,131.8699951171875,100.7828369140625,233094300,0.0,0.0,0.0
2011-06-02,131.9600067138672,132.24000549316406,130.9600067138672,131.72999572753906,100.67583465576172,200466800,0.0,0.0,0.0
2011-06-03,130.14999389648438,131.4199981689453,130.0800018310547,130.4199981689453,99.6746597290039,234690200,0.0,0.0,0.0
2011-06-06,130.08999633789062,130.36000061035156,128.8699951171875,129.0399932861328,98.61998748779297,179951200,0.0,0.0,0.0
2011-06-07,129.6999969482422,130.07000732421875,128.85000610351562,128.9600067138672,98.5588150024414,161660500,0.0,0.0,0.0
2011-06-08,128.75999450683594,129.19000244140625,128.17999267578125,128.4199981689453,98.14612579345703,198696400,0.0,0.0,0.0
2011-06-09,128.77000427246094,129.92999267578125,128.4600067138672,129.39999389648438,98.89512634277344,160964400,0.0,0.0,0.0
2011-06-10,128.85000610351562,128.92999267578125,127.26000213623047,127.5999984741211,97.5194320678711,238629400,0.0,0.0,0.0
2011-06-13,127.88999938964844,128.24000549316406,127.05000305175781,127.69999694824219,97.5958480834961,207599800,0.0,0.0,0.0
2011-06-14,128.8699951171875,129.77000427246094,128.82000732421875,129.32000732421875,98.83399963378906,160570400,0.0,0.0,0.0
2011-06-15,128.24000549316406,129.3000030517578,126.68000030517578,127.0199966430664,97.0761489868164,300958000,0.0,0.0,0.0
2011-06-16,127.05999755859375,127.97000122070312,126.31999969482422,127.30000305175781,97.29017639160156,308032800,0.0,0.0,0.0
2011-06-17,127.93000030517578,127.94000244140625,126.62000274658203,127.05000305175781,97.58048248291016,233284900,0.628,0.0,0.0
2011-06-20,126.62000274658203,127.97000122070312,126.58000183105469,127.69999694824219,98.07970428466797,159479000,0.0,0.0,0.0
2011-06-21,128.36000061035156,129.6999969482422,127.75,129.4499969482422,99.42379760742188,193157300,0.0,0.0,0.0
2011-06-22,129.0500030517578,129.80999755859375,128.58999633789062,128.6699981689453,98.82470703125,176703000,0.0,0.0,0.0
2011-06-23,127.16000366210938,128.63999938964844,126.19000244140625,128.3000030517578,98.54056549072266,334286500,0.0,0.0,0.0
2011-06-24,128.27000427246094,128.3699951171875,126.62000274658203,126.80999755859375,97.39613342285156,226129300,0.0,0.0,0.0
2011-06-27,126.88999938964844,128.42999267578125,126.63999938964844,127.94000244140625,98.26404571533203,168904700,0.0,0.0,0.0
2011-06-28,128.4499969482422,129.6300048828125,128.27000427246094,129.61000061035156,99.54669952392578,165556300,0.0,0.0,0.0
2011-06-29,130.1999969482422,130.92999267578125,129.6300048828125,130.72000122070312,100.39925384521484,244295500,0.0,0.0,0.0
2011-06-30,131.13999938964844,132.17999267578125,130.7100067138672,131.97000122070312,101.3592529296875,223322700,0.0,0.0,0.0
2011-07-01,132.08999633789062,134.10000610351562,131.77999877929688,133.9199981689453,102.85698699951172,202385700,0.0,0.0,0.0
2011-07-05,133.77999877929688,134.0800018310547,133.38999938964844,133.80999755859375,102.77247619628906,165936000,0.0,0.0,0.0
2011-07-06,133.49000549316406,134.13999938964844,133.11000061035156,133.97000122070312,102.89533233642578,143331600,0.0,0.0,0.0
2011-07-07,135.16000366210938,135.6999969482422,134.8800048828125,135.36000061035156,103.96294403076172,170464200,0.0,0.0,0.0
2011-07-08,133.8300018310547,135.36000061035156,133.38999938964844,134.39999389648438,103.22563934326172,194100500,0.0,0.0,0.0
2011-07-11,132.75,133.17999267578125,131.66000366210938,131.97000122070312,101.3592529296875,195918600,0.0,0.0,0.0
2011-07-12,131.69000244140625,132.77999877929688,131.36000061035156,131.39999389648438,100.92149353027344,214675700,0.0,0.0,0.0
2011-07-13,132.08999633789062,133.22000122070312,131.52000427246094,131.83999633789062,101.25944519042969,204062600,0.0,0.0,0.0
2011-07-14,132.1699981689453,132.77999877929688,130.67999267578125,130.92999267578125,100.56051635742188,226111800,0.0,0.0,0.0
2011-07-15,131.66000366210938,131.8699951171875,130.77000427246094,131.69000244140625,101.14421844482422,220012800,0.0,0.0,0.0
2011-07-18,131.0800018310547,131.27999877929688,129.6300048828125,130.61000061035156,100.31476593017578,196872100,0.0,0.0,0.0
2011-07-19,131.33999633789062,132.88999938964844,131.30999755859375,132.72999572753906,101.9429931640625,166554900,0.0,0.0,0.0
2011-07-20,133.07000732421875,133.14999389648438,132.4199981689453,132.64999389648438,101.88153076171875,137145400,0.0,0.0,0.0
2011-07-21,133.39999389648438,134.82000732421875,132.6699981689453,134.49000549316406,103.29475402832031,245246300,0.0,0.0,0.0
2011-07-22,134.52000427246094,134.72000122070312,133.75999450683594,134.5800018310547,103.3638687133789,126019400,0.0,0.0,0.0
2011-07-25,133.3000030517578,134.49000549316406,133.16000366210938,133.8300018310547,102.78787231445312,136653800,0.0,0.0,0.0
2011-07-26,133.74000549316406,133.9600067138672,133.02999877929688,133.3300018310547,102.40379333496094,131278200,0.0,0.0,0.0
2011-07-27,132.58999633789062,132.6300048828125,130.42999267578125,130.60000610351562,100.30706024169922,249020100,0.0,0.0,0.0
2011-07-28,130.60000610351562,131.77000427246094,130.00999450683594,130.22000122070312,100.01519775390625,207939900,0.0,0.0,0.0
2011-07-29,128.91000366210938,130.5500030517578,127.97000122070312,129.3300018310547,99.33163452148438,307038400,0.0,0.0,0.0
2011-08-01,130.83999633789062,130.9600067138672,127.52999877929688,128.77999877929688,98.90919494628906,325790900,0.0,0.0,0.0
2011-08-02,127.80999755859375,128.5,125.48999786376953,125.48999786376953,96.38230895996094,346653800,0.0,0.0,0.0
2011-08-03,125.66000366210938,126.30999755859375,123.52999877929688,126.16999816894531,96.90460968017578,370830800,0.0,0.0,0.0
2011-08-04,124.41999816894531,124.62000274658203,120.05999755859375,120.26000213623047,92.3654556274414,520721800,0.0,0.0,0.0
2011-08-05,121.76000213623047,122.06999969482422,116.86000061035156,120.08000183105469,92.2271957397461,655619200,0.0,0.0,0.0
2011-08-08,116.91000366210938,120.12000274658203,112.0199966430664,112.26000213623047,86.22105407714844,702263900,0.0,0.0,0.0
2011-08-09,114.06999969482422,117.63999938964844,110.2699966430664,117.4800033569336,90.23026275634766,717828700,0.0,0.0,0.0
2011-08-10,115.26000213623047,116.27999877929688,111.94999694824219,112.29000091552734,86.24407196044922,662607400,0.0,0.0,0.0
2011-08-11,113.26000213623047,118.91999816894531,112.31999969482422,117.33000183105469,90.11505126953125,487979700,0.0,0.0,0.0
2011-08-12,118.4000015258789,119.20999908447266,117.27999877929688,118.12000274658203,90.7218017578125,313731600,0.0,0.0,0.0
2011-08-15,119.19000244140625,120.73999786376953,119.0,120.62000274658203,92.64192962646484,258810600,0.0,0.0,0.0
2011-08-16,119.47000122070312,120.69000244140625,118.30999755859375,119.58999633789062,91.85088348388672,294095200,0.0,0.0,0.0
2011-08-17,120.25,121.19999694824219,118.72000122070312,119.66999816894531,91.91230010986328,238201100,0.0,0.0,0.0
2011-08-18,116.5,119.70999908447266,113.38999938964844,114.51000213623047,87.94916534423828,512956300,0.0,0.0,0.0
2011-08-19,112.95999908447266,115.87999725341797,112.5,112.63999938964844,86.51290130615234,428281300,0.0,0.0,0.0
2011-08-22,115.16999816894531,115.2300033569336,112.41000366210938,112.7300033569336,86.58202362060547,275090600,0.0,0.0,0.0
2011-08-23,113.1500015258789,116.56999969482422,112.58000183105469,116.44000244140625,89.43150329589844,331136600,0.0,0.0,0.0
2011-08-24,116.19000244140625,118.23999786376953,115.91999816894531,118.08000183105469,90.69108581542969,246869700,0.0,0.0,0.0
2011-08-25,118.7300033569336,119.4000015258789,115.87000274658203,116.27999877929688,89.30860900878906,312365400,0.0,0.0,0.0
2011-08-26,115.69000244140625,118.51000213623047,113.8499984741211,117.97000122070312,90.6065902709961,314495900,0.0,0.0,0.0
2011-08-29,119.55999755859375,121.43000030517578,118.05999755859375,121.36000061035156,93.21026611328125,190977200,0.0,0.0,0.0
2011-08-30,120.83000183105469,122.43000030517578,119.26000213623047,121.68000030517578,93.4560775756836,241315700,0.0,0.0,0.0
2011-08-31,122.45999908447266,123.51000213623047,121.30000305175781,122.22000122070312,93.87080383300781,301828400,0.0,0.0,0.0
2011-09-01,122.29000091552734,123.4000015258789,120.77999877929688,120.94000244140625,92.8877182006836,254585900,0.0,0.0,0.0
2011-09-02,118.41999816894531,120.87000274658203,117.43000030517578,117.8499984741211,90.51447296142578,255517200,0.0,0.0,0.0
2011-09-06,114.38999938964844,117.16000366210938,114.37999725341797,116.98999786376953,89.85391235351562,285130500,0.0,0.0,0.0
2011-09-07,118.76000213623047,120.33999633789062,118.36000061035156,120.29000091552734,92.38850402832031,209803200,0.0,0.0,0.0
2011-09-08,119.56999969482422,120.94000244140625,118.7699966430664,119.04000091552734,91.42843627929688,250568200,0.0,0.0,0.0
2011-09-09,117.68000030517578,119.05999755859375,115.27999877929688,115.91999816894531,89.0321044921875,380195100,0.0,0.0,0.0
2011-09-12,114.47000122070312,116.76000213623047,114.05000305175781,116.66999816894531,89.60814666748047,305793500,0.0,0.0,0.0
2011-09-13,117.05000305175781,118.18000030517578,116.22000122070312,117.73999786376953,90.429931640625,272514700,0.0,0.0,0.0
2011-09-14,118.33999633789062,120.80000305175781,116.72000122070312,119.37000274658203,91.681884765625,319389500,0.0,0.0,0.0
2011-09-15,120.6500015258789,121.47000122070312,119.4000015258789,121.43000030517578,93.26406860351562,326777200,0.0,0.0,0.0
2011-09-16,121.29000091552734,121.97000122070312,120.31999969482422,121.5199966430664,93.81605529785156,284528300,0.625,0.0,0.0
2011-09-19,119.52999877929688,120.93000030517578,118.72000122070312,120.30999755859375,92.88191986083984,241517000,0.0,0.0,0.0
2011-09-20,120.81999969482422,121.98999786376953,120.01000213623047,120.16999816894531,92.77381896972656,218932200,0.0,0.0,0.0
2011-09-21,120.2300033569336,120.5999984741211,116.44000244140625,116.62999725341797,90.04084777832031,316251300,0.0,0.0,0.0
2011-09-22,113.25,114.20999908447266,111.30000305175781,112.86000061035156,87.13031768798828,513911300,0.0,0.0,0.0
2011-09-23,112.11000061035156,114.16000366210938,112.0199966430664,113.54000091552734,87.6552963256836,307242500,0.0,0.0,0.0
2011-09-26,114.61000061035156,116.4000015258789,112.9800033569336,116.23999786376953,89.7397689819336,260673700,0.0,0.0,0.0
2011-09-27,118.52999877929688,119.55999755859375,116.83999633789062,117.54000091552734,90.74340057373047,311753900,0.0,0.0,0.0
2011-09-28,117.77999877929688,118.48999786376953,114.97000122070312,115.13999938964844,88.89055633544922,286696800,0.0,0.0,0.0
2011-09-29,117.05000305175781,117.62999725341797,113.93000030517578,116.05000305175781,89.59307098388672,298108900,0.0,0.0,0.0
2011-09-30,114.44999694824219,115.44999694824219,113.06999969482422,113.1500015258789,87.35424041748047,288392300,0.0,0.0,0.0
2011-10-03,112.48999786376953,113.94999694824219,109.80999755859375,109.93000030517578,84.86829376220703,365136800,0.0,0.0,0.0
2011-10-04,108.3499984741211,112.58000183105469,107.43000030517578,112.33999633789062,86.72888946533203,459177500,0.0,0.0,0.0
2011-10-05,112.62000274658203,114.72000122070312,111.58000183105469,114.41999816894531,88.33470916748047,284108000,0.0,0.0,0.0
2011-10-06,114.36000061035156,116.66000366210938,113.51000213623047,116.48999786376953,89.93277740478516,257800800,0.0,0.0,0.0
2011-10-07,117.16999816894531,117.25,115.05999755859375,115.70999908447266,89.33061981201172,312657900,0.0,0.0,0.0
2011-10-10,117.68000030517578,119.62999725341797,117.66999816894531,119.58000183105469,92.31834411621094,230666300,0.0,0.0,0.0
2011-10-11,118.87000274658203,120.04000091552734,118.75,119.69999694824219,92.41097259521484,209088000,0.0,0.0,0.0
2011-10-12,120.5999984741211,122.13999938964844,120.33000183105469,120.75,93.2215805053711,281544900,0.0,0.0,0.0
2011-10-13,120.04000091552734,120.87000274658203,119.12000274658203,120.51000213623047,93.03630828857422,212538800,0.0,0.0,0.0
2011-10-14,121.91000366210938,122.5999984741211,121.2300033569336,122.56999969482422,94.62665557861328,211397600,0.0,0.0,0.0
2011-10-17,121.98999786376953,122.55000305175781,119.93000030517578,120.2300033569336,92.82015228271484,202311600,0.0,0.0,0.0
2011-10-18,120.13999938964844,123.5,119.19999694824219,122.58000183105469,94.63442993164062,318857900,0.0,0.0,0.0
2011-10-19,122.37999725341797,123.08000183105469,120.70999908447266,121.12999725341797,93.51495361328125,226601300,0.0,0.0,0.0
2011-10-20,121.43000030517578,122.0999984741211,119.81999969482422,121.66000366210938,93.92412567138672,262075600,0.0,0.0,0.0
2011-10-21,123.08999633789062,124.12000274658203,122.72000122070312,123.97000122070312,95.70750427246094,278999400,0.0,0.0,0.0
2011-10-24,124.16999816894531,125.80000305175781,124.05999755859375,125.48999786376953,96.88095092773438,203215600,0.0,0.0,0.0
2011-10-25,124.88999938964844,124.94999694824219,122.77999877929688,123.05000305175781,94.99725341796875,268596800,0.0,0.0,0.0
2011-10-26,124.3499984741211,124.7699966430664,122.20999908447266,124.30000305175781,95.9622802734375,289053800,0.0,0.0,0.0
2011-10-27,127.62999725341797,129.4199981689453,126.61000061035156,128.6300048828125,99.30510711669922,393220200,0.0,0.0,0.0
2011-10-28,128.0,128.85000610351562,127.80000305175781,128.60000610351562,99.28193664550781,225906500,0.0,0.0,0.0
2011-10-31,127.16000366210938,128.6199951171875,125.31999969482422,125.5,96.88866424560547,228146700,0.0,0.0,0.0
2011-11-01,122.02999877929688,123.51000213623047,121.5199966430664,122.0,94.18663024902344,416565800,0.0,0.0,0.0
2011-11-02,123.83000183105469,124.4000015258789,122.79000091552734,123.98999786376953,95.7229232788086,244717600,0.0,0.0,0.0
2011-11-03,125.2699966430664,126.5,123.5999984741211,126.25,97.46771240234375,291174800,0.0,0.0,0.0
2011-11-04,125.2300033569336,125.69999694824219,124.01000213623047,125.4800033569336,96.87325286865234,249401600,0.0,0.0,0.0
2011-11-07,125.38999938964844,126.38999938964844,124.19999694824219,126.26000213623047,97.4754409790039,196617200,0.0,0.0,0.0
2011-11-08,126.91999816894531,128.02000427246094,125.70999908447266,127.87999725341797,98.7260971069336,224426300,0.0,0.0,0.0
2011-11-09,124.88999938964844,125.80000305175781,122.86000061035156,123.16000366210938,95.08216094970703,337982000,0.0,0.0,0.0
2011-11-10,124.79000091552734,124.94000244140625,123.0199966430664,124.31999969482422,95.97769927978516,231866500,0.0,0.0,0.0
2011-11-11,125.83000183105469,126.98999786376953,125.79000091552734,126.66000366210938,97.78424835205078,189924400,0.0,0.0,0.0
2011-11-14,126.19000244140625,127.44999694824219,124.91999816894531,125.45999908447266,96.85779571533203,159258300,0.0,0.0,0.0
2011-11-15,125.16999816894531,126.75,124.72000122070312,126.08000183105469,97.33647155761719,184709400,0.0,0.0,0.0
2011-11-16,124.80999755859375,126.33999633789062,123.9000015258789,124.08000183105469,95.79241943359375,235782500,0.0,0.0,0.0
2011-11-17,123.8499984741211,124.16000366210938,121.2300033569336,122.11000061035156,94.27154541015625,331219600,0.0,0.0,0.0
2011-11-18,122.5,122.75,121.47000122070312,121.9800033569336,94.17117309570312,215580400,0.0,0.0,0.0
2011-11-21,120.19999694824219,120.3499984741211,118.6500015258789,119.66000366210938,92.38011169433594,229611600,0.0,0.0,0.0
2011-11-22,119.4000015258789,120.0999984741211,118.5199966430664,119.19000244140625,92.0172348022461,216494900,0.0,0.0,0.0
2011-11-23,118.06999969482422,119.19000244140625,116.55999755859375,116.55999755859375,89.98680877685547,224329100,0.0,0.0,0.0
2011-11-25,116.37999725341797,117.69999694824219,116.19999694824219,116.33999633789062,89.81697845458984,99557000,0.0,0.0,0.0
2011-11-28,119.54000091552734,120.18000030517578,118.81999969482422,119.70999908447266,92.41869354248047,210686000,0.0,0.0,0.0
2011-11-29,120.05000305175781,121.0,119.61000061035156,120.05000305175781,92.68115997314453,199241500,0.0,0.0,0.0
2011-11-30,123.48999786376953,125.22000122070312,120.0,124.98999786376953,96.49493408203125,324439500,0.0,0.0,0.0
2011-12-01,124.8499984741211,125.63999938964844,124.43000030517578,124.97000122070312,96.4795150756836,176954800,0.0,0.0,0.0
2011-12-02,126.12000274658203,126.5,124.77999877929688,124.86000061035156,96.39461517333984,221109700,0.0,0.0,0.0
2011-12-05,126.83999633789062,127.18000030517578,125.44000244140625,126.22000122070312,97.44454193115234,225263900,0.0,0.0,0.0
2011-12-06,126.20999908447266,127.11000061035156,125.76000213623047,126.26000213623047,97.4754409790039,178842100,0.0,0.0,0.0
2011-12-07,125.83999633789062,127.26000213623047,124.97000122070312,126.7300033569336,97.8382797241211,237802500,0.0,0.0,0.0
2011-12-08,125.9000015258789,126.18000030517578,123.6500015258789,123.94999694824219,95.69205474853516,240862800,0.0,0.0,0.0
2011-12-09,124.51000213623047,126.37000274658203,124.4000015258789,126.05000305175781,97.31329345703125,209111400,0.0,0.0,0.0
2011-12-12,124.94999694824219,124.97000122070312,123.16000366210938,124.20999908447266,95.89276885986328,215826100,0.0,0.0,0.0
2011-12-13,124.86000061035156,125.56999969482422,122.44999694824219,123.05000305175781,94.99725341796875,245159800,0.0,0.0,0.0
2011-12-14,122.55999755859375,123.02999877929688,121.47000122070312,121.73999786376953,93.98588562011719,238618800,0.0,0.0,0.0
2011-12-15,123.02999877929688,123.19999694824219,121.98999786376953,122.18000030517578,94.32557678222656,199109200,0.0,0.0,0.0
2011-12-16,122.2300033569336,122.94999694824219,121.30000305175781,121.58999633789062,94.46542358398438,220481400,0.77,0.0,0.0
2011-12-19,122.05999755859375,122.31999969482422,120.02999877929688,120.29000091552734,93.45542907714844,183903000,0.0,0.0,0.0
2011-12-20,122.18000030517578,124.13999938964844,120.37000274658203,123.93000030517578,96.283447265625,225418100,0.0,0.0,0.0
2011-12-21,123.93000030517578,124.36000061035156,122.75,124.16999816894531,96.46986389160156,194230900,0.0,0.0,0.0
2011-12-22,124.62999725341797,125.4000015258789,124.2300033569336,125.2699966430664,97.32447814941406,119465400,0.0,0.0,0.0
2011-12-23,125.66999816894531,126.43000030517578,125.41000366210938,126.38999938964844,98.19463348388672,92187200,0.0,0.0,0.0
2011-12-27,126.16999816894531,126.81999969482422,126.05999755859375,126.48999786376953,98.27230834960938,86075700,0.0,0.0,0.0
2011-12-28,126.51000213623047,126.52999877929688,124.7300033569336,124.83000183105469,96.98263549804688,119107100,0.0,0.0,0.0
2011-12-29,125.23999786376953,126.25,124.86000061035156,126.12000274658203,97.9848861694336,123507200,0.0,0.0,0.0
2011-12-30,126.0199966430664,126.33000183105469,125.5,125.5,97.503173828125,95599000,0.0,0.0,0.0
2012-01-03,127.76000213623047,128.3800048828125,127.43000030517578,127.5,99.0570068359375,193697900,0.0,0.0,0.0
2012-01-04,127.19999694824219,127.80999755859375,126.70999908447266,127.69999694824219,99.21238708496094,127186500,0.0,0.0,0.0
2012-01-05,127.01000213623047,128.22999572753906,126.43000030517578,128.0399932861328,99.47653198242188,173895000,0.0,0.0,0.0
2012-01-06,128.1999969482422,128.22000122070312,127.29000091552734,127.70999908447266,99.22016906738281,148050000,0.0,0.0,0.0
2012-01-09,128.0,128.17999267578125,127.41000366210938,128.02000427246094,99.46101379394531,99530200,0.0,0.0,0.0
2012-01-10,129.38999938964844,129.64999389648438,128.9499969482422,129.1300048828125,100.3233871459961,115282000,0.0,0.0,0.0
2012-01-11,128.72999572753906,129.3699951171875,128.52000427246094,129.1999969482422,100.37775421142578,111540700,0.0,0.0,0.0
2012-01-12,129.57000732421875,129.6999969482422,128.5399932861328,129.50999450683594,100.61861419677734,118983700,0.0,0.0,0.0
2012-01-13,128.63999938964844,129.0500030517578,127.72000122070312,128.83999633789062,100.09806823730469,179836200,0.0,0.0,0.0
2012-01-17,130.0800018310547,130.32000732421875,128.89999389648438,129.33999633789062,100.48654174804688,132209200,0.0,0.0,0.0
2012-01-18,129.30999755859375,130.83999633789062,129.0800018310547,130.77000427246094,101.59754943847656,163395200,0.0,0.0,0.0
2012-01-19,131.22000122070312,131.57000732421875,130.8000030517578,131.4600067138672,102.13361358642578,126328900,0.0,0.0,0.0
2012-01-20,131.24000549316406,131.9499969482422,130.9199981689453,131.9499969482422,102.5142822265625,138230200,0.0,0.0,0.0
2012-01-23,131.50999450683594,132.25,130.97999572753906,131.61000061035156,102.25013732910156,129295800,0.0,0.0,0.0
2012-01-24,130.8000030517578,131.5,130.60000610351562,131.4600067138672,102.13361358642578,103083300,0.0,0.0,0.0
2012-01-25,131.25999450683594,132.8699951171875,130.75,132.55999755859375,102.98819732666016,198613200,0.0,0.0,0.0
2012-01-26,133.14999389648438,133.39999389648438,131.36000061035156,131.8800048828125,102.45992279052734,184880500,0.0,0.0,0.0
2012-01-27,131.24000549316406,132.0500030517578,131.14999389648438,131.82000732421875,102.41329193115234,135259100,0.0,0.0,0.0
2012-01-30,130.50999450683594,131.44000244140625,130.05999755859375,131.3699951171875,102.06366729736328,147311800,0.0,0.0,0.0
2012-01-31,132.02000427246094,132.17999267578125,130.67999267578125,131.32000732421875,102.02484130859375,157212000,0.0,0.0,0.0
2012-02-01,132.2899932861328,133.13999938964844,132.1300048828125,132.47000122070312,102.9183120727539,166234500,0.0,0.0,0.0
2012-02-02,132.72999572753906,133.02000427246094,132.2100067138672,132.67999267578125,103.08145141601562,113090400,0.0,0.0,0.0
2012-02-03,134.0,134.6199951171875,133.77000427246094,134.5399932861328,104.5265121459961,160598500,0.0,0.0,0.0
2012-02-06,133.97999572753906,134.50999450683594,133.8300018310547,134.4499969482422,104.45660400390625,107694500,0.0,0.0,0.0
2012-02-07,134.1699981689453,135.02000427246094,133.63999938964844,134.7899932861328,104.72069549560547,135528100,0.0,0.0,0.0
2012-02-08,134.86000061035156,135.22000122070312,134.30999755859375,135.19000244140625,105.0315170288086,139361400,0.0,0.0,0.0
2012-02-09,135.41000366210938,135.58999633789062,134.55999755859375,135.36000061035156,105.16358184814453,148602900,0.0,0.0,0.0
2012-02-10,134.16000366210938,134.47000122070312,133.83999633789062,134.36000061035156,104.38666534423828,167907500,0.0,0.0,0.0
2012-02-13,135.32000732421875,135.52000427246094,134.74000549316406,135.36000061035156,105.16358184814453,115841900,0.0,0.0,0.0
2012-02-14,135.0,135.27000427246094,134.25,135.19000244140625,105.0315170288086,165329500,0.0,0.0,0.0
2012-02-15,135.6300048828125,135.8300018310547,134.2899932861328,134.55999755859375,104.54206085205078,195195100,0.0,0.0,0.0
2012-02-16,134.57000732421875,136.1699981689453,134.3300018310547,136.0500030517578,105.69967651367188,186567800,0.0,0.0,0.0
2012-02-17,136.52000427246094,136.6300048828125,135.9600067138672,136.41000366210938,105.9793701171875,129869400,0.0,0.0,0.0
2012-02-21,136.72999572753906,137.0500030517578,136.0500030517578,136.47000122070312,106.0259780883789,134042300,0.0,0.0,0.0
2012-02-22,136.25999450683594,136.5500030517578,135.7899932861328,136.02999877929688,105.68411254882812,124455300,0.0,0.0,0.0
2012-02-23,135.9600067138672,136.72999572753906,135.5,136.6300048828125,106.15026092529297,137704300,0.0,0.0,0.0
2012-02-24,136.92999267578125,137.1999969482422,136.6300048828125,136.92999267578125,106.38338470458984,105539100,0.0,0.0,0.0
2012-02-27,136.02000427246094,137.52999877929688,135.8000030517578,137.16000366210938,106.56201934814453,145728900,0.0,0.0,0.0
2012-02-28,137.1999969482422,137.72000122070312,136.92999267578125,137.55999755859375,106.8727798461914,129355900,0.0,0.0,0.0
2012-02-29,137.75999450683594,138.19000244140625,136.5399932861328,137.02000427246094,106.45323944091797,185934700,0.0,0.0,0.0
2012-03-01,137.30999755859375,137.99000549316406,136.92999267578125,137.72999572753906,107.00486755371094,145023500,0.0,0.0,0.0
2012-03-02,137.63999938964844,137.82000732421875,137.0,137.30999755859375,106.67857360839844,120638300,0.0,0.0,0.0
2012-03-05,137.10000610351562,137.1999969482422,136.27999877929688,136.75,106.24347686767578,140765000,0.0,0.0,0.0
2012-03-06,135.35000610351562,135.42999267578125,134.36000061035156,134.75,104.6896743774414,202129900,0.0,0.0,0.0
2012-03-07,135.05999755859375,135.91000366210938,134.92999267578125,135.69000244140625,105.41995239257812,143692200,0.0,0.0,0.0
2012-03-08,136.52000427246094,137.32000732421875,136.24000549316406,137.0399932861328,106.46878814697266,116968900,0.0,0.0,0.0
2012-03-09,137.3000030517578,137.92999267578125,137.1300048828125,137.57000732421875,106.88056945800781,122836800,0.0,0.0,0.0
2012-03-12,137.5500030517578,137.75999450683594,137.08999633789062,137.5800018310547,106.88835144042969,104003500,0.0,0.0,0.0
2012-03-13,138.32000732421875,140.1300048828125,138.08999633789062,140.05999755859375,108.8150863647461,184090500,0.0,0.0,0.0
2012-03-14,140.10000610351562,140.4499969482422,139.47999572753906,139.91000366210938,108.69852447509766,145163600,0.0,0.0,0.0
2012-03-15,140.1199951171875,140.77999877929688,139.75999450683594,140.72000122070312,109.32788848876953,165118500,0.0,0.0,0.0
2012-03-16,140.36000061035156,140.47999572753906,140.0,140.3000030517578,109.479248046875,152893500,0.614,0.0,0.0
2012-03-19,140.2100067138672,141.27999877929688,140.11000061035156,140.85000610351562,109.9084243774414,125291100,0.0,0.0,0.0
2012-03-20,140.0500030517578,140.61000061035156,139.63999938964844,140.44000244140625,109.5885009765625,121729700,0.0,0.0,0.0
2012-03-21,140.52000427246094,140.64999389648438,139.9199981689453,140.2100067138672,109.40899658203125,122388400,0.0,0.0,0.0
2012-03-22,139.17999267578125,139.5500030517578,138.74000549316406,139.1999969482422,108.62091064453125,135216700,0.0,0.0,0.0
2012-03-23,139.32000732421875,139.80999755859375,138.5500030517578,139.64999389648438,108.97205352783203,120521000,0.0,0.0,0.0
2012-03-26,140.64999389648438,141.61000061035156,140.60000610351562,141.61000061035156,110.50146484375,120164000,0.0,0.0,0.0
2012-03-27,141.74000549316406,141.8300018310547,141.0800018310547,141.1699981689453,110.15809631347656,119868500,0.0,0.0,0.0
2012-03-28,141.10000610351562,141.32000732421875,139.63999938964844,140.47000122070312,109.61192321777344,148562100,0.0,0.0,0.0
2012-03-29,139.63999938964844,140.49000549316406,139.08999633789062,140.22999572753906,109.42460632324219,164963700,0.0,0.0,0.0
2012-03-30,140.9199981689453,141.0500030517578,140.0500030517578,140.80999755859375,109.87718963623047,135486800,0.0,0.0,0.0
2012-04-02,140.63999938964844,142.2100067138672,140.36000061035156,141.83999633789062,110.68094635009766,151741100,0.0,0.0,0.0
2012-04-03,141.63999938964844,141.8800048828125,140.42999267578125,141.25999450683594,110.22834014892578,155806700,0.0,0.0,0.0
2012-04-04,140.22000122070312,140.33999633789062,139.33999633789062,139.86000061035156,109.1358871459961,146896000,0.0,0.0,0.0
2012-04-05,139.3800048828125,140.1999969482422,139.25999450683594,139.7899932861328,109.08126068115234,137439400,0.0,0.0,0.0
2012-04-09,138.02999877929688,139.83999633789062,137.83999633789062,138.22000122070312,107.85618591308594,127555900,0.0,0.0,0.0
2012-04-10,137.9499969482422,138.33999633789062,135.75999450683594,135.89999389648438,106.04582214355469,235360300,0.0,0.0,0.0
2012-04-11,137.2899932861328,137.5399932861328,136.75,137.0,106.90419006347656,154133000,0.0,0.0,0.0
2012-04-12,137.1300048828125,138.89999389648438,137.02999877929688,138.7899932861328,108.30096435546875,154321500,0.0,0.0,0.0
2012-04-13,138.47000122070312,138.82000732421875,137.00999450683594,137.13999938964844,107.01342010498047,169246700,0.0,0.0,0.0
2012-04-16,137.83999633789062,138.0399932861328,136.5800018310547,137.0500030517578,106.94319915771484,147825300,0.0,0.0,0.0
2012-04-17,137.83999633789062,139.36000061035156,137.6999969482422,139.0800018310547,108.52728271484375,147877600,0.0,0.0,0.0
2012-04-18,138.4600067138672,139.0800018310547,138.3800048828125,138.61000061035156,108.16050720214844,123884200,0.0,0.0,0.0
2012-04-19,138.6300048828125,139.14999389648438,137.07000732421875,137.72000122070312,107.46601867675781,198666700,0.0,0.0,0.0
2012-04-20,138.3300018310547,138.8300018310547,137.8699951171875,137.9499969482422,107.6454849243164,143199600,0.0,0.0,0.0
2012-04-23,136.5399932861328,136.91000366210938,135.94000244140625,136.7899932861328,106.74031829833984,171844900,0.0,0.0,0.0
2012-04-24,136.91000366210938,137.66000366210938,136.8000030517578,137.30999755859375,107.14608001708984,137484200,0.0,0.0,0.0
2012-04-25,138.64999389648438,139.25,138.52999877929688,139.19000244140625,108.61309051513672,150252200,0.0,0.0,0.0
2012-04-26,138.88999938964844,140.32000732421875,138.80999755859375,140.16000366210938,109.3700180053711,136291600,0.0,0.0,0.0
2012-04-27,140.5800018310547,140.7899932861328,139.8000030517578,140.38999938964844,109.54946899414062,130725000,0.0,0.0,0.0
2012-04-30,140.11000061035156,140.2100067138672,139.49000549316406,139.8699951171875,109.14372253417969,115092200,0.0,0.0,0.0
2012-05-01,139.7899932861328,141.66000366210938,139.6300048828125,140.74000549316406,109.82258605957031,138832200,0.0,0.0,0.0
2012-05-02,139.9199981689453,140.4600067138672,139.4600067138672,140.32000732421875,109.494873046875,121081000,0.0,0.0,0.0
2012-05-03,140.33999633789062,140.4499969482422,138.99000549316406,139.25,108.65987396240234,143759700,0.0,0.0,0.0
2012-05-04,138.52000427246094,139.3000030517578,136.9199981689453,137.0,106.90419006347656,193927300,0.0,0.0,0.0
2012-05-07,136.50999450683594,137.55999755859375,136.4600067138672,137.10000610351562,106.98223114013672,127765900,0.0,0.0,0.0
2012-05-08,136.27999877929688,136.77000427246094,134.9199981689453,136.5500030517578,106.55303955078125,213377700,0.0,0.0,0.0
2012-05-09,135.10000610351562,136.61000061035156,134.49000549316406,135.74000549316406,105.92094421386719,220752500,0.0,0.0,0.0
2012-05-10,136.67999267578125,136.85000610351562,135.7100067138672,136.02000427246094,106.13946533203125,150600000,0.0,0.0,0.0
2012-05-11,135.1699981689453,136.8699951171875,135.11000061035156,135.61000061035156,105.81954956054688,153032400,0.0,0.0,0.0
2012-05-14,134.30999755859375,135.61000061035156,133.91000366210938,134.11000061035156,104.6490707397461,163910000,0.0,0.0,0.0
2012-05-15,134.02000427246094,134.80999755859375,133.1300048828125,133.33999633789062,104.04818725585938,207629300,0.0,0.0,0.0
2012-05-16,133.94000244140625,134.5500030517578,132.8000030517578,132.8300018310547,103.6502685546875,207265500,0.0,0.0,0.0
2012-05-17,132.86000061035156,133.02000427246094,130.7899932861328,130.86000061035156,102.11297607421875,247992900,0.0,0.0,0.0
2012-05-18,131.3699951171875,131.60000610351562,129.5500030517578,129.74000549316406,101.23902893066406,319615900,0.0,0.0,0.0
2012-05-21,130.16000366210938,132.02000427246094,129.9499969482422,131.97000122070312,102.9791259765625,177861100,0.0,0.0,0.0
2012-05-22,132.30999755859375,133.22999572753906,131.33999633789062,132.1999969482422,103.15862274169922,197531200,0.0,0.0,0.0
2012-05-23,131.25,132.4600067138672,129.99000549316406,132.27000427246094,103.2132797241211,204958400,0.0,0.0,0.0
2012-05-24,132.6300048828125,132.83999633789062,131.4199981689453,132.52999877929688,103.4161605834961,167357600,0.0,0.0,0.0
2012-05-25,132.47999572753906,132.85000610351562,131.77999877929688,132.10000610351562,103.08061218261719,135465600,0.0,0.0,0.0
2012-05-29,133.16000366210938,133.92999267578125,131.1699981689453,133.6999969482422,104.3291015625,152883500,0.0,0.0,0.0
2012-05-30,132.55999755859375,133.69000244140625,131.49000549316406,131.75999450683594,102.81529235839844,162370400,0.0,0.0,0.0
2012-05-31,131.7100067138672,132.4499969482422,130.33999633789062,131.47000122070312,102.58900451660156,196186000,0.0,0.0,0.0
2012-06-01,129.41000366210938,131.5,128.16000366210938,128.16000366210938,100.00614929199219,253240900,0.0,0.0,0.0
2012-06-04,128.38999938964844,128.74000549316406,127.13999938964844,128.10000610351562,99.95930480957031,202545800,0.0,0.0,0.0
2012-06-05,127.8499984741211,129.25999450683594,127.77999877929688,129.07000732421875,100.71622467041016,164149400,0.0,0.0,0.0
2012-06-06,129.97000122070312,132.02999877929688,129.92999267578125,131.97000122070312,102.9791259765625,184202800,0.0,0.0,0.0
2012-06-07,133.47000122070312,133.52999877929688,131.77999877929688,132.0500030517578,103.04156494140625,184772700,0.0,0.0,0.0
2012-06-08,131.7100067138672,133.1300048828125,131.2899932861328,133.10000610351562,103.86091613769531,143915400,0.0,0.0,0.0
2012-06-11,134.1699981689453,134.25,131.27999877929688,131.41000366210938,102.54219818115234,169756100,0.0,0.0,0.0
2012-06-12,131.7899932861328,133.00999450683594,131.16000366210938,132.9199981689453,103.72042846679688,181931800,0.0,0.0,0.0
2012-06-13,132.52999877929688,133.36000061035156,131.6199951171875,132.07000732421875,103.05718994140625,172223900,0.0,0.0,0.0
2012-06-14,132.33999633789062,134.0,131.97999572753906,133.47000122070312,104.14964294433594,230615500,0.0,0.0,0.0
2012-06-15,133.3800048828125,134.25999450683594,133.10000610351562,134.13999938964844,105.21482849121094,169444500,0.688,0.0,0.0
2012-06-18,133.5800018310547,134.72999572753906,133.27999877929688,134.39999389648438,105.41875457763672,131360900,0.0,0.0,0.0
2012-06-19,135.0800018310547,136.25,134.3699951171875,135.6999969482422,106.43843078613281,137382600,0.0,0.0,0.0
2012-06-20,135.7100067138672,136.10000610351562,134.27000427246094,135.47999572753906,106.26586151123047,206451800,0.0,0.0,0.0
2012-06-21,135.63999938964844,135.77999877929688,132.3300018310547,132.44000244140625,103.88138580322266,205272200,0.0,0.0,0.0
2012-06-22,133.1300048828125,133.7100067138672,132.6199951171875,133.4600067138672,104.68145751953125,130029200,0.0,0.0,0.0
2012-06-25,132.0500030517578,132.10000610351562,130.85000610351562,131.32000732421875,103.00291442871094,146375700,0.0,0.0,0.0
2012-06-26,131.6999969482422,132.3800048828125,130.92999267578125,131.97999572753906,103.52056121826172,141634000,0.0,0.0,0.0
2012-06-27,132.4199981689453,133.42999267578125,131.97000122070312,133.1699981689453,104.45397186279297,108088000,0.0,0.0,0.0
2012-06-28,132.2899932861328,132.99000549316406,131.27999877929688,132.7899932861328,104.15589141845703,169242100,0.0,0.0,0.0
2012-06-29,135.1999969482422,136.27000427246094,134.85000610351562,136.10000610351562,106.75218200683594,212250900,0.0,0.0,0.0
2012-07-02,136.47999572753906,136.64999389648438,135.52000427246094,136.50999450683594,107.07376861572266,129524500,0.0,0.0,0.0
2012-07-03,136.47999572753906,137.50999450683594,136.33999633789062,137.41000366210938,107.77969360351562,80450000,0.0,0.0,0.0
2012-07-05,136.89999389648438,137.8000030517578,136.2899932861328,136.7899932861328,107.29338073730469,126177500,0.0,0.0,0.0
2012-07-06,135.47000122070312,135.77000427246094,134.85000610351562,135.49000549316406,106.2737045288086,151192100,0.0,0.0,0.0
2012-07-09,135.3800048828125,135.57000732421875,134.6999969482422,135.32000732421875,106.14036560058594,103780500,0.0,0.0,0.0
2012-07-10,136.00999450683594,136.22999572753906,133.67999267578125,134.13999938964844,105.21482849121094,167884800,0.0,0.0,0.0
2012-07-11,134.2100067138672,134.60000610351562,133.3800048828125,134.16000366210938,105.23052215576172,141733400,0.0,0.0,0.0
2012-07-12,133.3800048828125,134.22999572753906,132.60000610351562,133.50999450683594,104.72064971923828,143583200,0.0,0.0,0.0
2012-07-13,133.86000061035156,135.88999938964844,133.83999633789062,135.75,106.47762298583984,129642600,0.0,0.0,0.0
2012-07-16,135.44000244140625,135.8300018310547,134.89999389648438,135.42999267578125,106.22663879394531,97525200,0.0,0.0,0.0
2012-07-17,135.97000122070312,136.63999938964844,134.5500030517578,136.36000061035156,106.95610046386719,138860300,0.0,0.0,0.0
2012-07-18,136.0399932861328,137.63999938964844,135.9600067138672,137.3699951171875,107.74830627441406,113349700,0.0,0.0,0.0
2012-07-19,137.64999389648438,138.17999267578125,137.2100067138672,137.72999572753906,108.03069305419922,129847300,0.0,0.0,0.0
2012-07-20,136.9499969482422,137.16000366210938,136.32000732421875,136.47000122070312,107.04236602783203,142904500,0.0,0.0,0.0
2012-07-23,134.47000122070312,136.3800048828125,133.83999633789062,135.08999633789062,105.95996856689453,145210900,0.0,0.0,0.0
2012-07-24,135.19000244140625,135.25,133.02999877929688,133.92999267578125,105.05008697509766,173301200,0.0,0.0,0.0
2012-07-25,134.2100067138672,134.55999755859375,133.25,133.9600067138672,105.07362365722656,129122300,0.0,0.0,0.0
2012-07-26,135.88999938964844,136.4600067138672,135.25999450683594,136.1699981689453,106.80708312988281,156526500,0.0,0.0,0.0
2012-07-27,136.88999938964844,139.07000732421875,136.13999938964844,138.67999267578125,108.77581787109375,236768900,0.0,0.0,0.0
2012-07-30,138.52000427246094,139.33999633789062,138.27000427246094,138.67999267578125,108.77581787109375,106782000,0.0,0.0,0.0
2012-07-31,138.49000549316406,138.8699951171875,137.7100067138672,137.7100067138672,108.01502990722656,120575900,0.0,0.0,0.0
2012-08-01,138.6999969482422,138.72999572753906,137.39999389648438,137.58999633789062,107.92090606689453,138293800,0.0,0.0,0.0
2012-08-02,136.5500030517578,137.57000732421875,135.5800018310547,136.63999938964844,107.17573547363281,199556600,0.0,0.0,0.0
2012-08-03,138.55999755859375,139.63999938964844,136.67999267578125,139.35000610351562,109.30134582519531,157825000,0.0,0.0,0.0
2012-08-06,139.72000122070312,140.1699981689453,139.55999755859375,139.6199951171875,109.51312255859375,86326200,0.0,0.0,0.0
2012-08-07,140.17999267578125,140.9199981689453,140.02999877929688,140.32000732421875,110.06221008300781,109545100,0.0,0.0,0.0
2012-08-08,139.85000610351562,140.64999389648438,139.80999755859375,140.49000549316406,110.19554138183594,89754700,0.0,0.0,0.0
2012-08-09,140.2899932861328,140.88999938964844,140.14999389648438,140.61000061035156,110.28966522216797,90291700,0.0,0.0,0.0
2012-08-10,140.0399932861328,140.88999938964844,139.80999755859375,140.83999633789062,110.47010040283203,99792700,0.0,0.0,0.0
2012-08-13,140.60000610351562,140.83999633789062,140.0399932861328,140.77000427246094,110.41522216796875,79426900,0.0,0.0,0.0
2012-08-14,141.2899932861328,141.3800048828125,140.3699951171875,140.7899932861328,110.43086242675781,102379400,0.0,0.0,0.0
2012-08-15,140.63999938964844,141.19000244140625,140.5500030517578,140.9499969482422,110.55636596679688,71085900,0.0,0.0,0.0
2012-08-16,141.14999389648438,142.16000366210938,140.8000030517578,141.99000549316406,111.37210845947266,112014200,0.0,0.0,0.0
2012-08-17,142.22999572753906,142.3000030517578,141.86000061035156,142.17999267578125,111.5211181640625,90813700,0.0,0.0,0.0
2012-08-20,141.97999572753906,142.22000122070312,141.58999633789062,142.19000244140625,111.52893829345703,78255700,0.0,0.0,0.0
2012-08-21,142.5399932861328,143.08999633789062,141.4499969482422,141.75999450683594,111.19169616699219,105581100,0.0,0.0,0.0
2012-08-22,141.39999389648438,142.0500030517578,141.07000732421875,141.82000732421875,111.23875427246094,133243500,0.0,0.0,0.0
2012-08-23,141.47000122070312,141.47999572753906,140.44000244140625,140.66000366210938,110.3288345336914,111466400,0.0,0.0,0.0
2012-08-24,140.30999755859375,141.8300018310547,140.22000122070312,141.50999450683594,110.99559783935547,99481200,0.0,0.0,0.0
2012-08-27,141.88999938964844,142.0800018310547,141.33999633789062,141.5399932861328,111.01912689208984,68785900,0.0,0.0,0.0
2012-08-28,141.17999267578125,141.83999633789062,140.97000122070312,141.39999389648438,110.90928649902344,75689600,0.0,0.0,0.0
2012-08-29,141.52000427246094,141.88999938964844,141.1199951171875,141.50999450683594,110.99559783935547,65421300,0.0,0.0,0.0
2012-08-30,140.89999389648438,140.94000244140625,140.19000244140625,140.49000549316406,110.19554138183594,96589900,0.0,0.0,0.0
2012-08-31,141.2899932861328,141.82000732421875,140.36000061035156,141.16000366210938,110.7210922241211,151970400,0.0,0.0,0.0
2012-09-04,141.0399932861328,141.4600067138672,140.1300048828125,141.02999877929688,110.6191177368164,120226200,0.0,0.0,0.0
2012-09-05,141.08999633789062,141.47000122070312,140.6300048828125,140.91000366210938,110.52495574951172,100660300,0.0,0.0,0.0
2012-09-06,141.75999450683594,143.77999877929688,141.75,143.77000427246094,112.76829528808594,158272500,0.0,0.0,0.0
2012-09-07,144.00999450683594,144.38999938964844,143.8800048828125,144.3300018310547,113.20747375488281,107272100,0.0,0.0,0.0
2012-09-10,144.19000244140625,144.44000244140625,143.4600067138672,143.50999450683594,112.56432342529297,86458500,0.0,0.0,0.0
2012-09-11,143.60000610351562,144.3699951171875,143.55999755859375,143.91000366210938,112.87812042236328,88760000,0.0,0.0,0.0
2012-09-12,144.38999938964844,144.5500030517578,143.89999389648438,144.38999938964844,113.25457000732422,87640900,0.0,0.0,0.0
2012-09-13,144.3699951171875,147.0399932861328,143.99000549316406,146.58999633789062,114.98017120361328,225470200,0.0,0.0,0.0
2012-09-14,146.8800048828125,148.11000061035156,146.75999450683594,147.24000549316406,115.48999786376953,169777000,0.0,0.0,0.0
2012-09-17,146.94000244140625,147.19000244140625,146.3699951171875,146.74000549316406,115.09784698486328,119427800,0.0,0.0,0.0
2012-09-18,146.49000549316406,146.80999755859375,146.25,146.6199951171875,115.00370788574219,98326600,0.0,0.0,0.0
2012-09-19,146.7899932861328,147.1699981689453,146.41000366210938,146.6999969482422,115.0664291381836,128318300,0.0,0.0,0.0
2012-09-20,146.02999877929688,146.7899932861328,145.6300048828125,146.7100067138672,115.07426452636719,154009800,0.0,0.0,0.0
2012-09-21,146.63999938964844,146.6699981689453,145.80999755859375,145.8699951171875,115.02617645263672,108737500,0.779,0.0,0.0
2012-09-24,145.14999389648438,145.97999572753906,145.0399932861328,145.64999389648438,114.85269165039062,95682000,0.0,0.0,0.0
2012-09-25,145.9600067138672,146.24000549316406,144.05999755859375,144.10000610351562,113.63047790527344,133165200,0.0,0.0,0.0
2012-09-26,144.07000732421875,144.11000061035156,142.9499969482422,143.2899932861328,112.9916763305664,146502200,0.0,0.0,0.0
2012-09-27,143.88999938964844,144.97000122070312,143.50999450683594,144.63999938964844,114.05628967285156,111830300,0.0,0.0,0.0
2012-09-28,144.08999633789062,144.55999755859375,143.4600067138672,143.97000122070312,113.52790069580078,150696100,0.0,0.0,0.0
2012-10-01,144.52000427246094,145.69000244140625,144.00999450683594,144.35000610351562,113.82758331298828,135911200,0.0,0.0,0.0
2012-10-02,144.9199981689453,145.14999389648438,143.8300018310547,144.5,113.94584655761719,113422200,0.0,0.0,0.0
2012-10-03,144.88999938964844,145.42999267578125,144.1300048828125,145.08999633789062,114.41110229492188,121283100,0.0,0.0,0.0
2012-10-04,145.63999938964844,146.33999633789062,145.44000244140625,146.1300048828125,115.23124694824219,124311600,0.0,0.0,0.0
2012-10-05,146.91000366210938,147.16000366210938,145.6999969482422,146.13999938964844,115.23912811279297,124842100,0.0,0.0,0.0
2012-10-08,145.60000610351562,146.1199951171875,145.30999755859375,145.63999938964844,114.84481048583984,78415400,0.0,0.0,0.0
2012-10-09,145.52999877929688,145.64999389648438,144.14999389648438,144.1999969482422,113.70929718017578,148872900,0.0,0.0,0.0
2012-10-10,144.17999267578125,144.32000732421875,143.08999633789062,143.27999877929688,112.98381805419922,124247500,0.0,0.0,0.0
2012-10-11,144.27999877929688,144.49000549316406,143.3300018310547,143.36000061035156,113.04693603515625,123601500,0.0,0.0,0.0
2012-10-12,143.4600067138672,143.9499969482422,142.5800018310547,142.88999938964844,112.6762924194336,124181900,0.0,0.0,0.0
2012-10-15,143.22999572753906,144.22999572753906,142.77000427246094,144.0800018310547,113.61470031738281,107689100,0.0,0.0,0.0
2012-10-16,144.75999450683594,145.63999938964844,144.66000366210938,145.5399932861328,114.76595306396484,108815500,0.0,0.0,0.0
2012-10-17,145.63999938964844,146.32000732421875,145.4199981689453,146.1999969482422,115.28640747070312,128834100,0.0,0.0,0.0
2012-10-18,145.82000732421875,146.52000427246094,145.3300018310547,145.82000732421875,114.98676300048828,148108500,0.0,0.0,0.0
2012-10-19,145.5500030517578,145.55999755859375,143.0500030517578,143.38999938964844,113.07058715820312,185645200,0.0,0.0,0.0
2012-10-22,143.14999389648438,143.6699981689453,142.27999877929688,143.41000366210938,113.08631896972656,125578600,0.0,0.0,0.0
2012-10-23,141.86000061035156,142.05999755859375,140.8300018310547,141.4199981689453,111.51712036132812,192056300,0.0,0.0,0.0
2012-10-24,141.92999267578125,142.10000610351562,140.8000030517578,141.02000427246094,111.20172119140625,120179400,0.0,0.0,0.0
2012-10-25,142.02000427246094,142.27999877929688,140.57000732421875,141.42999267578125,111.5250244140625,134457400,0.0,0.0,0.0
2012-10-26,141.3000030517578,141.83999633789062,140.38999938964844,141.35000610351562,111.46197509765625,146023500,0.0,0.0,0.0
2012-10-31,141.85000610351562,142.02999877929688,140.67999267578125,141.35000610351562,111.46197509765625,103438500,0.0,0.0,0.0
2012-11-01,141.64999389648438,143.00999450683594,141.52000427246094,142.8300018310547,112.62899780273438,100995600,0.0,0.0,0.0
2012-11-02,143.67999267578125,143.72000122070312,141.41000366210938,141.55999755859375,111.62751007080078,137702200,0.0,0.0,0.0
2012-11-05,141.35000610351562,142.1699981689453,140.92999267578125,141.85000610351562,111.85621643066406,98378500,0.0,0.0,0.0
2012-11-06,142.27999877929688,143.52000427246094,142.1300048828125,142.9600067138672,112.73151397705078,107068100,0.0,0.0,0.0
2012-11-07,141.66000366210938,141.67999267578125,139.05999755859375,139.72000122070312,110.17660522460938,264304500,0.0,0.0,0.0
2012-11-08,139.6999969482422,140.41000366210938,137.92999267578125,138.0399932861328,108.85179901123047,181517300,0.0,0.0,0.0
2012-11-09,137.6199951171875,139.44000244140625,137.5500030517578,138.16000366210938,108.94644927978516,201055300,0.0,0.0,0.0
2012-11-12,138.58999633789062,138.80999755859375,137.9600067138672,138.27000427246094,109.033203125,97677500,0.0,0.0,0.0
2012-11-13,137.5399932861328,139.25,137.36000061035156,137.7899932861328,108.65464782714844,123018300,0.0,0.0,0.0
2012-11-14,138.2100067138672,138.42999267578125,135.6199951171875,135.92999267578125,107.18799591064453,191505000,0.0,0.0,0.0
2012-11-15,135.97999572753906,136.49000549316406,135.17999267578125,135.6999969482422,107.00659942626953,178128400,0.0,0.0,0.0
2012-11-16,135.89999389648438,136.63999938964844,134.6999969482422,136.3699951171875,107.53494262695312,239483900,0.0,0.0,0.0
2012-11-19,137.89999389648438,139.14999389648438,136.41000366210938,139.1300048828125,109.71138000488281,151495800,0.0,0.0,0.0
2012-11-20,138.91000366210938,139.4199981689453,138.0800018310547,139.19000244140625,109.7586669921875,119807400,0.0,0.0,0.0
2012-11-21,139.30999755859375,139.57000732421875,139.02999877929688,139.4499969482422,109.96369171142578,81710800,0.0,0.0,0.0
2012-11-23,140.1300048828125,141.39999389648438,140.0399932861328,141.35000610351562,111.46197509765625,65409200,0.0,0.0,0.0
2012-11-26,140.64999389648438,141.36000061035156,140.19000244140625,141.0500030517578,111.22537231445312,100124400,0.0,0.0,0.0
2012-11-27,140.91000366210938,141.38999938964844,140.24000549316406,140.3300018310547,110.65760803222656,128646200,0.0,0.0,0.0
2012-11-28,139.75999450683594,141.5399932861328,139.0,141.4600067138672,111.5486831665039,177086500,0.0,0.0,0.0
2012-11-29,141.99000549316406,142.50999450683594,141.3699951171875,142.1199951171875,112.06909942626953,151085900,0.0,0.0,0.0
2012-11-30,142.13999938964844,142.4199981689453,141.66000366210938,142.14999389648438,112.09278869628906,136568300,0.0,0.0,0.0
2012-12-03,142.8000030517578,142.9199981689453,141.33999633789062,141.4499969482422,111.54077911376953,124656300,0.0,0.0,0.0
2012-12-04,141.44000244140625,141.8699951171875,140.8699951171875,141.25,111.38311767578125,127512200,0.0,0.0,0.0
2012-12-05,141.3699951171875,142.16000366210938,140.3699951171875,141.5,111.58019256591797,147300500,0.0,0.0,0.0
2012-12-06,141.3699951171875,142.0399932861328,141.16000366210938,141.97999572753906,111.95874786376953,103220600,0.0,0.0,0.0
2012-12-07,142.52999877929688,142.69000244140625,141.6699981689453,142.41000366210938,112.29782104492188,108726400,0.0,0.0,0.0
2012-12-10,142.2100067138672,142.80999755859375,142.14999389648438,142.47000122070312,112.34513092041016,98840700,0.0,0.0,0.0
2012-12-11,143.05999755859375,144.11000061035156,142.99000549316406,143.44000244140625,113.11001586914062,152570400,0.0,0.0,0.0
2012-12-12,144.0,144.5500030517578,143.30999755859375,143.50999450683594,113.16519927978516,145880100,0.0,0.0,0.0
2012-12-13,143.4199981689453,143.8300018310547,142.27000427246094,142.6300048828125,112.47130584716797,135715000,0.0,0.0,0.0
2012-12-14,142.32000732421875,142.5800018310547,141.8800048828125,142.10000610351562,112.0533676147461,137701700,0.0,0.0,0.0
2012-12-17,142.47000122070312,143.85000610351562,142.42999267578125,143.77000427246094,113.3702392578125,143238200,0.0,0.0,0.0
2012-12-18,144.0,145.5,143.7899932861328,145.3699951171875,114.63192749023438,177762800,0.0,0.0,0.0
2012-12-19,145.52999877929688,145.5800018310547,144.24000549316406,144.2899932861328,113.78025817871094,150895400,0.0,0.0,0.0
2012-12-20,144.3800048828125,145.13999938964844,143.97999572753906,145.1199951171875,114.43477630615234,168487000,0.0,0.0,0.0
2012-12-21,142.1699981689453,144.08999633789062,141.94000244140625,142.7899932861328,113.39604187011719,245883800,1.022,0.0,0.0
2012-12-24,142.47999572753906,142.55999755859375,142.19000244140625,142.35000610351562,113.04661560058594,53874600,0.0,0.0,0.0
2012-12-26,142.63999938964844,142.7100067138672,141.35000610351562,141.75,112.57011413574219,106947700,0.0,0.0,0.0
2012-12-27,141.7899932861328,142.0800018310547,139.9199981689453,141.55999755859375,112.41923522949219,167920600,0.0,0.0,0.0
2012-12-28,140.63999938964844,141.4199981689453,139.8699951171875,140.02999877929688,111.20421600341797,148806700,0.0,0.0,0.0
2012-12-31,139.66000366210938,142.55999755859375,139.5399932861328,142.41000366210938,113.09426879882812,243935200,0.0,0.0,0.0
2013-01-02,145.11000061035156,146.14999389648438,144.72999572753906,146.05999755859375,115.99285125732422,192059000,0.0,0.0,0.0
2013-01-03,145.99000549316406,146.3699951171875,145.33999633789062,145.72999572753906,115.7308349609375,144761800,0.0,0.0,0.0
2013-01-04,145.97000122070312,146.61000061035156,145.6699981689453,146.3699951171875,116.23907470703125,116817700,0.0,0.0,0.0
2013-01-07,145.85000610351562,146.11000061035156,145.42999267578125,145.97000122070312,115.92142486572266,110002500,0.0,0.0,0.0
2013-01-08,145.7100067138672,145.91000366210938,144.97999572753906,145.5500030517578,115.58788299560547,121265100,0.0,0.0,0.0
2013-01-09,145.8699951171875,146.32000732421875,145.63999938964844,145.9199981689453,115.88167572021484,90745600,0.0,0.0,0.0
2013-01-10,146.72999572753906,147.08999633789062,145.97000122070312,147.0800018310547,116.80294036865234,130735400,0.0,0.0,0.0
2013-01-11,147.0399932861328,147.14999389648438,146.61000061035156,147.07000732421875,116.7950210571289,113917300,0.0,0.0,0.0
2013-01-14,146.88999938964844,147.07000732421875,146.42999267578125,146.97000122070312,116.71558380126953,89567200,0.0,0.0,0.0
2013-01-15,146.2899932861328,147.2100067138672,146.1999969482422,147.07000732421875,116.7950210571289,93172600,0.0,0.0,0.0
2013-01-16,146.77000427246094,147.27999877929688,146.61000061035156,147.0500030517578,116.77910614013672,104849500,0.0,0.0,0.0
2013-01-17,147.6999969482422,148.4199981689453,147.14999389648438,148.0,117.53351593017578,133833500,0.0,0.0,0.0
2013-01-18,147.97000122070312,148.49000549316406,147.42999267578125,148.3300018310547,117.79558563232422,169906000,0.0,0.0,0.0
2013-01-22,148.3300018310547,149.1300048828125,147.97999572753906,149.1300048828125,118.43091583251953,111797300,0.0,0.0,0.0
2013-01-23,149.1300048828125,149.5,148.86000061035156,149.3699951171875,118.62142181396484,104596100,0.0,0.0,0.0
2013-01-24,149.14999389648438,150.13999938964844,149.00999450683594,149.41000366210938,118.65330505371094,146426400,0.0,0.0,0.0
2013-01-25,149.8800048828125,150.25,149.3699951171875,150.25,119.32035827636719,147211600,0.0,0.0,0.0
2013-01-28,150.2899932861328,150.3300018310547,149.50999450683594,150.07000732421875,119.17741394042969,113357700,0.0,0.0,0.0
2013-01-29,149.77000427246094,150.85000610351562,149.6699981689453,150.66000366210938,119.64595794677734,105694400,0.0,0.0,0.0
2013-01-30,150.63999938964844,150.94000244140625,149.92999267578125,150.07000732421875,119.17741394042969,137447700,0.0,0.0,0.0
2013-01-31,149.88999938964844,150.3800048828125,149.60000610351562,149.6999969482422,118.883544921875,108975800,0.0,0.0,0.0
2013-02-01,150.64999389648438,151.4199981689453,150.38999938964844,151.24000549316406,120.10655975341797,131173000,0.0,0.0,0.0
2013-02-04,150.32000732421875,151.27000427246094,149.42999267578125,149.5399932861328,118.75652313232422,159073600,0.0,0.0,0.0
2013-02-05,150.35000610351562,151.47999572753906,150.2899932861328,151.0500030517578,119.95565795898438,113912400,0.0,0.0,0.0
2013-02-06,150.52000427246094,151.25999450683594,150.41000366210938,151.16000366210938,120.04302978515625,138762800,0.0,0.0,0.0
2013-02-07,151.2100067138672,151.35000610351562,149.86000061035156,150.9600067138672,119.88420867919922,162490000,0.0,0.0,0.0
2013-02-08,151.22000122070312,151.88999938964844,151.22000122070312,151.8000030517578,120.55134582519531,103133700,0.0,0.0,0.0
2013-02-11,151.74000549316406,151.89999389648438,151.38999938964844,151.77000427246094,120.52745819091797,73775000,0.0,0.0,0.0
2013-02-12,151.77999877929688,152.3000030517578,151.61000061035156,152.02000427246094,120.72602081298828,65392700,0.0,0.0,0.0
2013-02-13,152.3300018310547,152.61000061035156,151.72000122070312,152.14999389648438,120.82920837402344,82322600,0.0,0.0,0.0
2013-02-14,151.69000244140625,152.47000122070312,151.52000427246094,152.2899932861328,120.94042205810547,80834300,0.0,0.0,0.0
2013-02-15,152.42999267578125,152.58999633789062,151.5500030517578,152.11000061035156,120.79747009277344,215226500,0.0,0.0,0.0
2013-02-19,152.3699951171875,153.27999877929688,152.16000366210938,153.25,121.70281982421875,95105400,0.0,0.0,0.0
2013-02-20,153.13999938964844,153.19000244140625,151.25999450683594,151.33999633789062,120.1859359741211,160574800,0.0,0.0,0.0
2013-02-21,150.9600067138672,151.4199981689453,149.94000244140625,150.4199981689453,119.45540618896484,183257000,0.0,0.0,0.0
2013-02-22,151.14999389648438,151.88999938964844,150.49000549316406,151.88999938964844,120.62278747558594,106356600,0.0,0.0,0.0
2013-02-25,152.6300048828125,152.86000061035156,149.0,149.0,118.3276596069336,245824800,0.0,0.0,0.0
2013-02-26,149.72000122070312,150.1999969482422,148.72999572753906,150.02000427246094,119.1377182006836,186596200,0.0,0.0,0.0
2013-02-27,149.88999938964844,152.3300018310547,149.75999450683594,151.91000366210938,120.6386489868164,150781900,0.0,0.0,0.0
2013-02-28,151.89999389648438,152.8699951171875,151.41000366210938,151.61000061035156,120.40039825439453,126866000,0.0,0.0,0.0
2013-03-01,151.08999633789062,152.33999633789062,150.41000366210938,152.11000061035156,120.79747009277344,170634800,0.0,0.0,0.0
2013-03-04,151.75999450683594,152.9199981689453,151.52000427246094,152.9199981689453,121.44075012207031,99010200,0.0,0.0,0.0
2013-03-05,153.66000366210938,154.6999969482422,153.63999938964844,154.2899932861328,122.52873229980469,121431900,0.0,0.0,0.0
2013-03-06,154.83999633789062,154.9199981689453,154.16000366210938,154.5,122.69547271728516,94469900,0.0,0.0,0.0
2013-03-07,154.6999969482422,154.97999572753906,154.52000427246094,154.77999877929688,122.91786193847656,86101400,0.0,0.0,0.0
2013-03-08,155.4600067138672,155.64999389648438,154.66000366210938,155.44000244140625,123.44196319580078,123477800,0.0,0.0,0.0
2013-03-11,155.32000732421875,156.0399932861328,155.1300048828125,156.02999877929688,123.9104995727539,83746800,0.0,0.0,0.0
2013-03-12,155.9199981689453,156.10000610351562,155.2100067138672,155.67999267578125,123.63257598876953,105755800,0.0,0.0,0.0
2013-03-13,155.75999450683594,156.1199951171875,155.22999572753906,155.89999389648438,123.80728149414062,92550900,0.0,0.0,0.0
2013-03-14,156.30999755859375,156.8000030517578,155.91000366210938,156.72999572753906,124.46642303466797,126329900,0.0,0.0,0.0
2013-03-15,155.85000610351562,156.0399932861328,155.30999755859375,155.8300018310547,124.3021011352539,138601100,0.694,0.0,0.0
2013-03-18,154.33999633789062,155.63999938964844,154.1999969482422,154.97000122070312,123.6161117553711,126704300,0.0,0.0,0.0
2013-03-19,155.3000030517578,155.50999450683594,153.58999633789062,154.61000061035156,123.32894134521484,167567300,0.0,0.0,0.0
2013-03-20,155.52000427246094,155.9499969482422,155.25999450683594,155.69000244140625,124.1904067993164,113759300,0.0,0.0,0.0
2013-03-21,154.75999450683594,155.63999938964844,154.10000610351562,154.36000061035156,123.1294937133789,128605000,0.0,0.0,0.0
2013-03-22,154.85000610351562,155.60000610351562,154.72999572753906,155.60000610351562,124.1186294555664,111163600,0.0,0.0,0.0
2013-03-25,156.00999450683594,156.27000427246094,154.35000610351562,154.9499969482422,123.60010528564453,151322300,0.0,0.0,0.0
2013-03-26,155.58999633789062,156.22999572753906,155.4199981689453,156.19000244140625,124.58921813964844,86856600,0.0,0.0,0.0
2013-03-27,155.25999450683594,156.24000549316406,155.0,156.19000244140625,124.58921813964844,99950600,0.0,0.0,0.0
2013-03-28,156.08999633789062,156.85000610351562,155.75,156.6699981689453,124.97216796875,102932800,0.0,0.0,0.0
2013-04-01,156.58999633789062,156.91000366210938,155.6699981689453,156.0500030517578,124.47759246826172,99194100,0.0,0.0,0.0
2013-04-02,156.61000061035156,157.2100067138672,156.3699951171875,156.82000732421875,125.09175872802734,101504300,0.0,0.0,0.0
2013-04-03,156.91000366210938,157.02999877929688,154.82000732421875,155.22999572753906,123.82347869873047,154167400,0.0,0.0,0.0
2013-04-04,155.42999267578125,156.1699981689453,155.08999633789062,155.86000061035156,124.32599639892578,131885000,0.0,0.0,0.0
2013-04-05,153.9499969482422,155.35000610351562,153.77000427246094,155.16000366210938,123.76762390136719,159666000,0.0,0.0,0.0
2013-04-08,155.27000427246094,156.22000122070312,154.75,156.2100067138672,124.605224609375,86571200,0.0,0.0,0.0
2013-04-09,156.5,157.32000732421875,155.97999572753906,156.75,125.03600311279297,101922200,0.0,0.0,0.0
2013-04-10,157.1699981689453,158.8699951171875,157.1300048828125,158.6699981689453,126.5675048828125,135711100,0.0,0.0,0.0
2013-04-11,158.6999969482422,159.7100067138672,158.5399932861328,159.19000244140625,126.9822769165039,110142500,0.0,0.0,0.0
2013-04-12,158.67999267578125,159.0399932861328,157.9199981689453,158.8000030517578,126.67122650146484,116359900,0.0,0.0,0.0
2013-04-15,158.0,158.1300048828125,155.10000610351562,155.1199951171875,123.73573303222656,217259000,0.0,0.0,0.0
2013-04-16,156.2899932861328,157.49000549316406,155.91000366210938,157.41000366210938,125.56243896484375,147507800,0.0,0.0,0.0
2013-04-17,156.2899932861328,156.32000732421875,154.27999877929688,155.11000061035156,123.7277603149414,226834800,0.0,0.0,0.0
2013-04-18,155.3699951171875,155.41000366210938,153.5500030517578,154.13999938964844,122.95404052734375,167583200,0.0,0.0,0.0
2013-04-19,154.5,155.5500030517578,154.1199951171875,155.47999572753906,124.02288818359375,149687600,0.0,0.0,0.0
2013-04-22,155.77999877929688,156.5399932861328,154.75,156.1699981689453,124.57327270507812,106553500,0.0,0.0,0.0
2013-04-23,156.9499969482422,157.92999267578125,156.1699981689453,157.77999877929688,125.85758972167969,166141300,0.0,0.0,0.0
2013-04-24,157.8300018310547,158.3000030517578,157.5399932861328,157.8800048828125,125.93734741210938,96781200,0.0,0.0,0.0
2013-04-25,158.33999633789062,159.27000427246094,158.10000610351562,158.52000427246094,126.4478530883789,131060600,0.0,0.0,0.0
2013-04-26,158.3300018310547,158.60000610351562,157.72999572753906,158.24000549316406,126.22447967529297,95918800,0.0,0.0,0.0
2013-04-29,158.6699981689453,159.64999389648438,158.4199981689453,159.3000030517578,127.07003021240234,88572800,0.0,0.0,0.0
2013-04-30,159.27000427246094,159.72000122070312,158.61000061035156,159.67999267578125,127.37312316894531,116010700,0.0,0.0,0.0
2013-05-01,159.3300018310547,159.41000366210938,158.10000610351562,158.27999877929688,126.25643157958984,138874200,0.0,0.0,0.0
2013-05-02,158.67999267578125,159.88999938964844,158.52999877929688,159.75,127.42902374267578,96407600,0.0,0.0,0.0
2013-05-03,161.13999938964844,161.8800048828125,159.77999877929688,161.3699951171875,128.72119140625,144202300,0.0,0.0,0.0
2013-05-06,161.49000549316406,162.00999450683594,161.4199981689453,161.77999877929688,129.04824829101562,66882100,0.0,0.0,0.0
2013-05-07,162.1300048828125,162.64999389648438,161.6699981689453,162.60000610351562,129.70240783691406,90359200,0.0,0.0,0.0
2013-05-08,162.4199981689453,163.38999938964844,162.3300018310547,163.33999633789062,130.29269409179688,97419200,0.0,0.0,0.0
2013-05-09,163.27000427246094,163.6999969482422,162.47000122070312,162.8800048828125,129.92572021484375,106738600,0.0,0.0,0.0
2013-05-10,162.99000549316406,163.5500030517578,162.50999450683594,163.41000366210938,130.34852600097656,103203000,0.0,0.0,0.0
2013-05-13,163.1999969482422,163.80999755859375,162.82000732421875,163.5399932861328,130.45216369628906,81843200,0.0,0.0,0.0
2013-05-14,163.6699981689453,165.35000610351562,163.6699981689453,165.22999572753906,131.80026245117188,119000900,0.0,0.0,0.0
2013-05-15,164.9600067138672,166.4499969482422,164.91000366210938,166.1199951171875,132.5102081298828,120718500,0.0,0.0,0.0
2013-05-16,165.77999877929688,166.36000061035156,165.08999633789062,165.33999633789062,131.8880157470703,109913600,0.0,0.0,0.0
2013-05-17,165.9499969482422,167.0399932861328,165.72999572753906,166.94000244140625,133.16427612304688,129801000,0.0,0.0,0.0
2013-05-20,166.77999877929688,167.5800018310547,166.61000061035156,166.92999267578125,133.15631103515625,85071200,0.0,0.0,0.0
2013-05-21,167.0800018310547,167.8000030517578,166.5,167.1699981689453,133.3477783203125,95804200,0.0,0.0,0.0
2013-05-22,167.33999633789062,169.07000732421875,165.1699981689453,165.92999267578125,132.35865783691406,244031800,0.0,0.0,0.0
2013-05-23,164.16000366210938,165.91000366210938,163.94000244140625,165.4499969482422,131.97573852539062,211064400,0.0,0.0,0.0
2013-05-24,164.47000122070312,165.3800048828125,163.97999572753906,165.30999755859375,131.86410522460938,151573900,0.0,0.0,0.0
2013-05-28,167.0399932861328,167.77999877929688,165.80999755859375,166.3000030517578,132.65379333496094,143679800,0.0,0.0,0.0
2013-05-29,165.4199981689453,165.8000030517578,164.33999633789062,165.22000122070312,131.79226684570312,160363400,0.0,0.0,0.0
2013-05-30,165.35000610351562,166.58999633789062,165.22000122070312,165.8300018310547,132.27886962890625,107793800,0.0,0.0,0.0
2013-05-31,165.3699951171875,166.30999755859375,163.1300048828125,163.4499969482422,130.38038635253906,176850100,0.0,0.0,0.0
2013-06-03,163.8300018310547,164.4600067138672,162.66000366210938,164.35000610351562,131.0983428955078,168390700,0.0,0.0,0.0
2013-06-04,164.44000244140625,165.10000610351562,162.72999572753906,163.55999755859375,130.4681396484375,157631500,0.0,0.0,0.0
2013-06-05,163.08999633789062,163.4199981689453,161.1300048828125,161.27000427246094,128.64144897460938,211737800,0.0,0.0,0.0
2013-06-06,161.1999969482422,162.74000549316406,160.25,162.72999572753906,129.80606079101562,200225500,0.0,0.0,0.0
2013-06-07,163.85000610351562,164.9499969482422,163.13999938964844,164.8000030517578,131.45724487304688,188337800,0.0,0.0,0.0
2013-06-10,165.30999755859375,165.39999389648438,164.3699951171875,164.8000030517578,131.45724487304688,105667100,0.0,0.0,0.0
2013-06-11,163.3000030517578,164.5399932861328,162.74000549316406,163.10000610351562,130.1011962890625,159505400,0.0,0.0,0.0
2013-06-12,164.22000122070312,164.38999938964844,161.60000610351562,161.75,129.02435302734375,177361500,0.0,0.0,0.0
2013-06-13,161.66000366210938,164.5,161.3000030517578,164.2100067138672,130.9866485595703,163587800,0.0,0.0,0.0
2013-06-14,164.02999877929688,164.6699981689453,162.91000366210938,163.17999267578125,130.1649932861328,141197500,0.0,0.0,0.0
2013-06-17,164.2899932861328,165.22000122070312,163.22000122070312,164.44000244140625,131.17013549804688,136295600,0.0,0.0,0.0
2013-06-18,164.52999877929688,165.99000549316406,164.52000427246094,165.74000549316406,132.20712280273438,114695600,0.0,0.0,0.0
2013-06-19,165.60000610351562,165.88999938964844,163.3800048828125,163.4499969482422,130.38038635253906,206149500,0.0,0.0,0.0
2013-06-20,161.86000061035156,163.47000122070312,158.97999572753906,159.39999389648438,127.14981842041016,321255900,0.0,0.0,0.0
2013-06-21,159.63999938964844,159.75999450683594,157.47000122070312,159.07000732421875,127.55799865722656,271956800,0.839,0.0,0.0
2013-06-24,157.41000366210938,158.42999267578125,155.72999572753906,157.05999755859375,125.9461898803711,222329000,0.0,0.0,0.0
2013-06-25,158.47999572753906,160.10000610351562,157.4199981689453,158.57000732421875,127.15702819824219,162262200,0.0,0.0,0.0
2013-06-26,159.8699951171875,160.5,159.25,160.13999938964844,128.416015625,134848000,0.0,0.0,0.0
2013-06-27,161.10000610351562,161.82000732421875,160.9499969482422,161.0800018310547,129.1697540283203,129483700,0.0,0.0,0.0
2013-06-28,160.6300048828125,161.39999389648438,159.86000061035156,160.4199981689453,128.64051818847656,160402900,0.0,0.0,0.0
2013-07-01,161.25999450683594,162.47999572753906,161.0800018310547,161.36000061035156,129.39434814453125,131954800,0.0,0.0,0.0
2013-07-02,161.1199951171875,162.3000030517578,160.5,161.2100067138672,129.27407836914062,154863700,0.0,0.0,0.0
2013-07-03,160.47999572753906,161.77000427246094,160.22000122070312,161.27999877929688,129.33016967773438,75216400,0.0,0.0,0.0
2013-07-05,162.47000122070312,163.0800018310547,161.3000030517578,163.02000427246094,130.72552490234375,122416900,0.0,0.0,0.0
2013-07-08,163.86000061035156,164.38999938964844,163.0800018310547,163.9499969482422,131.4712677001953,108092500,0.0,0.0,0.0
2013-07-09,164.97999572753906,165.3300018310547,164.27000427246094,165.1300048828125,132.41748046875,119298000,0.0,0.0,0.0
2013-07-10,164.97000122070312,165.75,164.6300048828125,165.19000244140625,132.46559143066406,121410100,0.0,0.0,0.0
2013-07-11,167.11000061035156,167.61000061035156,165.17999267578125,167.44000244140625,134.26988220214844,135592200,0.0,0.0,0.0
2013-07-12,167.38999938964844,167.92999267578125,167.1300048828125,167.50999450683594,134.32608032226562,104212700,0.0,0.0,0.0
2013-07-15,167.97000122070312,168.38999938964844,167.67999267578125,168.14999389648438,134.8391876220703,69450600,0.0,0.0,0.0
2013-07-16,168.25999450683594,168.36000061035156,167.07000732421875,167.52000427246094,134.33401489257812,88702100,0.0,0.0,0.0
2013-07-17,168.16000366210938,168.47999572753906,167.72999572753906,167.9499969482422,134.6788330078125,92873900,0.0,0.0,0.0
2013-07-18,168.30999755859375,169.27000427246094,168.1999969482422,168.8699951171875,135.4165802001953,103620100,0.0,0.0,0.0
2013-07-19,168.52000427246094,169.22999572753906,168.30999755859375,169.1699981689453,135.6571807861328,103831700,0.0,0.0,0.0
2013-07-22,169.41000366210938,169.74000549316406,169.00999450683594,169.5,135.92173767089844,79428600,0.0,0.0,0.0
2013-07-23,169.8000030517578,169.8300018310547,169.0500030517578,169.13999938964844,135.633056640625,80829700,0.0,0.0,0.0
2013-07-24,169.7899932861328,169.86000061035156,168.17999267578125,168.52000427246094,135.13589477539062,112914000,0.0,0.0,0.0
2013-07-25,168.22000122070312,169.0800018310547,167.94000244140625,168.92999267578125,135.46473693847656,111088600,0.0,0.0,0.0
2013-07-26,168.22000122070312,169.16000366210938,167.52000427246094,169.11000061035156,135.60902404785156,107814600,0.0,0.0,0.0
2013-07-29,168.67999267578125,169.05999755859375,168.11000061035156,168.58999633789062,135.1920928955078,79695000,0.0,0.0,0.0
2013-07-30,169.10000610351562,169.27999877929688,168.19000244140625,168.58999633789062,135.1920928955078,85209600,0.0,0.0,0.0
2013-07-31,168.94000244140625,169.85000610351562,168.49000549316406,168.7100067138672,135.28829956054688,142388700,0.0,0.0,0.0
2013-08-01,169.99000549316406,170.80999755859375,169.89999389648438,170.66000366210938,136.8519744873047,110438400,0.0,0.0,0.0
2013-08-02,170.27999877929688,170.97000122070312,170.0500030517578,170.9499969482422,137.08448791503906,91116700,0.0,0.0,0.0
2013-08-05,170.57000732421875,170.9600067138672,170.35000610351562,170.6999969482422,136.88404846191406,54072700,0.0,0.0,0.0
2013-08-06,170.3699951171875,170.74000549316406,169.35000610351562,169.72999572753906,136.10618591308594,87495000,0.0,0.0,0.0
2013-08-07,169.19000244140625,169.42999267578125,168.5500030517578,169.17999267578125,135.66517639160156,84854700,0.0,0.0,0.0
2013-08-08,169.97999572753906,170.17999267578125,168.92999267578125,169.8000030517578,136.162353515625,102181300,0.0,0.0,0.0
2013-08-09,169.5800018310547,170.10000610351562,168.72000122070312,169.30999755859375,135.7694091796875,91757700,0.0,0.0,0.0
2013-08-12,168.4600067138672,169.30999755859375,168.3800048828125,169.11000061035156,135.60902404785156,68593300,0.0,0.0,0.0
2013-08-13,169.41000366210938,169.89999389648438,168.41000366210938,169.61000061035156,136.00999450683594,80806000,0.0,0.0,0.0
2013-08-14,169.52999877929688,169.8000030517578,168.6999969482422,168.74000549316406,135.31236267089844,79829200,0.0,0.0,0.0
2013-08-15,167.41000366210938,167.42999267578125,166.08999633789062,166.3800048828125,133.41986083984375,152931800,0.0,0.0,0.0
2013-08-16,166.05999755859375,166.6300048828125,165.5,165.8300018310547,132.97879028320312,130868200,0.0,0.0,0.0
2013-08-19,165.63999938964844,166.2100067138672,164.75999450683594,164.77000427246094,132.1288604736328,96437600,0.0,0.0,0.0
2013-08-20,165.0399932861328,166.1999969482422,164.86000061035156,165.5800018310547,132.7783660888672,89294400,0.0,0.0,0.0
2013-08-21,165.1199951171875,166.02999877929688,164.19000244140625,164.55999755859375,131.9604034423828,159530500,0.0,0.0,0.0
2013-08-22,164.89999389648438,166.3000030517578,164.88999938964844,166.05999755859375,133.1631622314453,101471400,0.0,0.0,0.0
2013-08-23,166.5500030517578,166.8300018310547,165.77000427246094,166.6199951171875,133.61228942871094,90888900,0.0,0.0,0.0
2013-08-26,166.7899932861328,167.3000030517578,165.88999938964844,166.0,133.11514282226562,89702100,0.0,0.0,0.0
2013-08-27,164.36000061035156,166.0,163.2100067138672,163.3300018310547,130.9740753173828,158619400,0.0,0.0,0.0
2013-08-28,163.25999450683594,164.49000549316406,163.0500030517578,163.91000366210938,131.43919372558594,108113000,0.0,0.0,0.0
2013-08-29,163.5500030517578,165.0399932861328,163.39999389648438,164.1699981689453,131.64767456054688,119200500,0.0,0.0,0.0
2013-08-30,164.50999450683594,164.52999877929688,163.1699981689453,163.64999389648438,131.23065185546875,134928900,0.0,0.0,0.0
2013-09-03,165.22999572753906,165.5800018310547,163.6999969482422,164.38999938964844,131.8241424560547,142375100,0.0,0.0,0.0
2013-09-04,164.42999267578125,166.02999877929688,164.1300048828125,165.75,132.91464233398438,97389400,0.0,0.0,0.0
2013-09-05,165.85000610351562,166.39999389648438,165.72999572753906,165.9600067138672,133.0830535888672,63090500,0.0,0.0,0.0
2013-09-06,166.50999450683594,166.97999572753906,164.47999572753906,166.0399932861328,133.14720153808594,159756500,0.0,0.0,0.0
2013-09-09,166.4499969482422,167.72999572753906,166.4499969482422,167.6300048828125,134.42221069335938,87559300,0.0,0.0,0.0
2013-09-10,168.63999938964844,168.89999389648438,168.25999450683594,168.8699951171875,135.4165802001953,105847200,0.0,0.0,0.0
2013-09-11,168.63999938964844,169.39999389648438,168.35000610351562,169.39999389648438,135.84161376953125,94545900,0.0,0.0,0.0
2013-09-12,169.33999633789062,169.55999755859375,168.72000122070312,168.9499969482422,135.48074340820312,83209000,0.0,0.0,0.0
2013-09-13,169.1300048828125,169.4600067138672,168.74000549316406,169.3300018310547,135.78549194335938,72727800,0.0,0.0,0.0
2013-09-16,171.16000366210938,171.24000549316406,170.0399932861328,170.30999755859375,136.57131958007812,106299200,0.0,0.0,0.0
2013-09-17,170.4600067138672,171.11000061035156,170.4600067138672,171.07000732421875,137.18077087402344,82523300,0.0,0.0,0.0
2013-09-18,171.00999450683594,173.52000427246094,170.5800018310547,173.0500030517578,138.7685546875,203460600,0.0,0.0,0.0
2013-09-19,173.52000427246094,173.60000610351562,172.58999633789062,172.75999450683594,138.5360107421875,146616900,0.0,0.0,0.0
2013-09-20,172.3300018310547,172.3300018310547,170.5800018310547,170.72000122070312,137.5674285888672,132867100,0.838,0.0,0.0
2013-09-23,170.49000549316406,170.64999389648438,169.38999938964844,169.92999267578125,136.9307861328125,104616500,0.0,0.0,0.0
2013-09-24,169.89999389648438,170.52999877929688,169.2100067138672,169.52999877929688,136.60848999023438,106333100,0.0,0.0,0.0
2013-09-25,169.63999938964844,169.97999572753906,168.88999938964844,169.0399932861328,136.2136688232422,117306500,0.0,0.0,0.0
2013-09-26,169.32000732421875,170.1699981689453,169.0500030517578,169.69000244140625,136.73739624023438,77146900,0.0,0.0,0.0
2013-09-27,168.83999633789062,169.13999938964844,168.47000122070312,168.91000366210938,136.10890197753906,99141800,0.0,0.0,0.0
2013-09-30,167.47999572753906,168.5399932861328,167.14999389648438,168.00999450683594,135.38363647460938,143937000,0.0,0.0,0.0
2013-10-01,168.13999938964844,169.5,167.97000122070312,169.33999633789062,136.45541381835938,127160000,0.0,0.0,0.0
2013-10-02,168.35000610351562,169.33999633789062,167.8300018310547,169.17999267578125,136.3264617919922,113350000,0.0,0.0,0.0
2013-10-03,168.7899932861328,168.94000244140625,166.83999633789062,167.6199951171875,135.06942749023438,176698000,0.0,0.0,0.0
2013-10-04,167.75,169.05999755859375,167.52999877929688,168.88999938964844,136.0927734375,96878000,0.0,0.0,0.0
2013-10-07,167.4199981689453,168.4499969482422,167.25,167.42999267578125,134.9163055419922,96295000,0.0,0.0,0.0
2013-10-08,167.39999389648438,167.6199951171875,165.36000061035156,165.47999572753906,133.34494018554688,178015000,0.0,0.0,0.0
2013-10-09,165.8000030517578,166.1999969482422,164.52999877929688,165.60000610351562,133.441650390625,168973000,0.0,0.0,0.0
2013-10-10,167.2899932861328,169.25999450683594,167.22999572753906,169.1699981689453,136.3184356689453,195955000,0.0,0.0,0.0
2013-10-11,168.91000366210938,170.32000732421875,168.77000427246094,170.25999450683594,137.1967010498047,105040000,0.0,0.0,0.0
2013-10-14,169.2100067138672,171.0800018310547,169.0800018310547,170.94000244140625,137.74472045898438,112106000,0.0,0.0,0.0
2013-10-15,170.50999450683594,171.14999389648438,169.47000122070312,169.6999969482422,136.74546813964844,155485000,0.0,0.0,0.0
2013-10-16,170.72000122070312,172.16000366210938,170.63999938964844,172.07000732421875,138.6551971435547,161676000,0.0,0.0,0.0
2013-10-17,171.3699951171875,173.32000732421875,171.33999633789062,173.22000122070312,139.58187866210938,129389000,0.0,0.0,0.0
2013-10-18,173.86000061035156,174.50999450683594,173.50999450683594,174.38999938964844,140.5247344970703,138316000,0.0,0.0,0.0
2013-10-21,174.4499969482422,174.75,174.00999450683594,174.39999389648438,140.5327911376953,104104000,0.0,0.0,0.0
2013-10-22,174.91000366210938,175.92999267578125,174.42999267578125,175.41000366210938,141.34661865234375,126663000,0.0,0.0,0.0
2013-10-23,174.80999755859375,174.88999938964844,173.9600067138672,174.57000732421875,140.66978454589844,105484000,0.0,0.0,0.0
2013-10-24,174.9199981689453,175.3699951171875,174.50999450683594,175.14999389648438,141.13710021972656,70350000,0.0,0.0,0.0
2013-10-25,175.50999450683594,176.0,175.1699981689453,175.9499969482422,141.78173828125,93625000,0.0,0.0,0.0
2013-10-28,175.88999938964844,176.47000122070312,175.6999969482422,176.22999572753906,142.0073699951172,84979000,0.0,0.0,0.0
2013-10-29,176.6300048828125,177.24000549316406,176.3800048828125,177.1699981689453,142.7648162841797,87401000,0.0,0.0,0.0
2013-10-30,177.3800048828125,177.50999450683594,175.66000366210938,176.2899932861328,142.0557098388672,140002000,0.0,0.0,0.0
2013-10-31,176.14999389648438,176.88999938964844,175.52999877929688,175.7899932861328,141.65283203125,133795000,0.0,0.0,0.0
2013-11-01,176.02000427246094,176.61000061035156,175.22000122070312,176.2100067138672,141.99130249023438,142805000,0.0,0.0,0.0
2013-11-04,176.69000244140625,176.89999389648438,175.97999572753906,176.8300018310547,142.4908447265625,85677000,0.0,0.0,0.0
2013-11-05,176.13999938964844,176.75,175.57000732421875,176.27000427246094,142.0396270751953,85825000,0.0,0.0,0.0
2013-11-06,177.02999877929688,177.5,176.5399932861328,177.1699981689453,142.7648162841797,87348000,0.0,0.0,0.0
2013-11-07,177.5,177.63999938964844,174.75999450683594,174.92999267578125,140.95986938476562,157000000,0.0,0.0,0.0
2013-11-08,174.8699951171875,177.30999755859375,174.85000610351562,177.2899932861328,142.86154174804688,136713000,0.0,0.0,0.0
2013-11-11,177.1199951171875,177.52999877929688,176.91000366210938,177.32000732421875,142.88572692871094,62614000,0.0,0.0,0.0
2013-11-12,176.94000244140625,177.36000061035156,176.3699951171875,176.9600067138672,142.59556579589844,83990000,0.0,0.0,0.0
2013-11-13,176.08999633789062,178.42999267578125,176.08999633789062,178.3800048828125,143.73983764648438,103844000,0.0,0.0,0.0
2013-11-14,178.5399932861328,179.4199981689453,178.25,179.27000427246094,144.45703125,103435000,0.0,0.0,0.0
2013-11-15,179.55999755859375,180.1199951171875,179.3300018310547,180.0500030517578,145.0855255126953,102818000,0.0,0.0,0.0
2013-11-18,180.35000610351562,180.5,179.02000427246094,179.4199981689453,144.57789611816406,104796000,0.0,0.0,0.0
2013-11-19,179.3300018310547,179.8699951171875,178.72000122070312,179.02999877929688,144.26364135742188,93891000,0.0,0.0,0.0
2013-11-20,179.38999938964844,179.92999267578125,177.97999572753906,178.47000122070312,143.8123779296875,124909000,0.0,0.0,0.0
2013-11-21,178.97000122070312,180.0500030517578,178.86000061035156,179.91000366210938,144.97271728515625,92841000,0.0,0.0,0.0
2013-11-22,179.97999572753906,180.8300018310547,179.77000427246094,180.80999755859375,145.697998046875,81296000,0.0,0.0,0.0
2013-11-25,181.1300048828125,181.1699981689453,180.3699951171875,180.6300048828125,145.55291748046875,79486000,0.0,0.0,0.0
2013-11-26,180.72000122070312,181.22000122070312,180.41000366210938,180.67999267578125,145.59326171875,86994000,0.0,0.0,0.0
2013-11-27,180.8699951171875,181.24000549316406,180.64999389648438,181.1199951171875,145.94778442382812,58800000,0.0,0.0,0.0
2013-11-29,181.32000732421875,181.75,180.8000030517578,181.0,145.85107421875,55870900,0.0,0.0,0.0
2013-12-02,181.08999633789062,181.42999267578125,180.25,180.52999877929688,145.47239685058594,99726000,0.0,0.0,0.0
2013-12-03,179.94000244140625,180.38999938964844,179.1699981689453,179.75,144.84385681152344,116563000,0.0,0.0,0.0
2013-12-04,179.10000610351562,180.47999572753906,178.35000610351562,179.72999572753906,144.82769775390625,123033000,0.0,0.0,0.0
2013-12-05,179.41000366210938,179.74000549316406,178.77000427246094,178.94000244140625,144.19113159179688,106934000,0.0,0.0,0.0
2013-12-06,180.6699981689453,181.11000061035156,180.14999389648438,180.94000244140625,145.80276489257812,127728000,0.0,0.0,0.0
2013-12-09,181.47000122070312,181.6699981689453,181.16000366210938,181.39999389648438,146.1733856201172,70124000,0.0,0.0,0.0
2013-12-10,180.97999572753906,181.36000061035156,180.63999938964844,180.75,145.64956665039062,80976000,0.0,0.0,0.0
2013-12-11,180.82000732421875,180.85000610351562,178.5,178.72000122070312,144.0138702392578,130591000,0.0,0.0,0.0
2013-12-12,178.63999938964844,178.86000061035156,177.75999450683594,178.1300048828125,143.53839111328125,115565000,0.0,0.0,0.0
2013-12-13,178.5,178.66000366210938,177.77000427246094,178.11000061035156,143.52235412597656,107808000,0.0,0.0,0.0
2013-12-16,178.9499969482422,179.80999755859375,178.89999389648438,179.22000122070312,144.4167938232422,96195000,0.0,0.0,0.0
2013-12-17,179.3800048828125,179.41000366210938,178.25,178.64999389648438,143.9574432373047,89886000,0.0,0.0,0.0
2013-12-18,178.9199981689453,181.72999572753906,177.32000732421875,181.6999969482422,146.41514587402344,234906000,0.0,0.0,0.0
2013-12-19,181.17999267578125,181.6999969482422,180.7100067138672,181.49000549316406,146.24594116210938,136531200,0.0,0.0,0.0
2013-12-20,180.69000244140625,181.99000549316406,180.57000732421875,181.55999755859375,147.0966339111328,197087000,0.98,0.0,0.0
2013-12-23,182.4499969482422,182.63999938964844,182.07000732421875,182.52999877929688,147.8825225830078,85598000,0.0,0.0,0.0
2013-12-24,182.5399932861328,183.00999450683594,182.52999877929688,182.92999267578125,148.20652770996094,45368800,0.0,0.0,0.0
2013-12-26,183.33999633789062,183.9600067138672,183.32000732421875,183.86000061035156,148.96005249023438,63365000,0.0,0.0,0.0
2013-12-27,184.10000610351562,184.17999267578125,183.66000366210938,183.85000610351562,148.9519500732422,61814000,0.0,0.0,0.0
2013-12-30,183.8699951171875,184.02000427246094,183.5800018310547,183.82000732421875,148.92767333984375,56857000,0.0,0.0,0.0
2013-12-31,184.07000732421875,184.69000244140625,183.92999267578125,184.69000244140625,149.6324920654297,86119900,0.0,0.0,0.0
2014-01-02,183.97999572753906,184.07000732421875,182.47999572753906,182.9199981689453,148.19845581054688,119636900,0.0,0.0,0.0
2014-01-03,183.22999572753906,183.60000610351562,182.6300048828125,182.88999938964844,148.17413330078125,81390600,0.0,0.0,0.0
2014-01-06,183.49000549316406,183.55999755859375,182.0800018310547,182.36000061035156,147.74478149414062,108028200,0.0,0.0,0.0
2014-01-07,183.08999633789062,183.7899932861328,182.9499969482422,183.47999572753906,148.6521759033203,86144200,0.0,0.0,0.0
2014-01-08,183.4499969482422,183.8300018310547,182.88999938964844,183.52000427246094,148.68453979492188,96582300,0.0,0.0,0.0
2014-01-09,184.11000061035156,184.1300048828125,182.8000030517578,183.63999938964844,148.78179931640625,90683400,0.0,0.0,0.0
2014-01-10,183.9499969482422,184.22000122070312,183.00999450683594,184.13999938964844,149.18690490722656,102026400,0.0,0.0,0.0
2014-01-13,183.6699981689453,184.17999267578125,181.33999633789062,181.69000244140625,147.2019500732422,149892000,0.0,0.0,0.0
2014-01-14,182.2899932861328,183.77000427246094,181.9499969482422,183.6699981689453,148.80613708496094,105016100,0.0,0.0,0.0
2014-01-15,184.10000610351562,184.94000244140625,183.7100067138672,184.66000366210938,149.60826110839844,98525800,0.0,0.0,0.0
2014-01-16,184.27999877929688,184.66000366210938,183.8300018310547,184.4199981689453,149.41375732421875,72290600,0.0,0.0,0.0
2014-01-17,184.10000610351562,184.4499969482422,183.32000732421875,183.63999938964844,148.78179931640625,107848700,0.0,0.0,0.0
2014-01-21,184.6999969482422,184.77000427246094,183.0500030517578,184.17999267578125,149.2192840576172,88621200,0.0,0.0,0.0
2014-01-22,184.49000549316406,184.57000732421875,183.91000366210938,184.3000030517578,149.3165283203125,61270900,0.0,0.0,0.0
2014-01-23,183.3699951171875,183.39999389648438,181.82000732421875,182.7899932861328,148.09315490722656,132496900,0.0,0.0,0.0
2014-01-24,181.60000610351562,181.66000366210938,178.8300018310547,178.88999938964844,144.9334259033203,208677100,0.0,0.0,0.0
2014-01-27,179.05999755859375,179.52000427246094,177.1199951171875,178.00999450683594,144.22048950195312,180843100,0.0,0.0,0.0
2014-01-28,178.13999938964844,179.3000030517578,178.1199951171875,179.07000732421875,145.0792694091797,110463200,0.0,0.0,0.0
2014-01-29,177.5800018310547,178.5500030517578,176.8800048828125,177.35000610351562,143.6857452392578,216597300,0.0,0.0,0.0
2014-01-30,178.8300018310547,179.80999755859375,178.25999450683594,179.22999572753906,145.2089080810547,118938100,0.0,0.0,0.0
2014-01-31,177.00999450683594,179.2899932861328,176.9199981689453,178.17999267578125,144.35816955566406,194677900,0.0,0.0,0.0
2014-02-03,177.97000122070312,178.3699951171875,173.8300018310547,174.1699981689453,141.10939025878906,254837100,0.0,0.0,0.0
2014-02-04,174.9499969482422,175.83999633789062,174.11000061035156,175.38999938964844,142.09783935546875,165012400,0.0,0.0,0.0
2014-02-05,174.77999877929688,175.55999755859375,173.7100067138672,175.1699981689453,141.9195556640625,164230500,0.0,0.0,0.0
2014-02-06,175.5800018310547,177.47999572753906,175.22000122070312,177.47999572753906,143.79107666015625,132877600,0.0,0.0,0.0
2014-02-07,178.30999755859375,179.8699951171875,177.72999572753906,179.67999267578125,145.573486328125,170787200,0.0,0.0,0.0
2014-02-10,179.6999969482422,180.07000732421875,179.2100067138672,180.00999450683594,145.84085083007812,92218800,0.0,0.0,0.0
2014-02-11,180.16000366210938,182.44000244140625,180.0399932861328,181.97999572753906,147.43692016601562,117814100,0.0,0.0,0.0
2014-02-12,182.25,182.8300018310547,181.7100067138672,182.07000732421875,147.5098114013672,94717700,0.0,0.0,0.0
2014-02-13,180.83999633789062,183.1999969482422,180.8300018310547,183.00999450683594,148.27137756347656,100542200,0.0,0.0,0.0
2014-02-14,182.83999633789062,184.36000061035156,182.6699981689453,184.02000427246094,149.08970642089844,96498400,0.0,0.0,0.0
2014-02-18,184.17999267578125,184.49000549316406,183.64999389648438,184.24000549316406,149.26791381835938,80460900,0.0,0.0,0.0
2014-02-19,183.75999450683594,184.9499969482422,182.8699951171875,183.02000427246094,148.27952575683594,126524300,0.0,0.0,0.0
2014-02-20,183.27000427246094,184.52000427246094,182.60000610351562,184.10000610351562,149.15451049804688,104998100,0.0,0.0,0.0
2014-02-21,184.4499969482422,184.88999938964844,183.8000030517578,183.88999938964844,148.984375,118116400,0.0,0.0,0.0
2014-02-24,184.27999877929688,186.14999389648438,184.1999969482422,184.91000366210938,149.810791015625,114063900,0.0,0.0,0.0
2014-02-25,185.05999755859375,185.58999633789062,184.22999572753906,184.83999633789062,149.75401306152344,117085000,0.0,0.0,0.0
2014-02-26,185.11000061035156,185.60000610351562,184.3300018310547,184.85000610351562,149.7621307373047,98677200,0.0,0.0,0.0
2014-02-27,184.5800018310547,185.8699951171875,184.3699951171875,185.82000732421875,150.54798889160156,93880800,0.0,0.0,0.0
2014-02-28,185.7899932861328,187.14999389648438,185.0500030517578,186.2899932861328,150.9287872314453,150842000,0.0,0.0,0.0
2014-03-03,184.64999389648438,185.4499969482422,183.75,184.97999572753906,149.8675079345703,167748500,0.0,0.0,0.0
2014-03-04,186.7899932861328,187.97999572753906,186.75,187.5800018310547,151.97393798828125,167545900,0.0,0.0,0.0
2014-03-05,187.74000549316406,188.07000732421875,187.4499969482422,187.75,152.11166381835938,88376900,0.0,0.0,0.0
2014-03-06,188.2100067138672,188.61000061035156,187.77999877929688,188.17999267578125,152.46002197265625,82516500,0.0,0.0,0.0
2014-03-07,188.9600067138672,188.9600067138672,187.42999267578125,188.25999450683594,152.5247802734375,114513500,0.0,0.0,0.0
2014-03-10,187.97000122070312,188.22999572753906,187.0800018310547,188.16000366210938,152.44383239746094,74939200,0.0,0.0,0.0
2014-03-11,188.44000244140625,188.7100067138672,186.8000030517578,187.22999572753906,151.6903533935547,99009100,0.0,0.0,0.0
2014-03-12,186.32000732421875,187.35000610351562,185.89999389648438,187.27999877929688,151.7308807373047,104824400,0.0,0.0,0.0
2014-03-13,187.83999633789062,187.99000549316406,184.66000366210938,185.17999267578125,150.02947998046875,155014300,0.0,0.0,0.0
2014-03-14,184.85000610351562,185.8000030517578,184.44000244140625,184.66000366210938,149.60826110839844,153919600,0.0,0.0,0.0
2014-03-17,185.58999633789062,186.77000427246094,185.50999450683594,186.3300018310547,150.96119689941406,98359500,0.0,0.0,0.0
2014-03-18,186.7100067138672,187.91000366210938,186.50999450683594,187.66000366210938,152.03875732421875,101804600,0.0,0.0,0.0
2014-03-19,187.67999267578125,187.94000244140625,185.47000122070312,186.66000366210938,151.228515625,176267300,0.0,0.0,0.0
2014-03-20,186.25,187.88999938964844,185.9199981689453,187.75,152.11166381835938,117241000,0.0,0.0,0.0
2014-03-21,187.7100067138672,189.02000427246094,186.02999877929688,186.1999969482422,151.52169799804688,163128000,0.825,0.0,0.0
2014-03-24,186.83999633789062,187.07000732421875,184.6199951171875,185.42999267578125,150.8950958251953,121411000,0.0,0.0,0.0
2014-03-25,186.3699951171875,186.94000244140625,185.27000427246094,186.30999755859375,151.6111602783203,103852000,0.0,0.0,0.0
2014-03-26,187.0399932861328,187.33999633789062,184.9199981689453,184.97000122070312,150.52078247070312,119843000,0.0,0.0,0.0
2014-03-27,184.75,185.33999633789062,183.89999389648438,184.5800018310547,150.2034149169922,142383000,0.0,0.0,0.0
2014-03-28,185.11000061035156,186.4199981689453,185.0,185.49000549316406,150.94387817382812,101642000,0.0,0.0,0.0
2014-03-31,186.6699981689453,187.3000030517578,185.52000427246094,187.00999450683594,152.18084716796875,99745000,0.0,0.0,0.0
2014-04-01,187.6199951171875,188.36000061035156,187.0,188.25,153.1898956298828,89193000,0.0,0.0,0.0
2014-04-02,188.49000549316406,189.1300048828125,188.13999938964844,188.8800048828125,153.7025909423828,78774000,0.0,0.0,0.0
2014-04-03,189.1699981689453,189.22000122070312,188.0500030517578,188.6300048828125,153.4991455078125,77435000,0.0,0.0,0.0
2014-04-04,189.66000366210938,189.6999969482422,186.10000610351562,186.39999389648438,151.68441772460938,169381000,0.0,0.0,0.0
2014-04-07,185.9499969482422,186.25999450683594,183.9600067138672,184.33999633789062,150.0081329345703,140803000,0.0,0.0,0.0
2014-04-08,184.25999450683594,185.39999389648438,183.58999633789062,185.10000610351562,150.62655639648438,112660000,0.0,0.0,0.0
2014-04-09,185.60000610351562,187.14999389648438,185.05999755859375,187.08999633789062,152.24594116210938,100254000,0.0,0.0,0.0
2014-04-10,187.0800018310547,187.1699981689453,182.92999267578125,183.16000366210938,149.0478515625,172959000,0.0,0.0,0.0
2014-04-11,182.13999938964844,183.4199981689453,181.30999755859375,181.50999450683594,147.70513916015625,167251000,0.0,0.0,0.0
2014-04-14,182.92999267578125,183.3699951171875,181.44000244140625,182.94000244140625,148.86883544921875,132382000,0.0,0.0,0.0
2014-04-15,183.32000732421875,184.3300018310547,181.50999450683594,184.1999969482422,149.8941192626953,157093000,0.0,0.0,0.0
2014-04-16,185.47000122070312,186.13999938964844,184.64999389648438,186.1300048828125,151.46475219726562,105197000,0.0,0.0,0.0
2014-04-17,185.8800048828125,186.91000366210938,185.55999755859375,186.38999938964844,151.67626953125,105255000,0.0,0.0,0.0
2014-04-21,186.44000244140625,187.10000610351562,186.2100067138672,187.0399932861328,152.20521545410156,68329000,0.0,0.0,0.0
2014-04-22,187.22999572753906,188.39999389648438,187.1300048828125,187.88999938964844,152.8968963623047,85790000,0.0,0.0,0.0
2014-04-23,187.82000732421875,187.9199981689453,187.3000030517578,187.4499969482422,152.53887939453125,73869000,0.0,0.0,0.0
2014-04-24,188.3699951171875,188.38999938964844,186.92999267578125,187.8300018310547,152.84812927246094,88170000,0.0,0.0,0.0
2014-04-25,187.22000122070312,187.3300018310547,185.8699951171875,186.2899932861328,151.59486389160156,100380000,0.0,0.0,0.0
2014-04-28,187.0500030517578,187.69000244140625,184.9600067138672,186.8800048828125,152.0750274658203,135121000,0.0,0.0,0.0
2014-04-29,187.47999572753906,188.0399932861328,187.0800018310547,187.75,152.78302001953125,84098000,0.0,0.0,0.0
2014-04-30,187.44000244140625,188.5,187.17999267578125,188.30999755859375,153.2386932373047,101508000,0.0,0.0,0.0
2014-05-01,188.22000122070312,188.83999633789062,187.72999572753906,188.3300018310547,153.25498962402344,93019000,0.0,0.0,0.0
2014-05-02,188.30999755859375,189.13999938964844,187.77999877929688,188.05999755859375,153.0353240966797,98122000,0.0,0.0,0.0
2014-05-05,187.13999938964844,188.5500030517578,186.6199951171875,188.4199981689453,153.32821655273438,75883000,0.0,0.0,0.0
2014-05-06,188.0,188.1300048828125,186.74000549316406,186.77999877929688,151.99365234375,85454000,0.0,0.0,0.0
2014-05-07,187.41000366210938,187.97000122070312,186.00999450683594,187.8800048828125,152.88876342773438,106500000,0.0,0.0,0.0
2014-05-08,187.7100067138672,189.0500030517578,187.0800018310547,187.67999267578125,152.72604370117188,93618000,0.0,0.0,0.0
2014-05-09,187.7100067138672,188.0399932861328,186.8300018310547,187.9600067138672,152.95391845703125,83679000,0.0,0.0,0.0
2014-05-12,188.8000030517578,189.8800048828125,188.0,189.7899932861328,154.44309997558594,86940000,0.0,0.0,0.0
2014-05-13,190.0399932861328,190.4199981689453,189.77000427246094,189.9600067138672,154.58140563964844,66454000,0.0,0.0,0.0
2014-05-14,189.7899932861328,189.8800048828125,188.7899932861328,189.05999755859375,153.84901428222656,72367000,0.0,0.0,0.0
2014-05-15,188.67999267578125,188.72000122070312,186.47999572753906,187.39999389648438,152.49819946289062,154956000,0.0,0.0,0.0
2014-05-16,187.50999450683594,188.1300048828125,186.72000122070312,188.0500030517578,153.02716064453125,97458000,0.0,0.0,0.0
2014-05-19,187.69000244140625,188.88999938964844,187.52000427246094,188.74000549316406,153.588623046875,63839000,0.0,0.0,0.0
2014-05-20,188.64999389648438,188.6699981689453,187.07000732421875,187.5500030517578,152.62026977539062,111644000,0.0,0.0,0.0
2014-05-21,188.08999633789062,189.22000122070312,188.05999755859375,189.1300048828125,153.90599060058594,89093000,0.0,0.0,0.0
2014-05-22,189.17999267578125,189.97999572753906,188.86000061035156,189.58999633789062,154.28033447265625,61549000,0.0,0.0,0.0
2014-05-23,189.75999450683594,190.47999572753906,189.58999633789062,190.35000610351562,154.89877319335938,61092800,0.0,0.0,0.0
2014-05-27,191.05999755859375,191.5800018310547,190.9499969482422,191.52000427246094,155.8508758544922,72010000,0.0,0.0,0.0
2014-05-28,191.52000427246094,191.82000732421875,191.05999755859375,191.3800048828125,155.73692321777344,66723000,0.0,0.0,0.0
2014-05-29,191.82000732421875,192.39999389648438,191.3300018310547,192.3699951171875,156.54254150390625,64377000,0.0,0.0,0.0
2014-05-30,192.19000244140625,192.8000030517578,192.02999877929688,192.67999267578125,156.79486083984375,76316000,0.0,0.0,0.0
2014-06-02,192.9499969482422,192.99000549316406,191.97000122070312,192.89999389648438,156.97384643554688,64656000,0.0,0.0,0.0
2014-06-03,192.42999267578125,192.89999389648438,192.25,192.8000030517578,156.89247131347656,65047000,0.0,0.0,0.0
2014-06-04,192.47000122070312,193.3000030517578,192.27000427246094,193.19000244140625,157.20986938476562,55529000,0.0,0.0,0.0
2014-06-05,193.41000366210938,194.64999389648438,192.6999969482422,194.4499969482422,158.2351837158203,92103000,0.0,0.0,0.0
2014-06-06,194.8699951171875,195.42999267578125,194.77999877929688,195.3800048828125,158.9920196533203,78696000,0.0,0.0,0.0
2014-06-09,195.35000610351562,196.0500030517578,195.1699981689453,195.5800018310547,159.1547088623047,65119000,0.0,0.0,0.0
2014-06-10,195.33999633789062,195.63999938964844,194.9199981689453,195.60000610351562,159.17103576660156,57129000,0.0,0.0,0.0
2014-06-11,194.89999389648438,195.1199951171875,194.47999572753906,194.9199981689453,158.6176300048828,68772000,0.0,0.0,0.0
2014-06-12,194.69000244140625,194.8000030517578,193.11000061035156,193.5399932861328,157.49462890625,106350000,0.0,0.0,0.0
2014-06-13,193.9199981689453,194.32000732421875,193.3000030517578,194.1300048828125,157.97474670410156,82017000,0.0,0.0,0.0
2014-06-16,193.88999938964844,194.6999969482422,193.66000366210938,194.2899932861328,158.10494995117188,87424000,0.0,0.0,0.0
2014-06-17,194.02000427246094,194.97000122070312,193.80999755859375,194.8300018310547,158.54440307617188,84834000,0.0,0.0,0.0
2014-06-18,194.8300018310547,196.3699951171875,194.39999389648438,196.25999450683594,159.70809936523438,105267000,0.0,0.0,0.0
2014-06-19,196.42999267578125,196.60000610351562,195.8000030517578,196.47999572753906,159.88710021972656,85929000,0.0,0.0,0.0
2014-06-20,196.02999877929688,196.10000610351562,195.6999969482422,195.94000244140625,160.2117156982422,100587000,0.937,0.0,0.0
2014-06-23,195.99000549316406,196.0500030517578,195.52000427246094,195.8800048828125,160.16259765625,70611000,0.0,0.0,0.0
2014-06-24,195.52999877929688,196.5,194.47999572753906,194.6999969482422,159.19781494140625,96237000,0.0,0.0,0.0
2014-06-25,194.2899932861328,195.77999877929688,194.25,195.5800018310547,159.9173583984375,82782000,0.0,0.0,0.0
2014-06-26,195.61000061035156,195.6300048828125,194.1300048828125,195.44000244140625,159.80288696289062,84312000,0.0,0.0,0.0
2014-06-27,194.97999572753906,195.8800048828125,194.88999938964844,195.82000732421875,160.11358642578125,71445100,0.0,0.0,0.0
2014-06-30,195.6999969482422,196.1699981689453,195.52999877929688,195.72000122070312,160.03182983398438,70201200,0.0,0.0,0.0
2014-07-01,196.1999969482422,197.6300048828125,196.1300048828125,197.02999877929688,161.1029815673828,90470000,0.0,0.0,0.0
2014-07-02,197.0500030517578,197.47999572753906,196.9600067138672,197.22999572753906,161.26651000976562,52475000,0.0,0.0,0.0
2014-07-03,197.7899932861328,198.2899932861328,197.63999938964844,198.1999969482422,162.0596160888672,52938800,0.0,0.0,0.0
2014-07-07,197.82000732421875,197.97999572753906,197.22000122070312,197.50999450683594,161.49545288085938,61696000,0.0,0.0,0.0
2014-07-08,197.14999389648438,197.22000122070312,195.75999450683594,196.24000549316406,160.45701599121094,108143000,0.0,0.0,0.0
2014-07-09,196.72999572753906,197.3000030517578,196.30999755859375,197.1199951171875,161.1765594482422,72992000,0.0,0.0,0.0
2014-07-10,195.22000122070312,196.86000061035156,195.05999755859375,196.33999633789062,160.5387420654297,99040000,0.0,0.0,0.0
2014-07-11,196.22000122070312,196.75,195.77999877929688,196.61000061035156,160.75950622558594,64243000,0.0,0.0,0.0
2014-07-14,197.61000061035156,197.86000061035156,197.44000244140625,197.60000610351562,161.56907653808594,58658000,0.0,0.0,0.0
2014-07-15,197.72000122070312,198.10000610351562,196.36000061035156,197.22999572753906,161.26651000976562,111307000,0.0,0.0,0.0
2014-07-16,198.11000061035156,198.25999450683594,197.4199981689453,197.9600067138672,161.86337280273438,79986400,0.0,0.0,0.0
2014-07-17,197.35000610351562,198.10000610351562,195.42999267578125,195.7100067138672,160.0236358642578,145398000,0.0,0.0,0.0
2014-07-18,196.35000610351562,197.91000366210938,196.24000549316406,197.7100067138672,161.65895080566406,124330000,0.0,0.0,0.0
2014-07-21,197.08999633789062,197.5,196.42999267578125,197.33999633789062,161.3563995361328,67592000,0.0,0.0,0.0
2014-07-22,198.00999450683594,198.55999755859375,197.8699951171875,198.1999969482422,162.0596160888672,67678000,0.0,0.0,0.0
2014-07-23,198.5,198.85000610351562,198.10000610351562,198.63999938964844,162.41937255859375,65612000,0.0,0.0,0.0
2014-07-24,198.8300018310547,199.05999755859375,198.4499969482422,198.64999389648438,162.4275665283203,56888000,0.0,0.0,0.0
2014-07-25,198.08999633789062,198.25999450683594,197.3300018310547,197.72000122070312,161.6671142578125,76837000,0.0,0.0,0.0
2014-07-28,197.75999450683594,198.08999633789062,196.6199951171875,197.8000030517578,161.73255920410156,69259000,0.0,0.0,0.0
2014-07-29,198.1699981689453,198.4499969482422,196.9199981689453,196.9499969482422,161.0375518798828,80466000,0.0,0.0,0.0
2014-07-30,197.64999389648438,197.91000366210938,196.16000366210938,196.97999572753906,161.06210327148438,104222000,0.0,0.0,0.0
2014-07-31,195.61000061035156,195.77999877929688,192.97000122070312,193.08999633789062,157.88140869140625,183479000,0.0,0.0,0.0
2014-08-01,192.55999755859375,193.75999450683594,191.57000732421875,192.5,157.39895629882812,189261000,0.0,0.0,0.0
2014-08-04,192.8699951171875,194.3000030517578,192.0500030517578,193.88999938964844,158.5354766845703,91340000,0.0,0.0,0.0
2014-08-05,193.10000610351562,193.60000610351562,191.30999755859375,192.00999450683594,156.998291015625,152690000,0.0,0.0,0.0
2014-08-06,191.11000061035156,192.88999938964844,191.0800018310547,192.07000732421875,157.04736328125,94818000,0.0,0.0,0.0
2014-08-07,192.94000244140625,193.1300048828125,190.5500030517578,191.02999877929688,156.197021484375,135733000,0.0,0.0,0.0
2014-08-08,191.4600067138672,193.3699951171875,190.9499969482422,193.24000549316406,158.0039825439453,117014000,0.0,0.0,0.0
2014-08-11,193.97000122070312,194.66000366210938,193.7100067138672,193.8000030517578,158.4619140625,74544000,0.0,0.0,0.0
2014-08-12,193.61000061035156,194.14999389648438,192.94000244140625,193.52999877929688,158.24114990234375,73632000,0.0,0.0,0.0
2014-08-13,194.2899932861328,195.05999755859375,193.9600067138672,194.83999633789062,159.3123016357422,69047000,0.0,0.0,0.0
2014-08-14,195.16000366210938,195.75999450683594,194.97999572753906,195.75999450683594,160.06455993652344,57371000,0.0,0.0,0.0
2014-08-15,196.47000122070312,196.64999389648438,194.30999755859375,195.72000122070312,160.03182983398438,139951000,0.0,0.0,0.0
2014-08-18,196.8000030517578,197.4499969482422,196.69000244140625,197.36000061035156,161.37278747558594,75424000,0.0,0.0,0.0
2014-08-19,197.83999633789062,198.5399932861328,197.44000244140625,198.38999938964844,162.21499633789062,59135000,0.0,0.0,0.0
2014-08-20,198.1199951171875,199.16000366210938,198.0800018310547,198.9199981689453,162.6483612060547,72763000,0.0,0.0,0.0
2014-08-21,199.08999633789062,199.75999450683594,198.92999267578125,199.5,163.12257385253906,67791000,0.0,0.0,0.0
2014-08-22,199.33999633789062,199.69000244140625,198.74000549316406,199.19000244140625,162.86904907226562,76107000,0.0,0.0,0.0
2014-08-25,200.13999938964844,200.58999633789062,199.14999389648438,200.1999969482422,163.69496154785156,63855000,0.0,0.0,0.0
2014-08-26,200.3300018310547,200.82000732421875,200.27999877929688,200.3300018310547,163.80125427246094,47298000,0.0,0.0,0.0
2014-08-27,200.42999267578125,200.57000732421875,199.94000244140625,200.25,163.7357635498047,47874000,0.0,0.0,0.0
2014-08-28,199.58999633789062,200.27000427246094,199.38999938964844,200.13999938964844,163.6459197998047,58330000,0.0,0.0,0.0
2014-08-29,200.4499969482422,200.72999572753906,199.82000732421875,200.7100067138672,164.1119842529297,65907000,0.0,0.0,0.0
2014-09-02,200.97000122070312,201.0,199.86000061035156,200.61000061035156,164.0301971435547,72426000,0.0,0.0,0.0
2014-09-03,201.3800048828125,201.41000366210938,200.22000122070312,200.5,163.94024658203125,57462000,0.0,0.0,0.0
2014-09-04,200.83999633789062,201.5800018310547,199.66000366210938,200.2100067138672,163.70310974121094,85236000,0.0,0.0,0.0
2014-09-05,200.1699981689453,201.19000244140625,199.41000366210938,201.11000061035156,164.43898010253906,102177000,0.0,0.0,0.0
2014-09-08,200.9199981689453,201.2100067138672,200.0,200.58999633789062,164.01382446289062,64146000,0.0,0.0,0.0
2014-09-09,200.41000366210938,200.5500030517578,198.91000366210938,199.32000732421875,162.9753875732422,88591000,0.0,0.0,0.0
2014-09-10,199.42999267578125,200.1999969482422,198.77000427246094,200.07000732421875,163.58865356445312,67251000,0.0,0.0,0.0
2014-09-11,199.27000427246094,200.3300018310547,199.1199951171875,200.3000030517578,163.7766876220703,66774400,0.0,0.0,0.0
2014-09-12,200.10000610351562,200.1199951171875,198.55999755859375,199.1300048828125,162.82005310058594,117409300,0.0,0.0,0.0
2014-09-15,199.16000366210938,199.32000732421875,198.3800048828125,198.97999572753906,162.6973876953125,76401000,0.0,0.0,0.0
2014-09-16,198.61000061035156,200.83999633789062,198.5,200.47999572753906,163.9238739013672,116201000,0.0,0.0,0.0
2014-09-17,200.77000427246094,201.67999267578125,199.75,200.75,164.1446533203125,151266000,0.0,0.0,0.0
2014-09-18,201.36000061035156,201.85000610351562,201.10000610351562,201.82000732421875,165.01951599121094,94990000,0.0,0.0,0.0
2014-09-19,201.52000427246094,201.89999389648438,200.2899932861328,200.6999969482422,164.87083435058594,121649000,0.939,0.0,0.0
2014-09-22,200.35000610351562,200.3800048828125,198.72999572753906,199.14999389648438,163.59756469726562,125553000,0.0,0.0,0.0
2014-09-23,198.42999267578125,199.25999450683594,197.9499969482422,198.00999450683594,162.66107177734375,111393000,0.0,0.0,0.0
2014-09-24,198.0399932861328,199.69000244140625,197.52000427246094,199.55999755859375,163.93435668945312,107276000,0.0,0.0,0.0
2014-09-25,199.0399932861328,199.0500030517578,196.27000427246094,196.33999633789062,161.28921508789062,150300000,0.0,0.0,0.0
2014-09-26,196.6999969482422,198.38999938964844,196.4199981689453,197.89999389648438,162.5706787109375,103547000,0.0,0.0,0.0
2014-09-29,196.1999969482422,197.88999938964844,196.0500030517578,197.5399932861328,162.27500915527344,95112000,0.0,0.0,0.0
2014-09-30,197.69000244140625,198.3000030517578,196.61000061035156,197.02000427246094,161.84774780273438,131302000,0.0,0.0,0.0
2014-10-01,196.6999969482422,196.77000427246094,193.91000366210938,194.35000610351562,159.65444946289062,177798000,0.0,0.0,0.0
2014-10-02,194.17999267578125,195.05999755859375,192.35000610351562,194.3800048828125,159.67913818359375,157285000,0.0,0.0,0.0
2014-10-03,195.67999267578125,196.94000244140625,195.0800018310547,196.52000427246094,161.4370574951172,121569000,0.0,0.0,0.0
2014-10-06,197.33999633789062,197.60000610351562,195.5800018310547,196.2899932861328,161.24813842773438,104778000,0.0,0.0,0.0
2014-10-07,195.27999877929688,195.72000122070312,193.22000122070312,193.25999450683594,158.75901794433594,147913000,0.0,0.0,0.0
2014-10-08,193.3699951171875,196.9199981689453,192.36000061035156,196.63999938964844,161.53561401367188,186461000,0.0,0.0,0.0
2014-10-09,196.3300018310547,196.60000610351562,192.5800018310547,192.74000549316406,158.33184814453125,210705000,0.0,0.0,0.0
2014-10-10,192.69000244140625,193.64999389648438,190.49000549316406,190.5399932861328,156.5246124267578,221909000,0.0,0.0,0.0
2014-10-13,190.4600067138672,191.14999389648438,187.3000030517578,187.41000366210938,153.95338439941406,230939000,0.0,0.0,0.0
2014-10-14,188.4199981689453,189.82000732421875,187.0399932861328,187.6999969482422,154.191650390625,215847000,0.0,0.0,0.0
2014-10-15,185.16000366210938,187.69000244140625,181.9199981689453,186.42999267578125,153.14837646484375,380715000,0.0,0.0,0.0
2014-10-16,183.05999755859375,187.5800018310547,182.88999938964844,186.27000427246094,153.0168914794922,270391000,0.0,0.0,0.0
2014-10-17,188.4199981689453,189.75,187.6199951171875,188.47000122070312,154.8241729736328,214625000,0.0,0.0,0.0
2014-10-20,188.1300048828125,190.4499969482422,188.07000732421875,190.3000030517578,156.32745361328125,130011000,0.0,0.0,0.0
2014-10-21,191.67999267578125,194.1999969482422,191.47999572753906,194.07000732421875,159.42442321777344,154949000,0.0,0.0,0.0
2014-10-22,194.41000366210938,194.91000366210938,192.61000061035156,192.69000244140625,158.29083251953125,151822000,0.0,0.0,0.0
2014-10-23,194.6199951171875,196.1999969482422,194.25999450683594,194.92999267578125,160.13087463378906,154944000,0.0,0.0,0.0
2014-10-24,195.25,196.49000549316406,194.49000549316406,196.42999267578125,161.36314392089844,117927000,0.0,0.0,0.0
2014-10-27,195.72999572753906,196.4499969482422,195.02999877929688,196.16000366210938,161.1414031982422,82954000,0.0,0.0,0.0
2014-10-28,196.82000732421875,198.4199981689453,196.72999572753906,198.41000366210938,162.98963928222656,106736000,0.0,0.0,0.0
2014-10-29,198.5500030517578,199.1199951171875,196.8000030517578,198.11000061035156,162.7432098388672,142557000,0.0,0.0,0.0
2014-10-30,197.5800018310547,199.9499969482422,197.39999389648438,199.3800048828125,163.78648376464844,113330000,0.0,0.0,0.0
2014-10-31,201.77999877929688,201.82000732421875,200.77000427246094,201.66000366210938,165.6594696044922,146903000,0.0,0.0,0.0
2014-11-03,201.9199981689453,202.4499969482422,201.30999755859375,201.77000427246094,165.7498321533203,93600000,0.0,0.0,0.0
2014-11-04,201.22999572753906,201.60000610351562,200.05999755859375,201.07000732421875,165.17481994628906,93343000,0.0,0.0,0.0
2014-11-05,202.5399932861328,202.58999633789062,201.4499969482422,202.33999633789062,166.2180938720703,91709000,0.0,0.0,0.0
2014-11-06,202.38999938964844,203.25999450683594,201.63999938964844,203.14999389648438,166.88348388671875,107089000,0.0,0.0,0.0
2014-11-07,203.1699981689453,203.60000610351562,202.61000061035156,203.33999633789062,167.03956604003906,89540000,0.0,0.0,0.0
2014-11-10,203.3800048828125,204.0399932861328,203.1300048828125,203.97999572753906,167.56533813476562,66319000,0.0,0.0,0.0
2014-11-11,204.05999755859375,204.30999755859375,203.64999389648438,204.17999267578125,167.7295684814453,54499400,0.0,0.0,0.0
2014-11-12,203.35000610351562,204.24000549316406,203.30999755859375,203.9600067138672,167.54884338378906,90120300,0.0,0.0,0.0
2014-11-13,204.16000366210938,204.8300018310547,203.2100067138672,204.19000244140625,167.73785400390625,85357900,0.0,0.0,0.0
2014-11-14,204.10000610351562,204.49000549316406,203.72000122070312,204.24000549316406,167.7788543701172,80417500,0.0,0.0,0.0
2014-11-17,203.85000610351562,204.5800018310547,203.64999389648438,204.3699951171875,167.88571166992188,80441000,0.0,0.0,0.0
2014-11-18,204.44000244140625,205.9199981689453,204.44000244140625,205.5500030517578,168.85507202148438,76068100,0.0,0.0,0.0
2014-11-19,205.30999755859375,205.5500030517578,204.3000030517578,205.22000122070312,168.58392333984375,82373000,0.0,0.0,0.0
2014-11-20,204.25999450683594,205.7100067138672,204.17999267578125,205.5800018310547,168.87966918945312,72840300,0.0,0.0,0.0
2014-11-21,207.63999938964844,207.83999633789062,205.97999572753906,206.67999267578125,169.7832794189453,142327300,0.0,0.0,0.0
2014-11-24,207.1699981689453,207.38999938964844,206.91000366210938,207.25999450683594,170.25978088378906,65880800,0.0,0.0,0.0
2014-11-25,207.5399932861328,207.7899932861328,206.8000030517578,207.11000061035156,170.1365203857422,79108300,0.0,0.0,0.0
2014-11-26,207.2899932861328,207.75999450683594,207.02999877929688,207.63999938964844,170.5718994140625,62167800,0.0,0.0,0.0
2014-11-28,207.49000549316406,207.8699951171875,206.91000366210938,207.1999969482422,170.21044921875,57890100,0.0,0.0,0.0
2014-12-01,206.39999389648438,206.5399932861328,205.3800048828125,205.75999450683594,169.02752685546875,103968400,0.0,0.0,0.0
2014-12-02,205.80999755859375,207.33999633789062,205.77999877929688,207.08999633789062,170.1201171875,74507200,0.0,0.0,0.0
2014-12-03,207.3000030517578,208.14999389648438,207.10000610351562,207.88999938964844,170.77732849121094,68952000,0.0,0.0,0.0
2014-12-04,207.5399932861328,208.27000427246094,206.6999969482422,207.66000366210938,170.58837890625,91316600,0.0,0.0,0.0
2014-12-05,207.8699951171875,208.47000122070312,207.5500030517578,208.0,170.86764526367188,91025500,0.0,0.0,0.0
2014-12-08,207.52000427246094,208.1199951171875,205.92999267578125,206.61000061035156,169.72576904296875,108588200,0.0,0.0,0.0
2014-12-09,204.3699951171875,206.60000610351562,203.91000366210938,206.47000122070312,169.6107940673828,125180100,0.0,0.0,0.0
2014-12-10,205.91000366210938,205.97999572753906,202.92999267578125,203.16000366210938,166.8916778564453,159856400,0.0,0.0,0.0
2014-12-11,203.8800048828125,206.19000244140625,203.7100067138672,204.19000244140625,167.73785400390625,159012800,0.0,0.0,0.0
2014-12-12,202.63999938964844,203.82000732421875,200.85000610351562,200.88999938964844,165.0269012451172,202330200,0.0,0.0,0.0
2014-12-15,201.97999572753906,202.52999877929688,198.77999877929688,199.50999450683594,163.89328002929688,189965800,0.0,0.0,0.0
2014-12-16,198.5800018310547,202.39999389648438,197.86000061035156,197.91000366210938,162.5789031982422,259543800,0.0,0.0,0.0
2014-12-17,198.44000244140625,202.33999633789062,198.2899932861328,201.7899932861328,165.76625061035156,253910100,0.0,0.0,0.0
2014-12-18,204.74000549316406,212.97000122070312,203.9199981689453,206.77999877929688,169.86546325683594,257633900,0.0,0.0,0.0
2014-12-19,206.42999267578125,207.3300018310547,205.61000061035156,206.52000427246094,170.58822631835938,245084600,1.135,0.0,0.0
2014-12-22,206.75,207.47000122070312,206.4600067138672,207.47000122070312,171.3729248046875,148318900,0.0,0.0,0.0
2014-12-23,208.1699981689453,208.22999572753906,207.39999389648438,207.75,171.60418701171875,122167900,0.0,0.0,0.0
2014-12-24,208.02000427246094,208.33999633789062,207.72000122070312,207.77000427246094,171.62071228027344,42963400,0.0,0.0,0.0
2014-12-26,208.30999755859375,208.85000610351562,208.25,208.44000244140625,172.1741485595703,57326700,0.0,0.0,0.0
2014-12-29,208.22000122070312,208.97000122070312,208.13999938964844,208.72000122070312,172.40542602539062,79643900,0.0,0.0,0.0
2014-12-30,208.2100067138672,208.3699951171875,207.50999450683594,207.60000610351562,171.48028564453125,73540800,0.0,0.0,0.0
2014-12-31,207.99000549316406,208.19000244140625,205.38999938964844,205.5399932861328,169.77874755859375,130333800,0.0,0.0,0.0
2015-01-02,206.3800048828125,206.8800048828125,204.17999267578125,205.42999267578125,169.68788146972656,121465900,0.0,0.0,0.0
2015-01-05,204.1699981689453,204.3699951171875,201.35000610351562,201.72000122070312,166.62338256835938,169632600,0.0,0.0,0.0
2015-01-06,202.08999633789062,202.72000122070312,198.86000061035156,199.82000732421875,165.0538787841797,209151400,0.0,0.0,0.0
2015-01-07,201.4199981689453,202.72000122070312,200.8800048828125,202.30999755859375,167.1107177734375,125346700,0.0,0.0,0.0
2015-01-08,204.00999450683594,206.16000366210938,203.99000549316406,205.89999389648438,170.07608032226562,147217800,0.0,0.0,0.0
2015-01-09,206.39999389648438,206.4199981689453,203.50999450683594,204.25,168.71311950683594,158567300,0.0,0.0,0.0
2015-01-12,204.41000366210938,204.60000610351562,201.9199981689453,202.64999389648438,167.39157104492188,144396100,0.0,0.0,0.0
2015-01-13,204.1199951171875,205.47999572753906,200.50999450683594,202.0800018310547,166.92068481445312,214553300,0.0,0.0,0.0
2015-01-14,199.64999389648438,201.10000610351562,198.57000732421875,200.86000061035156,165.9129638671875,192991100,0.0,0.0,0.0
2015-01-15,201.6300048828125,202.00999450683594,198.8800048828125,199.02000427246094,164.39312744140625,176613900,0.0,0.0,0.0
2015-01-16,198.77000427246094,201.82000732421875,198.5500030517578,201.6300048828125,166.54901123046875,211879600,0.0,0.0,0.0
2015-01-20,202.39999389648438,202.72000122070312,200.1699981689453,202.05999755859375,166.9041748046875,130991100,0.0,0.0,0.0
2015-01-21,201.5,203.66000366210938,200.94000244140625,203.0800018310547,167.74671936035156,122942700,0.0,0.0,0.0
2015-01-22,203.99000549316406,206.25999450683594,202.3300018310547,206.10000610351562,170.24127197265625,174356000,0.0,0.0,0.0
2015-01-23,205.7899932861328,206.10000610351562,204.80999755859375,204.97000122070312,169.30783081054688,117516800,0.0,0.0,0.0
2015-01-26,204.7100067138672,205.55999755859375,203.85000610351562,205.4499969482422,169.7043914794922,92009700,0.0,0.0,0.0
2015-01-27,202.97000122070312,204.1199951171875,201.74000549316406,202.74000549316406,167.4658660888672,134044600,0.0,0.0,0.0
2015-01-28,204.1699981689453,204.2899932861328,199.91000366210938,200.13999938964844,165.31826782226562,168514300,0.0,0.0,0.0
2015-01-29,200.3800048828125,202.3000030517578,198.67999267578125,201.99000549316406,166.8463134765625,173585400,0.0,0.0,0.0
2015-01-30,200.57000732421875,202.1699981689453,199.1300048828125,199.4499969482422,164.74832153320312,197729700,0.0,0.0,0.0
2015-02-02,200.0500030517578,202.02999877929688,197.86000061035156,201.9199981689453,166.78851318359375,163107000,0.0,0.0,0.0
2015-02-03,203.0,204.85000610351562,202.5500030517578,204.83999633789062,169.20050048828125,124212900,0.0,0.0,0.0
2015-02-04,203.9199981689453,205.3800048828125,203.50999450683594,204.05999755859375,168.5562286376953,134306700,0.0,0.0,0.0
2015-02-05,204.86000061035156,206.3000030517578,204.77000427246094,206.1199951171875,170.25778198242188,97953200,0.0,0.0,0.0
2015-02-06,206.55999755859375,207.24000549316406,204.9199981689453,205.5500030517578,169.78700256347656,125672000,0.0,0.0,0.0
2015-02-09,204.77000427246094,205.63999938964844,204.13999938964844,204.6300048828125,169.0270233154297,87219000,0.0,0.0,0.0
2015-02-10,205.8800048828125,207.1199951171875,204.67999267578125,206.80999755859375,170.82769775390625,96164200,0.0,0.0,0.0
2015-02-11,206.61000061035156,207.4499969482422,205.8300018310547,206.92999267578125,170.92684936523438,91087800,0.0,0.0,0.0
2015-02-12,207.88999938964844,208.99000549316406,206.97000122070312,208.9199981689453,172.5706329345703,97545900,0.0,0.0,0.0
2015-02-13,209.07000732421875,209.83999633789062,208.75999450683594,209.77999877929688,173.28103637695312,93670400,0.0,0.0,0.0
2015-02-17,209.39999389648438,210.32000732421875,209.10000610351562,210.11000061035156,173.55361938476562,76968200,0.0,0.0,0.0
2015-02-18,209.66000366210938,210.22000122070312,209.33999633789062,210.1300048828125,173.5701446533203,80652900,0.0,0.0,0.0
2015-02-19,209.41000366210938,210.4199981689453,209.24000549316406,209.97999572753906,173.44619750976562,91462500,0.0,0.0,0.0
2015-02-20,209.47999572753906,211.3300018310547,208.72999572753906,211.24000549316406,174.48696899414062,140896400,0.0,0.0,0.0
2015-02-23,210.94000244140625,211.2100067138672,210.47999572753906,211.2100067138672,174.4622344970703,74411100,0.0,0.0,0.0
2015-02-24,211.1199951171875,212.0500030517578,210.75999450683594,211.80999755859375,174.95782470703125,72472300,0.0,0.0,0.0
2015-02-25,211.66000366210938,212.24000549316406,211.22000122070312,211.6300048828125,174.80911254882812,73061700,0.0,0.0,0.0
2015-02-26,211.52000427246094,211.7100067138672,210.64999389648438,211.3800048828125,174.6026611328125,72697900,0.0,0.0,0.0
2015-02-27,211.25999450683594,211.5800018310547,210.60000610351562,210.66000366210938,174.00791931152344,108076000,0.0,0.0,0.0
2015-03-02,210.77999877929688,212.05999755859375,210.72000122070312,211.99000549316406,175.1064910888672,87491400,0.0,0.0,0.0
2015-03-03,211.47000122070312,212.0500030517578,210.0800018310547,211.1199951171875,174.38787841796875,110325800,0.0,0.0,0.0
2015-03-04,210.39999389648438,210.49000549316406,209.05999755859375,210.22999572753906,173.65269470214844,114497200,0.0,0.0,0.0
2015-03-05,210.6199951171875,210.8000030517578,209.85000610351562,210.4600067138672,173.8426971435547,76873000,0.0,0.0,0.0
2015-03-06,209.4199981689453,209.94000244140625,207.10000610351562,207.5,171.39767456054688,188128000,0.0,0.0,0.0
2015-03-09,207.74000549316406,208.7899932861328,207.5500030517578,208.36000061035156,172.1080780029297,89818900,0.0,0.0,0.0
2015-03-10,206.7100067138672,206.80999755859375,204.92999267578125,204.97999572753906,169.316162109375,157121300,0.0,0.0,0.0
2015-03-11,205.2899932861328,205.5,204.39999389648438,204.5,168.91964721679688,110145700,0.0,0.0,0.0
2015-03-12,205.25999450683594,207.17999267578125,205.1999969482422,207.10000610351562,171.06729125976562,93993500,0.0,0.0,0.0
2015-03-13,206.77000427246094,207.92999267578125,204.5800018310547,205.8300018310547,170.01824951171875,162410900,0.0,0.0,0.0
2015-03-16,206.7100067138672,208.69000244140625,205.86000061035156,208.5800018310547,172.289794921875,136099200,0.0,0.0,0.0
2015-03-17,207.69000244140625,208.4199981689453,206.97999572753906,207.9600067138672,171.77760314941406,94510400,0.0,0.0,0.0
2015-03-18,207.38999938964844,211.27000427246094,206.6199951171875,210.4600067138672,173.8426971435547,228808500,0.0,0.0,0.0
2015-03-19,209.9600067138672,210.47000122070312,209.02999877929688,209.5,173.0497283935547,117917300,0.0,0.0,0.0
2015-03-20,209.7100067138672,211.02000427246094,209.49000549316406,210.41000366210938,174.57723999023438,177715100,0.931,0.0,0.0
2015-03-23,210.4199981689453,211.11000061035156,210.0,210.0,174.23699951171875,71784500,0.0,0.0,0.0
2015-03-24,209.85000610351562,210.39999389648438,208.74000549316406,208.82000732421875,173.2579803466797,77805300,0.0,0.0,0.0
2015-03-25,209.07000732421875,209.35000610351562,205.7100067138672,205.75999450683594,170.71910095214844,159521700,0.0,0.0,0.0
2015-03-26,204.9600067138672,206.3699951171875,204.1199951171875,205.27000427246094,170.31253051757812,153067200,0.0,0.0,0.0
2015-03-27,205.1300048828125,205.9499969482422,204.89999389648438,205.74000549316406,170.7025146484375,118939000,0.0,0.0,0.0
2015-03-30,206.97999572753906,208.61000061035156,206.9600067138672,208.25,172.78509521484375,96180400,0.0,0.0,0.0
2015-03-31,207.25999450683594,208.10000610351562,206.36000061035156,206.42999267578125,171.27500915527344,126768700,0.0,0.0,0.0
2015-04-01,206.38999938964844,206.4199981689453,204.50999450683594,205.6999969482422,170.6692657470703,137303600,0.0,0.0,0.0
2015-04-02,205.6199951171875,206.97999572753906,205.39999389648438,206.44000244140625,171.28329467773438,86900900,0.0,0.0,0.0
2015-04-06,205.3699951171875,208.4499969482422,205.2100067138672,207.8300018310547,172.43658447265625,114368200,0.0,0.0,0.0
2015-04-07,207.86000061035156,208.75999450683594,207.24000549316406,207.27999877929688,171.98019409179688,81236300,0.0,0.0,0.0
2015-04-08,207.5500030517578,208.50999450683594,207.0800018310547,207.97999572753906,172.56100463867188,89351900,0.0,0.0,0.0
2015-04-09,207.77999877929688,209.17999267578125,207.19000244140625,208.89999389648438,173.32431030273438,85548900,0.0,0.0,0.0
2015-04-10,209.1999969482422,210.08999633789062,208.9600067138672,210.0399932861328,174.27017211914062,72722900,0.0,0.0,0.0
2015-04-13,209.8699951171875,210.6300048828125,209.02999877929688,209.08999633789062,173.48202514648438,74436600,0.0,0.0,0.0
2015-04-14,208.85000610351562,209.7100067138672,208.10000610351562,209.49000549316406,173.81385803222656,75099900,0.0,0.0,0.0
2015-04-15,210.0500030517578,211.0399932861328,209.9499969482422,210.42999267578125,174.59375,99529300,0.0,0.0,0.0
2015-04-16,210.02999877929688,210.97999572753906,209.7899932861328,210.3699951171875,174.54397583007812,68934900,0.0,0.0,0.0
2015-04-17,208.94000244140625,209.22999572753906,207.00999450683594,207.9499969482422,172.5361328125,191113200,0.0,0.0,0.0
2015-04-20,209.05999755859375,210.25,208.9600067138672,209.85000610351562,174.11256408691406,92189500,0.0,0.0,0.0
2015-04-21,210.6699981689453,210.86000061035156,209.24000549316406,209.60000610351562,173.90516662597656,72559800,0.0,0.0,0.0
2015-04-22,210.00999450683594,210.85000610351562,208.89999389648438,210.6300048828125,174.75970458984375,78264600,0.0,0.0,0.0
2015-04-23,210.14999389648438,211.94000244140625,210.00999450683594,211.16000366210938,175.199462890625,102585900,0.0,0.0,0.0
2015-04-24,211.66000366210938,211.97000122070312,211.11000061035156,211.64999389648438,175.6060791015625,61327400,0.0,0.0,0.0
2015-04-27,212.3300018310547,212.47999572753906,210.5399932861328,210.77000427246094,174.87588500976562,79358100,0.0,0.0,0.0
2015-04-28,210.74000549316406,211.5,209.3300018310547,211.44000244140625,175.43177795410156,86863500,0.0,0.0,0.0
2015-04-29,210.3699951171875,211.2899932861328,209.60000610351562,210.57000732421875,174.70999145507812,125684900,0.0,0.0,0.0
2015-04-30,209.8800048828125,210.35000610351562,207.6199951171875,208.4600067138672,172.95928955078125,161304900,0.0,0.0,0.0
2015-05-01,209.39999389648438,210.77000427246094,209.27999877929688,210.72000122070312,174.83438110351562,103399700,0.0,0.0,0.0
2015-05-04,211.22999572753906,212.02000427246094,211.10000610351562,211.32000732421875,175.3322296142578,70927200,0.0,0.0,0.0
2015-05-05,211.02999877929688,211.4600067138672,208.72999572753906,208.89999389648438,173.32431030273438,113326200,0.0,0.0,0.0
2015-05-06,209.55999755859375,209.92999267578125,206.75999450683594,208.0399932861328,172.61077880859375,135060200,0.0,0.0,0.0
2015-05-07,207.9199981689453,209.3800048828125,207.52000427246094,208.8699951171875,173.29946899414062,88244900,0.0,0.0,0.0
2015-05-08,210.8800048828125,211.86000061035156,210.77999877929688,211.6199951171875,175.58111572265625,155877300,0.0,0.0,0.0
2015-05-11,211.57000732421875,211.88999938964844,210.52000427246094,210.61000061035156,174.74314880371094,75708100,0.0,0.0,0.0
2015-05-12,209.61000061035156,210.6300048828125,208.6199951171875,209.97999572753906,174.22039794921875,119727600,0.0,0.0,0.0
2015-05-13,210.47000122070312,211.22000122070312,209.74000549316406,210.02000427246094,174.25363159179688,94667900,0.0,0.0,0.0
2015-05-14,211.24000549316406,212.32000732421875,210.91000366210938,212.2100067138672,176.0706329345703,95934000,0.0,0.0,0.0
2015-05-15,212.44000244140625,212.61000061035156,211.86000061035156,212.44000244140625,176.261474609375,76510100,0.0,0.0,0.0
2015-05-18,212.24000549316406,213.39999389648438,212.16000366210938,213.10000610351562,176.8091278076172,74549700,0.0,0.0,0.0
2015-05-19,213.24000549316406,213.57000732421875,212.69000244140625,213.02999877929688,176.7510223388672,72114600,0.0,0.0,0.0
2015-05-20,213.14999389648438,213.77999877929688,212.5,212.8800048828125,176.62655639648438,76857500,0.0,0.0,0.0
2015-05-21,212.7100067138672,213.75,212.50999450683594,213.5,177.1409454345703,64764600,0.0,0.0,0.0
2015-05-22,213.0399932861328,213.5399932861328,212.91000366210938,212.99000549316406,176.71786499023438,57433500,0.0,0.0,0.0
2015-05-26,212.39999389648438,212.91000366210938,210.1999969482422,210.6999969482422,174.8177947998047,124308600,0.0,0.0,0.0
2015-05-27,211.25,212.97999572753906,210.75999450683594,212.6999969482422,176.4771728515625,93214000,0.0,0.0,0.0
2015-05-28,212.3300018310547,212.58999633789062,211.6300048828125,212.4600067138672,176.278076171875,74974600,0.0,0.0,0.0
2015-05-29,212.3800048828125,212.42999267578125,210.82000732421875,211.13999938964844,175.1829071044922,124919600,0.0,0.0,0.0
2015-06-01,211.94000244140625,212.33999633789062,210.6199951171875,211.57000732421875,175.53965759277344,93338800,0.0,0.0,0.0
2015-06-02,211.02000427246094,212.19000244140625,210.27000427246094,211.36000061035156,175.3654022216797,91531000,0.0,0.0,0.0
2015-06-03,212.0,212.6699981689453,211.3300018310547,211.9199981689453,175.830078125,87820900,0.0,0.0,0.0
2015-06-04,211.07000732421875,211.86000061035156,209.75,210.1300048828125,174.34494018554688,151882800,0.0,0.0,0.0
2015-06-05,209.9499969482422,210.5800018310547,208.97999572753906,209.77000427246094,174.04620361328125,121704700,0.0,0.0,0.0
2015-06-08,209.63999938964844,209.82000732421875,208.38999938964844,208.47999572753906,172.97592163085938,89063300,0.0,0.0,0.0
2015-06-09,208.4499969482422,209.10000610351562,207.69000244140625,208.4499969482422,172.9509735107422,105034700,0.0,0.0,0.0
2015-06-10,209.3699951171875,211.41000366210938,209.3000030517578,210.9499969482422,175.0252685546875,134551300,0.0,0.0,0.0
2015-06-11,211.47999572753906,212.08999633789062,211.1999969482422,211.6300048828125,175.58944702148438,73876400,0.0,0.0,0.0
2015-06-12,210.63999938964844,211.47999572753906,209.67999267578125,210.00999450683594,174.2452850341797,135382400,0.0,0.0,0.0
2015-06-15,208.63999938964844,209.4499969482422,207.7899932861328,209.11000061035156,173.49859619140625,124384200,0.0,0.0,0.0
2015-06-16,208.92999267578125,210.35000610351562,208.72000122070312,210.25,174.4445037841797,85308200,0.0,0.0,0.0
2015-06-17,210.58999633789062,211.32000732421875,209.36000061035156,210.58999633789062,174.72659301757812,126708600,0.0,0.0,0.0
2015-06-18,211.30999755859375,213.33999633789062,210.6300048828125,212.77999877929688,176.5435791015625,165867900,0.0,0.0,0.0
2015-06-19,211.4600067138672,211.5500030517578,210.36000061035156,210.80999755859375,175.75990295410156,130478700,1.03,0.0,0.0
2015-06-22,211.91000366210938,212.58999633789062,211.63999938964844,211.88999938964844,176.66030883789062,70696000,0.0,0.0,0.0
2015-06-23,212.13999938964844,212.44000244140625,211.57000732421875,212.0399932861328,176.7853546142578,68476800,0.0,0.0,0.0
2015-06-24,211.72000122070312,212.1699981689453,210.47000122070312,210.5,175.5013885498047,92307300,0.0,0.0,0.0
2015-06-25,211.10000610351562,211.25,209.77000427246094,209.86000061035156,174.9678192138672,97107400,0.0,0.0,0.0
2015-06-26,210.2899932861328,210.5800018310547,209.16000366210938,209.82000732421875,174.9344940185547,104174800,0.0,0.0,0.0
2015-06-29,208.0500030517578,209.8300018310547,205.3300018310547,205.4199981689453,171.2660369873047,202621300,0.0,0.0,0.0
2015-06-30,207.25999450683594,207.32000732421875,205.27999877929688,205.85000610351562,171.6245574951172,182925100,0.0,0.0,0.0
2015-07-01,207.72999572753906,208.02999877929688,206.55999755859375,207.5,173.00025939941406,135979900,0.0,0.0,0.0
2015-07-02,208.07000732421875,208.27000427246094,206.80999755859375,207.30999755859375,172.84185791015625,104373700,0.0,0.0,0.0
2015-07-06,205.77000427246094,207.64999389648438,205.52999877929688,206.72000122070312,172.34988403320312,117975400,0.0,0.0,0.0
2015-07-07,206.9600067138672,208.1699981689453,204.11000061035156,208.02000427246094,173.4337921142578,173820200,0.0,0.0,0.0
2015-07-08,206.4199981689453,206.75999450683594,204.25,204.52999877929688,170.52401733398438,164020100,0.0,0.0,0.0
2015-07-09,207.0399932861328,207.35000610351562,204.77000427246094,204.89999389648438,170.83245849609375,144113100,0.0,0.0,0.0
2015-07-10,207.2899932861328,207.97999572753906,204.9499969482422,207.47999572753906,172.98355102539062,129456900,0.0,0.0,0.0
2015-07-13,208.99000549316406,209.89999389648438,208.94000244140625,209.77000427246094,174.89280700683594,106069400,0.0,0.0,0.0
2015-07-14,209.72000122070312,211.0500030517578,209.64999389648438,210.67999267578125,175.65150451660156,81709600,0.0,0.0,0.0
2015-07-15,210.72999572753906,211.27999877929688,210.0399932861328,210.61000061035156,175.59315490722656,97914100,0.0,0.0,0.0
2015-07-16,211.8699951171875,212.3000030517578,211.5800018310547,212.3000030517578,177.00218200683594,106683300,0.0,0.0,0.0
2015-07-17,212.2899932861328,212.5500030517578,211.8000030517578,212.47999572753906,177.1522216796875,89030000,0.0,0.0,0.0
2015-07-20,212.75,213.17999267578125,212.2100067138672,212.58999633789062,177.2439422607422,70446800,0.0,0.0,0.0
2015-07-21,212.42999267578125,212.74000549316406,211.38999938964844,211.75,176.54360961914062,77965000,0.0,0.0,0.0
2015-07-22,210.92999267578125,211.77000427246094,210.88999938964844,211.3699951171875,176.226806640625,88667900,0.0,0.0,0.0
2015-07-23,211.52999877929688,211.64999389648438,209.75,210.17999267578125,175.23460388183594,90509100,0.0,0.0,0.0
2015-07-24,210.3000030517578,210.3699951171875,207.60000610351562,208.0,173.41705322265625,117755000,0.0,0.0,0.0
2015-07-27,206.94000244140625,207.5500030517578,206.25999450683594,206.7899932861328,172.40821838378906,132361100,0.0,0.0,0.0
2015-07-28,207.7899932861328,209.5,206.8000030517578,209.3300018310547,174.5259552001953,123544800,0.0,0.0,0.0
2015-07-29,209.47999572753906,211.0399932861328,209.30999755859375,210.77000427246094,175.72653198242188,105791300,0.0,0.0,0.0
2015-07-30,210.16000366210938,211.02000427246094,209.4199981689453,210.82000732421875,175.76820373535156,91304400,0.0,0.0,0.0
2015-07-31,211.4199981689453,211.4499969482422,210.16000366210938,210.5,175.5013885498047,103266900,0.0,0.0,0.0
2015-08-03,210.4600067138672,210.52999877929688,208.64999389648438,209.7899932861328,174.9094696044922,113965700,0.0,0.0,0.0
2015-08-04,209.6999969482422,210.25,208.8000030517578,209.3800048828125,174.56765747070312,81820800,0.0,0.0,0.0
2015-08-05,210.4499969482422,211.30999755859375,209.72999572753906,210.07000732421875,175.14292907714844,85786800,0.0,0.0,0.0
2015-08-06,210.2899932861328,210.4199981689453,207.64999389648438,208.35000610351562,173.70895385742188,116030800,0.0,0.0,0.0
2015-08-07,208.16000366210938,208.33999633789062,206.8699951171875,207.9499969482422,173.37539672851562,117858000,0.0,0.0,0.0
2015-08-10,209.27999877929688,210.6699981689453,209.27999877929688,210.57000732421875,175.55987548828125,80270700,0.0,0.0,0.0
2015-08-11,208.97000122070312,209.47000122070312,207.75999450683594,208.6699981689453,173.9757080078125,126081400,0.0,0.0,0.0
2015-08-12,207.11000061035156,209.13999938964844,205.36000061035156,208.9199981689453,174.18411254882812,172123700,0.0,0.0,0.0
2015-08-13,208.72999572753906,209.5500030517578,208.00999450683594,208.66000366210938,173.96739196777344,89383300,0.0,0.0,0.0
2015-08-14,208.42999267578125,209.50999450683594,208.25999450683594,209.4199981689453,174.60096740722656,72786500,0.0,0.0,0.0
2015-08-17,208.7100067138672,210.58999633789062,208.16000366210938,210.58999633789062,175.5764617919922,79072600,0.0,0.0,0.0
2015-08-18,210.25999450683594,210.67999267578125,209.6999969482422,209.97999572753906,175.06788635253906,71692700,0.0,0.0,0.0
2015-08-19,209.08999633789062,210.00999450683594,207.35000610351562,208.32000732421875,173.68382263183594,172946000,0.0,0.0,0.0
2015-08-20,206.50999450683594,208.2899932861328,203.89999389648438,203.97000122070312,170.05709838867188,194327900,0.0,0.0,0.0
2015-08-21,201.72999572753906,203.94000244140625,197.52000427246094,197.8300018310547,164.93798828125,346588500,0.0,0.0,0.0
2015-08-24,187.49000549316406,197.47999572753906,182.39999389648438,189.5,157.99298095703125,507244300,0.0,0.0,0.0
2015-08-25,195.42999267578125,195.4499969482422,186.9199981689453,187.27000427246094,156.1337432861328,369833100,0.0,0.0,0.0
2015-08-26,192.0800018310547,194.7899932861328,188.3699951171875,194.4600067138672,162.12826538085938,339257000,0.0,0.0,0.0
2015-08-27,197.02000427246094,199.4199981689453,195.2100067138672,199.27000427246094,166.13861083984375,274143900,0.0,0.0,0.0
2015-08-28,198.5,199.83999633789062,197.9199981689453,199.27999877929688,166.14688110351562,160414400,0.0,0.0,0.0
2015-08-31,198.11000061035156,199.1300048828125,197.00999450683594,197.6699981689453,164.80459594726562,163298800,0.0,0.0,0.0
2015-09-01,193.1199951171875,194.77000427246094,190.72999572753906,191.77000427246094,159.8855743408203,256000400,0.0,0.0,0.0
2015-09-02,194.6199951171875,195.4600067138672,192.4199981689453,195.41000366210938,162.92031860351562,160269300,0.0,0.0,0.0
2015-09-03,196.25999450683594,198.0500030517578,194.9600067138672,195.5500030517578,163.037109375,152087800,0.0,0.0,0.0
2015-09-04,192.85000610351562,193.86000061035156,191.61000061035156,192.58999633789062,160.56922912597656,207081000,0.0,0.0,0.0
2015-09-08,195.94000244140625,197.61000061035156,195.1699981689453,197.42999267578125,164.60446166992188,116025700,0.0,0.0,0.0
2015-09-09,199.32000732421875,199.47000122070312,194.35000610351562,194.7899932861328,162.4033966064453,149347700,0.0,0.0,0.0
2015-09-10,194.55999755859375,197.22000122070312,194.25,195.85000610351562,163.28724670410156,158611100,0.0,0.0,0.0
2015-09-11,195.3800048828125,196.82000732421875,194.52999877929688,196.74000549316406,164.02919006347656,119691200,0.0,0.0,0.0
2015-09-14,196.9499969482422,197.00999450683594,195.42999267578125,196.00999450683594,163.42062377929688,79452000,0.0,0.0,0.0
2015-09-15,196.61000061035156,198.99000549316406,195.9600067138672,198.4600067138672,165.46327209472656,113806200,0.0,0.0,0.0
2015-09-16,198.82000732421875,200.41000366210938,198.41000366210938,200.17999267578125,166.897216796875,99581600,0.0,0.0,0.0
2015-09-17,200.02000427246094,202.88999938964844,199.27999877929688,199.72999572753906,166.52207946777344,276046600,0.0,0.0,0.0
2015-09-18,195.7100067138672,198.67999267578125,194.9600067138672,195.4499969482422,163.80087280273438,223657500,1.033,0.0,0.0
2015-09-21,196.44000244140625,197.67999267578125,195.2100067138672,196.4600067138672,164.64730834960938,105726200,0.0,0.0,0.0
2015-09-22,193.8800048828125,194.4600067138672,192.55999755859375,193.91000366210938,162.5102081298828,153890900,0.0,0.0,0.0
2015-09-23,194.11000061035156,194.6699981689453,192.91000366210938,193.60000610351562,162.25039672851562,92790600,0.0,0.0,0.0
2015-09-24,192.14999389648438,193.4499969482422,190.55999755859375,192.89999389648438,161.66378784179688,159378800,0.0,0.0,0.0
2015-09-25,194.63999938964844,195.0,191.80999755859375,192.85000610351562,161.6218719482422,155054800,0.0,0.0,0.0
2015-09-28,191.77999877929688,191.91000366210938,187.63999938964844,188.00999450683594,157.56564331054688,178515900,0.0,0.0,0.0
2015-09-29,188.27000427246094,189.74000549316406,186.92999267578125,188.1199951171875,157.65780639648438,159045600,0.0,0.0,0.0
2015-09-30,190.3699951171875,191.8300018310547,189.44000244140625,191.6300048828125,160.5994110107422,163452000,0.0,0.0,0.0
2015-10-01,192.0800018310547,192.49000549316406,189.82000732421875,192.1300048828125,161.01849365234375,131079000,0.0,0.0,0.0
2015-10-02,189.77000427246094,195.02999877929688,189.1199951171875,195.0,163.42373657226562,211003300,0.0,0.0,0.0
2015-10-05,196.4600067138672,198.74000549316406,196.3300018310547,198.47000122070312,166.33184814453125,126320800,0.0,0.0,0.0
2015-10-06,198.30999755859375,198.97999572753906,197.0,197.7899932861328,165.7619171142578,110274500,0.0,0.0,0.0
2015-10-07,198.89999389648438,199.8300018310547,197.47999572753906,199.41000366210938,167.11965942382812,124307300,0.0,0.0,0.0
2015-10-08,198.9499969482422,201.5500030517578,198.58999633789062,201.2100067138672,168.62814331054688,153055200,0.0,0.0,0.0
2015-10-09,201.3800048828125,201.89999389648438,200.5800018310547,201.3300018310547,168.72869873046875,107069200,0.0,0.0,0.0
2015-10-12,201.4199981689453,201.75999450683594,200.91000366210938,201.52000427246094,168.88795471191406,56395600,0.0,0.0,0.0
2015-10-13,200.64999389648438,202.16000366210938,200.0500030517578,200.25,167.82362365722656,88038700,0.0,0.0,0.0
2015-10-14,200.17999267578125,200.8699951171875,198.94000244140625,199.2899932861328,167.01905822753906,99106200,0.0,0.0,0.0
2015-10-15,200.0800018310547,202.36000061035156,199.63999938964844,202.35000610351562,169.58351135253906,134142200,0.0,0.0,0.0
2015-10-16,202.8300018310547,203.2899932861328,201.9199981689453,203.27000427246094,170.35458374023438,114580100,0.0,0.0,0.0
2015-10-19,202.5,203.3699951171875,202.1300048828125,203.3699951171875,170.43838500976562,76523900,0.0,0.0,0.0
2015-10-20,202.85000610351562,203.83999633789062,202.5500030517578,203.11000061035156,170.220458984375,78448500,0.0,0.0,0.0
2015-10-21,203.61000061035156,203.7899932861328,201.64999389648438,201.85000610351562,169.16455078125,102038000,0.0,0.0,0.0
2015-10-22,202.97999572753906,205.50999450683594,201.85000610351562,205.25999450683594,172.02230834960938,174911700,0.0,0.0,0.0
2015-10-23,207.25,207.9499969482422,206.3000030517578,207.50999450683594,173.9080352783203,144442300,0.0,0.0,0.0
2015-10-26,207.3000030517578,207.3699951171875,206.55999755859375,207.0,173.48057556152344,69033000,0.0,0.0,0.0
2015-10-27,206.1999969482422,207.0,205.7899932861328,206.60000610351562,173.14535522460938,77905800,0.0,0.0,0.0
2015-10-28,207.0,208.97999572753906,206.2100067138672,208.9499969482422,175.11483764648438,135906700,0.0,0.0,0.0
2015-10-29,208.35000610351562,209.27000427246094,208.2100067138672,208.8300018310547,175.0142364501953,90525500,0.0,0.0,0.0
2015-10-30,209.05999755859375,209.44000244140625,207.74000549316406,207.92999267578125,174.25999450683594,131076900,0.0,0.0,0.0
2015-11-02,208.32000732421875,210.6199951171875,208.1699981689453,210.38999938964844,176.32162475585938,86270800,0.0,0.0,0.0
2015-11-03,209.97000122070312,211.66000366210938,209.6999969482422,211.0,176.83287048339844,95246100,0.0,0.0,0.0
2015-11-04,211.35000610351562,211.5,209.72000122070312,210.36000061035156,176.2965087890625,96224500,0.0,0.0,0.0
2015-11-05,210.42999267578125,210.97999572753906,209.08999633789062,210.14999389648438,176.12046813964844,78408700,0.0,0.0,0.0
2015-11-06,209.74000549316406,210.32000732421875,208.4600067138672,210.0399932861328,176.02835083007812,110471500,0.0,0.0,0.0
2015-11-09,209.30999755859375,209.49000549316406,206.9499969482422,208.0800018310547,174.38571166992188,131008700,0.0,0.0,0.0
2015-11-10,207.50999450683594,208.60000610351562,207.19000244140625,208.55999755859375,174.7879180908203,75874600,0.0,0.0,0.0
2015-11-11,208.8800048828125,208.94000244140625,207.66000366210938,207.74000549316406,174.1007080078125,67846000,0.0,0.0,0.0
2015-11-12,206.5,207.05999755859375,204.82000732421875,204.83999633789062,171.6703338623047,121315200,0.0,0.0,0.0
2015-11-13,204.35000610351562,204.6699981689453,202.44000244140625,202.5399932861328,169.74281311035156,153577100,0.0,0.0,0.0
2015-11-16,202.32000732421875,205.69000244140625,202.17999267578125,205.6199951171875,172.32408142089844,117645200,0.0,0.0,0.0
2015-11-17,205.99000549316406,207.0399932861328,204.8800048828125,205.47000122070312,172.1982879638672,121123700,0.0,0.0,0.0
2015-11-18,206.0399932861328,208.89999389648438,205.99000549316406,208.72999572753906,174.93040466308594,121342500,0.0,0.0,0.0
2015-11-19,208.58999633789062,209.0500030517578,208.1999969482422,208.5500030517578,174.77960205078125,88220500,0.0,0.0,0.0
2015-11-20,209.4499969482422,210.1199951171875,208.86000061035156,209.30999755859375,175.41659545898438,94011500,0.0,0.0,0.0
2015-11-23,209.3800048828125,209.97999572753906,208.52000427246094,209.07000732421875,175.2153778076172,64931200,0.0,0.0,0.0
2015-11-24,207.8699951171875,209.8300018310547,207.41000366210938,209.35000610351562,175.45010375976562,98874400,0.0,0.0,0.0
2015-11-25,209.5,209.74000549316406,209.00999450683594,209.32000732421875,175.42491149902344,51980100,0.0,0.0,0.0
2015-11-27,209.42999267578125,209.8000030517578,208.86000061035156,209.55999755859375,175.62606811523438,37317800,0.0,0.0,0.0
2015-11-30,209.75,209.88999938964844,208.55999755859375,208.69000244140625,174.89691162109375,112822700,0.0,0.0,0.0
2015-12-01,209.44000244140625,210.82000732421875,209.11000061035156,210.67999267578125,176.564697265625,97858400,0.0,0.0,0.0
2015-12-02,210.6199951171875,211.0,208.22999572753906,208.52999877929688,174.76283264160156,108441300,0.0,0.0,0.0
2015-12-03,208.8300018310547,209.14999389648438,204.75,205.61000061035156,172.315673828125,166224200,0.0,0.0,0.0
2015-12-04,205.61000061035156,209.97000122070312,205.61000061035156,209.6199951171875,175.6763153076172,192913900,0.0,0.0,0.0
2015-12-07,209.22999572753906,209.72999572753906,207.1999969482422,208.35000610351562,174.61199951171875,102027100,0.0,0.0,0.0
2015-12-08,206.49000549316406,208.2899932861328,205.77999877929688,206.9499969482422,173.43865966796875,103372400,0.0,0.0,0.0
2015-12-09,206.19000244140625,208.67999267578125,204.17999267578125,205.33999633789062,172.08938598632812,162401500,0.0,0.0,0.0
2015-12-10,205.4199981689453,207.42999267578125,205.13999938964844,205.8699951171875,172.53350830078125,116128900,0.0,0.0,0.0
2015-12-11,203.35000610351562,204.13999938964844,201.50999450683594,201.8800048828125,169.1896514892578,211173300,0.0,0.0,0.0
2015-12-14,202.07000732421875,203.0500030517578,199.9499969482422,202.89999389648438,170.04449462890625,182385200,0.0,0.0,0.0
2015-12-15,204.6999969482422,206.11000061035156,202.8699951171875,205.02999877929688,171.82957458496094,154069600,0.0,0.0,0.0
2015-12-16,206.3699951171875,208.38999938964844,204.8000030517578,208.02999877929688,174.34376525878906,197017000,0.0,0.0,0.0
2015-12-17,208.39999389648438,208.47999572753906,204.83999633789062,204.86000061035156,171.68707275390625,173092500,0.0,0.0,0.0
2015-12-18,202.77000427246094,202.92999267578125,199.8300018310547,200.02000427246094,168.62852478027344,251393500,1.212,0.0,0.0
2015-12-21,201.41000366210938,201.8800048828125,200.08999633789062,201.6699981689453,170.01953125,99094300,0.0,0.0,0.0
2015-12-22,202.72000122070312,203.85000610351562,201.5500030517578,203.5,171.56227111816406,111026200,0.0,0.0,0.0
2015-12-23,204.69000244140625,206.07000732421875,204.5800018310547,206.02000427246094,173.6868438720703,110987200,0.0,0.0,0.0
2015-12-24,205.72000122070312,206.3300018310547,205.4199981689453,205.67999267578125,173.40016174316406,48539600,0.0,0.0,0.0
2015-12-28,204.86000061035156,205.25999450683594,203.94000244140625,205.2100067138672,173.00390625,65899900,0.0,0.0,0.0
2015-12-29,206.50999450683594,207.7899932861328,206.47000122070312,207.39999389648438,174.85028076171875,92640700,0.0,0.0,0.0
2015-12-30,207.11000061035156,207.2100067138672,205.75999450683594,205.92999267578125,173.61094665527344,63317700,0.0,0.0,0.0
2015-12-31,205.1300048828125,205.88999938964844,203.8699951171875,203.8699951171875,171.87428283691406,114877900,0.0,0.0,0.0
2016-01-04,200.49000549316406,201.02999877929688,198.58999633789062,201.02000427246094,169.4715576171875,222353500,0.0,0.0,0.0
2016-01-05,201.39999389648438,201.89999389648438,200.0500030517578,201.36000061035156,169.75816345214844,110845800,0.0,0.0,0.0
2016-01-06,198.33999633789062,200.05999755859375,197.60000610351562,198.82000732421875,167.61688232421875,152112600,0.0,0.0,0.0
2016-01-07,195.3300018310547,197.44000244140625,193.58999633789062,194.0500030517578,163.59542846679688,213436100,0.0,0.0,0.0
2016-01-08,195.19000244140625,195.85000610351562,191.5800018310547,191.9199981689453,161.79969787597656,209817200,0.0,0.0,0.0
2016-01-11,193.00999450683594,193.41000366210938,189.82000732421875,192.11000061035156,161.9598846435547,187941300,0.0,0.0,0.0
2016-01-12,193.82000732421875,194.5500030517578,191.13999938964844,193.66000366210938,163.2666473388672,172330500,0.0,0.0,0.0
2016-01-13,194.4499969482422,194.86000061035156,188.3800048828125,188.8300018310547,159.1947021484375,221168900,0.0,0.0,0.0
2016-01-14,189.5500030517578,193.25999450683594,187.66000366210938,191.92999267578125,161.80813598632812,240795600,0.0,0.0,0.0
2016-01-15,186.77000427246094,188.75999450683594,185.52000427246094,187.80999755859375,158.3347930908203,324846400,0.0,0.0,0.0
2016-01-19,189.9600067138672,190.11000061035156,186.1999969482422,188.05999755859375,158.5454864501953,195244400,0.0,0.0,0.0
2016-01-20,185.02999877929688,187.5,181.02000427246094,185.64999389648438,156.5137481689453,286547800,0.0,0.0,0.0
2016-01-21,186.2100067138672,188.8699951171875,184.63999938964844,186.69000244140625,157.39048767089844,195772900,0.0,0.0,0.0
2016-01-22,189.77999877929688,190.75999450683594,188.8800048828125,190.52000427246094,160.61949157714844,168319600,0.0,0.0,0.0
2016-01-25,189.9199981689453,190.14999389648438,187.41000366210938,187.63999938964844,158.19146728515625,130371700,0.0,0.0,0.0
2016-01-26,188.4199981689453,190.52999877929688,188.02000427246094,190.1999969482422,160.34963989257812,141036800,0.0,0.0,0.0
2016-01-27,189.5800018310547,191.55999755859375,187.05999755859375,188.1300048828125,158.60452270507812,185681700,0.0,0.0,0.0
2016-01-28,189.9600067138672,190.1999969482422,187.16000366210938,189.11000061035156,159.43075561523438,143798800,0.0,0.0,0.0
2016-01-29,190.02000427246094,193.8800048828125,189.8800048828125,193.72000122070312,163.3171844482422,210529300,0.0,0.0,0.0
2016-02-01,192.52999877929688,194.5800018310547,191.83999633789062,193.64999389648438,163.25820922851562,136061600,0.0,0.0,0.0
2016-02-02,191.9600067138672,191.97000122070312,189.5399932861328,190.16000366210938,160.31591796875,182564900,0.0,0.0,0.0
2016-02-03,191.41000366210938,191.77999877929688,187.10000610351562,191.3000030517578,161.2770233154297,205054900,0.0,0.0,0.0
2016-02-04,190.7100067138672,192.75,189.9600067138672,191.60000610351562,161.53001403808594,139531800,0.0,0.0,0.0
2016-02-05,190.99000549316406,191.6699981689453,187.1999969482422,187.9499969482422,158.45272827148438,180788300,0.0,0.0,0.0
2016-02-08,185.77000427246094,186.1199951171875,182.8000030517578,185.4199981689453,156.31985473632812,191526700,0.0,0.0,0.0
2016-02-09,183.36000061035156,186.94000244140625,183.1999969482422,185.42999267578125,156.32827758789062,184513100,0.0,0.0,0.0
2016-02-10,186.41000366210938,188.33999633789062,185.1199951171875,185.27000427246094,156.19345092773438,148214100,0.0,0.0,0.0
2016-02-11,182.33999633789062,184.10000610351562,181.08999633789062,182.86000061035156,154.16163635253906,219058900,0.0,0.0,0.0
2016-02-12,184.9600067138672,186.64999389648438,183.9600067138672,186.6300048828125,157.3399658203125,127632400,0.0,0.0,0.0
2016-02-16,188.77000427246094,189.80999755859375,187.6300048828125,189.77999877929688,159.99560546875,120250700,0.0,0.0,0.0
2016-02-17,191.16000366210938,193.32000732421875,191.00999450683594,192.8800048828125,162.60902404785156,136009500,0.0,0.0,0.0
2016-02-18,193.1999969482422,193.27000427246094,191.72000122070312,192.08999633789062,161.94302368164062,102343000,0.0,0.0,0.0
2016-02-19,191.1699981689453,192.17999267578125,190.4499969482422,192.0,161.8671417236328,114793000,0.0,0.0,0.0
2016-02-22,193.8699951171875,194.9499969482422,193.7899932861328,194.77999877929688,164.2108917236328,103640300,0.0,0.0,0.0
2016-02-23,194.0,194.32000732421875,192.17999267578125,192.32000732421875,162.13697814941406,111455300,0.0,0.0,0.0
2016-02-24,190.6300048828125,193.52999877929688,189.32000732421875,193.1999969482422,162.8788604736328,150812200,0.0,0.0,0.0
2016-02-25,193.72999572753906,195.5500030517578,192.8300018310547,195.5399932861328,164.85162353515625,110728300,0.0,0.0,0.0
2016-02-26,196.57000732421875,196.67999267578125,194.89999389648438,195.08999633789062,164.4722442626953,129833700,0.0,0.0,0.0
2016-02-29,195.11000061035156,196.22999572753906,193.3300018310547,193.55999755859375,163.18235778808594,125918100,0.0,0.0,0.0
2016-03-01,195.00999450683594,198.2100067138672,194.4499969482422,198.11000061035156,167.01821899414062,141799700,0.0,0.0,0.0
2016-03-02,197.74000549316406,199.05999755859375,197.25,199.0,167.7686004638672,102415000,0.0,0.0,0.0
2016-03-03,198.7899932861328,199.8000030517578,198.11000061035156,199.77999877929688,168.4261474609375,95172200,0.0,0.0,0.0
2016-03-04,200.00999450683594,201.35000610351562,199.02999877929688,200.42999267578125,168.97413635253906,129293600,0.0,0.0,0.0
2016-03-07,199.33999633789062,201.07000732421875,199.25,200.58999633789062,169.1090545654297,100219000,0.0,0.0,0.0
2016-03-08,199.32000732421875,199.9199981689453,198.2100067138672,198.39999389648438,167.2627410888672,123974900,0.0,0.0,0.0
2016-03-09,199.36000061035156,199.7899932861328,198.42999267578125,199.3800048828125,168.0889129638672,94801200,0.0,0.0,0.0
2016-03-10,199.9600067138672,201.07000732421875,197.3800048828125,199.5399932861328,168.22378540039062,156838700,0.0,0.0,0.0
2016-03-11,201.25999450683594,202.80999755859375,199.52000427246094,202.75999450683594,170.93849182128906,137964500,0.0,0.0,0.0
2016-03-14,202.16000366210938,203.0399932861328,201.77000427246094,202.5,170.71929931640625,73612000,0.0,0.0,0.0
2016-03-15,201.36000061035156,202.52999877929688,201.0500030517578,202.1699981689453,170.44105529785156,93169100,0.0,0.0,0.0
2016-03-16,201.60000610351562,203.82000732421875,201.5500030517578,203.33999633789062,171.42747497558594,129303200,0.0,0.0,0.0
2016-03-17,203.24000549316406,205.22999572753906,202.77000427246094,204.6300048828125,172.51499938964844,134278500,0.0,0.0,0.0
2016-03-18,204.1699981689453,204.77999877929688,203.8000030517578,204.3800048828125,173.1929473876953,138372400,1.05,0.0,0.0
2016-03-21,204.07000732421875,204.94000244140625,203.8000030517578,204.6699981689453,173.4385986328125,72926700,0.0,0.0,0.0
2016-03-22,203.75999450683594,205.22999572753906,203.57000732421875,204.55999755859375,173.34544372558594,97471900,0.0,0.0,0.0
2016-03-23,204.11000061035156,204.3300018310547,203.00999450683594,203.2100067138672,172.20144653320312,81052500,0.0,0.0,0.0
2016-03-24,202.0,203.16000366210938,201.74000549316406,203.1199951171875,172.12521362304688,84360900,0.0,0.0,0.0
2016-03-28,203.61000061035156,203.86000061035156,202.7100067138672,203.24000549316406,172.2268829345703,62408200,0.0,0.0,0.0
2016-03-29,202.75999450683594,205.25,202.39999389648438,205.1199951171875,173.81993103027344,92922900,0.0,0.0,0.0
2016-03-30,206.3000030517578,206.8699951171875,205.58999633789062,206.02000427246094,174.58267211914062,86365300,0.0,0.0,0.0
2016-03-31,205.91000366210938,206.41000366210938,205.3300018310547,205.52000427246094,174.1589813232422,94584100,0.0,0.0,0.0
2016-04-01,204.35000610351562,207.13999938964844,203.97999572753906,206.9199981689453,175.3453369140625,114423500,0.0,0.0,0.0
2016-04-04,206.8300018310547,207.07000732421875,205.88999938964844,206.25,174.77755737304688,63497000,0.0,0.0,0.0
2016-04-05,204.6699981689453,206.25999450683594,203.88999938964844,204.19000244140625,173.03192138671875,99662200,0.0,0.0,0.0
2016-04-06,204.19000244140625,206.49000549316406,203.97999572753906,206.4199981689453,174.92156982421875,91839800,0.0,0.0,0.0
2016-04-07,205.13999938964844,205.55999755859375,203.08999633789062,203.9499969482422,172.82847595214844,113859000,0.0,0.0,0.0
2016-04-08,205.33999633789062,205.85000610351562,203.8699951171875,204.5,173.29461669921875,95040600,0.0,0.0,0.0
2016-04-11,205.25,206.07000732421875,203.91000366210938,204.02000427246094,172.88787841796875,83757500,0.0,0.0,0.0
2016-04-12,204.22000122070312,206.25,203.6999969482422,205.9199981689453,174.49794006347656,115350600,0.0,0.0,0.0
2016-04-13,207.0,208.10000610351562,206.83999633789062,208.0,176.26046752929688,96336400,0.0,0.0,0.0
2016-04-14,208.07000732421875,208.60000610351562,207.60000610351562,208.00999450683594,176.2689666748047,65212900,0.0,0.0,0.0
2016-04-15,208.00999450683594,208.1699981689453,207.39999389648438,207.77999877929688,176.07411193847656,75761600,0.0,0.0,0.0
2016-04-18,207.77999877929688,209.27999877929688,207.0,209.24000549316406,177.31129455566406,82531000,0.0,0.0,0.0
2016-04-19,209.74000549316406,210.1999969482422,208.94000244140625,209.89999389648438,177.87057495117188,88316100,0.0,0.0,0.0
2016-04-20,209.9499969482422,210.9199981689453,209.38999938964844,210.10000610351562,178.0401153564453,81100300,0.0,0.0,0.0
2016-04-21,210.1199951171875,210.25,208.64999389648438,208.97000122070312,177.08253479003906,85695000,0.0,0.0,0.0
2016-04-22,208.5500030517578,209.2899932861328,207.91000366210938,208.97000122070312,177.08253479003906,99251700,0.0,0.0,0.0
2016-04-25,208.25999450683594,208.66000366210938,207.5399932861328,208.61000061035156,176.77749633789062,66166500,0.0,0.0,0.0
2016-04-26,209.0399932861328,209.52000427246094,208.36000061035156,208.9199981689453,177.04014587402344,75864200,0.0,0.0,0.0
2016-04-27,208.47000122070312,209.80999755859375,208.0500030517578,209.35000610351562,177.40457153320312,77329400,0.0,0.0,0.0
2016-04-28,208.4600067138672,209.75999450683594,206.9600067138672,207.4499969482422,175.79443359375,97216200,0.0,0.0,0.0
2016-04-29,206.72000122070312,207.1300048828125,205.02999877929688,206.3300018310547,174.8453369140625,142424100,0.0,0.0,0.0
2016-05-02,206.9199981689453,208.17999267578125,206.41000366210938,207.97000122070312,176.235107421875,62188000,0.0,0.0,0.0
2016-05-03,206.52000427246094,206.8000030517578,205.27999877929688,206.16000366210938,174.7012939453125,106422100,0.0,0.0,0.0
2016-05-04,204.99000549316406,205.85000610351562,204.4199981689453,205.00999450683594,173.72677612304688,92243800,0.0,0.0,0.0
2016-05-05,205.55999755859375,205.97999572753906,204.47000122070312,204.97000122070312,173.69287109375,67619200,0.0,0.0,0.0
2016-05-06,204.05999755859375,205.77000427246094,203.8800048828125,205.72000122070312,174.32835388183594,89315000,0.0,0.0,0.0
2016-05-09,205.57000732421875,206.39999389648438,205.36000061035156,205.88999938964844,174.4724578857422,74374900,0.0,0.0,0.0
2016-05-10,206.72000122070312,208.47000122070312,206.63999938964844,208.4499969482422,176.64186096191406,77472200,0.0,0.0,0.0
2016-05-11,207.91000366210938,208.5399932861328,206.5,206.5,174.9893798828125,81727000,0.0,0.0,0.0
2016-05-12,207.2899932861328,207.49000549316406,205.3699951171875,206.55999755859375,175.04025268554688,89586300,0.0,0.0,0.0
2016-05-13,206.2100067138672,206.86000061035156,204.3800048828125,204.75999450683594,173.51492309570312,96474600,0.0,0.0,0.0
2016-05-16,204.9600067138672,207.33999633789062,204.88999938964844,206.77999877929688,175.22671508789062,77486800,0.0,0.0,0.0
2016-05-17,206.4600067138672,206.8000030517578,204.22999572753906,204.85000610351562,173.59117126464844,114924900,0.0,0.0,0.0
2016-05-18,204.44000244140625,206.3000030517578,203.6300048828125,204.91000366210938,173.6420135498047,120062100,0.0,0.0,0.0
2016-05-19,204.05999755859375,204.5399932861328,202.77999877929688,204.1999969482422,173.04043579101562,115430500,0.0,0.0,0.0
2016-05-20,204.9199981689453,206.10000610351562,204.86000061035156,205.49000549316406,174.13352966308594,104990400,0.0,0.0,0.0
2016-05-23,205.50999450683594,205.83999633789062,204.99000549316406,205.2100067138672,173.89622497558594,58682600,0.0,0.0,0.0
2016-05-24,206.1699981689453,208.24000549316406,206.13999938964844,207.8699951171875,176.15037536621094,93537800,0.0,0.0,0.0
2016-05-25,208.6699981689453,209.77000427246094,207.8699951171875,209.27999877929688,177.34519958496094,76621400,0.0,0.0,0.0
2016-05-26,209.44000244140625,209.7100067138672,208.97000122070312,209.33999633789062,177.39602661132812,55280700,0.0,0.0,0.0
2016-05-27,209.52999877929688,210.25,209.47000122070312,210.24000549316406,178.15869140625,64211200,0.0,0.0,0.0
2016-05-31,210.55999755859375,210.69000244140625,209.17999267578125,209.83999633789062,177.81973266601562,109879400,0.0,0.0,0.0
2016-06-01,209.1199951171875,210.47999572753906,208.88999938964844,210.27000427246094,178.18414306640625,69936200,0.0,0.0,0.0
2016-06-02,209.8000030517578,210.92999267578125,209.24000549316406,210.91000366210938,178.7265167236328,63044700,0.0,0.0,0.0
2016-06-03,210.25,210.69000244140625,208.86000061035156,210.27999877929688,178.19256591796875,101757100,0.0,0.0,0.0
2016-06-06,210.6999969482422,211.77000427246094,210.50999450683594,211.35000610351562,179.09938049316406,64887000,0.0,0.0,0.0
2016-06-07,211.52999877929688,212.33999633789062,211.5,211.67999267578125,179.3789520263672,60974800,0.0,0.0,0.0
2016-06-08,211.83999633789062,212.52000427246094,211.69000244140625,212.3699951171875,179.9636688232422,66170900,0.0,0.0,0.0
2016-06-09,211.50999450683594,212.22000122070312,211.19000244140625,212.0800018310547,179.71798706054688,73786900,0.0,0.0,0.0
2016-06-10,210.4600067138672,210.86000061035156,209.42999267578125,210.07000732421875,178.0146484375,113829200,0.0,0.0,0.0
2016-06-13,209.36000061035156,210.3699951171875,208.35000610351562,208.4499969482422,176.64186096191406,117751200,0.0,0.0,0.0
2016-06-14,208.0,208.74000549316406,206.9199981689453,208.0399932861328,176.29440307617188,125059300,0.0,0.0,0.0
2016-06-15,208.0399932861328,209.36000061035156,207.52999877929688,207.75,176.04864501953125,109124500,0.0,0.0,0.0
2016-06-16,207.75,208.57000732421875,205.58999633789062,208.3699951171875,176.57408142089844,149533100,0.0,0.0,0.0
2016-06-17,207.1699981689453,207.1999969482422,205.75,206.52000427246094,175.9164581298828,117055700,1.078,0.0,0.0
2016-06-20,208.82000732421875,209.61000061035156,207.75,207.85000610351562,177.04942321777344,82789600,0.0,0.0,0.0
2016-06-21,208.3000030517578,208.9199981689453,207.77999877929688,208.44000244140625,177.5519561767578,72461700,0.0,0.0,0.0
2016-06-22,208.64999389648438,209.5,207.92999267578125,208.10000610351562,177.26231384277344,95560500,0.0,0.0,0.0
2016-06-23,209.80999755859375,210.8699951171875,209.27000427246094,210.80999755859375,179.5707244873047,102731400,0.0,0.0,0.0
2016-06-24,203.6300048828125,210.85000610351562,202.72000122070312,203.24000549316406,173.12249755859375,333444400,0.0,0.0,0.0
2016-06-27,201.58999633789062,201.60000610351562,198.64999389648438,199.60000610351562,170.02194213867188,230775800,0.0,0.0,0.0
2016-06-28,201.47999572753906,203.22999572753906,201.1199951171875,203.1999969482422,173.08843994140625,159382400,0.0,0.0,0.0
2016-06-29,204.83999633789062,206.92999267578125,204.72000122070312,206.66000366210938,176.03573608398438,137328600,0.0,0.0,0.0
2016-06-30,207.2100067138672,209.5399932861328,206.55999755859375,209.47999572753906,178.43788146972656,165021900,0.0,0.0,0.0
2016-07-01,209.47999572753906,210.49000549316406,209.2899932861328,209.9199981689453,178.8126220703125,106055300,0.0,0.0,0.0
2016-07-05,208.9499969482422,209.0800018310547,207.7100067138672,208.41000366210938,177.5264129638672,109803700,0.0,0.0,0.0
2016-07-06,207.8300018310547,209.8000030517578,207.05999755859375,209.66000366210938,178.59115600585938,96021500,0.0,0.0,0.0
2016-07-07,209.8699951171875,210.64999389648438,208.6300048828125,209.52999877929688,178.48040771484375,85593800,0.0,0.0,0.0
2016-07-08,211.0500030517578,212.94000244140625,210.77999877929688,212.64999389648438,181.1380615234375,133971000,0.0,0.0,0.0
2016-07-11,213.19000244140625,214.07000732421875,212.9499969482422,213.39999389648438,181.77694702148438,73633900,0.0,0.0,0.0
2016-07-12,214.52999877929688,215.3000030517578,213.42999267578125,214.9499969482422,183.09727478027344,101275600,0.0,0.0,0.0
2016-07-13,215.44000244140625,215.4499969482422,214.35000610351562,214.9199981689453,183.07171630859375,87324100,0.0,0.0,0.0
2016-07-14,216.39999389648438,216.6699981689453,215.66000366210938,216.1199951171875,184.09388732910156,91230900,0.0,0.0,0.0
2016-07-15,216.77999877929688,217.00999450683594,215.30999755859375,215.8300018310547,183.8468780517578,107155400,0.0,0.0,0.0
2016-07-18,215.97000122070312,216.60000610351562,215.6699981689453,216.41000366210938,184.3408966064453,58725900,0.0,0.0,0.0
2016-07-19,215.9199981689453,216.22999572753906,215.6300048828125,216.19000244140625,184.15350341796875,54345700,0.0,0.0,0.0
2016-07-20,216.19000244140625,217.3699951171875,216.19000244140625,217.08999633789062,184.92013549804688,58159500,0.0,0.0,0.0
2016-07-21,216.9600067138672,217.22000122070312,215.75,216.27000427246094,184.22164916992188,67777300,0.0,0.0,0.0
2016-07-22,216.41000366210938,217.3000030517578,216.10000610351562,217.24000549316406,185.04794311523438,62787500,0.0,0.0,0.0
2016-07-25,217.0,217.05999755859375,215.97000122070312,216.64999389648438,184.54534912109375,55873100,0.0,0.0,0.0
2016-07-26,216.52999877929688,217.1699981689453,215.75999450683594,216.75,184.6305389404297,70080500,0.0,0.0,0.0
2016-07-27,217.19000244140625,217.27000427246094,215.6199951171875,216.52000427246094,184.4346160888672,84083900,0.0,0.0,0.0
2016-07-28,216.2899932861328,217.11000061035156,215.75,216.77000427246094,184.6475372314453,65035700,0.0,0.0,0.0
2016-07-29,216.4600067138672,217.5399932861328,216.1300048828125,217.1199951171875,184.94566345214844,79519400,0.0,0.0,0.0
2016-08-01,217.19000244140625,217.64999389648438,216.41000366210938,216.94000244140625,184.79237365722656,73311400,0.0,0.0,0.0
2016-08-02,216.64999389648438,216.8300018310547,214.57000732421875,215.5500030517578,183.60836791992188,92295500,0.0,0.0,0.0
2016-08-03,215.47999572753906,216.25,215.1300048828125,216.17999267578125,184.14495849609375,53993600,0.0,0.0,0.0
2016-08-04,216.30999755859375,216.77999877929688,214.25,216.41000366210938,184.3408966064453,46585500,0.0,0.0,0.0
2016-08-05,216.41000366210938,218.22999572753906,216.41000366210938,218.17999267578125,185.84860229492188,71892200,0.0,0.0,0.0
2016-08-08,218.39999389648438,218.52000427246094,217.74000549316406,218.0500030517578,185.7378692626953,39906500,0.0,0.0,0.0
2016-08-09,218.1300048828125,218.75999450683594,217.8000030517578,218.17999267578125,185.84860229492188,51251700,0.0,0.0,0.0
2016-08-10,218.30999755859375,218.39999389648438,217.22999572753906,217.63999938964844,185.3886260986328,57941100,0.0,0.0,0.0
2016-08-11,218.25999450683594,218.94000244140625,217.9499969482422,218.64999389648438,186.2489776611328,72504300,0.0,0.0,0.0
2016-08-12,218.2899932861328,218.7100067138672,217.99000549316406,218.4600067138672,186.08714294433594,61313500,0.0,0.0,0.0
2016-08-15,218.88999938964844,219.5,218.8800048828125,219.08999633789062,186.62380981445312,49813500,0.0,0.0,0.0
2016-08-16,218.60000610351562,218.67999267578125,217.9600067138672,217.9600067138672,185.66123962402344,53213600,0.0,0.0,0.0
2016-08-17,218.0,218.52999877929688,217.02000427246094,218.3699951171875,186.0104522705078,75134300,0.0,0.0,0.0
2016-08-18,218.33999633789062,218.89999389648438,218.2100067138672,218.86000061035156,186.42782592773438,52989300,0.0,0.0,0.0
2016-08-19,218.30999755859375,218.75,217.74000549316406,218.5399932861328,186.15528869628906,75443000,0.0,0.0,0.0
2016-08-22,218.25999450683594,218.8000030517578,217.8300018310547,218.52999877929688,186.14674377441406,61368800,0.0,0.0,0.0
2016-08-23,219.25,219.60000610351562,218.89999389648438,218.97000122070312,186.5215606689453,53399200,0.0,0.0,0.0
2016-08-24,218.8000030517578,218.91000366210938,217.36000061035156,217.85000610351562,185.56753540039062,71728900,0.0,0.0,0.0
2016-08-25,217.39999389648438,218.19000244140625,217.22000122070312,217.6999969482422,185.43971252441406,69224800,0.0,0.0,0.0
2016-08-26,217.9199981689453,219.1199951171875,216.25,217.2899932861328,185.0904998779297,122506300,0.0,0.0,0.0
2016-08-29,217.44000244140625,218.6699981689453,217.39999389648438,218.36000061035156,186.00192260742188,70502200,0.0,0.0,0.0
2016-08-30,218.25999450683594,218.58999633789062,217.35000610351562,218.0,185.6952667236328,58114500,0.0,0.0,0.0
2016-08-31,217.61000061035156,217.75,216.47000122070312,217.3800048828125,185.16714477539062,85269500,0.0,0.0,0.0
2016-09-01,217.3699951171875,217.72999572753906,216.02999877929688,217.38999938964844,185.17564392089844,97844200,0.0,0.0,0.0
2016-09-02,218.38999938964844,218.8699951171875,217.6999969482422,218.3699951171875,186.0104522705078,79293900,0.0,0.0,0.0
2016-09-06,218.6999969482422,219.1199951171875,217.86000061035156,219.02999877929688,186.5726318359375,56702100,0.0,0.0,0.0
2016-09-07,218.83999633789062,219.22000122070312,218.3000030517578,219.00999450683594,186.55560302734375,76554900,0.0,0.0,0.0
2016-09-08,218.6199951171875,218.94000244140625,218.14999389648438,218.50999450683594,186.12969970703125,74102900,0.0,0.0,0.0
2016-09-09,216.97000122070312,217.02999877929688,213.25,213.27999877929688,181.67471313476562,221589100,0.0,0.0,0.0
2016-09-12,212.38999938964844,216.80999755859375,212.30999755859375,216.33999633789062,184.28126525878906,168110900,0.0,0.0,0.0
2016-09-13,214.83999633789062,215.14999389648438,212.5,213.22999572753906,181.6321563720703,182828800,0.0,0.0,0.0
2016-09-14,213.2899932861328,214.6999969482422,212.5,213.14999389648438,181.5640106201172,134185500,0.0,0.0,0.0
2016-09-15,212.9600067138672,215.72999572753906,212.75,215.27999877929688,183.37832641601562,134427900,0.0,0.0,0.0
2016-09-16,213.47999572753906,213.69000244140625,212.57000732421875,213.3699951171875,182.66949462890625,155236400,1.082,0.0,0.0
2016-09-19,214.1300048828125,214.8800048828125,213.02999877929688,213.41000366210938,182.7037353515625,80250500,0.0,0.0,0.0
2016-09-20,214.41000366210938,214.58999633789062,213.3800048828125,213.4199981689453,182.71231079101562,69665300,0.0,0.0,0.0
2016-09-21,214.24000549316406,216.02999877929688,213.44000244140625,215.82000732421875,184.7670135498047,110284400,0.0,0.0,0.0
2016-09-22,217.0,217.52999877929688,216.7100067138672,217.17999267578125,185.93125915527344,76678700,0.0,0.0,0.0
2016-09-23,216.72000122070312,216.8800048828125,215.8800048828125,215.99000549316406,184.91250610351562,73630900,0.0,0.0,0.0
2016-09-26,215.02000427246094,215.22999572753906,214.00999450683594,214.24000549316406,183.41429138183594,89827300,0.0,0.0,0.0
2016-09-27,214.0500030517578,215.67999267578125,213.6199951171875,215.57000732421875,184.5529022216797,78494800,0.0,0.0,0.0
2016-09-28,215.8300018310547,216.82000732421875,214.7100067138672,216.63999938964844,185.46897888183594,87411000,0.0,0.0,0.0
2016-09-29,216.39999389648438,216.8699951171875,214.0399932861328,214.67999267578125,183.79100036621094,128070600,0.0,0.0,0.0
2016-09-30,215.64999389648438,217.1199951171875,215.36000061035156,216.3000030517578,185.17787170410156,117202900,0.0,0.0,0.0
2016-10-03,215.82000732421875,216.0399932861328,215.0399932861328,215.77999877929688,184.7327423095703,83512100,0.0,0.0,0.0
2016-10-04,215.91000366210938,216.1699981689453,213.99000549316406,214.67999267578125,183.79100036621094,119948100,0.0,0.0,0.0
2016-10-05,215.41000366210938,216.1300048828125,215.3300018310547,215.6300048828125,184.6042938232422,72816000,0.0,0.0,0.0
2016-10-06,215.3699951171875,216.0399932861328,214.74000549316406,215.77999877929688,184.7327423095703,62927400,0.0,0.0,0.0
2016-10-07,216.10000610351562,216.3000030517578,214.19000244140625,215.0399932861328,184.0991973876953,89788300,0.0,0.0,0.0
2016-10-10,216.16000366210938,216.6999969482422,215.99000549316406,216.16000366210938,185.0580291748047,51855000,0.0,0.0,0.0
2016-10-11,215.66000366210938,215.74000549316406,212.5800018310547,213.42999267578125,182.72084045410156,130367400,0.0,0.0,0.0
2016-10-12,213.58999633789062,214.32000732421875,213.00999450683594,213.7100067138672,182.96060180664062,73866100,0.0,0.0,0.0
2016-10-13,212.16000366210938,213.58999633789062,211.2100067138672,213.00999450683594,182.36126708984375,101357000,0.0,0.0,0.0
2016-10-14,214.14999389648438,214.69000244140625,213.02999877929688,213.1199951171875,182.45545959472656,93346200,0.0,0.0,0.0
2016-10-17,213.08999633789062,213.38999938964844,212.1699981689453,212.3800048828125,181.8219451904297,58275700,0.0,0.0,0.0
2016-10-18,214.24000549316406,214.30999755859375,213.27000427246094,213.7100067138672,182.96060180664062,76869700,0.0,0.0,0.0
2016-10-19,214.02000427246094,214.63999938964844,213.60000610351562,214.27999877929688,183.4485626220703,66519200,0.0,0.0,0.0
2016-10-20,213.8699951171875,214.52999877929688,213.11000061035156,213.8800048828125,183.1060791015625,73639800,0.0,0.0,0.0
2016-10-21,213.8800048828125,214.0800018310547,212.75999450683594,213.97999572753906,183.1916961669922,89089100,0.0,0.0,0.0
2016-10-24,215.0,215.32000732421875,214.47999572753906,214.88999938964844,183.9707794189453,60146600,0.0,0.0,0.0
2016-10-25,214.67999267578125,214.97999572753906,213.97999572753906,214.1699981689453,183.3543701171875,66542300,0.0,0.0,0.0
2016-10-26,213.2100067138672,214.4199981689453,212.92999267578125,213.74000549316406,182.9862823486328,75705500,0.0,0.0,0.0
2016-10-27,214.5800018310547,214.6199951171875,213.0800018310547,213.1699981689453,182.4982452392578,77220200,0.0,0.0,0.0
2016-10-28,213.13999938964844,213.92999267578125,211.7100067138672,212.5399932861328,181.95887756347656,140623200,0.0,0.0,0.0
2016-10-31,212.92999267578125,213.19000244140625,212.36000061035156,212.5500030517578,181.9674835205078,61272500,0.0,0.0,0.0
2016-11-01,212.92999267578125,212.99000549316406,209.60000610351562,211.00999450683594,180.6490936279297,122781800,0.0,0.0,0.0
2016-11-02,210.64999389648438,211.10000610351562,209.22999572753906,209.74000549316406,179.5618438720703,103330800,0.0,0.0,0.0
2016-11-03,209.99000549316406,210.24000549316406,208.4600067138672,208.77999877929688,178.7399139404297,88939300,0.0,0.0,0.0
2016-11-04,208.91000366210938,209.88999938964844,208.3800048828125,208.5500030517578,178.54302978515625,109122100,0.0,0.0,0.0
2016-11-07,208.5500030517578,213.19000244140625,208.5500030517578,213.14999389648438,182.48114013671875,109794900,0.0,0.0,0.0
2016-11-08,212.69000244140625,214.77000427246094,212.3800048828125,214.11000061035156,183.3030242919922,106772100,0.0,0.0,0.0
2016-11-09,212.3699951171875,217.10000610351562,212.33999633789062,216.3800048828125,185.24636840820312,258429000,0.0,0.0,0.0
2016-11-10,217.3000030517578,218.30999755859375,215.22000122070312,216.9199981689453,185.7086944580078,172113300,0.0,0.0,0.0
2016-11-11,216.0800018310547,216.6999969482422,215.32000732421875,216.4199981689453,185.2805938720703,100552700,0.0,0.0,0.0
2016-11-14,217.02999877929688,217.27000427246094,215.72000122070312,216.58999633789062,185.4262237548828,94580000,0.0,0.0,0.0
2016-11-15,217.0399932861328,218.27999877929688,216.8000030517578,218.27999877929688,186.8730010986328,91652600,0.0,0.0,0.0
2016-11-16,217.55999755859375,218.13999938964844,217.4199981689453,217.8699951171875,186.52198791503906,65617700,0.0,0.0,0.0
2016-11-17,218.0500030517578,219.05999755859375,217.9199981689453,218.99000549316406,187.48086547851562,69797200,0.0,0.0,0.0
2016-11-18,219.07000732421875,219.27000427246094,218.2899932861328,218.5,187.06138610839844,86265800,0.0,0.0,0.0
2016-11-21,219.1699981689453,220.17999267578125,219.0,220.14999389648438,188.47396850585938,72402600,0.0,0.0,0.0
2016-11-22,220.50999450683594,220.7899932861328,219.72999572753906,220.5800018310547,188.84210205078125,67429000,0.0,0.0,0.0
2016-11-23,219.97999572753906,220.75999450683594,219.75,220.6999969482422,188.94480895996094,56620200,0.0,0.0,0.0
2016-11-25,221.10000610351562,221.55999755859375,221.00999450683594,221.52000427246094,189.64678955078125,37872300,0.0,0.0,0.0
2016-11-28,221.16000366210938,221.47999572753906,220.36000061035156,220.47999572753906,188.7564697265625,76572500,0.0,0.0,0.0
2016-11-29,220.52000427246094,221.44000244140625,220.1699981689453,220.91000366210938,189.1245574951172,69886700,0.0,0.0,0.0
2016-11-30,221.6300048828125,221.82000732421875,220.30999755859375,220.3800048828125,188.67083740234375,113291800,0.0,0.0,0.0
2016-12-01,220.72999572753906,220.72999572753906,219.14999389648438,219.57000732421875,187.97738647460938,79040500,0.0,0.0,0.0
2016-12-02,219.6699981689453,220.25,219.25999450683594,219.67999267578125,188.07159423828125,74840300,0.0,0.0,0.0
2016-12-05,220.64999389648438,221.39999389648438,220.4199981689453,221.0,189.20164489746094,67837800,0.0,0.0,0.0
2016-12-06,221.22000122070312,221.74000549316406,220.66000366210938,221.6999969482422,189.8009490966797,59877400,0.0,0.0,0.0
2016-12-07,221.52000427246094,224.6699981689453,221.3800048828125,224.60000610351562,192.28369140625,110738100,0.0,0.0,0.0
2016-12-08,224.57000732421875,225.6999969482422,224.25999450683594,225.14999389648438,192.75453186035156,99714400,0.0,0.0,0.0
2016-12-09,225.41000366210938,226.52999877929688,225.3699951171875,226.50999450683594,193.91885375976562,88005800,0.0,0.0,0.0
2016-12-12,226.39999389648438,226.9600067138672,225.75999450683594,226.25,193.6962127685547,102016100,0.0,0.0,0.0
2016-12-13,227.02000427246094,228.33999633789062,227.0,227.75999450683594,194.98899841308594,110477500,0.0,0.0,0.0
2016-12-14,227.41000366210938,228.22999572753906,225.3699951171875,225.8800048828125,193.37954711914062,142501800,0.0,0.0,0.0
2016-12-15,226.16000366210938,227.80999755859375,225.88999938964844,226.80999755859375,194.17568969726562,124972600,0.0,0.0,0.0
2016-12-16,226.00999450683594,226.0800018310547,224.6699981689453,225.0399932861328,193.79592895507812,156420200,1.329,0.0,0.0
2016-12-19,225.25,226.02000427246094,225.0800018310547,225.52999877929688,194.21791076660156,90341100,0.0,0.0,0.0
2016-12-20,226.14999389648438,226.57000732421875,225.8800048828125,226.39999389648438,194.9670867919922,89838800,0.0,0.0,0.0
2016-12-21,226.25,226.4499969482422,225.77000427246094,225.77000427246094,194.424560546875,67909000,0.0,0.0,0.0
2016-12-22,225.60000610351562,225.74000549316406,224.9199981689453,225.3800048828125,194.0886993408203,56219100,0.0,0.0,0.0
2016-12-23,225.42999267578125,225.72000122070312,225.2100067138672,225.7100067138672,194.37290954589844,36697800,0.0,0.0,0.0
2016-12-27,226.02000427246094,226.72999572753906,226.0,226.27000427246094,194.8551483154297,42672500,0.0,0.0,0.0
2016-12-28,226.57000732421875,226.58999633789062,224.27000427246094,224.39999389648438,193.24472045898438,64095000,0.0,0.0,0.0
2016-12-29,224.47999572753906,224.88999938964844,223.83999633789062,224.35000610351562,193.2017059326172,48696100,0.0,0.0,0.0
2016-12-30,224.72999572753906,224.8300018310547,222.72999572753906,223.52999877929688,192.4955596923828,108998300,0.0,0.0,0.0
2017-01-03,225.0399932861328,225.8300018310547,223.8800048828125,225.24000549316406,193.96817016601562,91366500,0.0,0.0,0.0
2017-01-04,225.6199951171875,226.75,225.61000061035156,226.5800018310547,195.12213134765625,78744400,0.0,0.0,0.0
2017-01-05,226.27000427246094,226.5800018310547,225.47999572753906,226.39999389648438,194.9670867919922,78379000,0.0,0.0,0.0
2017-01-06,226.52999877929688,227.75,225.89999389648438,227.2100067138672,195.66464233398438,71559900,0.0,0.0,0.0
2017-01-09,226.91000366210938,227.07000732421875,226.4199981689453,226.4600067138672,195.01876831054688,46939700,0.0,0.0,0.0
2017-01-10,226.47999572753906,227.4499969482422,226.00999450683594,226.4600067138672,195.01876831054688,63771900,0.0,0.0,0.0
2017-01-11,226.36000061035156,227.10000610351562,225.58999633789062,227.10000610351562,195.56993103027344,74650000,0.0,0.0,0.0
2017-01-12,226.5,226.75,224.9600067138672,226.52999877929688,195.0790557861328,72113200,0.0,0.0,0.0
2017-01-13,226.72999572753906,227.39999389648438,226.69000244140625,227.0500030517578,195.52687072753906,62717900,0.0,0.0,0.0
2017-01-17,226.30999755859375,226.77999877929688,225.8000030517578,226.25,194.837890625,61240800,0.0,0.0,0.0
2017-01-18,226.5399932861328,226.8000030517578,225.89999389648438,226.75,195.2685546875,54793300,0.0,0.0,0.0
2017-01-19,226.83999633789062,227.0,225.41000366210938,225.91000366210938,194.5451202392578,66608800,0.0,0.0,0.0
2017-01-20,226.6999969482422,227.30999755859375,225.97000122070312,226.74000549316406,195.2598876953125,129168600,0.0,0.0,0.0
2017-01-23,226.74000549316406,226.80999755859375,225.27000427246094,226.14999389648438,194.75180053710938,75061600,0.0,0.0,0.0
2017-01-24,226.39999389648438,228.0800018310547,226.27000427246094,227.60000610351562,196.00048828125,95555300,0.0,0.0,0.0
2017-01-25,228.6999969482422,229.57000732421875,228.50999450683594,229.57000732421875,197.6969757080078,84437700,0.0,0.0,0.0
2017-01-26,229.39999389648438,229.7100067138672,229.00999450683594,229.3300018310547,197.49032592773438,59970700,0.0,0.0,0.0
2017-01-27,229.4199981689453,229.58999633789062,228.75999450683594,228.97000122070312,197.18028259277344,59711100,0.0,0.0,0.0
2017-01-30,228.1699981689453,228.1999969482422,226.41000366210938,227.5500030517578,195.9573974609375,79737300,0.0,0.0,0.0
2017-01-31,226.97999572753906,227.60000610351562,226.32000732421875,227.52999877929688,195.940185546875,75880800,0.0,0.0,0.0
2017-02-01,227.52999877929688,228.58999633789062,226.94000244140625,227.6199951171875,196.0177001953125,79117700,0.0,0.0,0.0
2017-02-02,227.6199951171875,228.10000610351562,226.82000732421875,227.77000427246094,196.1469268798828,69657600,0.0,0.0,0.0
2017-02-03,228.82000732421875,229.5500030517578,228.4600067138672,229.33999633789062,197.4989471435547,80563200,0.0,0.0,0.0
2017-02-06,228.8699951171875,229.3300018310547,228.5399932861328,228.92999267578125,197.1458740234375,57790100,0.0,0.0,0.0
2017-02-07,229.3800048828125,229.66000366210938,228.72000122070312,228.94000244140625,197.15444946289062,57931200,0.0,0.0,0.0
2017-02-08,228.94000244140625,229.38999938964844,228.30999755859375,229.24000549316406,197.4127655029297,51566200,0.0,0.0,0.0
2017-02-09,229.24000549316406,230.9499969482422,229.24000549316406,230.60000610351562,198.58401489257812,65955200,0.0,0.0,0.0
2017-02-10,231.0,231.77000427246094,230.6199951171875,231.50999450683594,199.3676300048828,66015900,0.0,0.0,0.0
2017-02-13,232.0800018310547,233.07000732421875,232.0500030517578,232.77000427246094,200.4526824951172,55182100,0.0,0.0,0.0
2017-02-14,232.55999755859375,233.7100067138672,232.16000366210938,233.6999969482422,201.25357055664062,71109000,0.0,0.0,0.0
2017-02-15,233.4499969482422,235.13999938964844,233.38999938964844,234.9199981689453,202.30421447753906,86785800,0.0,0.0,0.0
2017-02-16,234.9499969482422,235.16000366210938,233.85000610351562,234.72000122070312,202.1319580078125,84722400,0.0,0.0,0.0
2017-02-17,233.9499969482422,235.08999633789062,233.92999267578125,235.08999633789062,202.4505615234375,77204100,0.0,0.0,0.0
2017-02-21,235.52000427246094,236.69000244140625,235.50999450683594,236.49000549316406,203.65621948242188,88946100,0.0,0.0,0.0
2017-02-22,236.02000427246094,236.5399932861328,235.8300018310547,236.27999877929688,203.47537231445312,62115200,0.0,0.0,0.0
2017-02-23,236.8800048828125,236.89999389648438,235.55999755859375,236.44000244140625,203.6132049560547,74615900,0.0,0.0,0.0
2017-02-24,235.4600067138672,236.7899932861328,235.41000366210938,236.74000549316406,203.8715362548828,82381600,0.0,0.0,0.0
2017-02-27,236.63999938964844,237.30999755859375,236.35000610351562,237.11000061035156,204.19015502929688,56515400,0.0,0.0,0.0
2017-02-28,236.6699981689453,236.9499969482422,236.02000427246094,236.47000122070312,203.6389617919922,96961900,0.0,0.0,0.0
2017-03-01,238.38999938964844,240.32000732421875,238.3699951171875,239.77999877929688,206.4894561767578,149158200,0.0,0.0,0.0
2017-03-02,239.55999755859375,239.57000732421875,238.2100067138672,238.27000427246094,205.18907165527344,70246000,0.0,0.0,0.0
2017-03-03,238.1699981689453,238.61000061035156,237.72999572753906,238.4199981689453,205.31826782226562,81974300,0.0,0.0,0.0
2017-03-06,237.5,238.1199951171875,237.00999450683594,237.7100067138672,204.70680236816406,55391500,0.0,0.0,0.0
2017-03-07,237.36000061035156,237.77000427246094,236.75999450683594,237.0,204.0954132080078,65103700,0.0,0.0,0.0
2017-03-08,237.33999633789062,237.63999938964844,236.39999389648438,236.55999755859375,203.7165069580078,78168800,0.0,0.0,0.0
2017-03-09,236.6999969482422,237.24000549316406,235.74000549316406,236.86000061035156,203.9748077392578,90683900,0.0,0.0,0.0
2017-03-10,237.97000122070312,238.02000427246094,236.58999633789062,237.69000244140625,204.6895751953125,81991700,0.0,0.0,0.0
2017-03-13,237.6199951171875,237.86000061035156,237.24000549316406,237.80999755859375,204.79293823242188,57256800,0.0,0.0,0.0
2017-03-14,237.17999267578125,237.24000549316406,236.19000244140625,236.89999389648438,204.00924682617188,59880800,0.0,0.0,0.0
2017-03-15,237.55999755859375,239.44000244140625,237.2899932861328,238.9499969482422,205.77467346191406,96081800,0.0,0.0,0.0
2017-03-16,239.11000061035156,239.1999969482422,238.10000610351562,238.47999572753906,205.36990356445312,78344000,0.0,0.0,0.0
2017-03-17,237.75,237.97000122070312,237.02999877929688,237.02999877929688,205.00927734375,89002100,1.033,0.0,0.0
2017-03-20,237.02999877929688,237.36000061035156,236.32000732421875,236.77000427246094,204.78440856933594,52537000,0.0,0.0,0.0
2017-03-21,237.47000122070312,237.61000061035156,233.5800018310547,233.72999572753906,202.15504455566406,131809300,0.0,0.0,0.0
2017-03-22,233.77000427246094,234.61000061035156,233.0500030517578,234.27999877929688,202.63075256347656,97569200,0.0,0.0,0.0
2017-03-23,234.27999877929688,235.33999633789062,233.60000610351562,234.02999877929688,202.41455078125,100410300,0.0,0.0,0.0
2017-03-24,234.3800048828125,235.0399932861328,232.9600067138672,233.86000061035156,202.26751708984375,112504900,0.0,0.0,0.0
2017-03-27,231.92999267578125,233.9199981689453,231.61000061035156,233.6199951171875,202.05992126464844,87454500,0.0,0.0,0.0
2017-03-28,233.27000427246094,235.80999755859375,233.13999938964844,235.32000732421875,203.5302734375,93483900,0.0,0.0,0.0
2017-03-29,234.99000549316406,235.80999755859375,234.72999572753906,235.5399932861328,203.72056579589844,61950400,0.0,0.0,0.0
2017-03-30,235.47000122070312,236.52000427246094,235.27000427246094,236.2899932861328,204.36920166015625,56737900,0.0,0.0,0.0
2017-03-31,235.89999389648438,236.50999450683594,235.67999267578125,235.74000549316406,203.89356994628906,73733100,0.0,0.0,0.0
2017-04-03,235.8000030517578,236.02999877929688,233.91000366210938,235.3300018310547,203.53883361816406,85546500,0.0,0.0,0.0
2017-04-04,235.0,235.5800018310547,234.55999755859375,235.47999572753906,203.66864013671875,56466200,0.0,0.0,0.0
2017-04-05,236.25999450683594,237.38999938964844,234.5399932861328,234.77999877929688,203.06321716308594,108800600,0.0,0.0,0.0
2017-04-06,234.94000244140625,236.0399932861328,234.42999267578125,235.44000244140625,203.63404846191406,69135800,0.0,0.0,0.0
2017-04-07,235.14999389648438,236.0,234.63999938964844,235.1999969482422,203.4264678955078,74412300,0.0,0.0,0.0
2017-04-10,235.36000061035156,236.25999450683594,234.72999572753906,235.33999633789062,203.54757690429688,67615300,0.0,0.0,0.0
2017-04-11,234.89999389648438,235.17999267578125,233.33999633789062,235.05999755859375,203.30540466308594,88045300,0.0,0.0,0.0
2017-04-12,234.74000549316406,234.9600067138672,233.77000427246094,234.02999877929688,202.41455078125,81864400,0.0,0.0,0.0
2017-04-13,233.63999938964844,234.49000549316406,232.50999450683594,232.50999450683594,201.09986877441406,92880400,0.0,0.0,0.0
2017-04-17,233.11000061035156,234.57000732421875,232.8800048828125,234.57000732421875,202.88162231445312,68405400,0.0,0.0,0.0
2017-04-18,233.72000122070312,234.49000549316406,233.0800018310547,233.8699951171875,202.2761688232422,83225800,0.0,0.0,0.0
2017-04-19,234.52000427246094,234.9499969482422,233.17999267578125,233.44000244140625,201.90420532226562,68699900,0.0,0.0,0.0
2017-04-20,234.14999389648438,235.85000610351562,233.77999877929688,235.33999633789062,203.54757690429688,92572200,0.0,0.0,0.0
2017-04-21,235.25,235.30999755859375,234.1300048828125,234.58999633789062,202.89892578125,110389800,0.0,0.0,0.0
2017-04-24,237.17999267578125,237.41000366210938,234.55999755859375,237.1699981689453,205.13035583496094,119209900,0.0,0.0,0.0
2017-04-25,237.91000366210938,238.9499969482422,237.80999755859375,238.5500030517578,206.32395935058594,76698300,0.0,0.0,0.0
2017-04-26,238.50999450683594,239.52999877929688,238.35000610351562,238.39999389648438,206.19422912597656,84702500,0.0,0.0,0.0
2017-04-27,238.77000427246094,238.9499969482422,237.97999572753906,238.60000610351562,206.36717224121094,57410300,0.0,0.0,0.0
2017-04-28,238.89999389648438,238.92999267578125,237.92999267578125,238.0800018310547,205.91741943359375,63532800,0.0,0.0,0.0
2017-05-01,238.67999267578125,239.1699981689453,238.1999969482422,238.67999267578125,206.4363555908203,66882500,0.0,0.0,0.0
2017-05-02,238.83999633789062,238.97999572753906,238.3000030517578,238.77000427246094,206.51419067382812,57375700,0.0,0.0,0.0
2017-05-03,238.77000427246094,238.8800048828125,237.6999969482422,238.47999572753906,206.26336669921875,73137700,0.0,0.0,0.0
2017-05-04,238.8300018310547,238.9199981689453,237.77999877929688,238.75999450683594,206.50559997558594,61462700,0.0,0.0,0.0
2017-05-05,239.19000244140625,239.72000122070312,238.67999267578125,239.6999969482422,207.31857299804688,62001300,0.0,0.0,0.0
2017-05-08,239.75,239.9199981689453,239.1699981689453,239.66000366210938,207.2840118408203,48385700,0.0,0.0,0.0
2017-05-09,239.9600067138672,240.19000244140625,239.0399932861328,239.44000244140625,207.0937042236328,51363200,0.0,0.0,0.0
2017-05-10,239.38999938964844,239.8699951171875,239.14999389648438,239.8699951171875,207.4656219482422,54293800,0.0,0.0,0.0
2017-05-11,239.35000610351562,239.57000732421875,238.1300048828125,239.3800048828125,207.0417938232422,62358300,0.0,0.0,0.0
2017-05-12,239.08999633789062,239.42999267578125,238.6699981689453,238.97999572753906,206.6958770751953,53912700,0.0,0.0,0.0
2017-05-15,239.47000122070312,240.44000244140625,239.4499969482422,240.3000030517578,207.83753967285156,61918900,0.0,0.0,0.0
2017-05-16,240.63999938964844,240.6699981689453,239.6300048828125,240.0800018310547,207.64720153808594,51241800,0.0,0.0,0.0
2017-05-17,240.0800018310547,240.0800018310547,235.75,235.82000732421875,203.9627685546875,172174100,0.0,0.0,0.0
2017-05-18,235.72999572753906,237.75,235.42999267578125,236.77000427246094,204.78440856933594,107047700,0.0,0.0,0.0
2017-05-19,237.3300018310547,239.0800018310547,237.27000427246094,238.30999755859375,206.11634826660156,115011400,0.0,0.0,0.0
2017-05-22,238.89999389648438,239.7100067138672,238.82000732421875,239.52000427246094,207.16285705566406,61010600,0.0,0.0,0.0
2017-05-23,239.9499969482422,240.24000549316406,239.50999450683594,240.0500030517578,207.6212615966797,48341700,0.0,0.0,0.0
2017-05-24,240.32000732421875,240.72999572753906,239.92999267578125,240.61000061035156,208.10560607910156,46927700,0.0,0.0,0.0
2017-05-25,241.1999969482422,242.0800018310547,240.9600067138672,241.75999450683594,209.1002197265625,64071700,0.0,0.0,0.0
2017-05-26,241.5399932861328,241.89999389648438,241.4499969482422,241.7100067138672,209.05702209472656,46629900,0.0,0.0,0.0
2017-05-30,241.33999633789062,241.7899932861328,241.16000366210938,241.5,208.8754119873047,35201900,0.0,0.0,0.0
2017-05-31,241.83999633789062,241.8800048828125,240.63999938964844,241.44000244140625,208.82350158691406,91796000,0.0,0.0,0.0
2017-06-01,241.97000122070312,243.3800048828125,241.63999938964844,243.36000061035156,210.484130859375,68962000,0.0,0.0,0.0
2017-06-02,243.4199981689453,244.35000610351562,243.0800018310547,244.1699981689453,211.18466186523438,88666100,0.0,0.0,0.0
2017-06-05,243.97000122070312,244.3000030517578,243.75999450683594,243.99000549316406,211.02903747558594,44698800,0.0,0.0,0.0
2017-06-06,243.33999633789062,243.97999572753906,243.1199951171875,243.2100067138672,210.35438537597656,50375400,0.0,0.0,0.0
2017-06-07,243.60000610351562,243.9199981689453,242.8300018310547,243.66000366210938,210.74362182617188,54144300,0.0,0.0,0.0
2017-06-08,243.77000427246094,244.3300018310547,243.1699981689453,243.77999877929688,210.84738159179688,65950700,0.0,0.0,0.0
2017-06-09,244.08999633789062,245.00999450683594,241.9499969482422,243.41000366210938,210.52735900878906,132256400,0.0,0.0,0.0
2017-06-12,243.1300048828125,243.4199981689453,242.3800048828125,243.36000061035156,210.484130859375,86108100,0.0,0.0,0.0
2017-06-13,243.97999572753906,244.61000061035156,243.5800018310547,244.5500030517578,211.51339721679688,60067000,0.0,0.0,0.0
2017-06-14,244.86000061035156,244.8699951171875,243.2899932861328,244.24000549316406,211.24522399902344,78602300,0.0,0.0,0.0
2017-06-15,242.67999267578125,243.91000366210938,242.36000061035156,243.77000427246094,210.8387908935547,66464900,0.0,0.0,0.0
2017-06-16,242.77000427246094,242.8300018310547,241.6300048828125,242.63999938964844,210.88482666015625,84553100,1.183,0.0,0.0
2017-06-19,243.58999633789062,244.72999572753906,243.47999572753906,244.66000366210938,212.6404266357422,65123800,0.0,0.0,0.0
2017-06-20,244.25,244.25999450683594,242.99000549316406,243.00999450683594,211.2063751220703,56906400,0.0,0.0,0.0
2017-06-21,243.4600067138672,243.58999633789062,242.41000366210938,242.9499969482422,211.15423583984375,55977600,0.0,0.0,0.0
2017-06-22,242.9600067138672,243.52999877929688,242.63999938964844,242.83999633789062,211.05868530273438,44148100,0.0,0.0,0.0
2017-06-23,242.91000366210938,243.50999450683594,242.47000122070312,243.1300048828125,211.3107147216797,66986800,0.0,0.0,0.0
2017-06-26,243.89999389648438,244.3800048828125,243.0500030517578,243.2899932861328,211.44976806640625,56700500,0.0,0.0,0.0
2017-06-27,243.0399932861328,243.3800048828125,241.30999755859375,241.3300018310547,209.7462615966797,82247700,0.0,0.0,0.0
2017-06-28,242.5,243.72000122070312,242.22999572753906,243.49000549316406,211.6235809326172,70042600,0.0,0.0,0.0
2017-06-29,243.66000366210938,243.72000122070312,239.9600067138672,241.35000610351562,209.76361083984375,106949700,0.0,0.0,0.0
2017-06-30,242.27999877929688,242.7100067138672,241.5800018310547,241.8000030517578,210.15472412109375,86820700,0.0,0.0,0.0
2017-07-03,242.8800048828125,243.3800048828125,242.2100067138672,242.2100067138672,210.5110626220703,39153800,0.0,0.0,0.0
2017-07-05,242.6300048828125,243.00999450683594,241.6999969482422,242.77000427246094,210.997802734375,54427600,0.0,0.0,0.0
2017-07-06,241.88999938964844,242.02999877929688,240.33999633789062,240.5500030517578,209.06834411621094,65400800,0.0,0.0,0.0
2017-07-07,241.2100067138672,242.27999877929688,240.55999755859375,242.11000061035156,210.4241943359375,57972300,0.0,0.0,0.0
2017-07-10,242.11000061035156,242.8000030517578,241.75999450683594,242.3699951171875,210.65013122558594,36663300,0.0,0.0,0.0
2017-07-11,242.3699951171875,242.5500030517578,240.85000610351562,242.19000244140625,210.49371337890625,50354600,0.0,0.0,0.0
2017-07-12,243.3000030517578,244.1999969482422,243.3000030517578,244.00999450683594,212.07546997070312,59610400,0.0,0.0,0.0
2017-07-13,244.02000427246094,244.5500030517578,243.75999450683594,244.4199981689453,212.43186950683594,39471600,0.0,0.0,0.0
2017-07-14,244.4199981689453,245.97000122070312,244.30999755859375,245.55999755859375,213.422607421875,60262700,0.0,0.0,0.0
2017-07-17,245.47000122070312,245.91000366210938,245.3300018310547,245.52999877929688,213.39654541015625,33531900,0.0,0.0,0.0
2017-07-18,245.05999755859375,245.72000122070312,244.6699981689453,245.66000366210938,213.5095977783203,42742500,0.0,0.0,0.0
2017-07-19,246.02000427246094,247.0,246.00999450683594,246.99000549316406,214.66549682617188,51034300,0.0,0.0,0.0
2017-07-20,247.27999877929688,247.4199981689453,246.47000122070312,247.10000610351562,214.7611083984375,47135200,0.0,0.0,0.0
2017-07-21,246.44000244140625,246.91000366210938,246.17999267578125,246.8800048828125,214.56993103027344,82340800,0.0,0.0,0.0
2017-07-24,246.7899932861328,246.97999572753906,246.27999877929688,246.82000732421875,214.5177764892578,46622300,0.0,0.0,0.0
2017-07-25,247.67999267578125,247.8000030517578,247.16000366210938,247.4199981689453,215.03919982910156,54915600,0.0,0.0,0.0
2017-07-26,247.75,247.7899932861328,247.1300048828125,247.42999267578125,215.04791259765625,47575400,0.0,0.0,0.0
2017-07-27,247.9600067138672,248.0,245.67999267578125,247.1999969482422,214.8480224609375,70766600,0.0,0.0,0.0
2017-07-28,246.64999389648438,247.05999755859375,246.1300048828125,246.91000366210938,214.5960235595703,50088400,0.0,0.0,0.0
2017-07-31,247.3699951171875,247.47999572753906,246.52999877929688,246.77000427246094,214.4743194580078,65838700,0.0,0.0,0.0
2017-08-01,247.4600067138672,247.5,246.72000122070312,247.32000732421875,214.95233154296875,55050400,0.0,0.0,0.0
2017-08-02,247.47000122070312,247.60000610351562,246.3699951171875,247.44000244140625,215.0565948486328,47211200,0.0,0.0,0.0
2017-08-03,247.30999755859375,247.33999633789062,246.63999938964844,246.9600067138672,214.6394500732422,40856000,0.0,0.0,0.0
2017-08-04,247.52000427246094,247.7899932861328,246.97000122070312,247.41000366210938,215.0305633544922,60191800,0.0,0.0,0.0
2017-08-07,247.49000549316406,247.8699951171875,247.3699951171875,247.8699951171875,215.43035888671875,31995000,0.0,0.0,0.0
2017-08-08,247.50999450683594,248.91000366210938,246.8300018310547,247.25999450683594,214.90013122558594,61719400,0.0,0.0,0.0
2017-08-09,246.47000122070312,247.30999755859375,246.05999755859375,247.25,214.89151000976562,62632600,0.0,0.0,0.0
2017-08-10,246.2899932861328,246.44000244140625,243.6999969482422,243.75999450683594,211.85824584960938,120479500,0.0,0.0,0.0
2017-08-11,244.02000427246094,244.8000030517578,243.75,244.1199951171875,212.17112731933594,74869900,0.0,0.0,0.0
2017-08-14,245.58999633789062,246.7899932861328,245.5500030517578,246.5399932861328,214.27438354492188,73291900,0.0,0.0,0.0
2017-08-15,246.97999572753906,247.0,246.16000366210938,246.50999450683594,214.24832153320312,55242700,0.0,0.0,0.0
2017-08-16,247.11000061035156,247.57000732421875,246.4499969482422,246.94000244140625,214.62205505371094,56715500,0.0,0.0,0.0
2017-08-17,246.24000549316406,246.60000610351562,243.08999633789062,243.08999633789062,211.27590942382812,128490400,0.0,0.0,0.0
2017-08-18,242.89999389648438,244.19000244140625,242.1999969482422,242.7100067138672,210.9456787109375,136748000,0.0,0.0,0.0
2017-08-21,242.63999938964844,243.1999969482422,241.8300018310547,242.89999389648438,211.1107635498047,65469700,0.0,0.0,0.0
2017-08-22,243.57000732421875,245.6199951171875,243.5500030517578,245.44000244140625,213.31834411621094,63140100,0.0,0.0,0.0
2017-08-23,244.3300018310547,245.0500030517578,244.16000366210938,244.55999755859375,212.55349731445312,50203800,0.0,0.0,0.0
2017-08-24,245.0,245.17999267578125,243.75,243.99000549316406,212.05816650390625,50741700,0.0,0.0,0.0
2017-08-25,244.89999389648438,245.61000061035156,244.38999938964844,244.55999755859375,212.55349731445312,64445900,0.0,0.0,0.0
2017-08-28,245.1699981689453,245.1999969482422,244.08999633789062,244.57000732421875,212.56228637695312,40565600,0.0,0.0,0.0
2017-08-29,243.05999755859375,245.14999389648438,242.92999267578125,244.85000610351562,212.80557250976562,51135700,0.0,0.0,0.0
2017-08-30,244.8300018310547,246.32000732421875,244.6199951171875,246.00999450683594,213.8137664794922,62030800,0.0,0.0,0.0
2017-08-31,246.72000122070312,247.77000427246094,246.0500030517578,247.49000549316406,215.10015869140625,103803900,0.0,0.0,0.0
2017-09-01,247.9199981689453,248.3300018310547,247.6699981689453,247.83999633789062,215.4042510986328,62007000,0.0,0.0,0.0
2017-09-05,247.25999450683594,247.52000427246094,244.9499969482422,246.05999755859375,213.85720825195312,91398800,0.0,0.0,0.0
2017-09-06,246.83999633789062,247.27999877929688,246.22999572753906,246.89999389648438,214.58729553222656,57916900,0.0,0.0,0.0
2017-09-07,247.25,247.27000427246094,246.39999389648438,246.8699951171875,214.5612030029297,58034700,0.0,0.0,0.0
2017-09-08,246.5399932861328,247.11000061035156,246.3000030517578,246.5800018310547,214.30917358398438,63832800,0.0,0.0,0.0
2017-09-11,248.0399932861328,249.3000030517578,248.02000427246094,249.2100067138672,216.59498596191406,71364800,0.0,0.0,0.0
2017-09-12,249.6300048828125,250.08999633789062,249.4199981689453,250.0500030517578,217.32501220703125,56896000,0.0,0.0,0.0
2017-09-13,249.72000122070312,250.2100067138672,249.58999633789062,250.1699981689453,217.4293212890625,59228000,0.0,0.0,0.0
2017-09-14,249.8000030517578,250.32000732421875,249.60000610351562,250.08999633789062,217.3598175048828,95446300,0.0,0.0,0.0
2017-09-15,248.69000244140625,249.2899932861328,248.57000732421875,249.19000244140625,217.65243530273438,95432400,1.235,0.0,0.0
2017-09-18,249.61000061035156,250.1199951171875,249.27999877929688,249.72000122070312,218.11534118652344,46235200,0.0,0.0,0.0
2017-09-19,250.0,250.07000732421875,249.60000610351562,249.97000122070312,218.33370971679688,47108100,0.0,0.0,0.0
2017-09-20,250.07000732421875,250.19000244140625,248.9199981689453,250.05999755859375,218.41232299804688,59574100,0.0,0.0,0.0
2017-09-21,249.8800048828125,249.97999572753906,249.19000244140625,249.38999938964844,217.82708740234375,48211400,0.0,0.0,0.0
2017-09-22,249.0500030517578,249.6300048828125,249.02000427246094,249.44000244140625,217.87075805664062,51214000,0.0,0.0,0.0
2017-09-25,249.14999389648438,249.5500030517578,248.0800018310547,248.92999267578125,217.42527770996094,57064400,0.0,0.0,0.0
2017-09-26,249.4199981689453,249.6999969482422,248.80999755859375,249.0800018310547,217.5563507080078,54082000,0.0,0.0,0.0
2017-09-27,249.8800048828125,250.49000549316406,248.8699951171875,250.0500030517578,218.403564453125,81001400,0.0,0.0,0.0
2017-09-28,249.72999572753906,250.44000244140625,249.6300048828125,250.35000610351562,218.66558837890625,44778800,0.0,0.0,0.0
2017-09-29,250.33999633789062,251.32000732421875,250.1300048828125,251.22999572753906,219.43423461914062,85578000,0.0,0.0,0.0
2017-10-02,251.49000549316406,252.32000732421875,251.2899932861328,252.32000732421875,220.38626098632812,59023000,0.0,0.0,0.0
2017-10-03,252.32000732421875,252.88999938964844,252.22999572753906,252.86000061035156,220.85794067382812,66810200,0.0,0.0,0.0
2017-10-04,252.69000244140625,253.44000244140625,252.55999755859375,253.16000366210938,221.11997985839844,55953600,0.0,0.0,0.0
2017-10-05,253.5399932861328,254.67999267578125,253.1999969482422,254.66000366210938,222.43011474609375,63522800,0.0,0.0,0.0
2017-10-06,254.14999389648438,254.6999969482422,253.85000610351562,254.3699951171875,222.17684936523438,80646000,0.0,0.0,0.0
2017-10-09,254.6300048828125,254.6999969482422,253.64999389648438,253.9499969482422,221.80995178222656,35803100,0.0,0.0,0.0
2017-10-10,254.60000610351562,255.0500030517578,253.97999572753906,254.6199951171875,222.39515686035156,43057400,0.0,0.0,0.0
2017-10-11,254.50999450683594,255.02000427246094,254.32000732421875,255.02000427246094,222.7445831298828,47674300,0.0,0.0,0.0
2017-10-12,254.66000366210938,255.05999755859375,254.3699951171875,254.63999938964844,222.41262817382812,47065100,0.0,0.0,0.0
2017-10-13,255.13999938964844,255.27000427246094,254.63999938964844,254.9499969482422,222.6834259033203,54800400,0.0,0.0,0.0
2017-10-16,255.2100067138672,255.50999450683594,254.82000732421875,255.2899932861328,222.98037719726562,38221700,0.0,0.0,0.0
2017-10-17,255.22999572753906,255.52000427246094,254.97999572753906,255.47000122070312,223.1376495361328,31561000,0.0,0.0,0.0
2017-10-18,255.89999389648438,255.9499969482422,255.5,255.72000122070312,223.35598754882812,40888300,0.0,0.0,0.0
2017-10-19,254.8300018310547,255.8300018310547,254.35000610351562,255.7899932861328,223.41708374023438,61903800,0.0,0.0,0.0
2017-10-20,256.70001220703125,257.1400146484375,255.77000427246094,257.1099853515625,224.570068359375,89176400,0.0,0.0,0.0
2017-10-23,257.4800109863281,257.510009765625,256.0199890136719,256.1099853515625,223.69659423828125,63915300,0.0,0.0,0.0
2017-10-24,256.6000061035156,256.8299865722656,256.1499938964844,256.55999755859375,224.08963012695312,66935900,0.0,0.0,0.0
2017-10-25,256.17999267578125,256.30999755859375,254.0,255.2899932861328,222.98037719726562,103715300,0.0,0.0,0.0
2017-10-26,255.99000549316406,256.29998779296875,255.47999572753906,255.6199951171875,223.26864624023438,69798000,0.0,0.0,0.0
2017-10-27,256.4700012207031,257.8900146484375,255.6300048828125,257.7099914550781,225.09413146972656,85562500,0.0,0.0,0.0
2017-10-30,256.4700012207031,257.6000061035156,256.4100036621094,256.75,224.25563049316406,54285700,0.0,0.0,0.0
2017-10-31,257.17999267578125,257.44000244140625,256.80999755859375,257.1499938964844,224.60499572753906,60304800,0.0,0.0,0.0
2017-11-01,258.0400085449219,258.42999267578125,257.07000732421875,257.489990234375,224.90194702148438,54202700,0.0,0.0,0.0
2017-11-02,257.4100036621094,257.75,256.19000244140625,257.5899963378906,224.98928833007812,56449500,0.0,0.0,0.0
2017-11-03,257.7699890136719,258.5,257.29998779296875,258.45001220703125,225.740478515625,59589700,0.0,0.0,0.0
2017-11-06,258.29998779296875,259.0,258.2200012207031,258.8500061035156,226.08982849121094,49652600,0.0,0.0,0.0
2017-11-07,258.9700012207031,259.3500061035156,258.0899963378906,258.6700134277344,225.93258666992188,57502200,0.0,0.0,0.0
2017-11-08,258.4700012207031,259.2200012207031,258.1499938964844,259.1099853515625,226.31689453125,50469600,0.0,0.0,0.0
2017-11-09,257.7300109863281,258.3900146484375,256.3599853515625,258.1700134277344,225.49594116210938,95085500,0.0,0.0,0.0
2017-11-10,257.7300109863281,258.2900085449219,257.3699951171875,258.0899963378906,225.42601013183594,59984700,0.0,0.0,0.0
2017-11-13,257.30999755859375,258.5899963378906,257.2699890136719,258.3299865722656,225.63563537597656,50228600,0.0,0.0,0.0
2017-11-14,257.4100036621094,257.8500061035156,256.5199890136719,257.7300109863281,225.11155700683594,61315200,0.0,0.0,0.0
2017-11-15,256.6199951171875,257.2200012207031,255.6300048828125,256.44000244140625,223.98484802246094,80811500,0.0,0.0,0.0
2017-11-16,257.5199890136719,259.0400085449219,257.4700012207031,258.6199951171875,225.88894653320312,67777000,0.0,0.0,0.0
2017-11-17,258.2200012207031,258.5899963378906,257.7699890136719,257.8599853515625,225.22509765625,75756800,0.0,0.0,0.0
2017-11-20,258.1400146484375,258.5199890136719,257.8599853515625,258.29998779296875,225.6094512939453,48075500,0.0,0.0,0.0
2017-11-21,259.17999267578125,260.20001220703125,258.260009765625,259.989990234375,227.08551025390625,69176800,0.0,0.0,0.0
2017-11-22,260.0,260.1499938964844,259.57000732421875,259.760009765625,226.88465881347656,45033400,0.0,0.0,0.0
2017-11-24,260.32000732421875,260.4800109863281,260.1600036621094,260.3599853515625,227.40872192382812,27856500,0.0,0.0,0.0
2017-11-27,260.4100036621094,260.75,260.0,260.2300109863281,227.2952117919922,52274900,0.0,0.0,0.0
2017-11-28,260.760009765625,262.8999938964844,260.6499938964844,262.8699951171875,229.60108947753906,98971700,0.0,0.0,0.0
2017-11-29,263.0199890136719,263.6300048828125,262.20001220703125,262.7099914550781,229.46136474609375,77512100,0.0,0.0,0.0
2017-11-30,263.760009765625,266.04998779296875,263.6700134277344,265.010009765625,231.47027587890625,127894400,0.0,0.0,0.0
2017-12-01,264.760009765625,265.30999755859375,260.760009765625,264.4599914550781,230.9898681640625,164390900,0.0,0.0,0.0
2017-12-04,266.30999755859375,266.79998779296875,264.0799865722656,264.1400146484375,230.71034240722656,94040600,0.0,0.0,0.0
2017-12-05,263.19000244140625,265.1499938964844,263.0400085449219,263.19000244140625,229.8805694580078,77994500,0.0,0.0,0.0
2017-12-06,263.29998779296875,263.7300109863281,262.7099914550781,263.239990234375,229.92420959472656,75898600,0.0,0.0,0.0
2017-12-07,264.07000732421875,264.42999267578125,262.94000244140625,264.07000732421875,230.6492156982422,77218600,0.0,0.0,0.0
2017-12-08,265.1600036621094,265.5199890136719,264.0299987792969,265.510009765625,231.90692138671875,76563900,0.0,0.0,0.0
2017-12-11,266.30999755859375,266.3800048828125,265.4800109863281,266.30999755859375,232.6056671142578,83077500,0.0,0.0,0.0
2017-12-12,267.2099914550781,267.32000732421875,266.3500061035156,266.7799987792969,233.0162353515625,85195800,0.0,0.0,0.0
2017-12-13,267.05999755859375,267.55999755859375,266.6499938964844,266.75,232.99002075195312,102905400,0.0,0.0,0.0
2017-12-14,267.0899963378906,267.2200012207031,265.6000061035156,265.6600036621094,232.03794860839844,100666700,0.0,0.0,0.0
2017-12-15,265.45001220703125,267.0400085449219,265.3900146484375,266.510009765625,233.97024536132812,144610300,1.351,0.0,0.0
2017-12-18,268.1000061035156,268.6000061035156,267.9800109863281,268.20001220703125,235.4539031982422,83653600,0.0,0.0,0.0
2017-12-19,268.4800109863281,268.5299987792969,267.0899963378906,267.1700134277344,234.54971313476562,82382900,0.0,0.0,0.0
2017-12-20,268.2699890136719,268.3299865722656,266.69000244140625,267.0299987792969,234.42672729492188,76751500,0.0,0.0,0.0
2017-12-21,267.739990234375,268.3900146484375,267.29998779296875,267.5799865722656,234.90956115722656,67032300,0.0,0.0,0.0
2017-12-22,267.6000061035156,267.6400146484375,266.8999938964844,267.510009765625,234.84814453125,78720900,0.0,0.0,0.0
2017-12-26,267.04998779296875,267.44000244140625,266.8900146484375,267.19000244140625,234.56723022460938,45244400,0.0,0.0,0.0
2017-12-27,267.3800048828125,267.7300109863281,267.010009765625,267.32000732421875,234.6813201904297,57751000,0.0,0.0,0.0
2017-12-28,267.8900146484375,267.9200134277344,267.45001220703125,267.8699951171875,235.16415405273438,45116100,0.0,0.0,0.0
2017-12-29,268.5299987792969,268.54998779296875,266.6400146484375,266.8599853515625,234.2775115966797,96007400,0.0,0.0,0.0
2018-01-02,267.8399963378906,268.80999755859375,267.3999938964844,268.7699890136719,235.95425415039062,86655700,0.0,0.0,0.0
2018-01-03,268.9599914550781,270.6400146484375,268.9599914550781,270.4700012207031,237.44677734375,90070400,0.0,0.0,0.0
2018-01-04,271.20001220703125,272.1600036621094,270.5400085449219,271.6099853515625,238.44764709472656,80636400,0.0,0.0,0.0
2018-01-05,272.510009765625,273.55999755859375,271.95001220703125,273.4200134277344,240.03656005859375,83524000,0.0,0.0,0.0
2018-01-08,273.30999755859375,274.1000061035156,272.9800109863281,273.9200134277344,240.47547912597656,57319200,0.0,0.0,0.0
2018-01-09,274.3999938964844,275.25,274.0799865722656,274.5400085449219,241.0198211669922,57254000,0.0,0.0,0.0
2018-01-10,273.67999267578125,274.4200134277344,272.9200134277344,274.1199951171875,240.65109252929688,69574300,0.0,0.0,0.0
2018-01-11,274.75,276.1199951171875,274.55999755859375,276.1199951171875,242.40687561035156,62361500,0.0,0.0,0.0
2018-01-12,276.4200134277344,278.1099853515625,276.0799865722656,277.9200134277344,243.98719787597656,90816100,0.0,0.0,0.0
2018-01-16,279.3500061035156,280.0899963378906,276.17999267578125,276.9700012207031,243.1531219482422,106555100,0.0,0.0,0.0
2018-01-17,278.0299987792969,280.04998779296875,276.9700012207031,279.6099853515625,245.47071838378906,113258800,0.0,0.0,0.0
2018-01-18,279.4800109863281,279.9599914550781,278.5799865722656,279.1400146484375,245.05816650390625,100728000,0.0,0.0,0.0
2018-01-19,279.79998779296875,280.4100036621094,279.1400146484375,280.4100036621094,246.17312622070312,140920100,0.0,0.0,0.0
2018-01-22,280.1700134277344,282.69000244140625,280.1099853515625,282.69000244140625,248.17471313476562,91322400,0.0,0.0,0.0
2018-01-23,282.739990234375,283.6199951171875,282.3699951171875,283.2900085449219,248.7014923095703,97084700,0.0,0.0,0.0
2018-01-24,284.0199890136719,284.70001220703125,281.8399963378906,283.17999267578125,248.60487365722656,134816100,0.0,0.0,0.0
2018-01-25,284.1600036621094,284.2699890136719,282.3999938964844,283.29998779296875,248.71026611328125,84587300,0.0,0.0,0.0
2018-01-26,284.25,286.6300048828125,283.9599914550781,286.5799865722656,251.58978271484375,107743100,0.0,0.0,0.0
2018-01-29,285.92999267578125,286.42999267578125,284.5,284.67999267578125,249.92176818847656,90118300,0.0,0.0,0.0
2018-01-30,282.6000061035156,284.739990234375,281.2200012207031,281.760009765625,247.35826110839844,131796400,0.0,0.0,0.0
2018-01-31,282.7300109863281,283.29998779296875,280.67999267578125,281.8999938964844,247.4811553955078,108364800,0.0,0.0,0.0
2018-02-01,281.07000732421875,283.05999755859375,280.67999267578125,281.5799865722656,247.2001953125,90102500,0.0,0.0,0.0
2018-02-02,280.0799865722656,280.2300109863281,275.4100036621094,275.45001220703125,241.81874084472656,173174800,0.0,0.0,0.0
2018-02-05,273.45001220703125,275.8500061035156,263.30999755859375,263.92999267578125,231.7052459716797,294681800,0.0,0.0,0.0
2018-02-06,259.94000244140625,269.70001220703125,258.70001220703125,269.1300048828125,236.27037048339844,355026800,0.0,0.0,0.0
2018-02-07,268.5,272.3599853515625,267.5799865722656,267.6700134277344,234.98855590820312,167376100,0.0,0.0,0.0
2018-02-08,268.010009765625,268.1700134277344,257.5899963378906,257.6300048828125,226.17442321777344,246449500,0.0,0.0,0.0
2018-02-09,260.79998779296875,263.6099853515625,252.9199981689453,261.5,229.57192993164062,283565300,0.0,0.0,0.0
2018-02-12,263.8299865722656,267.010009765625,261.6600036621094,265.3399963378906,232.9430694580078,143736000,0.0,0.0,0.0
2018-02-13,263.9700012207031,266.6199951171875,263.30999755859375,266.0,233.52249145507812,81223600,0.0,0.0,0.0
2018-02-14,264.30999755859375,270.0,264.29998779296875,269.5899963378906,236.67417907714844,120735700,0.0,0.0,0.0
2018-02-15,271.57000732421875,273.0400085449219,268.7699890136719,273.0299987792969,239.69418334960938,111200300,0.0,0.0,0.0
2018-02-16,272.32000732421875,275.32000732421875,272.2699890136719,273.1099853515625,239.764404296875,160420100,0.0,0.0,0.0
2018-02-20,272.0299987792969,273.6700134277344,270.5,271.3999938964844,238.26319885253906,86369700,0.0,0.0,0.0
2018-02-21,271.8999938964844,274.7200012207031,269.94000244140625,270.04998779296875,237.07801818847656,98883700,0.0,0.0,0.0
2018-02-22,271.1000061035156,273.04998779296875,269.6400146484375,270.3999938964844,237.38525390625,110511300,0.0,0.0,0.0
2018-02-23,271.7900085449219,274.7099914550781,271.25,274.7099914550781,241.16903686523438,92766400,0.0,0.0,0.0
2018-02-26,275.92999267578125,278.010009765625,275.260009765625,277.8999938964844,243.96958923339844,86491400,0.0,0.0,0.0
2018-02-27,278.1099853515625,278.9200134277344,274.3599853515625,274.42999267578125,240.9232177734375,99099200,0.0,0.0,0.0
2018-02-28,275.67999267578125,276.19000244140625,271.2900085449219,271.6499938964844,238.48260498046875,121907800,0.0,0.0,0.0
2018-03-01,271.4100036621094,273.1700134277344,266.0,267.70001220703125,235.014892578125,176855100,0.0,0.0,0.0
2018-03-02,265.79998779296875,269.7200012207031,264.82000732421875,269.0799865722656,236.2264862060547,139083200,0.0,0.0,0.0
2018-03-05,267.7300109863281,272.8900146484375,267.6099853515625,272.19000244140625,238.9567413330078,97307400,0.0,0.0,0.0
2018-03-06,273.29998779296875,273.3900146484375,271.17999267578125,272.8800048828125,239.56251525878906,79213200,0.0,0.0,0.0
2018-03-07,270.4200134277344,273.17999267578125,270.20001220703125,272.7799987792969,239.4746856689453,87063500,0.0,0.0,0.0
2018-03-08,273.54998779296875,274.239990234375,272.4200134277344,274.1000061035156,240.63343811035156,66901200,0.0,0.0,0.0
2018-03-09,275.70001220703125,278.8699951171875,275.3399963378906,278.8699951171875,244.8211212158203,113625300,0.0,0.0,0.0
2018-03-12,279.20001220703125,279.9100036621094,278.0799865722656,278.5199890136719,244.51377868652344,71924800,0.0,0.0,0.0
2018-03-13,279.8399963378906,280.4100036621094,276.0299987792969,276.7200012207031,242.9335174560547,91968900,0.0,0.0,0.0
2018-03-14,277.80999755859375,278.0199890136719,274.6700134277344,275.29998779296875,241.6869659423828,105895100,0.0,0.0,0.0
2018-03-15,275.8800048828125,276.6099853515625,274.42999267578125,275.0,241.42359924316406,83433000,0.0,0.0,0.0
2018-03-16,274.5,275.3900146484375,274.1400146484375,274.20001220703125,241.68544006347656,100343700,1.097,0.0,0.0
2018-03-19,273.3500061035156,274.3999938964844,268.6199951171875,270.489990234375,238.4154052734375,109208400,0.0,0.0,0.0
2018-03-20,270.94000244140625,271.6700134277344,270.17999267578125,270.95001220703125,238.82080078125,59757300,0.0,0.0,0.0
2018-03-21,270.8999938964844,273.2699890136719,270.19000244140625,270.42999267578125,238.3625030517578,78709600,0.0,0.0,0.0
2018-03-22,267.9100036621094,268.8699951171875,263.3599853515625,263.6700134277344,232.40406799316406,148785900,0.0,0.0,0.0
2018-03-23,264.1700134277344,264.5400085449219,257.8299865722656,258.04998779296875,227.4505157470703,183534800,0.0,0.0,0.0
2018-03-26,262.1300048828125,265.42999267578125,259.4100036621094,265.1099853515625,233.67335510253906,141956100,0.0,0.0,0.0
2018-03-27,266.1700134277344,266.7699890136719,258.8399963378906,260.6000061035156,229.6981201171875,129941400,0.0,0.0,0.0
2018-03-28,260.75,262.6400146484375,258.5799865722656,259.8299865722656,229.0194091796875,146452300,0.0,0.0,0.0
2018-03-29,261.1199951171875,265.260009765625,259.8399963378906,263.1499938964844,231.9457244873047,111601600,0.0,0.0,0.0
2018-04-02,262.54998779296875,263.1300048828125,254.6699981689453,257.4700012207031,226.93927001953125,186286300,0.0,0.0,0.0
2018-04-03,258.8699951171875,261.30999755859375,256.8399963378906,260.7699890136719,229.84786987304688,119956900,0.0,0.0,0.0
2018-04-04,256.75,264.3599853515625,256.6000061035156,263.55999755859375,232.3070831298828,123715300,0.0,0.0,0.0
2018-04-05,265.54998779296875,266.6400146484375,264.32000732421875,265.6400146484375,234.14048767089844,82652600,0.0,0.0,0.0
2018-04-06,263.4200134277344,265.1099853515625,258.0,259.7200012207031,228.9224853515625,179521200,0.0,0.0,0.0
2018-04-09,261.3699951171875,264.8399963378906,259.94000244140625,261.0,230.05067443847656,105442900,0.0,0.0,0.0
2018-04-10,264.2699890136719,266.0400085449219,262.9800109863281,265.1499938964844,233.70851135253906,103529000,0.0,0.0,0.0
2018-04-11,263.4700012207031,265.6400146484375,263.3900146484375,263.760009765625,232.48333740234375,91140200,0.0,0.0,0.0
2018-04-12,265.260009765625,267.0,265.05999755859375,265.92999267578125,234.39610290527344,68890500,0.0,0.0,0.0
2018-04-13,267.4100036621094,267.5400085449219,264.010009765625,265.1499938964844,233.70851135253906,85079200,0.0,0.0,0.0
2018-04-16,267.0,268.20001220703125,266.07000732421875,267.3299865722656,235.6300811767578,63405300,0.0,0.0,0.0
2018-04-17,269.3299865722656,270.8699951171875,268.75,270.19000244140625,238.15093994140625,64682000,0.0,0.0,0.0
2018-04-18,270.69000244140625,271.29998779296875,269.8699951171875,270.3900146484375,238.32720947265625,57303900,0.0,0.0,0.0
2018-04-19,269.6499938964844,269.8800048828125,267.7200012207031,268.8900146484375,237.00514221191406,77655900,0.0,0.0,0.0
2018-04-20,268.80999755859375,269.05999755859375,265.6099853515625,266.6099853515625,234.99546813964844,99953100,0.0,0.0,0.0
2018-04-23,267.260009765625,267.8900146484375,265.3500061035156,266.57000732421875,234.96011352539062,65558000,0.0,0.0,0.0
2018-04-24,267.7300109863281,267.9800109863281,261.2799987792969,262.9800109863281,231.7958984375,112885500,0.0,0.0,0.0
2018-04-25,262.9100036621094,264.1300048828125,260.8500061035156,263.6300048828125,232.36883544921875,103840900,0.0,0.0,0.0
2018-04-26,264.7900085449219,267.25,264.2900085449219,266.30999755859375,234.73098754882812,67731900,0.0,0.0,0.0
2018-04-27,267.0,267.3399963378906,265.5,266.55999755859375,234.95130920410156,57053600,0.0,0.0,0.0
2018-04-30,267.260009765625,267.8900146484375,264.42999267578125,264.510009765625,233.14450073242188,82182300,0.0,0.0,0.0
2018-05-01,263.8699951171875,265.1000061035156,262.1099853515625,264.9800109863281,233.55873107910156,74203400,0.0,0.0,0.0
2018-05-02,264.760009765625,265.67999267578125,262.760009765625,263.20001220703125,231.98977661132812,86368900,0.0,0.0,0.0
2018-05-03,262.260009765625,263.3599853515625,259.04998779296875,262.6199951171875,231.47860717773438,136311500,0.0,0.0,0.0
2018-05-04,261.5199890136719,266.7900085449219,261.1499938964844,266.0199890136719,234.47540283203125,91222100,0.0,0.0,0.0
2018-05-07,266.8900146484375,268.0199890136719,266.1099853515625,266.9200134277344,235.2686767578125,55304900,0.0,0.0,0.0
2018-05-08,266.5,267.3299865722656,265.1499938964844,266.9200134277344,235.2686767578125,67499200,0.0,0.0,0.0
2018-05-09,267.67999267578125,269.8699951171875,267.0899963378906,269.5,237.542724609375,59666100,0.0,0.0,0.0
2018-05-10,270.3399963378906,272.3900146484375,270.2200012207031,272.0199890136719,239.76394653320312,72063900,0.0,0.0,0.0
2018-05-11,272.1600036621094,273.1499938964844,271.5799865722656,272.8500061035156,240.49546813964844,59871500,0.0,0.0,0.0
2018-05-14,273.3399963378906,274.0799865722656,272.3599853515625,272.9800109863281,240.61007690429688,54790600,0.0,0.0,0.0
2018-05-15,271.5899963378906,271.6099853515625,270.0299987792969,271.1000061035156,238.95303344726562,87036100,0.0,0.0,0.0
2018-05-16,271.1400146484375,272.760009765625,271.1099853515625,272.239990234375,239.95779418945312,53942600,0.0,0.0,0.0
2018-05-17,271.94000244140625,273.2300109863281,271.1300048828125,272.010009765625,239.75511169433594,56536400,0.0,0.0,0.0
2018-05-18,271.6199951171875,272.0299987792969,270.92999267578125,271.3299865722656,239.1557159423828,64368000,0.0,0.0,0.0
2018-05-21,273.010009765625,273.9800109863281,272.57000732421875,273.3699951171875,240.95382690429688,58025900,0.0,0.0,0.0
2018-05-22,273.9599914550781,274.25,272.239990234375,272.6099853515625,240.2839813232422,52966400,0.0,0.0,0.0
2018-05-23,271.1700134277344,273.3900146484375,270.989990234375,273.3599853515625,240.94505310058594,64694200,0.0,0.0,0.0
2018-05-24,272.9100036621094,273.2200012207031,270.7799987792969,272.79998779296875,240.451416015625,76043800,0.0,0.0,0.0
2018-05-25,272.1499938964844,272.8599853515625,271.5799865722656,272.1499938964844,239.87847900390625,56374800,0.0,0.0,0.0
2018-05-29,270.30999755859375,271.1700134277344,267.760009765625,269.0199890136719,237.11968994140625,115908600,0.0,0.0,0.0
2018-05-30,270.5,273.1099853515625,270.4200134277344,272.6099853515625,240.2839813232422,69678400,0.0,0.0,0.0
2018-05-31,272.1499938964844,272.489990234375,270.260009765625,270.94000244140625,238.81202697753906,93519900,0.0,0.0,0.0
2018-06-01,272.4100036621094,273.94000244140625,272.3299865722656,273.6000061035156,241.1565704345703,71258400,0.0,0.0,0.0
2018-06-04,274.5299987792969,275.19000244140625,274.260009765625,274.8999938964844,242.30242919921875,45385200,0.0,0.0,0.0
2018-06-05,275.04998779296875,275.5299987792969,274.17999267578125,275.1000061035156,242.47866821289062,51135000,0.0,0.0,0.0
2018-06-06,275.7900085449219,277.5199890136719,275.0899963378906,277.3999938964844,244.5059356689453,62732200,0.0,0.0,0.0
2018-06-07,277.95001220703125,278.2799987792969,276.3399963378906,277.3699951171875,244.47958374023438,72969400,0.0,0.0,0.0
2018-06-08,276.8500061035156,278.25,276.6600036621094,278.19000244140625,245.2022705078125,72139700,0.0,0.0,0.0
2018-06-11,278.44000244140625,279.3699951171875,278.30999755859375,278.55999755859375,245.52841186523438,58892500,0.0,0.0,0.0
2018-06-12,279.0299987792969,279.3299865722656,278.19000244140625,278.9200134277344,245.8457489013672,72329000,0.0,0.0,0.0
2018-06-13,279.19000244140625,279.4800109863281,277.79998779296875,278.0299987792969,245.06134033203125,79070600,0.0,0.0,0.0
2018-06-14,279.010009765625,279.3299865722656,278.05999755859375,278.7300109863281,245.67822265625,77097600,0.0,0.0,0.0
2018-06-15,276.6000061035156,277.510009765625,275.3500061035156,277.1300048828125,245.3649139404297,120041600,1.246,0.0,0.0
2018-06-18,275.489990234375,276.70001220703125,274.95001220703125,276.55999755859375,244.86016845703125,52917600,0.0,0.0,0.0
2018-06-19,274.0,275.75,273.5299987792969,275.5,243.92172241210938,97531500,0.0,0.0,0.0
2018-06-20,276.2699890136719,276.7200012207031,275.5899963378906,275.9700012207031,244.33779907226562,53785500,0.0,0.0,0.0
2018-06-21,275.9599914550781,275.9800109863281,273.67999267578125,274.239990234375,242.80616760253906,71061400,0.0,0.0,0.0
2018-06-22,275.6600036621094,275.7900085449219,274.489990234375,274.739990234375,243.2487335205078,54898500,0.0,0.0,0.0
2018-06-25,273.44000244140625,273.6199951171875,269.1000061035156,271.0,239.9374542236328,137854200,0.0,0.0,0.0
2018-06-26,271.6400146484375,272.55999755859375,270.7900085449219,271.6000061035156,240.46876525878906,68547400,0.0,0.0,0.0
2018-06-27,272.260009765625,273.8699951171875,269.17999267578125,269.3500061035156,238.4766387939453,105110700,0.0,0.0,0.0
2018-06-28,269.2900085449219,271.75,268.489990234375,270.8900146484375,239.840087890625,76650500,0.0,0.0,0.0
2018-06-29,272.1199951171875,273.6600036621094,271.1499938964844,271.2799987792969,240.1853790283203,97592500,0.0,0.0,0.0
2018-07-02,269.510009765625,272.0400085449219,269.239990234375,271.8599853515625,240.6988983154297,63554800,0.0,0.0,0.0
2018-07-03,272.8699951171875,272.9800109863281,270.4200134277344,270.8999938964844,239.848876953125,42187100,0.0,0.0,0.0
2018-07-05,272.1700134277344,273.17999267578125,270.9599914550781,273.1099853515625,241.8056182861328,56925900,0.0,0.0,0.0
2018-07-06,273.1400146484375,275.8399963378906,272.7099914550781,275.4200134277344,243.8508758544922,66493700,0.0,0.0,0.0
2018-07-09,276.54998779296875,277.9599914550781,276.5,277.8999938964844,246.0465850830078,50550400,0.0,0.0,0.0
2018-07-10,278.4100036621094,279.010009765625,278.0799865722656,278.8999938964844,246.93202209472656,51966800,0.0,0.0,0.0
2018-07-11,277.1499938964844,278.0400085449219,276.5199890136719,276.8599853515625,245.1257781982422,77054700,0.0,0.0,0.0
2018-07-12,278.2799987792969,279.42999267578125,277.6000061035156,279.3699951171875,247.34803771972656,60124700,0.0,0.0,0.0
2018-07-13,279.1700134277344,279.92999267578125,278.6600036621094,279.5899963378906,247.54283142089844,48216000,0.0,0.0,0.0
2018-07-16,279.6400146484375,279.79998779296875,278.8399963378906,279.3399963378906,247.32147216796875,48201000,0.0,0.0,0.0
2018-07-17,278.4700012207031,280.9100036621094,278.4100036621094,280.4700012207031,248.32200622558594,52315500,0.0,0.0,0.0
2018-07-18,280.55999755859375,281.17999267578125,280.05999755859375,281.05999755859375,248.8443603515625,44593500,0.0,0.0,0.0
2018-07-19,280.30999755859375,280.739990234375,279.4599914550781,280.0,247.9058380126953,61412100,0.0,0.0,0.0
2018-07-20,279.7699890136719,280.4800109863281,279.5,279.67999267578125,247.62246704101562,82337700,0.0,0.0,0.0
2018-07-23,279.45001220703125,280.42999267578125,279.05999755859375,280.20001220703125,248.0829620361328,47047600,0.0,0.0,0.0
2018-07-24,281.7900085449219,282.55999755859375,280.6300048828125,281.6099853515625,249.33119201660156,68026900,0.0,0.0,0.0
2018-07-25,281.3299865722656,284.3699951171875,281.2799987792969,284.010009765625,251.45623779296875,78882900,0.0,0.0,0.0
2018-07-26,283.20001220703125,284.1099853515625,283.0899963378906,283.3399963378906,250.86294555664062,57919500,0.0,0.0,0.0
2018-07-27,283.7099914550781,283.82000732421875,280.3800048828125,281.4200134277344,249.1630859375,76768700,0.0,0.0,0.0
2018-07-30,281.510009765625,281.69000244140625,279.3599853515625,279.95001220703125,247.86158752441406,63742500,0.0,0.0,0.0
2018-07-31,280.80999755859375,282.0199890136719,280.3800048828125,281.3299865722656,249.08334350585938,68570500,0.0,0.0,0.0
2018-08-01,281.55999755859375,282.1300048828125,280.1300048828125,280.8599853515625,248.66732788085938,53853300,0.0,0.0,0.0
2018-08-02,279.3900146484375,282.5799865722656,279.1600036621094,282.3900146484375,250.02186584472656,63426400,0.0,0.0,0.0
2018-08-03,282.5299987792969,283.6600036621094,282.3299865722656,283.6000061035156,251.09317016601562,53935400,0.0,0.0,0.0
2018-08-06,283.6400146484375,284.989990234375,283.20001220703125,284.6400146484375,252.0140838623047,39400900,0.0,0.0,0.0
2018-08-07,285.3900146484375,286.010009765625,285.239990234375,285.5799865722656,252.84628295898438,43196600,0.0,0.0,0.0
2018-08-08,285.3900146484375,285.9100036621094,284.94000244140625,285.4599914550781,252.7400360107422,42114600,0.0,0.0,0.0
2018-08-09,285.5299987792969,285.9700012207031,284.9200134277344,285.07000732421875,252.394775390625,35717000,0.0,0.0,0.0
2018-08-10,283.45001220703125,284.05999755859375,282.3599853515625,283.1600036621094,250.70367431640625,77076000,0.0,0.0,0.0
2018-08-13,283.4700012207031,284.1600036621094,281.7699890136719,282.1000061035156,249.76524353027344,65732900,0.0,0.0,0.0
2018-08-14,282.9200134277344,284.1700134277344,282.4800109863281,283.8999938964844,251.35882568359375,43842000,0.0,0.0,0.0
2018-08-15,282.3800048828125,282.5400085449219,280.1600036621094,281.7799987792969,249.48184204101562,102925400,0.0,0.0,0.0
2018-08-16,283.3999938964844,285.0400085449219,283.3599853515625,284.05999755859375,251.50047302246094,69967900,0.0,0.0,0.0
2018-08-17,283.8299865722656,285.55999755859375,283.3699951171875,285.05999755859375,252.38589477539062,65618500,0.0,0.0,0.0
2018-08-20,285.57000732421875,285.9700012207031,285.05999755859375,285.6700134277344,252.9259490966797,39807500,0.0,0.0,0.0
2018-08-21,286.25,287.30999755859375,285.7099914550781,286.3399963378906,253.5191192626953,67272000,0.0,0.0,0.0
2018-08-22,285.8800048828125,286.760009765625,285.5799865722656,286.1700134277344,253.36866760253906,44993300,0.0,0.0,0.0
2018-08-23,285.9700012207031,286.94000244140625,285.42999267578125,285.7900085449219,253.03219604492188,49204900,0.0,0.0,0.0
2018-08-24,286.44000244140625,287.6700134277344,286.3800048828125,287.510009765625,254.5550537109375,57487400,0.0,0.0,0.0
2018-08-27,288.8599853515625,289.8999938964844,288.67999267578125,289.7799987792969,256.5648498535156,57072400,0.0,0.0,0.0
2018-08-28,290.29998779296875,290.4200134277344,289.3999938964844,289.9200134277344,256.68896484375,46943500,0.0,0.0,0.0
2018-08-29,290.1600036621094,291.739990234375,289.8900146484375,291.4800109863281,258.07000732421875,61485500,0.0,0.0,0.0
2018-08-30,290.94000244140625,291.3599853515625,289.6300048828125,290.29998779296875,257.0251770019531,61229500,0.0,0.0,0.0
2018-08-31,289.8399963378906,290.80999755859375,289.2900085449219,290.30999755859375,257.0340881347656,66140800,0.0,0.0,0.0
2018-09-04,289.8399963378906,290.2099914550781,288.67999267578125,289.80999755859375,256.5914306640625,57594400,0.0,0.0,0.0
2018-09-05,289.4100036621094,289.6400146484375,287.8900146484375,289.0299987792969,255.90089416503906,72452400,0.0,0.0,0.0
2018-09-06,289.1499938964844,289.489990234375,287.0,288.1600036621094,255.1304931640625,65909900,0.0,0.0,0.0
2018-09-07,286.9800109863281,288.70001220703125,286.7099914550781,287.6000061035156,254.63470458984375,73524800,0.0,0.0,0.0
2018-09-10,288.739990234375,289.0400085449219,287.8800048828125,288.1000061035156,255.07742309570312,50210900,0.0,0.0,0.0
2018-09-11,287.3699951171875,289.54998779296875,286.9800109863281,289.04998779296875,255.91848754882812,50530500,0.0,0.0,0.0
2018-09-12,289.05999755859375,289.79998779296875,288.2300109863281,289.1199951171875,255.98048400878906,59810800,0.0,0.0,0.0
2018-09-13,290.32000732421875,291.0400085449219,290.0,290.8299865722656,257.4945373535156,51034200,0.0,0.0,0.0
2018-09-14,291.05999755859375,291.2699890136719,290.0,290.8800048828125,257.53875732421875,55079900,0.0,0.0,0.0
2018-09-17,290.82000732421875,290.8599853515625,289.0299987792969,289.3399963378906,256.17529296875,68244000,0.0,0.0,0.0
2018-09-18,289.5799865722656,291.5799865722656,289.54998779296875,290.9100036621094,257.5653381347656,61930400,0.0,0.0,0.0
2018-09-19,290.9700012207031,291.69000244140625,290.8299865722656,291.2200012207031,257.83978271484375,49080600,0.0,0.0,0.0
2018-09-20,292.6400146484375,293.94000244140625,291.239990234375,293.5799865722656,259.92926025390625,100360600,0.0,0.0,0.0
2018-09-21,293.0899963378906,293.2200012207031,291.80999755859375,291.989990234375,259.69183349609375,105479700,1.323,0.0,0.0
2018-09-24,291.3399963378906,291.5,290.3699951171875,291.0199890136719,258.8291320800781,53409600,0.0,0.0,0.0
2018-09-25,291.5299987792969,291.6499938964844,290.4800109863281,290.75,258.5889892578125,44370000,0.0,0.0,0.0
2018-09-26,290.9100036621094,292.239990234375,289.4100036621094,289.8800048828125,257.81524658203125,79739700,0.0,0.0,0.0
2018-09-27,290.4100036621094,291.9100036621094,290.1000061035156,290.69000244140625,258.5356140136719,59249500,0.0,0.0,0.0
2018-09-28,289.989990234375,291.2799987792969,289.95001220703125,290.7200012207031,258.5622863769531,70091400,0.0,0.0,0.0
2018-10-01,292.1099853515625,292.92999267578125,290.9800109863281,291.7300109863281,259.4605407714844,62078900,0.0,0.0,0.0
2018-10-02,291.55999755859375,292.3599853515625,291.1400146484375,291.55999755859375,259.3092956542969,47258200,0.0,0.0,0.0
2018-10-03,292.739990234375,293.2099914550781,291.32000732421875,291.7200012207031,259.45166015625,64694600,0.0,0.0,0.0
2018-10-04,291.17999267578125,291.239990234375,287.6600036621094,289.44000244140625,257.4238586425781,111545900,0.0,0.0,0.0
2018-10-05,289.69000244140625,290.2699890136719,286.2200012207031,287.82000732421875,255.98312377929688,105951700,0.0,0.0,0.0
2018-10-08,287.04998779296875,288.2200012207031,285.5,287.82000732421875,255.98312377929688,87742200,0.0,0.0,0.0
2018-10-09,287.3900146484375,288.8599853515625,286.7699890136719,287.3999938964844,255.60960388183594,74339000,0.0,0.0,0.0
2018-10-10,286.8299865722656,286.9100036621094,277.8800048828125,278.29998779296875,247.51611328125,214731000,0.0,0.0,0.0
2018-10-11,277.0799865722656,278.8999938964844,270.3599853515625,272.1700134277344,242.06423950195312,274840500,0.0,0.0,0.0
2018-10-12,276.7699890136719,277.0899963378906,272.3699951171875,275.95001220703125,245.42608642578125,183186500,0.0,0.0,0.0
2018-10-15,275.54998779296875,277.0400085449219,274.29998779296875,274.3999938964844,244.04751586914062,102263700,0.0,0.0,0.0
2018-10-16,276.6000061035156,280.82000732421875,276.07000732421875,280.3999938964844,249.38388061523438,118255800,0.0,0.0,0.0
2018-10-17,280.44000244140625,281.1499938964844,277.55999755859375,280.45001220703125,249.42823791503906,110626000,0.0,0.0,0.0
2018-10-18,279.3999938964844,280.07000732421875,274.9700012207031,276.3999938964844,245.82627868652344,134557500,0.0,0.0,0.0
2018-10-19,277.1300048828125,279.29998779296875,275.4700012207031,276.25,245.69293212890625,139901600,0.0,0.0,0.0
2018-10-22,277.0,277.3599853515625,274.4100036621094,275.010009765625,244.5900115966797,82415800,0.0,0.0,0.0
2018-10-23,270.95001220703125,274.8699951171875,268.6099853515625,273.6099853515625,243.3448944091797,146352700,0.0,0.0,0.0
2018-10-24,273.3299865722656,273.760009765625,264.70001220703125,265.32000732421875,235.971923828125,177806700,0.0,0.0,0.0
2018-10-25,267.3800048828125,271.80999755859375,266.2300109863281,270.0799865722656,240.20530700683594,138061500,0.0,0.0,0.0
2018-10-26,265.9200134277344,271.0,262.2900085449219,265.3299865722656,235.98077392578125,201574600,0.0,0.0,0.0
2018-10-29,268.79998779296875,270.25,259.8500061035156,263.8599853515625,234.67340087890625,160749100,0.0,0.0,0.0
2018-10-30,263.6700134277344,268.1199951171875,263.1199951171875,267.7699890136719,238.1509246826172,157116000,0.0,0.0,0.0
2018-10-31,270.6499938964844,273.2300109863281,270.1199951171875,270.6300048828125,240.69451904296875,128296300,0.0,0.0,0.0
2018-11-01,271.6000061035156,273.7300109863281,270.3800048828125,273.510009765625,243.25595092773438,99495000,0.0,0.0,0.0
2018-11-02,274.75,275.2300109863281,269.5899963378906,271.8900146484375,241.81520080566406,122634100,0.0,0.0,0.0
2018-11-05,272.44000244140625,274.010009765625,271.3500061035156,273.3900146484375,243.14926147460938,65622500,0.0,0.0,0.0
2018-11-06,273.32000732421875,275.29998779296875,273.25,275.1199951171875,244.68792724609375,60085900,0.0,0.0,0.0
2018-11-07,277.55999755859375,281.1000061035156,277.0799865722656,281.010009765625,249.92633056640625,102752100,0.0,0.0,0.0
2018-11-08,280.1099853515625,281.2200012207031,279.2200012207031,280.5,249.47271728515625,65584900,0.0,0.0,0.0
2018-11-09,279.0299987792969,279.239990234375,276.17999267578125,277.760009765625,247.035888671875,98812600,0.0,0.0,0.0
2018-11-12,277.19000244140625,277.4599914550781,271.989990234375,272.57000732421875,242.41995239257812,99673600,0.0,0.0,0.0
2018-11-13,273.0899963378906,275.3299865722656,271.25,272.05999755859375,241.96630859375,98176600,0.0,0.0,0.0
2018-11-14,274.1600036621094,274.6099853515625,268.45001220703125,270.20001220703125,240.31211853027344,125335900,0.0,0.0,0.0
2018-11-15,268.7799987792969,273.5400085449219,267.010009765625,273.0199890136719,242.8201904296875,135101400,0.0,0.0,0.0
2018-11-16,271.7900085449219,274.75,271.2099914550781,273.7300109863281,243.45166015625,126668000,0.0,0.0,0.0
2018-11-19,273.04998779296875,273.3800048828125,268.07000732421875,269.1000061035156,239.33383178710938,103061700,0.0,0.0,0.0
2018-11-20,265.3599853515625,267.0,263.1499938964844,264.1199951171875,234.90464782714844,136021300,0.0,0.0,0.0
2018-11-21,265.8599853515625,267.1499938964844,265.010009765625,265.0199890136719,235.705078125,75563700,0.0,0.0,0.0
2018-11-23,263.17999267578125,264.82000732421875,263.07000732421875,263.25,234.13092041015625,42807900,0.0,0.0,0.0
2018-11-26,265.7799987792969,267.75,265.3399963378906,267.5,237.91075134277344,79981400,0.0,0.0,0.0
2018-11-27,266.3399963378906,268.3999938964844,265.6600036621094,268.3999938964844,238.71115112304688,75502400,0.0,0.0,0.0
2018-11-28,269.6000061035156,274.5799865722656,268.3299865722656,274.5799865722656,244.20761108398438,127629600,0.0,0.0,0.0
2018-11-29,273.7099914550781,275.54998779296875,272.42999267578125,273.9800109863281,243.6740264892578,82346400,0.0,0.0,0.0
2018-11-30,273.80999755859375,276.2799987792969,273.45001220703125,275.6499938964844,245.1592254638672,98204200,0.0,0.0,0.0
2018-12-03,280.2799987792969,280.3999938964844,277.510009765625,279.29998779296875,248.40545654296875,103176300,0.0,0.0,0.0
2018-12-04,278.3699951171875,278.8500061035156,269.8999938964844,270.25,240.35653686523438,177986000,0.0,0.0,0.0
2018-12-06,265.9200134277344,269.9700012207031,262.44000244140625,269.8399963378906,239.99192810058594,204185400,0.0,0.0,0.0
2018-12-07,269.4599914550781,271.2200012207031,262.6300048828125,263.57000732421875,234.4154510498047,161018900,0.0,0.0,0.0
2018-12-10,263.3699951171875,265.1600036621094,258.6199951171875,264.07000732421875,234.86024475097656,151445900,0.0,0.0,0.0
2018-12-11,267.6600036621094,267.8699951171875,262.4800109863281,264.1300048828125,234.91355895996094,121504400,0.0,0.0,0.0
2018-12-12,267.4700012207031,269.0,265.3699951171875,265.4599914550781,236.09634399414062,97976700,0.0,0.0,0.0
2018-12-13,266.5199890136719,267.489990234375,264.1199951171875,265.3699951171875,236.01638793945312,96662700,0.0,0.0,0.0
2018-12-14,262.9599914550781,264.0299987792969,259.8500061035156,260.4700012207031,231.6583251953125,116961100,0.0,0.0,0.0
2018-12-17,259.3999938964844,260.6499938964844,253.52999877929688,255.36000061035156,227.1136474609375,165492300,0.0,0.0,0.0
2018-12-18,257.20001220703125,257.95001220703125,253.27999877929688,255.0800018310547,226.8645477294922,134515100,0.0,0.0,0.0
2018-12-19,255.1699981689453,259.3999938964844,249.35000610351562,251.25999450683594,223.46719360351562,214992800,0.0,0.0,0.0
2018-12-20,249.86000061035156,251.6199951171875,244.64999389648438,247.1699981689453,219.82949829101562,252053400,0.0,0.0,0.0
2018-12-21,246.74000549316406,249.7100067138672,239.97999572753906,240.6999969482422,215.32533264160156,255345600,1.435,0.0,0.0
2018-12-24,239.0399932861328,240.83999633789062,234.27000427246094,234.33999633789062,209.63584899902344,147311600,0.0,0.0,0.0
2018-12-26,235.97000122070312,246.17999267578125,233.75999450683594,246.17999267578125,220.22763061523438,218485400,0.0,0.0,0.0
2018-12-27,242.57000732421875,248.2899932861328,238.9600067138672,248.07000732421875,221.9183807373047,186267300,0.0,0.0,0.0
2018-12-28,249.5800018310547,251.39999389648438,246.4499969482422,247.75,221.63218688964844,153100200,0.0,0.0,0.0
2018-12-31,249.55999755859375,250.19000244140625,247.47000122070312,249.9199981689453,223.5733642578125,144299400,0.0,0.0,0.0
2019-01-02,245.97999572753906,251.2100067138672,245.9499969482422,250.17999267578125,223.80596923828125,126925200,0.0,0.0,0.0
2019-01-03,248.22999572753906,248.57000732421875,243.6699981689453,244.2100067138672,218.46534729003906,144140700,0.0,0.0,0.0
2019-01-04,247.58999633789062,253.11000061035156,247.1699981689453,252.38999938964844,225.78294372558594,142628800,0.0,0.0,0.0
2019-01-07,252.69000244140625,255.9499969482422,251.69000244140625,254.3800048828125,227.56320190429688,103139100,0.0,0.0,0.0
2019-01-08,256.82000732421875,257.30999755859375,254.0,256.7699890136719,229.70127868652344,102512600,0.0,0.0,0.0
2019-01-09,257.55999755859375,258.9100036621094,256.19000244140625,257.9700012207031,230.77471923828125,95006600,0.0,0.0,0.0
2019-01-10,256.260009765625,259.1600036621094,255.5,258.8800048828125,231.58876037597656,96823900,0.0,0.0,0.0
2019-01-11,257.67999267578125,259.010009765625,257.0299987792969,258.9800109863281,231.67825317382812,73858100,0.0,0.0,0.0
2019-01-14,256.8599853515625,258.29998779296875,256.4100036621094,257.3999938964844,230.2648162841797,70908200,0.0,0.0,0.0
2019-01-15,257.82000732421875,260.70001220703125,257.80999755859375,260.3500061035156,232.90383911132812,85208300,0.0,0.0,0.0
2019-01-16,260.8299865722656,261.9700012207031,260.6000061035156,260.9800109863281,233.4674835205078,77636700,0.0,0.0,0.0
2019-01-17,260.010009765625,263.9200134277344,259.9599914550781,262.9599914550781,235.23867797851562,96118400,0.0,0.0,0.0
2019-01-18,264.9800109863281,266.9800109863281,263.0,266.4599914550781,238.3697052001953,127900300,0.0,0.0,0.0
2019-01-22,264.82000732421875,265.05999755859375,261.05999755859375,262.8599853515625,235.14923095703125,115531200,0.0,0.0,0.0
2019-01-23,264.010009765625,264.7900085449219,260.6600036621094,263.4100036621094,235.6412353515625,86030300,0.0,0.0,0.0
2019-01-24,263.2099914550781,264.20001220703125,262.0799865722656,263.54998779296875,235.76649475097656,59204100,0.0,0.0,0.0
2019-01-25,265.6099853515625,266.70001220703125,263.6600036621094,265.7799987792969,237.7613983154297,96883400,0.0,0.0,0.0
2019-01-28,263.3900146484375,263.8299865722656,261.7900085449219,263.760009765625,235.95433044433594,85613700,0.0,0.0,0.0
2019-01-29,263.9200134277344,264.54998779296875,262.4800109863281,263.4100036621094,235.6412353515625,66136300,0.0,0.0,0.0
2019-01-30,265.1000061035156,268.5199890136719,264.25,267.5799865722656,239.37161254882812,92473700,0.0,0.0,0.0
2019-01-31,267.510009765625,270.4700012207031,267.2699890136719,269.92999267578125,241.47390747070312,104012100,0.0,0.0,0.0
2019-02-01,270.1499938964844,271.20001220703125,269.17999267578125,270.05999755859375,241.5902099609375,85782500,0.0,0.0,0.0
2019-02-04,270.1099853515625,272.0299987792969,269.3599853515625,271.9599914550781,243.28990173339844,60744800,0.0,0.0,0.0
2019-02-05,272.44000244140625,273.44000244140625,271.8800048828125,273.1000061035156,244.3096923828125,79552800,0.0,0.0,0.0
2019-02-06,272.7900085449219,273.3399963378906,271.9200134277344,272.739990234375,243.98765563964844,58347800,0.0,0.0,0.0
2019-02-07,270.94000244140625,271.54998779296875,268.2900085449219,270.1400146484375,241.66180419921875,95482000,0.0,0.0,0.0
2019-02-08,268.75,270.5799865722656,267.8299865722656,270.4700012207031,241.95700073242188,75788900,0.0,0.0,0.0
2019-02-11,271.20001220703125,271.489990234375,270.0299987792969,270.6199951171875,242.0911407470703,68021400,0.0,0.0,0.0
2019-02-12,272.4200134277344,274.5199890136719,272.3399963378906,274.1000061035156,245.20423889160156,72270200,0.0,0.0,0.0
2019-02-13,275.0299987792969,275.92999267578125,274.55999755859375,274.989990234375,246.0004119873047,65277200,0.0,0.0,0.0
2019-02-14,273.7799987792969,275.6400146484375,272.8699951171875,274.3800048828125,245.45480346679688,83234400,0.0,0.0,0.0
2019-02-15,276.3599853515625,277.4100036621094,276.1300048828125,277.3699951171875,248.12965393066406,97088700,0.0,0.0,0.0
2019-02-19,276.4800109863281,278.5799865722656,276.4700012207031,277.8500061035156,248.55892944335938,59120800,0.0,0.0,0.0
2019-02-20,277.80999755859375,278.9200134277344,277.25,278.4100036621094,249.05987548828125,76610800,0.0,0.0,0.0
2019-02-21,277.70001220703125,278.1000061035156,276.3500061035156,277.4200134277344,248.1743621826172,64214700,0.0,0.0,0.0
2019-02-22,278.1099853515625,279.3599853515625,277.3999938964844,279.1400146484375,249.7130584716797,78114600,0.0,0.0,0.0
2019-02-25,280.7300109863281,281.30999755859375,279.42999267578125,279.5199890136719,250.0529327392578,69030700,0.0,0.0,0.0
2019-02-26,279.1300048828125,280.29998779296875,278.8999938964844,279.32000732421875,249.87403869628906,56844100,0.0,0.0,0.0
2019-02-27,278.5199890136719,279.5899963378906,277.4800109863281,279.20001220703125,249.76663208007812,56921600,0.0,0.0,0.0
2019-02-28,278.9599914550781,279.45001220703125,278.32000732421875,278.67999267578125,249.30148315429688,69268300,0.0,0.0,0.0
2019-03-01,280.44000244140625,280.8800048828125,278.82000732421875,280.4200134277344,250.8580780029297,78880500,0.0,0.0,0.0
2019-03-04,281.6000061035156,281.8699951171875,276.8399963378906,279.3999938964844,249.9456329345703,106494600,0.0,0.0,0.0
2019-03-05,279.5400085449219,279.760009765625,278.4100036621094,279.0199890136719,249.60557556152344,59114600,0.0,0.0,0.0
2019-03-06,279.1499938964844,279.1600036621094,276.9700012207031,277.3299865722656,248.09375,75039800,0.0,0.0,0.0
2019-03-07,276.8299865722656,276.989990234375,274.07000732421875,275.010009765625,246.01832580566406,94885100,0.0,0.0,0.0
2019-03-08,272.94000244140625,274.6499938964844,272.4200134277344,274.4599914550781,245.5263214111328,85795800,0.0,0.0,0.0
2019-03-11,275.260009765625,278.6199951171875,275.2300109863281,278.44000244140625,249.08673095703125,65098900,0.0,0.0,0.0
2019-03-12,279.05999755859375,280.07000732421875,278.8500061035156,279.489990234375,250.0260772705078,79667500,0.0,0.0,0.0
2019-03-13,280.4800109863281,282.3800048828125,280.29998779296875,281.3399963378906,251.6810760498047,80639200,0.0,0.0,0.0
2019-03-14,281.3699951171875,281.8399963378906,280.6700134277344,281.1600036621094,251.52001953125,67518400,0.0,0.0,0.0
2019-03-15,280.5400085449219,282.2099914550781,280.3299865722656,281.30999755859375,252.76272583007812,81309000,1.233,0.0,0.0
2019-03-18,281.54998779296875,282.6600036621094,281.29998779296875,282.3299865722656,253.67919921875,62199800,0.0,0.0,0.0
2019-03-19,283.510009765625,284.3599853515625,281.4100036621094,282.3999938964844,253.74208068847656,90268100,0.0,0.0,0.0
2019-03-20,282.1600036621094,283.5,280.32000732421875,281.54998779296875,252.97836303710938,84609200,0.0,0.0,0.0
2019-03-21,280.6400146484375,285.17999267578125,280.5899963378906,284.7300109863281,255.83566284179688,79550400,0.0,0.0,0.0
2019-03-22,283.2200012207031,283.79998779296875,279.17999267578125,279.25,250.9117431640625,122659300,0.0,0.0,0.0
2019-03-25,278.8699951171875,280.19000244140625,277.6400146484375,279.0400085449219,250.7231903076172,85575200,0.0,0.0,0.0
2019-03-26,280.989990234375,282.17999267578125,279.55999755859375,281.1199951171875,252.592041015625,68125900,0.0,0.0,0.0
2019-03-27,281.1099853515625,281.760009765625,277.92999267578125,279.6499938964844,251.27113342285156,72224700,0.0,0.0,0.0
2019-03-28,280.3500061035156,281.2099914550781,279.07000732421875,280.7099914550781,252.22357177734375,56238500,0.0,0.0,0.0
2019-03-29,282.3900146484375,282.8399963378906,281.1400146484375,282.4800109863281,253.81399536132812,82186800,0.0,0.0,0.0
2019-04-01,284.70001220703125,286.1600036621094,284.3999938964844,285.8299865722656,256.8240051269531,77617900,0.0,0.0,0.0
2019-04-02,286.0400085449219,286.2300109863281,285.0899963378906,285.9700012207031,256.9498291015625,40070400,0.0,0.0,0.0
2019-04-03,287.32000732421875,287.760009765625,285.75,286.4200134277344,257.35418701171875,68243200,0.0,0.0,0.0
2019-04-04,286.7799987792969,287.4599914550781,286.010009765625,287.17999267578125,258.03704833984375,48997500,0.0,0.0,0.0
2019-04-05,287.9200134277344,288.6300048828125,287.6000061035156,288.57000732421875,259.2859802246094,58621700,0.0,0.0,0.0
2019-04-08,288.1000061035156,288.9100036621094,287.3699951171875,288.7900085449219,259.4836120605469,53566300,0.0,0.0,0.0
2019-04-09,287.7200012207031,288.0799865722656,286.70001220703125,287.30999755859375,258.1537780761719,66142300,0.0,0.0,0.0
2019-04-10,287.7699890136719,288.3900146484375,287.30999755859375,288.2900085449219,259.0343933105469,52601500,0.0,0.0,0.0
2019-04-11,288.8299865722656,288.8399963378906,287.5799865722656,288.2099914550781,258.9624938964844,55093100,0.0,0.0,0.0
2019-04-12,290.0,290.4700012207031,288.260009765625,290.1600036621094,260.7146301269531,69727800,0.0,0.0,0.0
2019-04-15,290.239990234375,290.3500061035156,289.0799865722656,289.9700012207031,260.5439147949219,49596700,0.0,0.0,0.0
2019-04-16,290.95001220703125,291.010009765625,289.5,290.1600036621094,260.7146301269531,52153200,0.0,0.0,0.0
2019-04-17,291.3999938964844,291.42999267578125,288.989990234375,289.45001220703125,260.07666015625,58268300,0.0,0.0,0.0
2019-04-18,290.1000061035156,290.32000732421875,288.6600036621094,290.0199890136719,260.5887756347656,68708500,0.0,0.0,0.0
2019-04-22,289.1700134277344,290.44000244140625,289.07000732421875,290.2699890136719,260.81341552734375,40160100,0.0,0.0,0.0
2019-04-23,290.67999267578125,293.1400146484375,290.4200134277344,292.8800048828125,263.1585388183594,52246600,0.0,0.0,0.0
2019-04-24,292.7900085449219,293.1600036621094,292.07000732421875,292.2300109863281,262.57452392578125,50392900,0.0,0.0,0.0
2019-04-25,292.1199951171875,292.7799987792969,290.7300109863281,292.04998779296875,262.4127197265625,57770900,0.0,0.0,0.0
2019-04-26,292.1000061035156,293.489990234375,291.239990234375,293.4100036621094,263.6348571777344,50916400,0.0,0.0,0.0
2019-04-29,293.510009765625,294.45001220703125,293.4100036621094,293.8699951171875,264.04815673828125,57197700,0.0,0.0,0.0
2019-04-30,293.489990234375,294.3399963378906,291.9200134277344,294.0199890136719,264.182861328125,81111700,0.0,0.0,0.0
2019-05-01,294.7200012207031,294.95001220703125,291.79998779296875,291.80999755859375,262.1972351074219,71671900,0.0,0.0,0.0
2019-05-02,291.67999267578125,292.70001220703125,289.5199890136719,291.17999267578125,261.631103515625,65030200,0.0,0.0,0.0
2019-05-03,292.82000732421875,294.3399963378906,291.29998779296875,294.0299987792969,264.19183349609375,56543700,0.0,0.0,0.0
2019-05-06,289.25,293.30999755859375,288.8999938964844,292.82000732421875,263.104736328125,107198100,0.0,0.0,0.0
2019-05-07,290.1499938964844,290.80999755859375,285.80999755859375,287.92999267578125,258.71087646484375,144729900,0.0,0.0,0.0
2019-05-08,287.5299987792969,289.42999267578125,286.8699951171875,287.5299987792969,258.35150146484375,91568300,0.0,0.0,0.0
2019-05-09,285.2300109863281,287.3299865722656,283.29998779296875,286.6600036621094,257.5697937011719,103471100,0.0,0.0,0.0
2019-05-10,285.6199951171875,288.94000244140625,282.29998779296875,288.1000061035156,258.86370849609375,112429300,0.0,0.0,0.0
2019-05-13,282.4200134277344,283.489990234375,279.92999267578125,280.8599853515625,252.35838317871094,127290500,0.0,0.0,0.0
2019-05-14,281.989990234375,285.1000061035156,281.8500061035156,283.3999938964844,254.6405487060547,77003200,0.0,0.0,0.0
2019-05-15,281.5899963378906,285.7699890136719,281.3599853515625,285.05999755859375,256.13214111328125,73956400,0.0,0.0,0.0
2019-05-16,285.8399963378906,289.2099914550781,285.760009765625,287.70001220703125,258.5042419433594,76749600,0.0,0.0,0.0
2019-05-17,285.1400146484375,288.6000061035156,285.1199951171875,285.8399963378906,256.8329162597656,100353000,0.0,0.0,0.0
2019-05-20,284.05999755859375,285.9599914550781,283.1199951171875,283.95001220703125,255.13478088378906,62877600,0.0,0.0,0.0
2019-05-21,285.8299865722656,286.92999267578125,285.54998779296875,286.510009765625,257.43499755859375,46847100,0.0,0.0,0.0
2019-05-22,285.45001220703125,286.69000244140625,285.1000061035156,285.6300048828125,256.644287109375,49482500,0.0,0.0,0.0
2019-05-23,283.1600036621094,283.2099914550781,280.57000732421875,282.1400146484375,253.5084686279297,98733800,0.0,0.0,0.0
2019-05-24,283.739990234375,284.20001220703125,282.0899963378906,282.7799987792969,254.08349609375,55268100,0.0,0.0,0.0
2019-05-28,283.0899963378906,284.1499938964844,280.1300048828125,280.1499938964844,251.72035217285156,70029400,0.0,0.0,0.0
2019-05-29,278.9100036621094,279.3599853515625,276.7099914550781,278.2699890136719,250.0311737060547,104972900,0.0,0.0,0.0
2019-05-30,279.1099853515625,280.0400085449219,277.80999755859375,279.0299987792969,250.7140655517578,62523800,0.0,0.0,0.0
2019-05-31,276.20001220703125,277.1199951171875,275.239990234375,275.2699890136719,247.33558654785156,86862800,0.0,0.0,0.0
2019-06-03,275.30999755859375,276.54998779296875,273.0899963378906,274.57000732421875,246.7067108154297,96428000,0.0,0.0,0.0
2019-06-04,277.1199951171875,280.67999267578125,276.6199951171875,280.5299987792969,252.06178283691406,77231900,0.0,0.0,0.0
2019-06-05,282.3299865722656,282.989990234375,280.32000732421875,282.9599914550781,254.24522399902344,71169700,0.0,0.0,0.0
2019-06-06,283.2900085449219,285.54998779296875,282.57000732421875,284.79998779296875,255.8985137939453,69430400,0.0,0.0,0.0
2019-06-07,285.92999267578125,288.8500061035156,285.739990234375,287.6499938964844,258.4593200683594,74272200,0.0,0.0,0.0
2019-06-10,289.3699951171875,290.82000732421875,288.8699951171875,288.9700012207031,259.64532470703125,60799100,0.0,0.0,0.0
2019-06-11,290.989990234375,291.3999938964844,288.17999267578125,288.8999938964844,259.58245849609375,58641300,0.0,0.0,0.0
2019-06-12,288.6400146484375,289.260009765625,287.82000732421875,288.3900146484375,259.12420654296875,47096300,0.0,0.0,0.0
2019-06-13,289.3999938964844,289.9800109863281,288.6199951171875,289.5799865722656,260.1933898925781,48945200,0.0,0.0,0.0
2019-06-14,289.260009765625,289.92999267578125,288.4100036621094,289.260009765625,259.90594482421875,52324700,0.0,0.0,0.0
2019-06-17,289.5199890136719,290.2200012207031,289.17999267578125,289.3699951171875,260.00469970703125,39205700,0.0,0.0,0.0
2019-06-18,291.3900146484375,293.57000732421875,290.989990234375,292.3999938964844,262.727294921875,85434800,0.0,0.0,0.0
2019-06-19,292.54998779296875,293.6499938964844,291.4700012207031,293.05999755859375,263.3203430175781,78674400,0.0,0.0,0.0
2019-06-20,296.0400085449219,296.30999755859375,293.1300048828125,295.8599853515625,265.8361511230469,116570000,0.0,0.0,0.0
2019-06-21,294.1300048828125,295.5199890136719,293.760009765625,294.0,265.4497375488281,83309500,1.432,0.0,0.0
2019-06-24,294.2300109863281,294.5799865722656,293.4700012207031,293.6400146484375,265.12469482421875,47582700,0.0,0.0,0.0
2019-06-25,293.70001220703125,293.7300109863281,290.6400146484375,290.760009765625,262.52435302734375,82028700,0.0,0.0,0.0
2019-06-26,291.75,292.30999755859375,290.3500061035156,290.4700012207031,262.262451171875,51584900,0.0,0.0,0.0
2019-06-27,291.30999755859375,292.05999755859375,290.8900146484375,291.5,263.1925048828125,40355200,0.0,0.0,0.0
2019-06-28,292.5799865722656,293.54998779296875,292.010009765625,293.0,264.546875,59350900,0.0,0.0,0.0
2019-07-01,296.67999267578125,296.9200134277344,294.3299865722656,295.6600036621094,266.9486389160156,78705600,0.0,0.0,0.0
2019-07-02,295.6099853515625,296.489990234375,294.67999267578125,296.42999267578125,267.6436767578125,61504500,0.0,0.0,0.0
2019-07-03,297.17999267578125,298.82000732421875,297.0199890136719,298.79998779296875,269.7835388183594,40898900,0.0,0.0,0.0
2019-07-05,297.44000244140625,298.6400146484375,296.010009765625,298.4599914550781,269.47662353515625,51677300,0.0,0.0,0.0
2019-07-08,297.010009765625,298.260009765625,296.2200012207031,296.82000732421875,267.9959411621094,45841800,0.0,0.0,0.0
2019-07-09,295.5400085449219,297.5199890136719,295.4800109863281,297.19000244140625,268.3299255371094,41101300,0.0,0.0,0.0
2019-07-10,298.3699951171875,299.6600036621094,297.7799987792969,298.6099853515625,269.612060546875,58448500,0.0,0.0,0.0
2019-07-11,299.32000732421875,299.5799865722656,298.20001220703125,299.30999755859375,270.24407958984375,50826100,0.0,0.0,0.0
2019-07-12,299.8500061035156,300.7300109863281,299.510009765625,300.6499938964844,271.45391845703125,40326000,0.0,0.0,0.0
2019-07-15,301.1300048828125,301.1300048828125,300.19000244140625,300.75,271.544189453125,33900000,0.0,0.0,0.0
2019-07-16,300.6499938964844,300.8800048828125,299.44000244140625,299.7799987792969,270.6684265136719,36650100,0.0,0.0,0.0
2019-07-17,299.75,299.92999267578125,297.739990234375,297.739990234375,268.82659912109375,36036300,0.0,0.0,0.0
2019-07-18,297.19000244140625,299.25,296.70001220703125,298.8299865722656,269.8106384277344,51392600,0.0,0.0,0.0
2019-07-19,300.0400085449219,300.07000732421875,296.9800109863281,297.1700134277344,268.31195068359375,58678600,0.0,0.0,0.0
2019-07-22,297.6099853515625,298.5,297.0400085449219,297.8999938964844,268.9710388183594,43638100,0.0,0.0,0.0
2019-07-23,299.1400146484375,300.0299987792969,298.2200012207031,300.0299987792969,270.89410400390625,44564500,0.0,0.0,0.0
2019-07-24,299.19000244140625,301.44000244140625,299.0899963378906,301.44000244140625,272.167236328125,47213200,0.0,0.0,0.0
2019-07-25,300.94000244140625,301.0,299.1099853515625,300.0,270.8670654296875,55394100,0.0,0.0,0.0
2019-07-26,300.760009765625,302.2300109863281,300.6199951171875,302.010009765625,272.681884765625,45084100,0.0,0.0,0.0
2019-07-29,301.8800048828125,302.010009765625,300.8500061035156,301.4599914550781,272.185302734375,38126500,0.0,0.0,0.0
2019-07-30,299.9100036621094,301.1700134277344,299.489990234375,300.7200012207031,271.51715087890625,45849000,0.0,0.0,0.0
2019-07-31,300.989990234375,301.20001220703125,295.20001220703125,297.42999267578125,268.5466613769531,104245200,0.0,0.0,0.0
2019-08-01,297.6000061035156,300.8699951171875,293.9599914550781,294.8399963378906,266.20819091796875,142646600,0.0,0.0,0.0
2019-08-02,293.8500061035156,294.1199951171875,290.8999938964844,292.6199951171875,264.2037048339844,116749700,0.0,0.0,0.0
2019-08-05,288.0899963378906,288.2099914550781,281.7200012207031,283.82000732421875,256.25830078125,178745400,0.0,0.0,0.0
2019-08-06,285.9100036621094,288.0400085449219,284.2799987792969,287.79998779296875,259.8517150878906,120711700,0.0,0.0,0.0
2019-08-07,284.3999938964844,288.82000732421875,282.0400085449219,287.9700012207031,260.0052795410156,140572300,0.0,0.0,0.0
2019-08-08,289.6199951171875,293.6199951171875,289.010009765625,293.6199951171875,265.1066589355469,87713900,0.0,0.0,0.0
2019-08-09,292.5799865722656,293.239990234375,289.6499938964844,291.6199951171875,263.3008728027344,93730000,0.0,0.0,0.0
2019-08-12,289.9599914550781,291.6099853515625,287.0199890136719,288.07000732421875,260.0955810546875,65527600,0.0,0.0,0.0
2019-08-13,287.739990234375,294.1499938964844,287.3599853515625,292.54998779296875,264.1405944824219,94299800,0.0,0.0,0.0
2019-08-14,288.07000732421875,288.739990234375,283.760009765625,283.8999938964844,256.3305358886719,135622100,0.0,0.0,0.0
2019-08-15,284.8800048828125,285.6400146484375,282.3900146484375,284.6499938964844,257.00775146484375,99556600,0.0,0.0,0.0
2019-08-16,286.4800109863281,289.3299865722656,284.7099914550781,288.8500061035156,260.79986572265625,83018300,0.0,0.0,0.0
2019-08-19,292.19000244140625,293.0799865722656,291.44000244140625,292.3299865722656,263.94189453125,53571800,0.0,0.0,0.0
2019-08-20,291.7699890136719,292.3599853515625,289.95001220703125,290.0899963378906,261.91949462890625,51596400,0.0,0.0,0.0
2019-08-21,292.4800109863281,292.8599853515625,291.7200012207031,292.45001220703125,264.05029296875,49524700,0.0,0.0,0.0
2019-08-22,293.2300109863281,293.92999267578125,290.3999938964844,292.3599853515625,263.96893310546875,51666400,0.0,0.0,0.0
2019-08-23,290.9200134277344,292.760009765625,283.4700012207031,284.8500061035156,257.1882629394531,149161500,0.0,0.0,0.0
2019-08-26,287.2699890136719,288.0,285.5799865722656,288.0,260.03240966796875,72423800,0.0,0.0,0.0
2019-08-27,289.5400085449219,289.95001220703125,286.0299987792969,286.8699951171875,259.01214599609375,66668900,0.0,0.0,0.0
2019-08-28,286.1400146484375,289.07000732421875,285.25,288.8900146484375,260.8359680175781,59696700,0.0,0.0,0.0
2019-08-29,291.7200012207031,293.1600036621094,290.6099853515625,292.5799865722656,264.1675720214844,57899400,0.0,0.0,0.0
2019-08-30,294.2200012207031,294.239990234375,291.4200134277344,292.45001220703125,264.05029296875,62901200,0.0,0.0,0.0
2019-09-03,290.57000732421875,291.5799865722656,289.2699890136719,290.739990234375,262.5063171386719,69101400,0.0,0.0,0.0
2019-09-04,293.1400146484375,294.05999755859375,292.30999755859375,294.0400085449219,265.48590087890625,46887300,0.0,0.0,0.0
2019-09-05,296.7900085449219,298.8299865722656,294.0,297.82000732421875,268.8988342285156,83258100,0.0,0.0,0.0
2019-09-06,298.1700134277344,298.760009765625,297.4200134277344,298.04998779296875,269.1063537597656,49584300,0.0,0.0,0.0
2019-09-09,299.1400146484375,299.239990234375,297.1600036621094,298.20001220703125,269.24188232421875,51260300,0.0,0.0,0.0
2019-09-10,297.3599853515625,298.20001220703125,295.9700012207031,298.1300048828125,269.17864990234375,57947100,0.0,0.0,0.0
2019-09-11,298.4700012207031,300.3399963378906,297.75,300.25,271.0927429199219,68821100,0.0,0.0,0.0
2019-09-12,301.25,302.4599914550781,300.4100036621094,301.2900085449219,272.03173828125,72908700,0.0,0.0,0.0
2019-09-13,301.7799987792969,302.1700134277344,300.67999267578125,301.0899963378906,271.85113525390625,62104800,0.0,0.0,0.0
2019-09-16,299.8399963378906,301.1400146484375,299.45001220703125,300.1600036621094,271.0115966796875,58191200,0.0,0.0,0.0
2019-09-17,299.94000244140625,301.0199890136719,299.75,300.9200134277344,271.6977233886719,41475500,0.0,0.0,0.0
2019-09-18,300.489990234375,301.2200012207031,298.239990234375,301.1000061035156,271.8602600097656,73375800,0.0,0.0,0.0
2019-09-19,301.5299987792969,302.6300048828125,300.7099914550781,301.0799865722656,271.8421936035156,76560500,0.0,0.0,0.0
2019-09-20,300.3599853515625,300.6700134277344,297.4100036621094,298.2799987792969,270.5577697753906,89565000,1.384,0.0,0.0
2019-09-23,297.54998779296875,299.0,297.2699890136719,298.2099914550781,270.4942626953125,43476800,0.0,0.0,0.0
2019-09-24,299.4100036621094,299.8399963378906,294.80999755859375,295.8699951171875,268.37176513671875,94869400,0.0,0.0,0.0
2019-09-25,295.9599914550781,298.1099853515625,294.3299865722656,297.6199951171875,269.9590759277344,71854000,0.0,0.0,0.0
2019-09-26,297.6300048828125,297.8599853515625,295.45001220703125,297.0,269.3968200683594,56179700,0.0,0.0,0.0
2019-09-27,297.8299865722656,297.95001220703125,293.69000244140625,295.3999938964844,267.9454650878906,84746600,0.0,0.0,0.0
2019-09-30,295.9700012207031,297.54998779296875,295.9200134277344,296.7699890136719,269.18804931640625,51662400,0.0,0.0,0.0
2019-10-01,297.739990234375,298.4599914550781,293.0,293.239990234375,265.9861755371094,88242400,0.0,0.0,0.0
2019-10-02,291.5,291.510009765625,286.6400146484375,288.05999755859375,261.2876281738281,122539500,0.0,0.0,0.0
2019-10-03,287.80999755859375,290.45001220703125,284.82000732421875,290.4200134277344,263.4283752441406,85278800,0.0,0.0,0.0
2019-10-04,291.1400146484375,294.6300048828125,291.0799865722656,294.3500061035156,266.99298095703125,65091200,0.0,0.0,0.0
2019-10-07,293.4700012207031,295.260009765625,292.7699890136719,293.0799865722656,265.84112548828125,59610500,0.0,0.0,0.0
2019-10-08,291.0400085449219,291.8500061035156,288.489990234375,288.5299987792969,261.71392822265625,95708100,0.0,0.0,0.0
2019-10-09,290.75,292.29998779296875,290.05999755859375,291.2699890136719,264.1993103027344,62359400,0.0,0.0,0.0
2019-10-10,291.17999267578125,294.2099914550781,291.0,293.239990234375,265.9861755371094,55296300,0.0,0.0,0.0
2019-10-11,296.2699890136719,298.739990234375,296.1400146484375,296.2799987792969,268.7436828613281,98720400,0.0,0.0,0.0
2019-10-14,295.92999267578125,296.6700134277344,295.57000732421875,295.95001220703125,268.4443664550781,40394800,0.0,0.0,0.0
2019-10-15,297.1000061035156,299.70001220703125,296.9700012207031,298.8800048828125,271.1019592285156,46754500,0.0,0.0,0.0
2019-10-16,298.3699951171875,299.1600036621094,297.9200134277344,298.3999938964844,270.66668701171875,48928200,0.0,0.0,0.0
2019-10-17,299.67999267578125,300.239990234375,298.5199890136719,299.2799987792969,271.4648742675781,45736600,0.0,0.0,0.0
2019-10-18,298.69000244140625,299.3999938964844,297.0299987792969,297.9700012207031,270.276611328125,64304000,0.0,0.0,0.0
2019-10-21,299.4200134277344,300.2099914550781,298.94000244140625,299.989990234375,272.1089172363281,39048600,0.0,0.0,0.0
2019-10-22,300.5799865722656,300.8999938964844,298.9100036621094,299.010009765625,271.2200012207031,48594700,0.0,0.0,0.0
2019-10-23,298.7300109863281,299.94000244140625,298.5,299.8800048828125,272.009033203125,34352200,0.0,0.0,0.0
2019-10-24,300.9100036621094,301.07000732421875,299.4599914550781,300.3699951171875,272.4536437988281,35453100,0.0,0.0,0.0
2019-10-25,299.739990234375,302.20001220703125,299.67999267578125,301.6000061035156,273.56927490234375,45205400,0.0,0.0,0.0
2019-10-28,302.94000244140625,303.8500061035156,302.9100036621094,303.29998779296875,275.11114501953125,42147000,0.0,0.0,0.0
2019-10-29,303.0,304.2300109863281,302.8599853515625,303.2099914550781,275.0296630859375,44284900,0.0,0.0,0.0
2019-10-30,303.42999267578125,304.54998779296875,301.989990234375,304.1400146484375,275.8731994628906,49643900,0.0,0.0,0.0
2019-10-31,304.1300048828125,304.1300048828125,301.7300109863281,303.3299865722656,275.138427734375,69053800,0.0,0.0,0.0
2019-11-01,304.9200134277344,306.19000244140625,304.739990234375,306.1400146484375,277.6872863769531,71141500,0.0,0.0,0.0
2019-11-04,307.8500061035156,308.0,306.9599914550781,307.3699951171875,278.80291748046875,60606900,0.0,0.0,0.0
2019-11-05,307.5899963378906,307.9200134277344,306.7099914550781,307.0299987792969,278.49456787109375,42933200,0.0,0.0,0.0
2019-11-06,307.0299987792969,307.3999938964844,306.05999755859375,307.1000061035156,278.5580749511719,46487100,0.0,0.0,0.0
2019-11-07,308.57000732421875,309.6499938964844,307.6600036621094,308.17999267578125,279.5377197265625,54272300,0.0,0.0,0.0
2019-11-08,307.79998779296875,309.0,307.0299987792969,308.94000244140625,280.22705078125,49032100,0.0,0.0,0.0
2019-11-11,307.4200134277344,308.5400085449219,307.2699890136719,308.3500061035156,279.6918640136719,35797300,0.0,0.0,0.0
2019-11-12,308.75,309.989990234375,308.1499938964844,309.0,280.2814025878906,46484600,0.0,0.0,0.0
2019-11-13,307.9100036621094,309.5400085449219,307.6600036621094,309.1000061035156,280.3721008300781,53917700,0.0,0.0,0.0
2019-11-14,308.7900085449219,309.6400146484375,308.0899963378906,309.54998779296875,280.7803039550781,51219900,0.0,0.0,0.0
2019-11-15,311.0199890136719,311.8399963378906,310.260009765625,311.7900085449219,282.8121337890625,62023600,0.0,0.0,0.0
2019-11-18,311.5299987792969,312.2799987792969,311.0299987792969,312.0199890136719,283.02081298828125,49228000,0.0,0.0,0.0
2019-11-19,312.67999267578125,312.69000244140625,311.2200012207031,311.92999267578125,282.939208984375,67804700,0.0,0.0,0.0
2019-11-20,311.2799987792969,311.8500061035156,309.05999755859375,310.7699890136719,281.8869934082031,79406200,0.0,0.0,0.0
2019-11-21,310.8900146484375,311.010009765625,309.3900146484375,310.2699890136719,281.4333801269531,54664700,0.0,0.0,0.0
2019-11-22,311.0899963378906,311.239990234375,309.8500061035156,310.9599914550781,282.0592041015625,44850200,0.0,0.0,0.0
2019-11-25,311.9800109863281,313.3699951171875,311.9800109863281,313.3699951171875,284.2453308105469,48647200,0.0,0.0,0.0
2019-11-26,313.4100036621094,314.2799987792969,313.05999755859375,314.0799865722656,284.8893127441406,37569000,0.0,0.0,0.0
2019-11-27,314.6099853515625,315.4800109863281,314.3699951171875,315.4800109863281,286.1592102050781,44444600,0.0,0.0,0.0
2019-11-29,314.8599853515625,315.1300048828125,314.05999755859375,314.30999755859375,285.09796142578125,36592700,0.0,0.0,0.0
2019-12-02,314.5899963378906,314.6600036621094,311.1700134277344,311.6400146484375,282.6761169433594,75767800,0.0,0.0,0.0
2019-12-03,308.6499938964844,309.6400146484375,307.1300048828125,309.54998779296875,280.7803039550781,73941700,0.0,0.0,0.0
2019-12-04,310.70001220703125,312.1199951171875,310.32000732421875,311.4599914550781,282.5127258300781,49080000,0.0,0.0,0.0
2019-12-05,312.2300109863281,312.25,310.5799865722656,312.0199890136719,283.02081298828125,40709000,0.0,0.0,0.0
2019-12-06,314.1199951171875,315.30999755859375,314.1099853515625,314.8699951171875,285.6059265136719,48927000,0.0,0.0,0.0
2019-12-09,314.44000244140625,315.17999267578125,313.79998779296875,313.8800048828125,284.7080078125,34838500,0.0,0.0,0.0
2019-12-10,313.82000732421875,314.54998779296875,312.80999755859375,313.5299987792969,284.39044189453125,52649800,0.0,0.0,0.0
2019-12-11,314.0299987792969,314.70001220703125,313.44000244140625,314.4200134277344,285.19775390625,53429100,0.0,0.0,0.0
2019-12-12,314.42999267578125,317.989990234375,314.1700134277344,317.1300048828125,287.6558837890625,96389600,0.0,0.0,0.0
2019-12-13,316.8699951171875,318.6700134277344,316.0199890136719,317.32000732421875,287.8281555175781,81503900,0.0,0.0,0.0
2019-12-16,319.2200012207031,320.1499938964844,317.25,319.5,289.8055419921875,82749700,0.0,0.0,0.0
2019-12-17,319.9200134277344,320.25,319.4800109863281,319.57000732421875,289.8690185546875,61097700,0.0,0.0,0.0
2019-12-18,320.0,320.25,319.5299987792969,319.5899963378906,289.8872375488281,48133000,0.0,0.0,0.0
2019-12-19,319.79998779296875,320.9800109863281,319.5199890136719,320.8999938964844,291.0755310058594,85310500,0.0,0.0,0.0
2019-12-20,320.4599914550781,321.9700012207031,319.3900146484375,320.7300109863281,292.3516540527344,147142100,1.57,0.0,0.0
2019-12-23,321.5899963378906,321.6499938964844,321.05999755859375,321.2200012207031,292.7982482910156,52990000,0.0,0.0,0.0
2019-12-24,321.4700012207031,321.5199890136719,320.8999938964844,321.2300109863281,292.80731201171875,20270000,0.0,0.0,0.0
2019-12-26,321.6499938964844,322.95001220703125,321.6400146484375,322.94000244140625,294.3660888671875,30911200,0.0,0.0,0.0
2019-12-27,323.739990234375,323.79998779296875,322.2799987792969,322.8599853515625,294.2930908203125,42528800,0.0,0.0,0.0
2019-12-30,322.95001220703125,323.1000061035156,320.54998779296875,321.0799865722656,292.6706237792969,49729100,0.0,0.0,0.0
2019-12-31,320.5299987792969,322.1300048828125,320.1499938964844,321.8599853515625,293.3816223144531,57077300,0.0,0.0,0.0
2020-01-02,323.5400085449219,324.8900146484375,322.5299987792969,324.8699951171875,296.1252746582031,59151200,0.0,0.0,0.0
2020-01-03,321.1600036621094,323.6400146484375,321.1000061035156,322.4100036621094,293.8829345703125,77709700,0.0,0.0,0.0
2020-01-06,320.489990234375,323.7300109863281,320.3599853515625,323.6400146484375,295.0041198730469,55653900,0.0,0.0,0.0
2020-01-07,323.0199890136719,323.5400085449219,322.239990234375,322.7300109863281,294.17462158203125,40496400,0.0,0.0,0.0
2020-01-08,322.94000244140625,325.7799987792969,322.6700134277344,324.45001220703125,295.7424621582031,68296000,0.0,0.0,0.0
2020-01-09,326.1600036621094,326.7300109863281,325.5199890136719,326.6499938964844,297.747802734375,48473300,0.0,0.0,0.0
2020-01-10,327.2900085449219,327.4599914550781,325.20001220703125,325.7099914550781,296.8909912109375,53029300,0.0,0.0,0.0
2020-01-13,326.3900146484375,327.9599914550781,325.9200134277344,327.95001220703125,298.9327392578125,47086800,0.0,0.0,0.0
2020-01-14,327.4700012207031,328.6199951171875,326.8399963378906,327.45001220703125,298.4770202636719,62832800,0.0,0.0,0.0
2020-01-15,327.3500061035156,329.0199890136719,327.260009765625,328.19000244140625,299.1514892578125,72056600,0.0,0.0,0.0
2020-01-16,329.70001220703125,330.9200134277344,329.45001220703125,330.9200134277344,301.64007568359375,54050300,0.0,0.0,0.0
2020-01-17,331.70001220703125,332.17999267578125,330.8500061035156,331.95001220703125,302.578857421875,95846000,0.0,0.0,0.0
2020-01-21,330.8999938964844,332.17999267578125,330.82000732421875,331.29998779296875,301.9863586425781,77742400,0.0,0.0,0.0
2020-01-22,332.239990234375,332.95001220703125,331.1700134277344,331.3399963378906,302.0227966308594,48914900,0.0,0.0,0.0
2020-01-23,330.6300048828125,332.1700134277344,329.4100036621094,331.7200012207031,302.369140625,51963000,0.0,0.0,0.0
2020-01-24,332.44000244140625,332.5299987792969,327.3599853515625,328.7699890136719,299.68023681640625,87578400,0.0,0.0,0.0
2020-01-27,323.0299987792969,325.1199951171875,322.6600036621094,323.5,294.87652587890625,84062500,0.0,0.0,0.0
2020-01-28,325.05999755859375,327.8500061035156,323.6000061035156,326.8900146484375,297.96661376953125,63834000,0.0,0.0,0.0
2020-01-29,328.3800048828125,328.6300048828125,326.3999938964844,326.6199951171875,297.7204284667969,53888900,0.0,0.0,0.0
2020-01-30,324.3599853515625,327.9100036621094,323.5400085449219,327.67999267578125,298.68658447265625,75491800,0.0,0.0,0.0
2020-01-31,327.0,327.1700134277344,320.7300109863281,321.7300109863281,293.2631530761719,113845600,0.0,0.0,0.0
2020-02-03,323.3500061035156,326.1600036621094,323.2200012207031,324.1199951171875,295.4416809082031,69083000,0.0,0.0,0.0
2020-02-04,328.07000732421875,330.010009765625,327.7200012207031,329.05999755859375,299.9446105957031,62573200,0.0,0.0,0.0
2020-02-05,332.2699890136719,333.0899963378906,330.6700134277344,332.8599853515625,303.4083557128906,65951100,0.0,0.0,0.0
2020-02-06,333.9100036621094,334.19000244140625,332.79998779296875,333.9800109863281,304.4292907714844,50359700,0.0,0.0,0.0
2020-02-07,332.82000732421875,333.989990234375,331.6000061035156,332.20001220703125,302.8067932128906,64139400,0.0,0.0,0.0
2020-02-10,331.2300109863281,334.75,331.19000244140625,334.67999267578125,305.0672607421875,42070000,0.0,0.0,0.0
2020-02-11,336.1600036621094,337.0199890136719,334.67999267578125,335.260009765625,305.5960693359375,54864500,0.0,0.0,0.0
2020-02-12,336.8299865722656,337.6499938964844,336.42999267578125,337.4200134277344,307.5648498535156,43992700,0.0,0.0,0.0
2020-02-13,335.8599853515625,338.1199951171875,335.55999755859375,337.05999755859375,307.2367248535156,54501900,0.0,0.0,0.0
2020-02-14,337.510009765625,337.7300109863281,336.20001220703125,337.6000061035156,307.72894287109375,64582200,0.0,0.0,0.0
2020-02-18,336.510009765625,337.6700134277344,335.2099914550781,336.7300109863281,306.9359436035156,57226200,0.0,0.0,0.0
2020-02-19,337.7900085449219,339.0799865722656,337.4800109863281,338.3399963378906,308.4034118652344,48814700,0.0,0.0,0.0
2020-02-20,337.739990234375,338.6400146484375,333.67999267578125,336.95001220703125,307.1365051269531,74163400,0.0,0.0,0.0
2020-02-21,335.4700012207031,335.80999755859375,332.5799865722656,333.4800109863281,303.97344970703125,113788200,0.0,0.0,0.0
2020-02-24,323.1400146484375,333.55999755859375,321.239990234375,322.4200134277344,293.89208984375,161088400,0.0,0.0,0.0
2020-02-25,323.94000244140625,324.6099853515625,311.69000244140625,312.6499938964844,284.9865417480469,218913200,0.0,0.0,0.0
2020-02-26,314.17999267578125,318.1099853515625,310.70001220703125,311.5,283.93829345703125,194773800,0.0,0.0,0.0
2020-02-27,305.4599914550781,311.55999755859375,297.510009765625,297.510009765625,271.18609619140625,284353500,0.0,0.0,0.0
2020-02-28,288.70001220703125,297.8900146484375,285.5400085449219,296.260009765625,270.0467529296875,384975800,0.0,0.0,0.0
2020-03-02,298.2099914550781,309.1600036621094,294.4599914550781,309.0899963378906,281.7414855957031,238703600,0.0,0.0,0.0
2020-03-03,309.5,313.8399963378906,297.57000732421875,300.239990234375,273.6745910644531,300139100,0.0,0.0,0.0
2020-03-04,306.1199951171875,313.1000061035156,303.3299865722656,312.8599853515625,285.1778564453125,176613400,0.0,0.0,0.0
2020-03-05,304.9800109863281,308.4700012207031,300.010009765625,302.4599914550781,275.6981506347656,186366800,0.0,0.0,0.0
2020-03-06,293.1499938964844,298.7799987792969,290.2300109863281,297.4599914550781,271.14044189453125,228667200,0.0,0.0,0.0
2020-03-09,275.29998779296875,284.19000244140625,273.45001220703125,274.2300109863281,249.9659423828125,309417300,0.0,0.0,0.0
2020-03-10,284.6400146484375,288.5199890136719,273.5,288.4200134277344,262.90032958984375,276444100,0.0,0.0,0.0
2020-03-11,280.70001220703125,281.94000244140625,270.8800048828125,274.3599853515625,250.08450317382812,255316300,0.0,0.0,0.0
2020-03-12,256.0,266.6600036621094,247.67999267578125,248.11000061035156,226.15708923339844,392220700,0.0,0.0,0.0
2020-03-13,263.0899963378906,271.4800109863281,248.52000427246094,269.32000732421875,245.4904327392578,329566100,0.0,0.0,0.0
2020-03-16,241.17999267578125,256.8999938964844,237.36000061035156,239.85000610351562,218.62794494628906,297240000,0.0,0.0,0.0
2020-03-17,245.0399932861328,256.1700134277344,237.07000732421875,252.8000030517578,230.43209838867188,262070500,0.0,0.0,0.0
2020-03-18,236.25,248.3699951171875,228.02000427246094,240.0,218.7646484375,327597100,0.0,0.0,0.0
2020-03-19,239.25,247.3800048828125,232.22000122070312,240.50999450683594,219.22952270507812,289322000,0.0,0.0,0.0
2020-03-20,242.52999877929688,244.47000122070312,228.5,228.8000030517578,209.781982421875,347158800,1.406,0.0,0.0
2020-03-23,228.19000244140625,229.67999267578125,218.25999450683594,222.9499969482422,204.41827392578125,326025200,0.0,0.0,0.0
2020-03-24,234.4199981689453,244.10000610351562,233.8000030517578,243.14999389648438,222.93917846679688,235494500,0.0,0.0,0.0
2020-03-25,244.8699951171875,256.3500061035156,239.75,246.7899932861328,226.27662658691406,299430300,0.0,0.0,0.0
2020-03-26,249.52000427246094,262.79998779296875,249.0500030517578,261.20001220703125,239.48886108398438,257632800,0.0,0.0,0.0
2020-03-27,253.27000427246094,260.80999755859375,251.0500030517578,253.4199981689453,232.35556030273438,224341200,0.0,0.0,0.0
2020-03-30,255.6999969482422,262.42999267578125,253.52999877929688,261.6499938964844,239.90147399902344,171369500,0.0,0.0,0.0
2020-03-31,260.55999755859375,263.3299865722656,256.2200012207031,257.75,236.32569885253906,194881100,0.0,0.0,0.0
2020-04-01,247.97999572753906,257.6600036621094,243.89999389648438,246.14999389648438,225.68984985351562,189554600,0.0,0.0,0.0
2020-04-02,245.19000244140625,252.67999267578125,244.58999633789062,251.8300018310547,230.89773559570312,177660400,0.0,0.0,0.0
2020-04-03,250.75999450683594,253.32000732421875,245.22000122070312,248.19000244140625,227.56027221679688,135561200,0.0,0.0,0.0
2020-04-06,257.8399963378906,267.0,248.1699981689453,264.8599853515625,242.84466552734375,188061200,0.0,0.0,0.0
2020-04-07,274.2099914550781,275.0299987792969,264.8900146484375,265.1300048828125,243.09222412109375,201427200,0.0,0.0,0.0
2020-04-08,267.9599914550781,276.0,265.25,274.0299987792969,251.25244140625,153774500,0.0,0.0,0.0
2020-04-09,277.5799865722656,281.20001220703125,275.4700012207031,278.20001220703125,255.0758819580078,189999200,0.0,0.0,0.0
2020-04-13,277.1400146484375,277.510009765625,271.4100036621094,275.6600036621094,252.74700927734375,114839100,0.0,0.0,0.0
2020-04-14,280.9800109863281,284.8999938964844,275.510009765625,283.7900085449219,260.2012023925781,134143400,0.0,0.0,0.0
2020-04-15,277.57000732421875,283.94000244140625,275.4599914550781,277.760009765625,254.67236328125,121775000,0.0,0.0,0.0
2020-04-16,279.1499938964844,280.0299987792969,275.760009765625,279.1000061035156,255.9010467529297,131798300,0.0,0.0,0.0
2020-04-17,285.3800048828125,287.29998779296875,282.3999938964844,286.6400146484375,262.8143005371094,146684800,0.0,0.0,0.0
2020-04-20,282.6099853515625,286.7900085449219,281.3500061035156,281.5899963378906,258.1840515136719,100109300,0.0,0.0,0.0
2020-04-21,276.7300109863281,278.0400085449219,272.0199890136719,273.0400085449219,250.3448028564453,126385700,0.0,0.0,0.0
2020-04-22,278.3500061035156,281.0,276.9100036621094,279.1000061035156,255.9010467529297,92951600,0.0,0.0,0.0
2020-04-23,280.489990234375,283.94000244140625,278.75,279.0799865722656,255.88259887695312,104709700,0.0,0.0,0.0
2020-04-24,280.7300109863281,283.70001220703125,278.5,282.9700012207031,259.4493103027344,85063200,0.0,0.0,0.0
2020-04-27,285.1199951171875,288.2699890136719,284.6199951171875,287.04998779296875,263.19024658203125,77896600,0.0,0.0,0.0
2020-04-28,291.0199890136719,291.3999938964844,285.3999938964844,285.7300109863281,261.97998046875,105270000,0.0,0.0,0.0
2020-04-29,291.5299987792969,294.8800048828125,290.4100036621094,293.2099914550781,268.83819580078125,118745600,0.0,0.0,0.0
2020-04-30,291.7099914550781,293.32000732421875,288.5899963378906,290.4800109863281,266.335205078125,122901700,0.0,0.0,0.0
2020-05-01,285.30999755859375,290.6600036621094,281.5199890136719,282.7900085449219,259.2843017578125,125180000,0.0,0.0,0.0
2020-05-04,280.739990234375,283.8999938964844,279.1300048828125,283.57000732421875,259.99945068359375,80873200,0.0,0.0,0.0
2020-05-05,286.6400146484375,289.25,283.7099914550781,286.19000244140625,262.4017333984375,79569900,0.0,0.0,0.0
2020-05-06,288.0400085449219,288.4599914550781,283.7799987792969,284.25,260.6229553222656,73632600,0.0,0.0,0.0
2020-05-07,287.75,289.7799987792969,287.1300048828125,287.67999267578125,263.767822265625,75250400,0.0,0.0,0.0
2020-05-08,291.0899963378906,292.95001220703125,289.8599853515625,292.44000244140625,268.13226318359375,76452400,0.0,0.0,0.0
2020-05-11,290.3399963378906,294.0,289.8800048828125,292.5,268.1871643066406,79514200,0.0,0.0,0.0
2020-05-12,293.7900085449219,294.239990234375,286.5199890136719,286.6700134277344,262.841796875,95870800,0.0,0.0,0.0
2020-05-13,286.05999755859375,287.19000244140625,278.9599914550781,281.6000061035156,258.1932373046875,144721100,0.0,0.0,0.0
2020-05-14,278.95001220703125,285.1099853515625,272.989990234375,284.9700012207031,261.2830810546875,121977900,0.0,0.0,0.0
2020-05-15,282.3699951171875,286.3299865722656,281.3399963378906,286.2799987792969,262.4842224121094,111146300,0.0,0.0,0.0
2020-05-18,293.04998779296875,296.75,292.70001220703125,295.0,270.4794616699219,119703800,0.0,0.0,0.0
2020-05-19,294.3500061035156,296.2099914550781,291.95001220703125,291.9700012207031,267.7012939453125,95189300,0.0,0.0,0.0
2020-05-20,295.82000732421875,297.8699951171875,295.57000732421875,296.92999267578125,272.2490234375,85861700,0.0,0.0,0.0
2020-05-21,296.7900085449219,297.6700134277344,293.69000244140625,294.8800048828125,270.3693542480469,78293900,0.0,0.0,0.0
2020-05-22,294.57000732421875,295.6300048828125,293.2200012207031,295.44000244140625,270.8827819824219,63958200,0.0,0.0,0.0
2020-05-26,301.92999267578125,302.19000244140625,295.4599914550781,299.0799865722656,274.2202453613281,88951400,0.0,0.0,0.0
2020-05-27,302.1199951171875,303.57000732421875,296.8699951171875,303.5299987792969,278.3004150390625,104817400,0.0,0.0,0.0
2020-05-28,304.6499938964844,306.8399963378906,302.239990234375,302.9700012207031,277.78692626953125,90405200,0.0,0.0,0.0
2020-05-29,302.4599914550781,304.9599914550781,299.4700012207031,304.32000732421875,279.02471923828125,119090800,0.0,0.0,0.0
2020-06-01,303.6199951171875,306.2099914550781,303.05999755859375,305.54998779296875,280.1524353027344,55758300,0.0,0.0,0.0
2020-06-02,306.54998779296875,308.1300048828125,305.1000061035156,308.0799865722656,282.4722900390625,74267200,0.0,0.0,0.0
2020-06-03,310.239990234375,313.2200012207031,309.94000244140625,312.17999267578125,286.2313537597656,92567600,0.0,0.0,0.0
2020-06-04,311.1099853515625,313.0,309.0799865722656,311.3599853515625,285.4795227050781,75794400,0.0,0.0,0.0
2020-06-05,317.2300109863281,321.2699890136719,317.1600036621094,319.3399963378906,292.79620361328125,150524700,0.0,0.0,0.0
2020-06-08,320.2200012207031,323.4100036621094,319.6300048828125,323.20001220703125,296.3354187011719,73641200,0.0,0.0,0.0
2020-06-09,320.29998779296875,323.2799987792969,319.3599853515625,320.7900085449219,294.1258239746094,77479200,0.0,0.0,0.0
2020-06-10,321.4200134277344,322.3900146484375,318.2200012207031,319.0,292.484619140625,95000800,0.0,0.0,0.0
2020-06-11,311.4599914550781,312.1499938964844,300.010009765625,300.6099853515625,275.6231689453125,209243600,0.0,0.0,0.0
2020-06-12,308.239990234375,309.0799865722656,298.6000061035156,304.2099914550781,278.923828125,194678900,0.0,0.0,0.0
2020-06-15,298.0199890136719,308.2799987792969,296.739990234375,307.04998779296875,281.5278015136719,135782700,0.0,0.0,0.0
2020-06-16,315.4800109863281,315.6400146484375,307.6700134277344,312.9599914550781,286.9465637207031,137627500,0.0,0.0,0.0
2020-06-17,314.07000732421875,314.3900146484375,310.8599853515625,311.6600036621094,285.7546081542969,83398900,0.0,0.0,0.0
2020-06-18,310.010009765625,312.29998779296875,309.510009765625,311.7799987792969,285.86456298828125,80828700,0.0,0.0,0.0
2020-06-19,314.1700134277344,314.3800048828125,306.5299987792969,308.6400146484375,284.2309875488281,135549600,1.366,0.0,0.0
2020-06-22,307.989990234375,311.04998779296875,306.75,310.6199951171875,286.05438232421875,74649400,0.0,0.0,0.0
2020-06-23,313.489990234375,314.5,311.6099853515625,312.04998779296875,287.3712463378906,68471200,0.0,0.0,0.0
2020-06-24,309.8399963378906,310.510009765625,302.1000061035156,304.0899963378906,280.0408020019531,132813500,0.0,0.0,0.0
2020-06-25,303.4700012207031,307.6400146484375,301.2799987792969,307.3500061035156,283.04302978515625,89468000,0.0,0.0,0.0
2020-06-26,306.1600036621094,306.3900146484375,299.4200134277344,300.04998779296875,276.3202209472656,127961000,0.0,0.0,0.0
2020-06-29,301.4100036621094,304.6099853515625,298.92999267578125,304.4599914550781,280.3815002441406,79773300,0.0,0.0,0.0
2020-06-30,303.989990234375,310.20001220703125,303.82000732421875,308.3599853515625,283.9730529785156,113394800,0.0,0.0,0.0
2020-07-01,309.57000732421875,311.8900146484375,309.07000732421875,310.5199890136719,285.96221923828125,72396500,0.0,0.0,0.0
2020-07-02,314.239990234375,315.70001220703125,311.510009765625,312.2300109863281,287.5370178222656,69344200,0.0,0.0,0.0
2020-07-06,316.3699951171875,317.67999267578125,315.55999755859375,317.04998779296875,291.97589111328125,61713800,0.0,0.0,0.0
2020-07-07,315.3800048828125,317.5199890136719,313.3699951171875,313.7799987792969,288.9644775390625,82910000,0.0,0.0,0.0
2020-07-08,314.6099853515625,316.29998779296875,312.70001220703125,316.17999267578125,291.1746520996094,54638600,0.0,0.0,0.0
2020-07-09,316.8399963378906,317.1000061035156,310.67999267578125,314.3800048828125,289.5169982910156,83354200,0.0,0.0,0.0
2020-07-10,314.30999755859375,317.8800048828125,312.760009765625,317.5899963378906,292.47308349609375,57550400,0.0,0.0,0.0
2020-07-13,320.1300048828125,322.7099914550781,314.1300048828125,314.8399963378906,289.9405822753906,102997500,0.0,0.0,0.0
2020-07-14,313.29998779296875,319.760009765625,312.0,318.9200134277344,293.6979675292969,93657000,0.0,0.0,0.0
2020-07-15,322.4100036621094,323.0400085449219,319.2699890136719,321.8500061035156,296.396240234375,87196500,0.0,0.0,0.0
2020-07-16,319.7900085449219,321.2799987792969,319.0899963378906,320.7900085449219,295.4200744628906,54622500,0.0,0.0,0.0
2020-07-17,321.8800048828125,322.57000732421875,319.739990234375,321.7200012207031,296.2764587402344,62774900,0.0,0.0,0.0
2020-07-20,321.42999267578125,325.1300048828125,320.6199951171875,324.32000732421875,298.6709289550781,56308800,0.0,0.0,0.0
2020-07-21,326.45001220703125,326.92999267578125,323.94000244140625,325.010009765625,299.3062744140625,57292200,0.0,0.0,0.0
2020-07-22,324.6199951171875,327.20001220703125,324.5,326.8599853515625,301.0100402832031,57792900,0.0,0.0,0.0
2020-07-23,326.4700012207031,327.2300109863281,321.4800109863281,322.9599914550781,297.41845703125,75738000,0.0,0.0,0.0
2020-07-24,320.95001220703125,321.989990234375,319.25,320.8800048828125,295.5028991699219,73766600,0.0,0.0,0.0
2020-07-27,321.6300048828125,323.4100036621094,320.7699890136719,323.2200012207031,297.6578369140625,48293000,0.0,0.0,0.0
2020-07-28,322.42999267578125,323.6400146484375,320.8500061035156,321.1700134277344,295.76995849609375,57495000,0.0,0.0,0.0
2020-07-29,322.1199951171875,325.7300109863281,322.0799865722656,325.1199951171875,299.4076843261719,48454200,0.0,0.0,0.0
2020-07-30,321.8999938964844,324.4100036621094,319.6400146484375,323.9599914550781,298.33935546875,61861700,0.0,0.0,0.0
2020-07-31,325.8999938964844,326.6300048828125,321.3299865722656,326.5199890136719,300.6968994140625,84986800,0.0,0.0,0.0
2020-08-03,328.32000732421875,329.6199951171875,327.7300109863281,328.7900085449219,302.7874450683594,53077900,0.0,0.0,0.0
2020-08-04,327.8599853515625,330.05999755859375,327.8599853515625,330.05999755859375,303.9569091796875,41917900,0.0,0.0,0.0
2020-08-05,331.4700012207031,332.3900146484375,331.17999267578125,332.1099853515625,305.8447570800781,42697700,0.0,0.0,0.0
2020-08-06,331.4800109863281,334.4599914550781,331.1300048828125,334.3299865722656,307.88934326171875,43679400,0.0,0.0,0.0
2020-08-07,333.2799987792969,334.8800048828125,332.29998779296875,334.57000732421875,308.1102600097656,57308300,0.0,0.0,0.0
2020-08-10,335.05999755859375,335.7699890136719,332.9599914550781,335.57000732421875,309.0312194824219,44282100,0.0,0.0,0.0
2020-08-11,336.8500061035156,337.5400085449219,332.010009765625,332.79998779296875,306.4801940917969,69601100,0.0,0.0,0.0
2020-08-12,335.44000244140625,338.2799987792969,335.4100036621094,337.44000244140625,310.7533264160156,53774400,0.0,0.0,0.0
2020-08-13,336.6099853515625,338.25,335.8299865722656,336.8299865722656,310.1915283203125,41816100,0.0,0.0,0.0
2020-08-14,336.4100036621094,337.4200134277344,335.6199951171875,336.8399963378906,310.20068359375,47260400,0.0,0.0,0.0
2020-08-17,337.94000244140625,338.3399963378906,336.8500061035156,337.9100036621094,311.18609619140625,35481000,0.0,0.0,0.0
2020-08-18,338.3399963378906,339.1000061035156,336.6099853515625,338.6400146484375,311.85833740234375,38733900,0.0,0.0,0.0
2020-08-19,339.04998779296875,339.6099853515625,336.6199951171875,337.2300109863281,310.5599365234375,68054200,0.0,0.0,0.0
2020-08-20,335.3599853515625,338.79998779296875,335.2200012207031,338.2799987792969,311.52685546875,42207800,0.0,0.0,0.0
2020-08-21,337.9200134277344,339.7200012207031,337.54998779296875,339.4800109863281,312.6319274902344,55106600,0.0,0.0,0.0
2020-08-24,342.1199951171875,343.0,339.45001220703125,342.9200134277344,315.7999267578125,48588700,0.0,0.0,0.0
2020-08-25,343.5299987792969,344.2099914550781,342.2699890136719,344.1199951171875,316.90496826171875,38463400,0.0,0.0,0.0
2020-08-26,344.760009765625,347.8599853515625,344.1700134277344,347.57000732421875,320.0821228027344,50790200,0.0,0.0,0.0
2020-08-27,348.510009765625,349.8999938964844,346.5299987792969,348.3299865722656,320.7820739746094,58034100,0.0,0.0,0.0
2020-08-28,349.44000244140625,350.7200012207031,348.1499938964844,350.5799865722656,322.8540954589844,48588900,0.0,0.0,0.0
2020-08-31,350.3500061035156,351.29998779296875,349.05999755859375,349.30999755859375,321.6845703125,66099200,0.0,0.0,0.0
2020-09-01,350.2099914550781,352.7099914550781,349.239990234375,352.6000061035156,324.71435546875,54908700,0.0,0.0,0.0
2020-09-02,354.6700134277344,358.75,353.42999267578125,357.70001220703125,329.41094970703125,69540000,0.0,0.0,0.0
2020-09-03,355.8699951171875,356.3800048828125,342.5899963378906,345.3900146484375,318.0745849609375,148011100,0.0,0.0,0.0
2020-09-04,346.1300048828125,347.8299865722656,334.8699951171875,342.57000732421875,315.4775695800781,139156300,0.0,0.0,0.0
2020-09-08,336.7099914550781,342.6400146484375,332.8800048828125,333.2099914550781,306.8577575683594,114465300,0.0,0.0,0.0
2020-09-09,337.54998779296875,342.4599914550781,336.6099853515625,339.7900085449219,312.9174499511719,91462300,0.0,0.0,0.0
2020-09-10,341.82000732421875,342.5299987792969,332.8500061035156,333.8900146484375,307.4841003417969,90569500,0.0,0.0,0.0
2020-09-11,335.82000732421875,336.9700012207031,331.0,334.05999755859375,307.6405944824219,84680200,0.0,0.0,0.0
2020-09-14,337.489990234375,340.3800048828125,334.2200012207031,338.4599914550781,311.6925964355469,65605700,0.0,0.0,0.0
2020-09-15,341.1199951171875,342.0199890136719,338.4700012207031,340.1700134277344,313.26739501953125,52920900,0.0,0.0,0.0
2020-09-16,341.510009765625,343.05999755859375,338.5199890136719,338.82000732421875,312.02410888671875,82096000,0.0,0.0,0.0
2020-09-17,333.55999755859375,337.70001220703125,332.989990234375,335.8399963378906,309.2797546386719,91523300,0.0,0.0,0.0
2020-09-18,335.3699951171875,335.489990234375,327.9700012207031,330.6499938964844,305.7191467285156,105877900,1.339,0.0,0.0
2020-09-21,325.70001220703125,327.1300048828125,321.7300109863281,326.9700012207031,302.316650390625,99450800,0.0,0.0,0.0
2020-09-22,328.57000732421875,330.8999938964844,325.8599853515625,330.29998779296875,305.3955993652344,63612100,0.0,0.0,0.0
2020-09-23,330.8999938964844,331.20001220703125,322.1000061035156,322.6400146484375,298.3131408691406,93112200,0.0,0.0,0.0
2020-09-24,321.2200012207031,326.79998779296875,319.79998779296875,323.5,299.1083068847656,76681300,0.0,0.0,0.0
2020-09-25,322.5799865722656,329.5799865722656,321.6400146484375,328.7300109863281,303.9439392089844,71069400,0.0,0.0,0.0
2020-09-28,333.2200012207031,334.9599914550781,332.1499938964844,334.19000244140625,308.9923400878906,64584600,0.0,0.0,0.0
2020-09-29,333.9700012207031,334.7699890136719,331.6199951171875,332.3699951171875,307.30938720703125,51304000,0.0,0.0,0.0
2020-09-30,333.0899963378906,338.2900085449219,332.8800048828125,334.8900146484375,309.63946533203125,104081100,0.0,0.0,0.0
2020-10-01,337.69000244140625,338.739990234375,335.010009765625,337.0400085449219,311.6273498535156,88698700,0.0,0.0,0.0
2020-10-02,331.70001220703125,337.010009765625,331.19000244140625,333.8399963378906,308.6686706542969,89431100,0.0,0.0,0.0
2020-10-05,336.05999755859375,339.9599914550781,336.010009765625,339.760009765625,314.14227294921875,45713100,0.0,0.0,0.0
2020-10-06,339.9100036621094,342.1700134277344,334.3800048828125,334.92999267578125,309.6764221191406,90128900,0.0,0.0,0.0
2020-10-07,338.1199951171875,341.6300048828125,338.0899963378906,340.760009765625,315.0670166015625,56999600,0.0,0.0,0.0
2020-10-08,342.8500061035156,343.8500061035156,341.8599853515625,343.7799987792969,317.8591613769531,45242500,0.0,0.0,0.0
2020-10-09,345.55999755859375,347.3500061035156,344.8900146484375,346.8500061035156,320.6977233886719,59528600,0.0,0.0,0.0
2020-10-12,349.5899963378906,354.0199890136719,349.05999755859375,352.42999267578125,325.8569641113281,80388500,0.0,0.0,0.0
2020-10-13,352.2799987792969,352.4700012207031,349.0899963378906,350.1300048828125,323.7303161621094,73255500,0.0,0.0,0.0
2020-10-14,350.75,351.92999267578125,347.1400146484375,347.92999267578125,321.6962585449219,57727900,0.0,0.0,0.0
2020-10-15,343.7099914550781,348.0199890136719,343.1300048828125,347.5,321.29864501953125,60357700,0.0,0.0,0.0
2020-10-16,348.9599914550781,350.75,347.1000061035156,347.2900085449219,321.1045837402344,89501900,0.0,0.0,0.0
2020-10-19,348.6499938964844,349.3299865722656,341.0400085449219,342.010009765625,316.22259521484375,68425600,0.0,0.0,0.0
2020-10-20,343.4599914550781,346.8800048828125,342.6400146484375,343.3800048828125,317.4893493652344,60051900,0.0,0.0,0.0
2020-10-21,343.3299865722656,345.6700134277344,342.3999938964844,342.7300109863281,316.8883972167969,63575000,0.0,0.0,0.0
2020-10-22,342.9599914550781,345.239990234375,340.6499938964844,344.6099853515625,318.6266174316406,55399300,0.0,0.0,0.0
2020-10-23,345.92999267578125,345.989990234375,343.1300048828125,345.7799987792969,319.7083740234375,49143900,0.0,0.0,0.0
2020-10-26,342.1300048828125,342.9800109863281,335.6199951171875,339.3900146484375,313.80023193359375,91473000,0.0,0.0,0.0
2020-10-27,339.760009765625,340.1199951171875,337.989990234375,338.2200012207031,312.7184753417969,65994100,0.0,0.0,0.0
2020-10-28,332.1000061035156,338.25,326.1300048828125,326.6600036621094,302.0299987792969,127094300,0.0,0.0,0.0
2020-10-29,326.9100036621094,333.3999938964844,325.0899963378906,329.9800109863281,305.099609375,90597700,0.0,0.0,0.0
2020-10-30,328.2799987792969,329.69000244140625,322.6000061035156,326.5400085449219,301.91912841796875,120287300,0.0,0.0,0.0
2020-11-02,330.20001220703125,332.3599853515625,327.239990234375,330.20001220703125,305.3031311035156,86068300,0.0,0.0,0.0
2020-11-03,333.69000244140625,338.25,330.2900085449219,336.0299987792969,310.6934814453125,93294200,0.0,0.0,0.0
2020-11-04,340.8599853515625,347.94000244140625,339.5899963378906,343.5400085449219,317.6373291015625,126959700,0.0,0.0,0.0
2020-11-05,349.239990234375,352.19000244140625,348.8599853515625,350.239990234375,323.8321228027344,82039700,0.0,0.0,0.0
2020-11-06,349.92999267578125,351.510009765625,347.6499938964844,350.1600036621094,323.7581481933594,74973000,0.0,0.0,0.0
2020-11-09,363.9700012207031,364.3800048828125,354.05999755859375,354.55999755859375,327.8264465332031,172304200,0.0,0.0,0.0
2020-11-10,353.489990234375,355.17999267578125,350.510009765625,354.0400085449219,327.34564208984375,85552000,0.0,0.0,0.0
2020-11-11,356.3999938964844,357.55999755859375,355.05999755859375,356.6700134277344,329.7771911621094,58649000,0.0,0.0,0.0
2020-11-12,355.5799865722656,356.7200012207031,351.260009765625,353.2099914550781,326.57818603515625,67546200,0.0,0.0,0.0
2020-11-13,355.2699890136719,358.8999938964844,354.7099914550781,358.1000061035156,331.0994567871094,62892200,0.0,0.0,0.0
2020-11-16,360.9800109863281,362.7799987792969,359.5899963378906,362.57000732421875,335.232421875,74541100,0.0,0.0,0.0
2020-11-17,359.9700012207031,361.9200134277344,358.3399963378906,360.6199951171875,333.4294128417969,66111000,0.0,0.0,0.0
2020-11-18,360.9100036621094,361.5,356.239990234375,356.2799987792969,329.4166259765625,70591300,0.0,0.0,0.0
2020-11-19,355.6000061035156,358.17999267578125,354.1499938964844,357.7799987792969,330.8035583496094,59940900,0.0,0.0,0.0
2020-11-20,357.5,357.7200012207031,355.25,355.3299865722656,328.5383605957031,70417300,0.0,0.0,0.0
2020-11-23,357.2799987792969,358.82000732421875,354.8699951171875,357.4599914550781,330.507568359375,63230600,0.0,0.0,0.0
2020-11-24,360.2099914550781,363.80999755859375,359.2900085449219,363.2200012207031,335.8334045410156,62415900,0.0,0.0,0.0
2020-11-25,363.1300048828125,363.1600036621094,361.4800109863281,362.6600036621094,335.3156433105469,45330900,0.0,0.0,0.0
2020-11-27,363.8399963378906,364.17999267578125,362.5799865722656,363.6700134277344,336.24945068359375,28514100,0.0,0.0,0.0
2020-11-30,362.8299865722656,363.1199951171875,359.1700134277344,362.05999755859375,334.76080322265625,83872700,0.0,0.0,0.0
2020-12-01,365.57000732421875,367.67999267578125,364.92999267578125,366.0199890136719,338.4222106933594,74231400,0.0,0.0,0.0
2020-12-02,364.82000732421875,366.9599914550781,364.20001220703125,366.7900085449219,339.1341857910156,45927000,0.0,0.0,0.0
2020-12-03,366.67999267578125,368.19000244140625,365.5,366.69000244140625,339.0418395996094,62882000,0.0,0.0,0.0
2020-12-04,367.32000732421875,369.8500061035156,367.2200012207031,369.8500061035156,341.96343994140625,50749900,0.0,0.0,0.0
2020-12-07,369.0199890136719,369.6199951171875,367.7200012207031,369.0899963378906,341.2607727050781,48944300,0.0,0.0,0.0
2020-12-08,367.7200012207031,370.7799987792969,367.6700134277344,370.1700134277344,342.25946044921875,42458900,0.0,0.0,0.0
2020-12-09,370.8800048828125,371.04998779296875,365.95001220703125,366.8500061035156,339.189697265625,74098300,0.0,0.0,0.0
2020-12-10,365.3699951171875,367.8599853515625,364.42999267578125,366.7300109863281,339.0787353515625,57735400,0.0,0.0,0.0
2020-12-11,364.8999938964844,366.739990234375,363.260009765625,366.29998779296875,338.68115234375,57698600,0.0,0.0,0.0
2020-12-14,368.6400146484375,369.79998779296875,364.4700012207031,364.6600036621094,337.1648864746094,69216200,0.0,0.0,0.0
2020-12-15,367.3999938964844,369.5899963378906,365.9200134277344,369.5899963378906,341.7231140136719,63865300,0.0,0.0,0.0
2020-12-16,369.82000732421875,371.1600036621094,368.8699951171875,370.1700134277344,342.25946044921875,58420500,0.0,0.0,0.0
2020-12-17,371.94000244140625,372.4599914550781,371.04998779296875,372.239990234375,344.1733703613281,64119500,0.0,0.0,0.0
2020-12-18,370.9700012207031,371.1499938964844,367.0199890136719,369.17999267578125,342.79913330078125,136542300,1.58,0.0,0.0
2020-12-21,364.9700012207031,378.4599914550781,362.0299987792969,367.8599853515625,341.5733642578125,96386700,0.0,0.0,0.0
2020-12-22,368.2099914550781,368.3299865722656,366.0299987792969,367.239990234375,340.9977111816406,47949000,0.0,0.0,0.0
2020-12-23,368.2799987792969,369.6199951171875,367.2200012207031,367.57000732421875,341.3040771484375,46201400,0.0,0.0,0.0
2020-12-24,368.0799865722656,369.0299987792969,367.45001220703125,369.0,342.6319274902344,26457900,0.0,0.0,0.0
2020-12-28,371.739990234375,372.5899963378906,371.07000732421875,372.1700134277344,345.5754089355469,39000400,0.0,0.0,0.0
2020-12-29,373.80999755859375,374.0,370.8299865722656,371.4599914550781,344.9161376953125,53680500,0.0,0.0,0.0
2020-12-30,372.3399963378906,373.1000061035156,371.57000732421875,371.989990234375,345.4082946777344,49455300,0.0,0.0,0.0
2020-12-31,371.7799987792969,374.6600036621094,371.2300109863281,373.8800048828125,347.1632080078125,78520700,0.0,0.0,0.0
2021-01-04,375.30999755859375,375.45001220703125,364.82000732421875,368.7900085449219,342.4368591308594,110210800,0.0,0.0,0.0
2021-01-05,368.1000061035156,372.5,368.04998779296875,371.3299865722656,344.7953796386719,66426200,0.0,0.0,0.0
2021-01-06,369.7099914550781,376.9800109863281,369.1199951171875,373.54998779296875,346.8567810058594,107997700,0.0,0.0,0.0
2021-01-07,376.1000061035156,379.8999938964844,375.9100036621094,379.1000061035156,352.0101623535156,68766800,0.0,0.0,0.0
2021-01-08,380.5899963378906,381.489990234375,377.1000061035156,381.260009765625,354.015869140625,71677200,0.0,0.0,0.0
2021-01-11,377.8500061035156,380.5799865722656,377.7200012207031,378.69000244140625,351.6294860839844,51034700,0.0,0.0,0.0
2021-01-12,378.8900146484375,379.8599853515625,376.3599853515625,378.7699890136719,351.70367431640625,52547700,0.0,0.0,0.0
2021-01-13,378.69000244140625,380.8599853515625,377.8500061035156,379.7900085449219,352.65087890625,45303600,0.0,0.0,0.0
2021-01-14,380.5899963378906,381.1300048828125,378.1000061035156,378.4599914550781,351.41583251953125,49989100,0.0,0.0,0.0
2021-01-15,376.7200012207031,377.5799865722656,373.70001220703125,375.70001220703125,348.85321044921875,107160000,0.0,0.0,0.0
2021-01-19,378.3399963378906,379.2300109863281,376.75,378.6499938964844,351.59234619140625,51233300,0.0,0.0,0.0
2021-01-20,381.1099853515625,384.7900085449219,380.69000244140625,383.8900146484375,356.4578857421875,61836100,0.0,0.0,0.0
2021-01-21,384.489990234375,384.95001220703125,383.25,384.239990234375,356.7829284667969,47840100,0.0,0.0,0.0
2021-01-22,382.25,384.1300048828125,381.8399963378906,382.8800048828125,355.5201416015625,52860500,0.0,0.0,0.0
2021-01-25,383.6700134277344,384.7699890136719,378.4599914550781,384.3900146484375,356.92218017578125,70402000,0.0,0.0,0.0
2021-01-26,385.4100036621094,385.8500061035156,383.5400085449219,383.7900085449219,356.3651428222656,42665300,0.0,0.0,0.0
2021-01-27,380.2200012207031,380.32000732421875,372.010009765625,374.4100036621094,347.6553955078125,123351100,0.0,0.0,0.0
2021-01-28,376.3599853515625,381.92999267578125,375.8900146484375,377.6300048828125,350.64520263671875,94198100,0.0,0.0,0.0
2021-01-29,375.6300048828125,376.6700134277344,368.2699890136719,370.07000732421875,343.62548828125,126765100,0.0,0.0,0.0
2021-02-01,373.7200012207031,377.3399963378906,370.3800048828125,376.2300109863281,349.3453369140625,75817600,0.0,0.0,0.0
2021-02-02,379.6499938964844,383.2200012207031,376.32000732421875,381.54998779296875,354.28509521484375,64450700,0.0,0.0,0.0
2021-02-03,382.44000244140625,383.70001220703125,380.4800109863281,381.8500061035156,354.563720703125,52427100,0.0,0.0,0.0
2021-02-04,382.9599914550781,386.239990234375,381.9700012207031,386.19000244140625,358.5935363769531,47142600,0.0,0.0,0.0
2021-02-05,388.20001220703125,388.4700012207031,386.1400146484375,387.7099914550781,360.00494384765625,48669800,0.0,0.0,0.0
2021-02-08,389.2699890136719,390.55999755859375,388.3500061035156,390.510009765625,362.6048583984375,38365200,0.0,0.0,0.0
2021-02-09,389.6099853515625,390.8900146484375,389.1700134277344,390.25,362.3634033203125,35551100,0.0,0.0,0.0
2021-02-10,392.1199951171875,392.2799987792969,387.5,390.0799865722656,362.20556640625,59154400,0.0,0.0,0.0
2021-02-11,391.239990234375,391.69000244140625,388.1000061035156,390.7099914550781,362.79052734375,42913300,0.0,0.0,0.0
2021-02-12,389.8500061035156,392.8999938964844,389.7699890136719,392.6400146484375,364.5826721191406,50593300,0.0,0.0,0.0
2021-02-16,393.9599914550781,394.1700134277344,391.5299987792969,392.29998779296875,364.2669372558594,50972400,0.0,0.0,0.0
2021-02-17,390.4200134277344,392.6600036621094,389.3299865722656,392.3900146484375,364.3504943847656,52290600,0.0,0.0,0.0
2021-02-18,389.5899963378906,391.5199890136719,387.739990234375,390.7200012207031,362.7998046875,59712800,0.0,0.0,0.0
2021-02-19,392.07000732421875,392.3800048828125,389.54998779296875,390.0299987792969,362.1591491699219,83241000,0.0,0.0,0.0
2021-02-22,387.05999755859375,389.6199951171875,386.739990234375,387.0299987792969,359.3735046386719,67414200,0.0,0.0,0.0
2021-02-23,384.6600036621094,388.95001220703125,380.20001220703125,387.5,359.8099365234375,107284100,0.0,0.0,0.0
2021-02-24,386.3299865722656,392.2300109863281,385.2699890136719,391.7699890136719,363.7747802734375,72433900,0.0,0.0,0.0
2021-02-25,390.4100036621094,391.8800048828125,380.7799987792969,382.3299865722656,355.0093688964844,146670500,0.0,0.0,0.0
2021-02-26,384.3500061035156,385.5799865722656,378.2300109863281,380.3599853515625,353.1802062988281,152701600,0.0,0.0,0.0
2021-03-01,385.5899963378906,390.9200134277344,380.57000732421875,389.5799865722656,361.74127197265625,105348800,0.0,0.0,0.0
2021-03-02,389.82000732421875,390.07000732421875,386.0,386.5400085449219,358.9186096191406,79595300,0.0,0.0,0.0
2021-03-03,385.7900085449219,386.8299865722656,381.30999755859375,381.4200134277344,354.1644287109375,119940200,0.0,0.0,0.0
2021-03-04,381.2200012207031,384.0,371.8800048828125,376.70001220703125,349.7816467285156,183433000,0.0,0.0,0.0
2021-03-05,380.4599914550781,384.760009765625,372.6400146484375,383.6300048828125,356.2165832519531,152039600,0.0,0.0,0.0
2021-03-08,384.6600036621094,387.67999267578125,381.4200134277344,381.7200012207031,354.4429626464844,123149200,0.0,0.0,0.0
2021-03-09,385.8500061035156,389.9100036621094,385.30999755859375,387.1700134277344,359.5035705566406,113633600,0.0,0.0,0.0
2021-03-10,389.69000244140625,391.3999938964844,388.1700134277344,389.5799865722656,361.74127197265625,109899400,0.0,0.0,0.0
2021-03-11,392.2300109863281,395.6499938964844,391.739990234375,393.5299987792969,365.40911865234375,86245000,0.0,0.0,0.0
2021-03-12,392.07000732421875,394.2099914550781,391.20001220703125,394.05999755859375,365.90118408203125,64653600,0.0,0.0,0.0
2021-03-15,394.3299865722656,396.69000244140625,392.0299987792969,396.4100036621094,368.0832214355469,73427200,0.0,0.0,0.0
2021-03-16,397.07000732421875,397.8299865722656,395.0799865722656,395.9100036621094,367.6190185546875,73722500,0.0,0.0,0.0
2021-03-17,394.5299987792969,398.1199951171875,393.29998779296875,397.260009765625,368.8724670410156,97959300,0.0,0.0,0.0
2021-03-18,394.4800109863281,396.7200012207031,390.75,391.4800109863281,363.50555419921875,115349100,0.0,0.0,0.0
2021-03-19,389.8800048828125,391.57000732421875,387.1499938964844,389.4800109863281,362.83294677734375,113624500,1.278,0.0,0.0
2021-03-22,390.0299987792969,394.07000732421875,389.9700012207031,392.5899963378906,365.7301025390625,73778600,0.0,0.0,0.0
2021-03-23,391.9100036621094,393.4599914550781,388.6600036621094,389.5,362.8515319824219,90686600,0.0,0.0,0.0
2021-03-24,391.0,392.75,387.4700012207031,387.5199890136719,361.0069885253906,97588600,0.0,0.0,0.0
2021-03-25,385.9800109863281,390.54998779296875,383.8999938964844,389.70001220703125,363.037841796875,116128600,0.0,0.0,0.0
2021-03-26,390.92999267578125,396.4100036621094,390.2900085449219,395.9800109863281,368.8881530761719,114409100,0.0,0.0,0.0
2021-03-29,394.3999938964844,396.75,392.80999755859375,395.7799987792969,368.7019348144531,108107600,0.0,0.0,0.0
2021-03-30,394.4200134277344,395.45001220703125,393.0199890136719,394.7300109863281,367.7237854003906,76262200,0.0,0.0,0.0
2021-03-31,395.3399963378906,398.0,395.30999755859375,396.3299865722656,369.21429443359375,112734200,0.0,0.0,0.0
2021-04-01,398.3999938964844,400.6700134277344,398.17999267578125,400.6099853515625,373.20147705078125,99682900,0.0,0.0,0.0
2021-04-05,403.4599914550781,406.94000244140625,403.3800048828125,406.3599853515625,378.5580749511719,91684800,0.0,0.0,0.0
2021-04-06,405.760009765625,407.239990234375,405.3999938964844,406.1199951171875,378.33453369140625,62021000,0.0,0.0,0.0
2021-04-07,405.94000244140625,406.9599914550781,405.45001220703125,406.5899963378906,378.7723083496094,55836300,0.0,0.0,0.0
2021-04-08,407.92999267578125,408.5799865722656,406.92999267578125,408.5199890136719,380.5702819824219,57863100,0.0,0.0,0.0
2021-04-09,408.3900146484375,411.6700134277344,408.260009765625,411.489990234375,383.33709716796875,61104600,0.0,0.0,0.0
2021-04-12,410.8500061035156,411.92999267578125,410.20001220703125,411.6400146484375,383.4768981933594,56704900,0.0,0.0,0.0
2021-04-13,411.5299987792969,413.5299987792969,411.1199951171875,412.8599853515625,384.6133117675781,56551000,0.0,0.0,0.0
2021-04-14,412.8299865722656,413.9599914550781,410.8699951171875,411.45001220703125,383.29986572265625,61659900,0.0,0.0,0.0
2021-04-15,413.739990234375,416.1600036621094,413.69000244140625,415.8699951171875,387.41748046875,60229800,0.0,0.0,0.0
2021-04-16,417.25,417.9100036621094,415.7300109863281,417.260009765625,388.71234130859375,82037300,0.0,0.0,0.0
2021-04-19,416.260009765625,416.739990234375,413.7900085449219,415.2099914550781,386.80255126953125,78498500,0.0,0.0,0.0
2021-04-20,413.9100036621094,415.0899963378906,410.5899963378906,412.1700134277344,383.9705505371094,81851800,0.0,0.0,0.0
2021-04-21,411.510009765625,416.2900085449219,411.3599853515625,416.07000732421875,387.603759765625,66793000,0.0,0.0,0.0
2021-04-22,415.8900146484375,416.7799987792969,411.1300048828125,412.2699890136719,384.0637512207031,97582800,0.0,0.0,0.0
2021-04-23,412.8699951171875,418.25,412.7900085449219,416.739990234375,388.2278747558594,73209200,0.0,0.0,0.0
2021-04-26,417.44000244140625,418.2200012207031,416.80999755859375,417.6099853515625,389.03839111328125,52182400,0.0,0.0,0.0
2021-04-27,417.92999267578125,418.1400146484375,416.29998779296875,417.5199890136719,388.95452880859375,51303100,0.0,0.0,0.0
2021-04-28,417.80999755859375,419.010009765625,416.8999938964844,417.3999938964844,388.8426513671875,51238900,0.0,0.0,0.0
2021-04-29,420.32000732421875,420.7200012207031,416.44000244140625,420.05999755859375,391.32073974609375,78544300,0.0,0.0,0.0
2021-04-30,417.6300048828125,418.5400085449219,416.3399963378906,417.29998779296875,388.74951171875,85527000,0.0,0.0,0.0
2021-05-03,419.42999267578125,419.8399963378906,417.6700134277344,418.20001220703125,389.5880126953125,68128300,0.0,0.0,0.0
2021-05-04,416.07000732421875,416.6000061035156,411.6700134277344,415.6199951171875,387.1845703125,101591200,0.0,0.0,0.0
2021-05-05,417.3800048828125,417.6300048828125,415.1499938964844,415.75,387.3056335449219,60162200,0.0,0.0,0.0
2021-05-06,415.8299865722656,419.2099914550781,413.67999267578125,419.07000732421875,390.39849853515625,74321400,0.0,0.0,0.0
2021-05-07,419.8900146484375,422.82000732421875,419.1600036621094,422.1199951171875,393.2398376464844,67733800,0.0,0.0,0.0
2021-05-10,422.5,422.739990234375,417.80999755859375,417.94000244140625,389.3458557128906,81852400,0.0,0.0,0.0
2021-05-11,413.1000061035156,415.2699890136719,410.05999755859375,414.2099914550781,385.8710021972656,116888000,0.0,0.0,0.0
2021-05-12,411.2300109863281,412.5899963378906,404.0,405.4100036621094,377.67303466796875,134811000,0.0,0.0,0.0
2021-05-13,407.07000732421875,412.3500061035156,407.0199890136719,410.2799987792969,382.20989990234375,106394000,0.0,0.0,0.0
2021-05-14,413.2099914550781,417.489990234375,413.17999267578125,416.5799865722656,388.0788879394531,82201600,0.0,0.0,0.0
2021-05-17,415.3900146484375,416.3900146484375,413.3599853515625,415.5199890136719,387.0913391113281,65129200,0.0,0.0,0.0
2021-05-18,415.79998779296875,416.05999755859375,411.7699890136719,411.94000244140625,383.7563171386719,59810200,0.0,0.0,0.0
2021-05-19,406.9200134277344,411.04998779296875,405.3299865722656,410.8599853515625,382.750244140625,106467100,0.0,0.0,0.0
2021-05-20,411.79998779296875,416.6300048828125,411.6700134277344,415.2799987792969,386.86785888671875,78022200,0.0,0.0,0.0
2021-05-21,416.8699951171875,418.20001220703125,414.45001220703125,414.94000244140625,386.551025390625,76578700,0.0,0.0,0.0
2021-05-24,417.3399963378906,420.32000732421875,417.0799865722656,419.1700134277344,390.49169921875,51376700,0.0,0.0,0.0
2021-05-25,420.3299865722656,420.7099914550781,417.6199951171875,418.239990234375,389.625244140625,57451400,0.0,0.0,0.0
2021-05-26,418.8699951171875,419.6099853515625,417.760009765625,419.07000732421875,390.39849853515625,43088600,0.0,0.0,0.0
2021-05-27,420.1700134277344,420.7200012207031,418.989990234375,419.2900085449219,390.6034240722656,56707700,0.0,0.0,0.0
2021-05-28,420.9700012207031,421.25,419.7900085449219,420.0400085449219,391.30206298828125,58520200,0.0,0.0,0.0
2021-06-01,422.57000732421875,422.7200012207031,419.20001220703125,419.6700134277344,390.9574279785156,54216600,0.0,0.0,0.0
2021-06-02,420.3699951171875,421.2300109863281,419.2900085449219,420.3299865722656,391.5722351074219,49097100,0.0,0.0,0.0
2021-06-03,417.8500061035156,419.989990234375,416.2799987792969,418.7699890136719,390.11895751953125,58138800,0.0,0.0,0.0
2021-06-04,420.75,422.9200134277344,418.8399963378906,422.6000061035156,393.68701171875,55938800,0.0,0.0,0.0
2021-06-07,422.5899963378906,422.7799987792969,421.19000244140625,422.19000244140625,393.3050537109375,51555000,0.0,0.0,0.0
2021-06-08,423.1099853515625,423.2099914550781,420.32000732421875,422.2799987792969,393.3887939453125,47134300,0.0,0.0,0.0
2021-06-09,423.17999267578125,423.260009765625,421.4100036621094,421.6499938964844,392.802001953125,48436300,0.0,0.0,0.0
2021-06-10,422.9599914550781,424.6300048828125,421.54998779296875,423.6099853515625,394.6278381347656,51020100,0.0,0.0,0.0
2021-06-11,424.20001220703125,424.42999267578125,422.82000732421875,424.30999755859375,395.2799377441406,45570800,0.0,0.0,0.0
2021-06-14,424.42999267578125,425.3699951171875,423.1000061035156,425.260009765625,396.16497802734375,42358500,0.0,0.0,0.0
2021-06-15,425.4200134277344,425.4599914550781,423.5400085449219,424.4800109863281,395.4383239746094,51508500,0.0,0.0,0.0
2021-06-16,424.6300048828125,424.8699951171875,419.9200134277344,422.1099853515625,393.23052978515625,80386100,0.0,0.0,0.0
2021-06-17,421.6700134277344,423.0199890136719,419.32000732421875,421.9700012207031,393.10015869140625,90949700,0.0,0.0,0.0
2021-06-18,417.0899963378906,417.8299865722656,414.70001220703125,414.9200134277344,387.7970275878906,118676300,1.376,0.0,0.0
2021-06-21,416.79998779296875,421.05999755859375,415.92999267578125,420.8599853515625,393.3487548828125,72822000,0.0,0.0,0.0
2021-06-22,420.8500061035156,424.0,420.0799865722656,423.1099853515625,395.4516296386719,57700300,0.0,0.0,0.0
2021-06-23,423.19000244140625,424.04998779296875,422.510009765625,422.6000061035156,394.9749755859375,49445400,0.0,0.0,0.0
2021-06-24,424.8900146484375,425.54998779296875,424.6199951171875,425.1000061035156,397.31158447265625,45110300,0.0,0.0,0.0
2021-06-25,425.8999938964844,427.0899963378906,425.54998779296875,426.6099853515625,398.7228088378906,58129500,0.0,0.0,0.0
2021-06-28,427.1700134277344,427.6499938964844,425.8900146484375,427.4700012207031,399.52655029296875,53159600,0.0,0.0,0.0
2021-06-29,427.8800048828125,428.55999755859375,427.1300048828125,427.70001220703125,399.7415771484375,35970500,0.0,0.0,0.0
2021-06-30,427.2099914550781,428.7799987792969,427.17999267578125,428.05999755859375,400.0780944824219,64827900,0.0,0.0,0.0
2021-07-01,428.8699951171875,430.6000061035156,428.79998779296875,430.42999267578125,402.2931823730469,53441000,0.0,0.0,0.0
2021-07-02,431.6700134277344,434.1000061035156,430.5199890136719,433.7200012207031,405.3680725097656,57697700,0.0,0.0,0.0
2021-07-06,433.7799987792969,434.010009765625,430.010009765625,432.92999267578125,404.6296691894531,68710400,0.0,0.0,0.0
2021-07-07,433.6600036621094,434.760009765625,431.510009765625,434.4599914550781,406.0596923828125,63549500,0.0,0.0,0.0
2021-07-08,428.7799987792969,431.7300109863281,427.5199890136719,430.9200134277344,402.7510986328125,97595200,0.0,0.0,0.0
2021-07-09,432.5299987792969,435.8399963378906,430.7099914550781,435.5199890136719,407.0503234863281,76238600,0.0,0.0,0.0
2021-07-12,435.42999267578125,437.3500061035156,434.9700012207031,437.0799865722656,408.5084228515625,52889600,0.0,0.0,0.0
2021-07-13,436.239990234375,437.8399963378906,435.30999755859375,435.5899963378906,407.11578369140625,52911300,0.0,0.0,0.0
2021-07-14,437.3999938964844,437.9200134277344,434.9100036621094,436.239990234375,407.7232360839844,64130400,0.0,0.0,0.0
2021-07-15,434.80999755859375,435.5299987792969,432.7200012207031,434.75,406.3306884765625,55126400,0.0,0.0,0.0
2021-07-16,436.010009765625,436.05999755859375,430.9200134277344,431.3399963378906,403.1436462402344,75874700,0.0,0.0,0.0
2021-07-19,426.19000244140625,431.4100036621094,421.9700012207031,424.9700012207031,397.19000244140625,147987000,0.0,0.0,0.0
2021-07-20,425.67999267578125,432.4200134277344,424.8299865722656,431.05999755859375,402.88189697265625,99608200,0.0,0.0,0.0
2021-07-21,432.3399963378906,434.70001220703125,431.010009765625,434.54998779296875,406.1436767578125,64724400,0.0,0.0,0.0
2021-07-22,434.739990234375,435.7200012207031,433.69000244140625,435.4599914550781,406.99432373046875,47878500,0.0,0.0,0.0
2021-07-23,437.5199890136719,440.29998779296875,436.7900085449219,439.94000244140625,411.1814880371094,63766600,0.0,0.0,0.0
2021-07-26,439.30999755859375,441.0299987792969,439.260009765625,441.0199890136719,412.1907958984375,43719200,0.0,0.0,0.0
2021-07-27,439.9100036621094,439.94000244140625,435.989990234375,439.010009765625,410.3122863769531,67397100,0.0,0.0,0.0
2021-07-28,439.67999267578125,440.29998779296875,437.30999755859375,438.8299865722656,410.1440124511719,52472400,0.0,0.0,0.0
2021-07-29,439.82000732421875,441.79998779296875,439.80999755859375,440.6499938964844,411.844970703125,47435300,0.0,0.0,0.0
2021-07-30,437.9100036621094,440.05999755859375,437.7699890136719,438.510009765625,409.84490966796875,68951200,0.0,0.0,0.0
2021-08-02,440.3399963378906,440.92999267578125,437.2099914550781,437.5899963378906,408.9850769042969,58783300,0.0,0.0,0.0
2021-08-03,438.44000244140625,441.2799987792969,436.1000061035156,441.1499938964844,412.3123474121094,58053900,0.0,0.0,0.0
2021-08-04,439.7799987792969,441.1199951171875,438.7300109863281,438.9800109863281,410.2842712402344,46732200,0.0,0.0,0.0
2021-08-05,440.2200012207031,441.8500061035156,439.8800048828125,441.760009765625,412.8824462890625,38969700,0.0,0.0,0.0
2021-08-06,442.1000061035156,442.94000244140625,441.79998779296875,442.489990234375,413.564697265625,46930000,0.0,0.0,0.0
2021-08-09,442.4599914550781,442.79998779296875,441.30999755859375,442.1300048828125,413.2283020019531,41222600,0.0,0.0,0.0
2021-08-10,442.6099853515625,443.44000244140625,441.8800048828125,442.67999267578125,413.7423400878906,43339300,0.0,0.0,0.0
2021-08-11,443.82000732421875,443.8800048828125,442.6199951171875,443.7799987792969,414.77044677734375,44034300,0.0,0.0,0.0
2021-08-12,443.6199951171875,445.260009765625,442.6600036621094,445.1099853515625,416.01348876953125,38909400,0.0,0.0,0.0
2021-08-13,445.5899963378906,445.94000244140625,445.07000732421875,445.9200134277344,416.77056884765625,39470300,0.0,0.0,0.0
2021-08-16,444.5299987792969,447.1099853515625,442.8699951171875,446.9700012207031,417.75189208984375,73740000,0.0,0.0,0.0
2021-08-17,444.239990234375,444.9599914550781,440.8500061035156,444.0400085449219,415.013427734375,92673900,0.0,0.0,0.0
2021-08-18,442.9599914550781,444.6300048828125,438.9200134277344,439.17999267578125,410.4710998535156,89351900,0.0,0.0,0.0
2021-08-19,436.2699890136719,441.1400146484375,436.1199951171875,439.8599853515625,411.1067199707031,92812200,0.0,0.0,0.0
2021-08-20,440.2300109863281,443.7099914550781,439.7099914550781,443.3599853515625,414.37786865234375,72008700,0.0,0.0,0.0
2021-08-23,445.1600036621094,448.2300109863281,443.44000244140625,447.260009765625,418.02294921875,54973000,0.0,0.0,0.0
2021-08-24,447.9700012207031,448.5400085449219,447.4200134277344,447.9700012207031,418.6865234375,38744700,0.0,0.0,0.0
2021-08-25,448.1700134277344,449.4599914550781,447.7699890136719,448.9100036621094,419.5650939941406,40529700,0.0,0.0,0.0
2021-08-26,448.6099853515625,448.8599853515625,446.1600036621094,446.260009765625,417.0882873535156,57829600,0.0,0.0,0.0
2021-08-27,447.1199951171875,450.6499938964844,447.05999755859375,450.25,420.81756591796875,77235100,0.0,0.0,0.0
2021-08-30,450.9700012207031,453.07000732421875,450.7099914550781,452.2300109863281,422.6680908203125,48357400,0.0,0.0,0.0
2021-08-31,452.1300048828125,452.489990234375,450.9200134277344,451.55999755859375,422.0419616699219,59300200,0.0,0.0,0.0
2021-09-01,452.55999755859375,453.1099853515625,451.54998779296875,451.79998779296875,422.26617431640625,48721400,0.0,0.0,0.0
2021-09-02,453.32000732421875,454.04998779296875,451.9100036621094,453.19000244140625,423.5653381347656,42501000,0.0,0.0,0.0
2021-09-03,451.9800109863281,453.6300048828125,451.54998779296875,453.0799865722656,423.4625244140625,47170500,0.0,0.0,0.0
2021-09-07,452.7099914550781,452.80999755859375,450.739990234375,451.4599914550781,421.9483642578125,51671500,0.0,0.0,0.0
2021-09-08,450.8900146484375,451.6700134277344,448.8599853515625,450.9100036621094,421.43426513671875,56181900,0.0,0.0,0.0
2021-09-09,450.70001220703125,452.57000732421875,448.7200012207031,448.9800109863281,419.63055419921875,57970400,0.0,0.0,0.0
2021-09-10,451.0400085449219,451.489990234375,445.30999755859375,445.44000244140625,416.3219909667969,89948200,0.0,0.0,0.0
2021-09-13,448.6400146484375,448.9200134277344,444.1099853515625,446.5799865722656,417.3874206542969,83738600,0.0,0.0,0.0
2021-09-14,448.1199951171875,448.3399963378906,443.2200012207031,444.1700134277344,415.13494873046875,78197100,0.0,0.0,0.0
2021-09-15,444.6199951171875,448.4100036621094,443.44000244140625,447.8800048828125,418.6024475097656,78792200,0.0,0.0,0.0
2021-09-16,447.32000732421875,448.3599853515625,444.0199890136719,447.1700134277344,417.9388122558594,77786700,0.0,0.0,0.0
2021-09-17,444.9200134277344,445.3699951171875,441.0199890136719,441.3999938964844,413.8677062988281,118425000,1.428,0.0,0.0
2021-09-20,434.8800048828125,436.55999755859375,428.8599853515625,434.0400085449219,406.96673583984375,166445500,0.0,0.0,0.0
2021-09-21,436.5299987792969,437.9100036621094,433.07000732421875,433.6300048828125,406.5823669433594,92526100,0.0,0.0,0.0
2021-09-22,436.04998779296875,440.0299987792969,433.75,437.8599853515625,410.5484619140625,102350100,0.0,0.0,0.0
2021-09-23,439.8500061035156,444.8900146484375,439.6000061035156,443.17999267578125,415.5365905761719,76396000,0.0,0.0,0.0
2021-09-24,441.44000244140625,444.6700134277344,441.2099914550781,443.9100036621094,416.22113037109375,62094800,0.0,0.0,0.0
2021-09-27,442.80999755859375,444.04998779296875,441.8999938964844,442.6400146484375,415.0303649902344,61371100,0.0,0.0,0.0
2021-09-28,439.69000244140625,440.0400085449219,432.94000244140625,433.7200012207031,406.6666564941406,130436300,0.0,0.0,0.0
2021-09-29,435.19000244140625,437.0400085449219,433.8500061035156,434.45001220703125,407.3511962890625,82329200,0.0,0.0,0.0
2021-09-30,436.0199890136719,436.7699890136719,428.7799987792969,429.1400146484375,402.37237548828125,140506000,0.0,0.0,0.0
2021-10-01,430.9800109863281,436.0299987792969,427.2300109863281,434.239990234375,407.1541748046875,129240100,0.0,0.0,0.0
2021-10-04,433.0,433.9599914550781,426.3599853515625,428.6400146484375,401.9036560058594,128570000,0.0,0.0,0.0
2021-10-05,430.239990234375,435.489990234375,429.3900146484375,433.1000061035156,406.0854187011719,90682500,0.0,0.0,0.0
2021-10-06,429.2699890136719,435.1199951171875,427.5400085449219,434.8999938964844,407.7731018066406,113032200,0.0,0.0,0.0
2021-10-07,438.3900146484375,441.67999267578125,438.20001220703125,438.6600036621094,411.2985534667969,72437500,0.0,0.0,0.0
2021-10-08,439.4800109863281,439.8900146484375,437.19000244140625,437.8599853515625,410.5484619140625,74557400,0.0,0.0,0.0
2021-10-11,437.1600036621094,440.260009765625,434.6199951171875,434.69000244140625,407.5762023925781,65233300,0.0,0.0,0.0
2021-10-12,435.6700134277344,436.1000061035156,432.7799987792969,433.6199951171875,406.57293701171875,71181200,0.0,0.0,0.0
2021-10-13,434.7099914550781,436.04998779296875,431.5400085449219,435.17999267578125,408.0356140136719,72974000,0.0,0.0,0.0
2021-10-14,439.0799865722656,442.6600036621094,438.5799865722656,442.5,414.8990478515625,70236800,0.0,0.0,0.0
2021-10-15,444.75,446.260009765625,444.0899963378906,445.8699951171875,418.0588684082031,66260200,0.0,0.0,0.0
2021-10-18,443.9700012207031,447.54998779296875,443.2699890136719,447.19000244140625,419.29656982421875,62213200,0.0,0.0,0.0
2021-10-19,448.9200134277344,450.7099914550781,448.2699890136719,450.6400146484375,422.5313415527344,46996800,0.0,0.0,0.0
2021-10-20,451.1300048828125,452.7300109863281,451.010009765625,452.4100036621094,424.19091796875,49571600,0.0,0.0,0.0
2021-10-21,451.7699890136719,453.8299865722656,451.30999755859375,453.5899963378906,425.29736328125,41305400,0.0,0.0,0.0
2021-10-22,453.1300048828125,454.6700134277344,451.04998779296875,453.1199951171875,424.8565979003906,58845100,0.0,0.0,0.0
2021-10-25,454.2799987792969,455.8999938964844,452.3900146484375,455.54998779296875,427.135009765625,45214500,0.0,0.0,0.0
2021-10-26,457.20001220703125,458.489990234375,455.55999755859375,455.9599914550781,427.5195007324219,56075100,0.0,0.0,0.0
2021-10-27,456.45001220703125,457.1600036621094,453.8599853515625,453.94000244140625,425.6254577636719,72438000,0.0,0.0,0.0
2021-10-28,455.4599914550781,458.3999938964844,455.45001220703125,458.32000732421875,429.7322692871094,51437900,0.0,0.0,0.0
2021-10-29,455.8699951171875,459.55999755859375,455.55999755859375,459.25,430.604248046875,70162400,0.0,0.0,0.0
2021-11-01,460.29998779296875,460.70001220703125,458.20001220703125,460.0400085449219,431.3450012207031,48433600,0.0,0.0,0.0
2021-11-02,460.2200012207031,462.2300109863281,460.0799865722656,461.8999938964844,433.0890197753906,48908400,0.0,0.0,0.0
2021-11-03,461.29998779296875,465.1499938964844,460.8299865722656,464.7200012207031,435.7330627441406,52509800,0.0,0.0,0.0
2021-11-04,465.3599853515625,467.0,464.989990234375,466.9100036621094,437.7864685058594,52847100,0.0,0.0,0.0
2021-11-05,469.2799987792969,470.6499938964844,466.9200134277344,468.5299987792969,439.3053894042969,66390600,0.0,0.0,0.0
2021-11-08,469.70001220703125,470.2300109863281,468.20001220703125,468.92999267578125,439.68048095703125,50405200,0.0,0.0,0.0
2021-11-09,469.32000732421875,469.57000732421875,465.8800048828125,467.3800048828125,438.2272033691406,51149100,0.0,0.0,0.0
2021-11-10,465.5799865722656,467.3800048828125,462.0400085449219,463.6199951171875,434.70172119140625,69429700,0.0,0.0,0.0
2021-11-11,465.2099914550781,465.2900085449219,463.75,463.7699890136719,434.84234619140625,34848500,0.0,0.0,0.0
2021-11-12,465.1199951171875,467.8599853515625,464.1099853515625,467.2699890136719,438.12396240234375,53466700,0.0,0.0,0.0
2021-11-15,468.6400146484375,468.80999755859375,466.2300109863281,467.42999267578125,438.2740478515625,46980500,0.0,0.0,0.0
2021-11-16,467.1499938964844,470.489990234375,467.07000732421875,469.2799987792969,440.0086669921875,48857500,0.0,0.0,0.0
2021-11-17,469.0,469.19000244140625,467.4800109863281,468.1400146484375,438.93975830078125,47858300,0.0,0.0,0.0
2021-11-18,469.239990234375,470.010009765625,466.3399963378906,469.7300109863281,440.4305419921875,50625600,0.0,0.0,0.0
2021-11-19,469.6099853515625,470.94000244140625,468.5,468.8900146484375,439.6429748535156,57315600,0.0,0.0,0.0
2021-11-22,470.8900146484375,473.5400085449219,467.3500061035156,467.57000732421875,438.4053955078125,72762000,0.0,0.0,0.0
2021-11-23,467.2200012207031,469.1000061035156,464.45001220703125,468.19000244140625,438.9866638183594,73206500,0.0,0.0,0.0
2021-11-24,466.05999755859375,469.57000732421875,465.19000244140625,469.44000244140625,440.1587219238281,61858800,0.0,0.0,0.0
2021-11-26,462.3399963378906,463.8999938964844,457.7699890136719,458.9700012207031,430.3417663574219,112669600,0.0,0.0,0.0
2021-11-29,464.07000732421875,466.55999755859375,461.7300109863281,464.6000061035156,435.62054443359375,86268800,0.0,0.0,0.0
2021-11-30,462.0,464.0299987792969,455.29998779296875,455.55999755859375,427.1444091796875,148559600,0.0,0.0,0.0
2021-12-01,461.6400146484375,464.6700134277344,450.2900085449219,450.5,422.4000549316406,131939200,0.0,0.0,0.0
2021-12-02,450.7300109863281,459.07000732421875,450.30999755859375,457.3999938964844,428.8696594238281,127637800,0.0,0.0,0.0
2021-12-03,459.1700134277344,460.29998779296875,448.9200134277344,453.4200134277344,425.137939453125,137331600,0.0,0.0,0.0
2021-12-06,456.1300048828125,460.7900085449219,453.55999755859375,458.7900085449219,430.17291259765625,98977500,0.0,0.0,0.0
2021-12-07,464.4100036621094,468.8800048828125,458.6499938964844,468.2799987792969,439.0710144042969,95484700,0.0,0.0,0.0
2021-12-08,468.70001220703125,470.0,466.8299865722656,469.5199890136719,440.2336730957031,72238800,0.0,0.0,0.0
2021-12-09,468.1499938964844,469.6300048828125,466.1400146484375,466.3500061035156,437.26141357421875,61272600,0.0,0.0,0.0
2021-12-10,469.2300109863281,470.8999938964844,466.510009765625,470.739990234375,441.3775939941406,77159800,0.0,0.0,0.0
2021-12-13,470.19000244140625,470.55999755859375,466.2699890136719,466.57000732421875,437.4676818847656,87724700,0.0,0.0,0.0
2021-12-14,463.0899963378906,465.739990234375,460.25,463.3599853515625,434.4579162597656,97264100,0.0,0.0,0.0
2021-12-15,463.4200134277344,470.8599853515625,460.739990234375,470.6000061035156,441.2463073730469,116899300,0.0,0.0,0.0
2021-12-16,472.57000732421875,472.8699951171875,464.79998779296875,466.45001220703125,437.3551330566406,116568600,0.0,0.0,0.0
2021-12-17,461.54998779296875,464.739990234375,458.05999755859375,459.8699951171875,432.70050048828125,135511600,1.633,0.0,0.0
2021-12-20,454.4800109863281,455.3999938964844,451.1400146484375,454.9800109863281,428.099365234375,107134800,0.0,0.0,0.0
2021-12-21,458.6099853515625,463.2099914550781,456.30999755859375,463.05999755859375,435.7019958496094,69806300,0.0,0.0,0.0
2021-12-22,462.7900085449219,467.80999755859375,462.5799865722656,467.69000244140625,440.05841064453125,58890200,0.0,0.0,0.0
2021-12-23,468.75,472.19000244140625,468.6400146484375,470.6000061035156,442.7965393066406,56439700,0.0,0.0,0.0
2021-12-27,472.05999755859375,477.30999755859375,472.010009765625,477.260009765625,449.0630798339844,56808600,0.0,0.0,0.0
2021-12-28,477.7200012207031,478.80999755859375,476.05999755859375,476.8699951171875,448.69610595703125,47274600,0.0,0.0,0.0
2021-12-29,476.9800109863281,478.55999755859375,475.9200134277344,477.4800109863281,449.26995849609375,54503000,0.0,0.0,0.0
2021-12-30,477.92999267578125,479.0,475.6700134277344,476.1600036621094,448.028076171875,55329000,0.0,0.0,0.0
2021-12-31,475.6400146484375,476.8599853515625,474.6700134277344,474.9599914550781,446.89892578125,65237400,0.0,0.0,0.0
2022-01-03,476.29998779296875,477.8500061035156,473.8500061035156,477.7099914550781,449.48638916015625,72668200,0.0,0.0,0.0
2022-01-04,479.2200012207031,479.9800109863281,475.5799865722656,477.54998779296875,449.33587646484375,71178700,0.0,0.0,0.0
2022-01-05,477.1600036621094,477.9800109863281,468.2799987792969,468.3800048828125,440.7076721191406,104538900,0.0,0.0,0.0
2022-01-06,467.8900146484375,470.82000732421875,465.42999267578125,467.94000244140625,440.2937316894531,86858900,0.0,0.0,0.0
2022-01-07,467.95001220703125,469.20001220703125,464.6499938964844,466.0899963378906,438.55291748046875,85111600,0.0,0.0,0.0
2022-01-10,462.70001220703125,465.739990234375,456.6000061035156,465.510009765625,438.0072326660156,119362000,0.0,0.0,0.0
2022-01-11,465.2300109863281,469.8500061035156,462.04998779296875,469.75,441.99676513671875,74303100,0.0,0.0,0.0
2022-01-12,471.5899963378906,473.20001220703125,468.94000244140625,471.0199890136719,443.1916809082031,67605400,0.0,0.0,0.0
2022-01-13,472.19000244140625,472.8800048828125,463.44000244140625,464.5299987792969,437.0851135253906,91173100,0.0,0.0,0.0
2022-01-14,461.19000244140625,465.0899963378906,459.8999938964844,464.7200012207031,437.2638854980469,95890900,0.0,0.0,0.0
2022-01-18,459.739990234375,459.9599914550781,455.30999755859375,456.489990234375,429.5201416015625,109709100,0.0,0.0,0.0
2022-01-19,458.1300048828125,459.6099853515625,451.4599914550781,451.75,425.0602111816406,109357600,0.0,0.0,0.0
2022-01-20,453.75,458.739990234375,444.5,446.75,420.35565185546875,122379700,0.0,0.0,0.0
2022-01-21,445.55999755859375,448.05999755859375,437.95001220703125,437.9800109863281,412.1037292480469,202271200,0.0,0.0,0.0
2022-01-24,432.0299987792969,440.3800048828125,420.760009765625,439.8399963378906,413.8538513183594,251783900,0.0,0.0,0.0
2022-01-25,433.05999755859375,439.7200012207031,427.1499938964844,434.4700012207031,408.8011474609375,167997300,0.0,0.0,0.0
2022-01-26,440.7200012207031,444.0400085449219,428.8599853515625,433.3800048828125,407.77545166015625,186391100,0.0,0.0,0.0
2022-01-27,438.260009765625,441.5899963378906,429.45001220703125,431.239990234375,405.7619934082031,149878300,0.0,0.0,0.0
2022-01-28,432.67999267578125,442.0,427.82000732421875,441.95001220703125,415.83917236328125,164457400,0.0,0.0,0.0
2022-01-31,441.239990234375,450.2799987792969,439.80999755859375,449.9100036621094,423.3289489746094,152251400,0.0,0.0,0.0
2022-02-01,450.67999267578125,453.6300048828125,446.94000244140625,452.95001220703125,426.1893005371094,123155400,0.0,0.0,0.0
2022-02-02,455.5,458.1199951171875,453.04998779296875,457.3500061035156,430.32940673828125,117361000,0.0,0.0,0.0
2022-02-03,450.95001220703125,452.9700012207031,445.7099914550781,446.6000061035156,420.21441650390625,118024400,0.0,0.0,0.0
2022-02-04,446.3500061035156,452.7799987792969,443.8299865722656,448.70001220703125,422.1904296875,118454400,0.0,0.0,0.0
2022-02-07,449.510009765625,450.989990234375,445.8500061035156,447.260009765625,420.83551025390625,84472900,0.0,0.0,0.0
2022-02-08,446.7300109863281,451.9200134277344,445.2200012207031,450.94000244140625,424.29803466796875,81012000,0.0,0.0,0.0
2022-02-09,455.2200012207031,457.8800048828125,455.010009765625,457.5400085449219,430.50811767578125,92589900,0.0,0.0,0.0
2022-02-10,451.3399963378906,457.7099914550781,447.20001220703125,449.32000732421875,422.7738037109375,140103700,0.0,0.0,0.0
2022-02-11,449.4100036621094,451.6099853515625,438.94000244140625,440.4599914550781,414.43719482421875,153214600,0.0,0.0,0.0
2022-02-14,439.9200134277344,441.6000061035156,435.3399963378906,439.0199890136719,413.08233642578125,123006300,0.0,0.0,0.0
2022-02-15,443.7300109863281,446.2799987792969,443.17999267578125,446.1000061035156,419.7440490722656,88482700,0.0,0.0,0.0
2022-02-16,443.92999267578125,448.05999755859375,441.94000244140625,446.6000061035156,420.21441650390625,84863600,0.0,0.0,0.0
2022-02-17,443.2200012207031,446.57000732421875,436.4200134277344,437.05999755859375,411.2381286621094,102259100,0.0,0.0,0.0
2022-02-18,437.3299865722656,438.6600036621094,431.82000732421875,434.2300109863281,408.5753173828125,132642900,0.0,0.0,0.0
2022-02-22,431.8900146484375,435.5,425.8599853515625,429.57000732421875,404.1906433105469,124391800,0.0,0.0,0.0
2022-02-23,432.6600036621094,433.260009765625,421.3500061035156,421.95001220703125,397.0208435058594,132578000,0.0,0.0,0.0
2022-02-24,411.0199890136719,428.760009765625,410.6400146484375,428.29998779296875,402.9956970214844,213942900,0.0,0.0,0.0
2022-02-25,429.6099853515625,437.8399963378906,427.8599853515625,437.75,411.8873291015625,121804500,0.0,0.0,0.0
2022-02-28,432.0299987792969,438.20001220703125,430.70001220703125,436.6300048828125,410.8335266113281,145615000,0.0,0.0,0.0
2022-03-01,435.0400085449219,437.1700134277344,427.1099853515625,429.9800109863281,404.576416015625,137785900,0.0,0.0,0.0
2022-03-02,432.3699951171875,439.7200012207031,431.57000732421875,437.8900146484375,412.01904296875,117726500,0.0,0.0,0.0
2022-03-03,440.4700012207031,441.1099853515625,433.79998779296875,435.7099914550781,409.9678649902344,105501700,0.0,0.0,0.0
2022-03-04,431.75,433.3699951171875,427.8800048828125,432.1700134277344,406.63702392578125,113978200,0.0,0.0,0.0
2022-03-07,431.54998779296875,432.29998779296875,419.3599853515625,419.42999267578125,394.6496887207031,137896600,0.0,0.0,0.0
2022-03-08,419.6199951171875,427.2099914550781,415.1199951171875,416.25,391.6575012207031,164772700,0.0,0.0,0.0
2022-03-09,425.1400146484375,429.510009765625,422.82000732421875,427.4100036621094,402.1582946777344,116990800,0.0,0.0,0.0
2022-03-10,422.5199890136719,426.42999267578125,420.44000244140625,425.4800109863281,400.3422546386719,93972700,0.0,0.0,0.0
2022-03-11,428.1199951171875,428.7699890136719,419.5299987792969,420.07000732421875,395.2518615722656,95636300,0.0,0.0,0.0
2022-03-14,420.8900146484375,424.54998779296875,415.7900085449219,417.0,392.36322021484375,95729200,0.0,0.0,0.0
2022-03-15,419.7699890136719,426.8399963378906,418.4200134277344,426.1700134277344,400.99151611328125,106219100,0.0,0.0,0.0
2022-03-16,429.8900146484375,435.67999267578125,424.79998779296875,435.6199951171875,409.88311767578125,144954800,0.0,0.0,0.0
2022-03-17,433.5899963378906,441.07000732421875,433.19000244140625,441.07000732421875,415.0111999511719,102676900,0.0,0.0,0.0
2022-03-18,438.0,444.8599853515625,437.2200012207031,444.5199890136719,419.55670166015625,106345500,1.366,0.0,0.0
2022-03-21,444.3399963378906,446.4599914550781,440.67999267578125,444.3900146484375,419.4339599609375,88349800,0.0,0.0,0.0
2022-03-22,445.8599853515625,450.5799865722656,445.8599853515625,449.5899963378906,424.3419494628906,74650400,0.0,0.0,0.0
2022-03-23,446.9100036621094,448.489990234375,443.7099914550781,443.79998779296875,418.8771667480469,79426100,0.0,0.0,0.0
2022-03-24,445.94000244140625,450.5,444.760009765625,450.489990234375,425.1914367675781,64736900,0.0,0.0,0.0
2022-03-25,451.1600036621094,452.9800109863281,448.42999267578125,452.69000244140625,427.2679443359375,77101300,0.0,0.0,0.0
2022-03-28,452.05999755859375,455.9100036621094,450.05999755859375,455.9100036621094,430.3070373535156,68529800,0.0,0.0,0.0
2022-03-29,460.0199890136719,462.07000732421875,457.17999267578125,461.54998779296875,435.63037109375,86581500,0.0,0.0,0.0
2022-03-30,460.3399963378906,461.20001220703125,456.4700012207031,458.70001220703125,432.9404296875,79666900,0.0,0.0,0.0
2022-03-31,457.8900146484375,458.760009765625,451.1600036621094,451.6400146484375,426.2768859863281,121699900,0.0,0.0,0.0
2022-04-01,453.30999755859375,453.4599914550781,449.1400146484375,452.9200134277344,427.4850158691406,89048800,0.0,0.0,0.0
2022-04-04,453.1300048828125,456.9100036621094,452.260009765625,456.79998779296875,431.1471252441406,59601000,0.0,0.0,0.0
2022-04-05,455.2200012207031,457.8299865722656,449.82000732421875,451.0299987792969,425.70111083984375,74214500,0.0,0.0,0.0
2022-04-06,446.8900146484375,448.92999267578125,443.4700012207031,446.5199890136719,421.44439697265625,106898000,0.0,0.0,0.0
2022-04-07,445.5899963378906,450.69000244140625,443.5299987792969,448.7699890136719,423.56805419921875,78097200,0.0,0.0,0.0
2022-04-08,447.9700012207031,450.6300048828125,445.94000244140625,447.57000732421875,422.4354553222656,79272700,0.0,0.0,0.0
2022-04-11,444.1099853515625,445.0,439.3900146484375,439.9200134277344,415.2150573730469,89770500,0.0,0.0,0.0
2022-04-12,443.0799865722656,445.75,436.6499938964844,438.2900085449219,413.67657470703125,84363600,0.0,0.0,0.0
2022-04-13,438.0299987792969,444.1099853515625,437.8399963378906,443.30999755859375,418.4146728515625,74070400,0.0,0.0,0.0
2022-04-14,443.54998779296875,444.7300109863281,437.67999267578125,437.7900085449219,413.2046813964844,97869500,0.0,0.0,0.0
2022-04-18,436.80999755859375,439.75,435.6099853515625,437.9700012207031,413.3745422363281,66002500,0.0,0.0,0.0
2022-04-19,437.8599853515625,445.79998779296875,437.67999267578125,445.0400085449219,420.0475158691406,77821000,0.0,0.0,0.0
2022-04-20,446.9200134277344,447.57000732421875,443.4800109863281,444.7099914550781,419.73602294921875,65224400,0.0,0.0,0.0
2022-04-21,448.5400085449219,450.010009765625,437.1000061035156,438.05999755859375,413.4595031738281,85417300,0.0,0.0,0.0
2022-04-22,436.9100036621094,438.0799865722656,425.44000244140625,426.0400085449219,402.1145324707031,132471800,0.0,0.0,0.0
2022-04-25,423.6700134277344,428.69000244140625,418.8399963378906,428.510009765625,404.4459228515625,119647700,0.0,0.0,0.0
2022-04-26,425.8299865722656,426.0400085449219,416.07000732421875,416.1000061035156,392.7326965332031,103996300,0.0,0.0,0.0
2022-04-27,417.239990234375,422.9200134277344,415.010009765625,417.2699890136719,393.8370666503906,122030000,0.0,0.0,0.0
2022-04-28,422.2900085449219,429.6400146484375,417.6000061035156,427.80999755859375,403.7850646972656,105449100,0.0,0.0,0.0
2022-04-29,423.5899963378906,425.8699951171875,411.2099914550781,412.0,388.8629150390625,145491100,0.0,0.0,0.0
2022-05-02,412.07000732421875,415.9200134277344,405.0199890136719,414.4800109863281,391.2037658691406,158312500,0.0,0.0,0.0
2022-05-03,415.010009765625,418.92999267578125,413.3599853515625,416.3800048828125,392.9970397949219,100028200,0.0,0.0,0.0
2022-05-04,417.0799865722656,429.6600036621094,413.7099914550781,429.05999755859375,404.9649353027344,144247900,0.0,0.0,0.0
2022-05-05,424.54998779296875,425.0,409.44000244140625,413.80999755859375,390.57135009765625,172929100,0.0,0.0,0.0
2022-05-06,411.1000061035156,414.79998779296875,405.7300109863281,411.3399963378906,388.2400207519531,151770800,0.0,0.0,0.0
2022-05-09,405.1000061035156,406.4100036621094,396.5,398.1700134277344,375.80975341796875,155586100,0.0,0.0,0.0
2022-05-10,404.489990234375,406.0799865722656,394.82000732421875,399.0899963378906,376.6780090332031,132497200,0.0,0.0,0.0
2022-05-11,398.07000732421875,404.0400085449219,391.9599914550781,392.75,370.6940002441406,142361000,0.0,0.0,0.0
2022-05-12,389.3699951171875,395.79998779296875,385.1499938964844,392.3399963378906,370.3070373535156,125090800,0.0,0.0,0.0
2022-05-13,396.7099914550781,403.17999267578125,395.6099853515625,401.7200012207031,379.1603088378906,104174400,0.0,0.0,0.0
2022-05-16,399.9800109863281,403.9700012207031,397.6000061035156,400.0899963378906,377.6217956542969,78622400,0.0,0.0,0.0
2022-05-17,406.5299987792969,408.57000732421875,402.5799865722656,408.32000732421875,385.3896484375,83029700,0.0,0.0,0.0
2022-05-18,403.5,403.79998779296875,390.54998779296875,391.8599853515625,369.85400390625,117674500,0.0,0.0,0.0
2022-05-19,388.6199951171875,394.1400146484375,387.1099853515625,389.4599914550781,367.5887451171875,98510700,0.0,0.0,0.0
2022-05-20,393.25,397.0299987792969,380.5400085449219,389.6300048828125,367.7491760253906,131432200,0.0,0.0,0.0
2022-05-23,392.8299865722656,397.7300109863281,390.3800048828125,396.9200134277344,374.6297607421875,76414900,0.0,0.0,0.0
2022-05-24,392.55999755859375,395.1499938964844,386.9599914550781,393.8900146484375,371.7699890136719,91448800,0.0,0.0,0.0
2022-05-25,392.30999755859375,399.45001220703125,391.8900146484375,397.3699951171875,375.05450439453125,91472900,0.0,0.0,0.0
2022-05-26,398.6700134277344,407.0400085449219,398.45001220703125,405.30999755859375,382.5486755371094,82168300,0.0,0.0,0.0
2022-05-27,407.9100036621094,415.3800048828125,407.70001220703125,415.260009765625,391.9399719238281,84768700,0.0,0.0,0.0
2022-05-31,413.54998779296875,416.4599914550781,410.0299987792969,412.92999267578125,389.7406921386719,95937000,0.0,0.0,0.0
2022-06-01,415.1700134277344,416.239990234375,406.92999267578125,409.5899963378906,386.58831787109375,86585800,0.0,0.0,0.0
2022-06-02,409.4200134277344,417.44000244140625,407.0400085449219,417.3900146484375,393.9503173828125,79609600,0.0,0.0,0.0
2022-06-03,412.3999938964844,414.0400085449219,409.510009765625,410.5400085449219,387.4849853515625,71874300,0.0,0.0,0.0
2022-06-06,414.7799987792969,416.6099853515625,410.54998779296875,411.7900085449219,388.6647644042969,57508900,0.0,0.0,0.0
2022-06-07,408.1000061035156,416.2200012207031,407.6099853515625,415.739990234375,392.3928527832031,59272400,0.0,0.0,0.0
2022-06-08,413.92999267578125,415.82000732421875,410.3800048828125,411.2200012207031,388.1267395019531,64350000,0.0,0.0,0.0
2022-06-09,409.3399963378906,411.739990234375,401.44000244140625,401.44000244140625,378.89605712890625,86289800,0.0,0.0,0.0
2022-06-10,394.8800048828125,395.7799987792969,389.75,389.79998779296875,367.90972900390625,132893900,0.0,0.0,0.0
2022-06-13,379.8500061035156,381.80999755859375,373.29998779296875,375.0,353.9408264160156,170004900,0.0,0.0,0.0
2022-06-14,376.8500061035156,377.94000244140625,370.5899963378906,373.8699951171875,352.8742980957031,104011800,0.0,0.0,0.0
2022-06-15,377.3599853515625,383.8999938964844,372.1199951171875,379.20001220703125,357.90496826171875,125666800,0.0,0.0,0.0
2022-06-16,370.510009765625,370.94000244140625,364.0799865722656,366.6499938964844,346.0597229003906,134473300,0.0,0.0,0.0
2022-06-17,365.510009765625,369.3800048828125,362.1700134277344,365.8599853515625,346.8057861328125,111113900,1.577,0.0,0.0
2022-06-21,371.8900146484375,376.5299987792969,371.80999755859375,375.07000732421875,355.53607177734375,76811900,0.0,0.0,0.0
2022-06-22,370.6199951171875,378.7200012207031,370.17999267578125,374.3900146484375,354.8914489746094,90059400,0.0,0.0,0.0
2022-06-23,376.6400146484375,378.8299865722656,372.8900146484375,378.05999755859375,358.3703918457031,79292100,0.0,0.0,0.0
2022-06-24,381.3999938964844,390.0899963378906,381.3699951171875,390.0799865722656,369.7643127441406,98050300,0.0,0.0,0.0
2022-06-27,391.04998779296875,391.3599853515625,387.44000244140625,388.5899963378906,368.3519287109375,66009600,0.0,0.0,0.0
2022-06-28,390.2300109863281,393.1600036621094,380.5299987792969,380.6499938964844,360.8255310058594,86548900,0.0,0.0,0.0
2022-06-29,381.2300109863281,382.2699890136719,378.4200134277344,380.3399963378906,360.53155517578125,65676000,0.0,0.0,0.0
2022-06-30,376.239990234375,380.6600036621094,372.55999755859375,377.25,357.6025695800781,112508300,0.0,0.0,0.0
2022-07-01,376.55999755859375,381.70001220703125,373.79998779296875,381.239990234375,361.3847351074219,74839700,0.0,0.0,0.0
2022-07-05,375.8800048828125,381.9800109863281,372.8999938964844,381.9599914550781,362.06732177734375,81438000,0.0,0.0,0.0
2022-07-06,382.1099853515625,385.8699951171875,379.6000061035156,383.25,363.2900390625,70426200,0.0,0.0,0.0
2022-07-07,385.1199951171875,389.8299865722656,383.2699890136719,388.989990234375,368.7311096191406,64525900,0.0,0.0,0.0
2022-07-08,387.2699890136719,390.6400146484375,385.6600036621094,388.6700134277344,368.4278259277344,72397800,0.0,0.0,0.0
2022-07-11,385.8500061035156,386.8699951171875,383.5,384.2300109863281,364.21905517578125,58366900,0.0,0.0,0.0
2022-07-12,383.6499938964844,386.1600036621094,378.989990234375,380.8299865722656,360.9961242675781,62219200,0.0,0.0,0.0
2022-07-13,375.1000061035156,381.9200134277344,374.6600036621094,378.8299865722656,359.1002502441406,84224600,0.0,0.0,0.0
2022-07-14,373.6099853515625,379.04998779296875,371.0400085449219,377.9100036621094,358.2281494140625,89704800,0.0,0.0,0.0
2022-07-15,382.54998779296875,385.25,380.5400085449219,385.1300048828125,365.0721435546875,79060400,0.0,0.0,0.0
2022-07-18,388.3800048828125,389.0899963378906,380.6600036621094,381.95001220703125,362.05780029296875,63203600,0.0,0.0,0.0
2022-07-19,386.0799865722656,392.8699951171875,385.3900146484375,392.2699890136719,371.8403015136719,78506000,0.0,0.0,0.0
2022-07-20,392.4700012207031,396.260009765625,391.0299987792969,394.7699890136719,374.21014404296875,71843800,0.0,0.0,0.0
2022-07-21,394.1600036621094,398.8399963378906,391.6300048828125,398.7900085449219,378.0207214355469,64903900,0.0,0.0,0.0
2022-07-22,398.9200134277344,400.17999267578125,392.75,395.0899963378906,374.5134582519531,72197300,0.0,0.0,0.0
2022-07-25,395.75,396.4700012207031,393.2099914550781,395.57000732421875,374.9684143066406,53631500,0.0,0.0,0.0
2022-07-26,393.8399963378906,394.05999755859375,389.95001220703125,390.8900146484375,370.5322265625,52946400,0.0,0.0,0.0
2022-07-27,394.3599853515625,402.8800048828125,394.04998779296875,401.0400085449219,380.1535339355469,82342100,0.0,0.0,0.0
2022-07-28,401.8900146484375,406.79998779296875,398.1499938964844,406.07000732421875,384.9215393066406,73966600,0.0,0.0,0.0
2022-07-29,407.5799865722656,413.0299987792969,406.7699890136719,411.989990234375,390.53326416015625,87003700,0.0,0.0,0.0
2022-08-01,409.1499938964844,413.4100036621094,408.3999938964844,410.7699890136719,389.3768005371094,69997500,0.0,0.0,0.0
2022-08-02,409.1199951171875,413.0,406.82000732421875,408.05999755859375,386.8079833984375,63435400,0.0,0.0,0.0
2022-08-03,410.29998779296875,415.67999267578125,410.0,414.45001220703125,392.8651428222656,67820600,0.0,0.0,0.0
2022-08-04,414.3699951171875,415.0899963378906,412.44000244140625,414.1700134277344,392.5997314453125,45656600,0.0,0.0,0.0
2022-08-05,409.6600036621094,414.1499938964844,409.6000061035156,413.4700012207031,391.9361267089844,56814900,0.0,0.0,0.0
2022-08-08,415.25,417.6199951171875,411.8299865722656,412.989990234375,391.48114013671875,53886100,0.0,0.0,0.0
2022-08-09,412.2200012207031,412.75,410.2200012207031,411.3500061035156,389.9265441894531,44931800,0.0,0.0,0.0
2022-08-10,418.7799987792969,420.1400146484375,416.7200012207031,419.989990234375,398.1165771484375,68665700,0.0,0.0,0.0
2022-08-11,422.989990234375,424.95001220703125,419.2099914550781,419.989990234375,398.1165771484375,59489700,0.0,0.0,0.0
2022-08-12,422.0299987792969,427.2099914550781,421.0299987792969,427.1000061035156,404.8563537597656,61694500,0.0,0.0,0.0
2022-08-15,424.7699890136719,429.4100036621094,424.7099914550781,428.8599853515625,406.52459716796875,54048300,0.0,0.0,0.0
2022-08-16,427.7300109863281,431.7300109863281,426.8800048828125,429.70001220703125,407.3209228515625,59289000,0.0,0.0,0.0
2022-08-17,425.9100036621094,429.5,424.5400085449219,426.6499938964844,404.42974853515625,63563400,0.0,0.0,0.0
2022-08-18,426.8599853515625,428.6099853515625,425.5,427.8900146484375,405.605224609375,49023200,0.0,0.0,0.0
2022-08-19,424.9800109863281,425.260009765625,421.2200012207031,422.1400146484375,400.15460205078125,68016900,0.0,0.0,0.0
2022-08-22,417.04998779296875,417.2300109863281,412.3999938964844,413.3500061035156,391.8224182128906,77695600,0.0,0.0,0.0
2022-08-23,412.8999938964844,415.4200134277344,411.7699890136719,412.3500061035156,390.8745422363281,49105200,0.0,0.0,0.0
2022-08-24,412.1099853515625,415.1099853515625,411.3900146484375,413.6700134277344,392.125732421875,49177800,0.0,0.0,0.0
2022-08-25,415.239990234375,419.55999755859375,414.0899963378906,419.510009765625,397.6615905761719,50942300,0.0,0.0,0.0
2022-08-26,419.3900146484375,419.9599914550781,405.25,405.30999755859375,384.201171875,103087000,0.0,0.0,0.0
2022-08-29,402.20001220703125,405.8399963378906,401.20001220703125,402.6300048828125,381.6607971191406,65370800,0.0,0.0,0.0
2022-08-30,403.8500061035156,404.1000061035156,396.0,398.2099914550781,377.47088623046875,85652400,0.0,0.0,0.0
2022-08-31,399.92999267578125,401.239990234375,395.0400085449219,395.17999267578125,374.5987548828125,76029700,0.0,0.0,0.0
2022-09-01,392.8900146484375,396.7799987792969,390.0400085449219,396.4200134277344,375.774169921875,78740100,0.0,0.0,0.0
2022-09-02,400.2799987792969,401.55999755859375,390.3299865722656,392.239990234375,371.8118591308594,99632100,0.0,0.0,0.0
2022-09-06,393.1300048828125,394.1199951171875,388.4200134277344,390.760009765625,370.408935546875,76637400,0.0,0.0,0.0
2022-09-07,390.42999267578125,398.5899963378906,390.20001220703125,397.7799987792969,377.0633239746094,70964200,0.0,0.0,0.0
2022-09-08,395.3900146484375,400.8599853515625,394.1199951171875,400.3800048828125,379.52789306640625,80821700,0.0,0.0,0.0
2022-09-09,402.739990234375,407.510009765625,402.4599914550781,406.6000061035156,385.42401123046875,76706900,0.0,0.0,0.0
2022-09-12,408.7799987792969,411.7300109863281,408.4599914550781,410.9700012207031,389.56640625,69256300,0.0,0.0,0.0
2022-09-13,401.8299865722656,403.1000061035156,391.9200134277344,393.1000061035156,372.6270751953125,122947100,0.0,0.0,0.0
2022-09-14,394.4700012207031,396.20001220703125,391.1199951171875,394.6000061035156,374.0489501953125,85023700,0.0,0.0,0.0
2022-09-15,392.9599914550781,395.9599914550781,388.7799987792969,390.1199951171875,369.8022155761719,87633800,0.0,0.0,0.0
2022-09-16,384.1400146484375,386.25,382.1099853515625,385.55999755859375,366.9810791015625,103084800,1.596,0.0,0.0
2022-09-19,382.260009765625,388.54998779296875,382.17999267578125,388.54998779296875,369.8269958496094,73278500,0.0,0.0,0.0
2022-09-20,385.05999755859375,386.1199951171875,381.20001220703125,384.0899963378906,365.58197021484375,77274900,0.0,0.0,0.0
2022-09-21,386.1099853515625,389.30999755859375,377.3800048828125,377.3900146484375,359.20477294921875,106746600,0.0,0.0,0.0
2022-09-22,376.5799865722656,378.29998779296875,373.44000244140625,374.2200012207031,356.1875,89472600,0.0,0.0,0.0
2022-09-23,370.5799865722656,370.6199951171875,363.2900085449219,367.95001220703125,350.21966552734375,122346900,0.0,0.0,0.0
2022-09-26,366.4100036621094,370.2099914550781,363.0299987792969,364.30999755859375,346.7550048828125,92581200,0.0,0.0,0.0
2022-09-27,368.0199890136719,370.3999938964844,360.8699951171875,363.3800048828125,345.86993408203125,108294100,0.0,0.0,0.0
2022-09-28,364.3800048828125,372.29998779296875,362.6000061035156,370.5299987792969,352.67529296875,110802200,0.0,0.0,0.0
2022-09-29,366.80999755859375,367.1099853515625,359.70001220703125,362.7900085449219,345.308349609375,112952300,0.0,0.0,0.0
2022-09-30,361.79998779296875,365.9100036621094,357.0400085449219,357.17999267578125,339.9686584472656,153711200,0.0,0.0,0.0
2022-10-03,361.0799865722656,368.54998779296875,359.2099914550781,366.6099853515625,348.94415283203125,89756500,0.0,0.0,0.0
2022-10-04,372.3999938964844,378.0,366.57000732421875,377.9700012207031,359.7568359375,103602800,0.0,0.0,0.0
2022-10-05,373.3900146484375,379.4599914550781,370.95001220703125,377.0899963378906,358.91925048828125,88065700,0.0,0.0,0.0
2022-10-06,375.6199951171875,378.7200012207031,372.67999267578125,373.20001220703125,355.2167053222656,82333500,0.0,0.0,0.0
2022-10-07,368.9700012207031,373.2900085449219,360.94000244140625,362.7900085449219,345.308349609375,107789500,0.0,0.0,0.0
2022-10-10,363.9599914550781,364.2099914550781,357.6700134277344,360.0199890136719,342.6717224121094,76042800,0.0,0.0,0.0
2022-10-11,358.239990234375,363.0299987792969,355.7099914550781,357.739990234375,340.5015869140625,92482800,0.0,0.0,0.0
2022-10-12,358.1700134277344,359.82000732421875,356.29998779296875,356.55999755859375,339.37847900390625,76991800,0.0,0.0,0.0
2022-10-13,349.2099914550781,367.510009765625,348.1099853515625,365.9700012207031,348.3350830078125,147254500,0.0,0.0,0.0
2022-10-14,368.54998779296875,370.260009765625,356.9599914550781,357.6300048828125,340.3969421386719,123737000,0.0,0.0,0.0
2022-10-17,364.010009765625,367.9800109863281,357.2799987792969,366.82000732421875,349.1441345214844,93168200,0.0,0.0,0.0
2022-10-18,375.1300048828125,375.45001220703125,367.5199890136719,371.1300048828125,353.24639892578125,97162900,0.0,0.0,0.0
2022-10-19,368.989990234375,371.8500061035156,365.54998779296875,368.5,350.7431335449219,79746900,0.0,0.0,0.0
2022-10-20,368.0299987792969,372.6700134277344,364.6099853515625,365.4100036621094,347.8020935058594,88283100,0.0,0.0,0.0
2022-10-21,365.1199951171875,374.79998779296875,363.5400085449219,374.2900085449219,356.2542419433594,131038400,0.0,0.0,0.0
2022-10-24,375.8900146484375,380.05999755859375,373.1099853515625,378.8699951171875,360.6134948730469,85436900,0.0,0.0,0.0
2022-10-25,378.7900085449219,385.25,378.6700134277344,384.9200134277344,366.3719482421875,78846300,0.0,0.0,0.0
2022-10-26,381.6199951171875,387.5799865722656,381.3500061035156,382.0199890136719,363.6116638183594,104087300,0.0,0.0,0.0
2022-10-27,383.07000732421875,385.0,379.3299865722656,379.9800109863281,361.6700134277344,81971800,0.0,0.0,0.0
2022-10-28,379.8699951171875,389.5199890136719,379.67999267578125,389.0199890136719,370.27435302734375,100302000,0.0,0.0,0.0
2022-10-31,386.44000244140625,388.3999938964844,385.260009765625,386.2099914550781,367.5997314453125,96631300,0.0,0.0,0.0
2022-11-01,390.1400146484375,390.3900146484375,383.2900085449219,384.5199890136719,365.9912109375,85407600,0.0,0.0,0.0
2022-11-02,383.8999938964844,388.6300048828125,374.760009765625,374.8699951171875,356.8062438964844,126990400,0.0,0.0,0.0
2022-11-03,371.4700012207031,374.20001220703125,368.7900085449219,371.010009765625,353.1321716308594,87100100,0.0,0.0,0.0
2022-11-04,377.0,378.8699951171875,370.0,376.3500061035156,358.21490478515625,103505200,0.0,0.0,0.0
2022-11-07,377.7099914550781,380.57000732421875,375.5299987792969,379.95001220703125,361.6414489746094,68286900,0.0,0.0,0.0
2022-11-08,381.1099853515625,385.1199951171875,377.7200012207031,382.0,363.59259033203125,84641100,0.0,0.0,0.0
2022-11-09,379.92999267578125,381.1400146484375,373.6099853515625,374.1300048828125,356.1019287109375,78495500,0.0,0.0,0.0
2022-11-10,388.04998779296875,395.0400085449219,385.6400146484375,394.69000244140625,375.671142578125,141455800,0.0,0.0,0.0
2022-11-11,395.5899963378906,399.3500061035156,393.6099853515625,398.510009765625,379.3070373535156,93839900,0.0,0.0,0.0
2022-11-14,396.6600036621094,400.17999267578125,394.8299865722656,395.1199951171875,376.0804138183594,71903500,0.0,0.0,0.0
2022-11-15,401.1499938964844,402.30999755859375,394.489990234375,398.489990234375,379.2879943847656,93194500,0.0,0.0,0.0
2022-11-16,396.7799987792969,397.7799987792969,394.7900085449219,395.45001220703125,376.39453125,68508500,0.0,0.0,0.0
2022-11-17,390.4599914550781,394.95001220703125,390.1400146484375,394.239990234375,375.2427673339844,74496300,0.0,0.0,0.0
2022-11-18,397.739990234375,397.80999755859375,393.0400085449219,396.0299987792969,376.9465026855469,92922500,0.0,0.0,0.0
2022-11-21,394.6400146484375,395.82000732421875,392.6600036621094,394.5899963378906,375.5759582519531,51243200,0.0,0.0,0.0
2022-11-22,396.6300048828125,400.07000732421875,395.1499938964844,399.8999938964844,380.63006591796875,60429000,0.0,0.0,0.0
2022-11-23,399.54998779296875,402.92999267578125,399.30999755859375,402.4200134277344,383.0286560058594,68261600,0.0,0.0,0.0
2022-11-25,401.8299865722656,402.9100036621094,401.5400085449219,402.3299865722656,382.9429626464844,30545400,0.0,0.0,0.0
2022-11-28,399.0899963378906,400.80999755859375,395.1099853515625,395.9100036621094,376.8323669433594,67881600,0.0,0.0,0.0
2022-11-29,396.04998779296875,397.29998779296875,393.29998779296875,395.2300109863281,376.18511962890625,52310000,0.0,0.0,0.0
2022-11-30,395.489990234375,407.67999267578125,393.4800109863281,407.67999267578125,388.03521728515625,144566700,0.0,0.0,0.0
2022-12-01,408.7699890136719,410.0,404.75,407.3800048828125,387.7496337890625,76398200,0.0,0.0,0.0
2022-12-02,402.25,407.8599853515625,402.1400146484375,406.9100036621094,387.30230712890625,85342700,0.0,0.0,0.0
2022-12-05,403.95001220703125,404.92999267578125,398.1700134277344,399.5899963378906,380.3350524902344,77289800,0.0,0.0,0.0
2022-12-06,399.4200134277344,399.989990234375,391.6400146484375,393.8299865722656,374.85260009765625,77972200,0.0,0.0,0.0
2022-12-07,392.94000244140625,395.6400146484375,391.9700012207031,393.1600036621094,374.2148742675781,65927900,0.0,0.0,0.0
2022-12-08,395.1400146484375,397.3599853515625,393.2699890136719,396.239990234375,377.14642333984375,60737900,0.0,0.0,0.0
2022-12-09,394.94000244140625,397.6199951171875,393.1499938964844,393.2799987792969,374.3291015625,81447700,0.0,0.0,0.0
2022-12-12,394.1099853515625,398.95001220703125,393.4100036621094,398.95001220703125,379.725830078125,75405800,0.0,0.0,0.0
2022-12-13,410.2200012207031,410.489990234375,399.07000732421875,401.9700012207031,382.600341796875,123782500,0.0,0.0,0.0
2022-12-14,401.6099853515625,405.5,396.30999755859375,399.3999938964844,380.1541748046875,108111300,0.0,0.0,0.0
2022-12-15,394.29998779296875,395.25,387.8900146484375,389.6300048828125,370.85491943359375,117705900,0.0,0.0,0.0
2022-12-16,385.17999267578125,386.5799865722656,381.0400085449219,383.2699890136719,366.47662353515625,119858000,1.781,0.0,0.0
2022-12-19,383.4700012207031,383.82000732421875,378.2799987792969,380.0199890136719,363.36895751953125,79878100,0.0,0.0,0.0
2022-12-20,379.2300109863281,382.2300109863281,377.8500061035156,380.5400085449219,363.8662414550781,74427200,0.0,0.0,0.0
2022-12-21,383.25,387.4100036621094,382.69000244140625,386.2300109863281,369.306884765625,78167400,0.0,0.0,0.0
2022-12-22,383.04998779296875,386.2099914550781,374.7699890136719,380.7200012207031,364.038330078125,100120900,0.0,0.0,0.0
2022-12-23,379.6499938964844,383.05999755859375,378.0299987792969,382.9100036621094,366.1324462890625,59857300,0.0,0.0,0.0
2022-12-27,382.7900085449219,383.1499938964844,379.6499938964844,381.3999938964844,364.6885681152344,51638200,0.0,0.0,0.0
2022-12-28,381.3299865722656,383.3900146484375,376.4200134277344,376.6600036621094,360.15625,70911500,0.0,0.0,0.0
2022-12-29,379.6300048828125,384.3500061035156,379.0799865722656,383.44000244140625,366.6391296386719,66970900,0.0,0.0,0.0
2022-12-30,380.6400146484375,382.5799865722656,378.42999267578125,382.42999267578125,365.6734619140625,84022200,0.0,0.0,0.0
2023-01-03,384.3699951171875,386.42999267578125,377.8299865722656,380.82000732421875,364.1339416503906,74850700,0.0,0.0,0.0
2023-01-04,383.17999267578125,385.8800048828125,380.0,383.760009765625,366.9451599121094,85934100,0.0,0.0,0.0
2023-01-05,381.7200012207031,381.8399963378906,378.760009765625,379.3800048828125,362.7570495605469,76970500,0.0,0.0,0.0
2023-01-06,382.6099853515625,389.25,379.4100036621094,388.0799865722656,371.0758972167969,104189600,0.0,0.0,0.0
2023-01-09,390.3699951171875,393.70001220703125,387.6700134277344,387.8599853515625,370.8655090332031,73978100,0.0,0.0,0.0
2023-01-10,387.25,390.6499938964844,386.2699890136719,390.5799865722656,373.4663391113281,65358100,0.0,0.0,0.0
2023-01-11,392.2300109863281,395.6000061035156,391.3800048828125,395.5199890136719,378.1898498535156,68881100,0.0,0.0,0.0
2023-01-12,396.6700134277344,398.489990234375,392.4200134277344,396.9599914550781,379.5667724609375,90157700,0.0,0.0,0.0
2023-01-13,393.6199951171875,399.1000061035156,393.3399963378906,398.5,381.0392761230469,63903900,0.0,0.0,0.0
2023-01-17,398.4800109863281,400.2300109863281,397.05999755859375,397.7699890136719,380.34124755859375,62677300,0.0,0.0,0.0
2023-01-18,399.010009765625,400.1199951171875,391.2799987792969,391.489990234375,374.3364562988281,99632300,0.0,0.0,0.0
2023-01-19,389.3599853515625,391.0799865722656,387.260009765625,388.6400146484375,371.611328125,86958900,0.0,0.0,0.0
2023-01-20,390.1000061035156,396.0400085449219,388.3800048828125,395.8800048828125,378.53411865234375,91806400,0.0,0.0,0.0
2023-01-23,396.7200012207031,402.6499938964844,395.7200012207031,400.6300048828125,383.0759582519531,84178800,0.0,0.0,0.0
2023-01-24,398.8800048828125,401.1499938964844,397.6400146484375,400.20001220703125,382.6648254394531,59524900,0.0,0.0,0.0
2023-01-25,395.95001220703125,400.70001220703125,393.55999755859375,400.3500061035156,382.8082580566406,84800300,0.0,0.0,0.0
2023-01-26,403.1300048828125,404.9200134277344,400.0299987792969,404.75,387.01544189453125,72287400,0.0,0.0,0.0
2023-01-27,403.6600036621094,408.1600036621094,403.44000244140625,405.67999267578125,387.9046936035156,68346200,0.0,0.0,0.0
2023-01-30,402.79998779296875,405.1300048828125,400.2799987792969,400.5899963378906,383.0377197265625,74202000,0.0,0.0,0.0
2023-01-31,401.1300048828125,406.5299987792969,400.7699890136719,406.4800109863281,388.6696472167969,86811800,0.0,0.0,0.0
2023-02-01,405.2099914550781,413.6700134277344,402.3500061035156,410.79998779296875,392.8003234863281,101459200,0.0,0.0,0.0
2023-02-02,414.8599853515625,418.30999755859375,412.8800048828125,416.7799987792969,398.518310546875,101654500,0.0,0.0,0.0
2023-02-03,411.5899963378906,416.9700012207031,411.0899963378906,412.3500061035156,394.2825012207031,94736800,0.0,0.0,0.0
2023-02-06,409.7900085449219,411.2900085449219,408.1000061035156,409.8299865722656,391.8728942871094,60295300,0.0,0.0,0.0
2023-02-07,408.8699951171875,416.489990234375,407.57000732421875,415.19000244140625,396.99798583984375,90990700,0.0,0.0,0.0
2023-02-08,413.1300048828125,414.5299987792969,409.92999267578125,410.6499938964844,392.65692138671875,76227500,0.0,0.0,0.0
2023-02-09,414.4100036621094,414.57000732421875,405.80999755859375,407.0899963378906,389.2529296875,78694900,0.0,0.0,0.0
2023-02-10,405.8599853515625,408.44000244140625,405.010009765625,408.0400085449219,390.1613464355469,70769700,0.0,0.0,0.0
2023-02-13,408.7200012207031,412.9700012207031,408.239990234375,412.8299865722656,394.7414245605469,64913500,0.0,0.0,0.0
2023-02-14,411.239990234375,415.04998779296875,408.510009765625,412.6400146484375,394.5597839355469,88389300,0.0,0.0,0.0
2023-02-15,410.3500061035156,414.05999755859375,409.4700012207031,413.9800109863281,395.8410339355469,61555700,0.0,0.0,0.0
2023-02-16,408.7900085449219,412.9100036621094,408.1400146484375,408.2799987792969,390.3907165527344,76431500,0.0,0.0,0.0
2023-02-17,406.05999755859375,407.510009765625,404.04998779296875,407.260009765625,389.41546630859375,89257800,0.0,0.0,0.0
2023-02-21,403.05999755859375,404.1600036621094,398.82000732421875,399.0899963378906,381.60345458984375,82655900,0.0,0.0,0.0
2023-02-22,399.5199890136719,401.1300048828125,397.0199890136719,398.5400085449219,381.0775451660156,83742300,0.0,0.0,0.0
2023-02-23,401.55999755859375,402.20001220703125,396.25,400.6600036621094,383.1047058105469,96242400,0.0,0.0,0.0
2023-02-24,395.4200134277344,397.25,393.6400146484375,396.3800048828125,379.01220703125,108194400,0.0,0.0,0.0
2023-02-27,399.8699951171875,401.2900085449219,396.75,397.7300109863281,380.30303955078125,80444700,0.0,0.0,0.0
2023-02-28,397.2300109863281,399.2799987792969,396.1499938964844,396.260009765625,378.8974609375,96438600,0.0,0.0,0.0
2023-03-01,395.4100036621094,396.69000244140625,393.3800048828125,394.739990234375,377.44403076171875,99706800,0.0,0.0,0.0
2023-03-02,392.67999267578125,398.69000244140625,392.3299865722656,397.80999755859375,380.3796081542969,85127800,0.0,0.0,0.0
2023-03-03,399.7099914550781,404.45001220703125,399.0299987792969,404.19000244140625,386.47998046875,90120000,0.0,0.0,0.0
2023-03-06,405.04998779296875,407.45001220703125,404.010009765625,404.4700012207031,386.74774169921875,72795900,0.0,0.0,0.0
2023-03-07,404.4200134277344,404.6700134277344,397.6300048828125,398.2699890136719,380.8193664550781,108310600,0.0,0.0,0.0
2023-03-08,398.3900146484375,399.7099914550781,396.5899963378906,398.9200134277344,381.4409484863281,74746600,0.0,0.0,0.0
2023-03-09,399.739990234375,401.4800109863281,390.5299987792969,391.55999755859375,374.40338134765625,111945300,0.0,0.0,0.0
2023-03-10,390.989990234375,393.1600036621094,384.32000732421875,385.9100036621094,369.00091552734375,189253000,0.0,0.0,0.0
2023-03-13,381.80999755859375,390.3900146484375,380.6499938964844,385.3599853515625,368.4750061035156,157790000,0.0,0.0,0.0
2023-03-14,390.5,393.45001220703125,387.04998779296875,391.7300109863281,374.5658874511719,149752400,0.0,0.0,0.0
2023-03-15,385.8900146484375,389.489990234375,383.7099914550781,389.2799987792969,372.2232666015625,172996900,0.0,0.0,0.0
2023-03-16,386.82000732421875,396.4700012207031,386.2900085449219,396.1099853515625,378.7540283203125,143254200,0.0,0.0,0.0
2023-03-17,393.2200012207031,394.3999938964844,388.54998779296875,389.989990234375,374.32537841796875,140553400,1.506,0.0,0.0
2023-03-20,390.79998779296875,394.1700134277344,390.07000732421875,393.739990234375,377.9247131347656,93055800,0.0,0.0,0.0
2023-03-21,397.239990234375,399.4100036621094,395.5799865722656,398.9100036621094,382.8871154785156,91524200,0.0,0.0,0.0
2023-03-22,398.7300109863281,402.489990234375,392.07000732421875,392.1099853515625,376.3601379394531,111746600,0.0,0.0,0.0
2023-03-23,395.0899963378906,399.2900085449219,390.3500061035156,393.1700134277344,377.37762451171875,119351300,0.0,0.0,0.0
2023-03-24,391.8399963378906,395.8399963378906,389.3999938964844,395.75,379.85406494140625,107682400,0.0,0.0,0.0
2023-03-27,398.1199951171875,398.9200134277344,395.55999755859375,396.489990234375,380.56427001953125,74010400,0.0,0.0,0.0
2023-03-28,395.7699890136719,396.489990234375,393.69000244140625,395.6000061035156,379.7100524902344,62871700,0.0,0.0,0.0
2023-03-29,399.92999267578125,401.6000061035156,398.67999267578125,401.3500061035156,385.22906494140625,77497900,0.0,0.0,0.0
2023-03-30,404.0899963378906,404.3500061035156,401.760009765625,403.70001220703125,387.48468017578125,69840000,0.0,0.0,0.0
2023-03-31,404.6600036621094,409.70001220703125,404.54998779296875,409.3900146484375,392.9460754394531,112062600,0.0,0.0,0.0
2023-04-03,408.8500061035156,411.3699951171875,408.44000244140625,410.95001220703125,394.44342041015625,67391100,0.0,0.0,0.0
2023-04-04,411.6199951171875,411.9200134277344,407.239990234375,408.6700134277344,392.2550354003906,66601500,0.0,0.0,0.0
2023-04-05,407.9100036621094,408.70001220703125,405.8800048828125,407.6000061035156,391.22802734375,65200200,0.0,0.0,0.0
2023-04-06,406.7699890136719,409.4800109863281,405.67999267578125,409.19000244140625,392.754150390625,63743300,0.0,0.0,0.0
2023-04-10,406.6099853515625,409.69000244140625,405.9700012207031,409.6099853515625,393.1572570800781,63681000,0.0,0.0,0.0
2023-04-11,410.260009765625,411.17999267578125,408.9200134277344,409.7200012207031,393.2628479003906,59297900,0.0,0.0,0.0
2023-04-12,411.8699951171875,412.1700134277344,407.44000244140625,408.04998779296875,391.6599426269531,86420400,0.0,0.0,0.0
2023-04-13,409.17999267578125,413.8399963378906,407.989990234375,413.4700012207031,396.86224365234375,85814800,0.0,0.0,0.0
2023-04-14,412.80999755859375,415.0899963378906,410.05999755859375,412.4599914550781,395.892822265625,78161500,0.0,0.0,0.0
2023-04-17,412.3699951171875,413.9599914550781,411.0899963378906,413.94000244140625,397.3133544921875,66436400,0.0,0.0,0.0
2023-04-18,415.5799865722656,415.7200012207031,412.7799987792969,414.2099914550781,397.5725402832031,63560000,0.0,0.0,0.0
2023-04-19,412.2200012207031,415.0799865722656,412.1600036621094,414.1400146484375,397.50531005859375,55227300,0.0,0.0,0.0
2023-04-20,411.2099914550781,413.70001220703125,410.2699890136719,411.8800048828125,395.33612060546875,75840400,0.0,0.0,0.0
2023-04-21,412.19000244140625,412.67999267578125,410.1700134277344,412.20001220703125,395.64324951171875,73457400,0.0,0.0,0.0
2023-04-24,411.989990234375,413.07000732421875,410.6000061035156,412.6300048828125,396.0559997558594,64332100,0.0,0.0,0.0
2023-04-25,410.5799865722656,411.1600036621094,406.0199890136719,406.0799865722656,389.7690124511719,97766700,0.0,0.0,0.0
2023-04-26,406.7200012207031,407.8399963378906,403.7799987792969,404.3599853515625,388.1181640625,80447000,0.0,0.0,0.0
2023-04-27,407.0,412.69000244140625,406.739990234375,412.4100036621094,395.84478759765625,92968400,0.0,0.0,0.0
2023-04-28,411.489990234375,415.94000244140625,411.42999267578125,415.92999267578125,399.223388671875,89433100,0.0,0.0,0.0
2023-05-01,415.4700012207031,417.6199951171875,415.2699890136719,415.510009765625,398.8203125,62122300,0.0,0.0,0.0
2023-05-02,414.7699890136719,414.82000732421875,407.82000732421875,410.8399963378906,394.337890625,103998500,0.0,0.0,0.0
2023-05-03,411.3599853515625,413.8699951171875,407.7699890136719,408.0199890136719,391.6311340332031,91531800,0.0,0.0,0.0
2023-05-04,406.92999267578125,407.2699890136719,403.739990234375,405.1300048828125,388.85723876953125,94901900,0.0,0.0,0.0
2023-05-05,408.9100036621094,413.7200012207031,408.6400146484375,412.6300048828125,396.0559997558594,87891800,0.0,0.0,0.0
2023-05-08,412.9700012207031,413.239990234375,411.2799987792969,412.739990234375,396.1614990234375,50046800,0.0,0.0,0.0
2023-05-09,411.1300048828125,412.0899963378906,410.69000244140625,410.92999267578125,394.4242248535156,49220100,0.0,0.0,0.0
2023-05-10,413.8800048828125,414.5400085449219,408.8699951171875,412.8500061035156,396.26715087890625,96142900,0.0,0.0,0.0
2023-05-11,411.95001220703125,412.42999267578125,409.9700012207031,412.1300048828125,395.5760803222656,70157100,0.0,0.0,0.0
2023-05-12,413.4200134277344,413.6400146484375,409.07000732421875,411.5899963378906,395.0577697753906,70481500,0.0,0.0,0.0
2023-05-15,412.2200012207031,413.42999267578125,410.2300109863281,413.010009765625,396.42071533203125,54289400,0.0,0.0,0.0
2023-05-16,411.8599853515625,412.82000732421875,410.239990234375,410.25,393.7715759277344,57705500,0.0,0.0,0.0
2023-05-17,412.3500061035156,415.8599853515625,410.6400146484375,415.2300109863281,398.5515441894531,87287000,0.0,0.0,0.0
2023-05-18,414.8999938964844,419.6700134277344,414.6700134277344,419.2300109863281,402.3908386230469,97177200,0.0,0.0,0.0
2023-05-19,420.1700134277344,420.7200012207031,417.3500061035156,418.6199951171875,401.8052978515625,103793300,0.0,0.0,0.0
2023-05-22,418.6400146484375,420.3900146484375,417.3500061035156,418.7900085449219,401.96856689453125,60745400,0.0,0.0,0.0
2023-05-23,417.0799865722656,418.7200012207031,413.67999267578125,414.0899963378906,397.457275390625,86383500,0.0,0.0,0.0
2023-05-24,412.4200134277344,412.82000732421875,409.8800048828125,411.0899963378906,394.57781982421875,89213700,0.0,0.0,0.0
2023-05-25,414.739990234375,416.1600036621094,412.4100036621094,414.6499938964844,397.99481201171875,90961600,0.0,0.0,0.0
2023-05-26,415.3299865722656,420.7699890136719,415.25,420.0199890136719,403.1491394042969,93830000,0.0,0.0,0.0
2023-05-30,422.0299987792969,422.5799865722656,418.739990234375,420.17999267578125,403.302734375,72216000,0.0,0.0,0.0
2023-05-31,418.2799987792969,419.2200012207031,416.2200012207031,417.8500061035156,401.0663146972656,110811800,0.0,0.0,0.0
2023-06-01,418.0899963378906,422.9200134277344,416.7900085449219,421.82000732421875,404.8768615722656,88865000,0.0,0.0,0.0
2023-06-02,424.5,428.739990234375,423.95001220703125,427.9200134277344,410.7318420410156,91426200,0.0,0.0,0.0
2023-06-05,428.2799987792969,429.6199951171875,426.3699951171875,427.1000061035156,409.9447326660156,65460200,0.0,0.0,0.0
2023-06-06,426.6700134277344,428.5799865722656,425.989990234375,428.0299987792969,410.8373718261719,64022200,0.0,0.0,0.0
2023-06-07,428.44000244140625,429.6199951171875,426.1099853515625,426.54998779296875,409.41680908203125,85373300,0.0,0.0,0.0
2023-06-08,426.6199951171875,429.6000061035156,425.82000732421875,429.1300048828125,411.8931884765625,61952800,0.0,0.0,0.0
2023-06-09,429.9599914550781,431.989990234375,428.8699951171875,429.8999938964844,412.63226318359375,85742800,0.0,0.0,0.0
2023-06-12,430.9200134277344,433.8800048828125,430.1700134277344,433.79998779296875,416.3755798339844,76104300,0.0,0.0,0.0
2023-06-13,435.32000732421875,437.3299865722656,434.6300048828125,436.6600036621094,419.1208190917969,95899700,0.0,0.0,0.0
2023-06-14,437.010009765625,439.05999755859375,433.5899963378906,437.17999267578125,419.619873046875,100612100,0.0,0.0,0.0
2023-06-15,436.3299865722656,443.8999938964844,436.2300109863281,442.6000061035156,424.8221740722656,110303100,0.0,0.0,0.0
2023-06-16,443.0199890136719,443.6099853515625,438.9700012207031,439.4599914550781,423.3751525878906,114165800,1.638,0.0,0.0
2023-06-20,437.45001220703125,438.3699951171875,435.0299987792969,437.17999267578125,421.1785888671875,76160400,0.0,0.0,0.0
2023-06-21,436.1600036621094,436.989990234375,434.3299865722656,434.94000244140625,419.0205993652344,76982300,0.0,0.0,0.0
2023-06-22,433.95001220703125,436.6199951171875,433.6000061035156,436.510009765625,420.5331115722656,70637200,0.0,0.0,0.0
2023-06-23,432.92999267578125,435.05999755859375,432.4700012207031,433.2099914550781,417.3538818359375,92074500,0.0,0.0,0.0
2023-06-26,432.6199951171875,434.6099853515625,431.19000244140625,431.44000244140625,415.648681640625,72823600,0.0,0.0,0.0
2023-06-27,432.3500061035156,436.80999755859375,431.8800048828125,436.1700134277344,420.20556640625,72813700,0.0,0.0,0.0
2023-06-28,435.04998779296875,437.44000244140625,434.4100036621094,436.3900146484375,420.4175109863281,75636000,0.0,0.0,0.0
2023-06-29,435.9599914550781,438.2799987792969,435.5400085449219,438.1099853515625,422.0745544433594,67882300,0.0,0.0,0.0
2023-06-30,441.44000244140625,444.29998779296875,441.1099853515625,443.2799987792969,427.05535888671875,104964000,0.0,0.0,0.0
2023-07-03,442.9200134277344,444.0799865722656,442.6300048828125,443.7900085449219,427.54669189453125,32793400,0.0,0.0,0.0
2023-07-05,441.9100036621094,443.8900146484375,441.8999938964844,443.1300048828125,426.91082763671875,58418400,0.0,0.0,0.0
2023-07-06,439.4200134277344,440.1000061035156,437.05999755859375,439.6600036621094,423.56781005859375,80658300,0.0,0.0,0.0
2023-07-07,438.6300048828125,442.6400146484375,438.29998779296875,438.54998779296875,422.4984130859375,86134200,0.0,0.0,0.0
2023-07-10,438.17999267578125,439.8399963378906,437.5899963378906,439.6600036621094,423.56781005859375,62443500,0.0,0.0,0.0
2023-07-11,440.45001220703125,442.9700012207031,439.44000244140625,442.4599914550781,426.265380859375,64463800,0.0,0.0,0.0
2023-07-12,446.3900146484375,447.4800109863281,444.9100036621094,446.0199890136719,429.695068359375,91924500,0.0,0.0,0.0
2023-07-13,447.8999938964844,450.3800048828125,447.45001220703125,449.55999755859375,433.10552978515625,72425200,0.0,0.0,0.0
2023-07-14,450.4800109863281,451.3599853515625,448.489990234375,449.2799987792969,432.83575439453125,69815800,0.0,0.0,0.0
2023-07-17,449.1300048828125,451.92999267578125,449.0799865722656,450.8399963378906,434.338623046875,52680200,0.0,0.0,0.0
2023-07-18,450.5,454.8599853515625,450.04998779296875,454.19000244140625,437.5660400390625,80668200,0.0,0.0,0.0
2023-07-19,455.010009765625,456.42999267578125,454.1099853515625,455.20001220703125,438.5390319824219,65891700,0.0,0.0,0.0
2023-07-20,454.1700134277344,455.1000061035156,451.44000244140625,452.17999267578125,435.6296081542969,70591600,0.0,0.0,0.0
2023-07-21,453.9599914550781,454.1700134277344,452.1700134277344,452.17999267578125,435.6296081542969,71275600,0.0,0.0,0.0
2023-07-24,453.3699951171875,455.0400085449219,452.29998779296875,454.20001220703125,437.5757141113281,54023400,0.0,0.0,0.0
2023-07-25,453.9200134277344,456.739990234375,453.8699951171875,455.44000244140625,438.770263671875,55191200,0.0,0.0,0.0
2023-07-26,454.4700012207031,456.989990234375,453.3800048828125,455.510009765625,438.8376770019531,71052900,0.0,0.0,0.0
2023-07-27,459.0199890136719,459.44000244140625,451.54998779296875,452.489990234375,435.9282531738281,92194400,0.0,0.0,0.0
2023-07-28,455.8800048828125,457.7799987792969,452.489990234375,456.9200134277344,440.19610595703125,80011800,0.0,0.0,0.0
2023-07-31,457.4100036621094,458.1600036621094,456.04998779296875,457.7900085449219,441.03424072265625,62040400,0.0,0.0,0.0
2023-08-01,456.2699890136719,457.25,455.489990234375,456.4800109863281,439.772216796875,55291500,0.0,0.0,0.0
2023-08-02,453.25,453.5199890136719,449.3500061035156,450.1300048828125,433.65460205078125,93933400,0.0,0.0,0.0
2023-08-03,448.0400085449219,450.7900085449219,447.3699951171875,448.8399963378906,432.41180419921875,64276100,0.0,0.0,0.0
2023-08-04,450.7200012207031,452.8999938964844,446.2699890136719,446.80999755859375,430.45611572265625,100128900,0.0,0.0,0.0
2023-08-07,448.7099914550781,450.8699951171875,447.989990234375,450.7099914550781,434.21337890625,58357500,0.0,0.0,0.0
2023-08-08,448.0799865722656,450.70001220703125,445.2699890136719,448.75,432.32513427734375,71361300,0.0,0.0,0.0
2023-08-09,449.0299987792969,449.20001220703125,444.9599914550781,445.75,429.4349365234375,78789600,0.0,0.0,0.0
2023-08-10,448.19000244140625,451.70001220703125,444.70001220703125,445.9100036621094,429.589111328125,93005500,0.0,0.0,0.0
2023-08-11,443.9700012207031,446.70001220703125,443.3500061035156,445.6499938964844,429.3385925292969,68690900,0.0,0.0,0.0
2023-08-14,444.70001220703125,448.1099853515625,444.3800048828125,448.1099853515625,431.70855712890625,47867400,0.0,0.0,0.0
2023-08-15,446.2699890136719,446.6400146484375,442.29998779296875,442.8900146484375,426.6795959472656,75707500,0.0,0.0,0.0
2023-08-16,442.4599914550781,444.17999267578125,439.5299987792969,439.6400146484375,423.548583984375,80107200,0.0,0.0,0.0
2023-08-17,441.1600036621094,441.42999267578125,435.75,436.2900085449219,420.3211669921875,95711300,0.0,0.0,0.0
2023-08-18,433.3699951171875,437.57000732421875,433.010009765625,436.5,420.5234680175781,98852000,0.0,0.0,0.0
2023-08-21,437.54998779296875,440.1099853515625,435.32000732421875,439.3399963378906,423.259521484375,68719000,0.0,0.0,0.0
2023-08-22,441.17999267578125,441.17999267578125,437.57000732421875,438.1499938964844,422.1130676269531,64994200,0.0,0.0,0.0
2023-08-23,439.25,443.6700134277344,439.1000061035156,443.0299987792969,426.8144836425781,68441000,0.0,0.0,0.0
2023-08-24,444.69000244140625,445.2200012207031,436.8599853515625,436.8900146484375,420.8992614746094,88517300,0.0,0.0,0.0
2023-08-25,438.67999267578125,441.29998779296875,435.0,439.9700012207031,423.8664855957031,102325100,0.0,0.0,0.0
2023-08-28,442.239990234375,443.3999938964844,439.9700012207031,442.760009765625,426.55438232421875,61595400,0.0,0.0,0.0
2023-08-29,442.6499938964844,449.45001220703125,442.4599914550781,449.1600036621094,432.7201232910156,83081900,0.0,0.0,0.0
2023-08-30,449.510009765625,451.6700134277344,448.7799987792969,451.010009765625,434.50238037109375,69053900,0.0,0.0,0.0
2023-08-31,451.6499938964844,452.8299865722656,450.1600036621094,450.3500061035156,433.8665771484375,66084600,0.0,0.0,0.0
2023-09-01,453.1700134277344,453.6700134277344,449.67999267578125,451.19000244140625,434.6758117675781,58944100,0.0,0.0,0.0
2023-09-05,450.7300109863281,451.05999755859375,449.1700134277344,449.239990234375,432.7972106933594,55166200,0.0,0.0,0.0
2023-09-06,448.3999938964844,448.510009765625,443.80999755859375,446.2200012207031,429.8876953125,70758500,0.0,0.0,0.0
2023-09-07,443.1099853515625,445.54998779296875,442.75,444.8500061035156,428.56793212890625,70355400,0.0,0.0,0.0
2023-09-08,444.8999938964844,447.1099853515625,444.5299987792969,445.5199890136719,429.21331787109375,61659700,0.0,0.0,0.0
2023-09-11,448.239990234375,448.7699890136719,446.4700012207031,448.45001220703125,432.0361328125,60180100,0.0,0.0,0.0
2023-09-12,446.95001220703125,448.5299987792969,445.3900146484375,445.989990234375,429.6661682128906,67565400,0.0,0.0,0.0
2023-09-13,446.2200012207031,447.7099914550781,445.0799865722656,446.510009765625,430.1670837402344,60199300,0.0,0.0,0.0
2023-09-14,449.07000732421875,451.0799865722656,447.7200012207031,450.3599853515625,433.87615966796875,83430800,0.0,0.0,0.0
2023-09-15,447.1400146484375,447.4800109863281,442.9200134277344,443.3699951171875,428.6486511230469,111848900,1.583,0.0,0.0
2023-09-18,443.04998779296875,444.9700012207031,442.55999755859375,443.6300048828125,428.90008544921875,55752200,0.0,0.0,0.0
2023-09-19,442.67999267578125,443.2900085449219,439.94000244140625,442.7099914550781,428.0106201171875,66514600,0.0,0.0,0.0
2023-09-20,444.010009765625,444.44000244140625,438.42999267578125,438.6400146484375,424.0757141113281,82562600,0.0,0.0,0.0
2023-09-21,435.70001220703125,435.9700012207031,431.2300109863281,431.3900146484375,417.06646728515625,104095800,0.0,0.0,0.0
2023-09-22,432.45001220703125,434.1000061035156,429.989990234375,430.4200134277344,416.128662109375,100829700,0.0,0.0,0.0
2023-09-25,429.1700134277344,432.2699890136719,428.7200012207031,432.2300109863281,417.8786315917969,70874500,0.0,0.0,0.0
2023-09-26,429.0899963378906,429.82000732421875,425.0199890136719,425.8800048828125,411.7394104003906,96168400,0.0,0.0,0.0
2023-09-27,427.0899963378906,427.6700134277344,422.2900085449219,426.04998779296875,411.9037780761719,104705800,0.0,0.0,0.0
2023-09-28,425.4800109863281,430.25,424.8699951171875,428.5199890136719,414.2917175292969,92258300,0.0,0.0,0.0
2023-09-29,431.6700134277344,431.8500061035156,425.9100036621094,427.4800109863281,413.2863464355469,115111300,0.0,0.0,0.0
2023-10-02,426.6199951171875,428.6000061035156,424.4599914550781,427.30999755859375,413.1219482421875,83798600,0.0,0.0,0.0
2023-10-03,425.05999755859375,427.3699951171875,420.17999267578125,421.5899963378906,407.59185791015625,103760600,0.0,0.0,0.0
2023-10-04,422.07000732421875,425.42999267578125,420.55999755859375,424.6600036621094,410.5599670410156,87453000,0.0,0.0,0.0
2023-10-05,424.3599853515625,425.3699951171875,421.1700134277344,424.5,410.4052734375,70142700,0.0,0.0,0.0
2023-10-06,421.9700012207031,431.1300048828125,420.6000061035156,429.5400085449219,415.2779235839844,113273300,0.0,0.0,0.0
2023-10-09,427.5799865722656,432.8800048828125,427.010009765625,432.2900085449219,417.9366149902344,80374400,0.0,0.0,0.0
2023-10-10,432.94000244140625,437.2200012207031,432.5299987792969,434.5400085449219,420.11187744140625,78607300,0.0,0.0,0.0
2023-10-11,435.6400146484375,436.5799865722656,433.17999267578125,436.32000732421875,421.83282470703125,62451700,0.0,0.0,0.0
2023-10-12,436.95001220703125,437.3399963378906,431.2300109863281,433.6600036621094,419.2611083984375,81154200,0.0,0.0,0.0
2023-10-13,435.2099914550781,436.45001220703125,429.8800048828125,431.5,417.1728820800781,95143100,0.0,0.0,0.0
2023-10-16,433.82000732421875,437.1400146484375,433.57000732421875,436.0400085449219,421.56207275390625,75433200,0.0,0.0,0.0
2023-10-17,432.80999755859375,438.1400146484375,432.45001220703125,436.0199890136719,421.5427551269531,75324700,0.0,0.0,0.0
2023-10-18,434.19000244140625,435.17999267578125,429.0899963378906,430.2099914550781,415.9256286621094,93559800,0.0,0.0,0.0
2023-10-19,430.95001220703125,432.82000732421875,425.7300109863281,426.42999267578125,412.2712097167969,121323000,0.0,0.0,0.0
2023-10-20,425.9800109863281,426.5400085449219,421.0799865722656,421.19000244140625,407.2051696777344,123919900,0.0,0.0,0.0
2023-10-23,419.6099853515625,424.45001220703125,417.79998779296875,420.4599914550781,406.4994201660156,92035100,0.0,0.0,0.0
2023-10-24,422.6499938964844,424.82000732421875,420.739990234375,423.6300048828125,409.56414794921875,78564200,0.0,0.0,0.0
2023-10-25,421.8900146484375,421.9200134277344,417.0199890136719,417.54998779296875,403.68597412109375,94223200,0.0,0.0,0.0
2023-10-26,416.45001220703125,417.3299865722656,411.6000061035156,412.54998779296875,398.8520202636719,115156800,0.0,0.0,0.0
2023-10-27,414.19000244140625,414.6000061035156,409.2099914550781,410.67999267578125,397.0440979003906,107367700,0.0,0.0,0.0
2023-10-30,413.55999755859375,416.67999267578125,412.2200012207031,415.5899963378906,401.7911071777344,86562700,0.0,0.0,0.0
2023-10-31,416.17999267578125,418.5299987792969,414.2099914550781,418.20001220703125,404.314453125,79665200,0.0,0.0,0.0
2023-11-01,419.20001220703125,423.5,418.6499938964844,422.6600036621094,408.6263122558594,98068100,0.0,0.0,0.0
2023-11-02,426.5799865722656,430.9200134277344,426.55999755859375,430.760009765625,416.45745849609375,94938900,0.0,0.0,0.0
2023-11-03,433.1400146484375,436.2900085449219,433.010009765625,434.69000244140625,420.25689697265625,100167800,0.0,0.0,0.0
2023-11-06,435.4700012207031,436.1499938964844,433.67999267578125,435.69000244140625,421.2237243652344,67831700,0.0,0.0,0.0
2023-11-07,435.69000244140625,437.5899963378906,434.510009765625,436.92999267578125,422.4225158691406,64256100,0.0,0.0,0.0
2023-11-08,437.54998779296875,438.0899963378906,434.8699951171875,437.25,422.7319030761719,61746000,0.0,0.0,0.0
2023-11-09,438.42999267578125,438.4700012207031,433.3999938964844,433.8399963378906,419.4350891113281,83174400,0.0,0.0,0.0
2023-11-10,435.9800109863281,440.92999267578125,433.8299865722656,440.6099853515625,425.9803466796875,89462200,0.0,0.0,0.0
2023-11-13,439.2300109863281,441.3299865722656,438.4200134277344,440.19000244140625,425.57427978515625,52236100,0.0,0.0,0.0
2023-11-14,446.32000732421875,450.05999755859375,446.0899963378906,448.7300109863281,433.8307189941406,97176900,0.0,0.0,0.0
2023-11-15,450.1099853515625,451.3800048828125,448.79998779296875,449.67999267578125,434.7491760253906,77327600,0.0,0.0,0.0
2023-11-16,449.2200012207031,450.55999755859375,448.1199951171875,450.2300109863281,435.2809753417969,66665800,0.0,0.0,0.0
2023-11-17,450.239990234375,451.4200134277344,449.2900085449219,450.7900085449219,435.8223571777344,83133200,0.0,0.0,0.0
2023-11-20,450.5299987792969,455.1300048828125,450.5199890136719,454.260009765625,439.1771240234375,69936200,0.0,0.0,0.0
2023-11-21,453.17999267578125,454.1300048828125,451.9599914550781,453.2699890136719,438.219970703125,49244600,0.0,0.0,0.0
2023-11-22,454.9800109863281,456.3800048828125,453.8900146484375,455.0199890136719,439.9118957519531,59394900,0.0,0.0,0.0
2023-11-24,455.07000732421875,455.5,454.7300109863281,455.29998779296875,440.1826477050781,29737400,0.0,0.0,0.0
2023-11-27,454.6499938964844,455.489990234375,454.0799865722656,454.4800109863281,439.3898620605469,50506000,0.0,0.0,0.0
2023-11-28,454.0799865722656,456.2699890136719,453.5,454.92999267578125,439.82489013671875,62115000,0.0,0.0,0.0
2023-11-29,457.1499938964844,458.32000732421875,454.20001220703125,454.6099853515625,439.5155029296875,63146000,0.0,0.0,0.0
2023-11-30,455.4800109863281,456.760009765625,453.3399963378906,456.3999938964844,441.2460632324219,79752700,0.0,0.0,0.0
2023-12-01,455.7699890136719,459.6499938964844,455.1600036621094,459.1000061035156,443.8564453125,89183400,0.0,0.0,0.0
2023-12-04,455.6000061035156,459.1199951171875,454.3399963378906,456.69000244140625,441.52642822265625,72430900,0.0,0.0,0.0
2023-12-05,455.260009765625,457.5899963378906,454.8699951171875,456.6000061035156,441.439453125,69793500,0.0,0.0,0.0
2023-12-06,458.80999755859375,458.8399963378906,454.30999755859375,454.760009765625,439.6605529785156,69124700,0.0,0.0,0.0
2023-12-07,456.9100036621094,458.8999938964844,456.2900085449219,458.2300109863281,443.01531982421875,66995400,0.0,0.0,0.0
2023-12-08,457.4599914550781,460.75,457.2099914550781,460.20001220703125,444.9198913574219,83194400,0.0,0.0,0.0
2023-12-11,459.69000244140625,462.1700134277344,459.4700012207031,461.989990234375,446.65045166015625,65002200,0.0,0.0,0.0
2023-12-12,461.6300048828125,464.20001220703125,460.6000061035156,464.1000061035156,448.6903991699219,68327600,0.0,0.0,0.0
2023-12-13,464.489990234375,470.760009765625,464.1199951171875,470.5,454.8778991699219,93278000,0.0,0.0,0.0
2023-12-14,472.5,473.7300109863281,469.25,472.010009765625,456.3377685546875,119026000,0.0,0.0,0.0
2023-12-15,469.489990234375,470.70001220703125,467.42999267578125,469.3299865722656,455.5863952636719,141553700,1.906,0.0,0.0
2023-12-18,470.9800109863281,472.9800109863281,469.8900146484375,471.9700012207031,458.14910888671875,70375300,0.0,0.0,0.0
2023-12-19,472.5299987792969,474.9200134277344,472.45001220703125,474.8399963378906,460.9350891113281,55761800,0.0,0.0,0.0
2023-12-20,473.9599914550781,475.8999938964844,467.82000732421875,468.260009765625,454.54779052734375,102921000,0.0,0.0,0.0
2023-12-21,471.3299865722656,472.9800109863281,468.8399963378906,472.70001220703125,458.8577880859375,86667500,0.0,0.0,0.0
2023-12-22,473.8599853515625,475.3800048828125,471.70001220703125,473.6499938964844,459.7799377441406,67160400,0.0,0.0,0.0
2023-12-26,474.07000732421875,476.5799865722656,473.989990234375,475.6499938964844,461.7213439941406,55387000,0.0,0.0,0.0
2023-12-27,475.44000244140625,476.6600036621094,474.8900146484375,476.510009765625,462.5561828613281,68000300,0.0,0.0,0.0
2023-12-28,476.8800048828125,477.54998779296875,476.260009765625,476.69000244140625,462.73095703125,77158100,0.0,0.0,0.0
2023-12-29,476.489990234375,477.0299987792969,473.29998779296875,475.30999755859375,461.39129638671875,122283100,0.0,0.0,0.0
2024-01-02,472.1600036621094,473.6700134277344,470.489990234375,472.6499938964844,458.8092346191406,123623700,0.0,0.0,0.0
2024-01-03,470.42999267578125,471.19000244140625,468.1700134277344,468.7900085449219,455.062255859375,103585900,0.0,0.0,0.0
2024-01-04,468.29998779296875,470.9599914550781,467.04998779296875,467.2799987792969,453.5964660644531,84232200,0.0,0.0,0.0
2024-01-05,467.489990234375,470.44000244140625,466.42999267578125,467.9200134277344,454.2177429199219,86118900,0.0,0.0,0.0
2024-01-08,468.42999267578125,474.75,468.29998779296875,474.6000061035156,460.7021179199219,74879100,0.0,0.0,0.0
2024-01-09,471.8699951171875,474.92999267578125,471.3500061035156,473.8800048828125,460.0032043457031,65931400,0.0,0.0,0.0
2024-01-10,474.1600036621094,477.45001220703125,473.8699951171875,476.55999755859375,462.60467529296875,67310600,0.0,0.0,0.0
2024-01-11,477.5899963378906,478.1199951171875,472.260009765625,476.3500061035156,462.4008483886719,77940700,0.0,0.0,0.0
2024-01-12,477.8399963378906,478.6000061035156,475.2300109863281,476.67999267578125,462.7212219238281,58026400,0.0,0.0,0.0
2024-01-16,475.260009765625,476.6099853515625,473.05999755859375,474.92999267578125,461.0224304199219,85014900,0.0,0.0,0.0
2024-01-17,471.82000732421875,472.7900085449219,469.8699951171875,472.2900085449219,458.45977783203125,68843900,0.0,0.0,0.0
2024-01-18,474.010009765625,477.05999755859375,472.4200134277344,476.489990234375,462.5367431640625,91856200,0.0,0.0,0.0
2024-01-19,477.6499938964844,482.7200012207031,476.5400085449219,482.42999267578125,468.3028869628906,110834500,0.0,0.0,0.0
2024-01-22,484.010009765625,485.2200012207031,482.7799987792969,483.45001220703125,469.29296875,75844900,0.0,0.0,0.0
2024-01-23,484.010009765625,485.1099853515625,482.8900146484375,484.8599853515625,470.6616516113281,49945300,0.0,0.0,0.0
2024-01-24,487.80999755859375,488.7699890136719,484.8800048828125,485.3900146484375,471.1761779785156,81765000,0.0,0.0,0.0
2024-01-25,487.5799865722656,488.30999755859375,485.3900146484375,488.0299987792969,473.73883056640625,72525000,0.0,0.0,0.0
2024-01-26,487.5899963378906,489.1199951171875,486.5400085449219,487.4100036621094,473.13702392578125,76641600,0.0,0.0,0.0
2024-01-29,487.7300109863281,491.4200134277344,487.1700134277344,491.2699890136719,476.8839111328125,61322800,0.0,0.0,0.0
2024-01-30,490.55999755859375,491.6199951171875,490.1099853515625,490.8900146484375,476.51507568359375,58618400,0.0,0.0,0.0
2024-01-31,488.6199951171875,489.0799865722656,482.8599853515625,482.8800048828125,468.7396545410156,126011100,0.0,0.0,0.0
2024-02-01,484.6300048828125,489.2300109863281,483.79998779296875,489.20001220703125,474.8746032714844,91891600,0.0,0.0,0.0
2024-02-02,489.6499938964844,496.04998779296875,489.29998779296875,494.3500061035156,479.8738098144531,99228200,0.0,0.0,0.0
2024-02-05,493.70001220703125,494.3800048828125,490.2300109863281,492.54998779296875,478.12646484375,75757100,0.0,0.0,0.0
2024-02-06,493.5199890136719,494.32000732421875,492.04998779296875,493.9800109863281,479.5146179199219,55918600,0.0,0.0,0.0
2024-02-07,496.2900085449219,498.5299987792969,495.3599853515625,498.1000061035156,483.51397705078125,70556500,0.0,0.0,0.0
2024-02-08,498.1000061035156,498.7099914550781,497.260009765625,498.32000732421875,483.72747802734375,52343600,0.0,0.0,0.0
2024-02-09,498.8399963378906,501.6499938964844,498.489990234375,501.20001220703125,486.523193359375,63979400,0.0,0.0,0.0
2024-02-12,501.1700134277344,503.5,500.239990234375,500.9800109863281,486.30963134765625,56502300,0.0,0.0,0.0
2024-02-13,494.5299987792969,497.0899963378906,490.7200012207031,494.0799865722656,479.6116638183594,113099200,0.0,0.0,0.0
2024-02-14,496.7900085449219,499.07000732421875,494.3999938964844,498.57000732421875,483.9701843261719,68387800,0.0,0.0,0.0
2024-02-15,499.2900085449219,502.20001220703125,498.79998779296875,502.010009765625,487.3094177246094,61683000,0.0,0.0,0.0
2024-02-16,501.70001220703125,502.8699951171875,498.75,499.510009765625,484.8826599121094,75532900,0.0,0.0,0.0
2024-02-20,497.7200012207031,498.4100036621094,494.45001220703125,496.760009765625,482.2132263183594,71736700,0.0,0.0,0.0
2024-02-21,495.4200134277344,497.3699951171875,493.55999755859375,497.2099914550781,482.6499938964844,59293400,0.0,0.0,0.0
2024-02-22,504.010009765625,508.489990234375,503.0199890136719,507.5,492.638671875,76402500,0.0,0.0,0.0
2024-02-23,509.2699890136719,510.1300048828125,507.1000061035156,507.8500061035156,492.9783630371094,61321800,0.0,0.0,0.0
2024-02-26,508.29998779296875,508.75,505.8599853515625,505.989990234375,491.17291259765625,50386700,0.0,0.0,0.0
2024-02-27,506.70001220703125,507.1600036621094,504.75,506.92999267578125,492.0853576660156,48854500,0.0,0.0,0.0
2024-02-28,505.3299865722656,506.8599853515625,504.9599914550781,506.260009765625,491.43499755859375,56506600,0.0,0.0,0.0
2024-02-29,508.07000732421875,509.739990234375,505.3500061035156,508.0799865722656,493.20166015625,83924800,0.0,0.0,0.0
2024-03-01,508.9800109863281,513.2899780273438,508.55999755859375,512.8499755859375,497.8320007324219,76844800,0.0,0.0,0.0
2024-03-04,512.030029296875,514.2000122070312,512.0,512.2999877929688,497.2980651855469,49799300,0.0,0.0,0.0
2024-03-05,510.239990234375,510.70001220703125,504.9100036621094,507.17999267578125,492.32806396484375,72855600,0.0,0.0,0.0
2024-03-06,510.54998779296875,512.0700073242188,508.4200134277344,509.75,494.8227844238281,68382400,0.0,0.0,0.0
2024-03-07,513.1400146484375,515.8900146484375,509.80999755859375,514.8099975585938,499.73455810546875,58652100,0.0,0.0,0.0
2024-03-08,515.4600219726562,518.219970703125,511.1300048828125,511.7200012207031,496.735107421875,86532500,0.0,0.0,0.0
2024-03-11,510.4800109863281,511.8800048828125,508.5,511.2799987792969,496.3080139160156,62557200,0.0,0.0,0.0
2024-03-12,513.4500122070312,517.3800048828125,510.8599853515625,516.780029296875,501.6470031738281,73114400,0.0,0.0,0.0
2024-03-13,517.1099853515625,517.2899780273438,514.489990234375,515.969970703125,500.8605651855469,55104100,0.0,0.0,0.0
2024-03-14,516.969970703125,517.1300048828125,511.82000732421875,514.9500122070312,499.8705749511719,110171800,0.0,0.0,0.0
2024-03-15,510.2099914550781,511.70001220703125,508.1199951171875,509.8299865722656,496.4381103515625,107646300,1.595,0.0,0.0
2024-03-18,514.0,515.47998046875,512.4400024414062,512.8599853515625,499.3885192871094,88893300,0.0,0.0,0.0
2024-03-19,512.1500244140625,516.0,511.1199951171875,515.7100219726562,502.1636962890625,60755300,0.0,0.0,0.0
2024-03-20,515.77001953125,520.6199951171875,515.0800170898438,520.47998046875,506.8084716796875,69594600,0.0,0.0,0.0
2024-03-21,523.3900146484375,524.1099853515625,521.9099731445312,522.2000122070312,508.483154296875,60256100,0.0,0.0,0.0
2024-03-22,522.1099853515625,522.6099853515625,520.969970703125,521.2100219726562,507.51922607421875,79070800,0.0,0.0,0.0
2024-03-25,519.7999877929688,520.9500122070312,519.6099853515625,519.77001953125,506.1170349121094,48512100,0.0,0.0,0.0
2024-03-26,521.22998046875,521.5800170898438,518.4000244140625,518.8099975585938,505.18231201171875,65463700,0.0,0.0,0.0
2024-03-27,521.7100219726562,523.2100219726562,519.489990234375,523.1699829101562,509.4277648925781,82999800,0.0,0.0,0.0
2024-03-28,523.2100219726562,524.6099853515625,522.780029296875,523.0700073242188,509.33038330078125,96294900,0.0,0.0,0.0
2024-04-01,523.8300170898438,524.3800048828125,520.969970703125,522.1599731445312,508.4442138671875,62477500,0.0,0.0,0.0
2024-04-02,518.239990234375,518.97998046875,516.47998046875,518.8400268554688,505.2114562988281,74230300,0.0,0.0,0.0
2024-04-03,517.719970703125,520.9500122070312,517.6699829101562,519.4099731445312,505.7664794921875,59155800,0.0,0.0,0.0
2024-04-04,523.52001953125,523.8699951171875,512.760009765625,513.0700073242188,499.593017578125,96858100,0.0,0.0,0.0
2024-04-05,514.4600219726562,520.4400024414062,514.010009765625,518.4299926757812,504.812255859375,74546500,0.0,0.0,0.0
2024-04-08,519.1500244140625,520.1799926757812,517.8900146484375,518.719970703125,505.0945739746094,48401800,0.0,0.0,0.0
2024-04-09,520.5,520.75,514.3499755859375,519.3200073242188,505.6788635253906,68049200,0.0,0.0,0.0
2024-04-10,513.47998046875,516.1599731445312,512.0900268554688,514.1199951171875,500.615478515625,82652800,0.0,0.0,0.0
2024-04-11,515.6799926757812,519.47998046875,512.0800170898438,518.0,504.39349365234375,70099000,0.0,0.0,0.0
2024-04-12,514.3699951171875,515.8200073242188,509.0799865722656,510.8500061035156,497.4313049316406,92561100,0.0,0.0,0.0
2024-04-15,515.1300048828125,515.2999877929688,503.5799865722656,504.45001220703125,491.199462890625,92101400,0.0,0.0,0.0
2024-04-16,504.94000244140625,506.5,502.2099914550781,503.5299987792969,490.3036193847656,73484000,0.0,0.0,0.0
2024-04-17,506.04998779296875,506.2200012207031,499.1199951171875,500.54998779296875,487.4018859863281,75910300,0.0,0.0,0.0
2024-04-18,501.9800109863281,504.1300048828125,498.55999755859375,499.5199890136719,486.3988952636719,74548100,0.0,0.0,0.0
2024-04-19,499.44000244140625,500.4599914550781,493.8599853515625,495.1600036621094,482.1534423828125,102212600,0.0,0.0,0.0
2024-04-22,497.8299865722656,502.3800048828125,495.42999267578125,499.7200012207031,486.59368896484375,67961000,0.0,0.0,0.0
2024-04-23,501.7799987792969,506.0899963378906,499.5299987792969,505.6499938964844,492.3679504394531,64633600,0.0,0.0,0.0
2024-04-24,506.55999755859375,507.3699951171875,503.1300048828125,505.4100036621094,492.1341857910156,55928100,0.0,0.0,0.0
2024-04-25,499.17999267578125,504.2699890136719,497.489990234375,503.489990234375,490.2646484375,69122400,0.0,0.0,0.0
2024-04-26,506.3500061035156,509.8800048828125,505.70001220703125,508.260009765625,494.9093933105469,64306100,0.0,0.0,0.0
2024-04-29,510.0899963378906,510.75,507.25,510.05999755859375,496.6620788574219,46415400,0.0,0.0,0.0
2024-04-30,508.55999755859375,509.55999755859375,501.9800109863281,501.9800109863281,488.7943420410156,77483600,0.0,0.0,0.0
2024-05-01,501.3800048828125,508.19000244140625,499.8699951171875,500.3500061035156,487.2071838378906,80242800,0.0,0.0,0.0
2024-05-02,504.1499938964844,505.8900146484375,499.54998779296875,505.0299987792969,491.76422119140625,62550200,0.0,0.0,0.0
2024-05-03,511.1600036621094,512.5499877929688,508.55999755859375,511.2900085449219,497.8597717285156,72756700,0.0,0.0,0.0
2024-05-06,513.75,516.6099853515625,513.2999877929688,516.5700073242188,503.0010986328125,47264700,0.0,0.0,0.0
2024-05-07,517.5599975585938,518.5700073242188,516.4500122070312,517.1400146484375,503.55615234375,52561300,0.0,0.0,0.0
2024-05-08,515.260009765625,517.739990234375,515.1400146484375,517.1900024414062,503.6048278808594,42047200,0.0,0.0,0.0
2024-05-09,517.3800048828125,520.2100219726562,516.7100219726562,520.1699829101562,506.5064697265625,43643700,0.0,0.0,0.0
2024-05-10,521.8099975585938,522.6400146484375,519.5900268554688,520.8400268554688,507.1589660644531,52233200,0.0,0.0,0.0
2024-05-13,522.5599975585938,522.6699829101562,519.739990234375,520.9099731445312,507.2270202636719,36716400,0.0,0.0,0.0
2024-05-14,521.1099853515625,523.8300170898438,520.5599975585938,523.2999877929688,509.5542907714844,57535900,0.0,0.0,0.0
2024-05-15,525.8300170898438,530.0800170898438,525.1799926757812,529.780029296875,515.8641357421875,59504900,0.0,0.0,0.0
2024-05-16,529.8800048828125,531.52001953125,528.5399780273438,528.6900024414062,514.8026123046875,50244800,0.0,0.0,0.0
2024-05-17,528.8099975585938,529.52001953125,527.3200073242188,529.4500122070312,515.5427856445312,59187600,0.0,0.0,0.0
2024-05-20,529.5700073242188,531.5599975585938,529.1699829101562,530.0599975585938,516.13671875,37764200,0.0,0.0,0.0
2024-05-21,529.280029296875,531.52001953125,529.0700073242188,531.3599853515625,517.4025268554688,33437000,0.0,0.0,0.0
2024-05-22,530.6500244140625,531.3800048828125,527.5999755859375,529.8300170898438,515.9127807617188,48390000,0.0,0.0,0.0
2024-05-23,532.9600219726562,533.0700073242188,524.719970703125,525.9600219726562,512.1444702148438,57211200,0.0,0.0,0.0
2024-05-24,527.8499755859375,530.27001953125,526.8800048828125,529.4400024414062,515.5330810546875,41291100,0.0,0.0,0.0
2024-05-28,530.27001953125,530.510009765625,527.1099853515625,529.8099975585938,515.893310546875,36269600,0.0,0.0,0.0
2024-05-29,525.6799926757812,527.3099975585938,525.3699951171875,526.0999755859375,512.28076171875,45190300,0.0,0.0,0.0
2024-05-30,524.52001953125,525.2000122070312,521.3300170898438,522.6099853515625,508.8824768066406,46377600,0.0,0.0,0.0
2024-05-31,523.5900268554688,527.5,518.3599853515625,527.3699951171875,513.5174560546875,90785800,0.0,0.0,0.0
2024-06-03,529.02001953125,529.3099975585938,522.5999755859375,527.7999877929688,513.9360961914062,46835700,0.0,0.0,0.0
2024-06-04,526.4600219726562,529.1500244140625,524.9600219726562,528.3900146484375,514.5107421875,34632700,0.0,0.0,0.0
2024-06-05,530.77001953125,534.6900024414062,528.72998046875,534.6699829101562,520.6256713867188,47610400,0.0,0.0,0.0
2024-06-06,534.97998046875,535.4199829101562,532.6799926757812,534.6599731445312,520.6159057617188,30808500,0.0,0.0,0.0
2024-06-07,533.6599731445312,536.8900146484375,532.5399780273438,534.010009765625,519.9830932617188,43224500,0.0,0.0,0.0
2024-06-10,533.1799926757812,535.989990234375,532.5700073242188,535.6599731445312,521.5896606445312,35686100,0.0,0.0,0.0
2024-06-11,534.0700073242188,537.010009765625,532.0499877929688,536.9500122070312,522.8457641601562,36383400,0.0,0.0,0.0
2024-06-12,541.6300048828125,544.1199951171875,540.2999877929688,541.3599853515625,527.139892578125,63251300,0.0,0.0,0.0
2024-06-13,543.1500244140625,543.3300170898438,539.5900268554688,542.4500122070312,528.2013549804688,44760900,0.0,0.0,0.0
2024-06-14,540.8800048828125,542.8099975585938,539.8499755859375,542.780029296875,528.5226440429688,40089900,0.0,0.0,0.0
2024-06-17,542.0800170898438,548.530029296875,541.6099853515625,547.0999755859375,532.7291259765625,55839500,0.0,0.0,0.0
2024-06-18,547.1599731445312,548.6199951171875,546.72998046875,548.489990234375,534.0826416015625,41376400,0.0,0.0,0.0
2024-06-20,549.4400024414062,550.1199951171875,545.1799926757812,547.0,532.6318359375,70328200,0.0,0.0,0.0
2024-06-21,544.4000244140625,545.6500244140625,543.02001953125,544.510009765625,531.917724609375,64338600,1.759,0.0,0.0
2024-06-24,544.3300170898438,546.9500122070312,542.6199951171875,542.739990234375,530.1885986328125,45528700,0.0,0.0,0.0
2024-06-25,543.989990234375,545.2000122070312,542.4400024414062,544.8300170898438,532.2303466796875,37936200,0.0,0.0,0.0
2024-06-26,543.6900024414062,546.239990234375,543.030029296875,545.510009765625,532.89453125,38550600,0.0,0.0,0.0
2024-06-27,545.3699951171875,546.9600219726562,544.6099853515625,546.3699951171875,533.7346801757812,35041500,0.0,0.0,0.0
2024-06-28,547.1599731445312,550.280029296875,542.9500122070312,544.219970703125,531.6343994140625,76144500,0.0,0.0,0.0
2024-07-01,545.6300048828125,545.8800048828125,542.52001953125,545.3400268554688,532.728515625,40297800,0.0,0.0,0.0
2024-07-02,543.7000122070312,549.010009765625,543.6500244140625,549.010009765625,536.3135986328125,40434800,0.0,0.0,0.0
2024-07-03,548.6900024414062,551.8300170898438,548.6500244140625,551.4600219726562,538.7069702148438,32789900,0.0,0.0,0.0
2024-07-05,551.77001953125,555.0499877929688,551.1199951171875,554.6400146484375,541.8134765625,41488400,0.0,0.0,0.0
2024-07-08,555.4400024414062,556.25,554.1900024414062,555.280029296875,542.4385986328125,36110500,0.0,0.0,0.0
2024-07-09,556.260009765625,557.1799926757812,555.52001953125,555.8200073242188,542.9661254882812,27289700,0.0,0.0,0.0
2024-07-10,557.0700073242188,561.6699829101562,556.77001953125,561.3200073242188,548.3390502929688,38701200,0.0,0.0,0.0
2024-07-11,561.4400024414062,562.3300170898438,555.8300170898438,556.47998046875,543.6107788085938,53054200,0.0,0.0,0.0
2024-07-12,557.6300048828125,563.6699829101562,557.1500244140625,559.989990234375,547.0396728515625,53084400,0.0,0.0,0.0
2024-07-15,562.030029296875,564.8400268554688,559.6300048828125,561.530029296875,548.5440673828125,40584300,0.0,0.0,0.0
2024-07-16,562.8699951171875,565.1599731445312,562.0999755859375,564.8599853515625,551.797119140625,36475300,0.0,0.0,0.0
2024-07-17,558.7999877929688,560.510009765625,556.6099853515625,556.9400024414062,544.060302734375,57119000,0.0,0.0,0.0
2024-07-18,558.510009765625,559.52001953125,550.4299926757812,552.6599731445312,539.8792114257812,56270400,0.0,0.0,0.0
2024-07-19,552.4199829101562,554.0800170898438,547.9099731445312,548.989990234375,536.2940673828125,65509100,0.0,0.0,0.0
2024-07-22,553.0,555.27001953125,551.02001953125,554.6500244140625,541.8231811523438,43346700,0.0,0.0,0.0
2024-07-23,554.5399780273438,556.739990234375,553.280029296875,553.780029296875,540.9733276367188,34439600,0.0,0.0,0.0
2024-07-24,548.8599853515625,549.1699829101562,540.2899780273438,541.22998046875,528.7135620117188,74515300,0.0,0.0,0.0
2024-07-25,541.3499755859375,547.4600219726562,537.4500122070312,538.4099731445312,525.9586791992188,61158300,0.0,0.0,0.0
2024-07-26,542.280029296875,547.1900024414062,541.489990234375,544.4400024414062,531.8493041992188,53763800,0.0,0.0,0.0
2024-07-29,546.02001953125,547.0499877929688,542.719970703125,544.760009765625,532.1619262695312,39515800,0.0,0.0,0.0
2024-07-30,546.260009765625,547.3400268554688,538.52001953125,542.0,529.4656982421875,46853600,0.0,0.0,0.0
2024-07-31,548.97998046875,553.5,547.5800170898438,550.8099975585938,538.0719604492188,65663400,0.0,0.0,0.0
2024-08-01,552.5700073242188,554.8699951171875,539.4299926757812,543.010009765625,530.4524536132812,76428700,0.0,0.0,0.0
2024-08-02,535.75,536.989990234375,528.5999755859375,532.9000244140625,520.576171875,82789100,0.0,0.0,0.0
2024-08-05,511.6400146484375,523.5800170898438,510.2699890136719,517.3800048828125,505.4150695800781,146267400,0.0,0.0,0.0
2024-08-06,519.219970703125,529.75,517.8699951171875,522.1500244140625,510.0747985839844,84826300,0.0,0.0,0.0
2024-08-07,528.469970703125,531.5900268554688,518.0499877929688,518.6599731445312,506.66552734375,70698300,0.0,0.0,0.0
2024-08-08,523.9099731445312,531.2899780273438,521.8400268554688,530.6500244140625,518.3782348632812,63276600,0.0,0.0,0.0
2024-08-09,529.8099975585938,534.510009765625,528.5599975585938,532.989990234375,520.6641235351562,45619600,0.0,0.0,0.0
2024-08-12,534.2100219726562,535.72998046875,530.9500122070312,533.27001953125,520.9375610351562,42542100,0.0,0.0,0.0
2024-08-13,536.530029296875,542.280029296875,536.280029296875,542.0399780273438,529.5046997070312,52333100,0.0,0.0,0.0
2024-08-14,542.8499755859375,544.9600219726562,540.1199951171875,543.75,531.1752319335938,42446900,0.0,0.0,0.0
2024-08-15,549.5,553.3599853515625,548.8800048828125,553.0700073242188,540.2796630859375,60846800,0.0,0.0,0.0
2024-08-16,551.4199829101562,555.02001953125,551.260009765625,554.3099975585938,541.4910278320312,44430700,0.0,0.0,0.0
2024-08-19,554.72998046875,559.6099853515625,553.8599853515625,559.6099853515625,546.6685180664062,39121800,0.0,0.0,0.0
2024-08-20,559.1500244140625,560.8400268554688,557.3300170898438,558.7000122070312,545.779541015625,33732300,0.0,0.0,0.0
2024-08-21,559.77001953125,562.1099853515625,554.72998046875,560.6199951171875,547.6550903320312,41514600,0.0,0.0,0.0
2024-08-22,562.5599975585938,563.1799926757812,554.97998046875,556.219970703125,543.3568725585938,56121500,0.0,0.0,0.0
2024-08-23,559.530029296875,563.0900268554688,557.2899780273438,562.1300048828125,549.1301879882812,50639400,0.0,0.0,0.0
2024-08-26,563.1799926757812,563.9099731445312,559.0499877929688,560.7899780273438,547.8212280273438,35788600,0.0,0.0,0.0
2024-08-27,559.489990234375,562.0599975585938,558.3200073242188,561.5599975585938,548.5733642578125,32693900,0.0,0.0,0.0
2024-08-28,561.2100219726562,561.6500244140625,555.0399780273438,558.2999877929688,545.3887939453125,41066000,0.0,0.0,0.0
2024-08-29,560.3099975585938,563.6799926757812,557.1799926757812,558.3499755859375,545.4375610351562,38715200,0.0,0.0,0.0
2024-08-30,560.77001953125,564.2000122070312,557.1400146484375,563.6799926757812,550.6444091796875,62700100,0.0,0.0,0.0
2024-09-03,560.469970703125,560.8099975585938,549.510009765625,552.0800170898438,539.3126220703125,60600100,0.0,0.0,0.0
2024-09-04,550.2000122070312,554.4299926757812,549.4600219726562,550.9500122070312,538.2088623046875,47224900,0.0,0.0,0.0
2024-09-05,550.8900146484375,553.7999877929688,547.0999755859375,549.6099853515625,536.8997802734375,44264300,0.0,0.0,0.0
2024-09-06,549.9400024414062,551.5999755859375,539.4400024414062,540.3599853515625,527.8635864257812,68493800,0.0,0.0,0.0
2024-09-09,544.6500244140625,547.7100219726562,542.6799926757812,546.4099731445312,533.773681640625,40445800,0.0,0.0,0.0
2024-09-10,548.3599853515625,549.1500244140625,543.3800048828125,548.7899780273438,536.0987548828125,36394600,0.0,0.0,0.0
2024-09-11,548.7000122070312,555.3599853515625,539.9600219726562,554.4199829101562,541.5985107421875,75248600,0.0,0.0,0.0
2024-09-12,555.010009765625,559.4000244140625,552.739990234375,559.0900268554688,546.1605224609375,51819600,0.0,0.0,0.0
2024-09-13,559.7100219726562,563.030029296875,559.4500122070312,562.010009765625,549.0130615234375,39310500,0.0,0.0,0.0
2024-09-16,561.739990234375,563.1099853515625,559.9000244140625,562.8400268554688,549.8238525390625,36656100,0.0,0.0,0.0
2024-09-17,565.0999755859375,566.5800170898438,560.7899780273438,563.0700073242188,550.0485229492188,49321000,0.0,0.0,0.0
2024-09-18,563.739990234375,568.6900024414062,560.8300170898438,561.4000244140625,548.4171752929688,59044900,0.0,0.0,0.0
2024-09-19,571.010009765625,572.8800048828125,568.0800170898438,570.97998046875,557.7755737304688,75315500,0.0,0.0,0.0
2024-09-20,567.8400268554688,569.3099975585938,565.1699829101562,568.25,556.8114013671875,77503100,1.746,0.0,0.0
2024-09-23,569.3400268554688,570.3300170898438,568.0999755859375,569.6699829101562,558.2027587890625,44116900,0.0,0.0,0.0
2024-09-24,570.47998046875,571.3599853515625,567.5999755859375,571.2999877929688,559.7999267578125,46805700,0.0,0.0,0.0
2024-09-25,571.1400146484375,571.8900146484375,568.9099731445312,570.0399780273438,558.5652465820312,38428600,0.0,0.0,0.0
2024-09-26,574.3800048828125,574.7100219726562,569.9000244140625,572.2999877929688,560.7799072265625,48336000,0.0,0.0,0.0
2024-09-27,573.3900146484375,574.219970703125,570.4199829101562,571.469970703125,559.9664306640625,42100900,0.0,0.0,0.0
2024-09-30,570.4199829101562,574.3800048828125,568.0800170898438,573.760009765625,562.2105102539062,63557400,0.0,0.0,0.0
2024-10-01,573.4000244140625,574.0599975585938,566.0,568.6199951171875,557.1738891601562,72668800,0.0,0.0,0.0
2024-10-02,567.7100219726562,569.9000244140625,565.27001953125,568.8599853515625,557.4090576171875,38097800,0.0,0.0,0.0
2024-10-03,567.3599853515625,569.7999877929688,565.489990234375,567.8200073242188,556.3899536132812,40846500,0.0,0.0,0.0
2024-10-04,572.3499755859375,573.3599853515625,568.0999755859375,572.97998046875,561.4461669921875,42939100,0.0,0.0,0.0
2024-10-07,571.2999877929688,571.9600219726562,566.6300048828125,567.7999877929688,556.370361328125,49964700,0.0,0.0,0.0
2024-10-08,570.4199829101562,573.780029296875,569.530029296875,573.1699829101562,561.6323852539062,37398700,0.0,0.0,0.0
2024-10-09,573.1599731445312,577.7100219726562,572.5499877929688,577.1400146484375,565.5223999023438,37912200,0.0,0.0,0.0
2024-10-10,575.77001953125,577.5800170898438,574.489990234375,576.1300048828125,564.53271484375,44138100,0.0,0.0,0.0
2024-10-11,576.0499877929688,580.3300170898438,575.9099731445312,579.5800170898438,567.913330078125,42268000,0.0,0.0,0.0
2024-10-14,581.219970703125,585.27001953125,580.72998046875,584.3200073242188,572.557861328125,36217200,0.0,0.0,0.0
2024-10-15,584.5900268554688,584.9000244140625,578.5399780273438,579.780029296875,568.1093139648438,54203600,0.0,0.0,0.0
2024-10-16,579.780029296875,582.8300170898438,578.9600219726562,582.2999877929688,570.5785522460938,30725400,0.0,0.0,0.0
2024-10-17,585.9099731445312,586.1199951171875,582.1599731445312,582.3499755859375,570.6275024414062,34393700,0.0,0.0,0.0
2024-10-18,584.0700073242188,585.3900146484375,582.5800170898438,584.5900268554688,572.8224487304688,37416800,0.0,0.0,0.0
2024-10-21,583.8499755859375,584.8499755859375,580.5999755859375,583.6300048828125,571.8817138671875,36439000,0.0,0.0,0.0
2024-10-22,581.0499877929688,584.5,580.3800048828125,583.3200073242188,571.5779418945312,34183800,0.0,0.0,0.0
2024-10-23,581.260009765625,581.7100219726562,574.4199829101562,577.989990234375,566.3552856445312,49314600,0.0,0.0,0.0
2024-10-24,579.97998046875,580.0599975585938,576.5700073242188,579.239990234375,567.580078125,34979900,0.0,0.0,0.0
2024-10-25,581.510009765625,584.4600219726562,578.0800170898438,579.0399780273438,567.3840942382812,47268200,0.0,0.0,0.0
2024-10-28,582.5800170898438,582.7100219726562,580.52001953125,580.8300170898438,569.1381225585938,30174700,0.0,0.0,0.0
2024-10-29,579.8499755859375,582.9099731445312,578.4299926757812,581.77001953125,570.0592651367188,42899700,0.0,0.0,0.0
2024-10-30,581.2899780273438,583.3200073242188,579.2899780273438,580.010009765625,568.3346557617188,41435800,0.0,0.0,0.0
2024-10-31,575.5599975585938,575.6300048828125,568.4400024414062,568.6400146484375,557.193603515625,60182500,0.0,0.0,0.0
2024-11-01,571.3200073242188,575.5499877929688,570.6199951171875,571.0399780273438,559.545166015625,45667500,0.0,0.0,0.0
2024-11-04,571.1799926757812,572.5,567.8900146484375,569.8099975585938,558.3399047851562,38217000,0.0,0.0,0.0
2024-11-05,570.739990234375,576.739990234375,570.52001953125,576.7000122070312,565.0912475585938,39478300,0.0,0.0,0.0
2024-11-06,589.2000122070312,591.9299926757812,585.3900146484375,591.0399780273438,579.142578125,68182000,0.0,0.0,0.0
2024-11-07,593.0800170898438,596.6500244140625,593.0,595.6099853515625,583.62060546875,47233200,0.0,0.0,0.0
2024-11-08,596.1699829101562,599.6400146484375,596.1699829101562,598.1900024414062,586.1487426757812,46444900,0.0,0.0,0.0
2024-11-11,599.8099975585938,600.1699829101562,597.0,598.760009765625,586.707275390625,37586800,0.0,0.0,0.0
2024-11-12,598.6799926757812,599.2899780273438,594.3699951171875,596.9000244140625,584.8846435546875,43006100,0.0,0.0,0.0
2024-11-13,597.3699951171875,599.22998046875,594.9600219726562,597.1900024414062,585.1688842773438,47388600,0.0,0.0,0.0
2024-11-14,597.3200073242188,597.8099975585938,592.6500244140625,593.3499755859375,581.4060668945312,38904100,0.0,0.0,0.0
2024-11-15,589.719970703125,590.2000122070312,583.8599853515625,585.75,573.9591064453125,75988800,0.0,0.0,0.0
2024-11-18,586.219970703125,589.489990234375,585.3400268554688,588.1500244140625,576.310791015625,37001700,0.0,0.0,0.0
2024-11-19,584.7100219726562,591.0399780273438,584.030029296875,590.2999877929688,578.4174194335938,49412000,0.0,0.0,0.0
2024-11-20,590.3800048828125,590.7899780273438,584.6300048828125,590.5,578.613525390625,50032600,0.0,0.0,0.0
2024-11-21,593.4000244140625,595.1199951171875,587.4500122070312,593.6699829101562,581.7196655273438,46750300,0.0,0.0,0.0
2024-11-22,593.6599731445312,596.1500244140625,593.1500244140625,595.510009765625,583.5226440429688,38226400,0.0,0.0,0.0
2024-11-25,599.52001953125,600.8599853515625,595.2000122070312,597.530029296875,585.5018920898438,42441400,0.0,0.0,0.0
2024-11-26,598.7999877929688,601.3300170898438,598.0700073242188,600.6500244140625,588.55908203125,45621300,0.0,0.0,0.0
2024-11-27,600.4600219726562,600.8499755859375,597.280029296875,598.8300170898438,586.7757568359375,34000200,0.0,0.0,0.0
2024-11-29,599.6599731445312,603.3499755859375,599.3800048828125,602.5499877929688,590.4209594726562,30177400,0.0,0.0,0.0
2024-12-02,602.969970703125,604.3200073242188,602.469970703125,603.6300048828125,591.4791870117188,31746000,0.0,0.0,0.0
2024-12-03,603.3900146484375,604.1599731445312,602.3400268554688,603.9099731445312,591.7534790039062,26906600,0.0,0.0,0.0
2024-12-04,605.6300048828125,607.9099731445312,604.9500122070312,607.6599731445312,595.427978515625,42787600,0.0,0.0,0.0
2024-12-05,607.6599731445312,608.47998046875,606.2999877929688,606.6599731445312,594.4481811523438,28762200,0.0,0.0,0.0
2024-12-06,607.4400024414062,609.0700073242188,607.02001953125,607.8099975585938,595.574951171875,31241500,0.0,0.0,0.0
2024-12-09,607.6900024414062,607.8599853515625,604.0800170898438,604.6799926757812,592.5079956054688,34742700,0.0,0.0,0.0
2024-12-10,605.3699951171875,605.7999877929688,602.1300048828125,602.7999877929688,590.6658325195312,37234500,0.0,0.0,0.0
2024-12-11,605.780029296875,608.4299926757812,605.5,607.4600219726562,595.2320556640625,28677700,0.0,0.0,0.0
2024-12-12,606.5800170898438,607.1599731445312,604.3300170898438,604.3300170898438,592.1650390625,31543800,0.0,0.0,0.0
2024-12-13,606.4000244140625,607.1300048828125,602.8099975585938,604.2100219726562,592.0475463867188,35904700,0.0,0.0,0.0
2024-12-16,606.0,607.780029296875,605.2100219726562,606.7899780273438,594.5755004882812,43695200,0.0,0.0,0.0
2024-12-17,604.1900024414062,605.1699829101562,602.8900146484375,604.2899780273438,592.1258544921875,55773500,0.0,0.0,0.0
2024-12-18,603.97998046875,606.4099731445312,585.8900146484375,586.280029296875,574.4784545898438,108248700,0.0,0.0,0.0
2024-12-19,591.3599853515625,593.0,585.8499755859375,586.0999755859375,574.3020629882812,85919500,0.0,0.0,0.0
2024-12-20,581.77001953125,595.75,580.9099731445312,591.1500244140625,581.1998901367188,125716700,1.966,0.0,0.0
2024-12-23,590.8900146484375,595.2999877929688,587.6599731445312,594.6900024414062,584.6803588867188,57635800,0.0,0.0,0.0
2024-12-24,596.0599975585938,601.3400268554688,595.469970703125,601.2999877929688,591.1791381835938,33160100,0.0,0.0,0.0
2024-12-26,599.5,602.47998046875,598.0800170898438,601.3400268554688,591.2184448242188,41219100,0.0,0.0,0.0
2024-12-27,597.5399780273438,597.780029296875,590.760009765625,595.010009765625,584.9949951171875,64969300,0.0,0.0,0.0
2024-12-30,587.8900146484375,591.739990234375,584.4099731445312,588.219970703125,578.3192749023438,56578800,0.0,0.0,0.0
2024-12-31,589.9099731445312,590.6400146484375,584.4199829101562,586.0800170898438,576.21533203125,57052700,0.0,0.0,0.0
2025-01-02,589.3900146484375,591.1300048828125,580.5,584.6400146484375,574.799560546875,50204000,0.0,0.0,0.0
2025-01-03,587.530029296875,592.5999755859375,586.4299926757812,591.9500122070312,581.9864501953125,37888500,0.0,0.0,0.0
2025-01-06,596.27001953125,599.7000122070312,593.5999755859375,595.3599853515625,585.3390502929688,47679400,0.0,0.0,0.0
2025-01-07,597.4199829101562,597.75,586.780029296875,588.6300048828125,578.722412109375,60393100,0.0,0.0,0.0
2025-01-08,588.7000122070312,590.5800170898438,585.2000122070312,589.489990234375,579.5678100585938,47304700,0.0,0.0,0.0
2025-01-10,585.8800048828125,585.9500122070312,578.5499877929688,580.489990234375,570.7193603515625,73105000,0.0,0.0,0.0
2025-01-13,575.77001953125,581.75,575.3499755859375,581.3900146484375,571.6041870117188,47910100,0.0,0.0,0.0
2025-01-14,584.3599853515625,585.0,578.3499755859375,582.1900024414062,572.3908081054688,48420600,0.0,0.0,0.0
2025-01-15,590.3300170898438,593.9400024414062,589.2000122070312,592.780029296875,582.8025512695312,56900200,0.0,0.0,0.0
2025-01-16,594.1699829101562,594.3499755859375,590.9299926757812,591.6400146484375,581.6817016601562,43319700,0.0,0.0,0.0
2025-01-17,596.9600219726562,599.3599853515625,595.6099853515625,597.5800170898438,587.521728515625,58070600,0.0,0.0,0.0
2025-01-21,600.6699829101562,603.0599975585938,598.6699829101562,603.0499877929688,592.8995971679688,42532900,0.0,0.0,0.0
2025-01-22,605.9199829101562,607.8200073242188,605.3599853515625,606.4400024414062,596.2326049804688,48196000,0.0,0.0,0.0
2025-01-23,605.7999877929688,609.75,605.52001953125,609.75,599.4868774414062,41152100,0.0,0.0,0.0
2025-01-24,609.8099975585938,610.780029296875,606.7999877929688,607.969970703125,597.7367553710938,34604700,0.0,0.0,0.0
2025-01-27,594.8099975585938,599.6900024414062,594.6400146484375,599.3699951171875,589.2815551757812,70361100,0.0,0.0,0.0
2025-01-28,600.6199951171875,605.3699951171875,597.25,604.52001953125,594.3450317382812,44433300,0.0,0.0,0.0
2025-01-29,603.719970703125,604.1300048828125,599.219970703125,601.8099975585938,591.6804809570312,37177400,0.0,0.0,0.0
2025-01-30,603.9600219726562,606.5999755859375,600.719970703125,605.0399780273438,594.8561401367188,39281300,0.0,0.0,0.0
2025-01-31,607.5,609.9600219726562,601.0499877929688,601.8200073242188,591.6903686523438,66566900,0.0,0.0,0.0
2025-02-03,592.6699829101562,600.2899780273438,590.489990234375,597.77001953125,587.70849609375,65857200,0.0,0.0,0.0
2025-02-04,597.8300170898438,602.2999877929688,597.280029296875,601.780029296875,591.6510009765625,33457800,0.0,0.0,0.0
2025-02-05,600.6400146484375,604.3699951171875,598.5800170898438,604.219970703125,594.0498657226562,30653100,0.0,0.0,0.0
2025-02-06,605.989990234375,606.4500122070312,602.6300048828125,606.3200073242188,596.114501953125,35771500,0.0,0.0,0.0
2025-02-07,606.8900146484375,608.1300048828125,600.0499877929688,600.77001953125,590.6580200195312,50788500,0.0,0.0,0.0
2025-02-10,604.030029296875,605.5,602.739990234375,604.8499755859375,594.6693115234375,26048700,0.0,0.0,0.0
2025-02-11,602.5499877929688,605.8599853515625,602.4299926757812,605.3099975585938,595.1216430664062,30056700,0.0,0.0,0.0
2025-02-12,599.2000122070312,604.5499877929688,598.510009765625,603.3599853515625,593.2044067382812,45076100,0.0,0.0,0.0
2025-02-13,604.47998046875,609.9400024414062,603.2000122070312,609.72998046875,599.4672241210938,40921300,0.0,0.0,0.0
2025-02-14,609.9400024414062,610.989990234375,609.0700073242188,609.7000122070312,599.4376831054688,26910400,0.0,0.0,0.0
2025-02-18,610.8800048828125,611.489990234375,608.3800048828125,611.489990234375,601.1975708007812,26749000,0.0,0.0,0.0
2025-02-19,610.0800170898438,613.22998046875,609.5599975585938,612.9299926757812,602.6133422851562,31011100,0.0,0.0,0.0
2025-02-20,611.5399780273438,611.6799926757812,607.02001953125,610.3800048828125,600.1063232421875,36554000,0.0,0.0,0.0
2025-02-21,610.1599731445312,610.2999877929688,599.469970703125,599.9400024414062,589.8421020507812,76519800,0.0,0.0,0.0
2025-02-24,602.02001953125,603.030029296875,596.489990234375,597.2100219726562,587.1580200195312,50737200,0.0,0.0,0.0
2025-02-25,597.1500244140625,597.8900146484375,589.5599975585938,594.239990234375,584.2379150390625,58266500,0.0,0.0,0.0
2025-02-26,595.9299926757812,599.5800170898438,591.8599853515625,594.5399780273438,584.5328979492188,43321600,0.0,0.0,0.0
2025-02-27,596.8499755859375,598.02001953125,584.6500244140625,585.0499877929688,575.20263671875,74196700,0.0,0.0,0.0
2025-02-28,585.5599975585938,594.719970703125,582.4400024414062,594.1799926757812,584.1790161132812,88744100,0.0,0.0,0.0
2025-03-03,596.1799926757812,597.3400268554688,579.9000244140625,583.77001953125,573.9441528320312,74249200,0.0,0.0,0.0
2025-03-04,579.7100219726562,585.3900146484375,572.25,576.8599853515625,567.1504516601562,109648200,0.0,0.0,0.0
2025-03-05,576.6900024414062,584.8800048828125,573.0800170898438,583.0599975585938,573.2460327148438,71230500,0.0,0.0,0.0
2025-03-06,575.47998046875,580.1699829101562,570.1199951171875,572.7100219726562,563.0703125,80094900,0.0,0.0,0.0
2025-03-07,570.9000244140625,577.3900146484375,565.6300048828125,575.9199829101562,566.2261962890625,81158800,0.0,0.0,0.0
2025-03-10,567.5900268554688,569.5399780273438,555.5900268554688,560.5800170898438,551.1444702148438,99326600,0.0,0.0,0.0
2025-03-11,559.4000244140625,564.02001953125,552.02001953125,555.9199829101562,546.5629272460938,88102100,0.0,0.0,0.0
2025-03-12,562.1699829101562,563.1099853515625,553.6900024414062,558.8699951171875,549.4633178710938,69588200,0.0,0.0,0.0
2025-03-13,558.489990234375,559.1099853515625,549.6799926757812,551.4199829101562,542.138671875,74079400,0.0,0.0,0.0
2025-03-14,556.1099853515625,563.8300170898438,551.489990234375,562.8099975585938,553.3369140625,62660300,0.0,0.0,0.0
2025-03-17,562.7899780273438,569.7100219726562,562.3499755859375,567.1500244140625,557.6038818359375,49008700,0.0,0.0,0.0
2025-03-18,564.7999877929688,565.02001953125,559.0599975585938,561.02001953125,551.5770874023438,66041400,0.0,0.0,0.0
2025-03-19,562.8300170898438,570.9500122070312,561.6300048828125,567.1300048828125,557.584228515625,66556000,0.0,0.0,0.0
2025-03-20,563.3300170898438,570.5700073242188,562.5999755859375,565.489990234375,555.971923828125,62958200,0.0,0.0,0.0
2025-03-21,559.280029296875,564.8900146484375,558.030029296875,563.97998046875,556.1552734375,83763000,1.696,0.0,0.0
2025-03-24,570.7999877929688,575.1500244140625,570.2000122070312,574.0800170898438,566.1151733398438,58766800,0.0,0.0,0.0
2025-03-25,575.2999877929688,576.4099731445312,573.6900024414062,575.4600219726562,567.4760131835938,38355700,0.0,0.0,0.0
2025-03-26,575.1900024414062,576.3300170898438,567.1900024414062,568.5900268554688,560.7012939453125,51848300,0.0,0.0,0.0
2025-03-27,567.1799926757812,570.9000244140625,564.9400024414062,567.0800170898438,559.2122802734375,42164200,0.0,0.0,0.0
2025-03-28,565.530029296875,566.27001953125,555.0700073242188,555.6599731445312,547.95068359375,71662700,0.0,0.0,0.0
2025-03-31,549.8300170898438,560.7100219726562,546.8699951171875,559.3900146484375,551.62890625,95328200,0.0,0.0,0.0
2025-04-01,557.4500122070312,562.9400024414062,553.6799926757812,560.969970703125,553.1869506835938,54609600,0.0,0.0,0.0
2025-04-02,555.0499877929688,567.4199829101562,554.8099975585938,564.52001953125,556.687744140625,76014500,0.0,0.0,0.0
2025-04-03,545.1099853515625,547.969970703125,536.7000122070312,536.7000122070312,529.2537841796875,125986000,0.0,0.0,0.0
2025-04-04,523.6699829101562,525.8699951171875,505.05999755859375,505.2799987792969,498.2696533203125,217965100,0.0,0.0,0.0
2025-04-07,489.19000244140625,523.1699829101562,481.79998779296875,504.3800048828125,497.3821716308594,256611400,0.0,0.0,0.0
2025-04-08,521.8599853515625,524.97998046875,489.1600036621094,496.4800109863281,489.5917663574219,165816600,0.0,0.0,0.0
2025-04-09,493.44000244140625,548.6199951171875,493.04998779296875,548.6199951171875,541.0084228515625,241867300,0.0,0.0,0.0
2025-04-10,532.1699829101562,533.5,509.32000732421875,524.5800170898438,517.3019409179688,162331200,0.0,0.0,0.0
2025-04-11,523.010009765625,536.4299926757812,520.0700073242188,533.9400024414062,526.5321044921875,97866300,0.0,0.0,0.0
2025-04-14,544.0499877929688,544.280029296875,533.8599853515625,539.1199951171875,531.6401977539062,68034000,0.0,0.0,0.0
2025-04-15,539.6699829101562,543.22998046875,536.8099975585938,537.6099853515625,530.151123046875,56892900,0.0,0.0,0.0
2025-04-16,531.6799926757812,537.8900146484375,520.2899780273438,525.6599731445312,518.366943359375,83484800,0.0,0.0,0.0
2025-04-17,527.6400146484375,531.1699829101562,523.9099731445312,526.4099731445312,519.1065063476562,79868100,0.0,0.0,0.0
2025-04-21,521.1599731445312,521.7000122070312,508.4599914550781,513.8800048828125,506.7503356933594,69368100,0.0,0.0,0.0
2025-04-22,520.1400146484375,529.2999877929688,519.1900024414062,527.25,519.9348754882812,75948100,0.0,0.0,0.0
2025-04-23,540.4299926757812,545.4299926757812,533.8800048828125,535.4199829101562,527.9915161132812,90590700,0.0,0.0,0.0
2025-04-24,536.719970703125,547.4299926757812,535.4500122070312,546.6900024414062,539.1051635742188,64150400,0.0,0.0,0.0
2025-04-25,546.6500244140625,551.0499877929688,543.6900024414062,550.6400146484375,543.0004272460938,61119600,0.0,0.0,0.0
2025-04-28,551.3900146484375,553.5499877929688,545.02001953125,550.8499755859375,543.2074584960938,47613800,0.0,0.0,0.0
2025-04-29,548.9099731445312,555.4500122070312,548.5499877929688,554.3200073242188,546.6292724609375,47775100,0.0,0.0,0.0
2025-04-30,547.5700073242188,556.52001953125,541.52001953125,554.5399780273438,546.84619140625,93101500,0.0,0.0,0.0
2025-05-01,560.3699951171875,564.0700073242188,557.8599853515625,558.469970703125,550.7217407226562,63186100,0.0,0.0,0.0
2025-05-02,564.72998046875,568.3800048828125,562.3800048828125,566.760009765625,558.8966674804688,60717300,0.0,0.0,0.0
2025-05-05,562.5700073242188,566.6500244140625,561.7000122070312,563.510009765625,555.6917114257812,38659200,0.0,0.0,0.0
2025-05-06,557.9299926757812,563.3499755859375,556.9600219726562,558.7999877929688,551.0471801757812,48264700,0.0,0.0,0.0
2025-05-07,560.1500244140625,563.8200073242188,556.0399780273438,561.1500244140625,553.3646240234375,55588000,0.0,0.0,0.0
2025-05-08,565.239990234375,570.3099975585938,561.7000122070312,565.0599975585938,557.2202758789062,65130800,0.0,0.0,0.0
2025-05-09,566.47998046875,567.5,562.760009765625,564.3400268554688,556.5103759765625,37603400,0.0,0.0,0.0
2025-05-12,581.469970703125,583.0,577.0399780273438,582.989990234375,574.9015502929688,78993600,0.0,0.0,0.0
2025-05-13,583.4099731445312,589.0800170898438,582.8400268554688,586.8400268554688,578.6981201171875,67947200,0.0,0.0,0.0
2025-05-14,587.8099975585938,588.97998046875,585.5399780273438,587.5900268554688,579.437744140625,66283500,0.0,0.0,0.0
2025-05-15,585.5599975585938,590.969970703125,585.0999755859375,590.4600219726562,582.2678833007812,71268100,0.0,0.0,0.0
2025-05-16,591.25,594.5,589.280029296875,594.2000122070312,585.9559936523438,76052100,0.0,0.0,0.0
2025-05-19,588.0999755859375,595.5399780273438,588.0999755859375,594.8499755859375,586.5969848632812,68168500,0.0,0.0,0.0
2025-05-20,593.0900268554688,594.0499877929688,589.5999755859375,592.8499755859375,584.6246948242188,60614500,0.0,0.0,0.0
2025-05-21,588.4400024414062,592.5800170898438,581.8200073242188,582.8599853515625,574.7733154296875,95197700,0.0,0.0,0.0
2025-05-22,582.6599731445312,586.6199951171875,581.4099731445312,583.0900268554688,575.0001220703125,70860400,0.0,0.0,0.0
2025-05-23,575.97998046875,581.8099975585938,575.5999755859375,579.1099853515625,571.0753784179688,76029000,0.0,0.0,0.0
2025-05-27,586.0700073242188,591.3099975585938,578.4299926757812,591.1500244140625,582.9483642578125,72588500,0.0,0.0,0.0
2025-05-28,591.5599975585938,592.77001953125,586.989990234375,587.72998046875,579.5757446289062,68445500,0.0,0.0,0.0
2025-05-29,593.0599975585938,593.2000122070312,586.0700073242188,590.0499877929688,581.8635864257812,69973300,0.0,0.0,0.0
2025-05-30,588.9299926757812,591.1300048828125,583.239990234375,589.3900146484375,581.2127685546875,90601200,0.0,0.0,0.0
2025-06-02,587.760009765625,592.7899780273438,585.0599975585938,592.7100219726562,584.4867553710938,61630500,0.0,0.0,0.0
2025-06-03,592.3400268554688,597.0800170898438,591.8499755859375,596.0900268554688,587.8197631835938,63606200,0.0,0.0,0.0
2025-06-04,596.9600219726562,597.9500122070312,595.489990234375,595.9299926757812,587.6619262695312,57314200,0.0,0.0,0.0
2025-06-05,597.6300048828125,599.0,591.0499877929688,593.0499877929688,584.8218994140625,92278700,0.0,0.0,0.0
2025-06-06,598.6599731445312,600.8300170898438,596.8599853515625,599.1400146484375,590.8274536132812,66588700,0.0,0.0,0.0
2025-06-09,599.719970703125,601.25,598.489990234375,599.6799926757812,591.3599243164062,53016400,0.0,0.0,0.0
2025-06-10,600.219970703125,603.469970703125,599.0900268554688,603.0800170898438,594.7128295898438,66247000,0.0,0.0,0.0
2025-06-11,604.1900024414062,605.0599975585938,599.27001953125,601.3599853515625,593.0166015625,73658200,0.0,0.0,0.0
2025-06-12,600.010009765625,603.75,599.52001953125,603.75,595.3734130859375,64129000,0.0,0.0,0.0
2025-06-13,598.5,601.8499755859375,595.47998046875,597.0,588.7171020507812,89506000,0.0,0.0,0.0
2025-06-16,600.4000244140625,604.4500122070312,600.219970703125,602.6799926757812,594.318359375,79984100,0.0,0.0,0.0
2025-06-17,600.2100219726562,601.75,596.760009765625,597.530029296875,589.2398071289062,82209400,0.0,0.0,0.0
2025-06-18,598.4400024414062,601.219970703125,596.469970703125,597.4400024414062,589.1510620117188,76605000,0.0,0.0,0.0
2025-06-20,598.3800048828125,599.4600219726562,592.8599853515625,594.280029296875,587.7673950195312,94051400,1.761,0.0,0.0
2025-06-23,595.0399780273438,600.5399780273438,591.8900146484375,600.1500244140625,593.572998046875,87426000,0.0,0.0,0.0
2025-06-24,604.3300170898438,607.8499755859375,603.4099731445312,606.780029296875,600.1304321289062,67735300,0.0,0.0,0.0
2025-06-25,607.9099731445312,608.6099853515625,605.5399780273438,607.1199951171875,600.4667358398438,62114800,0.0,0.0,0.0
2025-06-26,608.989990234375,612.3099975585938,608.3699951171875,611.8699951171875,605.1646118164062,78548400,0.0,0.0,0.0
2025-06-27,612.8800048828125,616.3900146484375,610.8300170898438,614.9099731445312,608.1713256835938,86258400,0.0,0.0,0.0
2025-06-30,617.3800048828125,619.219970703125,615.0399780273438,617.8499755859375,611.0791015625,92502500,0.0,0.0,0.0
2025-07-01,616.3599853515625,618.8300170898438,615.52001953125,617.6500244140625,610.8812255859375,70030100,0.0,0.0,0.0
2025-07-02,617.239990234375,620.489990234375,616.6099853515625,620.4500122070312,613.6505737304688,66510400,0.0,0.0,0.0
2025-07-03,622.4500122070312,626.280029296875,622.4299926757812,625.3400268554688,618.4869995117188,51065800,0.0,0.0,0.0
2025-07-07,623.3599853515625,624.030029296875,617.8699951171875,620.6799926757812,613.8780517578125,74814500,0.0,0.0,0.0
2025-07-08,621.3499755859375,622.1099853515625,619.52001953125,620.3400268554688,613.5418701171875,59024600,0.0,0.0,0.0
2025-07-09,622.77001953125,624.719970703125,620.9099731445312,624.0599975585938,617.220947265625,66113300,0.0,0.0,0.0
2025-07-10,624.2000122070312,626.8699951171875,623.010009765625,625.8200073242188,618.9617309570312,57529000,0.0,0.0,0.0
2025-07-11,622.739990234375,624.8599853515625,621.530029296875,623.6199951171875,616.7857666015625,63670200,0.0,0.0,0.0
2025-07-14,623.1599731445312,625.1599731445312,621.7999877929688,624.8099975585938,617.9627685546875,51898500,0.0,0.0,0.0
2025-07-15,627.52001953125,627.8599853515625,622.0599975585938,622.1400146484375,615.322021484375,74317300,0.0,0.0,0.0
2025-07-16,623.739990234375,624.72998046875,618.0499877929688,624.219970703125,617.3792724609375,88987500,0.0,0.0,0.0
2025-07-17,624.4000244140625,628.4000244140625,624.1799926757812,628.0399780273438,621.1573486328125,68885700,0.0,0.0,0.0
2025-07-18,629.2999877929688,629.469970703125,626.4600219726562,627.5800170898438,620.7025146484375,65621600,0.0,0.0,0.0
2025-07-21,628.77001953125,631.5399780273438,628.3400268554688,628.77001953125,621.8794555664062,63375000,0.0,0.0,0.0
2025-07-22,629.0999755859375,629.72998046875,626.1900024414062,628.8599853515625,621.9684448242188,60046300,0.0,0.0,0.0
2025-07-23,631.5499877929688,634.2100219726562,629.72998046875,634.2100219726562,627.259765625,70511000,0.0,0.0,0.0
2025-07-24,634.5999755859375,636.1500244140625,633.989990234375,634.4199829101562,627.4674072265625,71307100,0.0,0.0,0.0
2025-07-25,635.0900268554688,637.5800170898438,634.8400268554688,637.0999755859375,630.1181030273438,56865400,0.0,0.0,0.0
2025-07-28,637.47998046875,638.0399780273438,635.5399780273438,636.9400024414062,629.9598999023438,54917100,0.0,0.0,0.0
2025-07-29,638.3499755859375,638.6699829101562,634.3400268554688,635.260009765625,628.2982788085938,60556300,0.0,0.0,0.0
2025-07-30,635.9199829101562,637.6799926757812,631.5399780273438,634.4600219726562,627.5070190429688,80418900,0.0,0.0,0.0
2025-07-31,639.4600219726562,639.8499755859375,630.77001953125,632.0800170898438,625.1531372070312,103385200,0.0,0.0,0.0
2025-08-01,626.2999877929688,626.3400268554688,619.2899780273438,621.719970703125,614.9066162109375,140103600,0.0,0.0,0.0
2025-08-04,625.6699829101562,631.219970703125,625.5800170898438,631.1699829101562,624.2530517578125,73218000,0.0,0.0,0.0
2025-08-05,631.7899780273438,632.6099853515625,627.0399780273438,627.969970703125,621.0880737304688,68051400,0.0,0.0,0.0
2025-08-06,629.0499877929688,633.4400024414062,628.1300048828125,632.780029296875,625.845458984375,64357500,0.0,0.0,0.0
2025-08-07,636.239990234375,636.97998046875,629.1099853515625,632.25,625.3211669921875,74205800,0.0,0.0,0.0
2025-08-08,634.0599975585938,637.6500244140625,633.739990234375,637.1799926757812,630.197265625,64051600,0.0,0.0,0.0
2025-08-11,637.4600219726562,638.9500122070312,634.6599731445312,635.9199829101562,628.9509887695312,58742300,0.0,0.0,0.0
2025-08-12,638.2899780273438,642.8499755859375,636.7899780273438,642.6900024414062,635.6468505859375,64730800,0.0,0.0,0.0
2025-08-13,644.9099731445312,646.1900024414062,642.6799926757812,644.8900146484375,637.82275390625,60092800,0.0,0.0,0.0
2025-08-14,642.7899780273438,645.6199951171875,642.3400268554688,644.9500122070312,637.882080078125,59327500,0.0,0.0,0.0
2025-08-15,645.989990234375,646.0900268554688,642.52001953125,643.4400024414062,636.388671875,68592500,0.0,0.0,0.0
2025-08-18,642.8599853515625,644.0,642.1799926757812,643.2999877929688,636.2501831054688,43804900,0.0,0.0,0.0
2025-08-19,643.1199951171875,644.1099853515625,638.47998046875,639.8099975585938,632.7984008789062,69750700,0.0,0.0,0.0
2025-08-20,639.4000244140625,639.6599731445312,632.9500122070312,638.1099853515625,631.1170043945312,88890300,0.0,0.0,0.0
2025-08-21,636.280029296875,637.969970703125,633.8099975585938,635.5499877929688,628.5850830078125,54805800,0.0,0.0,0.0
2025-08-22,637.760009765625,646.5,637.25,645.3099975585938,638.2381591796875,84083200,0.0,0.0,0.0
2025-08-25,644.0399780273438,645.2899780273438,642.3499755859375,642.469970703125,635.42919921875,51274300,0.0,0.0,0.0
2025-08-26,642.2000122070312,645.510009765625,641.5700073242188,645.1599731445312,638.0897216796875,51581600,0.0,0.0,0.0
2025-08-27,644.5700073242188,647.3699951171875,644.4199829101562,646.6300048828125,639.543701171875,48341100,0.0,0.0,0.0
2025-08-28,647.239990234375,649.47998046875,645.3400268554688,648.9199829101562,641.8085327148438,61519500,0.0,0.0,0.0
2025-08-29,647.469970703125,647.8400268554688,643.1400146484375,645.0499877929688,637.98095703125,74522200,0.0,0.0,0.0
2025-09-02,637.5,640.489990234375,634.9199829101562,640.27001953125,633.2533569335938,81983500,0.0,0.0,0.0
2025-09-03,642.6699829101562,644.2100219726562,640.4600219726562,643.739990234375,636.685302734375,70820900,0.0,0.0,0.0
2025-09-04,644.4199829101562,649.1500244140625,643.510009765625,649.1199951171875,642.00634765625,65219200,0.0,0.0,0.0
2025-09-05,651.47998046875,652.2100219726562,643.3300170898438,647.239990234375,640.1469116210938,85178900,0.0,0.0,0.0
2025-09-08,648.6199951171875,649.8400268554688,647.22998046875,648.8300170898438,641.719482421875,63133100,0.0,0.0,0.0
2025-09-09,648.969970703125,650.8599853515625,647.219970703125,650.3300170898438,643.203125,66133900,0.0,0.0,0.0
2025-09-10,653.6199951171875,654.5499877929688,650.6300048828125,652.2100219726562,645.0624389648438,78034500,0.0,0.0,0.0
2025-09-11,654.1799926757812,658.3300170898438,653.5900268554688,657.6300048828125,650.4231567382812,69934400,0.0,0.0,0.0
2025-09-12,657.5999755859375,659.1099853515625,656.9000244140625,657.4099731445312,650.20556640625,72780100,0.0,0.0,0.0
2025-09-15,659.6400146484375,661.0399780273438,659.3400268554688,660.9099731445312,653.6671142578125,63772400,0.0,0.0,0.0
2025-09-16,661.469970703125,661.780029296875,659.2100219726562,660.0,652.76708984375,61169000,0.0,0.0,0.0
2025-09-17,660.010009765625,661.719970703125,654.2999877929688,659.1799926757812,651.9561767578125,101952200,0.0,0.0,0.0
2025-09-18,661.8900146484375,664.8900146484375,660.27001953125,662.260009765625,655.0023803710938,90459200,0.0,0.0,0.0
2025-09-19,662.3300170898438,664.5499877929688,660.3699951171875,663.7000122070312,658.2465209960938,97945600,1.831,0.0,0.0
2025-09-22,662.2000122070312,667.2899780273438,662.1699829101562,666.8400268554688,661.3607177734375,69452200,0.0,0.0,0.0
2025-09-23,666.719970703125,667.3400268554688,661.97998046875,663.2100219726562,657.7605590820312,81708900,0.0,0.0,0.0
2025-09-24,664.510009765625,664.6099853515625,659.6699829101562,661.0999755859375,655.6678466796875,68082200,0.0,0.0,0.0
2025-09-25,657.9400024414062,659.4099731445312,654.4099731445312,658.0499877929688,652.6429443359375,89622100,0.0,0.0,0.0
2025-09-26,659.510009765625,662.3699951171875,657.8800048828125,661.8200073242188,656.3818969726562,69179200,0.0,0.0,0.0
2025-09-29,664.3599853515625,665.280029296875,661.8599853515625,663.6799926757812,658.2266845703125,73499000,0.0,0.0,0.0
2025-09-30,662.9299926757812,666.6500244140625,661.6099853515625,666.1799926757812,660.7060546875,86288000,0.0,0.0,0.0
2025-10-01,663.1699829101562,669.3699951171875,663.0599975585938,668.4500122070312,662.9574584960938,72545400,0.0,0.0,0.0
2025-10-02,670.4500122070312,670.5700073242188,666.780029296875,669.219970703125,663.7210693359375,56896000,0.0,0.0,0.0
2025-10-03,669.989990234375,672.6799926757812,668.1599731445312,669.2100219726562,663.7113037109375,70494400,0.0,0.0,0.0
2025-10-06,671.6199951171875,672.510009765625,669.4600219726562,671.6099853515625,666.0914916992188,54623300,0.0,0.0,0.0
2025-10-07,672.5399780273438,672.989990234375,667.6699829101562,669.1199951171875,663.6220092773438,72020100,0.0,0.0,0.0
2025-10-08,670.25,673.2100219726562,669.4199829101562,673.1099853515625,667.5791625976562,60702200,0.0,0.0,0.0
2025-10-09,673.530029296875,673.9400024414062,669.2100219726562,671.1599731445312,665.6452026367188,66501900,0.0,0.0,0.0
2025-10-10,672.1300048828125,673.9500122070312,652.8400268554688,653.02001953125,647.6542358398438,159422600,0.0,0.0,0.0
2025-10-13,660.6500244140625,665.1300048828125,659.77001953125,663.0399780273438,657.5919189453125,79560500,0.0,0.0,0.0
2025-10-14,657.1699829101562,665.8300170898438,653.1699829101562,662.22998046875,656.78857421875,88779600,0.0,0.0,0.0
2025-10-15,666.8200073242188,670.22998046875,658.9299926757812,665.1699829101562,659.7044067382812,81702600,0.0,0.0,0.0
2025-10-16,666.8200073242188,668.7100219726562,657.1099853515625,660.6400146484375,655.211669921875,110563300,0.0,0.0,0.0
2025-10-17,659.5,665.760009765625,658.1400146484375,664.3900146484375,658.9308471679688,96500900,0.0,0.0,0.0
2025-10-20,667.3200073242188,672.2100219726562,667.27001953125,671.2999877929688,665.7840576171875,60493400,0.0,0.0,0.0
2025-10-21,671.4400024414062,672.989990234375,669.97998046875,671.2899780273438,665.7741088867188,56249000,0.0,0.0,0.0
2025-10-22,672.0,672.0,663.2999877929688,667.7999877929688,662.312744140625,80564000,0.0,0.0,0.0
2025-10-23,668.1199951171875,672.7100219726562,667.7999877929688,671.760009765625,666.2402954101562,65604500,0.0,0.0,0.0
2025-10-24,676.4600219726562,678.469970703125,675.6500244140625,677.25,671.6851806640625,74356500,0.0,0.0,0.0
2025-10-27,682.72998046875,685.5399780273438,682.1199951171875,685.239990234375,679.6094970703125,63339800,0.0,0.0,0.0
2025-10-28,687.0499877929688,688.9099731445312,684.8300170898438,687.0599975585938,681.41455078125,61738100,0.0,0.0,0.0
2025-10-29,688.719970703125,689.7000122070312,682.8699951171875,687.3900146484375,681.7418212890625,85657100,0.0,0.0,0.0
2025-10-30,683.9000244140625,685.9400024414062,679.8300170898438,679.8300170898438,674.2440185546875,76335800,0.0,0.0,0.0
2025-10-31,685.0399780273438,685.0800170898438,679.239990234375,682.0599975585938,676.4556884765625,87164100,0.0,0.0,0.0
2025-11-03,685.6699829101562,685.7999877929688,679.9400024414062,683.3400268554688,677.7251586914062,57315000,0.0,0.0,0.0
2025-11-04,676.1099853515625,679.9600219726562,674.5800170898438,675.239990234375,669.691650390625,78427000,0.0,0.0,0.0
2025-11-05,674.97998046875,680.8599853515625,674.1699829101562,677.5800170898438,672.012451171875,74402400,0.0,0.0,0.0
2025-11-06,676.469970703125,677.3800048828125,668.719970703125,670.3099975585938,664.80224609375,85035300,0.0,0.0,0.0
2025-11-07,667.9099731445312,671.0800170898438,661.2100219726562,670.969970703125,665.4567260742188,100592400,0.0,0.0,0.0
2025-11-10,677.239990234375,682.1799926757812,675.030029296875,681.4400024414062,675.8406982421875,75842900,0.0,0.0,0.0
2025-11-11,679.9500122070312,683.5700073242188,678.72998046875,683.0,677.387939453125,58953400,0.0,0.0,0.0
2025-11-12,684.7899780273438,684.9600219726562,680.9500122070312,683.3800048828125,677.7647705078125,62312500,0.0,0.0,0.0
2025-11-13,680.5,680.8599853515625,670.52001953125,672.0399780273438,666.5180053710938,103457800,0.0,0.0,0.0
2025-11-14,665.3800048828125,675.6599731445312,663.27001953125,671.9299926757812,666.4088134765625,96846700,0.0,0.0,0.0
2025-11-17,669.7000122070312,673.7100219726562,662.1699829101562,665.6699829101562,660.2003173828125,90456100,0.0,0.0,0.0
2025-11-18,662.0999755859375,665.1199951171875,655.8599853515625,660.0800170898438,654.65625,114467500,0.0,0.0,0.0
2025-11-19,660.780029296875,667.3400268554688,658.75,662.6300048828125,657.185302734375,94703000,0.0,0.0,0.0
2025-11-20,672.9099731445312,675.5599975585938,651.8900146484375,652.530029296875,647.1683349609375,165293500,0.0,0.0,0.0
2025-11-21,655.0499877929688,664.5499877929688,650.8499755859375,659.030029296875,653.6148681640625,123956200,0.0,0.0,0.0
2025-11-24,662.6900024414062,670.0599975585938,661.5900268554688,668.72998046875,663.2351684570312,80437900,0.0,0.0,0.0
2025-11-25,668.6300048828125,676.2100219726562,664.47998046875,675.02001953125,669.4735107421875,81077100,0.0,0.0,0.0
2025-11-26,677.6300048828125,681.7000122070312,676.719970703125,679.6799926757812,674.09521484375,71879600,0.0,0.0,0.0
2025-11-28,680.8599853515625,683.6699829101562,680.5,683.3900146484375,677.7747192382812,49212000,0.0,0.0,0.0
2025-12-01,678.8099975585938,682.989990234375,678.739990234375,680.27001953125,674.6803588867188,61201200,0.0,0.0,0.0
2025-12-02,681.9199829101562,683.8200073242188,679.3300170898438,681.530029296875,675.9299926757812,62953800,0.0,0.0,0.0
2025-12-03,680.5700073242188,684.9099731445312,679.6900024414062,683.8900146484375,678.2706298828125,57238500,0.0,0.0,0.0
2025-12-04,685.2999877929688,685.3699951171875,681.3400268554688,684.3900146484375,678.7665405273438,61970300,0.0,0.0,0.0
2025-12-05,685.469970703125,688.3900146484375,684.5800170898438,685.6900024414062,680.0557861328125,79241000,0.0,0.0,0.0
2025-12-08,686.5900268554688,686.6400146484375,681.5700073242188,683.6300048828125,678.0127563476562,55231500,0.0,0.0,0.0
2025-12-09,683.1500244140625,685.3900146484375,682.5900268554688,683.0399780273438,677.4276123046875,58310100,0.0,0.0,0.0
2025-12-10,682.5599975585938,688.969970703125,681.3099975585938,687.5700073242188,681.9203491210938,85671300,0.0,0.0,0.0
2025-12-11,685.1400146484375,689.25,682.1699829101562,689.1699829101562,683.5072021484375,86173700,0.0,0.0,0.0
2025-12-12,688.1699829101562,688.8800048828125,679.1699829101562,681.760009765625,676.1581420898438,113160300,0.0,0.0,0.0
2025-12-15,685.739990234375,685.760009765625,679.25,680.72998046875,675.1365966796875,90811000,0.0,0.0,0.0
2025-12-16,679.22998046875,681.0800170898438,674.97998046875,678.8699951171875,673.2918701171875,122030600,0.0,0.0,0.0
2025-12-17,679.8900146484375,680.4400024414062,671.2000122070312,671.4000244140625,665.8832397460938,110625200,0.0,0.0,0.0
2025-12-18,677.5999755859375,680.739990234375,674.9000244140625,676.469970703125,670.9114990234375,108650100,0.0,0.0,0.0
2025-12-19,676.5900268554688,681.0900268554688,676.469970703125,680.5900268554688,676.9923095703125,103599500,1.993,0.0,0.0
2025-12-22,683.9400024414062,685.3599853515625,680.5900268554688,684.8300170898438,681.2098388671875,69556700,0.0,0.0,0.0
2025-12-23,683.9199829101562,688.2000122070312,683.8699951171875,687.9600219726562,684.3233032226562,64840000,0.0,0.0,0.0
2025-12-24,687.9500122070312,690.8300170898438,687.7999877929688,690.3800048828125,686.7305297851562,39445600,0.0,0.0,0.0
2025-12-26,690.6400146484375,691.6599731445312,689.27001953125,690.3099975585938,686.660888671875,41613300,0.0,0.0,0.0
2025-12-29,687.5399780273438,689.2000122070312,686.0700073242188,687.8499755859375,684.2138671875,62559500,0.0,0.0,0.0
2025-12-30,687.4500122070312,688.5599975585938,686.5800170898438,687.010009765625,683.3782958984375,47160700,0.0,0.0,0.0
2025-12-31,687.1400146484375,687.3599853515625,681.7100219726562,681.9199829101562,678.3152465820312,74144800,0.0,0.0,0.0
2026-01-02,685.7100219726562,686.8699951171875,679.8200073242188,683.1699829101562,679.55859375,89377200,0.0,0.0,0.0
2026-01-05,686.5399780273438,689.4299926757812,686.3800048828125,687.719970703125,684.0845947265625,71927200,0.0,0.0,0.0
2026-01-06,687.9299926757812,692.3200073242188,687.780029296875,691.8099975585938,688.1529541015625,69273800,0.0,0.0,0.0
2026-01-07,692.1900024414062,693.9600219726562,689.3200073242188,689.5800170898438,685.9347534179688,75588300,0.0,0.0,0.0
2026-01-08,688.8200073242188,690.6199951171875,687.489990234375,689.510009765625,685.8651123046875,64019200,0.0,0.0,0.0
2026-01-09,690.6300048828125,695.3099975585938,689.1799926757812,694.0700073242188,690.4010009765625,80125500,0.0,0.0,0.0
2026-01-12,690.6799926757812,696.0900268554688,690.6300048828125,695.1599731445312,691.4852294921875,63976000,0.0,0.0,0.0
2026-01-13,695.489990234375,696.0900268554688,691.3499755859375,693.77001953125,690.1026000976562,78309700,0.0,0.0,0.0
2026-01-14,691.0,691.719970703125,686.0399780273438,690.3599853515625,686.7105712890625,94676700,0.0,0.0,0.0
2026-01-15,694.5700073242188,695.4500122070312,691.25,692.239990234375,688.5806884765625,77862000,0.0,0.0,0.0
2026-01-16,693.6599731445312,694.25,690.0999755859375,691.6599731445312,688.0037231445312,79289200,0.0,0.0,0.0
2026-01-20,681.489990234375,684.77001953125,676.5700073242188,677.5800170898438,673.9981689453125,111623300,0.0,0.0,0.0
2026-01-21,679.6500244140625,688.739990234375,678.1300048828125,685.4000244140625,681.77685546875,127844500,0.0,0.0,0.0
2026-01-22,689.8499755859375,691.1300048828125,686.9199829101562,688.97998046875,685.3379516601562,77112200,0.0,0.0,0.0
2026-01-23,688.1500244140625,690.9600219726562,687.1599731445312,689.22998046875,685.5865478515625,63059600,0.0,0.0,0.0
2026-01-26,690.489990234375,694.1300048828125,689.9199829101562,692.72998046875,689.068115234375,60473800,0.0,0.0,0.0
2026-01-27,694.1799926757812,696.530029296875,693.5700073242188,695.489990234375,691.8134765625,55506100,0.0,0.0,0.0
2026-01-28,697.0499877929688,697.8400268554688,693.9400024414062,695.4199829101562,691.7438354492188,61172200,0.0,0.0,0.0
2026-01-29,696.3900146484375,697.0599975585938,684.8300170898438,694.0399780273438,690.3711547851562,97486200,0.0,0.0,0.0
2026-01-30,691.7899780273438,694.2100219726562,687.1199951171875,691.969970703125,688.3121337890625,101835100,0.0,0.0,0.0
2026-02-02,689.5800170898438,696.9299926757812,689.4199829101562,695.4099731445312,691.73388671875,79286500,0.0,0.0,0.0
2026-02-03,696.2100219726562,696.9600219726562,684.030029296875,689.530029296875,685.885009765625,107904600,0.0,0.0,0.0
2026-02-04,690.3499755859375,691.4500122070312,681.760009765625,686.1900024414062,682.5626831054688,105204600,0.0,0.0,0.0
2026-02-05,680.9400024414062,683.6900024414062,675.7899780273438,677.6199951171875,674.0379638671875,113610800,0.0,0.0,0.0
2026-02-06,681.4600219726562,692.3099975585938,680.8499755859375,690.6199951171875,686.96923828125,89127600,0.0,0.0,0.0
2026-02-09,689.4199829101562,695.8699951171875,688.3400268554688,693.9500122070312,690.2816162109375,73885200,0.0,0.0,0.0
2026-02-10,694.9500122070312,696.5399780273438,691.6599731445312,692.1199951171875,688.4613037109375,65185700,0.0,0.0,0.0
2026-02-11,696.3900146484375,697.1400146484375,689.1799926757812,691.9600219726562,688.3021850585938,76353900,0.0,0.0,0.0
2026-02-12,694.239990234375,695.3499755859375,680.3699951171875,681.27001953125,677.668701171875,118829000,0.0,0.0,0.0
2026-02-13,681.6900024414062,686.280029296875,677.52001953125,681.75,678.1461181640625,96267500,0.0,0.0,0.0
2026-02-17,680.1400146484375,684.9400024414062,675.780029296875,682.8499755859375,679.2402954101562,81354700,0.0,0.0,0.0
2026-02-18,684.02001953125,689.1500244140625,682.8300170898438,686.2899780273438,682.662109375,73570300,0.0,0.0,0.0
2026-02-19,683.8400268554688,686.1799926757812,681.5499877929688,684.47998046875,680.8616943359375,58649400,0.0,0.0,0.0
2026-02-20,682.3200073242188,690.0599975585938,681.72998046875,689.4299926757812,685.7855834960938,100034000,0.0,0.0,0.0
2026-02-23,687.8300170898438,690.0,680.3699951171875,682.3900146484375,678.7827758789062,90558100,0.0,0.0,0.0
2026-02-24,681.9000244140625,688.3499755859375,680.0,687.3499755859375,683.7164916992188,73798700,0.0,0.0,0.0
2026-02-25,690.1799926757812,693.6799926757812,690.0999755859375,693.1500244140625,689.4859008789062,56369500,0.0,0.0,0.0
2026-02-26,693.280029296875,693.2999877929688,684.3499755859375,689.2999877929688,685.6561889648438,71671000,0.0,0.0,0.0
2026-02-27,683.0900268554688,686.8599853515625,681.6400146484375,685.989990234375,682.3637084960938,83308900,0.0,0.0,0.0
2026-03-02,678.7000122070312,688.6199951171875,678.02001953125,686.3800048828125,682.7516479492188,87477200,0.0,0.0,0.0
2026-03-03,675.0599975585938,682.6099853515625,669.6599731445312,680.3300170898438,676.7337036132812,105003100,0.0,0.0,0.0
2026-03-04,681.6300048828125,687.0900268554688,679.6199951171875,685.1300048828125,681.50830078125,79182200,0.0,0.0,0.0
2026-03-05,682.0800170898438,685.530029296875,675.6099853515625,681.3099975585938,677.7084350585938,106606500,0.0,0.0,0.0
2026-03-06,673.4099731445312,676.1099853515625,669.760009765625,672.3800048828125,668.8256225585938,100687000,0.0,0.0,0.0
2026-03-09,666.3900146484375,679.9199829101562,662.3900146484375,678.27001953125,674.6845092773438,102667700,0.0,0.0,0.0
2026-03-10,677.719970703125,683.3599853515625,674.760009765625,677.1799926757812,673.6002807617188,81505300,0.0,0.0,0.0
2026-03-11,677.5800170898438,680.0800170898438,673.3400268554688,676.3300170898438,672.7548217773438,68441700,0.0,0.0,0.0
2026-03-12,671.1599731445312,671.6500244140625,665.8699951171875,666.0599975585938,662.5390625,108882200,0.0,0.0,0.0
2026-03-13,669.27001953125,672.3400268554688,661.3599853515625,662.2899780273438,658.7890014648438,97200200,0.0,0.0,0.0
2026-03-16,668.3800048828125,672.0700073242188,667.1199951171875,669.030029296875,665.493408203125,82023100,0.0,0.0,0.0
2026-03-17,672.3900146484375,674.4400024414062,669.7000122070312,670.7899780273438,667.2440185546875,87128000,0.0,0.0,0.0
2026-03-18,668.3599853515625,669.719970703125,661.1900024414062,661.4299926757812,657.9335327148438,82062600,0.0,0.0,0.0
2026-03-19,656.969970703125,662.97998046875,655.1699829101562,659.7999877929688,656.3121337890625,111272500,0.0,0.0,0.0
2026-03-20,656.510009765625,656.6900024414062,644.719970703125,648.5700073242188,646.9034423828125,163617500,1.797,0.0,0.0
2026-03-23,658.0700073242188,662.6199951171875,653.9400024414062,655.3800048828125,653.6959228515625,134802700,0.0,0.0,0.0
2026-03-24,651.3200073242188,657.030029296875,649.8800048828125,653.1799926757812,651.5015869140625,96457500,0.0,0.0,0.0
2026-03-25,658.6699829101562,660.8900146484375,654.239990234375,656.8200073242188,655.1322021484375,90653800,0.0,0.0,0.0
2026-03-26,652.0599975585938,654.8499755859375,644.8200073242188,645.0900268554688,643.432373046875,96494400,0.0,0.0,0.0
2026-03-27,642.5,642.6599731445312,633.1099853515625,634.0900268554688,632.4606323242188,103649400,0.0,0.0,0.0
2026-03-30,640.1099853515625,640.3699951171875,629.280029296875,631.969970703125,630.3460693359375,99275900,0.0,0.0,0.0
2026-03-31,638.9400024414062,651.5399780273438,637.97998046875,650.3400268554688,648.6688842773438,152534100,0.0,0.0,0.0
2026-04-01,653.9000244140625,658.52001953125,653.0,655.239990234375,653.5562744140625,97841500,0.0,0.0,0.0
2026-04-02,646.4199829101562,658.2000122070312,645.1099853515625,655.8300170898438,654.144775390625,68358700,0.0,0.0,0.0
2026-04-06,655.8599853515625,659.719970703125,655.52001953125,658.9299926757812,657.23681640625,39105800,0.0,0.0,0.0
2026-04-07,656.6500244140625,659.6099853515625,651.0599975585938,659.219970703125,657.5260009765625,69980400,0.0,0.0,0.0
2026-04-08,676.3900146484375,677.0800170898438,671.4600219726562,676.010009765625,674.27294921875,93606100,0.0,0.0,0.0
2026-04-09,674.8400268554688,681.1599731445312,673.77001953125,679.9099731445312,678.162841796875,57134400,0.0,0.0,0.0
2026-04-10,681.3200073242188,682.030029296875,678.4500122070312,679.4600219726562,677.7140502929688,42253500,0.0,0.0,0.0
2026-04-13,677.4099731445312,686.2999877929688,676.5800170898438,686.0999755859375,684.3369750976562,54185800,0.0,0.0,0.0
2026-04-14,687.6900024414062,694.5800170898438,687.6599731445312,694.4600219726562,692.675537109375,63480500,0.0,0.0,0.0
2026-04-15,695.260009765625,700.280029296875,694.2000122070312,699.9400024414062,698.1414184570312,58240400,0.0,0.0,0.0
2026-04-16,701.0599975585938,702.780029296875,698.530029296875,701.6599731445312,699.8569946289062,49972400,0.0,0.0,0.0
2026-04-17,706.1400146484375,712.3900146484375,705.760009765625,710.1400146484375,708.3152465820312,70661900,0.0,0.0,0.0
2026-04-20,708.780029296875,709.9099731445312,706.1400146484375,708.719970703125,706.8988037109375,43546800,0.0,0.0,0.0
2026-04-21,710.280029296875,711.280029296875,702.6400146484375,704.0800170898438,702.2708129882812,58941400,0.0,0.0,0.0
2026-04-22,709.1500244140625,711.4500122070312,708.219970703125,711.2100219726562,709.3825073242188,42518500,0.0,0.0,0.0
2026-04-23,709.5,712.3599853515625,702.280029296875,708.4500122070312,706.6295776367188,56174000,0.0,0.0,0.0
2026-04-24,710.75,714.469970703125,709.010009765625,713.9400024414062,712.10546875,45182000,0.0,0.0,0.0
2026-04-27,713.1699829101562,715.6300048828125,712.2999877929688,715.1699829101562,713.332275390625,33135900,0.0,0.0,0.0
2026-04-28,711.8200073242188,712.8800048828125,709.25,711.6900024414062,709.8612060546875,43117400,0.0,0.0,0.0
2026-04-29,711.0,712.2000122070312,708.3699951171875,711.5800170898438,709.7515258789062,41859200,0.0,0.0,0.0
2026-04-30,714.6300048828125,719.7899780273438,710.4500122070312,718.6599731445312,716.8132934570312,67240900,0.0,0.0,0.0
2026-05-01,721.25,724.8699951171875,720.469970703125,720.6500244140625,718.7982177734375,43049800,0.0,0.0,0.0
2026-05-04,720.0700073242188,722.1199951171875,714.989990234375,718.010009765625,716.1649780273438,51950600,0.0,0.0,0.0
2026-05-05,721.77001953125,725.0399780273438,721.489990234375,723.77001953125,721.9102172851562,36933200,0.0,0.0,0.0
2026-05-06,728.1599731445312,734.5900268554688,727.8200073242188,733.8300170898438,731.9443359375,53288900,0.0,0.0,0.0
2026-05-07,735.0499877929688,736.1300048828125,729.75,731.5800170898438,729.7001342773438,51724600,0.0,0.0,0.0
2026-05-08,734.9299926757812,738.0800170898438,734.5700073242188,737.6199951171875,735.724609375,47227100,0.0,0.0,0.0
2026-05-11,736.4500122070312,740.7899780273438,736.4500122070312,739.2999877929688,737.4002685546875,44024000,0.0,0.0,0.0
2026-05-12,736.8900146484375,738.8400268554688,731.8300170898438,738.1799926757812,736.2831420898438,54185300,0.0,0.0,0.0
2026-05-13,738.469970703125,743.9099731445312,735.469970703125,742.3099975585938,740.4025268554688,44200200,0.0,0.0,0.0
2026-05-14,743.6500244140625,749.530029296875,743.5599975585938,748.1699829101562,746.2474975585938,45307600,0.0,0.0,0.0
2026-05-15,741.7899780273438,743.4600219726562,737.9600219726562,739.1699829101562,737.2706298828125,60410800,0.0,0.0,0.0
2026-05-18,739.8300170898438,741.4199829101562,733.3900146484375,738.6500244140625,736.751953125,47843900,0.0,0.0,0.0
2026-05-19,734.780029296875,737.6500244140625,731.530029296875,733.72998046875,731.8446044921875,54255900,0.0,0.0,0.0
2026-05-20,735.7100219726562,741.8699951171875,733.8900146484375,741.25,739.3452758789062,45768000,0.0,0.0,0.0
2026-05-21,738.6400146484375,744.8699951171875,737.030029296875,742.719970703125,740.8114624023438,43332200,0.0,0.0,0.0
2026-05-22,746.239990234375,748.9400024414062,744.47998046875,745.6400146484375,743.7239990234375,41762000,0.0,0.0,0.0
2026-05-26,750.010009765625,752.1300048828125,748.3699951171875,750.5900268554688,748.6613159179688,41123600,0.0,0.0,0.0
2026-05-27,750.8800048828125,751.3800048828125,748.219970703125,750.4600219726562,748.5316162109375,42106300,0.0,0.0,0.0
2026-05-28,750.25,755.1500244140625,749.22998046875,754.5999755859375,752.6609497070312,41562600,0.0,0.0,0.0
2026-05-29,755.9000244140625,758.0800170898438,754.6900024414062,756.47998046875,754.5361328125,55075700,0.0,0.0,0.0
2026-06-01,755.3599853515625,760.280029296875,754.6900024414062,758.5399780273438,756.5908203125,43634900,0.0,0.0,0.0
2026-06-02,757.030029296875,760.4000244140625,756.75,759.5700073242188,757.6182250976562,31581900,0.0,0.0,0.0
2026-06-03,758.1500244140625,758.7999877929688,753.5700073242188,754.239990234375,752.3018798828125,51402500,0.0,0.0,0.0
2026-06-04,752.0999755859375,758.3099975585938,751.469970703125,757.0900268554688,755.1445922851562,49923000,0.0,0.0,0.0
2026-06-05,752.3099975585938,752.8200073242188,735.530029296875,737.5499877929688,735.65478515625,93989400,0.0,0.0,0.0
2026-06-08,743.3599853515625,745.3400268554688,738.1900024414062,739.219970703125,737.3204345703125,49319100,0.0,0.0,0.0
2026-06-09,743.6300048828125,746.9000244140625,722.5900268554688,737.0499877929688,735.1560668945312,87683500,0.0,0.0,0.0
2026-06-10,733.3900146484375,738.3800048828125,725.3300170898438,725.4299926757812,723.56591796875,60341300,0.0,0.0,0.0
2026-06-11,728.760009765625,740.0,724.4099731445312,737.760009765625,735.8642578125,86330500,0.0,0.0,0.0
2026-06-12,740.7100219726562,744.4400024414062,735.030029296875,741.75,739.843994140625,57079500,0.0,0.0,0.0
2026-06-15,751.8499755859375,756.6799926757812,751.760009765625,754.8300170898438,752.890380859375,60176400,0.0,0.0,0.0
2026-06-16,754.5499877929688,755.4400024414062,749.8800048828125,750.3300170898438,748.4019775390625,67093100,0.0,0.0,0.0
2026-06-17,751.2899780273438,752.1500244140625,739.219970703125,740.9600219726562,739.0560302734375,85945200,0.0,0.0,0.0
2026-06-18,747.760009765625,748.22998046875,743.8599853515625,746.739990234375,746.739990234375,80875700,1.904,0.0,0.0
2026-06-22,747.7000122070312,750.1799926757812,743.1300048828125,744.3900146484375,744.3900146484375,46628100,0.0,0.0,0.0
2026-06-23,733.8099975585938,739.6300048828125,732.2999877929688,733.5800170898438,733.5800170898438,66846800,0.0,0.0,0.0
2026-06-24,735.1699829101562,739.9500122070312,730.8400268554688,733.239990234375,733.239990234375,57439500,0.0,0.0,0.0
2026-06-25,738.9099731445312,739.3699951171875,729.5999755859375,734.2999877929688,734.2999877929688,53934400,0.0,0.0,0.0
2026-06-26,728.9500122070312,736.530029296875,716.5800170898438,728.989990234375,728.989990234375,71034000,0.0,0.0,0.0
2026-06-29,736.530029296875,741.5599975585938,732.0900268554688,741.0,741.0,58035200,0.0,0.0,0.0
2026-06-30,741.2899780273438,748.02001953125,740.8900146484375,746.77001953125,746.77001953125,55626000,0.0,0.0,0.0
2026-07-01,745.0,749.4400024414062,742.3800048828125,745.760009765625,745.760009765625,47100900,0.0,0.0,0.0
2026-07-02,747.4000244140625,751.3099975585938,740.030029296875,744.780029296875,744.780029296875,57447800,0.0,0.0,0.0
2026-07-06,748.739990234375,752.4099731445312,747.4099731445312,751.280029296875,751.280029296875,50673300,0.0,0.0,0.0
2026-07-07,750.219970703125,750.9600219726562,745.2100219726562,747.7100219726562,747.7100219726562,43721500,0.0,0.0,0.0
2026-07-08,743.1599731445312,746.1500244140625,739.510009765625,745.4000244140625,745.4000244140625,43767400,0.0,0.0,0.0
2026-07-09,747.3499755859375,751.969970703125,745.5900268554688,751.7100219726562,751.7100219726562,41441700,0.0,0.0,0.0
2026-07-10,752.0499877929688,755.4199829101562,748.0999755859375,754.9500122070312,754.9500122070312,42191300,0.0,0.0,0.0
2026-07-13,752.469970703125,753.9099731445312,748.0,749.1699829101562,749.1699829101562,44013600,0.0,0.0,0.0
2026-07-14,750.9099731445312,753.3400268554688,748.6599731445312,751.8300170898438,751.8300170898438,35143100,0.0,0.0,0.0
2026-07-15,754.239990234375,755.5800170898438,750.2000122070312,754.8099975585938,754.8099975585938,43844800,0.0,0.0,0.0
2026-07-16,752.760009765625,754.5700073242188,747.8800048828125,750.719970703125,750.719970703125,46409800,0.0,0.0,0.0
2026-07-17,742.0800170898438,747.2899780273438,740.7999877929688,743.2899780273438,743.2899780273438,62651000,0.0,0.0,0.0
2026-07-20,747.0599975585938,748.72998046875,741.510009765625,742.0900268554688,742.0900268554688,50422300,0.0,0.0,0.0
2026-07-21,746.2899780273438,749.0399780273438,744.1799926757812,748.280029296875,748.280029296875,34324300,0.0,0.0,0.0
2026-07-22,746.6199951171875,750.02001953125,746.3699951171875,747.4099731445312,747.4099731445312,32836200,0.0,0.0,0.0
2026-07-23,739.3699951171875,742.5599975585938,735.2100219726562,738.1799926757812,738.1799926757812,55437300,0.0,0.0,0.0
2026-07-24,738.510009765625,743.719970703125,737.2899780273438,738.9299926757812,738.9299926757812,44782000,0.0,0.0,0.0
2026-07-27,744.9099731445312,745.530029296875,735.8699951171875,739.0900268554688,739.0900268554688,41461200,0.0,0.0,0.0
2026-07-28,739.1900024414062,742.7899780273438,735.97998046875,740.8599853515625,740.8599853515625,47322200,0.0,0.0,0.0
2026-07-29,739.969970703125,742.6799926757812,729.0999755859375,729.4600219726562,729.4600219726562,70697200,0.0,0.0,0.0
2026-07-30,736.0499877929688,742.4500122070312,734.5900268554688,741.6900024414062,741.6900024414062,66811300,0.0,0.0,0.0
2026-07-31,744.6799926757812,748.9000244140625,737.6799926757812,747.030029296875,747.030029296875,62445900,0.0,0.0,0.0
2026-08-03,749.4400024414062,758.5800170898438,748.7999877929688,757.6699829101562,757.6699829101562,59927500,0.0,0.0,0.0
2026-08-04,760.6300048828125,773.4099731445312,760.52001953125,771.3300170898438,771.3300170898438,69154800,0.0,0.0,0.0
2026-08-05,775.8499755859375,776.8499755859375,769.510009765625,769.7899780273438,769.7899780273438,44689100,0.0,0.0,0.0
2026-08-06,770.2100219726562,771.8200073242188,767.4600219726562,768.5599975585938,768.5599975585938,38416900,0.0,0.0,0.0
2026-08-07,771.02001953125,773.9199829101562,769.6099853515625,773.260009765625,773.260009765625,43586300,0.0,0.0,0.0
2026-08-10,772.5999755859375,775.0499877929688,771.6199951171875,773.030029296875,773.030029296875,39249500,0.0,0.0,0.0
2026-08-11,774.530029296875,774.6099853515625,769.2000122070312,770.5599975585938,770.5599975585938,36740600,0.0,0.0,0.0
2026-08-12,774.7100219726562,774.9000244140625,771.280029296875,772.489990234375,772.489990234375,33179100,0.0,0.0,0.0
2026-08-13,774.8699951171875,779.3699951171875,774.1099853515625,777.8800048828125,777.8800048828125,35634500,0.0,0.0,0.0
2026-08-14,778.5399780273438,778.7999877929688,775.4299926757812,776.3400268554688,776.3400268554688,31367900,0.0,0.0,0.0
2026-08-17,776.1799926757812,776.780029296875,772.510009765625,772.6699829101562,772.6699829101562,34356600,0.0,0.0,0.0
2026-08-18,768.7000122070312,769.5,766.9199829101562,767.4500122070312,767.4500122070312,43920900,0.0,0.0,0.0
2026-08-19,770.3599853515625,772.469970703125,768.0999755859375,769.0599975585938,769.0599975585938,40306000,0.0,0.0,0.0
2026-08-20,765.9600219726562,768.1500244140625,762.0399780273438,762.5999755859375,762.5999755859375,45520300,0.0,0.0,0.0
2026-08-21,766.0499877929688,767.8499755859375,764.1699829101562,765.719970703125,765.719970703125,39188700,0.0,0.0,0.0
2026-08-24,764.780029296875,765.219970703125,762.0800170898438,763.469970703125,763.469970703125,32430900,0.0,0.0,0.0
2026-08-25,766.1599731445312,766.780029296875,763.0499877929688,765.9099731445312,765.9099731445312,27422300,0.0,0.0,0.0
2026-08-26,764.72998046875,767.3499755859375,763.9299926757812,766.0800170898438,766.0800170898438,28751600,0.0,0.0,0.0
2026-08-27,768.5,772.3599853515625,767.1599731445312,771.0999755859375,771.0999755859375,34557100,0.0,0.0,0.0
2026-08-28,771.760009765625,775.2999877929688,768.3099975585938,769.3499755859375,769.3499755859375,36744300,0.0,0.0,0.0
2026-08-31,767.3300170898438,768.0,764.719970703125,767.0499877929688,767.0499877929688,38810800,0.0,0.0,0.0
