Date,Open,High,Low,Close,Adj Close,Volume,Dividends,Stock Splits,Capital Gains
2008-06-26,49.91999816894531,49.9900016784668,49.34000015258789,49.58000183105469,33.874290466308594,15800,0.0,0.0,0.0
2008-06-27,51.45000076293945,51.45000076293945,49.2599983215332,49.5,33.81961441040039,26800,0.0,0.0,0.0
2008-06-30,51.720001220703125,51.720001220703125,49.36000061035156,49.540000915527344,33.846961975097656,23900,0.0,0.0,0.0
2008-07-01,49.130001068115234,49.599998474121094,47.7400016784668,49.099998474121094,33.54633331298828,55100,0.0,0.0,0.0
2008-07-02,49.540000915527344,49.689998626708984,48.380001068115234,48.380001068115234,33.05441665649414,74700,0.0,0.0,0.0
2008-07-03,48.77000045776367,48.810001373291016,48.060001373291016,48.5099983215332,33.14322280883789,17600,0.0,0.0,0.0
2008-07-07,48.779998779296875,48.79999923706055,47.79999923706055,48.40999984741211,33.07490539550781,55500,0.0,0.0,0.0
2008-07-08,48.119998931884766,48.560001373291016,47.16999816894531,48.5,33.13640594482422,54300,0.0,0.0,0.0
2008-07-09,49.38999938964844,49.38999938964844,47.900001525878906,47.939998626708984,32.753787994384766,28900,0.0,0.0,0.0
2008-07-10,48.310001373291016,48.310001373291016,47.599998474121094,47.86000061035156,32.699127197265625,20800,0.0,0.0,0.0
2008-07-11,48.25,48.25,47.189998626708984,47.650001525878906,32.5556526184082,22500,0.0,0.0,0.0
2008-07-14,48.79999923706055,48.79999923706055,47.279998779296875,47.4900016784668,32.44633102416992,37900,0.0,0.0,0.0
2008-07-15,47.06999969482422,47.439998626708984,46.34000015258789,46.7599983215332,31.947582244873047,24800,0.0,0.0,0.0
2008-07-16,46.849998474121094,47.720001220703125,46.59000015258789,47.720001220703125,32.603477478027344,23700,0.0,0.0,0.0
2008-07-17,48.310001373291016,48.52000045776367,47.84000015258789,48.33000183105469,33.02024841308594,26000,0.0,0.0,0.0
2008-07-18,48.47999954223633,48.54999923706055,47.65999984741211,48.279998779296875,32.986080169677734,18300,0.0,0.0,0.0
2008-07-21,48.88999938964844,48.88999938964844,48.279998779296875,48.43000030517578,33.08856964111328,18200,0.0,0.0,0.0
2008-07-22,48.29999923706055,48.70000076293945,47.97999954223633,48.70000076293945,33.273040771484375,29300,0.0,0.0,0.0
2008-07-23,49.38999938964844,49.470001220703125,48.939998626708984,49.08000183105469,33.53266906738281,47200,0.0,0.0,0.0
2008-07-24,48.97999954223633,48.97999954223633,47.97999954223633,48.0,32.79478073120117,39900,0.0,0.0,0.0
2008-07-25,48.0,48.209999084472656,47.91999816894531,48.209999084472656,32.93825149536133,9000,0.0,0.0,0.0
2008-07-28,48.5,48.5,46.5,47.439998626708984,32.41216278076172,71800,0.0,0.0,0.0
2008-07-29,47.540000915527344,47.900001525878906,47.439998626708984,47.900001525878906,32.7264518737793,19700,0.0,0.0,0.0
2008-07-30,48.45000076293945,48.720001220703125,48.29999923706055,48.70000076293945,33.273040771484375,33400,0.0,0.0,0.0
2008-07-31,48.84000015258789,48.84000015258789,48.20000076293945,48.209999084472656,32.93825149536133,14800,0.0,0.0,0.0
2008-08-01,48.189998626708984,50.02000045776367,47.75,47.93000030517578,32.74696731567383,46500,0.0,0.0,0.0
2008-08-04,48.56999969482422,48.56999969482422,47.22999954223633,47.22999954223633,32.2686882019043,27300,0.0,0.0,0.0
2008-08-05,48.689998626708984,48.720001220703125,47.369998931884766,48.38999938964844,33.06122970581055,35000,0.0,0.0,0.0
2008-08-06,48.54999923706055,48.93000030517578,48.22999954223633,48.709999084472656,33.279884338378906,22100,0.0,0.0,0.0
2008-08-07,48.599998474121094,48.599998474121094,47.599998474121094,47.599998474121094,32.52149200439453,45400,0.0,0.0,0.0
2008-08-08,47.650001525878906,48.2599983215332,47.06999969482422,48.22999954223633,32.951927185058594,40600,0.0,0.0,0.0
2008-08-11,48.45000076293945,48.63999938964844,47.97999954223633,48.52000045776367,33.15005874633789,34300,0.0,0.0,0.0
2008-08-12,48.560001373291016,48.560001373291016,47.68000030517578,47.849998474121094,32.692291259765625,34300,0.0,0.0,0.0
2008-08-13,47.70000076293945,47.70000076293945,46.900001525878906,47.31999969482422,32.33018493652344,44100,0.0,0.0,0.0
2008-08-14,46.720001220703125,47.529998779296875,46.720001220703125,47.529998779296875,32.47367477416992,87500,0.0,0.0,0.0
2008-08-15,47.599998474121094,47.63999938964844,46.13999938964844,47.4900016784668,32.44633102416992,21800,0.0,0.0,0.0
2008-08-18,47.95000076293945,47.95000076293945,46.689998626708984,46.70000076293945,31.906591415405273,23500,0.0,0.0,0.0
2008-08-19,46.72999954223633,46.72999954223633,46.220001220703125,46.29999923706055,31.633312225341797,25500,0.0,0.0,0.0
2008-08-20,46.79999923706055,46.79999923706055,46.36000061035156,46.720001220703125,31.920251846313477,20400,0.0,0.0,0.0
2008-08-21,46.20000076293945,47.18000030517578,46.20000076293945,47.08000183105469,32.16621398925781,20600,0.0,0.0,0.0
2008-08-22,47.45000076293945,47.650001525878906,47.15999984741211,47.33000183105469,32.33702850341797,22300,0.0,0.0,0.0
2008-08-25,46.20000076293945,47.150001525878906,46.20000076293945,46.459999084472656,31.742626190185547,50500,0.0,0.0,0.0
2008-08-26,46.2400016784668,46.70000076293945,46.189998626708984,46.70000076293945,31.906591415405273,37900,0.0,0.0,0.0
2008-08-27,46.65999984741211,47.04999923706055,46.52000045776367,46.7599983215332,31.947582244873047,26200,0.0,0.0,0.0
2008-08-28,47.66999816894531,47.75,47.380001068115234,47.75,32.62397766113281,34100,0.0,0.0,0.0
2008-08-29,48.130001068115234,48.130001068115234,47.290000915527344,47.31999969482422,32.33018493652344,20000,0.0,0.0,0.0
2008-09-02,47.31999969482422,47.689998626708984,46.0,46.0,31.42833137512207,28800,0.0,0.0,0.0
2008-09-03,46.400001525878906,46.849998474121094,46.15999984741211,46.15999984741211,31.537654876708984,30700,0.0,0.0,0.0
2008-09-04,46.45000076293945,46.45000076293945,44.459999084472656,44.459999084472656,30.37615203857422,114200,0.0,0.0,0.0
2008-09-05,45.0,45.0,43.68000030517578,44.16999816894531,30.178024291992188,75600,0.0,0.0,0.0
2008-09-08,46.70000076293945,46.70000076293945,44.95000076293945,45.41999816894531,31.032060623168945,54800,0.0,0.0,0.0
2008-09-09,45.790000915527344,45.790000915527344,44.13999938964844,44.290000915527344,30.260021209716797,42400,0.0,0.0,0.0
2008-09-10,44.95000076293945,45.0,44.20000076293945,44.650001525878906,30.5059814453125,50300,0.0,0.0,0.0
2008-09-11,43.790000915527344,44.619998931884766,43.619998931884766,44.619998931884766,30.48548126220703,71600,0.0,0.0,0.0
2008-09-12,44.95000076293945,45.2400016784668,44.38999938964844,45.119998931884766,30.827096939086914,19100,0.0,0.0,0.0
2008-09-15,44.400001525878906,44.849998474121094,43.11000061035156,43.27000045776367,29.563135147094727,123900,0.0,0.0,0.0
2008-09-16,42.75,44.0,42.0,43.9900016784668,30.055057525634766,128500,0.0,0.0,0.0
2008-09-17,43.38999938964844,43.900001525878906,41.58000183105469,41.61000061035156,28.428970336914062,118100,0.0,0.0,0.0
2008-09-18,41.0099983215332,43.79999923706055,35.849998474121094,43.79999923706055,29.925228118896484,129000,0.0,0.0,0.0
2008-09-19,46.40999984741211,46.40999984741211,45.029998779296875,46.40999984741211,31.70846176147461,78100,0.0,0.0,0.0
2008-09-22,46.400001525878906,46.97999954223633,44.439998626708984,44.72999954223633,30.56063461303711,58000,0.0,0.0,0.0
2008-09-23,45.369998931884766,46.20000076293945,44.0,45.02000045776367,30.758769989013672,94700,0.0,0.0,0.0
2008-09-24,47.0,47.0,43.349998474121094,43.599998474121094,29.788591384887695,44300,0.0,0.0,0.0
2008-09-25,44.849998474121094,45.349998474121094,43.869998931884766,44.84000015258789,30.635787963867188,58500,0.0,0.0,0.0
2008-09-26,43.75,45.54999923706055,43.75,45.27000045776367,30.929588317871094,92100,0.0,0.0,0.0
2008-09-29,44.650001525878906,44.650001525878906,39.7599983215332,42.400001525878906,28.968730926513672,100000,0.0,0.0,0.0
2008-09-30,42.900001525878906,46.0,41.56999969482422,43.0099983215332,29.385480880737305,98100,0.0,0.0,0.0
2008-10-01,41.59000015258789,42.83000183105469,41.59000015258789,42.380001068115234,28.95505142211914,90200,0.0,0.0,0.0
2008-10-02,42.189998626708984,42.45000076293945,40.099998474121094,40.099998474121094,27.397302627563477,152700,0.0,0.0,0.0
2008-10-03,41.599998474121094,41.619998931884766,39.75,39.75,27.158187866210938,111800,0.0,0.0,0.0
2008-10-06,39.599998474121094,39.599998474121094,36.33000183105469,37.849998474121094,25.860044479370117,192200,0.0,0.0,0.0
2008-10-07,39.220001220703125,39.220001220703125,36.0,36.11000061035156,24.67124366760254,154600,0.0,0.0,0.0
2008-10-08,36.459999084472656,36.5,34.810001373291016,35.54999923706055,24.28864288330078,117200,0.0,0.0,0.0
2008-10-09,36.04999923706055,36.15999984741211,32.529998779296875,33.849998474121094,23.12715721130371,141600,0.0,0.0,0.0
2008-10-10,32.5,35.099998474121094,30.8700008392334,32.779998779296875,22.39610481262207,387600,0.0,0.0,0.0
2008-10-13,38.25,38.25,34.27000045776367,37.189998626708984,25.409128189086914,368800,0.0,0.0,0.0
2008-10-14,39.470001220703125,39.470001220703125,35.689998626708984,37.97999954223633,25.948869705200195,235800,0.0,0.0,0.0
2008-10-15,35.689998626708984,36.0,32.709999084472656,33.369998931884766,22.79920768737793,140800,0.0,0.0,0.0
2008-10-16,33.099998474121094,34.16999816894531,31.0,34.15999984741211,23.338956832885742,196000,0.0,0.0,0.0
2008-10-17,33.72999954223633,35.099998474121094,33.04999923706055,33.83000183105469,23.113492965698242,84500,0.0,0.0,0.0
2008-10-20,34.20000076293945,36.20000076293945,33.75,36.20000076293945,24.732730865478516,113500,0.0,0.0,0.0
2008-10-21,35.79999923706055,35.79999923706055,33.83000183105469,33.959999084472656,23.20230484008789,160200,0.0,0.0,0.0
2008-10-22,33.08000183105469,33.08000183105469,30.989999771118164,31.469999313354492,21.50107192993164,207600,0.0,0.0,0.0
2008-10-23,32.0,32.34000015258789,30.450000762939453,31.399999618530273,21.4532527923584,134600,0.0,0.0,0.0
2008-10-24,29.979999542236328,31.43000030517578,29.0,31.170000076293945,21.296106338500977,157600,0.0,0.0,0.0
2008-10-27,29.8700008392334,30.75,29.299999237060547,29.43000030517578,20.1072998046875,129700,0.0,0.0,0.0
2008-10-28,30.989999771118164,32.59000015258789,29.469999313354492,31.200000762939453,21.316606521606445,51700,0.0,0.0,0.0
2008-10-29,31.190000534057617,33.619998931884766,31.190000534057617,33.5,22.88802719116211,92400,0.0,0.0,0.0
2008-10-30,34.54999923706055,34.54999923706055,32.70000076293945,33.790000915527344,23.086156845092773,70600,0.0,0.0,0.0
2008-10-31,32.720001220703125,34.25,32.63999938964844,33.790000915527344,23.086156845092773,89800,0.0,0.0,0.0
2008-11-03,34.650001525878906,34.689998626708984,32.959999084472656,33.810001373291016,23.099824905395508,83700,0.0,0.0,0.0
2008-11-04,34.689998626708984,35.72999954223633,34.54999923706055,35.630001068115234,24.343294143676758,112300,0.0,0.0,0.0
2008-11-05,35.9900016784668,35.9900016784668,33.75,33.7599983215332,23.065656661987305,145500,0.0,0.0,0.0
2008-11-06,32.150001525878906,33.779998779296875,31.719999313354492,31.770000457763672,21.70604705810547,160000,0.0,0.0,0.0
2008-11-07,32.16999816894531,33.31999969482422,32.16999816894531,33.31999969482422,22.765043258666992,179800,0.0,0.0,0.0
2008-11-10,34.279998779296875,34.279998779296875,32.5,33.0099983215332,22.553245544433594,144500,0.0,0.0,0.0
2008-11-11,32.0,33.20000076293945,31.350000381469727,31.700000762939453,21.658226013183594,125700,0.0,0.0,0.0
2008-11-12,31.110000610351562,31.31999969482422,30.110000610351562,30.25,20.66754722595215,115300,0.0,0.0,0.0
2008-11-13,30.0,32.529998779296875,29.329999923706055,32.5099983215332,22.211627960205078,210700,0.0,0.0,0.0
2008-11-14,32.5,32.5,30.56999969482422,30.56999969482422,20.88617515563965,77700,0.0,0.0,0.0
2008-11-17,31.200000762939453,31.5,29.0,30.309999465942383,20.70854377746582,110800,0.0,0.0,0.0
2008-11-18,30.34000015258789,30.899999618530273,29.40999984741211,30.530000686645508,20.85885238647461,177700,0.0,0.0,0.0
2008-11-19,30.280000686645508,30.40999984741211,28.5,28.510000228881836,19.478731155395508,254500,0.0,0.0,0.0
2008-11-20,28.350000381469727,28.899999618530273,26.600000381469727,26.6200008392334,18.18743324279785,275300,0.0,0.0,0.0
2008-11-21,28.010000228881836,28.709999084472656,26.649999618530273,28.709999084472656,19.61537742614746,246100,0.0,0.0,0.0
2008-11-24,29.469999313354492,31.030000686645508,29.0,30.200000762939453,20.633380889892578,273900,0.0,0.0,0.0
2008-11-25,31.469999313354492,31.540000915527344,29.81999969482422,30.510000228881836,20.845184326171875,157600,0.0,0.0,0.0
2008-11-26,29.639999389648438,31.459999084472656,29.639999389648438,31.25,21.350767135620117,76300,0.0,0.0,0.0
2008-11-28,31.479999542236328,31.6299991607666,31.149999618530273,31.489999771118164,21.51474380493164,41300,0.0,0.0,0.0
2008-12-01,30.920000076293945,30.920000076293945,28.8700008392334,28.899999618530273,19.745187759399414,132500,0.0,0.0,0.0
2008-12-02,30.1200008392334,30.280000686645508,29.200000762939453,30.280000686645508,20.68803596496582,115600,0.0,0.0,0.0
2008-12-03,29.90999984741211,30.889999389648438,29.299999237060547,30.889999389648438,21.10480308532715,121900,0.0,0.0,0.0
2008-12-04,30.520000457763672,30.790000915527344,29.239999771118164,29.739999771118164,20.319101333618164,137100,0.0,0.0,0.0
2008-12-05,29.559999465942383,30.690000534057617,28.75,30.690000534057617,20.968164443969727,512600,0.0,0.0,0.0
2008-12-08,31.84000015258789,32.279998779296875,31.309999465942383,31.959999084472656,21.835859298706055,253300,0.0,0.0,0.0
2008-12-09,31.809999465942383,32.18000030517578,31.270000457763672,31.5,21.521577835083008,230100,0.0,0.0,0.0
2008-12-10,31.3700008392334,32.369998931884766,31.3700008392334,32.13999938964844,21.95884132385254,325500,0.0,0.0,0.0
2008-12-11,32.150001525878906,32.560001373291016,31.440000534057617,31.65999984741211,21.630889892578125,220300,0.0,0.0,0.0
2008-12-12,31.510000228881836,32.02000045776367,30.799999237060547,31.950000762939453,21.829021453857422,266300,0.0,0.0,0.0
2008-12-15,32.5099983215332,32.5099983215332,31.170000076293945,31.700000762939453,21.658226013183594,208100,0.0,0.0,0.0
2008-12-16,32.869998931884766,33.43000030517578,31.670000076293945,33.43000030517578,22.8402042388916,183800,0.0,0.0,0.0
2008-12-17,33.130001068115234,33.58000183105469,32.75,33.27000045776367,22.73088264465332,275200,0.0,0.0,0.0
2008-12-18,33.9900016784668,34.65999984741211,31.920000076293945,32.2400016784668,22.027164459228516,261700,0.0,0.0,0.0
2008-12-19,32.900001525878906,32.900001525878906,31.850000381469727,32.119998931884766,21.945171356201172,181500,0.0,0.0,0.0
2008-12-22,33.650001525878906,33.650001525878906,31.260000228881836,31.770000457763672,21.70604705810547,384500,0.0,0.0,0.0
2008-12-23,32.939998626708984,32.939998626708984,31.299999237060547,31.479999542236328,21.507909774780273,334300,0.0,0.0,0.0
2008-12-24,30.90999984741211,32.16999816894531,30.90999984741211,31.479999542236328,21.647504806518555,158700,0.203,0.0,0.0
2008-12-26,32.0,32.0,31.489999771118164,31.75,21.833181381225586,123700,0.0,0.0,0.0
2008-12-29,31.549999237060547,32.70000076293945,31.360000610351562,31.729999542236328,21.819425582885742,244700,0.0,0.0,0.0
2008-12-30,31.959999084472656,32.56999969482422,31.56999969482422,32.560001373291016,22.390182495117188,245300,0.0,0.0,0.0
2008-12-31,32.70000076293945,33.25,32.2599983215332,32.97999954223633,22.678993225097656,305700,0.0,0.0,0.0
2009-01-02,32.97999954223633,33.970001220703125,32.86000061035156,33.869998931884766,23.291011810302734,205300,0.0,0.0,0.0
2009-01-05,34.75,34.75,33.25,33.970001220703125,23.359769821166992,236900,0.0,0.0,0.0
2009-01-06,33.59000015258789,34.099998474121094,33.4900016784668,33.849998474121094,23.277254104614258,110200,0.0,0.0,0.0
2009-01-07,33.849998474121094,33.849998474121094,32.790000915527344,33.099998474121094,22.761510848999023,82600,0.0,0.0,0.0
2009-01-08,33.0099983215332,33.209999084472656,32.70000076293945,32.9900016784668,22.685869216918945,183100,0.0,0.0,0.0
2009-01-09,32.810001373291016,32.810001373291016,32.189998626708984,32.189998626708984,22.135744094848633,131300,0.0,0.0,0.0
2009-01-12,32.29999923706055,32.29999923706055,31.170000076293945,31.3700008392334,21.571863174438477,65300,0.0,0.0,0.0
2009-01-13,31.3700008392334,31.389999389648438,30.969999313354492,31.100000381469727,21.386192321777344,115900,0.0,0.0,0.0
2009-01-14,30.979999542236328,30.979999542236328,29.850000381469727,30.010000228881836,20.636648178100586,202900,0.0,0.0,0.0
2009-01-15,30.290000915527344,30.809999465942383,29.299999237060547,30.360000610351562,20.8773250579834,136700,0.0,0.0,0.0
2009-01-16,31.75,31.75,29.989999771118164,30.729999542236328,21.13176918029785,79200,0.0,0.0,0.0
2009-01-20,31.989999771118164,31.989999771118164,28.3700008392334,28.469999313354492,19.577646255493164,146400,0.0,0.0,0.0
2009-01-21,28.760000228881836,30.0,28.469999313354492,30.0,20.629772186279297,64300,0.0,0.0,0.0
2009-01-22,30.290000915527344,30.290000915527344,28.770000457763672,29.420000076293945,20.23093032836914,166300,0.0,0.0,0.0
2009-01-23,29.25,29.639999389648438,28.5,29.459999084472656,20.258432388305664,103800,0.0,0.0,0.0
2009-01-26,29.520000457763672,30.280000686645508,29.329999923706055,29.65999984741211,20.39596939086914,127700,0.0,0.0,0.0
2009-01-27,30.1200008392334,30.549999237060547,29.65999984741211,30.229999542236328,20.787939071655273,198500,0.0,0.0,0.0
2009-01-28,31.06999969482422,31.299999237060547,30.889999389648438,31.15999984741211,21.427459716796875,34900,0.0,0.0,0.0
2009-01-29,30.440000534057617,31.010000228881836,29.829999923706055,29.829999923706055,20.51287269592285,100200,0.0,0.0,0.0
2009-01-30,30.40999984741211,30.639999389648438,29.299999237060547,29.399999618530273,20.217180252075195,39300,0.0,0.0,0.0
2009-02-02,29.0,29.600000381469727,28.889999389648438,29.350000381469727,20.182790756225586,199900,0.0,0.0,0.0
2009-02-03,29.90999984741211,30.110000610351562,29.360000610351562,29.93000030517578,20.581632614135742,29300,0.0,0.0,0.0
2009-02-04,30.0,30.43000030517578,29.65999984741211,29.719999313354492,20.437225341796875,26600,0.0,0.0,0.0
2009-02-05,29.489999771118164,31.020000457763672,29.459999084472656,31.020000457763672,21.331186294555664,56500,0.0,0.0,0.0
2009-02-06,30.65999984741211,31.209999084472656,30.65999984741211,31.200000762939453,21.454954147338867,54900,0.0,0.0,0.0
2009-02-09,31.469999313354492,31.489999771118164,30.209999084472656,31.110000610351562,21.393077850341797,63400,0.0,0.0,0.0
2009-02-10,30.899999618530273,30.899999618530273,29.489999771118164,29.65999984741211,20.39596939086914,50600,0.0,0.0,0.0
2009-02-11,30.18000030517578,30.18000030517578,29.350000381469727,29.8700008392334,20.540380477905273,50300,0.0,0.0,0.0
2009-02-12,29.450000762939453,29.799999237060547,29.0,29.799999237060547,20.49224090576172,50500,0.0,0.0,0.0
2009-02-13,29.709999084472656,30.049999237060547,29.479999542236328,29.690000534057617,20.416595458984375,69800,0.0,0.0,0.0
2009-02-17,28.65999984741211,28.68000030517578,28.010000228881836,28.100000381469727,19.323217391967773,137200,0.0,0.0,0.0
2009-02-18,28.399999618530273,28.399999618530273,27.75,27.93000030517578,19.206321716308594,192500,0.0,0.0,0.0
2009-02-19,28.25,28.600000381469727,27.739999771118164,27.850000381469727,19.151302337646484,141600,0.0,0.0,0.0
2009-02-20,27.110000610351562,27.799999237060547,26.920000076293945,27.0,18.566797256469727,169500,0.0,0.0,0.0
2009-02-23,27.649999618530273,27.690000534057617,26.549999237060547,26.56999969482422,18.27110481262207,154500,0.0,0.0,0.0
2009-02-24,26.889999389648438,27.739999771118164,26.649999618530273,27.610000610351562,18.986268997192383,137500,0.0,0.0,0.0
2009-02-25,27.549999237060547,27.59000015258789,26.770000457763672,27.209999084472656,18.711204528808594,59300,0.0,0.0,0.0
2009-02-26,27.520000457763672,27.700000762939453,26.860000610351562,27.020000457763672,18.580551147460938,78900,0.0,0.0,0.0
2009-02-27,26.770000457763672,27.09000015258789,26.299999237060547,26.600000381469727,18.291730880737305,352600,0.0,0.0,0.0
2009-03-02,26.229999542236328,26.229999542236328,25.110000610351562,25.239999771118164,17.35651206970215,97300,0.0,0.0,0.0
2009-03-03,25.309999465942383,25.559999465942383,24.8700008392334,25.030000686645508,17.212108612060547,118600,0.0,0.0,0.0
2009-03-04,26.09000015258789,26.420000076293945,25.549999237060547,26.09000015258789,17.941024780273438,63000,0.0,0.0,0.0
2009-03-05,26.100000381469727,26.100000381469727,24.739999771118164,25.020000457763672,17.205230712890625,107400,0.0,0.0,0.0
2009-03-06,25.3799991607666,25.739999771118164,24.360000610351562,24.93000030517578,17.143333435058594,113100,0.0,0.0,0.0
2009-03-09,24.770000457763672,24.979999542236328,24.399999618530273,24.5,16.84764862060547,103200,0.0,0.0,0.0
2009-03-10,25.3700008392334,26.270000457763672,25.209999084472656,26.239999771118164,18.044174194335938,163300,0.0,0.0,0.0
2009-03-11,26.270000457763672,26.600000381469727,26.040000915527344,26.260000228881836,18.057926177978516,60600,0.0,0.0,0.0
2009-03-12,26.229999542236328,27.350000381469727,26.040000915527344,27.229999542236328,18.724960327148438,64900,0.0,0.0,0.0
2009-03-13,27.68000030517578,28.0,26.940000534057617,28.0,19.25444984436035,123900,0.0,0.0,0.0
2009-03-16,28.030000686645508,28.5,27.389999389648438,27.389999389648438,18.834978103637695,123900,0.0,0.0,0.0
2009-03-17,27.3799991607666,28.200000762939453,27.18000030517578,28.200000762939453,19.39198112487793,138800,0.0,0.0,0.0
2009-03-18,27.979999542236328,29.079999923706055,27.690000534057617,28.860000610351562,19.845848083496094,84900,0.0,0.0,0.0
2009-03-19,27.889999389648438,29.719999313354492,27.0,28.709999084472656,19.742694854736328,54700,0.0,0.0,0.0
2009-03-20,28.520000457763672,28.799999237060547,28.09000015258789,28.190000534057617,19.38511085510254,102700,0.0,0.0,0.0
2009-03-23,28.809999465942383,30.3700008392334,28.809999465942383,30.3700008392334,20.88420295715332,524700,0.0,0.0,0.0
2009-03-24,30.059999465942383,30.059999465942383,29.479999542236328,29.5,20.28593635559082,102000,0.0,0.0,0.0
2009-03-25,29.889999389648438,30.290000915527344,29.149999618530273,29.90999984741211,20.56788444519043,72700,0.0,0.0,0.0
2009-03-26,30.360000610351562,30.450000762939453,29.889999389648438,30.420000076293945,20.918590545654297,140000,0.0,0.0,0.0
2009-03-27,30.079999923706055,30.079999923706055,29.489999771118164,29.579999923706055,20.340959548950195,46900,0.0,0.0,0.0
2009-03-30,28.780000686645508,28.809999465942383,27.5,28.360000610351562,19.502012252807617,135600,0.0,0.0,0.0
2009-03-31,29.020000457763672,29.399999618530273,28.59000015258789,28.950000762939453,19.907730102539062,370600,0.0,0.0,0.0
2009-04-01,28.290000915527344,29.719999313354492,28.290000915527344,29.559999465942383,20.32720184326172,132300,0.0,0.0,0.0
2009-04-02,30.43000030517578,31.34000015258789,30.43000030517578,30.809999465942383,21.18677520751953,54300,0.0,0.0,0.0
2009-04-03,31.34000015258789,31.34000015258789,30.06999969482422,30.950000762939453,21.283048629760742,63000,0.0,0.0,0.0
2009-04-06,31.200000762939453,31.200000762939453,30.15999984741211,30.6299991607666,21.06299591064453,63300,0.0,0.0,0.0
2009-04-07,30.100000381469727,30.290000915527344,29.829999923706055,29.93000030517578,20.581632614135742,66700,0.0,0.0,0.0
2009-04-08,30.030000686645508,31.459999084472656,29.979999542236328,30.399999618530273,20.904842376708984,98800,0.0,0.0,0.0
2009-04-09,31.479999542236328,31.479999542236328,31.030000686645508,31.459999084472656,21.633750915527344,54600,0.0,0.0,0.0
2009-04-13,31.5,31.809999465942383,30.84000015258789,31.649999618530273,21.764406204223633,58100,0.0,0.0,0.0
2009-04-14,31.43000030517578,32.0,31.0,31.219999313354492,21.468717575073242,154400,0.0,0.0,0.0
2009-04-15,31.520000457763672,31.610000610351562,30.93000030517578,31.600000381469727,21.730030059814453,85200,0.0,0.0,0.0
2009-04-16,31.860000610351562,32.119998931884766,31.450000762939453,31.969999313354492,21.98445701599121,77500,0.0,0.0,0.0
2009-04-17,32.150001525878906,32.16999816894531,31.690000534057617,31.90999984741211,21.943201065063477,49000,0.0,0.0,0.0
2009-04-20,32.20000076293945,32.20000076293945,30.450000762939453,30.450000762939453,20.939224243164062,54600,0.0,0.0,0.0
2009-04-21,30.15999984741211,31.219999313354492,30.049999237060547,31.1299991607666,21.406824111938477,64700,0.0,0.0,0.0
2009-04-22,31.549999237060547,31.649999618530273,30.770000457763672,30.950000762939453,21.283048629760742,110800,0.0,0.0,0.0
2009-04-23,31.420000076293945,31.6299991607666,30.959999084472656,31.600000381469727,21.730030059814453,100500,0.0,0.0,0.0
2009-04-24,31.90999984741211,32.27000045776367,31.770000457763672,31.950000762939453,21.970706939697266,121300,0.0,0.0,0.0
2009-04-27,31.489999771118164,31.940000534057617,31.100000381469727,31.59000015258789,21.7231502532959,114600,0.0,0.0,0.0
2009-04-28,31.239999771118164,32.04999923706055,30.850000381469727,31.329999923706055,21.544353485107422,57800,0.0,0.0,0.0
2009-04-29,31.709999084472656,32.65999984741211,31.709999084472656,32.150001525878906,22.108243942260742,66100,0.0,0.0,0.0
2009-04-30,32.81999969482422,32.9900016784668,32.150001525878906,32.439998626708984,22.307655334472656,100400,0.0,0.0,0.0
2009-05-01,32.7400016784668,32.849998474121094,32.310001373291016,32.81999969482422,22.568971633911133,41800,0.0,0.0,0.0
2009-05-04,33.68000030517578,34.08000183105469,33.150001525878906,34.08000183105469,23.435426712036133,85300,0.0,0.0,0.0
2009-05-05,34.099998474121094,34.099998474121094,33.599998474121094,33.880001068115234,23.297887802124023,77400,0.0,0.0,0.0
2009-05-06,34.13999938964844,34.619998931884766,33.959999084472656,34.41999816894531,23.669227600097656,146000,0.0,0.0,0.0
2009-05-07,35.16999816894531,35.16999816894531,33.65999984741211,34.029998779296875,23.40103530883789,110600,0.0,0.0,0.0
2009-05-08,34.720001220703125,35.349998474121094,34.5,35.2400016784668,24.233112335205078,212900,0.0,0.0,0.0
2009-05-11,35.689998626708984,35.689998626708984,34.150001525878906,34.220001220703125,23.531696319580078,113100,0.0,0.0,0.0
2009-05-12,34.47999954223633,34.59000015258789,33.959999084472656,34.40999984741211,23.662351608276367,39900,0.0,0.0,0.0
2009-05-13,34.31999969482422,34.31999969482422,33.29999923706055,33.40999984741211,22.974687576293945,43500,0.0,0.0,0.0
2009-05-14,33.349998474121094,33.90999984741211,33.2599983215332,33.65999984741211,23.146610260009766,25900,0.0,0.0,0.0
2009-05-15,33.59000015258789,33.93000030517578,33.31999969482422,33.47999954223633,23.02281951904297,37400,0.0,0.0,0.0
2009-05-18,34.18000030517578,34.779998779296875,33.90999984741211,34.779998779296875,23.91678810119629,678800,0.0,0.0,0.0
2009-05-19,34.56999969482422,35.20000076293945,34.56999969482422,34.91999816894531,24.013057708740234,64600,0.0,0.0,0.0
2009-05-20,34.91999816894531,35.630001068115234,34.900001525878906,34.900001525878906,23.999303817749023,76300,0.0,0.0,0.0
2009-05-21,34.61000061035156,34.630001068115234,34.09000015258789,34.58000183105469,23.779253005981445,81100,0.0,0.0,0.0
2009-05-22,34.599998474121094,34.970001220703125,34.4900016784668,34.70000076293945,23.861772537231445,64400,0.0,0.0,0.0
2009-05-26,34.380001068115234,35.47999954223633,33.88999938964844,35.41999816894531,24.356887817382812,85800,0.0,0.0,0.0
2009-05-27,35.540000915527344,35.560001373291016,34.68000030517578,34.81999969482422,23.94428825378418,49200,0.0,0.0,0.0
2009-05-28,34.95000076293945,35.43000030517578,34.66999816894531,35.380001068115234,24.32938003540039,31800,0.0,0.0,0.0
2009-05-29,35.81999969482422,35.880001068115234,35.400001525878906,35.880001068115234,24.6732120513916,36100,0.0,0.0,0.0
2009-06-01,35.959999084472656,37.18000030517578,35.959999084472656,36.939998626708984,25.402122497558594,109800,0.0,0.0,0.0
2009-06-02,36.83000183105469,37.04999923706055,36.36000061035156,36.880001068115234,25.360864639282227,49500,0.0,0.0,0.0
2009-06-03,36.31999969482422,36.459999084472656,35.7400016784668,36.11000061035156,24.831369400024414,33800,0.0,0.0,0.0
2009-06-04,36.349998474121094,36.54999923706055,35.9900016784668,36.459999084472656,25.072046279907227,82000,0.0,0.0,0.0
2009-06-05,36.880001068115234,36.880001068115234,35.9900016784668,36.279998779296875,24.94826889038086,80900,0.0,0.0,0.0
2009-06-08,35.959999084472656,36.220001220703125,35.52000045776367,36.11000061035156,24.831369400024414,34000,0.0,0.0,0.0
2009-06-09,36.25,36.45000076293945,36.099998474121094,36.43000030517578,25.051414489746094,62500,0.0,0.0,0.0
2009-06-10,36.54999923706055,36.75,36.0,36.31999969482422,24.975772857666016,35700,0.0,0.0,0.0
2009-06-11,36.900001525878906,37.25,36.43000030517578,36.869998931884766,25.353986740112305,104800,0.0,0.0,0.0
2009-06-12,36.66999816894531,36.77000045776367,36.43000030517578,36.77000045776367,25.28522491455078,101900,0.0,0.0,0.0
2009-06-15,36.63999938964844,36.63999938964844,35.369998931884766,35.650001525878906,24.515052795410156,54000,0.0,0.0,0.0
2009-06-16,36.369998931884766,36.369998931884766,35.099998474121094,35.16999816894531,24.184961318969727,109800,0.0,0.0,0.0
2009-06-17,35.369998931884766,35.369998931884766,34.63999938964844,35.02000045776367,24.081823348999023,79700,0.0,0.0,0.0
2009-06-18,35.0,35.36000061035156,34.900001525878906,35.099998474121094,24.13682746887207,78400,0.0,0.0,0.0
2009-06-19,35.11000061035156,35.58000183105469,35.11000061035156,35.20000076293945,24.20560073852539,174400,0.0,0.0,0.0
2009-06-22,35.11000061035156,35.11000061035156,34.119998931884766,34.119998931884766,23.462926864624023,79700,0.0,0.0,0.0
2009-06-23,34.650001525878906,34.650001525878906,34.220001220703125,34.4900016784668,23.717365264892578,25500,0.0,0.0,0.0
2009-06-24,35.02000045776367,35.290000915527344,34.63999938964844,34.810001373291016,23.937410354614258,44600,0.0,0.0,0.0
2009-06-25,34.720001220703125,35.54999923706055,34.529998779296875,35.54999923706055,24.4462833404541,42500,0.0,0.0,0.0
2009-06-26,35.650001525878906,36.59000015258789,35.349998474121094,35.56999969482422,24.46003532409668,22300,0.0,0.0,0.0
2009-06-29,35.779998779296875,35.93000030517578,35.5,35.86000061035156,24.659454345703125,36000,0.0,0.0,0.0
2009-06-30,35.95000076293945,35.95000076293945,35.130001068115234,35.2599983215332,24.246862411499023,119600,0.0,0.0,0.0
2009-07-01,35.83000183105469,36.099998474121094,35.81999969482422,35.88999938964844,24.680076599121094,102500,0.0,0.0,0.0
2009-07-02,35.56999969482422,35.56999969482422,34.83000183105469,34.83000183105469,23.951162338256836,53800,0.0,0.0,0.0
2009-07-06,34.369998931884766,34.779998779296875,34.290000915527344,34.779998779296875,23.91678810119629,103900,0.0,0.0,0.0
2009-07-07,34.83000183105469,34.83000183105469,34.02000045776367,34.08000183105469,23.435426712036133,95800,0.0,0.0,0.0
2009-07-08,34.029998779296875,34.279998779296875,33.439998626708984,33.9900016784668,23.373533248901367,66500,0.0,0.0,0.0
2009-07-09,34.310001373291016,34.459999084472656,34.13999938964844,34.290000915527344,23.57982063293457,29600,0.0,0.0,0.0
2009-07-10,34.0099983215332,34.130001068115234,33.75,34.130001068115234,23.469797134399414,153000,0.0,0.0,0.0
2009-07-13,34.20000076293945,34.83000183105469,33.720001220703125,34.790000915527344,23.92366600036621,190100,0.0,0.0,0.0
2009-07-14,35.02000045776367,35.79999923706055,34.689998626708984,35.02000045776367,24.081823348999023,117500,0.0,0.0,0.0
2009-07-15,35.72999954223633,36.29999923706055,35.650001525878906,36.220001220703125,24.90701675415039,280500,0.0,0.0,0.0
2009-07-16,36.06999969482422,36.52000045776367,36.0,36.38999938964844,25.02391815185547,156700,0.0,0.0,0.0
2009-07-17,36.36000061035156,36.540000915527344,36.189998626708984,36.470001220703125,25.07892417907715,72600,0.0,0.0,0.0
2009-07-20,37.02000045776367,37.16999816894531,36.779998779296875,37.15999984741211,25.55341148376465,99300,0.0,0.0,0.0
2009-07-21,37.5,37.540000915527344,36.83000183105469,37.15999984741211,25.55341148376465,97000,0.0,0.0,0.0
2009-07-22,37.040000915527344,37.4900016784668,36.86000061035156,37.27000045776367,25.629051208496094,222900,0.0,0.0,0.0
2009-07-23,37.310001373291016,38.25,37.27000045776367,38.099998474121094,26.199817657470703,897600,0.0,0.0,0.0
2009-07-24,37.97999954223633,38.20000076293945,37.65999984741211,38.20000076293945,26.268577575683594,82400,0.0,0.0,0.0
2009-07-27,38.25,38.34000015258789,37.900001525878906,38.34000015258789,26.36484718322754,39800,0.0,0.0,0.0
2009-07-28,38.040000915527344,38.20000076293945,37.70000076293945,38.18000030517578,26.254831314086914,32700,0.0,0.0,0.0
2009-07-29,38.08000183105469,38.08000183105469,37.599998474121094,37.77000045776367,25.972883224487305,50200,0.0,0.0,0.0
2009-07-30,38.470001220703125,38.869998931884766,38.400001525878906,38.540000915527344,26.50238037109375,69100,0.0,0.0,0.0
2009-07-31,38.709999084472656,39.06999969482422,38.5099983215332,38.83000183105469,26.70180320739746,77100,0.0,0.0,0.0
2009-08-03,39.560001373291016,39.72999954223633,39.310001373291016,39.66999816894531,27.279436111450195,81300,0.0,0.0,0.0
2009-08-04,39.27000045776367,39.720001220703125,39.189998626708984,39.540000915527344,27.190034866333008,100200,0.0,0.0,0.0
2009-08-05,39.54999923706055,39.63999938964844,39.04999923706055,39.5,27.16253089904785,116800,0.0,0.0,0.0
2009-08-06,39.7599983215332,39.79999923706055,39.0,39.2400016784668,26.98373794555664,55700,0.0,0.0,0.0
2009-08-07,39.52000045776367,39.709999084472656,39.279998779296875,39.52000045776367,27.17629623413086,157800,0.0,0.0,0.0
2009-08-10,39.52000045776367,39.52000045776367,39.0099983215332,39.27000045776367,27.004375457763672,70500,0.0,0.0,0.0
2009-08-11,39.11000061035156,39.15999984741211,38.63999938964844,38.849998474121094,26.71555519104004,76900,0.0,0.0,0.0
2009-08-12,38.849998474121094,39.540000915527344,38.79999923706055,39.279998779296875,27.011247634887695,54500,0.0,0.0,0.0
2009-08-13,40.02000045776367,40.02000045776367,39.310001373291016,39.77000045776367,27.34819984436035,252900,0.0,0.0,0.0
2009-08-14,39.83000183105469,39.83000183105469,39.040000915527344,39.36000061035156,27.06626319885254,56400,0.0,0.0,0.0
2009-08-17,38.38999938964844,38.41999816894531,38.029998779296875,38.189998626708984,26.261690139770508,70800,0.0,0.0,0.0
2009-08-18,38.52000045776367,38.81999969482422,38.369998931884766,38.709999084472656,26.61928367614746,116900,0.0,0.0,0.0
2009-08-19,38.27000045776367,39.09000015258789,37.81999969482422,38.869998931884766,26.729305267333984,66800,0.0,0.0,0.0
2009-08-20,39.08000183105469,39.439998626708984,39.06999969482422,39.31999969482422,27.03875732421875,72500,0.0,0.0,0.0
2009-08-21,39.7599983215332,40.2400016784668,39.689998626708984,40.119998931884766,27.588884353637695,132900,0.0,0.0,0.0
2009-08-24,40.16999816894531,40.59000015258789,40.08000183105469,40.16999816894531,27.62325668334961,185800,0.0,0.0,0.0
2009-08-25,40.619998931884766,40.689998626708984,40.2599983215332,40.279998779296875,27.698904037475586,785500,0.0,0.0,0.0
2009-08-26,40.16999816894531,40.2400016784668,39.90999984741211,40.150001525878906,27.609512329101562,457200,0.0,0.0,0.0
2009-08-27,40.0,40.47999954223633,39.650001525878906,40.27000045776367,27.69202995300293,181200,0.0,0.0,0.0
2009-08-28,40.79999923706055,40.79999923706055,40.060001373291016,40.2599983215332,27.685142517089844,97500,0.0,0.0,0.0
2009-08-31,40.56999969482422,40.56999969482422,39.61000061035156,39.869998931884766,27.416963577270508,220000,0.0,0.0,0.0
2009-09-01,39.810001373291016,40.16999816894531,38.88999938964844,39.0,26.818714141845703,312300,0.0,0.0,0.0
2009-09-02,38.90999984741211,39.25,38.72999954223633,39.06999969482422,26.866844177246094,45600,0.0,0.0,0.0
2009-09-03,39.47999954223633,39.5,39.09000015258789,39.5,27.16253089904785,76000,0.0,0.0,0.0
2009-09-04,39.630001068115234,40.099998474121094,39.369998931884766,40.0,27.50635528564453,80900,0.0,0.0,0.0
2009-09-08,40.869998931884766,40.9900016784668,40.5,40.72999954223633,28.008352279663086,86500,0.0,0.0,0.0
2009-09-09,40.56999969482422,41.25,40.56999969482422,41.099998474121094,28.262781143188477,105000,0.0,0.0,0.0
2009-09-10,41.13999938964844,41.529998779296875,40.84000015258789,41.529998779296875,28.55848503112793,100700,0.0,0.0,0.0
2009-09-11,41.650001525878906,41.77000045776367,41.31999969482422,41.47999954223633,28.524089813232422,68100,0.0,0.0,0.0
2009-09-14,42.0099983215332,42.0099983215332,41.08000183105469,41.61000061035156,28.61349105834961,48400,0.0,0.0,0.0
2009-09-15,41.61000061035156,41.88999938964844,41.279998779296875,41.790000915527344,28.737266540527344,85400,0.0,0.0,0.0
2009-09-16,42.279998779296875,42.58000183105469,41.97999954223633,42.5099983215332,29.23238182067871,140400,0.0,0.0,0.0
2009-09-17,42.47999954223633,43.0,42.22999954223633,42.439998626708984,29.184242248535156,174500,0.0,0.0,0.0
2009-09-18,42.560001373291016,42.619998931884766,42.27000045776367,42.459999084472656,29.19800567626953,54700,0.0,0.0,0.0
2009-09-21,42.0,42.20000076293945,41.7599983215332,42.11000061035156,28.957317352294922,113300,0.0,0.0,0.0
2009-09-22,42.52000045776367,42.779998779296875,42.400001525878906,42.709999084472656,29.36992645263672,803400,0.0,0.0,0.0
2009-09-23,42.900001525878906,43.0,42.11000061035156,42.16999816894531,28.998580932617188,116000,0.0,0.0,0.0
2009-09-24,42.47999954223633,42.47999954223633,41.349998474121094,41.54999923706055,28.572229385375977,54600,0.0,0.0,0.0
2009-09-25,41.529998779296875,41.7400016784668,41.2599983215332,41.45000076293945,28.50346565246582,75800,0.0,0.0,0.0
2009-09-28,41.560001373291016,42.220001220703125,41.5099983215332,42.06999969482422,28.929811477661133,122300,0.0,0.0,0.0
2009-09-29,42.2400016784668,42.2400016784668,41.7599983215332,42.0099983215332,28.8885555267334,168400,0.0,0.0,0.0
2009-09-30,42.279998779296875,42.34000015258789,41.5099983215332,41.959999084472656,28.85417366027832,63600,0.0,0.0,0.0
2009-10-01,41.810001373291016,41.810001373291016,40.779998779296875,40.869998931884766,28.104625701904297,92800,0.0,0.0,0.0
2009-10-02,40.2599983215332,40.849998474121094,40.0,40.66999816894531,27.967092514038086,1112100,0.0,0.0,0.0
2009-10-05,40.72999954223633,41.33000183105469,40.599998474121094,41.22999954223633,28.35218048095703,99600,0.0,0.0,0.0
2009-10-06,41.72999954223633,42.119998931884766,41.5,41.7400016784668,28.70288848876953,198000,0.0,0.0,0.0
2009-10-07,41.81999969482422,41.95000076293945,41.599998474121094,41.939998626708984,28.840421676635742,1039800,0.0,0.0,0.0
2009-10-08,42.4900016784668,42.709999084472656,42.189998626708984,42.52000045776367,29.23925018310547,102700,0.0,0.0,0.0
2009-10-09,42.47999954223633,42.58000183105469,42.220001220703125,42.58000183105469,29.280513763427734,57900,0.0,0.0,0.0
2009-10-12,42.63999938964844,43.20000076293945,42.63999938964844,42.79999923706055,29.431806564331055,67000,0.0,0.0,0.0
2009-10-13,42.709999084472656,42.77000045776367,42.38999938964844,42.709999084472656,29.36992645263672,73200,0.0,0.0,0.0
2009-10-14,43.560001373291016,43.709999084472656,43.25,43.709999084472656,30.057580947875977,109600,0.0,0.0,0.0
2009-10-15,43.52000045776367,43.779998779296875,43.369998931884766,43.7599983215332,30.091964721679688,103900,0.0,0.0,0.0
2009-10-16,43.27000045776367,43.38999938964844,42.939998626708984,43.2599983215332,29.74811553955078,74200,0.0,0.0,0.0
2009-10-19,43.529998779296875,43.95000076293945,43.38999938964844,43.869998931884766,30.167606353759766,123200,0.0,0.0,0.0
2009-10-20,43.88999938964844,44.060001373291016,43.20000076293945,43.41999816894531,29.858154296875,236300,0.0,0.0,0.0
2009-10-21,43.439998626708984,43.95000076293945,43.25,43.25,29.741252899169922,140900,0.0,0.0,0.0
2009-10-22,43.310001373291016,43.790000915527344,42.86000061035156,43.689998626708984,30.0438175201416,84900,0.0,0.0,0.0
2009-10-23,43.63999938964844,43.72999954223633,42.849998474121094,43.09000015258789,29.6312313079834,110300,0.0,0.0,0.0
2009-10-26,43.27000045776367,43.56999969482422,42.349998474121094,42.5099983215332,29.23238182067871,144700,0.0,0.0,0.0
2009-10-27,42.43000030517578,42.619998931884766,42.040000915527344,42.150001525878906,28.984838485717773,63000,0.0,0.0,0.0
2009-10-28,41.900001525878906,41.959999084472656,40.90999984741211,40.970001220703125,28.17339515686035,200000,0.0,0.0,0.0
2009-10-29,41.459999084472656,42.400001525878906,41.41999816894531,42.400001525878906,29.15674591064453,135200,0.0,0.0,0.0
2009-10-30,42.20000076293945,42.20000076293945,40.70000076293945,40.900001525878906,28.125259399414062,163200,0.0,0.0,0.0
2009-11-02,41.130001068115234,41.68000030517578,40.70000076293945,41.16999816894531,28.310932159423828,90200,0.0,0.0,0.0
2009-11-03,40.779998779296875,41.310001373291016,40.630001068115234,41.2599983215332,28.372819900512695,186600,0.0,0.0,0.0
2009-11-04,41.59000015258789,42.0,41.5,41.529998779296875,28.55848503112793,226200,0.0,0.0,0.0
2009-11-05,41.95000076293945,42.25,41.810001373291016,42.209999084472656,29.026079177856445,448400,0.0,0.0,0.0
2009-11-06,41.7599983215332,42.25,41.72999954223633,42.209999084472656,29.026079177856445,92500,0.0,0.0,0.0
2009-11-09,43.029998779296875,43.4900016784668,42.790000915527344,43.470001220703125,29.89253807067871,215200,0.0,0.0,0.0
2009-11-10,43.099998474121094,43.5,43.029998779296875,43.38999938964844,29.837526321411133,92300,0.0,0.0,0.0
2009-11-11,43.790000915527344,43.880001068115234,43.400001525878906,43.650001525878906,30.01632308959961,158800,0.0,0.0,0.0
2009-11-12,43.43000030517578,43.599998474121094,42.91999816894531,43.02000045776367,29.583086013793945,90400,0.0,0.0,0.0
2009-11-13,43.2599983215332,43.58000183105469,43.0,43.459999084472656,29.88566780090332,67400,0.0,0.0,0.0
2009-11-16,43.869998931884766,44.349998474121094,43.810001373291016,44.13999938964844,30.353267669677734,130200,0.0,0.0,0.0
2009-11-17,43.63999938964844,44.060001373291016,43.630001068115234,44.040000915527344,30.28449821472168,53100,0.0,0.0,0.0
2009-11-18,47.43000030517578,47.43000030517578,43.68000030517578,44.40999984741211,30.53894805908203,71700,0.0,0.0,0.0
2009-11-19,43.54999923706055,43.630001068115234,42.900001525878906,43.31999969482422,29.789390563964844,210800,0.0,0.0,0.0
2009-11-20,42.970001220703125,43.09000015258789,42.75,43.029998779296875,29.5899715423584,94200,0.0,0.0,0.0
2009-11-23,43.75,44.040000915527344,43.619998931884766,43.75,30.08509635925293,81000,0.0,0.0,0.0
2009-11-24,43.79999923706055,43.79999923706055,43.2400016784668,43.5099983215332,29.9200382232666,689500,0.0,0.0,0.0
2009-11-25,43.84000015258789,44.04999923706055,43.66999816894531,44.029998779296875,30.27762794494629,75500,0.0,0.0,0.0
2009-11-27,42.06999969482422,43.18000030517578,42.06999969482422,42.88999938964844,29.493688583374023,86400,0.0,0.0,0.0
2009-11-30,43.209999084472656,43.2400016784668,42.68000030517578,43.08000183105469,29.624353408813477,76800,0.0,0.0,0.0
2009-12-01,43.880001068115234,44.150001525878906,43.70000076293945,43.9900016784668,30.250120162963867,426800,0.0,0.0,0.0
2009-12-02,44.060001373291016,44.29999923706055,43.93000030517578,44.06999969482422,30.305143356323242,77700,0.0,0.0,0.0
2009-12-03,44.5099983215332,44.5099983215332,43.77000045776367,43.77000045776367,30.098857879638672,83300,0.0,0.0,0.0
2009-12-04,44.36000061035156,44.5,43.59000015258789,43.849998474121094,30.153837203979492,84500,0.0,0.0,0.0
2009-12-07,43.83000183105469,43.959999084472656,43.599998474121094,43.619998931884766,29.995683670043945,69400,0.0,0.0,0.0
2009-12-08,43.36000061035156,43.58000183105469,42.900001525878906,43.040000915527344,29.596847534179688,126800,0.0,0.0,0.0
2009-12-09,43.130001068115234,43.130001068115234,42.66999816894531,43.119998931884766,29.651851654052734,52600,0.0,0.0,0.0
2009-12-10,43.45000076293945,43.470001220703125,43.18000030517578,43.31999969482422,29.789390563964844,38100,0.0,0.0,0.0
2009-12-11,43.529998779296875,43.529998779296875,43.209999084472656,43.38999938964844,29.837526321411133,84400,0.0,0.0,0.0
2009-12-14,43.709999084472656,43.79999923706055,43.459999084472656,43.72999954223633,30.071325302124023,674600,0.0,0.0,0.0
2009-12-15,43.5,43.58000183105469,43.29999923706055,43.400001525878906,29.844402313232422,138500,0.0,0.0,0.0
2009-12-16,43.79999923706055,43.880001068115234,43.560001373291016,43.65999984741211,30.02318000793457,86700,0.0,0.0,0.0
2009-12-17,43.119998931884766,43.150001525878906,42.720001220703125,42.79999923706055,29.431806564331055,252200,0.0,0.0,0.0
2009-12-18,43.029998779296875,43.08000183105469,42.54999923706055,43.0,29.569334030151367,102100,0.0,0.0,0.0
2009-12-21,43.290000915527344,43.45000076293945,43.11000061035156,43.22999954223633,29.72750473022461,68000,0.0,0.0,0.0
2009-12-22,43.4900016784668,43.52000045776367,43.29999923706055,43.47999954223633,29.8994140625,117300,0.0,0.0,0.0
2009-12-23,43.779998779296875,43.779998779296875,43.459999084472656,43.720001220703125,30.06444549560547,140400,0.0,0.0,0.0
2009-12-24,43.25,43.33000183105469,43.20000076293945,43.31999969482422,30.247392654418945,68000,0.662,0.0,0.0
2009-12-28,43.560001373291016,43.560001373291016,43.29999923706055,43.41999816894531,30.31721305847168,93300,0.0,0.0,0.0
2009-12-29,43.540000915527344,43.720001220703125,43.349998474121094,43.400001525878906,30.30324935913086,96300,0.0,0.0,0.0
2009-12-30,43.16999816894531,43.459999084472656,43.11000061035156,43.310001373291016,30.240407943725586,109600,0.0,0.0,0.0
2009-12-31,43.59000015258789,44.4900016784668,43.029998779296875,43.09000015258789,30.086795806884766,135400,0.0,0.0,0.0
2010-01-04,43.72999954223633,44.150001525878906,43.54999923706055,44.099998474121094,30.79201889038086,367700,0.0,0.0,0.0
2010-01-05,44.209999084472656,44.31999969482422,43.959999084472656,44.22999954223633,30.882768630981445,994000,0.0,0.0,0.0
2010-01-06,44.16999816894531,44.45000076293945,44.11000061035156,44.45000076293945,31.036392211914062,135600,0.0,0.0,0.0
2010-01-07,44.279998779296875,44.38999938964844,43.95000076293945,44.279998779296875,30.91769790649414,874300,0.0,0.0,0.0
2010-01-08,44.279998779296875,44.56999969482422,44.0,44.56999969482422,31.120201110839844,92300,0.0,0.0,0.0
2010-01-11,44.849998474121094,44.93000030517578,44.529998779296875,44.709999084472656,31.21792984008789,172300,0.0,0.0,0.0
2010-01-12,44.43000030517578,44.43000030517578,44.02000045776367,44.209999084472656,30.868818283081055,100100,0.0,0.0,0.0
2010-01-13,44.369998931884766,44.630001068115234,44.040000915527344,44.54999923706055,31.10621452331543,770200,0.0,0.0,0.0
2010-01-14,44.54999923706055,44.689998626708984,44.41999816894531,44.66999816894531,31.18999671936035,94400,0.0,0.0,0.0
2010-01-15,44.5,44.599998474121094,43.900001525878906,44.18000030517578,30.84787940979004,301700,0.0,0.0,0.0
2010-01-19,44.220001220703125,44.70000076293945,44.0,44.70000076293945,31.210952758789062,288500,0.0,0.0,0.0
2010-01-20,44.099998474121094,44.099998474121094,43.380001068115234,43.810001373291016,30.589527130126953,170500,0.0,0.0,0.0
2010-01-21,43.849998474121094,43.86000061035156,42.720001220703125,42.84000015258789,29.912242889404297,970700,0.0,0.0,0.0
2010-01-22,42.59000015258789,42.75,41.83000183105469,41.959999084472656,29.29779815673828,137900,0.0,0.0,0.0
2010-01-25,42.38999938964844,42.56999969482422,42.15999984741211,42.279998779296875,29.521211624145508,140000,0.0,0.0,0.0
2010-01-26,42.060001373291016,42.36000061035156,41.7599983215332,42.06999969482422,29.37460708618164,148800,0.0,0.0,0.0
2010-01-27,41.86000061035156,41.9900016784668,41.380001068115234,41.91999816894531,29.269853591918945,279800,0.0,0.0,0.0
2010-01-28,42.18000030517578,42.18000030517578,41.040000915527344,41.29999923706055,28.836952209472656,250200,0.0,0.0,0.0
2010-01-29,41.58000183105469,41.72999954223633,40.70000076293945,40.88999938964844,28.55069923400879,151000,0.0,0.0,0.0
2010-02-01,41.29999923706055,41.720001220703125,41.25,41.720001220703125,29.130220413208008,146500,0.0,0.0,0.0
2010-02-02,41.93000030517578,42.369998931884766,41.720001220703125,42.36000061035156,29.577098846435547,133400,0.0,0.0,0.0
2010-02-03,42.27000045776367,42.27000045776367,41.810001373291016,42.0,29.325719833374023,82600,0.0,0.0,0.0
2010-02-04,41.5099983215332,41.5099983215332,40.33000183105469,40.5099983215332,28.285362243652344,182000,0.0,0.0,0.0
2010-02-05,40.22999954223633,40.33000183105469,39.22999954223633,40.15999984741211,28.040990829467773,373900,0.0,0.0,0.0
2010-02-08,39.9900016784668,40.43000030517578,39.779998779296875,39.900001525878906,27.85942840576172,119600,0.0,0.0,0.0
2010-02-09,40.560001373291016,41.029998779296875,40.150001525878906,40.7599983215332,28.459918975830078,103900,0.0,0.0,0.0
2010-02-10,40.72999954223633,40.72999954223633,40.15999984741211,40.540000915527344,28.306304931640625,118500,0.0,0.0,0.0
2010-02-11,40.52000045776367,41.130001068115234,40.290000915527344,41.06999969482422,28.676362991333008,95400,0.0,0.0,0.0
2010-02-12,40.470001220703125,40.849998474121094,40.2599983215332,40.81999969482422,28.501813888549805,52800,0.0,0.0,0.0
2010-02-16,41.220001220703125,41.66999816894531,41.0,41.65999984741211,29.08832550048828,207700,0.0,0.0,0.0
2010-02-17,41.86000061035156,41.970001220703125,41.619998931884766,41.81999969482422,29.200040817260742,86300,0.0,0.0,0.0
2010-02-18,41.70000076293945,42.099998474121094,41.63999938964844,42.060001373291016,29.36762809753418,129200,0.0,0.0,0.0
2010-02-19,41.77000045776367,42.06999969482422,41.560001373291016,41.959999084472656,29.29779815673828,148500,0.0,0.0,0.0
2010-02-22,42.06999969482422,42.18000030517578,41.849998474121094,42.0,29.325719833374023,200200,0.0,0.0,0.0
2010-02-23,41.91999816894531,41.91999816894531,41.15999984741211,41.2400016784668,28.795066833496094,137300,0.0,0.0,0.0
2010-02-24,41.43000030517578,41.79999923706055,41.31999969482422,41.59000015258789,29.039447784423828,145900,0.0,0.0,0.0
2010-02-25,41.0099983215332,41.5,40.72999954223633,41.5,28.97662353515625,169900,0.0,0.0,0.0
2010-02-26,41.54999923706055,41.81999969482422,41.36000061035156,41.7400016784668,29.144180297851562,94700,0.0,0.0,0.0
2010-03-01,41.900001525878906,42.25,41.880001068115234,42.11000061035156,29.402528762817383,91600,0.0,0.0,0.0
2010-03-02,42.459999084472656,42.689998626708984,42.279998779296875,42.470001220703125,29.653898239135742,71700,0.0,0.0,0.0
2010-03-03,42.81999969482422,42.97999954223633,42.54999923706055,42.61000061035156,29.751644134521484,163400,0.0,0.0,0.0
2010-03-04,42.720001220703125,42.81999969482422,42.40999984741211,42.689998626708984,29.807514190673828,73500,0.0,0.0,0.0
2010-03-05,43.04999923706055,43.52000045776367,42.88999938964844,43.45000076293945,30.338165283203125,82400,0.0,0.0,0.0
2010-03-08,43.560001373291016,43.630001068115234,43.400001525878906,43.5,30.373065948486328,90900,0.0,0.0,0.0
2010-03-09,43.25,43.689998626708984,43.20000076293945,43.5,30.373065948486328,70800,0.0,0.0,0.0
2010-03-10,43.560001373291016,43.849998474121094,43.459999084472656,43.70000076293945,30.512712478637695,62600,0.0,0.0,0.0
2010-03-11,43.630001068115234,43.779998779296875,43.40999984741211,43.779998779296875,30.56858253479004,2037000,0.0,0.0,0.0
2010-03-12,44.060001373291016,44.060001373291016,43.72999954223633,43.86000061035156,30.62442970275879,72900,0.0,0.0,0.0
2010-03-15,43.650001525878906,43.720001220703125,43.34000015258789,43.68000030517578,30.49875831604004,68800,0.0,0.0,0.0
2010-03-16,43.869998931884766,44.16999816894531,43.689998626708984,44.16999816894531,30.84088706970215,43600,0.0,0.0,0.0
2010-03-17,44.380001068115234,44.560001373291016,44.279998779296875,44.36000061035156,30.97355079650879,114300,0.0,0.0,0.0
2010-03-18,44.369998931884766,44.45000076293945,44.0099983215332,44.189998626708984,30.854839324951172,44700,0.0,0.0,0.0
2010-03-19,43.86000061035156,44.29999923706055,43.66999816894531,43.86000061035156,30.62442970275879,70700,0.0,0.0,0.0
2010-03-22,43.40999984741211,44.06999969482422,43.29999923706055,43.97999954223633,30.708221435546875,76400,0.0,0.0,0.0
2010-03-23,44.130001068115234,44.400001525878906,44.0,44.369998931884766,30.980520248413086,99000,0.0,0.0,0.0
2010-03-24,43.95000076293945,44.400001525878906,43.779998779296875,44.0099983215332,30.729171752929688,803100,0.0,0.0,0.0
2010-03-25,44.38999938964844,44.43000030517578,43.79999923706055,43.869998931884766,30.631423950195312,68100,0.0,0.0,0.0
2010-03-26,44.13999938964844,44.290000915527344,43.83000183105469,44.040000915527344,30.75010871887207,203000,0.0,0.0,0.0
2010-03-29,44.47999954223633,44.540000915527344,44.29999923706055,44.45000076293945,31.036392211914062,80000,0.0,0.0,0.0
2010-03-30,44.630001068115234,44.70000076293945,44.31999969482422,44.560001373291016,31.113191604614258,134000,0.0,0.0,0.0
2010-03-31,44.5,44.66999816894531,44.29999923706055,44.52000045776367,31.085269927978516,71700,0.0,0.0,0.0
2010-04-01,44.97999954223633,45.15999984741211,44.83000183105469,45.06999969482422,31.469297409057617,121100,0.0,0.0,0.0
2010-04-05,45.2599983215332,45.45000076293945,45.06999969482422,45.40999984741211,31.706689834594727,96400,0.0,0.0,0.0
2010-04-06,45.209999084472656,45.45000076293945,45.04999923706055,45.41999816894531,31.71367645263672,92800,0.0,0.0,0.0
2010-04-07,45.34000015258789,45.34000015258789,44.900001525878906,45.06999969482422,31.469297409057617,92500,0.0,0.0,0.0
2010-04-08,44.849998474121094,45.189998626708984,44.599998474121094,45.13999938964844,31.518177032470703,57300,0.0,0.0,0.0
2010-04-09,45.31999969482422,45.58000183105469,45.290000915527344,45.58000183105469,31.82539176940918,97900,0.0,0.0,0.0
2010-04-12,45.56999969482422,45.790000915527344,45.56999969482422,45.66999816894531,31.888240814208984,178700,0.0,0.0,0.0
2010-04-13,45.61000061035156,45.689998626708984,45.220001220703125,45.630001068115234,31.860301971435547,120200,0.0,0.0,0.0
2010-04-14,45.97999954223633,46.189998626708984,45.810001373291016,46.18000030517578,32.244319915771484,213200,0.0,0.0,0.0
2010-04-15,46.54999923706055,46.54999923706055,45.900001525878906,46.130001068115234,32.209415435791016,84200,0.0,0.0,0.0
2010-04-16,45.88999938964844,45.88999938964844,44.95000076293945,45.22999954223633,31.581003189086914,136200,0.0,0.0,0.0
2010-04-19,44.77000045776367,45.209999084472656,44.59000015258789,45.18000030517578,31.546100616455078,120400,0.0,0.0,0.0
2010-04-20,45.59000015258789,45.59000015258789,45.310001373291016,45.52000045776367,31.783491134643555,73300,0.0,0.0,0.0
2010-04-21,45.540000915527344,45.540000915527344,45.099998474121094,45.36000061035156,31.67178726196289,138800,0.0,0.0,0.0
2010-04-22,44.900001525878906,45.279998779296875,44.599998474121094,45.220001220703125,31.574037551879883,129100,0.0,0.0,0.0
2010-04-23,45.290000915527344,45.59000015258789,45.0,45.59000015258789,31.83237075805664,95000,0.0,0.0,0.0
2010-04-26,45.560001373291016,45.75,45.459999084472656,45.5099983215332,31.776508331298828,115400,0.0,0.0,0.0
2010-04-27,45.099998474121094,45.279998779296875,44.0,44.099998474121094,30.79201889038086,182300,0.0,0.0,0.0
2010-04-28,44.380001068115234,44.459999084472656,43.79999923706055,44.16999816894531,30.84088706970215,169500,0.0,0.0,0.0
2010-04-29,44.54999923706055,44.95000076293945,44.54999923706055,44.90999984741211,31.35759162902832,107000,0.0,0.0,0.0
2010-04-30,45.0099983215332,45.0099983215332,44.290000915527344,44.31999969482422,30.94562339782715,187100,0.0,0.0,0.0
2010-05-03,44.5,44.86000061035156,44.41999816894531,44.72999954223633,31.231889724731445,81500,0.0,0.0,0.0
2010-05-04,43.72999954223633,43.79999923706055,43.0,43.22999954223633,30.18456268310547,177800,0.0,0.0,0.0
2010-05-05,42.380001068115234,43.11000061035156,42.310001373291016,42.66999816894531,29.79353904724121,319900,0.0,0.0,0.0
2010-05-06,42.4900016784668,42.7599983215332,40.0,41.029998779296875,28.648441314697266,367700,0.0,0.0,0.0
2010-05-07,41.18000030517578,41.9900016784668,39.970001220703125,40.72999954223633,28.438966751098633,250600,0.0,0.0,0.0
2010-05-10,42.689998626708984,43.66999816894531,42.59000015258789,43.04999923706055,30.058862686157227,214700,0.0,0.0,0.0
2010-05-11,42.22999954223633,43.099998474121094,42.22999954223633,42.529998779296875,29.69578742980957,213600,0.0,0.0,0.0
2010-05-12,42.540000915527344,43.150001525878906,42.540000915527344,43.04999923706055,30.058862686157227,81700,0.0,0.0,0.0
2010-05-13,42.95000076293945,43.099998474121094,42.5,42.56999969482422,29.723724365234375,173800,0.0,0.0,0.0
2010-05-14,42.15999984741211,42.220001220703125,41.25,41.56999969482422,29.025493621826172,164000,0.0,0.0,0.0
2010-05-17,41.650001525878906,41.84000015258789,40.709999084472656,41.650001525878906,29.081340789794922,92700,0.0,0.0,0.0
2010-05-18,41.970001220703125,42.11000061035156,40.75,40.95000076293945,28.59258460998535,140300,0.0,0.0,0.0
2010-05-19,40.619998931884766,41.0,40.119998931884766,40.68000030517578,28.4040584564209,144800,0.0,0.0,0.0
2010-05-20,39.849998474121094,39.849998474121094,39.0,39.13999938964844,27.328781127929688,330600,0.0,0.0,0.0
2010-05-21,38.779998779296875,40.0099983215332,38.5,40.0,27.92925453186035,394800,0.0,0.0,0.0
2010-05-24,39.84000015258789,39.95000076293945,39.31999969482422,39.38999938964844,27.503347396850586,97200,0.0,0.0,0.0
2010-05-25,38.470001220703125,39.220001220703125,37.93000030517578,39.119998931884766,27.314828872680664,292700,0.0,0.0,0.0
2010-05-26,39.439998626708984,39.779998779296875,38.83000183105469,38.880001068115234,27.147245407104492,69500,0.0,0.0,0.0
2010-05-27,39.9900016784668,40.70000076293945,39.79999923706055,40.70000076293945,28.41802978515625,66400,0.0,0.0,0.0
2010-05-28,40.540000915527344,40.61000061035156,39.79999923706055,39.939998626708984,27.88736343383789,62400,0.0,0.0,0.0
2010-06-01,39.59000015258789,40.369998931884766,39.45000076293945,39.45000076293945,27.54523277282715,136900,0.0,0.0,0.0
2010-06-02,39.61000061035156,40.560001373291016,39.560001373291016,40.560001373291016,28.320266723632812,27700,0.0,0.0,0.0
2010-06-03,40.61000061035156,40.79999923706055,40.16999816894531,40.599998474121094,28.348201751708984,71500,0.0,0.0,0.0
2010-06-04,39.529998779296875,39.869998931884766,38.900001525878906,39.06999969482422,27.279911041259766,125200,0.0,0.0,0.0
2010-06-07,39.279998779296875,39.400001525878906,38.560001373291016,38.59000015258789,26.944759368896484,67400,0.0,0.0,0.0
2010-06-08,38.59000015258789,39.16999816894531,38.439998626708984,39.13999938964844,27.328781127929688,89800,0.0,0.0,0.0
2010-06-09,39.459999084472656,39.779998779296875,38.84000015258789,39.040000915527344,27.258956909179688,137800,0.0,0.0,0.0
2010-06-10,39.93000030517578,40.349998474121094,39.65999984741211,40.279998779296875,28.1247501373291,69000,0.0,0.0,0.0
2010-06-11,39.93000030517578,40.45000076293945,39.849998474121094,40.45000076293945,28.24346351623535,33800,0.0,0.0,0.0
2010-06-14,40.810001373291016,41.06999969482422,40.43000030517578,40.43000030517578,28.22948455810547,226400,0.0,0.0,0.0
2010-06-15,40.93000030517578,41.650001525878906,40.88999938964844,41.650001525878906,29.081340789794922,61100,0.0,0.0,0.0
2010-06-16,41.2599983215332,41.66999816894531,41.189998626708984,41.540000915527344,29.00453758239746,41400,0.0,0.0,0.0
2010-06-17,41.709999084472656,41.709999084472656,41.220001220703125,41.560001373291016,29.018510818481445,34400,0.0,0.0,0.0
2010-06-18,41.65999984741211,41.72999954223633,41.47999954223633,41.61000061035156,29.053409576416016,46200,0.0,0.0,0.0
2010-06-21,42.20000076293945,42.34000015258789,41.5099983215332,41.70000076293945,29.11625862121582,63000,0.0,0.0,0.0
2010-06-22,41.68000030517578,41.880001068115234,41.0,41.029998779296875,28.648441314697266,74000,0.0,0.0,0.0
2010-06-23,41.209999084472656,41.369998931884766,40.79999923706055,41.09000015258789,28.69034194946289,39000,0.0,0.0,0.0
2010-06-24,40.869998931884766,40.869998931884766,40.29999923706055,40.36000061035156,28.180622100830078,77200,0.0,0.0,0.0
2010-06-25,40.5099983215332,40.79999923706055,40.18000030517578,40.630001068115234,28.369144439697266,36300,0.0,0.0,0.0
2010-06-28,40.619998931884766,40.779998779296875,40.38999938964844,40.43000030517578,28.22948455810547,49200,0.0,0.0,0.0
2010-06-29,39.779998779296875,39.779998779296875,38.900001525878906,39.11000061035156,27.307828903198242,179400,0.0,0.0,0.0
2010-06-30,39.099998474121094,39.43000030517578,38.75,38.81999969482422,27.105350494384766,41200,0.0,0.0,0.0
2010-07-01,39.0099983215332,39.11000061035156,38.310001373291016,38.93000030517578,27.182147979736328,92900,0.0,0.0,0.0
2010-07-02,39.150001525878906,39.209999084472656,38.599998474121094,38.880001068115234,27.147245407104492,75400,0.0,0.0,0.0
2010-07-06,39.709999084472656,39.97999954223633,39.060001373291016,39.380001068115234,27.49636459350586,149500,0.0,0.0,0.0
2010-07-07,39.540000915527344,40.56999969482422,39.5099983215332,40.54999923706055,28.313278198242188,54700,0.0,0.0,0.0
2010-07-08,40.81999969482422,40.93000030517578,40.41999816894531,40.88999938964844,28.55069923400879,107900,0.0,0.0,0.0
2010-07-09,40.81999969482422,41.16999816894531,40.77000045776367,41.16999816894531,28.746196746826172,46000,0.0,0.0,0.0
2010-07-12,40.93000030517578,41.150001525878906,40.75,40.9900016784668,28.62050437927246,54400,0.0,0.0,0.0
2010-07-13,41.54999923706055,41.7599983215332,41.45000076293945,41.65999984741211,29.08832550048828,93000,0.0,0.0,0.0
2010-07-14,41.630001068115234,41.81999969482422,41.400001525878906,41.66999816894531,29.095306396484375,55700,0.0,0.0,0.0
2010-07-15,41.720001220703125,41.83000183105469,41.20000076293945,41.72999954223633,29.137210845947266,98900,0.0,0.0,0.0
2010-07-16,41.41999816894531,41.41999816894531,40.470001220703125,40.5099983215332,28.285362243652344,66800,0.0,0.0,0.0
2010-07-19,40.91999816894531,40.970001220703125,40.5,40.779998779296875,28.473894119262695,212800,0.0,0.0,0.0
2010-07-20,40.2599983215332,41.27000045776367,40.20000076293945,41.2599983215332,28.809036254882812,33100,0.0,0.0,0.0
2010-07-21,41.41999816894531,41.41999816894531,40.5099983215332,40.66999816894531,28.39707374572754,51600,0.0,0.0,0.0
2010-07-22,41.31999969482422,41.959999084472656,41.31999969482422,41.790000915527344,29.179094314575195,59500,0.0,0.0,0.0
2010-07-23,41.709999084472656,42.20000076293945,41.58000183105469,42.15999984741211,29.437437057495117,56800,0.0,0.0,0.0
2010-07-26,42.060001373291016,42.47999954223633,42.0099983215332,42.47999954223633,29.66088104248047,142200,0.0,0.0,0.0
2010-07-27,42.810001373291016,42.810001373291016,42.310001373291016,42.5099983215332,29.68181800842285,106900,0.0,0.0,0.0
2010-07-28,42.470001220703125,42.540000915527344,42.16999816894531,42.31999969482422,29.549163818359375,53900,0.0,0.0,0.0
2010-07-29,42.689998626708984,42.88999938964844,42.0,42.310001373291016,29.54218292236328,37700,0.0,0.0,0.0
2010-07-30,41.900001525878906,42.47999954223633,41.880001068115234,42.38999938964844,29.59803581237793,38000,0.0,0.0,0.0
2010-08-02,43.18000030517578,43.58000183105469,43.0099983215332,43.54999923706055,30.40798568725586,119200,0.0,0.0,0.0
2010-08-03,43.36000061035156,43.47999954223633,43.09000015258789,43.33000183105469,30.254364013671875,64100,0.0,0.0,0.0
2010-08-04,43.43000030517578,43.58000183105469,43.2400016784668,43.529998779296875,30.394018173217773,23800,0.0,0.0,0.0
2010-08-05,43.2400016784668,43.5,43.209999084472656,43.5,30.373065948486328,65700,0.0,0.0,0.0
2010-08-06,43.15999984741211,43.459999084472656,42.88999938964844,43.38999938964844,30.296274185180664,111400,0.0,0.0,0.0
2010-08-09,43.52000045776367,43.68000030517578,43.369998931884766,43.56999969482422,30.42193603515625,48200,0.0,0.0,0.0
2010-08-10,43.06999969482422,43.43000030517578,42.83000183105469,43.27000045776367,30.212486267089844,62900,0.0,0.0,0.0
2010-08-11,42.310001373291016,42.310001373291016,41.65999984741211,41.72999954223633,29.137210845947266,43400,0.0,0.0,0.0
2010-08-12,41.310001373291016,41.720001220703125,41.220001220703125,41.59000015258789,29.039447784423828,71800,0.0,0.0,0.0
2010-08-13,41.58000183105469,41.779998779296875,41.459999084472656,41.459999084472656,28.94867515563965,44800,0.0,0.0,0.0
2010-08-16,41.459999084472656,41.77000045776367,41.25,41.630001068115234,29.06736946105957,119200,0.0,0.0,0.0
2010-08-17,42.13999938964844,42.45000076293945,41.959999084472656,42.220001220703125,29.479333877563477,54600,0.0,0.0,0.0
2010-08-18,42.220001220703125,42.439998626708984,41.959999084472656,42.279998779296875,29.521211624145508,45600,0.0,0.0,0.0
2010-08-19,42.15999984741211,42.2400016784668,41.400001525878906,41.630001068115234,29.06736946105957,31200,0.0,0.0,0.0
2010-08-20,41.41999816894531,41.41999816894531,41.04999923706055,41.369998931884766,28.885841369628906,29000,0.0,0.0,0.0
2010-08-23,41.459999084472656,41.66999816894531,41.189998626708984,41.20000076293945,28.767133712768555,26100,0.0,0.0,0.0
2010-08-24,40.7400016784668,40.810001373291016,40.33000183105469,40.560001373291016,28.320266723632812,157200,0.0,0.0,0.0
2010-08-25,40.38999938964844,40.709999084472656,40.08000183105469,40.630001068115234,28.369144439697266,112800,0.0,0.0,0.0
2010-08-26,40.75,40.93000030517578,40.33000183105469,40.45000076293945,28.24346351623535,44500,0.0,0.0,0.0
2010-08-27,40.880001068115234,41.279998779296875,40.29999923706055,41.2599983215332,28.809036254882812,63500,0.0,0.0,0.0
2010-08-30,41.0,41.16999816894531,40.650001525878906,40.650001525878906,28.383113861083984,39700,0.0,0.0,0.0
2010-08-31,40.599998474121094,40.939998626708984,40.470001220703125,40.70000076293945,28.41802978515625,89100,0.0,0.0,0.0
2010-09-01,41.540000915527344,42.04999923706055,41.45000076293945,42.0099983215332,29.33270263671875,119100,0.0,0.0,0.0
2010-09-02,41.970001220703125,42.279998779296875,41.970001220703125,42.279998779296875,29.521211624145508,30000,0.0,0.0,0.0
2010-09-03,42.59000015258789,42.810001373291016,42.439998626708984,42.7599983215332,29.85637855529785,67400,0.0,0.0,0.0
2010-09-07,42.540000915527344,42.599998474121094,42.2400016784668,42.27000045776367,29.514244079589844,40600,0.0,0.0,0.0
2010-09-08,42.439998626708984,42.790000915527344,42.439998626708984,42.599998474121094,29.744667053222656,48700,0.0,0.0,0.0
2010-09-09,43.04999923706055,43.150001525878906,42.7599983215332,42.880001068115234,29.9401798248291,46400,0.0,0.0,0.0
2010-09-10,42.880001068115234,43.11000061035156,42.84000015258789,43.060001373291016,30.065845489501953,76600,0.0,0.0,0.0
2010-09-13,43.540000915527344,43.75,43.529998779296875,43.72999954223633,30.53366470336914,68300,0.0,0.0,0.0
2010-09-14,43.560001373291016,44.029998779296875,43.5099983215332,43.86000061035156,30.62442970275879,69000,0.0,0.0,0.0
2010-09-15,43.61000061035156,43.93000030517578,43.45000076293945,43.900001525878906,30.65236473083496,46000,0.0,0.0,0.0
2010-09-16,43.68000030517578,43.79999923706055,43.59000015258789,43.790000915527344,30.5755615234375,176000,0.0,0.0,0.0
2010-09-17,43.88999938964844,43.90999984741211,43.529998779296875,43.66999816894531,30.49176788330078,61300,0.0,0.0,0.0
2010-09-20,43.810001373291016,44.41999816894531,43.7400016784668,44.34000015258789,30.95958709716797,106100,0.0,0.0,0.0
2010-09-21,44.369998931884766,44.59000015258789,44.08000183105469,44.310001373291016,30.938644409179688,121900,0.0,0.0,0.0
2010-09-22,44.31999969482422,44.56999969482422,44.06999969482422,44.2599983215332,30.903732299804688,80300,0.0,0.0,0.0
2010-09-23,43.77000045776367,44.189998626708984,43.68000030517578,43.79999923706055,30.582536697387695,41000,0.0,0.0,0.0
2010-09-24,44.33000183105469,44.84000015258789,44.119998931884766,44.84000015258789,31.308691024780273,134600,0.0,0.0,0.0
2010-09-27,44.83000183105469,44.88999938964844,44.63999938964844,44.66999816894531,31.18999671936035,188700,0.0,0.0,0.0
2010-09-28,44.7400016784668,45.0,44.34000015258789,44.95000076293945,31.385520935058594,64500,0.0,0.0,0.0
2010-09-29,44.7599983215332,45.06999969482422,44.709999084472656,44.90999984741211,31.35759162902832,61000,0.0,0.0,0.0
2010-09-30,45.16999816894531,45.33000183105469,44.5,44.790000915527344,31.273784637451172,130100,0.0,0.0,0.0
2010-10-01,45.189998626708984,45.2400016784668,44.90999984741211,45.15999984741211,31.53212547302246,114400,0.0,0.0,0.0
2010-10-04,44.95000076293945,45.11000061035156,44.52000045776367,44.75,31.245864868164062,81700,0.0,0.0,0.0
2010-10-05,45.209999084472656,45.900001525878906,45.209999084472656,45.79999923706055,31.9790096282959,60900,0.0,0.0,0.0
2010-10-06,45.880001068115234,45.9900016784668,45.720001220703125,45.900001525878906,32.048824310302734,72600,0.0,0.0,0.0
2010-10-07,46.15999984741211,46.15999984741211,45.52000045776367,45.790000915527344,31.972026824951172,42500,0.0,0.0,0.0
2010-10-08,45.790000915527344,46.189998626708984,45.70000076293945,46.060001373291016,32.160552978515625,82600,0.0,0.0,0.0
2010-10-11,46.18000030517578,46.189998626708984,45.91999816894531,46.02000045776367,32.13261795043945,182600,0.0,0.0,0.0
2010-10-12,45.79999923706055,46.15999984741211,45.52000045776367,46.08000183105469,32.17451095581055,86700,0.0,0.0,0.0
2010-10-13,46.369998931884766,46.79999923706055,46.31999969482422,46.58000183105469,32.523624420166016,82600,0.0,0.0,0.0
2010-10-14,46.7400016784668,46.75,46.310001373291016,46.599998474121094,32.53759002685547,89600,0.0,0.0,0.0
2010-10-15,46.77000045776367,46.77000045776367,46.25,46.560001373291016,32.509666442871094,46600,0.0,0.0,0.0
2010-10-18,46.4900016784668,46.810001373291016,46.369998931884766,46.66999816894531,32.586448669433594,91000,0.0,0.0,0.0
2010-10-19,45.95000076293945,46.15999984741211,45.470001220703125,45.68000030517578,31.895212173461914,179700,0.0,0.0,0.0
2010-10-20,45.9900016784668,46.56999969482422,45.970001220703125,46.439998626708984,32.425872802734375,35400,0.0,0.0,0.0
2010-10-21,46.61000061035156,46.790000915527344,46.04999923706055,46.380001068115234,32.383975982666016,48700,0.0,0.0,0.0
2010-10-22,46.56999969482422,46.56999969482422,46.34000015258789,46.47999954223633,32.45380783081055,76400,0.0,0.0,0.0
2010-10-25,46.84000015258789,47.029998779296875,46.619998931884766,46.689998626708984,32.600433349609375,111200,0.0,0.0,0.0
2010-10-26,46.31999969482422,46.52000045776367,46.20000076293945,46.5,32.467777252197266,142200,0.0,0.0,0.0
2010-10-27,46.220001220703125,46.220001220703125,45.70000076293945,46.13999938964844,32.21641159057617,98400,0.0,0.0,0.0
2010-10-28,46.4900016784668,46.59000015258789,46.20000076293945,46.439998626708984,32.425872802734375,47200,0.0,0.0,0.0
2010-10-29,46.2599983215332,46.52000045776367,46.25,46.4900016784668,32.460784912109375,111400,0.0,0.0,0.0
2010-11-01,46.54999923706055,46.79999923706055,46.189998626708984,46.459999084472656,32.43984603881836,68300,0.0,0.0,0.0
2010-11-02,47.02000045776367,47.099998474121094,46.880001068115234,47.02000045776367,32.83085632324219,113000,0.0,0.0,0.0
2010-11-03,47.2400016784668,47.27000045776367,46.709999084472656,47.27000045776367,33.005401611328125,91100,0.0,0.0,0.0
2010-11-04,47.869998931884766,48.27000045776367,47.869998931884766,48.27000045776367,33.703643798828125,107900,0.0,0.0,0.0
2010-11-05,48.2599983215332,48.349998474121094,48.040000915527344,48.2599983215332,33.696651458740234,198900,0.0,0.0,0.0
2010-11-08,48.0,48.11000061035156,47.81999969482422,48.099998474121094,33.58493423461914,68900,0.0,0.0,0.0
2010-11-09,48.36000061035156,48.36000061035156,47.5,47.66999816894531,33.28469467163086,102000,0.0,0.0,0.0
2010-11-10,47.79999923706055,47.86000061035156,47.25,47.779998779296875,33.36149597167969,91700,0.0,0.0,0.0
2010-11-11,47.45000076293945,47.56999969482422,47.25,47.56999969482422,33.214874267578125,73300,0.0,0.0,0.0
2010-11-12,47.29999923706055,47.439998626708984,46.689998626708984,46.939998626708984,32.77499008178711,97600,0.0,0.0,0.0
2010-11-15,47.08000183105469,47.27000045776367,46.88999938964844,46.900001525878906,32.747047424316406,86000,0.0,0.0,0.0
2010-11-16,46.5,46.58000183105469,45.68000030517578,45.95000076293945,32.083740234375,179300,0.0,0.0,0.0
2010-11-17,46.130001068115234,46.27000045776367,45.95000076293945,46.08000183105469,32.17451095581055,57500,0.0,0.0,0.0
2010-11-18,46.84000015258789,47.06999969482422,46.709999084472656,47.02000045776367,32.83085632324219,79400,0.0,0.0,0.0
2010-11-19,46.70000076293945,47.029998779296875,46.529998779296875,47.02000045776367,32.83085632324219,68100,0.0,0.0,0.0
2010-11-22,46.63999938964844,46.90999984741211,46.31999969482422,46.849998474121094,32.71215057373047,104500,0.0,0.0,0.0
2010-11-23,46.09000015258789,46.09000015258789,45.599998474121094,45.7400016784668,31.937110900878906,84200,0.0,0.0,0.0
2010-11-24,46.189998626708984,46.45000076293945,46.16999816894531,46.45000076293945,32.43285369873047,40100,0.0,0.0,0.0
2010-11-26,45.91999816894531,46.08000183105469,45.7599983215332,45.93000030517578,32.06978225708008,32100,0.0,0.0,0.0
2010-11-29,45.540000915527344,45.7599983215332,45.150001525878906,45.68000030517578,31.895212173461914,92700,0.0,0.0,0.0
2010-11-30,45.029998779296875,45.52000045776367,45.029998779296875,45.2599983215332,31.601966857910156,93800,0.0,0.0,0.0
2010-12-01,46.150001525878906,46.5,46.119998931884766,46.41999816894531,32.41191482543945,71600,0.0,0.0,0.0
2010-12-02,46.5099983215332,47.27000045776367,46.5,47.27000045776367,33.005401611328125,209900,0.0,0.0,0.0
2010-12-03,47.15999984741211,47.52000045776367,47.13999938964844,47.5,33.165992736816406,53500,0.0,0.0,0.0
2010-12-06,47.33000183105469,47.459999084472656,47.189998626708984,47.369998931884766,33.07522964477539,78700,0.0,0.0,0.0
2010-12-07,48.0,48.0,47.310001373291016,47.31999969482422,33.04030990600586,167400,0.0,0.0,0.0
2010-12-08,47.43000030517578,47.58000183105469,47.11000061035156,47.400001525878906,33.09617614746094,69200,0.0,0.0,0.0
2010-12-09,47.619998931884766,47.7400016784668,47.29999923706055,47.529998779296875,33.18695068359375,85300,0.0,0.0,0.0
2010-12-10,47.529998779296875,47.79999923706055,47.40999984741211,47.72999954223633,33.32659912109375,232700,0.0,0.0,0.0
2010-12-13,48.220001220703125,48.2599983215332,47.97999954223633,48.040000915527344,33.54304122924805,155500,0.0,0.0,0.0
2010-12-14,48.130001068115234,48.29999923706055,47.939998626708984,48.099998474121094,33.58493423461914,169800,0.0,0.0,0.0
2010-12-15,47.810001373291016,48.040000915527344,47.540000915527344,47.63999938964844,33.263763427734375,119300,0.0,0.0,0.0
2010-12-16,47.75,47.91999816894531,47.5,47.90999984741211,33.4522705078125,136300,0.0,0.0,0.0
2010-12-17,47.790000915527344,47.81999969482422,47.599998474121094,47.77000045776367,33.354530334472656,59300,0.0,0.0,0.0
2010-12-20,48.02000045776367,48.02000045776367,47.650001525878906,47.83000183105469,33.396427154541016,73900,0.0,0.0,0.0
2010-12-21,48.06999969482422,48.279998779296875,48.06999969482422,48.2400016784668,33.68268585205078,48200,0.0,0.0,0.0
2010-12-22,47.4900016784668,47.4900016784668,47.25,47.45000076293945,33.77379608154297,189900,0.918,0.0,0.0
2010-12-23,47.41999816894531,47.41999816894531,47.2599983215332,47.36000061035156,33.70975875854492,45300,0.0,0.0,0.0
2010-12-27,47.29999923706055,47.38999938964844,47.11000061035156,47.38999938964844,33.7310791015625,62000,0.0,0.0,0.0
2010-12-28,47.63999938964844,47.63999938964844,47.279998779296875,47.36000061035156,33.70975875854492,59000,0.0,0.0,0.0
2010-12-29,47.709999084472656,47.790000915527344,47.560001373291016,47.689998626708984,33.944618225097656,171500,0.0,0.0,0.0
2010-12-30,47.779998779296875,47.849998474121094,47.47999954223633,47.650001525878906,33.916160583496094,81200,0.0,0.0,0.0
2010-12-31,47.619998931884766,47.86000061035156,47.54999923706055,47.79999923706055,34.022926330566406,68100,0.0,0.0,0.0
2011-01-03,48.20000076293945,48.40999984741211,48.11000061035156,48.22999954223633,34.328975677490234,200500,0.0,0.0,0.0
2011-01-04,48.400001525878906,48.43000030517578,47.810001373291016,48.150001525878906,34.27204132080078,123200,0.0,0.0,0.0
2011-01-05,47.81999969482422,48.20000076293945,47.77000045776367,48.16999816894531,34.28628158569336,95600,0.0,0.0,0.0
2011-01-06,48.27000045776367,48.27000045776367,47.70000076293945,47.83000183105469,34.044273376464844,458000,0.0,0.0,0.0
2011-01-07,47.939998626708984,47.939998626708984,47.380001068115234,47.66999816894531,33.930389404296875,103600,0.0,0.0,0.0
2011-01-10,47.459999084472656,47.52000045776367,47.150001525878906,47.470001220703125,33.78803253173828,68600,0.0,0.0,0.0
2011-01-11,47.810001373291016,47.939998626708984,47.66999816894531,47.88999938964844,34.086978912353516,61400,0.0,0.0,0.0
2011-01-12,48.25,48.619998931884766,48.20000076293945,48.619998931884766,34.606571197509766,55000,0.0,0.0,0.0
2011-01-13,48.72999954223633,48.79999923706055,48.470001220703125,48.59000015258789,34.585235595703125,65600,0.0,0.0,0.0
2011-01-14,48.5,48.880001068115234,48.45000076293945,48.880001068115234,34.79164123535156,115300,0.0,0.0,0.0
2011-01-18,48.9900016784668,49.06999969482422,48.900001525878906,49.029998779296875,34.89839172363281,155100,0.0,0.0,0.0
2011-01-19,49.13999938964844,49.13999938964844,48.5099983215332,48.599998474121094,34.59233856201172,66900,0.0,0.0,0.0
2011-01-20,48.369998931884766,48.40999984741211,47.959999084472656,48.34000015258789,34.40727233886719,74300,0.0,0.0,0.0
2011-01-21,48.790000915527344,48.790000915527344,48.369998931884766,48.459999084472656,34.49269104003906,60200,0.0,0.0,0.0
2011-01-24,48.470001220703125,48.790000915527344,48.36000061035156,48.779998779296875,34.720462799072266,122400,0.0,0.0,0.0
2011-01-25,48.63999938964844,48.65999984741211,48.29999923706055,48.63999938964844,34.620819091796875,187200,0.0,0.0,0.0
2011-01-26,48.900001525878906,49.060001373291016,48.790000915527344,48.939998626708984,34.83434295654297,86000,0.0,0.0,0.0
2011-01-27,49.02000045776367,49.150001525878906,48.869998931884766,49.09000015258789,34.94110107421875,194000,0.0,0.0,0.0
2011-01-28,49.0,49.040000915527344,47.970001220703125,48.02000045776367,34.17951583862305,104000,0.0,0.0,0.0
2011-01-31,48.2400016784668,48.560001373291016,48.220001220703125,48.470001220703125,34.49980163574219,150300,0.0,0.0,0.0
2011-02-01,48.88999938964844,49.459999084472656,48.849998474121094,49.40999984741211,35.16887283325195,69800,0.0,0.0,0.0
2011-02-02,49.290000915527344,49.45000076293945,49.2400016784668,49.29999923706055,35.09058380126953,51100,0.0,0.0,0.0
2011-02-03,49.220001220703125,49.369998931884766,48.86000061035156,49.36000061035156,35.133277893066406,78600,0.0,0.0,0.0
2011-02-04,49.349998474121094,49.41999816894531,49.04999923706055,49.41999816894531,35.17599868774414,52200,0.0,0.0,0.0
2011-02-07,49.41999816894531,49.720001220703125,49.40999984741211,49.54999923706055,35.26852035522461,76600,0.0,0.0,0.0
2011-02-08,49.63999938964844,49.79999923706055,49.45000076293945,49.79999923706055,35.446475982666016,43900,0.0,0.0,0.0
2011-02-09,49.59000015258789,49.66999816894531,49.369998931884766,49.47999954223633,35.218711853027344,73500,0.0,0.0,0.0
2011-02-10,49.0099983215332,49.36000061035156,48.869998931884766,49.209999084472656,35.02653121948242,69100,0.0,0.0,0.0
2011-02-11,49.0099983215332,49.58000183105469,49.0,49.5,35.232940673828125,45600,0.0,0.0,0.0
2011-02-14,49.4900016784668,49.650001525878906,49.400001525878906,49.619998931884766,35.318359375,46500,0.0,0.0,0.0
2011-02-15,49.58000183105469,49.61000061035156,49.40999984741211,49.5099983215332,35.24006652832031,54500,0.0,0.0,0.0
2011-02-16,49.66999816894531,49.939998626708984,49.630001068115234,49.880001068115234,35.503414154052734,85400,0.0,0.0,0.0
2011-02-17,49.869998931884766,50.22999954223633,49.83000183105469,50.15999984741211,35.70270919799805,80500,0.0,0.0,0.0
2011-02-18,50.22999954223633,50.36000061035156,50.09000015258789,50.31999969482422,35.816585540771484,96500,0.0,0.0,0.0
2011-02-22,49.720001220703125,49.79999923706055,48.91999816894531,49.040000915527344,34.905513763427734,215500,0.0,0.0,0.0
2011-02-23,49.189998626708984,49.2599983215332,48.54999923706055,48.900001525878906,34.80587387084961,78800,0.0,0.0,0.0
2011-02-24,49.0,49.15999984741211,48.560001373291016,48.970001220703125,34.85569381713867,65900,0.0,0.0,0.0
2011-02-25,49.310001373291016,49.54999923706055,49.2599983215332,49.4900016784668,35.225830078125,60100,0.0,0.0,0.0
2011-02-28,49.939998626708984,50.04999923706055,49.66999816894531,49.88999938964844,35.51052474975586,85500,0.0,0.0,0.0
2011-03-01,50.11000061035156,50.130001068115234,49.220001220703125,49.220001220703125,35.033653259277344,90600,0.0,0.0,0.0
2011-03-02,49.25,49.65999984741211,49.25,49.4900016784668,35.225830078125,60500,0.0,0.0,0.0
2011-03-03,49.91999816894531,50.27000045776367,49.81999969482422,50.2400016784668,35.7596549987793,99200,0.0,0.0,0.0
2011-03-04,50.22999954223633,50.22999954223633,49.5099983215332,49.86000061035156,35.489173889160156,139800,0.0,0.0,0.0
2011-03-07,50.0,50.130001068115234,49.279998779296875,49.5099983215332,35.24006652832031,65100,0.0,0.0,0.0
2011-03-08,49.52000045776367,49.88999938964844,49.20000076293945,49.779998779296875,35.43222427368164,39100,0.0,0.0,0.0
2011-03-09,49.7599983215332,49.81999969482422,49.5,49.70000076293945,35.375308990478516,41000,0.0,0.0,0.0
2011-03-10,49.060001373291016,49.060001373291016,48.5,48.56999969482422,34.57098388671875,140600,0.0,0.0,0.0
2011-03-11,48.310001373291016,48.849998474121094,48.310001373291016,48.75,34.699119567871094,101600,0.0,0.0,0.0
2011-03-14,48.150001525878906,48.33000183105469,47.849998474121094,48.33000183105469,34.40016555786133,101800,0.0,0.0,0.0
2011-03-15,46.560001373291016,47.650001525878906,46.279998779296875,47.45000076293945,33.77379608154297,309900,0.0,0.0,0.0
2011-03-16,47.38999938964844,47.41999816894531,45.959999084472656,46.349998474121094,32.99083709716797,269500,0.0,0.0,0.0
2011-03-17,47.34000015258789,47.560001373291016,47.13999938964844,47.380001068115234,33.72397232055664,165900,0.0,0.0,0.0
2011-03-18,48.13999938964844,48.349998474121094,47.68000030517578,47.7599983215332,33.994441986083984,131800,0.0,0.0,0.0
2011-03-21,48.650001525878906,48.83000183105469,48.45000076293945,48.709999084472656,34.670631408691406,164000,0.0,0.0,0.0
2011-03-22,48.88999938964844,48.88999938964844,48.5,48.61000061035156,34.59946060180664,96700,0.0,0.0,0.0
2011-03-23,48.4900016784668,48.83000183105469,48.220001220703125,48.68000030517578,34.64927673339844,84700,0.0,0.0,0.0
2011-03-24,49.0,49.47999954223633,48.79999923706055,49.310001373291016,35.09770202636719,127300,0.0,0.0,0.0
2011-03-25,49.20000076293945,49.47999954223633,49.08000183105469,49.220001220703125,35.033653259277344,86800,0.0,0.0,0.0
2011-03-28,49.220001220703125,49.45000076293945,49.029998779296875,49.08000183105469,34.933990478515625,82700,0.0,0.0,0.0
2011-03-29,49.04999923706055,49.43000030517578,48.84000015258789,49.43000030517578,35.18312454223633,108500,0.0,0.0,0.0
2011-03-30,49.599998474121094,50.0,49.599998474121094,49.91999816894531,35.53187561035156,67900,0.0,0.0,0.0
2011-03-31,49.810001373291016,50.02000045776367,49.720001220703125,49.86000061035156,35.489173889160156,71500,0.0,0.0,0.0
2011-04-01,50.130001068115234,50.43000030517578,49.939998626708984,50.27000045776367,35.78102111816406,86700,0.0,0.0,0.0
2011-04-04,50.33000183105469,50.4900016784668,50.220001220703125,50.349998474121094,35.837947845458984,78900,0.0,0.0,0.0
2011-04-05,50.189998626708984,50.459999084472656,50.119998931884766,50.349998474121094,35.837947845458984,48800,0.0,0.0,0.0
2011-04-06,50.68000030517578,50.689998626708984,50.41999816894531,50.599998474121094,36.01588439941406,65700,0.0,0.0,0.0
2011-04-07,50.5,50.650001525878906,50.18000030517578,50.43000030517578,35.89488983154297,49100,0.0,0.0,0.0
2011-04-08,50.91999816894531,50.91999816894531,50.36000061035156,50.47999954223633,35.930477142333984,161800,0.0,0.0,0.0
2011-04-11,50.61000061035156,50.70000076293945,50.18000030517578,50.33000183105469,35.82372283935547,70100,0.0,0.0,0.0
2011-04-12,50.13999938964844,50.13999938964844,49.61000061035156,49.81999969482422,35.460697174072266,66800,0.0,0.0,0.0
2011-04-13,50.31999969482422,50.31999969482422,49.720001220703125,49.900001525878906,35.51763916015625,108000,0.0,0.0,0.0
2011-04-14,49.75,50.119998931884766,49.59000015258789,50.06999969482422,35.63865661621094,29100,0.0,0.0,0.0
2011-04-15,49.9900016784668,50.189998626708984,49.84000015258789,50.09000015258789,35.65288543701172,31400,0.0,0.0,0.0
2011-04-18,49.34000015258789,49.58000183105469,48.75,49.220001220703125,35.033653259277344,119100,0.0,0.0,0.0
2011-04-19,49.4900016784668,49.66999816894531,49.349998474121094,49.65999984741211,35.34681701660156,89800,0.0,0.0,0.0
2011-04-20,50.45000076293945,50.7400016784668,50.33000183105469,50.61000061035156,36.02301788330078,66500,0.0,0.0,0.0
2011-04-21,51.08000183105469,51.08000183105469,50.75,50.959999084472656,36.272132873535156,102500,0.0,0.0,0.0
2011-04-25,51.08000183105469,51.08000183105469,50.65999984741211,50.90999984741211,36.23654556274414,60000,0.0,0.0,0.0
2011-04-26,51.060001373291016,51.34000015258789,50.91999816894531,51.2599983215332,36.48565673828125,67500,0.0,0.0,0.0
2011-04-27,51.439998626708984,51.7400016784668,51.060001373291016,51.689998626708984,36.79172134399414,65200,0.0,0.0,0.0
2011-04-28,51.5099983215332,51.849998474121094,51.5099983215332,51.810001373291016,36.877140045166016,100800,0.0,0.0,0.0
2011-04-29,51.900001525878906,52.130001068115234,51.79999923706055,52.029998779296875,37.033729553222656,164000,0.0,0.0,0.0
2011-05-02,52.25,52.349998474121094,51.81999969482422,51.880001068115234,36.92695999145508,131000,0.0,0.0,0.0
2011-05-03,51.65999984741211,51.7400016784668,51.15999984741211,51.4900016784668,36.64937210083008,84000,0.0,0.0,0.0
2011-05-04,51.47999954223633,51.47999954223633,50.72999954223633,50.9900016784668,36.293479919433594,59000,0.0,0.0,0.0
2011-05-05,50.709999084472656,50.84000015258789,50.02000045776367,50.27000045776367,35.78102111816406,142000,0.0,0.0,0.0
2011-05-06,50.880001068115234,51.130001068115234,50.279998779296875,50.5,35.94472122192383,87100,0.0,0.0,0.0
2011-05-09,50.560001373291016,50.86000061035156,50.33000183105469,50.77000045776367,36.13691329956055,60000,0.0,0.0,0.0
2011-05-10,51.0099983215332,51.36000061035156,50.93000030517578,51.31999969482422,36.52836608886719,84300,0.0,0.0,0.0
2011-05-11,51.040000915527344,51.040000915527344,50.09000015258789,50.41999816894531,35.887760162353516,79100,0.0,0.0,0.0
2011-05-12,50.29999923706055,50.65999984741211,49.939998626708984,50.459999084472656,35.916259765625,163000,0.0,0.0,0.0
2011-05-13,50.540000915527344,50.540000915527344,49.619998931884766,49.869998931884766,35.49628829956055,83400,0.0,0.0,0.0
2011-05-16,49.88999938964844,50.25,49.650001525878906,49.70000076293945,35.375308990478516,93900,0.0,0.0,0.0
2011-05-17,49.560001373291016,49.86000061035156,49.29999923706055,49.849998474121094,35.48206329345703,63300,0.0,0.0,0.0
2011-05-18,49.790000915527344,50.279998779296875,49.70000076293945,50.279998779296875,35.788116455078125,35900,0.0,0.0,0.0
2011-05-19,50.349998474121094,50.45000076293945,50.060001373291016,50.38999938964844,35.866432189941406,35200,0.0,0.0,0.0
2011-05-20,50.27000045776367,50.27000045776367,49.709999084472656,49.86000061035156,35.489173889160156,24000,0.0,0.0,0.0
2011-05-23,49.08000183105469,49.150001525878906,48.779998779296875,49.0,34.877052307128906,109100,0.0,0.0,0.0
2011-05-24,49.349998474121094,49.439998626708984,49.04999923706055,49.15999984741211,34.990928649902344,60300,0.0,0.0,0.0
2011-05-25,49.029998779296875,49.61000061035156,49.0,49.439998626708984,35.19021987915039,28500,0.0,0.0,0.0
2011-05-26,49.54999923706055,49.900001525878906,49.31999969482422,49.79999923706055,35.446475982666016,67700,0.0,0.0,0.0
2011-05-27,50.06999969482422,50.2400016784668,49.939998626708984,50.130001068115234,35.68135452270508,60700,0.0,0.0,0.0
2011-05-31,50.86000061035156,50.869998931884766,50.470001220703125,50.849998474121094,36.193843841552734,63200,0.0,0.0,0.0
2011-06-01,50.72999954223633,50.7599983215332,49.709999084472656,49.779998779296875,35.43222427368164,62900,0.0,0.0,0.0
2011-06-02,49.970001220703125,50.060001373291016,49.529998779296875,49.84000015258789,35.47494888305664,161500,0.0,0.0,0.0
2011-06-03,49.349998474121094,49.939998626708984,49.290000915527344,49.68000030517578,35.361045837402344,46300,0.0,0.0,0.0
2011-06-06,49.5,49.540000915527344,49.0,49.0,34.877052307128906,52600,0.0,0.0,0.0
2011-06-07,49.5099983215332,49.65999984741211,49.220001220703125,49.220001220703125,35.033653259277344,33300,0.0,0.0,0.0
2011-06-08,49.029998779296875,49.18000030517578,48.7599983215332,48.91999816894531,34.82010269165039,144500,0.0,0.0,0.0
2011-06-09,48.959999084472656,49.439998626708984,48.81999969482422,49.31999969482422,35.10481643676758,29000,0.0,0.0,0.0
2011-06-10,48.95000076293945,48.95000076293945,48.119998931884766,48.33000183105469,34.40016555786133,73000,0.0,0.0,0.0
2011-06-13,48.59000015258789,48.65999984741211,48.150001525878906,48.43000030517578,34.47133255004883,118300,0.0,0.0,0.0
2011-06-14,49.029998779296875,49.22999954223633,48.880001068115234,49.16999816894531,34.99805450439453,199000,0.0,0.0,0.0
2011-06-15,48.529998779296875,48.619998931884766,47.84000015258789,47.939998626708984,34.1225700378418,94200,0.0,0.0,0.0
2011-06-16,47.810001373291016,48.040000915527344,47.38999938964844,47.77000045776367,34.00156784057617,190800,0.0,0.0,0.0
2011-06-17,48.13999938964844,48.41999816894531,47.90999984741211,48.06999969482422,34.2150993347168,50400,0.0,0.0,0.0
2011-06-20,47.88999938964844,48.220001220703125,47.84000015258789,48.11000061035156,34.243560791015625,213800,0.0,0.0,0.0
2011-06-21,48.400001525878906,49.099998474121094,48.400001525878906,48.97999954223633,34.862815856933594,74400,0.0,0.0,0.0
2011-06-22,48.779998779296875,49.02000045776367,48.630001068115234,48.650001525878906,34.627933502197266,161000,0.0,0.0,0.0
2011-06-23,47.91999816894531,48.38999938964844,47.52000045776367,48.38999938964844,34.44285202026367,68600,0.0,0.0,0.0
2011-06-24,48.43000030517578,48.43000030517578,47.83000183105469,47.900001525878906,34.0941047668457,30300,0.0,0.0,0.0
2011-06-27,47.90999984741211,48.45000076293945,47.79999923706055,48.290000915527344,34.3716926574707,85400,0.0,0.0,0.0
2011-06-28,48.400001525878906,48.970001220703125,48.400001525878906,48.95000076293945,34.84147262573242,34500,0.0,0.0,0.0
2011-06-29,49.290000915527344,49.630001068115234,49.099998474121094,49.58000183105469,35.28987121582031,314100,0.0,0.0,0.0
2011-06-30,49.81999969482422,50.2599983215332,49.72999954223633,50.16999816894531,35.7098274230957,64600,0.0,0.0,0.0
2011-07-01,50.150001525878906,50.849998474121094,49.970001220703125,50.7400016784668,36.11553192138672,89200,0.0,0.0,0.0
2011-07-05,50.68000030517578,50.7400016784668,50.5099983215332,50.630001068115234,36.037235260009766,53600,0.0,0.0,0.0
2011-07-06,50.439998626708984,50.59000015258789,50.16999816894531,50.4900016784668,35.937599182128906,126700,0.0,0.0,0.0
2011-07-07,50.7599983215332,51.02000045776367,50.720001220703125,50.970001220703125,36.27924346923828,533700,0.0,0.0,0.0
2011-07-08,50.439998626708984,50.47999954223633,50.09000015258789,50.470001220703125,35.923362731933594,70800,0.0,0.0,0.0
2011-07-11,49.66999816894531,49.720001220703125,49.08000183105469,49.290000915527344,35.083457946777344,115000,0.0,0.0,0.0
2011-07-12,49.0,49.439998626708984,48.900001525878906,48.91999816894531,34.82010269165039,63900,0.0,0.0,0.0
2011-07-13,49.380001068115234,49.91999816894531,49.279998779296875,49.40999984741211,35.16887283325195,50100,0.0,0.0,0.0
2011-07-14,49.709999084472656,49.79999923706055,48.9900016784668,49.040000915527344,34.905513763427734,59800,0.0,0.0,0.0
2011-07-15,49.41999816894531,49.45000076293945,49.0099983215332,49.34000015258789,35.119056701660156,40400,0.0,0.0,0.0
2011-07-18,48.970001220703125,49.0,48.349998474121094,48.720001220703125,34.67775344848633,48200,0.0,0.0,0.0
2011-07-19,49.18000030517578,49.58000183105469,49.18000030517578,49.529998779296875,35.254295349121094,114600,0.0,0.0,0.0
2011-07-20,49.83000183105469,49.939998626708984,49.619998931884766,49.84000015258789,35.47494888305664,41000,0.0,0.0,0.0
2011-07-21,50.060001373291016,50.709999084472656,50.029998779296875,50.650001525878906,36.051490783691406,97900,0.0,0.0,0.0
2011-07-22,50.5,50.689998626708984,50.34000015258789,50.65999984741211,36.05860137939453,87800,0.0,0.0,0.0
2011-07-25,50.15999984741211,50.52000045776367,50.099998474121094,50.27000045776367,35.78102111816406,107700,0.0,0.0,0.0
2011-07-26,50.369998931884766,50.56999969482422,50.22999954223633,50.349998474121094,35.837947845458984,68300,0.0,0.0,0.0
2011-07-27,50.18000030517578,50.18000030517578,49.13999938964844,49.2599983215332,35.062110900878906,142400,0.0,0.0,0.0
2011-07-28,49.279998779296875,49.68000030517578,49.09000015258789,49.18000030517578,35.00517272949219,105000,0.0,0.0,0.0
2011-07-29,48.959999084472656,49.52000045776367,48.709999084472656,49.09000015258789,34.94110107421875,175500,0.0,0.0,0.0
2011-08-01,49.869998931884766,49.869998931884766,48.36000061035156,48.720001220703125,34.67775344848633,227600,0.0,0.0,0.0
2011-08-02,48.369998931884766,48.54999923706055,47.5,47.5,33.80937957763672,132900,0.0,0.0,0.0
2011-08-03,47.63999938964844,47.72999954223633,46.77000045776367,47.689998626708984,33.944618225097656,187900,0.0,0.0,0.0
2011-08-04,46.709999084472656,46.709999084472656,44.810001373291016,44.869998931884766,31.93741226196289,728500,0.0,0.0,0.0
2011-08-05,45.45000076293945,45.869998931884766,43.72999954223633,45.060001373291016,32.07265090942383,282000,0.0,0.0,0.0
2011-08-08,43.52000045776367,44.029998779296875,41.70000076293945,41.7400016784668,29.709550857543945,812400,0.0,0.0,0.0
2011-08-09,42.900001525878906,44.2599983215332,41.689998626708984,44.09000015258789,31.382230758666992,424600,0.0,0.0,0.0
2011-08-10,43.2400016784668,43.33000183105469,41.91999816894531,41.939998626708984,29.851900100708008,225800,0.0,0.0,0.0
2011-08-11,42.33000183105469,44.45000076293945,42.22999954223633,43.970001220703125,31.29681968688965,118200,0.0,0.0,0.0
2011-08-12,44.439998626708984,44.65999984741211,43.970001220703125,44.369998931884766,31.581514358520508,186600,0.0,0.0,0.0
2011-08-15,44.7599983215332,45.45000076293945,44.72999954223633,45.36000061035156,32.28617858886719,108400,0.0,0.0,0.0
2011-08-16,44.77000045776367,45.27000045776367,44.45000076293945,44.88999938964844,31.951658248901367,113200,0.0,0.0,0.0
2011-08-17,45.2400016784668,45.619998931884766,44.779998779296875,45.09000015258789,32.09400939941406,155600,0.0,0.0,0.0
2011-08-18,43.7599983215332,43.7599983215332,42.619998931884766,43.08000183105469,30.663326263427734,516500,0.0,0.0,0.0
2011-08-19,42.5099983215332,43.54999923706055,42.34000015258789,42.43000030517578,30.200679779052734,82200,0.0,0.0,0.0
2011-08-22,43.439998626708984,43.54999923706055,42.43000030517578,42.459999084472656,30.222028732299805,91200,0.0,0.0,0.0
2011-08-23,42.81999969482422,43.93000030517578,42.5099983215332,43.93000030517578,31.26836585998535,118500,0.0,0.0,0.0
2011-08-24,43.619998931884766,44.20000076293945,43.41999816894531,44.130001068115234,31.41069793701172,524500,0.0,0.0,0.0
2011-08-25,44.13999938964844,44.279998779296875,43.09000015258789,43.189998626708984,30.74161720275879,127300,0.0,0.0,0.0
2011-08-26,43.040000915527344,44.040000915527344,42.52000045776367,43.869998931884766,31.225643157958984,80000,0.0,0.0,0.0
2011-08-29,44.459999084472656,45.099998474121094,44.459999084472656,45.060001373291016,32.07265090942383,72200,0.0,0.0,0.0
2011-08-30,44.810001373291016,45.279998779296875,44.45000076293945,45.11000061035156,32.108253479003906,98500,0.0,0.0,0.0
2011-08-31,45.4900016784668,45.900001525878906,45.33000183105469,45.529998779296875,32.40718078613281,87200,0.0,0.0,0.0
2011-09-01,45.599998474121094,45.9900016784668,45.150001525878906,45.209999084472656,32.17941665649414,335700,0.0,0.0,0.0
2011-09-02,44.36000061035156,44.54999923706055,43.959999084472656,44.11000061035156,31.396461486816406,58800,0.0,0.0,0.0
2011-09-06,42.38999938964844,43.38999938964844,42.099998474121094,43.310001373291016,30.827037811279297,136100,0.0,0.0,0.0
2011-09-07,43.97999954223633,44.5099983215332,43.849998474121094,44.5099983215332,31.681171417236328,73000,0.0,0.0,0.0
2011-09-08,44.029998779296875,44.52000045776367,43.75,43.810001373291016,31.182920455932617,76300,0.0,0.0,0.0
2011-09-09,43.2599983215332,43.2599983215332,42.310001373291016,42.540000915527344,30.27897834777832,153600,0.0,0.0,0.0
2011-09-12,41.7400016784668,42.4900016784668,41.52000045776367,42.4900016784668,30.243389129638672,165300,0.0,0.0,0.0
2011-09-13,42.529998779296875,42.97999954223633,42.400001525878906,42.88999938964844,30.5280818939209,75900,0.0,0.0,0.0
2011-09-14,43.0099983215332,43.77000045776367,42.400001525878906,43.369998931884766,30.869735717773438,137100,0.0,0.0,0.0
2011-09-15,43.900001525878906,44.16999816894531,43.54999923706055,44.099998474121094,31.38932991027832,660000,0.0,0.0,0.0
2011-09-16,44.20000076293945,44.349998474121094,43.790000915527344,44.20000076293945,31.46052360534668,534000,0.0,0.0,0.0
2011-09-19,43.09000015258789,43.58000183105469,42.810001373291016,43.349998474121094,30.85551643371582,76100,0.0,0.0,0.0
2011-09-20,43.59000015258789,43.93000030517578,43.20000076293945,43.34000015258789,30.848403930664062,38600,0.0,0.0,0.0
2011-09-21,43.2400016784668,43.349998474121094,42.0099983215332,42.0099983215332,29.901737213134766,227600,0.0,0.0,0.0
2011-09-22,40.7599983215332,40.779998779296875,39.720001220703125,40.2599983215332,28.656129837036133,2043600,0.0,0.0,0.0
2011-09-23,40.099998474121094,40.709999084472656,40.02000045776367,40.630001068115234,28.919475555419922,202500,0.0,0.0,0.0
2011-09-26,40.79999923706055,41.4900016784668,40.20000076293945,41.4900016784668,29.531604766845703,130600,0.0,0.0,0.0
2011-09-27,42.5,42.9900016784668,42.04999923706055,42.290000915527344,30.101041793823242,107800,0.0,0.0,0.0
2011-09-28,42.310001373291016,42.61000061035156,41.369998931884766,41.369998931884766,29.446197509765625,91700,0.0,0.0,0.0
2011-09-29,42.369998931884766,42.5099983215332,41.31999969482422,41.95000076293945,29.859027862548828,286100,0.0,0.0,0.0
2011-09-30,41.220001220703125,41.52000045776367,40.650001525878906,40.650001525878906,28.933713912963867,305700,0.0,0.0,0.0
2011-10-03,40.5,40.88999938964844,39.56999969482422,39.630001068115234,28.20770263671875,461100,0.0,0.0,0.0
2011-10-04,39.08000183105469,40.40999984741211,38.66999816894531,40.40999984741211,28.76288414001465,257000,0.0,0.0,0.0
2011-10-05,40.41999816894531,41.25,40.060001373291016,41.15999984741211,29.296722412109375,179000,0.0,0.0,0.0
2011-10-06,41.15999984741211,42.18000030517578,40.93000030517578,42.15999984741211,30.00849723815918,158000,0.0,0.0,0.0
2011-10-07,42.290000915527344,42.45000076293945,41.61000061035156,41.79999923706055,29.75226593017578,79200,0.0,0.0,0.0
2011-10-10,42.630001068115234,43.349998474121094,42.630001068115234,43.349998474121094,30.85551643371582,71800,0.0,0.0,0.0
2011-10-11,42.86000061035156,43.290000915527344,42.810001373291016,43.18000030517578,30.734514236450195,375500,0.0,0.0,0.0
2011-10-12,43.849998474121094,44.45000076293945,43.709999084472656,44.029998779296875,31.339527130126953,907400,0.0,0.0,0.0
2011-10-13,43.619998931884766,43.869998931884766,43.2599983215332,43.790000915527344,31.168689727783203,115300,0.0,0.0,0.0
2011-10-14,44.40999984741211,44.529998779296875,44.0099983215332,44.529998779296875,31.69540023803711,121800,0.0,0.0,0.0
2011-10-17,44.2599983215332,44.2599983215332,43.41999816894531,43.45000076293945,30.926692962646484,89100,0.0,0.0,0.0
2011-10-18,43.349998474121094,44.5099983215332,42.9900016784668,44.29999923706055,31.531702041625977,107400,0.0,0.0,0.0
2011-10-19,44.13999938964844,44.31999969482422,43.52000045776367,43.63999938964844,31.061933517456055,164000,0.0,0.0,0.0
2011-10-20,43.650001525878906,43.77000045776367,42.9900016784668,43.58000183105469,31.019222259521484,74000,0.0,0.0,0.0
2011-10-21,44.099998474121094,44.619998931884766,44.099998474121094,44.619998931884766,31.75946807861328,88500,0.0,0.0,0.0
2011-10-24,44.7599983215332,45.400001525878906,44.720001220703125,45.29999923706055,32.243473052978516,209800,0.0,0.0,0.0
2011-10-25,45.150001525878906,45.150001525878906,44.40999984741211,44.4900016784668,31.66694450378418,98200,0.0,0.0,0.0
2011-10-26,45.099998474121094,45.220001220703125,44.20000076293945,45.119998931884766,32.1153678894043,175400,0.0,0.0,0.0
2011-10-27,46.540000915527344,47.4900016784668,46.369998931884766,47.11000061035156,33.531803131103516,311900,0.0,0.0,0.0
2011-10-28,46.790000915527344,46.9900016784668,46.63999938964844,46.959999084472656,33.425018310546875,136400,0.0,0.0,0.0
2011-10-31,46.09000015258789,46.15999984741211,45.22999954223633,45.22999954223633,32.19364929199219,99800,0.0,0.0,0.0
2011-11-01,43.869998931884766,44.4900016784668,43.529998779296875,43.93000030517578,31.26836585998535,210500,0.0,0.0,0.0
2011-11-02,44.5099983215332,44.88999938964844,44.27000045776367,44.709999084472656,31.823524475097656,129800,0.0,0.0,0.0
2011-11-03,45.29999923706055,45.689998626708984,44.540000915527344,45.619998931884766,32.471229553222656,116400,0.0,0.0,0.0
2011-11-04,45.189998626708984,45.290000915527344,44.779998779296875,45.2400016784668,32.20077133178711,121900,0.0,0.0,0.0
2011-11-07,45.22999954223633,45.529998779296875,44.86000061035156,45.45000076293945,32.35023880004883,51700,0.0,0.0,0.0
2011-11-08,45.540000915527344,46.09000015258789,45.290000915527344,46.0099983215332,32.74884796142578,164300,0.0,0.0,0.0
2011-11-09,44.540000915527344,44.63999938964844,43.79999923706055,43.88999938964844,31.2398624420166,389200,0.0,0.0,0.0
2011-11-10,44.52000045776367,44.59000015258789,43.93000030517578,44.349998474121094,31.56728172302246,51000,0.0,0.0,0.0
2011-11-11,44.970001220703125,45.41999816894531,44.970001220703125,45.33000183105469,32.264827728271484,32600,0.0,0.0,0.0
2011-11-14,45.040000915527344,45.06999969482422,44.439998626708984,44.650001525878906,31.780818939208984,99100,0.0,0.0,0.0
2011-11-15,44.54999923706055,44.97999954223633,44.36000061035156,44.66999816894531,31.795059204101562,66500,0.0,0.0,0.0
2011-11-16,44.2599983215332,44.79999923706055,43.939998626708984,43.9900016784668,31.31105613708496,643200,0.0,0.0,0.0
2011-11-17,43.959999084472656,44.15999984741211,42.970001220703125,43.27000045776367,30.798564910888672,89200,0.0,0.0,0.0
2011-11-18,43.68000030517578,43.68000030517578,43.11000061035156,43.310001373291016,30.827037811279297,50700,0.0,0.0,0.0
2011-11-21,42.540000915527344,42.560001373291016,41.939998626708984,42.31999969482422,30.122385025024414,167000,0.0,0.0,0.0
2011-11-22,42.310001373291016,42.540000915527344,42.0,42.2599983215332,30.079668045043945,126700,0.0,0.0,0.0
2011-11-23,41.70000076293945,41.790000915527344,41.099998474121094,41.150001525878906,29.289602279663086,247100,0.0,0.0,0.0
2011-11-25,41.02000045776367,41.529998779296875,40.75,41.02000045776367,29.197084426879883,107900,0.0,0.0,0.0
2011-11-28,42.560001373291016,42.689998626708984,42.20000076293945,42.560001373291016,30.293209075927734,120200,0.0,0.0,0.0
2011-11-29,42.619998931884766,42.93000030517578,42.439998626708984,42.709999084472656,30.39996337890625,219700,0.0,0.0,0.0
2011-11-30,44.130001068115234,44.7400016784668,44.029998779296875,44.66999816894531,31.795059204101562,238200,0.0,0.0,0.0
2011-12-01,44.540000915527344,44.88999938964844,44.33000183105469,44.470001220703125,31.652700424194336,176900,0.0,0.0,0.0
2011-12-02,44.970001220703125,45.06999969482422,44.43000030517578,44.45000076293945,31.63845443725586,136800,0.0,0.0,0.0
2011-12-05,45.130001068115234,45.33000183105469,44.709999084472656,44.97999954223633,32.015716552734375,182000,0.0,0.0,0.0
2011-12-06,44.880001068115234,45.04999923706055,44.599998474121094,44.869998931884766,31.93741226196289,124300,0.0,0.0,0.0
2011-12-07,44.61000061035156,45.220001220703125,44.36000061035156,45.02000045776367,32.04418182373047,115500,0.0,0.0,0.0
2011-12-08,44.43000030517578,44.58000183105469,43.70000076293945,43.79999923706055,31.175809860229492,234800,0.0,0.0,0.0
2011-12-09,43.97999954223633,44.7400016784668,43.97999954223633,44.619998931884766,31.75946807861328,95800,0.0,0.0,0.0
2011-12-12,43.90999984741211,43.90999984741211,43.25,43.58000183105469,31.019222259521484,122000,0.0,0.0,0.0
2011-12-13,43.880001068115234,44.08000183105469,42.95000076293945,43.119998931884766,30.691804885864258,142500,0.0,0.0,0.0
2011-12-14,42.93000030517578,43.04999923706055,42.400001525878906,42.59000015258789,30.314573287963867,412100,0.0,0.0,0.0
2011-12-15,43.0099983215332,43.119998931884766,42.63999938964844,42.75,30.428457260131836,299100,0.0,0.0,0.0
2011-12-16,43.0,43.2400016784668,42.630001068115234,42.81999969482422,30.478269577026367,500600,0.0,0.0,0.0
2011-12-19,42.90999984741211,42.9900016784668,42.209999084472656,42.29999923706055,30.10814666748047,198400,0.0,0.0,0.0
2011-12-20,43.0,43.7599983215332,42.93000030517578,43.65999984741211,31.076162338256836,436400,0.0,0.0,0.0
2011-12-21,42.54999923706055,42.63999938964844,42.11000061035156,42.540000915527344,31.0018310546875,343700,1.018,0.0,0.0
2011-12-22,42.709999084472656,43.06999969482422,42.65999984741211,43.029998779296875,31.358930587768555,242700,0.0,0.0,0.0
2011-12-23,43.130001068115234,43.380001068115234,43.02000045776367,43.290000915527344,31.54840660095215,283100,0.0,0.0,0.0
2011-12-27,43.18000030517578,43.36000061035156,43.16999816894531,43.22999954223633,31.50469207763672,266900,0.0,0.0,0.0
2011-12-28,43.16999816894531,43.189998626708984,42.5,42.58000183105469,31.03099250793457,406900,0.0,0.0,0.0
2011-12-29,42.56999969482422,43.150001525878906,42.56999969482422,43.08000183105469,31.39535903930664,310000,0.0,0.0,0.0
2011-12-30,42.97999954223633,43.27000045776367,42.97999954223633,43.18000030517578,31.46824073791504,198000,0.0,0.0,0.0
2012-01-03,44.0099983215332,44.2400016784668,43.9900016784668,43.9900016784668,32.05855178833008,233500,0.0,0.0,0.0
2012-01-04,43.779998779296875,44.040000915527344,43.650001525878906,43.9900016784668,32.05855178833008,143000,0.0,0.0,0.0
2012-01-05,43.619998931884766,43.880001068115234,43.34000015258789,43.7599983215332,31.890928268432617,86800,0.0,0.0,0.0
2012-01-06,43.720001220703125,43.720001220703125,43.36000061035156,43.43000030517578,31.650447845458984,57200,0.0,0.0,0.0
2012-01-09,43.61000061035156,43.68000030517578,43.310001373291016,43.58000183105469,31.759750366210938,204400,0.0,0.0,0.0
2012-01-10,44.2400016784668,44.33000183105469,44.150001525878906,44.25,32.24802017211914,130400,0.0,0.0,0.0
2012-01-11,44.0,44.22999954223633,43.88999938964844,44.189998626708984,32.20430374145508,94200,0.0,0.0,0.0
2012-01-12,44.31999969482422,44.38999938964844,44.0,44.33000183105469,32.30633544921875,200100,0.0,0.0,0.0
2012-01-13,43.849998474121094,43.970001220703125,43.529998779296875,43.939998626708984,32.02210235595703,86600,0.0,0.0,0.0
2012-01-17,44.41999816894531,44.599998474121094,44.209999084472656,44.310001373291016,32.291748046875,233500,0.0,0.0,0.0
2012-01-18,44.400001525878906,44.91999816894531,44.400001525878906,44.900001525878906,32.72172164916992,318600,0.0,0.0,0.0
2012-01-19,45.11000061035156,45.36000061035156,45.0,45.29999923706055,33.01324462890625,220100,0.0,0.0,0.0
2012-01-20,45.27000045776367,45.400001525878906,45.150001525878906,45.400001525878906,33.086116790771484,99500,0.0,0.0,0.0
2012-01-23,45.5099983215332,45.70000076293945,45.29999923706055,45.45000076293945,33.122554779052734,445200,0.0,0.0,0.0
2012-01-24,45.08000183105469,45.34000015258789,44.95000076293945,45.279998779296875,32.9986572265625,227500,0.0,0.0,0.0
2012-01-25,45.25,45.88999938964844,45.02000045776367,45.83000183105469,33.399478912353516,136600,0.0,0.0,0.0
2012-01-26,46.06999969482422,46.209999084472656,45.529998779296875,45.65999984741211,33.27560043334961,186100,0.0,0.0,0.0
2012-01-27,45.56999969482422,45.84000015258789,45.560001373291016,45.720001220703125,33.31931686401367,109300,0.0,0.0,0.0
2012-01-30,45.2599983215332,45.52000045776367,45.040000915527344,45.439998626708984,33.115264892578125,186300,0.0,0.0,0.0
2012-01-31,45.779998779296875,45.83000183105469,45.25,45.540000915527344,33.18813705444336,264600,0.0,0.0,0.0
2012-02-01,46.06999969482422,46.43000030517578,46.0,46.16999816894531,33.647254943847656,269600,0.0,0.0,0.0
2012-02-02,46.33000183105469,46.4900016784668,46.20000076293945,46.349998474121094,33.778438568115234,302100,0.0,0.0,0.0
2012-02-03,46.709999084472656,47.040000915527344,46.65999984741211,47.0,34.25213623046875,144400,0.0,0.0,0.0
2012-02-06,46.709999084472656,46.88999938964844,46.650001525878906,46.880001068115234,34.16469192504883,89100,0.0,0.0,0.0
2012-02-07,46.779998779296875,47.06999969482422,46.58000183105469,47.040000915527344,34.28129959106445,121800,0.0,0.0,0.0
2012-02-08,47.150001525878906,47.29999923706055,46.90999984741211,47.220001220703125,34.4124755859375,129000,0.0,0.0,0.0
2012-02-09,47.2599983215332,47.31999969482422,47.02000045776367,47.279998779296875,34.456199645996094,85100,0.0,0.0,0.0
2012-02-10,46.650001525878906,46.70000076293945,46.470001220703125,46.650001525878906,33.9970703125,121600,0.0,0.0,0.0
2012-02-13,47.13999938964844,47.189998626708984,46.91999816894531,47.060001373291016,34.29586410522461,162700,0.0,0.0,0.0
2012-02-14,46.939998626708984,46.95000076293945,46.54999923706055,46.869998931884766,34.157405853271484,68300,0.0,0.0,0.0
2012-02-15,47.150001525878906,47.16999816894531,46.7400016784668,46.779998779296875,34.091819763183594,64500,0.0,0.0,0.0
2012-02-16,46.79999923706055,47.41999816894531,46.709999084472656,47.41999816894531,34.558223724365234,72200,0.0,0.0,0.0
2012-02-17,47.58000183105469,47.630001068115234,47.349998474121094,47.54999923706055,34.6529655456543,35400,0.0,0.0,0.0
2012-02-21,47.66999816894531,47.779998779296875,47.45000076293945,47.56999969482422,34.66754913330078,94500,0.0,0.0,0.0
2012-02-22,47.529998779296875,47.529998779296875,47.33000183105469,47.43000030517578,34.56550216674805,96600,0.0,0.0,0.0
2012-02-23,47.439998626708984,47.66999816894531,47.15999984741211,47.599998474121094,34.68941116333008,201600,0.0,0.0,0.0
2012-02-24,47.77000045776367,47.9900016784668,47.7599983215332,47.869998931884766,34.886165618896484,84200,0.0,0.0,0.0
2012-02-27,47.43000030517578,47.90999984741211,47.2599983215332,47.75,34.7987174987793,203700,0.0,0.0,0.0
2012-02-28,47.83000183105469,48.060001373291016,47.720001220703125,48.02000045776367,34.995487213134766,149700,0.0,0.0,0.0
2012-02-29,48.20000076293945,48.31999969482422,47.619998931884766,47.709999084472656,34.769569396972656,370000,0.0,0.0,0.0
2012-03-01,47.88999938964844,48.22999954223633,47.86000061035156,48.16999816894531,35.10479736328125,204000,0.0,0.0,0.0
2012-03-02,47.900001525878906,47.9900016784668,47.65999984741211,47.81999969482422,34.84973907470703,446800,0.0,0.0,0.0
2012-03-05,47.689998626708984,47.689998626708984,47.310001373291016,47.52000045776367,34.63111114501953,951100,0.0,0.0,0.0
2012-03-06,46.689998626708984,46.689998626708984,46.20000076293945,46.349998474121094,33.778438568115234,425100,0.0,0.0,0.0
2012-03-07,46.560001373291016,46.93000030517578,46.4900016784668,46.86000061035156,34.150108337402344,266300,0.0,0.0,0.0
2012-03-08,47.36000061035156,47.7400016784668,47.27000045776367,47.63999938964844,34.71854782104492,179400,0.0,0.0,0.0
2012-03-09,47.599998474121094,47.79999923706055,47.5,47.599998474121094,34.68941116333008,87900,0.0,0.0,0.0
2012-03-12,47.56999969482422,47.66999816894531,47.380001068115234,47.52000045776367,34.63111114501953,142500,0.0,0.0,0.0
2012-03-13,47.720001220703125,48.380001068115234,47.709999084472656,48.36000061035156,35.24327087402344,120100,0.0,0.0,0.0
2012-03-14,48.33000183105469,48.380001068115234,47.9900016784668,48.18000030517578,35.112083435058594,356300,0.0,0.0,0.0
2012-03-15,48.25,48.52000045776367,48.13999938964844,48.470001220703125,35.32343673706055,226600,0.0,0.0,0.0
2012-03-16,48.709999084472656,48.75,48.599998474121094,48.630001068115234,35.440040588378906,95600,0.0,0.0,0.0
2012-03-19,48.58000183105469,48.959999084472656,48.52000045776367,48.77000045776367,35.542049407958984,99100,0.0,0.0,0.0
2012-03-20,48.29999923706055,48.439998626708984,48.099998474121094,48.38999938964844,35.26513671875,98500,0.0,0.0,0.0
2012-03-21,48.380001068115234,48.400001525878906,48.11000061035156,48.29999923706055,35.19954299926758,96300,0.0,0.0,0.0
2012-03-22,47.779998779296875,47.90999984741211,47.619998931884766,47.72999954223633,34.784149169921875,237700,0.0,0.0,0.0
2012-03-23,47.779998779296875,48.11000061035156,47.61000061035156,48.099998474121094,35.05378723144531,319700,0.0,0.0,0.0
2012-03-26,48.41999816894531,48.83000183105469,48.41999816894531,48.810001373291016,35.57120895385742,190600,0.0,0.0,0.0
2012-03-27,48.810001373291016,48.81999969482422,48.52000045776367,48.52000045776367,35.359859466552734,137000,0.0,0.0,0.0
2012-03-28,48.529998779296875,48.54999923706055,47.91999816894531,48.15999984741211,35.09751510620117,110300,0.0,0.0,0.0
2012-03-29,47.83000183105469,48.08000183105469,47.54999923706055,48.08000183105469,35.03921890258789,357000,0.0,0.0,0.0
2012-03-30,48.38999938964844,48.38999938964844,48.04999923706055,48.27000045776367,35.177669525146484,478900,0.0,0.0,0.0
2012-04-02,48.22999954223633,48.970001220703125,48.119998931884766,48.77000045776367,35.542049407958984,272400,0.0,0.0,0.0
2012-04-03,48.7599983215332,48.7599983215332,48.11000061035156,48.310001373291016,35.20682144165039,67400,0.0,0.0,0.0
2012-04-04,47.7400016784668,47.79999923706055,47.400001525878906,47.56999969482422,34.66754913330078,176800,0.0,0.0,0.0
2012-04-05,47.34000015258789,47.68000030517578,47.34000015258789,47.470001220703125,34.594669342041016,143400,0.0,0.0,0.0
2012-04-09,46.9900016784668,47.22999954223633,46.66999816894531,47.060001373291016,34.29586410522461,563500,0.0,0.0,0.0
2012-04-10,46.959999084472656,47.060001373291016,46.02000045776367,46.119998931884766,33.61080551147461,320300,0.0,0.0,0.0
2012-04-11,46.810001373291016,46.84000015258789,46.59000015258789,46.650001525878906,33.9970703125,115400,0.0,0.0,0.0
2012-04-12,46.849998474121094,47.5,46.810001373291016,47.459999084472656,34.58737564086914,145800,0.0,0.0,0.0
2012-04-13,47.119998931884766,47.15999984741211,46.68000030517578,46.68000030517578,34.01894760131836,116100,0.0,0.0,0.0
2012-04-16,47.02000045776367,47.06999969482422,46.599998474121094,46.84000015258789,34.13552474975586,64100,0.0,0.0,0.0
2012-04-17,47.130001068115234,47.599998474121094,47.09000015258789,47.560001373291016,34.66026306152344,48800,0.0,0.0,0.0
2012-04-18,47.2599983215332,47.45000076293945,47.18000030517578,47.27000045776367,34.44890594482422,104000,0.0,0.0,0.0
2012-04-19,47.33000183105469,47.47999954223633,46.83000183105469,47.060001373291016,34.29586410522461,126600,0.0,0.0,0.0
2012-04-20,47.38999938964844,47.52000045776367,47.209999084472656,47.209999084472656,34.405181884765625,124000,0.0,0.0,0.0
2012-04-23,46.65999984741211,46.65999984741211,46.2599983215332,46.599998474121094,33.96062088012695,698600,0.0,0.0,0.0
2012-04-24,46.61000061035156,46.95000076293945,46.61000061035156,46.77000045776367,34.08453369140625,63500,0.0,0.0,0.0
2012-04-25,47.279998779296875,47.529998779296875,47.189998626708984,47.400001525878906,34.543636322021484,210500,0.0,0.0,0.0
2012-04-26,47.349998474121094,47.81999969482422,47.27000045776367,47.79999923706055,34.83515548706055,488300,0.0,0.0,0.0
2012-04-27,47.91999816894531,48.029998779296875,47.65999984741211,47.900001525878906,34.90803146362305,300600,0.0,0.0,0.0
2012-04-30,47.79999923706055,47.79999923706055,47.560001373291016,47.70000076293945,34.762271881103516,106000,0.0,0.0,0.0
2012-05-01,47.599998474121094,48.20000076293945,47.599998474121094,47.939998626708984,34.93717575073242,71600,0.0,0.0,0.0
2012-05-02,47.59000015258789,47.77000045776367,47.459999084472656,47.7599983215332,34.806007385253906,158000,0.0,0.0,0.0
2012-05-03,47.709999084472656,47.75,47.220001220703125,47.36000061035156,34.514488220214844,259000,0.0,0.0,0.0
2012-05-04,47.08000183105469,47.099998474121094,46.5,46.52000045776367,33.902320861816406,495200,0.0,0.0,0.0
2012-05-07,46.43000030517578,46.810001373291016,46.400001525878906,46.720001220703125,34.04808807373047,164000,0.0,0.0,0.0
2012-05-08,46.36000061035156,46.36000061035156,45.75,46.25,33.70555877685547,151200,0.0,0.0,0.0
2012-05-09,45.619998931884766,46.09000015258789,45.380001068115234,45.810001373291016,33.38489532470703,108100,0.0,0.0,0.0
2012-05-10,46.150001525878906,46.20000076293945,45.849998474121094,45.93000030517578,33.472354888916016,523000,0.0,0.0,0.0
2012-05-11,45.59000015258789,46.15999984741211,45.529998779296875,45.779998779296875,33.363040924072266,202000,0.0,0.0,0.0
2012-05-14,45.20000076293945,45.310001373291016,44.97999954223633,45.029998779296875,32.81645584106445,291100,0.0,0.0,0.0
2012-05-15,44.939998626708984,45.11000061035156,44.540000915527344,44.650001525878906,32.5395393371582,269000,0.0,0.0,0.0
2012-05-16,44.720001220703125,44.880001068115234,44.27000045776367,44.29999923706055,32.28446578979492,118900,0.0,0.0,0.0
2012-05-17,44.29999923706055,44.29999923706055,43.68000030517578,43.689998626708984,31.839916229248047,174800,0.0,0.0,0.0
2012-05-18,43.7599983215332,43.88999938964844,43.22999954223633,43.31999969482422,31.570270538330078,158500,0.0,0.0,0.0
2012-05-21,43.470001220703125,44.150001525878906,43.470001220703125,44.130001068115234,32.16058349609375,144200,0.0,0.0,0.0
2012-05-22,44.20000076293945,44.4900016784668,43.810001373291016,44.04999923706055,32.10226821899414,79600,0.0,0.0,0.0
2012-05-23,43.689998626708984,43.91999816894531,43.099998474121094,43.900001525878906,31.992956161499023,233000,0.0,0.0,0.0
2012-05-24,43.97999954223633,44.0,43.459999084472656,43.77000045776367,31.898218154907227,106300,0.0,0.0,0.0
2012-05-25,43.75,43.849998474121094,43.560001373291016,43.68000030517578,31.832622528076172,95200,0.0,0.0,0.0
2012-05-29,44.150001525878906,44.40999984741211,43.93000030517578,44.279998779296875,32.269901275634766,191500,0.0,0.0,0.0
2012-05-30,43.79999923706055,43.81999969482422,43.40999984741211,43.40999984741211,31.6358642578125,343600,0.0,0.0,0.0
2012-05-31,43.540000915527344,43.63999938964844,43.06999969482422,43.439998626708984,31.657718658447266,93400,0.0,0.0,0.0
2012-06-01,42.849998474121094,42.86000061035156,42.43000030517578,42.45000076293945,30.936254501342773,517400,0.0,0.0,0.0
2012-06-04,42.689998626708984,42.7599983215332,42.189998626708984,42.560001373291016,31.016403198242188,297500,0.0,0.0,0.0
2012-06-05,42.5,42.84000015258789,42.4900016784668,42.779998779296875,31.176733016967773,76400,0.0,0.0,0.0
2012-06-06,43.25,43.959999084472656,43.13999938964844,43.95000076293945,32.029388427734375,69800,0.0,0.0,0.0
2012-06-07,44.599998474121094,44.599998474121094,43.869998931884766,43.95000076293945,32.029388427734375,97400,0.0,0.0,0.0
2012-06-08,43.61000061035156,44.060001373291016,43.439998626708984,44.0099983215332,32.07311248779297,188500,0.0,0.0,0.0
2012-06-11,44.369998931884766,44.47999954223633,43.38999938964844,43.439998626708984,31.657718658447266,89000,0.0,0.0,0.0
2012-06-12,43.689998626708984,44.08000183105469,43.40999984741211,44.08000183105469,32.12413787841797,252500,0.0,0.0,0.0
2012-06-13,43.880001068115234,44.13999938964844,43.599998474121094,43.720001220703125,31.86178207397461,80300,0.0,0.0,0.0
2012-06-14,43.810001373291016,44.18000030517578,43.65999984741211,44.029998779296875,32.08769989013672,144500,0.0,0.0,0.0
2012-06-15,44.33000183105469,44.619998931884766,44.18000030517578,44.58000183105469,32.4885139465332,118000,0.0,0.0,0.0
2012-06-18,44.470001220703125,44.75,44.33000183105469,44.619998931884766,32.517662048339844,103100,0.0,0.0,0.0
2012-06-19,44.97999954223633,45.4900016784668,44.970001220703125,45.2599983215332,32.98408508300781,140000,0.0,0.0,0.0
2012-06-20,45.38999938964844,45.599998474121094,44.9900016784668,45.33000183105469,33.035091400146484,296700,0.0,0.0,0.0
2012-06-21,45.29999923706055,45.34000015258789,44.119998931884766,44.150001525878906,32.17515182495117,64600,0.0,0.0,0.0
2012-06-22,44.529998779296875,44.630001068115234,44.2400016784668,44.56999969482422,32.48123550415039,48000,0.0,0.0,0.0
2012-06-25,44.0,44.02000045776367,43.560001373291016,43.689998626708984,31.839916229248047,73200,0.0,0.0,0.0
2012-06-26,43.83000183105469,44.09000015258789,43.599998474121094,43.939998626708984,32.02210235595703,82500,0.0,0.0,0.0
2012-06-27,44.13999938964844,44.459999084472656,44.06999969482422,44.369998931884766,32.33546829223633,61200,0.0,0.0,0.0
2012-06-28,44.040000915527344,44.27000045776367,43.72999954223633,44.2400016784668,32.24073791503906,65900,0.0,0.0,0.0
2012-06-29,45.4900016784668,45.68000030517578,45.27000045776367,45.66999816894531,33.28286361694336,116300,0.0,0.0,0.0
2012-07-02,45.7400016784668,45.880001068115234,45.470001220703125,45.84000015258789,33.406776428222656,128300,0.0,0.0,0.0
2012-07-03,45.939998626708984,46.36000061035156,45.939998626708984,46.33000183105469,33.76387405395508,73300,0.0,0.0,0.0
2012-07-05,45.95000076293945,46.06999969482422,45.689998626708984,45.88999938964844,33.44321060180664,81100,0.0,0.0,0.0
2012-07-06,45.5,45.52000045776367,45.119998931884766,45.38999938964844,33.078834533691406,206600,0.0,0.0,0.0
2012-07-09,45.279998779296875,45.290000915527344,45.0099983215332,45.27000045776367,32.991355895996094,82100,0.0,0.0,0.0
2012-07-10,45.4900016784668,45.5,44.79999923706055,44.90999984741211,32.729007720947266,81500,0.0,0.0,0.0
2012-07-11,44.970001220703125,45.15999984741211,44.7599983215332,45.0,32.79460144042969,78100,0.0,0.0,0.0
2012-07-12,44.599998474121094,44.72999954223633,44.25,44.54999923706055,32.4666633605957,124700,0.0,0.0,0.0
2012-07-13,44.689998626708984,45.380001068115234,44.689998626708984,45.2599983215332,32.98408508300781,135700,0.0,0.0,0.0
2012-07-16,45.18000030517578,45.34000015258789,44.970001220703125,45.25,32.97679138183594,56700,0.0,0.0,0.0
2012-07-17,45.459999084472656,45.560001373291016,44.959999084472656,45.529998779296875,33.18084716796875,47900,0.0,0.0,0.0
2012-07-18,45.349998474121094,45.86000061035156,45.349998474121094,45.77000045776367,33.35575866699219,89100,0.0,0.0,0.0
2012-07-19,45.91999816894531,46.15999984741211,45.849998474121094,46.04999923706055,33.55980682373047,244800,0.0,0.0,0.0
2012-07-20,45.54999923706055,45.599998474121094,45.33000183105469,45.38999938964844,33.078834533691406,159800,0.0,0.0,0.0
2012-07-23,44.560001373291016,44.83000183105469,44.25,44.75,32.61240768432617,67000,0.0,0.0,0.0
2012-07-24,44.75,44.75,43.95000076293945,44.25,32.24802017211914,88300,0.0,0.0,0.0
2012-07-25,44.540000915527344,44.56999969482422,44.15999984741211,44.400001525878906,32.35732650756836,119900,0.0,0.0,0.0
2012-07-26,45.220001220703125,45.439998626708984,45.06999969482422,45.36000061035156,33.05697250366211,88600,0.0,0.0,0.0
2012-07-27,45.58000183105469,46.43000030517578,45.58000183105469,46.279998779296875,33.72743606567383,97600,0.0,0.0,0.0
2012-07-30,46.130001068115234,46.34000015258789,46.11000061035156,46.16999816894531,33.647254943847656,50600,0.0,0.0,0.0
2012-07-31,46.2400016784668,46.41999816894531,46.0,46.0,33.523353576660156,218100,0.0,0.0,0.0
2012-08-01,46.22999954223633,46.27000045776367,45.81999969482422,45.86000061035156,33.421348571777344,102400,0.0,0.0,0.0
2012-08-02,45.540000915527344,45.810001373291016,45.09000015258789,45.400001525878906,33.086116790771484,74500,0.0,0.0,0.0
2012-08-03,46.16999816894531,46.689998626708984,46.16999816894531,46.540000915527344,33.91691589355469,70400,0.0,0.0,0.0
2012-08-06,46.70000076293945,46.970001220703125,46.66999816894531,46.77000045776367,34.08453369140625,128100,0.0,0.0,0.0
2012-08-07,47.029998779296875,47.310001373291016,46.959999084472656,47.099998474121094,34.32500457763672,102100,0.0,0.0,0.0
2012-08-08,46.900001525878906,47.209999084472656,46.900001525878906,47.060001373291016,34.29586410522461,188800,0.0,0.0,0.0
2012-08-09,46.970001220703125,47.310001373291016,46.970001220703125,47.15999984741211,34.36872863769531,55000,0.0,0.0,0.0
2012-08-10,46.880001068115234,47.27000045776367,46.81999969482422,47.25,34.434326171875,53400,0.0,0.0,0.0
2012-08-13,47.20000076293945,47.25,46.900001525878906,47.13999938964844,34.35416030883789,43400,0.0,0.0,0.0
2012-08-14,47.36000061035156,47.36000061035156,47.06999969482422,47.15999984741211,34.36872863769531,48400,0.0,0.0,0.0
2012-08-15,47.09000015258789,47.25,47.06999969482422,47.189998626708984,34.39060592651367,130100,0.0,0.0,0.0
2012-08-16,47.33000183105469,47.7400016784668,47.20000076293945,47.65999984741211,34.733116149902344,206700,0.0,0.0,0.0
2012-08-17,47.68000030517578,47.75,47.540000915527344,47.70000076293945,34.762271881103516,189100,0.0,0.0,0.0
2012-08-20,47.599998474121094,47.689998626708984,47.38999938964844,47.63999938964844,34.71854782104492,107900,0.0,0.0,0.0
2012-08-21,47.7599983215332,48.08000183105469,47.560001373291016,47.650001525878906,34.7258415222168,98100,0.0,0.0,0.0
2012-08-22,47.43000030517578,47.68000030517578,47.290000915527344,47.61000061035156,34.69668960571289,118600,0.0,0.0,0.0
2012-08-23,47.54999923706055,47.54999923706055,47.22999954223633,47.290000915527344,34.46347427368164,52000,0.0,0.0,0.0
2012-08-24,47.16999816894531,47.5099983215332,47.0099983215332,47.369998931884766,34.52178955078125,185200,0.0,0.0,0.0
2012-08-27,47.439998626708984,47.54999923706055,47.29999923706055,47.349998474121094,34.507205963134766,126700,0.0,0.0,0.0
2012-08-28,47.20000076293945,47.459999084472656,47.20000076293945,47.36000061035156,34.514488220214844,98900,0.0,0.0,0.0
2012-08-29,47.40999984741211,47.40999984741211,47.16999816894531,47.279998779296875,34.456199645996094,114500,0.0,0.0,0.0
2012-08-30,47.08000183105469,47.08000183105469,46.72999954223633,46.810001373291016,34.11367416381836,84800,0.0,0.0,0.0
2012-08-31,47.20000076293945,47.34000015258789,46.900001525878906,47.13999938964844,34.35416030883789,79300,0.0,0.0,0.0
2012-09-04,47.16999816894531,47.20000076293945,46.849998474121094,47.09000015258789,34.31772232055664,138300,0.0,0.0,0.0
2012-09-05,47.060001373291016,47.20000076293945,46.86000061035156,47.02000045776367,34.26670837402344,540100,0.0,0.0,0.0
2012-09-06,47.349998474121094,48.099998474121094,47.349998474121094,48.099998474121094,35.05378723144531,417700,0.0,0.0,0.0
2012-09-07,48.279998779296875,48.56999969482422,48.279998779296875,48.560001373291016,35.389015197753906,405100,0.0,0.0,0.0
2012-09-10,48.45000076293945,48.540000915527344,48.189998626708984,48.209999084472656,35.13396072387695,221700,0.0,0.0,0.0
2012-09-11,48.31999969482422,48.63999938964844,48.31999969482422,48.5099983215332,35.35258865356445,111600,0.0,0.0,0.0
2012-09-12,48.779998779296875,48.869998931884766,48.58000183105469,48.709999084472656,35.498329162597656,70400,0.0,0.0,0.0
2012-09-13,48.720001220703125,49.66999816894531,48.59000015258789,49.560001373291016,36.1177864074707,288200,0.0,0.0,0.0
2012-09-14,49.779998779296875,50.34000015258789,49.77000045776367,49.939998626708984,36.394718170166016,318200,0.0,0.0,0.0
2012-09-17,49.900001525878906,49.90999984741211,49.560001373291016,49.689998626708984,36.2125244140625,111800,0.0,0.0,0.0
2012-09-18,49.56999969482422,49.619998931884766,49.40999984741211,49.529998779296875,36.095916748046875,100300,0.0,0.0,0.0
2012-09-19,49.63999938964844,49.7400016784668,49.459999084472656,49.630001068115234,36.16880798339844,58800,0.0,0.0,0.0
2012-09-20,49.310001373291016,49.41999816894531,49.0,49.380001068115234,35.98661422729492,251900,0.0,0.0,0.0
2012-09-21,49.779998779296875,49.779998779296875,49.33000183105469,49.380001068115234,35.98661422729492,156900,0.0,0.0,0.0
2012-09-24,48.619998931884766,48.77000045776367,48.5,48.68000030517578,35.90104675292969,75300,0.584,0.0,0.0
2012-09-25,48.90999984741211,48.959999084472656,48.2599983215332,48.279998779296875,35.60606002807617,212800,0.0,0.0,0.0
2012-09-26,48.15999984741211,48.16999816894531,47.77000045776367,47.90999984741211,35.33317947387695,175900,0.0,0.0,0.0
2012-09-27,48.2599983215332,48.58000183105469,48.040000915527344,48.5099983215332,35.775691986083984,342200,0.0,0.0,0.0
2012-09-28,48.279998779296875,48.279998779296875,47.88999938964844,48.029998779296875,35.42168045043945,251200,0.0,0.0,0.0
2012-10-01,48.27000045776367,48.70000076293945,48.22999954223633,48.27000045776367,35.59868240356445,606700,0.0,0.0,0.0
2012-10-02,48.619998931884766,48.68000030517578,48.27000045776367,48.459999084472656,35.73881149291992,230200,0.0,0.0,0.0
2012-10-03,48.470001220703125,48.52000045776367,48.20000076293945,48.400001525878906,35.69457244873047,67800,0.0,0.0,0.0
2012-10-04,48.63999938964844,48.84000015258789,48.52000045776367,48.83000183105469,36.01169204711914,110000,0.0,0.0,0.0
2012-10-05,49.150001525878906,49.2599983215332,48.720001220703125,48.849998474121094,36.02643966674805,93800,0.0,0.0,0.0
2012-10-08,48.5099983215332,48.650001525878906,48.5099983215332,48.630001068115234,35.86418151855469,48000,0.0,0.0,0.0
2012-10-09,48.5,48.5,48.060001373291016,48.08000183105469,35.45856475830078,316300,0.0,0.0,0.0
2012-10-10,48.0,48.08000183105469,47.72999954223633,47.83000183105469,35.27418899536133,70800,0.0,0.0,0.0
2012-10-11,48.20000076293945,48.38999938964844,48.04999923706055,48.060001373291016,35.44380569458008,102200,0.0,0.0,0.0
2012-10-12,48.09000015258789,48.150001525878906,47.77000045776367,47.86000061035156,35.29631805419922,52600,0.0,0.0,0.0
2012-10-15,48.040000915527344,48.310001373291016,47.880001068115234,48.290000915527344,35.613441467285156,119800,0.0,0.0,0.0
2012-10-16,48.61000061035156,48.91999816894531,48.599998474121094,48.90999984741211,36.0706787109375,210000,0.0,0.0,0.0
2012-10-17,48.970001220703125,49.25,48.880001068115234,49.20000076293945,36.28455352783203,207700,0.0,0.0,0.0
2012-10-18,49.040000915527344,49.349998474121094,48.939998626708984,49.099998474121094,36.2108154296875,62600,0.0,0.0,0.0
2012-10-19,48.959999084472656,48.959999084472656,48.25,48.34000015258789,35.65031814575195,60300,0.0,0.0,0.0
2012-10-22,48.52000045776367,48.599998474121094,48.20000076293945,48.540000915527344,35.79780960083008,91300,0.0,0.0,0.0
2012-10-23,47.81999969482422,47.83000183105469,47.40999984741211,47.689998626708984,35.17095184326172,153800,0.0,0.0,0.0
2012-10-24,48.0,48.029998779296875,47.619998931884766,47.63999938964844,35.13408279418945,91400,0.0,0.0,0.0
2012-10-25,48.060001373291016,48.209999084472656,47.68000030517578,47.939998626708984,35.35531997680664,252200,0.0,0.0,0.0
2012-10-26,47.869998931884766,47.970001220703125,47.599998474121094,47.790000915527344,35.24470520019531,45600,0.0,0.0,0.0
2012-10-31,47.959999084472656,48.0,47.619998931884766,47.7400016784668,35.20782470703125,210300,0.0,0.0,0.0
2012-11-01,48.0099983215332,48.459999084472656,47.869998931884766,48.45000076293945,35.731449127197266,366600,0.0,0.0,0.0
2012-11-02,48.58000183105469,48.599998474121094,47.939998626708984,47.939998626708984,35.35531997680664,146000,0.0,0.0,0.0
2012-11-05,47.97999954223633,48.099998474121094,47.79999923706055,48.0099983215332,35.406951904296875,203700,0.0,0.0,0.0
2012-11-06,48.189998626708984,48.47999954223633,48.11000061035156,48.40999984741211,35.70193099975586,85700,0.0,0.0,0.0
2012-11-07,48.0099983215332,48.0099983215332,47.27000045776367,47.5099983215332,35.038204193115234,175000,0.0,0.0,0.0
2012-11-08,47.5099983215332,47.68000030517578,46.97999954223633,47.029998779296875,34.6841926574707,225100,0.0,0.0,0.0
2012-11-09,46.88999938964844,47.380001068115234,46.83000183105469,47.04999923706055,34.698944091796875,305600,0.0,0.0,0.0
2012-11-12,47.25,47.25,47.0099983215332,47.09000015258789,34.72844314575195,163100,0.0,0.0,0.0
2012-11-13,46.7599983215332,47.189998626708984,46.689998626708984,46.79999923706055,34.51457595825195,319300,0.0,0.0,0.0
2012-11-14,46.86000061035156,46.97999954223633,46.150001525878906,46.25,34.10896301269531,1250500,0.0,0.0,0.0
2012-11-15,46.369998931884766,46.470001220703125,46.029998779296875,46.18000030517578,34.05733871459961,273500,0.0,0.0,0.0
2012-11-16,46.279998779296875,46.40999984741211,45.83000183105469,46.33000183105469,34.16796875,120900,0.0,0.0,0.0
2012-11-19,46.91999816894531,47.310001373291016,46.83000183105469,47.310001373291016,34.890689849853516,273700,0.0,0.0,0.0
2012-11-20,47.150001525878906,47.31999969482422,46.95000076293945,47.25,34.84644317626953,122500,0.0,0.0,0.0
2012-11-21,47.279998779296875,47.40999984741211,47.220001220703125,47.40999984741211,34.964439392089844,86500,0.0,0.0,0.0
2012-11-23,47.849998474121094,48.16999816894531,47.849998474121094,48.16999816894531,35.52493667602539,65700,0.0,0.0,0.0
2012-11-26,47.939998626708984,48.060001373291016,47.79999923706055,48.04999923706055,35.43644714355469,601100,0.0,0.0,0.0
2012-11-27,47.93000030517578,48.099998474121094,47.75,47.7599983215332,35.22256088256836,188500,0.0,0.0,0.0
2012-11-28,47.56999969482422,48.27000045776367,47.369998931884766,48.16999816894531,35.52493667602539,457200,0.0,0.0,0.0
2012-11-29,48.40999984741211,48.540000915527344,48.20000076293945,48.43000030517578,35.71668243408203,511200,0.0,0.0,0.0
2012-11-30,48.5099983215332,48.56999969482422,48.310001373291016,48.470001220703125,35.746192932128906,102200,0.0,0.0,0.0
2012-12-03,48.790000915527344,48.790000915527344,48.34000015258789,48.349998474121094,35.657676696777344,176800,0.0,0.0,0.0
2012-12-04,48.459999084472656,48.56999969482422,48.279998779296875,48.40999984741211,35.70193099975586,141000,0.0,0.0,0.0
2012-12-05,48.40999984741211,48.810001373291016,48.310001373291016,48.54999923706055,35.80519485473633,158500,0.0,0.0,0.0
2012-12-06,48.630001068115234,48.75,48.540000915527344,48.7400016784668,35.94532012939453,278300,0.0,0.0,0.0
2012-12-07,48.720001220703125,48.88999938964844,48.619998931884766,48.84000015258789,36.019073486328125,91200,0.0,0.0,0.0
2012-12-10,48.7599983215332,48.90999984741211,48.720001220703125,48.86000061035156,36.0338249206543,192500,0.0,0.0,0.0
2012-12-11,49.0,49.33000183105469,49.0,49.2400016784668,36.314056396484375,305900,0.0,0.0,0.0
2012-12-12,49.279998779296875,49.619998931884766,49.27000045776367,49.33000183105469,36.38042449951172,209500,0.0,0.0,0.0
2012-12-13,49.310001373291016,49.380001068115234,48.93000030517578,49.02000045776367,36.15180969238281,189900,0.0,0.0,0.0
2012-12-14,49.09000015258789,49.209999084472656,48.93000030517578,49.04999923706055,36.17393112182617,140800,0.0,0.0,0.0
2012-12-17,49.0099983215332,49.47999954223633,49.0099983215332,49.459999084472656,36.476314544677734,222400,0.0,0.0,0.0
2012-12-18,49.41999816894531,50.0,49.400001525878906,49.95000076293945,36.83766555786133,1412000,0.0,0.0,0.0
2012-12-19,50.029998779296875,50.130001068115234,49.81999969482422,49.849998474121094,36.7639274597168,211100,0.0,0.0,0.0
2012-12-20,49.45000076293945,49.65999984741211,49.36000061035156,49.61000061035156,36.99884796142578,346000,0.555,0.0,0.0
2012-12-21,48.86000061035156,49.2400016784668,48.79999923706055,49.189998626708984,36.68560791015625,547000,0.0,0.0,0.0
2012-12-24,49.20000076293945,49.2400016784668,49.0,49.11000061035156,36.625938415527344,229900,0.0,0.0,0.0
2012-12-26,49.150001525878906,49.31999969482422,48.88999938964844,49.029998779296875,36.5662841796875,358600,0.0,0.0,0.0
2012-12-27,49.220001220703125,49.220001220703125,48.650001525878906,49.08000183105469,36.60358810424805,453200,0.0,0.0,0.0
2012-12-28,48.849998474121094,49.0,48.63999938964844,48.779998779296875,36.37982940673828,411400,0.0,0.0,0.0
2012-12-31,48.779998779296875,49.5,48.72999954223633,49.41999816894531,36.85714340209961,293000,0.0,0.0,0.0
2013-01-02,50.220001220703125,50.5,50.15999984741211,50.5,37.6626091003418,722400,0.0,0.0,0.0
2013-01-03,50.20000076293945,50.52000045776367,50.130001068115234,50.220001220703125,37.45377731323242,348200,0.0,0.0,0.0
2013-01-04,50.220001220703125,50.5,50.130001068115234,50.459999084472656,37.63277816772461,379800,0.0,0.0,0.0
2013-01-07,50.2400016784668,50.2599983215332,50.040000915527344,50.20000076293945,37.438865661621094,892500,0.0,0.0,0.0
2013-01-08,50.189998626708984,50.209999084472656,49.84000015258789,50.0099983215332,37.29716110229492,1737600,0.0,0.0,0.0
2013-01-09,50.119998931884766,50.310001373291016,50.099998474121094,50.22999954223633,37.46123504638672,673900,0.0,0.0,0.0
2013-01-10,50.61000061035156,50.790000915527344,50.38999938964844,50.7599983215332,37.85652160644531,433100,0.0,0.0,0.0
2013-01-11,50.709999084472656,50.7599983215332,50.5099983215332,50.72999954223633,37.83414077758789,411000,0.0,0.0,0.0
2013-01-14,50.7400016784668,50.790000915527344,50.540000915527344,50.7599983215332,37.85652160644531,226300,0.0,0.0,0.0
2013-01-15,50.380001068115234,50.72999954223633,50.380001068115234,50.709999084472656,37.81922149658203,201900,0.0,0.0,0.0
2013-01-16,50.560001373291016,50.650001525878906,50.45000076293945,50.61000061035156,37.74463653564453,438000,0.0,0.0,0.0
2013-01-17,50.900001525878906,51.08000183105469,50.779998779296875,50.939998626708984,37.990753173828125,296400,0.0,0.0,0.0
2013-01-18,50.95000076293945,51.029998779296875,50.72999954223633,50.9900016784668,38.028045654296875,384600,0.0,0.0,0.0
2013-01-22,50.91999816894531,51.189998626708984,50.849998474121094,51.189998626708984,38.17719268798828,1124000,0.0,0.0,0.0
2013-01-23,51.130001068115234,51.20000076293945,51.0099983215332,51.150001525878906,38.14737319946289,241900,0.0,0.0,0.0
2013-01-24,51.20000076293945,51.43000030517578,51.029998779296875,51.25,38.221961975097656,507400,0.0,0.0,0.0
2013-01-25,51.47999954223633,51.529998779296875,51.290000915527344,51.529998779296875,38.43077850341797,154900,0.0,0.0,0.0
2013-01-28,51.5,51.529998779296875,51.20000076293945,51.33000183105469,38.28162384033203,183800,0.0,0.0,0.0
2013-01-29,51.400001525878906,51.65999984741211,51.33000183105469,51.61000061035156,38.490440368652344,221200,0.0,0.0,0.0
2013-01-30,51.72999954223633,51.75,51.4900016784668,51.540000915527344,38.43822479248047,180800,0.0,0.0,0.0
2013-01-31,51.43000030517578,51.58000183105469,51.310001373291016,51.400001525878906,38.33382034301758,236800,0.0,0.0,0.0
2013-02-01,51.7400016784668,51.95000076293945,51.599998474121094,51.880001068115234,38.691802978515625,257100,0.0,0.0,0.0
2013-02-04,51.52000045776367,51.56999969482422,51.11000061035156,51.150001525878906,38.14737319946289,717300,0.0,0.0,0.0
2013-02-05,51.290000915527344,51.63999938964844,51.290000915527344,51.5,38.40839767456055,189700,0.0,0.0,0.0
2013-02-06,51.27000045776367,51.54999923706055,51.209999084472656,51.54999923706055,38.4456901550293,263800,0.0,0.0,0.0
2013-02-07,51.529998779296875,51.529998779296875,50.95000076293945,51.279998779296875,38.24433135986328,250100,0.0,0.0,0.0
2013-02-08,51.4900016784668,51.61000061035156,51.439998626708984,51.59000015258789,38.47552490234375,230600,0.0,0.0,0.0
2013-02-11,51.599998474121094,51.599998474121094,51.400001525878906,51.52000045776367,38.42331314086914,287900,0.0,0.0,0.0
2013-02-12,51.58000183105469,51.79999923706055,51.5,51.68000030517578,38.54265594482422,191800,0.0,0.0,0.0
2013-02-13,51.88999938964844,51.959999084472656,51.689998626708984,51.779998779296875,38.61723709106445,185300,0.0,0.0,0.0
2013-02-14,51.58000183105469,51.75,51.4900016784668,51.70000076293945,38.55756759643555,276600,0.0,0.0,0.0
2013-02-15,51.779998779296875,51.779998779296875,51.439998626708984,51.56999969482422,38.460594177246094,295000,0.0,0.0,0.0
2013-02-19,51.869998931884766,52.06999969482422,51.79999923706055,52.02000045776367,38.79621887207031,399100,0.0,0.0,0.0
2013-02-20,52.11000061035156,52.130001068115234,51.40999984741211,51.43000030517578,38.356197357177734,249300,0.0,0.0,0.0
2013-02-21,51.16999816894531,51.16999816894531,50.70000076293945,50.900001525878906,37.96092224121094,201500,0.0,0.0,0.0
2013-02-22,51.2400016784668,51.41999816894531,51.060001373291016,51.41999816894531,38.348724365234375,132100,0.0,0.0,0.0
2013-02-25,51.86000061035156,51.86000061035156,50.45000076293945,50.459999084472656,37.63277816772461,304700,0.0,0.0,0.0
2013-02-26,50.81999969482422,50.90999984741211,50.36000061035156,50.779998779296875,37.871429443359375,269400,0.0,0.0,0.0
2013-02-27,50.70000076293945,51.47999954223633,50.630001068115234,51.34000015258789,38.28907012939453,179800,0.0,0.0,0.0
2013-02-28,51.40999984741211,51.61000061035156,51.2400016784668,51.2400016784668,38.21448516845703,453500,0.0,0.0,0.0
2013-03-01,51.0,51.380001068115234,50.849998474121094,51.369998931884766,38.31144714355469,365700,0.0,0.0,0.0
2013-03-04,51.209999084472656,51.5,51.11000061035156,51.4900016784668,38.400936126708984,352700,0.0,0.0,0.0
2013-03-05,51.77000045776367,52.06999969482422,51.77000045776367,51.970001220703125,38.75891876220703,301100,0.0,0.0,0.0
2013-03-06,52.11000061035156,52.22999954223633,51.939998626708984,52.04999923706055,38.81858444213867,424800,0.0,0.0,0.0
2013-03-07,52.189998626708984,52.290000915527344,52.15999984741211,52.2400016784668,38.96028137207031,155500,0.0,0.0,0.0
2013-03-08,52.41999816894531,52.47999954223633,52.18000030517578,52.45000076293945,39.116912841796875,412400,0.0,0.0,0.0
2013-03-11,52.459999084472656,52.61000061035156,52.310001373291016,52.599998474121094,39.22877883911133,78000,0.0,0.0,0.0
2013-03-12,52.5099983215332,52.58000183105469,52.220001220703125,52.33000183105469,39.02740478515625,191100,0.0,0.0,0.0
2013-03-13,52.36000061035156,52.40999984741211,52.130001068115234,52.29999923706055,39.005027770996094,123100,0.0,0.0,0.0
2013-03-14,52.45000076293945,52.70000076293945,52.400001525878906,52.66999816894531,39.280967712402344,188000,0.0,0.0,0.0
2013-03-15,52.650001525878906,52.689998626708984,52.470001220703125,52.52000045776367,39.169097900390625,296600,0.0,0.0,0.0
2013-03-18,52.0,52.43000030517578,51.900001525878906,52.18000030517578,38.91554260253906,195100,0.0,0.0,0.0
2013-03-19,52.22999954223633,52.29999923706055,51.529998779296875,51.81999969482422,38.64706039428711,2029100,0.0,0.0,0.0
2013-03-20,52.33000183105469,52.38999938964844,52.150001525878906,52.27000045776367,38.98264694213867,244700,0.0,0.0,0.0
2013-03-21,51.9900016784668,52.130001068115234,51.779998779296875,51.86000061035156,38.67689895629883,402100,0.0,0.0,0.0
2013-03-22,51.90999984741211,52.060001373291016,51.83000183105469,52.04999923706055,38.94172668457031,137400,0.164,0.0,0.0
2013-03-25,52.18000030517578,52.22999954223633,51.52000045776367,51.7400016784668,38.70981216430664,185400,0.0,0.0,0.0
2013-03-26,51.959999084472656,52.150001525878906,51.91999816894531,52.130001068115234,39.001583099365234,122500,0.0,0.0,0.0
2013-03-27,51.779998779296875,52.130001068115234,51.650001525878906,52.06999969482422,38.956695556640625,166800,0.0,0.0,0.0
2013-03-28,52.099998474121094,52.34000015258789,52.02000045776367,52.279998779296875,39.11380386352539,273700,0.0,0.0,0.0
2013-04-01,52.22999954223633,52.2400016784668,51.70000076293945,51.83000183105469,38.77714538574219,467300,0.0,0.0,0.0
2013-04-02,52.02000045776367,52.33000183105469,52.02000045776367,52.13999938964844,39.009071350097656,276800,0.0,0.0,0.0
2013-04-03,52.2599983215332,52.279998779296875,51.5,51.56999969482422,38.58262252807617,188700,0.0,0.0,0.0
2013-04-04,51.70000076293945,51.959999084472656,51.619998931884766,51.86000061035156,38.799583435058594,127500,0.0,0.0,0.0
2013-04-05,51.11000061035156,51.7599983215332,51.11000061035156,51.689998626708984,38.67240524291992,221200,0.0,0.0,0.0
2013-04-08,51.72999954223633,51.95000076293945,51.560001373291016,51.939998626708984,38.859439849853516,182400,0.0,0.0,0.0
2013-04-09,52.0,52.31999969482422,51.849998474121094,52.099998474121094,38.9791374206543,139800,0.0,0.0,0.0
2013-04-10,52.369998931884766,52.849998474121094,52.369998931884766,52.810001373291016,39.51034164428711,309000,0.0,0.0,0.0
2013-04-11,52.97999954223633,53.22999954223633,52.900001525878906,53.06999969482422,39.70485305786133,225600,0.0,0.0,0.0
2013-04-12,52.84000015258789,52.849998474121094,52.540000915527344,52.84000015258789,39.53277587890625,164100,0.0,0.0,0.0
2013-04-15,52.5,52.5099983215332,51.529998779296875,51.529998779296875,38.55268859863281,208200,0.0,0.0,0.0
2013-04-16,52.13999938964844,52.40999984741211,51.939998626708984,52.369998931884766,39.1811408996582,312200,0.0,0.0,0.0
2013-04-17,51.97999954223633,51.97999954223633,51.20000076293945,51.439998626708984,38.4853515625,451200,0.0,0.0,0.0
2013-04-18,51.630001068115234,51.630001068115234,51.06999969482422,51.20000076293945,38.30581283569336,182000,0.0,0.0,0.0
2013-04-19,51.5099983215332,51.779998779296875,51.45000076293945,51.77000045776367,38.73225402832031,177500,0.0,0.0,0.0
2013-04-22,51.849998474121094,52.02000045776367,51.45000076293945,51.939998626708984,38.859439849853516,150800,0.0,0.0,0.0
2013-04-23,52.2599983215332,52.540000915527344,52.13999938964844,52.52000045776367,39.29336929321289,250600,0.0,0.0,0.0
2013-04-24,52.599998474121094,52.880001068115234,52.54999923706055,52.7400016784668,39.457977294921875,259100,0.0,0.0,0.0
2013-04-25,52.97999954223633,53.2599983215332,52.939998626708984,53.040000915527344,39.68240737915039,186400,0.0,0.0,0.0
2013-04-26,52.939998626708984,53.0099983215332,52.77000045776367,52.900001525878906,39.57767868041992,65600,0.0,0.0,0.0
2013-04-29,53.209999084472656,53.5099983215332,53.130001068115234,53.41999816894531,39.966705322265625,185600,0.0,0.0,0.0
2013-04-30,53.4900016784668,53.68000030517578,53.27000045776367,53.68000030517578,40.16123962402344,202000,0.0,0.0,0.0
2013-05-01,53.5099983215332,53.65999984741211,53.099998474121094,53.15999984741211,39.772186279296875,250600,0.0,0.0,0.0
2013-05-02,53.290000915527344,53.650001525878906,53.27000045776367,53.56999969482422,40.07893753051758,297100,0.0,0.0,0.0
2013-05-03,53.959999084472656,54.310001373291016,53.959999084472656,54.150001525878906,40.51286697387695,159000,0.0,0.0,0.0
2013-05-06,54.130001068115234,54.27000045776367,54.04999923706055,54.209999084472656,40.557762145996094,263000,0.0,0.0,0.0
2013-05-07,54.36000061035156,54.459999084472656,54.150001525878906,54.439998626708984,40.729827880859375,146800,0.0,0.0,0.0
2013-05-08,54.54999923706055,54.849998474121094,54.5,54.81999969482422,41.014137268066406,259000,0.0,0.0,0.0
2013-05-09,54.790000915527344,54.880001068115234,54.439998626708984,54.54999923706055,40.812137603759766,188700,0.0,0.0,0.0
2013-05-10,54.439998626708984,54.599998474121094,54.27000045776367,54.56999969482422,40.82709884643555,165800,0.0,0.0,0.0
2013-05-13,54.54999923706055,54.59000015258789,54.349998474121094,54.529998779296875,40.79718017578125,386300,0.0,0.0,0.0
2013-05-14,54.5,54.91999816894531,54.5,54.880001068115234,41.05902099609375,189900,0.0,0.0,0.0
2013-05-15,54.84000015258789,55.189998626708984,54.79999923706055,55.09000015258789,41.216129302978516,143000,0.0,0.0,0.0
2013-05-16,55.0099983215332,55.13999938964844,54.75,54.79999923706055,40.999176025390625,167100,0.0,0.0,0.0
2013-05-17,54.97999954223633,55.25,54.869998931884766,55.25,41.335853576660156,256800,0.0,0.0,0.0
2013-05-20,55.279998779296875,55.45000076293945,55.20000076293945,55.310001373291016,41.380741119384766,273800,0.0,0.0,0.0
2013-05-21,55.33000183105469,55.529998779296875,55.099998474121094,55.38999938964844,41.44058609008789,344000,0.0,0.0,0.0
2013-05-22,55.54999923706055,55.93000030517578,54.650001525878906,54.83000183105469,41.02161407470703,486200,0.0,0.0,0.0
2013-05-23,54.0099983215332,54.58000183105469,53.599998474121094,54.58000183105469,40.8345832824707,396600,0.0,0.0,0.0
2013-05-24,54.06999969482422,54.25,53.83000183105469,54.25,40.58768844604492,705000,0.0,0.0,0.0
2013-05-28,54.63999938964844,54.970001220703125,54.33000183105469,54.459999084472656,40.744789123535156,284300,0.0,0.0,0.0
2013-05-29,54.279998779296875,54.279998779296875,53.849998474121094,54.04999923706055,40.438053131103516,461500,0.0,0.0,0.0
2013-05-30,54.16999816894531,54.459999084472656,54.09000015258789,54.310001373291016,40.6325798034668,220800,0.0,0.0,0.0
2013-05-31,53.970001220703125,54.099998474121094,53.380001068115234,53.380001068115234,39.93677520751953,185600,0.0,0.0,0.0
2013-06-03,53.45000076293945,53.720001220703125,53.209999084472656,53.709999084472656,40.18367385864258,532400,0.0,0.0,0.0
2013-06-04,53.689998626708984,53.90999984741211,53.2400016784668,53.5099983215332,40.03404235839844,174100,0.0,0.0,0.0
2013-06-05,53.29999923706055,53.34000015258789,52.599998474121094,52.61000061035156,39.36071014404297,226800,0.0,0.0,0.0
2013-06-06,52.66999816894531,53.04999923706055,52.41999816894531,53.04999923706055,39.689884185791016,214300,0.0,0.0,0.0
2013-06-07,53.15999984741211,53.54999923706055,53.0099983215332,53.529998779296875,40.049007415771484,96600,0.0,0.0,0.0
2013-06-10,53.810001373291016,53.810001373291016,53.400001525878906,53.560001373291016,40.07145309448242,265000,0.0,0.0,0.0
2013-06-11,52.939998626708984,53.20000076293945,52.68000030517578,52.849998474121094,39.54026794433594,385500,0.0,0.0,0.0
2013-06-12,53.25,53.38999938964844,52.4900016784668,52.560001373291016,39.323307037353516,210300,0.0,0.0,0.0
2013-06-13,52.630001068115234,53.40999984741211,52.470001220703125,53.34000015258789,39.90686798095703,132300,0.0,0.0,0.0
2013-06-14,53.2400016784668,53.380001068115234,52.77000045776367,52.880001068115234,39.562713623046875,113600,0.0,0.0,0.0
2013-06-17,53.470001220703125,53.709999084472656,53.15999984741211,53.43000030517578,39.974205017089844,200900,0.0,0.0,0.0
2013-06-18,53.5,53.88999938964844,53.459999084472656,53.83000183105469,40.273468017578125,330400,0.0,0.0,0.0
2013-06-19,53.77000045776367,53.77000045776367,52.83000183105469,52.880001068115234,39.562713623046875,256200,0.0,0.0,0.0
2013-06-20,52.13999938964844,52.150001525878906,51.150001525878906,51.27000045776367,38.35816955566406,368300,0.0,0.0,0.0
2013-06-21,51.599998474121094,51.7599983215332,50.90999984741211,51.369998931884766,38.4329948425293,356700,0.0,0.0,0.0
2013-06-24,50.209999084472656,50.540000915527344,49.75,50.130001068115234,37.828529357910156,415400,0.439,0.0,0.0
2013-06-25,50.779998779296875,50.880001068115234,50.29999923706055,50.79999923706055,38.33413314819336,324900,0.0,0.0,0.0
2013-06-26,50.9900016784668,51.290000915527344,50.95000076293945,51.189998626708984,38.62842559814453,196100,0.0,0.0,0.0
2013-06-27,51.63999938964844,51.86000061035156,51.599998474121094,51.720001220703125,39.02837371826172,258800,0.0,0.0,0.0
2013-06-28,51.5099983215332,51.86000061035156,51.38999938964844,51.5099983215332,38.86991500854492,311800,0.0,0.0,0.0
2013-07-01,51.91999816894531,52.209999084472656,51.84000015258789,51.939998626708984,39.19437789916992,343800,0.0,0.0,0.0
2013-07-02,51.959999084472656,52.18000030517578,51.459999084472656,51.650001525878906,38.975547790527344,626700,0.0,0.0,0.0
2013-07-03,51.400001525878906,51.810001373291016,51.27000045776367,51.72999954223633,39.03593063354492,209000,0.0,0.0,0.0
2013-07-05,51.939998626708984,52.099998474121094,51.630001068115234,52.099998474121094,39.31512451171875,338200,0.0,0.0,0.0
2013-07-08,52.29999923706055,52.45000076293945,52.20000076293945,52.29999923706055,39.466026306152344,187100,0.0,0.0,0.0
2013-07-09,52.68000030517578,52.72999954223633,52.38999938964844,52.650001525878906,39.730159759521484,111200,0.0,0.0,0.0
2013-07-10,52.619998931884766,52.9900016784668,52.59000015258789,52.720001220703125,39.7829704284668,147900,0.0,0.0,0.0
2013-07-11,53.54999923706055,53.93000030517578,53.43000030517578,53.880001068115234,40.65830993652344,362100,0.0,0.0,0.0
2013-07-12,53.630001068115234,53.83000183105469,53.61000061035156,53.75,40.56022644042969,112600,0.0,0.0,0.0
2013-07-15,53.939998626708984,54.06999969482422,53.810001373291016,54.029998779296875,40.771507263183594,139700,0.0,0.0,0.0
2013-07-16,54.0099983215332,54.0099983215332,53.709999084472656,53.869998931884766,40.650787353515625,122900,0.0,0.0,0.0
2013-07-17,54.18000030517578,54.2599983215332,54.02000045776367,54.09000015258789,40.816795349121094,193600,0.0,0.0,0.0
2013-07-18,54.15999984741211,54.439998626708984,54.119998931884766,54.369998931884766,41.02808380126953,275400,0.0,0.0,0.0
2013-07-19,54.279998779296875,54.400001525878906,54.099998474121094,54.369998931884766,41.02808380126953,127600,0.0,0.0,0.0
2013-07-22,54.439998626708984,54.630001068115234,54.38999938964844,54.619998931884766,41.216732025146484,113600,0.0,0.0,0.0
2013-07-23,54.689998626708984,54.790000915527344,54.58000183105469,54.650001525878906,41.23938751220703,288500,0.0,0.0,0.0
2013-07-24,54.880001068115234,54.880001068115234,54.310001373291016,54.470001220703125,41.103538513183594,171300,0.0,0.0,0.0
2013-07-25,54.29999923706055,54.61000061035156,54.18000030517578,54.58000183105469,41.18655014038086,264600,0.0,0.0,0.0
2013-07-26,54.34000015258789,54.45000076293945,53.9900016784668,54.439998626708984,41.08089828491211,458500,0.0,0.0,0.0
2013-07-29,54.27000045776367,54.279998779296875,54.029998779296875,54.150001525878906,40.86206817626953,211000,0.0,0.0,0.0
2013-07-30,54.34000015258789,54.380001068115234,53.97999954223633,54.11000061035156,40.83189392089844,159700,0.0,0.0,0.0
2013-07-31,54.2400016784668,54.56999969482422,54.119998931884766,54.16999816894531,40.877174377441406,134300,0.0,0.0,0.0
2013-08-01,54.72999954223633,54.939998626708984,54.70000076293945,54.88999938964844,41.420475006103516,694900,0.0,0.0,0.0
2013-08-02,54.900001525878906,55.04999923706055,54.75,55.04999923706055,41.54121780395508,205900,0.0,0.0,0.0
2013-08-05,54.97999954223633,54.97999954223633,54.779998779296875,54.93000030517578,41.450660705566406,102200,0.0,0.0,0.0
2013-08-06,54.900001525878906,54.900001525878906,54.54999923706055,54.66999816894531,41.254459381103516,118500,0.0,0.0,0.0
2013-08-07,54.5,54.5,54.279998779296875,54.36000061035156,41.020538330078125,232300,0.0,0.0,0.0
2013-08-08,54.77000045776367,54.900001525878906,54.470001220703125,54.849998474121094,41.390296936035156,186400,0.0,0.0,0.0
2013-08-09,54.79999923706055,54.939998626708984,54.63999938964844,54.810001373291016,41.360111236572266,72100,0.0,0.0,0.0
2013-08-12,54.650001525878906,54.86000061035156,54.56999969482422,54.779998779296875,41.33747100830078,303900,0.0,0.0,0.0
2013-08-13,54.91999816894531,55.099998474121094,54.650001525878906,55.040000915527344,41.53367614746094,125000,0.0,0.0,0.0
2013-08-14,55.06999969482422,55.119998931884766,54.900001525878906,54.91999816894531,41.443111419677734,153000,0.0,0.0,0.0
2013-08-15,54.36000061035156,54.40999984741211,53.95000076293945,54.279998779296875,40.960166931152344,241300,0.0,0.0,0.0
2013-08-16,54.33000183105469,54.41999816894531,54.13999938964844,54.209999084472656,40.9073486328125,115000,0.0,0.0,0.0
2013-08-19,54.189998626708984,54.189998626708984,53.77000045776367,53.77000045776367,40.575321197509766,126000,0.0,0.0,0.0
2013-08-20,53.77000045776367,54.099998474121094,53.650001525878906,53.939998626708984,40.70359802246094,112500,0.0,0.0,0.0
2013-08-21,53.72999954223633,53.93000030517578,53.20000076293945,53.380001068115234,40.281009674072266,141400,0.0,0.0,0.0
2013-08-22,53.560001373291016,53.95000076293945,53.560001373291016,53.86000061035156,40.64323806762695,111300,0.0,0.0,0.0
2013-08-23,54.029998779296875,54.2400016784668,53.93000030517578,54.209999084472656,40.9073486328125,119600,0.0,0.0,0.0
2013-08-26,54.25,54.29999923706055,53.95000076293945,53.959999084472656,40.718692779541016,659800,0.0,0.0,0.0
2013-08-27,53.5,53.5099983215332,52.970001220703125,53.0099983215332,40.0018196105957,343300,0.0,0.0,0.0
2013-08-28,52.9900016784668,53.29999923706055,52.790000915527344,53.09000015258789,40.06218338012695,113400,0.0,0.0,0.0
2013-08-29,53.040000915527344,53.400001525878906,53.040000915527344,53.119998931884766,40.08482360839844,492600,0.0,0.0,0.0
2013-08-30,53.150001525878906,53.16999816894531,52.75,52.84000015258789,39.8735237121582,177700,0.0,0.0,0.0
2013-09-03,53.52000045776367,53.75,53.189998626708984,53.31999969482422,40.235740661621094,1107200,0.0,0.0,0.0
2013-09-04,53.470001220703125,53.91999816894531,53.369998931884766,53.869998931884766,40.650787353515625,121100,0.0,0.0,0.0
2013-09-05,53.66999816894531,54.029998779296875,53.66999816894531,53.97999954223633,40.73379135131836,196100,0.0,0.0,0.0
2013-09-06,54.18000030517578,54.369998931884766,53.689998626708984,54.119998931884766,40.839420318603516,50300,0.0,0.0,0.0
2013-09-09,54.439998626708984,54.880001068115234,54.43000030517578,54.86000061035156,41.39784622192383,143900,0.0,0.0,0.0
2013-09-10,55.36000061035156,55.38999938964844,55.15999984741211,55.38999938964844,41.79778289794922,245700,0.0,0.0,0.0
2013-09-11,55.31999969482422,55.560001373291016,55.189998626708984,55.54999923706055,41.91852951049805,270200,0.0,0.0,0.0
2013-09-12,55.47999954223633,55.52000045776367,55.2400016784668,55.2599983215332,41.69968795776367,118700,0.0,0.0,0.0
2013-09-13,55.41999816894531,55.470001220703125,55.220001220703125,55.439998626708984,41.83549499511719,159500,0.0,0.0,0.0
2013-09-16,56.0,56.220001220703125,55.79999923706055,55.83000183105469,42.129817962646484,265700,0.0,0.0,0.0
2013-09-17,55.83000183105469,56.0,55.83000183105469,55.959999084472656,42.22792053222656,128000,0.0,0.0,0.0
2013-09-18,56.06999969482422,57.150001525878906,55.869998931884766,57.060001373291016,43.05799865722656,210800,0.0,0.0,0.0
2013-09-19,57.16999816894531,57.20000076293945,56.75,56.880001068115234,42.92214584350586,216700,0.0,0.0,0.0
2013-09-20,56.93000030517578,56.93000030517578,56.36000061035156,56.369998931884766,42.53730392456055,238900,0.0,0.0,0.0
2013-09-23,56.0099983215332,56.20000076293945,55.869998931884766,56.040000915527344,42.47288131713867,220200,0.245,0.0,0.0
2013-09-24,56.09000015258789,56.2599983215332,55.849998474121094,55.939998626708984,42.3970947265625,207900,0.0,0.0,0.0
2013-09-25,55.849998474121094,56.099998474121094,55.810001373291016,55.88999938964844,42.35919189453125,440800,0.0,0.0,0.0
2013-09-26,56.099998474121094,56.27000045776367,55.90999984741211,56.06999969482422,42.49562454223633,246500,0.0,0.0,0.0
2013-09-27,55.970001220703125,55.970001220703125,55.70000076293945,55.88999938964844,42.35919189453125,245200,0.0,0.0,0.0
2013-09-30,55.189998626708984,55.65999984741211,55.189998626708984,55.54999923706055,42.10151672363281,298300,0.0,0.0,0.0
2013-10-01,55.65999984741211,56.040000915527344,55.630001068115234,55.9900016784668,42.43498992919922,333600,0.0,0.0,0.0
2013-10-02,55.810001373291016,55.95000076293945,55.54999923706055,55.90999984741211,42.37436294555664,369700,0.0,0.0,0.0
2013-10-03,55.93000030517578,55.93000030517578,55.33000183105469,55.58000183105469,42.12425994873047,752700,0.0,0.0,0.0
2013-10-04,55.68000030517578,55.880001068115234,55.470001220703125,55.810001373291016,42.29856872558594,366200,0.0,0.0,0.0
2013-10-07,55.349998474121094,55.61000061035156,55.22999954223633,55.36000061035156,41.95750045776367,228000,0.0,0.0,0.0
2013-10-08,55.45000076293945,55.5,54.7599983215332,54.77000045776367,41.510353088378906,336200,0.0,0.0,0.0
2013-10-09,55.06999969482422,55.09000015258789,54.54999923706055,54.880001068115234,41.593711853027344,246200,0.0,0.0,0.0
2013-10-10,55.58000183105469,56.02000045776367,55.5,56.0099983215332,42.450138092041016,293000,0.0,0.0,0.0
2013-10-11,56.029998779296875,56.400001525878906,55.959999084472656,56.400001525878906,42.7457160949707,844300,0.0,0.0,0.0
2013-10-14,56.060001373291016,56.599998474121094,56.0,56.540000915527344,42.85183334350586,160500,0.0,0.0,0.0
2013-10-15,56.470001220703125,56.4900016784668,56.11000061035156,56.150001525878906,42.55624771118164,237500,0.0,0.0,0.0
2013-10-16,56.40999984741211,56.77000045776367,56.400001525878906,56.77000045776367,43.02613830566406,500400,0.0,0.0,0.0
2013-10-17,56.84000015258789,57.369998931884766,56.779998779296875,57.33000183105469,43.45058822631836,379100,0.0,0.0,0.0
2013-10-18,57.400001525878906,57.720001220703125,57.400001525878906,57.66999816894531,43.7082633972168,381100,0.0,0.0,0.0
2013-10-21,57.75,57.77000045776367,57.59000015258789,57.72999954223633,43.75374984741211,377500,0.0,0.0,0.0
2013-10-22,58.029998779296875,58.34000015258789,57.959999084472656,58.13999938964844,44.06447982788086,365600,0.0,0.0,0.0
2013-10-23,57.81999969482422,57.81999969482422,57.5,57.630001068115234,43.677947998046875,448700,0.0,0.0,0.0
2013-10-24,57.91999816894531,57.9900016784668,57.72999954223633,57.939998626708984,43.91289520263672,129500,0.0,0.0,0.0
2013-10-25,58.0,58.0,57.779998779296875,58.0,43.9583740234375,298200,0.0,0.0,0.0
2013-10-28,58.0,58.09000015258789,57.86000061035156,57.9900016784668,43.95079040527344,299400,0.0,0.0,0.0
2013-10-29,58.119998931884766,58.150001525878906,57.9900016784668,58.130001068115234,44.0568962097168,166600,0.0,0.0,0.0
2013-10-30,58.220001220703125,58.2599983215332,57.68000030517578,57.90999984741211,43.89015197753906,308700,0.0,0.0,0.0
2013-10-31,57.959999084472656,57.97999954223633,57.599998474121094,57.61000061035156,43.66279220581055,285000,0.0,0.0,0.0
2013-11-01,57.599998474121094,57.720001220703125,57.279998779296875,57.58000183105469,43.64004898071289,519600,0.0,0.0,0.0
2013-11-04,57.54999923706055,57.90999984741211,57.54999923706055,57.90999984741211,43.89015197753906,263700,0.0,0.0,0.0
2013-11-05,57.529998779296875,57.599998474121094,57.29999923706055,57.47999954223633,43.56425857543945,167300,0.0,0.0,0.0
2013-11-06,57.869998931884766,57.91999816894531,57.63999938964844,57.75,43.76890182495117,199900,0.0,0.0,0.0
2013-11-07,57.83000183105469,57.83000183105469,56.93000030517578,56.939998626708984,43.154998779296875,201500,0.0,0.0,0.0
2013-11-08,56.900001525878906,57.459999084472656,56.869998931884766,57.439998626708984,43.53392791748047,358900,0.0,0.0,0.0
2013-11-11,57.4900016784668,57.540000915527344,57.369998931884766,57.47999954223633,43.56425857543945,171000,0.0,0.0,0.0
2013-11-12,57.439998626708984,57.45000076293945,57.15999984741211,57.31999969482422,43.4430046081543,126000,0.0,0.0,0.0
2013-11-13,56.970001220703125,57.650001525878906,56.95000076293945,57.63999938964844,43.68552780151367,93200,0.0,0.0,0.0
2013-11-14,57.709999084472656,57.970001220703125,57.61000061035156,57.90999984741211,43.89015197753906,160600,0.0,0.0,0.0
2013-11-15,58.0,58.36000061035156,58.0,58.33000183105469,44.208473205566406,338400,0.0,0.0,0.0
2013-11-18,58.540000915527344,58.65999984741211,58.189998626708984,58.29999923706055,44.18572998046875,346000,0.0,0.0,0.0
2013-11-19,58.20000076293945,58.349998474121094,58.029998779296875,58.11000061035156,44.04174041748047,218000,0.0,0.0,0.0
2013-11-20,58.22999954223633,58.33000183105469,57.689998626708984,57.83000183105469,43.82952880859375,225300,0.0,0.0,0.0
2013-11-21,57.810001373291016,58.220001220703125,57.810001373291016,58.220001220703125,44.1251106262207,203500,0.0,0.0,0.0
2013-11-22,58.08000183105469,58.45000076293945,58.08000183105469,58.439998626708984,44.291839599609375,175900,0.0,0.0,0.0
2013-11-25,58.439998626708984,58.45000076293945,58.18000030517578,58.220001220703125,44.1251106262207,153800,0.0,0.0,0.0
2013-11-26,58.2599983215332,58.36000061035156,58.099998474121094,58.2400016784668,44.14026641845703,379000,0.0,0.0,0.0
2013-11-27,58.15999984741211,58.4900016784668,58.15999984741211,58.459999084472656,44.3070068359375,286400,0.0,0.0,0.0
2013-11-29,58.529998779296875,58.7400016784668,58.4900016784668,58.5,44.33731460571289,203100,0.0,0.0,0.0
2013-12-02,58.45000076293945,58.45000076293945,58.06999969482422,58.099998474121094,44.03415298461914,498700,0.0,0.0,0.0
2013-12-03,57.97999954223633,57.97999954223633,57.58000183105469,57.790000915527344,43.79922103881836,289500,0.0,0.0,0.0
2013-12-04,57.52000045776367,57.7400016784668,57.20000076293945,57.58000183105469,43.64004898071289,292200,0.0,0.0,0.0
2013-12-05,57.47999954223633,57.599998474121094,57.310001373291016,57.369998931884766,43.48090744018555,347600,0.0,0.0,0.0
2013-12-06,57.84000015258789,58.130001068115234,57.790000915527344,58.060001373291016,44.00384521484375,207900,0.0,0.0,0.0
2013-12-09,58.189998626708984,58.20000076293945,58.029998779296875,58.11000061035156,44.04174041748047,293100,0.0,0.0,0.0
2013-12-10,58.0099983215332,58.150001525878906,57.95000076293945,58.02000045776367,43.9735221862793,193400,0.0,0.0,0.0
2013-12-11,58.06999969482422,58.06999969482422,57.29999923706055,57.349998474121094,43.46573257446289,221300,0.0,0.0,0.0
2013-12-12,57.25,57.34000015258789,56.900001525878906,57.08000183105469,43.261104583740234,269300,0.0,0.0,0.0
2013-12-13,57.18000030517578,57.189998626708984,56.900001525878906,57.060001373291016,43.24595642089844,176500,0.0,0.0,0.0
2013-12-16,57.27000045776367,57.61000061035156,57.2599983215332,57.4900016784668,43.571842193603516,331500,0.0,0.0,0.0
2013-12-17,57.4900016784668,57.5,57.11000061035156,57.2599983215332,43.397518157958984,273600,0.0,0.0,0.0
2013-12-18,57.47999954223633,58.150001525878906,56.959999084472656,58.04999923706055,43.996253967285156,442200,0.0,0.0,0.0
2013-12-19,58.029998779296875,58.09000015258789,57.72999954223633,58.060001373291016,44.00384521484375,1034200,0.0,0.0,0.0
2013-12-20,57.849998474121094,58.06999969482422,57.79999923706055,58.0099983215332,44.25099563598633,446000,0.374,0.0,0.0
2013-12-23,58.47999954223633,58.4900016784668,58.2599983215332,58.470001220703125,44.601898193359375,346200,0.0,0.0,0.0
2013-12-24,58.5,58.630001068115234,58.45000076293945,58.61000061035156,44.70869064331055,149200,0.0,0.0,0.0
2013-12-26,58.849998474121094,58.869998931884766,58.75,58.81999969482422,44.86887741088867,264700,0.0,0.0,0.0
2013-12-27,59.0,59.099998474121094,58.900001525878906,59.0,45.00617980957031,262100,0.0,0.0,0.0
2013-12-30,59.09000015258789,59.16999816894531,59.0099983215332,59.15999984741211,45.12822723388672,255100,0.0,0.0,0.0
2013-12-31,59.29999923706055,59.439998626708984,59.209999084472656,59.400001525878906,45.31130599975586,593400,0.0,0.0,0.0
2014-01-02,59.0,59.04999923706055,58.380001068115234,58.52000045776367,44.64002990722656,584300,0.0,0.0,0.0
2014-01-03,58.68000030517578,58.83000183105469,58.5,58.58000183105469,44.68581008911133,323700,0.0,0.0,0.0
2014-01-06,58.779998779296875,58.869998931884766,58.349998474121094,58.41999816894531,44.56374740600586,253000,0.0,0.0,0.0
2014-01-07,58.68000030517578,58.7599983215332,58.58000183105469,58.689998626708984,44.76972198486328,231700,0.0,0.0,0.0
2014-01-08,58.7599983215332,58.81999969482422,58.52000045776367,58.70000076293945,44.77734375,443300,0.0,0.0,0.0
2014-01-09,58.81999969482422,58.83000183105469,58.349998474121094,58.689998626708984,44.76972198486328,297200,0.0,0.0,0.0
2014-01-10,58.95000076293945,59.09000015258789,58.709999084472656,59.09000015258789,45.074851989746094,282900,0.0,0.0,0.0
2014-01-13,58.83000183105469,59.040000915527344,58.33000183105469,58.43000030517578,44.57138442993164,397800,0.0,0.0,0.0
2014-01-14,58.709999084472656,58.97999954223633,58.5,58.959999084472656,44.97567367553711,233900,0.0,0.0,0.0
2014-01-15,59.060001373291016,59.2599983215332,59.0,59.13999938964844,45.11298370361328,423400,0.0,0.0,0.0
2014-01-16,59.310001373291016,59.310001373291016,58.93000030517578,59.15999984741211,45.12822723388672,195700,0.0,0.0,0.0
2014-01-17,59.0,59.15999984741211,58.869998931884766,58.939998626708984,44.96042251586914,246300,0.0,0.0,0.0
2014-01-21,59.13999938964844,59.38999938964844,58.83000183105469,59.099998474121094,45.08245849609375,385700,0.0,0.0,0.0
2014-01-22,59.11000061035156,59.31999969482422,59.060001373291016,59.25,45.1968879699707,743700,0.0,0.0,0.0
2014-01-23,58.97999954223633,59.0,58.45000076293945,58.709999084472656,44.784976959228516,481500,0.0,0.0,0.0
2014-01-24,58.16999816894531,58.189998626708984,57.189998626708984,57.189998626708984,43.62547302246094,792900,0.0,0.0,0.0
2014-01-27,57.20000076293945,57.34000015258789,56.560001373291016,56.88999938964844,43.396644592285156,340600,0.0,0.0,0.0
2014-01-28,57.130001068115234,57.439998626708984,57.09000015258789,57.36000061035156,43.75517272949219,337400,0.0,0.0,0.0
2014-01-29,57.0,57.18000030517578,56.650001525878906,56.779998779296875,43.31272888183594,403200,0.0,0.0,0.0
2014-01-30,57.20000076293945,57.45000076293945,57.0099983215332,57.349998474121094,43.74753952026367,341500,0.0,0.0,0.0
2014-01-31,56.650001525878906,57.060001373291016,56.400001525878906,56.7599983215332,43.2974739074707,1016000,0.0,0.0,0.0
2014-02-03,56.91999816894531,56.91999816894531,55.529998779296875,55.630001068115234,42.43550109863281,971600,0.0,0.0,0.0
2014-02-04,55.900001525878906,56.189998626708984,55.720001220703125,56.09000015258789,42.78639221191406,352100,0.0,0.0,0.0
2014-02-05,56.0,56.189998626708984,55.63999938964844,56.04999923706055,42.7558708190918,204200,0.0,0.0,0.0
2014-02-06,56.189998626708984,56.970001220703125,56.189998626708984,56.91999816894531,43.41952133178711,193400,0.0,0.0,0.0
2014-02-07,57.310001373291016,57.619998931884766,57.040000915527344,57.560001373291016,43.907737731933594,303500,0.0,0.0,0.0
2014-02-10,57.66999816894531,57.66999816894531,57.369998931884766,57.52000045776367,43.8772087097168,340100,0.0,0.0,0.0
2014-02-11,57.68000030517578,58.43000030517578,57.68000030517578,58.279998779296875,44.45695495605469,215600,0.0,0.0,0.0
2014-02-12,58.40999984741211,58.54999923706055,58.2400016784668,58.38999938964844,44.54085922241211,417100,0.0,0.0,0.0
2014-02-13,57.9900016784668,58.650001525878906,57.95000076293945,58.599998474121094,44.7010612487793,312100,0.0,0.0,0.0
2014-02-14,58.630001068115234,59.0099983215332,58.599998474121094,58.88999938964844,44.922271728515625,241500,0.0,0.0,0.0
2014-02-18,59.15999984741211,59.279998779296875,59.0,59.150001525878906,45.1206169128418,303300,0.0,0.0,0.0
2014-02-19,59.13999938964844,59.34000015258789,58.7400016784668,58.77000045776367,44.83074188232422,452100,0.0,0.0,0.0
2014-02-20,58.790000915527344,59.18000030517578,58.63999938964844,59.099998474121094,45.08245849609375,167700,0.0,0.0,0.0
2014-02-21,59.29999923706055,59.380001068115234,59.099998474121094,59.11000061035156,45.090091705322266,492600,0.0,0.0,0.0
2014-02-24,59.18000030517578,59.83000183105469,59.18000030517578,59.47999954223633,45.37234115600586,291300,0.0,0.0,0.0
2014-02-25,59.58000183105469,59.65999984741211,59.2400016784668,59.33000183105469,45.257904052734375,171700,0.0,0.0,0.0
2014-02-26,59.439998626708984,59.529998779296875,59.20000076293945,59.34000015258789,45.26552963256836,144000,0.0,0.0,0.0
2014-02-27,59.40999984741211,59.599998474121094,59.209999084472656,59.560001373291016,45.43336486816406,199700,0.0,0.0,0.0
2014-02-28,59.7599983215332,60.029998779296875,59.40999984741211,59.720001220703125,45.555419921875,370700,0.0,0.0,0.0
2014-03-03,58.93000030517578,59.20000076293945,58.63999938964844,58.90999984741211,44.937538146972656,407500,0.0,0.0,0.0
2014-03-04,59.869998931884766,59.959999084472656,59.619998931884766,59.90999984741211,45.70035934448242,785400,0.0,0.0,0.0
2014-03-05,59.84000015258789,60.0,59.79999923706055,59.939998626708984,45.72323226928711,145900,0.0,0.0,0.0
2014-03-06,60.20000076293945,60.380001068115234,60.130001068115234,60.209999084472656,45.92919158935547,1073100,0.0,0.0,0.0
2014-03-07,60.33000183105469,60.43000030517578,59.81999969482422,60.02000045776367,45.78425216674805,285200,0.0,0.0,0.0
2014-03-10,59.88999938964844,59.88999938964844,59.4900016784668,59.75,45.57828903198242,461000,0.0,0.0,0.0
2014-03-11,59.91999816894531,59.970001220703125,59.349998474121094,59.439998626708984,45.341819763183594,305700,0.0,0.0,0.0
2014-03-12,59.209999084472656,59.400001525878906,58.90999984741211,59.380001068115234,45.296051025390625,186800,0.0,0.0,0.0
2014-03-13,59.560001373291016,59.58000183105469,58.43000030517578,58.58000183105469,44.68581008911133,235800,0.0,0.0,0.0
2014-03-14,58.400001525878906,58.779998779296875,58.31999969482422,58.52000045776367,44.64002990722656,332800,0.0,0.0,0.0
2014-03-17,58.86000061035156,59.189998626708984,58.79999923706055,59.02000045776367,45.02143859863281,380700,0.0,0.0,0.0
2014-03-18,59.20000076293945,59.540000915527344,59.130001068115234,59.470001220703125,45.36471939086914,248100,0.0,0.0,0.0
2014-03-19,59.5,59.5,58.599998474121094,58.88999938964844,44.922271728515625,306800,0.0,0.0,0.0
2014-03-20,58.84000015258789,59.099998474121094,58.5099983215332,59.0,45.00617980957031,109400,0.0,0.0,0.0
2014-03-21,59.33000183105469,59.45000076293945,58.83000183105469,58.900001525878906,44.92990493774414,169900,0.0,0.0,0.0
2014-03-24,59.189998626708984,59.22999954223633,58.56999969482422,58.849998474121094,44.891761779785156,486700,0.0,0.0,0.0
2014-03-25,58.88999938964844,59.0099983215332,58.599998474121094,58.880001068115234,45.171016693115234,269300,0.334,0.0,0.0
2014-03-26,59.099998474121094,59.279998779296875,58.63999938964844,58.63999938964844,44.98691177368164,345900,0.0,0.0,0.0
2014-03-27,58.63999938964844,58.939998626708984,58.560001373291016,58.790000915527344,45.10196304321289,245000,0.0,0.0,0.0
2014-03-28,59.13999938964844,59.41999816894531,59.06999969482422,59.15999984741211,45.38582229614258,399500,0.0,0.0,0.0
2014-03-31,59.540000915527344,59.75,59.52000045776367,59.66999816894531,45.777076721191406,381700,0.0,0.0,0.0
2014-04-01,59.88999938964844,60.150001525878906,59.84000015258789,60.11000061035156,46.11463165283203,422800,0.0,0.0,0.0
2014-04-02,60.099998474121094,60.25,60.0,60.20000076293945,46.183677673339844,382900,0.0,0.0,0.0
2014-04-03,60.150001525878906,60.220001220703125,59.849998474121094,60.06999969482422,46.083946228027344,440900,0.0,0.0,0.0
2014-04-04,60.369998931884766,60.43000030517578,59.47999954223633,59.54999923706055,45.68501281738281,312400,0.0,0.0,0.0
2014-04-07,59.599998474121094,59.66999816894531,58.970001220703125,59.13999938964844,45.3704719543457,143200,0.0,0.0,0.0
2014-04-08,59.099998474121094,59.45000076293945,59.0,59.36000061035156,45.53925323486328,193300,0.0,0.0,0.0
2014-04-09,59.4900016784668,60.060001373291016,59.41999816894531,60.060001373291016,46.07627487182617,331300,0.0,0.0,0.0
2014-04-10,60.029998779296875,60.029998779296875,58.84000015258789,58.95000076293945,45.224727630615234,214000,0.0,0.0,0.0
2014-04-11,58.7599983215332,58.95000076293945,58.40999984741211,58.4900016784668,44.871803283691406,485100,0.0,0.0,0.0
2014-04-14,58.68000030517578,58.959999084472656,58.45000076293945,58.810001373291016,45.1173095703125,689800,0.0,0.0,0.0
2014-04-15,58.810001373291016,58.95000076293945,58.040000915527344,58.79999923706055,45.109642028808594,237100,0.0,0.0,0.0
2014-04-16,59.27000045776367,59.41999816894531,59.06999969482422,59.41999816894531,45.58528137207031,1145400,0.0,0.0,0.0
2014-04-17,59.380001068115234,59.77000045776367,59.36000061035156,59.65999984741211,45.76938247680664,169200,0.0,0.0,0.0
2014-04-21,59.72999954223633,59.790000915527344,59.560001373291016,59.75,45.83844757080078,159400,0.0,0.0,0.0
2014-04-22,59.880001068115234,60.11000061035156,59.810001373291016,59.970001220703125,46.00722885131836,182900,0.0,0.0,0.0
2014-04-23,59.9900016784668,60.0099983215332,59.779998779296875,59.849998474121094,45.91516876220703,154400,0.0,0.0,0.0
2014-04-24,59.88999938964844,60.06999969482422,59.560001373291016,59.880001068115234,45.93818664550781,310100,0.0,0.0,0.0
2014-04-25,59.65999984741211,59.66999816894531,59.29999923706055,59.40999984741211,45.577613830566406,118900,0.0,0.0,0.0
2014-04-28,59.619998931884766,59.77000045776367,59.099998474121094,59.59000015258789,45.71570587158203,200400,0.0,0.0,0.0
2014-04-29,59.650001525878906,59.9900016784668,59.599998474121094,59.88999938964844,45.94586181640625,99100,0.0,0.0,0.0
2014-04-30,59.849998474121094,60.15999984741211,59.709999084472656,60.11000061035156,46.11463165283203,1324700,0.0,0.0,0.0
2014-05-01,60.220001220703125,60.34000015258789,60.040000915527344,60.22999954223633,46.20669174194336,145700,0.0,0.0,0.0
2014-05-02,60.150001525878906,60.45000076293945,60.150001525878906,60.25,46.22203826904297,152200,0.0,0.0,0.0
2014-05-05,60.0,60.279998779296875,59.77000045776367,60.2599983215332,46.229705810546875,301500,0.0,0.0,0.0
2014-05-06,60.279998779296875,60.279998779296875,59.95000076293945,59.9900016784668,46.0225830078125,266300,0.0,0.0,0.0
2014-05-07,60.20000076293945,60.25,59.75,60.2400016784668,46.21436309814453,140800,0.0,0.0,0.0
2014-05-08,60.290000915527344,60.529998779296875,60.029998779296875,60.150001525878906,46.14530563354492,106800,0.0,0.0,0.0
2014-05-09,60.150001525878906,60.189998626708984,59.849998474121094,60.16999816894531,46.16065216064453,94600,0.0,0.0,0.0
2014-05-12,60.52000045776367,60.75,60.45000076293945,60.70000076293945,46.5672607421875,239600,0.0,0.0,0.0
2014-05-13,60.79999923706055,60.79999923706055,60.619998931884766,60.66999816894531,46.54424285888672,244900,0.0,0.0,0.0
2014-05-14,60.650001525878906,60.7400016784668,60.45000076293945,60.52000045776367,46.429176330566406,115600,0.0,0.0,0.0
2014-05-15,60.459999084472656,60.56999969482422,59.84000015258789,60.09000015258789,46.09929656982422,189500,0.0,0.0,0.0
2014-05-16,60.290000915527344,60.369998931884766,60.0,60.36000061035156,46.30641555786133,174800,0.0,0.0,0.0
2014-05-19,60.25,60.45000076293945,60.16999816894531,60.41999816894531,46.35245132446289,89300,0.0,0.0,0.0
2014-05-20,60.349998474121094,60.400001525878906,59.880001068115234,60.02000045776367,46.04559326171875,142900,0.0,0.0,0.0
2014-05-21,60.2400016784668,60.470001220703125,60.22999954223633,60.43000030517578,46.360130310058594,255600,0.0,0.0,0.0
2014-05-22,60.5,60.7599983215332,60.4900016784668,60.66999816894531,46.54424285888672,165100,0.0,0.0,0.0
2014-05-23,60.77000045776367,60.95000076293945,60.720001220703125,60.93000030517578,46.74372100830078,212300,0.0,0.0,0.0
2014-05-27,61.0,61.34000015258789,61.0,61.209999084472656,46.958518981933594,196600,0.0,0.0,0.0
2014-05-28,61.2400016784668,61.2599983215332,61.0,61.099998474121094,46.87413024902344,138300,0.0,0.0,0.0
2014-05-29,61.27000045776367,61.470001220703125,61.18000030517578,61.470001220703125,47.15797424316406,271900,0.0,0.0,0.0
2014-05-30,61.459999084472656,61.459999084472656,61.22999954223633,61.34000015258789,47.058258056640625,317600,0.0,0.0,0.0
2014-06-02,61.4900016784668,61.59000015258789,61.31999969482422,61.58000183105469,47.24237060546875,222000,0.0,0.0,0.0
2014-06-03,61.45000076293945,61.5,61.310001373291016,61.4900016784668,47.1733283996582,110500,0.0,0.0,0.0
2014-06-04,61.400001525878906,61.560001373291016,61.2599983215332,61.54999923706055,47.21935272216797,132300,0.0,0.0,0.0
2014-06-05,61.72999954223633,62.040000915527344,61.5,62.0099983215332,47.572261810302734,337300,0.0,0.0,0.0
2014-06-06,62.22999954223633,62.369998931884766,62.13999938964844,62.349998474121094,47.83308792114258,159500,0.0,0.0,0.0
2014-06-09,62.33000183105469,62.4900016784668,62.25,62.41999816894531,47.88679122924805,191200,0.0,0.0,0.0
2014-06-10,62.380001068115234,62.380001068115234,62.13999938964844,62.369998931884766,47.84843826293945,165700,0.0,0.0,0.0
2014-06-11,62.22999954223633,62.22999954223633,62.04999923706055,62.150001525878906,47.679664611816406,212700,0.0,0.0,0.0
2014-06-12,62.0,62.189998626708984,61.790000915527344,61.90999984741211,47.495548248291016,268400,0.0,0.0,0.0
2014-06-13,62.0,62.09000015258789,61.810001373291016,62.08000183105469,47.62596130371094,134600,0.0,0.0,0.0
2014-06-16,62.0099983215332,62.130001068115234,61.900001525878906,62.040000915527344,47.595279693603516,93600,0.0,0.0,0.0
2014-06-17,61.959999084472656,62.189998626708984,61.869998931884766,62.15999984741211,47.68734359741211,211200,0.0,0.0,0.0
2014-06-18,62.15999984741211,62.58000183105469,62.0099983215332,62.52000045776367,47.96351623535156,387600,0.0,0.0,0.0
2014-06-19,62.709999084472656,62.779998779296875,62.52000045776367,62.630001068115234,48.04790115356445,127500,0.0,0.0,0.0
2014-06-20,62.77000045776367,62.77000045776367,62.619998931884766,62.72999954223633,48.12461853027344,127000,0.0,0.0,0.0
2014-06-23,62.66999816894531,62.689998626708984,62.5099983215332,62.630001068115234,48.04790115356445,568600,0.0,0.0,0.0
2014-06-24,62.2599983215332,62.36000061035156,61.81999969482422,61.86000061035156,47.81062698364258,339900,0.463,0.0,0.0
2014-06-25,61.7599983215332,62.0,61.70000076293945,61.970001220703125,47.8956413269043,381100,0.0,0.0,0.0
2014-06-26,62.08000183105469,62.08000183105469,61.59000015258789,61.959999084472656,47.88791275024414,378100,0.0,0.0,0.0
2014-06-27,61.880001068115234,62.189998626708984,61.880001068115234,62.16999816894531,48.05023956298828,190700,0.0,0.0,0.0
2014-06-30,62.15999984741211,62.29999923706055,62.09000015258789,62.22999954223633,48.09659957885742,1468100,0.0,0.0,0.0
2014-07-01,62.47999954223633,62.869998931884766,62.459999084472656,62.7599983215332,48.506229400634766,268600,0.0,0.0,0.0
2014-07-02,62.779998779296875,62.91999816894531,62.75,62.810001373291016,48.54486846923828,228100,0.0,0.0,0.0
2014-07-03,62.970001220703125,63.119998931884766,62.810001373291016,63.09000015258789,48.76127624511719,97600,0.0,0.0,0.0
2014-07-07,62.90999984741211,62.90999984741211,62.599998474121094,62.689998626708984,48.452125549316406,496300,0.0,0.0,0.0
2014-07-08,62.540000915527344,62.650001525878906,62.040000915527344,62.189998626708984,48.065677642822266,275800,0.0,0.0,0.0
2014-07-09,62.310001373291016,62.5,62.189998626708984,62.45000076293945,48.26662063598633,238900,0.0,0.0,0.0
2014-07-10,61.7400016784668,62.119998931884766,61.54999923706055,62.040000915527344,47.94975280761719,314900,0.0,0.0,0.0
2014-07-11,62.06999969482422,62.09000015258789,61.849998474121094,62.060001373291016,47.9652214050293,124500,0.0,0.0,0.0
2014-07-14,62.47999954223633,62.5,62.380001068115234,62.43000030517578,48.25117492675781,113400,0.0,0.0,0.0
2014-07-15,62.5099983215332,62.529998779296875,62.029998779296875,62.2400016784668,48.10432815551758,180400,0.0,0.0,0.0
2014-07-16,62.63999938964844,62.63999938964844,62.369998931884766,62.5099983215332,48.312984466552734,266700,0.0,0.0,0.0
2014-07-17,62.33000183105469,62.459999084472656,61.66999816894531,61.7400016784668,47.7178840637207,234600,0.0,0.0,0.0
2014-07-18,61.939998626708984,62.459999084472656,61.810001373291016,62.38999938964844,48.22026062011719,153400,0.0,0.0,0.0
2014-07-21,62.209999084472656,62.279998779296875,61.959999084472656,62.25,48.11205291748047,186600,0.0,0.0,0.0
2014-07-22,62.58000183105469,62.68000030517578,62.5,62.560001373291016,48.351654052734375,639500,0.0,0.0,0.0
2014-07-23,62.75,62.77000045776367,62.599998474121094,62.720001220703125,48.475311279296875,120000,0.0,0.0,0.0
2014-07-24,62.90999984741211,62.90999984741211,62.720001220703125,62.77000045776367,48.51395034790039,195600,0.0,0.0,0.0
2014-07-25,62.70000076293945,62.72999954223633,62.33000183105469,62.5099983215332,48.312984466552734,377200,0.0,0.0,0.0
2014-07-28,62.540000915527344,62.58000183105469,62.209999084472656,62.5099983215332,48.312984466552734,919000,0.0,0.0,0.0
2014-07-29,62.709999084472656,62.709999084472656,62.209999084472656,62.22999954223633,48.09659957885742,400400,0.0,0.0,0.0
2014-07-30,62.439998626708984,62.47999954223633,62.029998779296875,62.2599983215332,48.119789123535156,122600,0.0,0.0,0.0
2014-07-31,61.900001525878906,61.90999984741211,61.119998931884766,61.13999938964844,47.254154205322266,227600,0.0,0.0,0.0
2014-08-01,61.130001068115234,61.209999084472656,60.630001068115234,60.93000030517578,47.09185791015625,323100,0.0,0.0,0.0
2014-08-04,61.099998474121094,61.43000030517578,60.81999969482422,61.31999969482422,47.39326477050781,345600,0.0,0.0,0.0
2014-08-05,61.06999969482422,61.09000015258789,60.47999954223633,60.70000076293945,46.91407012939453,259600,0.0,0.0,0.0
2014-08-06,60.36000061035156,60.790000915527344,60.29999923706055,60.630001068115234,46.85997772216797,206800,0.0,0.0,0.0
2014-08-07,60.849998474121094,60.849998474121094,60.09000015258789,60.2599983215332,46.574005126953125,348500,0.0,0.0,0.0
2014-08-08,60.20000076293945,60.72999954223633,60.13999938964844,60.709999084472656,46.921817779541016,298600,0.0,0.0,0.0
2014-08-11,61.0,61.18000030517578,60.88999938964844,61.0,47.14594268798828,237400,0.0,0.0,0.0
2014-08-12,60.959999084472656,61.08000183105469,60.779998779296875,60.93000030517578,47.09185791015625,246900,0.0,0.0,0.0
2014-08-13,61.11000061035156,61.349998474121094,61.099998474121094,61.290000915527344,47.370079040527344,148600,0.0,0.0,0.0
2014-08-14,61.41999816894531,61.58000183105469,61.41999816894531,61.58000183105469,47.59422302246094,98800,0.0,0.0,0.0
2014-08-15,61.630001068115234,61.90999984741211,61.11000061035156,61.54999923706055,47.57103729248047,157700,0.0,0.0,0.0
2014-08-18,61.93000030517578,62.09000015258789,61.779998779296875,62.08000183105469,47.98066711425781,135200,0.0,0.0,0.0
2014-08-19,62.099998474121094,62.279998779296875,62.08000183105469,62.2400016784668,48.10432815551758,209000,0.0,0.0,0.0
2014-08-20,62.119998931884766,62.36000061035156,62.09000015258789,62.290000915527344,48.142967224121094,114000,0.0,0.0,0.0
2014-08-21,62.349998474121094,62.4900016784668,62.27000045776367,62.41999816894531,48.24342346191406,694100,0.0,0.0,0.0
2014-08-22,62.400001525878906,62.45000076293945,62.189998626708984,62.36000061035156,48.19707107543945,151700,0.0,0.0,0.0
2014-08-25,62.63999938964844,62.7599983215332,62.54999923706055,62.650001525878906,48.421207427978516,292900,0.0,0.0,0.0
2014-08-26,62.66999816894531,62.869998931884766,62.66999816894531,62.709999084472656,48.46758270263672,426500,0.0,0.0,0.0
2014-08-27,62.79999923706055,62.86000061035156,62.709999084472656,62.81999969482422,48.552589416503906,101000,0.0,0.0,0.0
2014-08-28,62.59000015258789,62.650001525878906,62.45000076293945,62.61000061035156,48.39028549194336,178400,0.0,0.0,0.0
2014-08-29,62.63999938964844,62.779998779296875,62.5099983215332,62.7599983215332,48.506229400634766,202500,0.0,0.0,0.0
2014-09-02,62.880001068115234,62.93000030517578,62.63999938964844,62.86000061035156,48.58351135253906,324800,0.0,0.0,0.0
2014-09-03,63.150001525878906,63.349998474121094,62.91999816894531,62.9900016784668,48.68399429321289,285900,0.0,0.0,0.0
2014-09-04,63.11000061035156,63.209999084472656,62.689998626708984,62.790000915527344,48.52941131591797,174000,0.0,0.0,0.0
2014-09-05,62.7400016784668,62.970001220703125,62.540000915527344,62.93000030517578,48.63761901855469,207000,0.0,0.0,0.0
2014-09-08,62.650001525878906,62.810001373291016,62.400001525878906,62.54999923706055,48.34392166137695,413100,0.0,0.0,0.0
2014-09-09,62.5,62.5,62.060001373291016,62.220001220703125,48.0888557434082,213300,0.0,0.0,0.0
2014-09-10,62.13999938964844,62.45000076293945,62.029998779296875,62.43000030517578,48.25117492675781,264000,0.0,0.0,0.0
2014-09-11,62.279998779296875,62.29999923706055,62.0,62.29999923706055,48.150691986083984,233800,0.0,0.0,0.0
2014-09-12,62.31999969482422,62.31999969482422,61.81999969482422,61.9900016784668,47.91110610961914,176600,0.0,0.0,0.0
2014-09-15,61.970001220703125,61.9900016784668,61.7400016784668,61.86000061035156,47.81062698364258,173700,0.0,0.0,0.0
2014-09-16,61.70000076293945,62.36000061035156,61.619998931884766,62.27000045776367,48.12751007080078,382700,0.0,0.0,0.0
2014-09-17,62.2599983215332,62.380001068115234,61.95000076293945,62.040000915527344,47.94975280761719,398100,0.0,0.0,0.0
2014-09-18,62.27000045776367,62.400001525878906,62.20000076293945,62.349998474121094,48.189334869384766,842200,0.0,0.0,0.0
2014-09-19,62.47999954223633,62.5099983215332,62.04999923706055,62.099998474121094,47.996116638183594,121700,0.0,0.0,0.0
2014-09-22,62.04999923706055,62.09000015258789,61.529998779296875,61.63999938964844,47.6406135559082,308200,0.0,0.0,0.0
2014-09-23,61.40999984741211,61.58000183105469,61.20000076293945,61.220001220703125,47.315982818603516,277300,0.0,0.0,0.0
2014-09-24,60.959999084472656,61.470001220703125,60.880001068115234,61.41999816894531,47.695709228515625,159700,0.289,0.0,0.0
2014-09-25,61.029998779296875,61.11000061035156,60.38999938964844,60.41999816894531,46.919166564941406,288700,0.0,0.0,0.0
2014-09-26,60.5099983215332,60.88999938964844,60.45000076293945,60.77000045776367,47.19097137451172,116800,0.0,0.0,0.0
2014-09-29,60.22999954223633,60.54999923706055,60.060001373291016,60.470001220703125,46.95800018310547,343000,0.0,0.0,0.0
2014-09-30,60.5099983215332,60.56999969482422,60.130001068115234,60.380001068115234,46.888099670410156,294600,0.0,0.0,0.0
2014-10-01,60.08000183105469,60.150001525878906,59.40999984741211,59.47999954223633,46.189205169677734,378600,0.0,0.0,0.0
2014-10-02,59.41999816894531,59.459999084472656,58.709999084472656,59.29999923706055,46.04943084716797,290600,0.0,0.0,0.0
2014-10-03,59.529998779296875,59.790000915527344,59.380001068115234,59.72999954223633,46.38334655761719,988300,0.0,0.0,0.0
2014-10-06,60.060001373291016,60.06999969482422,59.58000183105469,59.790000915527344,46.42993927001953,430300,0.0,0.0,0.0
2014-10-07,59.540000915527344,59.560001373291016,58.90999984741211,58.95000076293945,45.77764129638672,318700,0.0,0.0,0.0
2014-10-08,58.95000076293945,59.91999816894531,58.630001068115234,59.869998931884766,46.4920654296875,346100,0.0,0.0,0.0
2014-10-09,59.65999984741211,59.65999984741211,58.4900016784668,58.5,45.428192138671875,889100,0.0,0.0,0.0
2014-10-10,58.439998626708984,58.540000915527344,57.65999984741211,57.65999984741211,44.775882720947266,585800,0.0,0.0,0.0
2014-10-13,57.970001220703125,58.20000076293945,57.22999954223633,57.2599983215332,44.465248107910156,307400,0.0,0.0,0.0
2014-10-14,57.470001220703125,57.880001068115234,57.20000076293945,57.34000015258789,44.52738952636719,524800,0.0,0.0,0.0
2014-10-15,56.77000045776367,57.119998931884766,55.77000045776367,56.959999084472656,44.232295989990234,1341800,0.0,0.0,0.0
2014-10-16,55.939998626708984,57.29999923706055,55.79999923706055,56.88999938964844,44.177947998046875,754400,0.0,0.0,0.0
2014-10-17,57.540000915527344,57.869998931884766,57.369998931884766,57.599998474121094,44.72929382324219,432300,0.0,0.0,0.0
2014-10-20,57.599998474121094,58.119998931884766,57.5099983215332,58.099998474121094,45.11757278442383,369600,0.0,0.0,0.0
2014-10-21,58.40999984741211,59.0,58.349998474121094,58.939998626708984,45.769874572753906,380400,0.0,0.0,0.0
2014-10-22,58.939998626708984,59.09000015258789,58.41999816894531,58.41999816894531,45.366058349609375,375500,0.0,0.0,0.0
2014-10-23,59.040000915527344,59.380001068115234,58.900001525878906,59.040000915527344,45.847530364990234,279000,0.0,0.0,0.0
2014-10-24,59.13999938964844,59.380001068115234,58.900001525878906,59.349998474121094,46.088260650634766,463700,0.0,0.0,0.0
2014-10-27,59.119998931884766,59.33000183105469,58.880001068115234,59.27000045776367,46.02613830566406,171600,0.0,0.0,0.0
2014-10-28,59.5099983215332,60.040000915527344,59.5,60.040000915527344,46.624088287353516,527000,0.0,0.0,0.0
2014-10-29,60.18000030517578,60.2599983215332,59.540000915527344,59.83000183105469,46.461002349853516,342200,0.0,0.0,0.0
2014-10-30,59.68000030517578,60.310001373291016,59.58000183105469,60.15999984741211,46.717262268066406,306100,0.0,0.0,0.0
2014-10-31,60.91999816894531,60.9900016784668,60.630001068115234,60.95000076293945,47.33074188232422,637500,0.0,0.0,0.0
2014-11-03,60.88999938964844,60.91999816894531,60.630001068115234,60.72999954223633,47.15989685058594,366100,0.0,0.0,0.0
2014-11-04,60.58000183105469,60.59000015258789,60.15999984741211,60.5099983215332,46.98904800415039,336000,0.0,0.0,0.0
2014-11-05,60.7400016784668,60.7400016784668,60.38999938964844,60.650001525878906,47.097774505615234,361400,0.0,0.0,0.0
2014-11-06,60.66999816894531,60.720001220703125,60.38999938964844,60.689998626708984,47.128849029541016,1266600,0.0,0.0,0.0
2014-11-07,60.599998474121094,60.7400016784668,60.400001525878906,60.72999954223633,47.15989685058594,428800,0.0,0.0,0.0
2014-11-10,60.77000045776367,60.97999954223633,60.7400016784668,60.90999984741211,47.299686431884766,236500,0.0,0.0,0.0
2014-11-11,61.02000045776367,61.08000183105469,60.869998931884766,61.06999969482422,47.423912048339844,317600,0.0,0.0,0.0
2014-11-12,60.84000015258789,60.959999084472656,60.709999084472656,60.91999816894531,47.30743408203125,254000,0.0,0.0,0.0
2014-11-13,61.0,61.15999984741211,60.72999954223633,60.900001525878906,47.29191207885742,353200,0.0,0.0,0.0
2014-11-14,60.900001525878906,61.060001373291016,60.810001373291016,61.060001373291016,47.41615295410156,367000,0.0,0.0,0.0
2014-11-17,60.880001068115234,61.0,60.7599983215332,60.95000076293945,47.33074188232422,199400,0.0,0.0,0.0
2014-11-18,61.029998779296875,61.47999954223633,61.029998779296875,61.349998474121094,47.641361236572266,191800,0.0,0.0,0.0
2014-11-19,61.36000061035156,61.41999816894531,61.0,61.290000915527344,47.594764709472656,162300,0.0,0.0,0.0
2014-11-20,61.0,61.2400016784668,60.900001525878906,61.209999084472656,47.53263854980469,284200,0.0,0.0,0.0
2014-11-21,61.959999084472656,62.0,61.54999923706055,61.72999954223633,47.936458587646484,367300,0.0,0.0,0.0
2014-11-24,61.900001525878906,61.91999816894531,61.709999084472656,61.849998474121094,48.029632568359375,303000,0.0,0.0,0.0
2014-11-25,61.90999984741211,62.0,61.779998779296875,61.90999984741211,48.07623291015625,211200,0.0,0.0,0.0
2014-11-26,61.9900016784668,62.119998931884766,61.90999984741211,62.06999969482422,48.20047378540039,202100,0.0,0.0,0.0
2014-11-28,61.88999938964844,61.95000076293945,61.66999816894531,61.720001220703125,47.92868423461914,221200,0.0,0.0,0.0
2014-12-01,61.540000915527344,61.54999923706055,61.130001068115234,61.2599983215332,47.571468353271484,330700,0.0,0.0,0.0
2014-12-02,61.310001373291016,61.54999923706055,61.2599983215332,61.47999954223633,47.7423095703125,424000,0.0,0.0,0.0
2014-12-03,61.52000045776367,61.75,61.43000030517578,61.720001220703125,47.92868423461914,193700,0.0,0.0,0.0
2014-12-04,61.650001525878906,61.720001220703125,61.33000183105469,61.560001373291016,47.80443572998047,628200,0.0,0.0,0.0
2014-12-05,61.599998474121094,61.77000045776367,61.529998779296875,61.650001525878906,47.874332427978516,333400,0.0,0.0,0.0
2014-12-08,61.54999923706055,61.59000015258789,60.959999084472656,61.130001068115234,47.47050094604492,620800,0.0,0.0,0.0
2014-12-09,60.72999954223633,61.029998779296875,60.369998931884766,60.939998626708984,47.32297897338867,434200,0.0,0.0,0.0
2014-12-10,60.88999938964844,61.0,59.97999954223633,60.060001373291016,46.639610290527344,525400,0.0,0.0,0.0
2014-12-11,60.150001525878906,60.619998931884766,59.970001220703125,60.06999969482422,46.647377014160156,945400,0.0,0.0,0.0
2014-12-12,59.88999938964844,59.93000030517578,59.04999923706055,59.06999969482422,45.870826721191406,299500,0.0,0.0,0.0
2014-12-15,59.2400016784668,59.38999938964844,58.25,58.43000030517578,45.37383270263672,444600,0.0,0.0,0.0
2014-12-16,58.2400016784668,59.27000045776367,58.13999938964844,58.33000183105469,45.29617691040039,411000,0.0,0.0,0.0
2014-12-17,59.81999969482422,59.869998931884766,58.43000030517578,59.45000076293945,46.16591262817383,712100,0.0,0.0,0.0
2014-12-18,60.16999816894531,60.5,59.86000061035156,60.4900016784668,46.97352600097656,2592800,0.0,0.0,0.0
2014-12-19,60.5099983215332,60.88999938964844,60.400001525878906,60.689998626708984,47.128849029541016,494500,0.0,0.0,0.0
2014-12-22,60.25,60.65999984741211,60.25,60.65999984741211,47.400779724121094,470800,0.378,0.0,0.0
2014-12-23,60.68000030517578,60.77000045776367,60.58000183105469,60.630001068115234,47.3773307800293,371000,0.0,0.0,0.0
2014-12-24,60.790000915527344,60.90999984741211,60.70000076293945,60.79999923706055,47.510162353515625,300800,0.0,0.0,0.0
2014-12-26,60.91999816894531,61.16999816894531,60.900001525878906,61.06999969482422,47.72114944458008,451100,0.0,0.0,0.0
2014-12-29,60.900001525878906,61.0,60.810001373291016,60.90999984741211,47.596126556396484,385100,0.0,0.0,0.0
2014-12-30,60.75,62.0,60.54999923706055,60.59000015258789,47.346073150634766,851400,0.0,0.0,0.0
2014-12-31,60.7599983215332,60.7599983215332,60.060001373291016,60.119998931884766,46.978797912597656,389800,0.0,0.0,0.0
2015-01-02,60.15999984741211,60.43000030517578,59.709999084472656,59.959999084472656,46.8537712097168,527300,0.0,0.0,0.0
2015-01-05,59.650001525878906,59.65999984741211,58.689998626708984,58.79999923706055,45.947330474853516,790700,0.0,0.0,0.0
2015-01-06,58.90999984741211,59.02000045776367,58.0099983215332,58.209999084472656,45.486297607421875,691500,0.0,0.0,0.0
2015-01-07,58.68000030517578,59.0,58.4900016784668,58.959999084472656,46.07235336303711,334800,0.0,0.0,0.0
2015-01-08,59.369998931884766,59.91999816894531,59.119998931884766,59.849998474121094,46.76781463623047,370500,0.0,0.0,0.0
2015-01-09,59.900001525878906,59.900001525878906,59.25,59.45000076293945,46.45525360107422,652400,0.0,0.0,0.0
2015-01-12,59.59000015258789,59.59000015258789,58.869998931884766,59.13999938964844,46.2130126953125,379800,0.0,0.0,0.0
2015-01-13,59.65999984741211,59.939998626708984,58.75,59.18000030517578,46.2442626953125,637600,0.0,0.0,0.0
2015-01-14,58.75,58.959999084472656,58.33000183105469,58.90999984741211,46.033287048339844,358200,0.0,0.0,0.0
2015-01-15,59.29999923706055,59.369998931884766,58.70000076293945,58.720001220703125,45.884822845458984,281700,0.0,0.0,0.0
2015-01-16,58.630001068115234,59.470001220703125,58.619998931884766,59.439998626708984,46.44742965698242,252900,0.0,0.0,0.0
2015-01-20,59.75,59.810001373291016,59.15999984741211,59.54999923706055,46.53339385986328,771800,0.0,0.0,0.0
2015-01-21,59.68000030517578,60.0,59.41999816894531,59.9900016784668,46.87723922729492,424300,0.0,0.0,0.0
2015-01-22,60.18000030517578,60.72999954223633,59.77000045776367,60.68000030517578,47.4163932800293,373100,0.0,0.0,0.0
2015-01-23,60.560001373291016,60.560001373291016,60.22999954223633,60.22999954223633,47.064754486083984,459100,0.0,0.0,0.0
2015-01-26,60.45000076293945,60.720001220703125,60.150001525878906,60.63999938964844,47.3851318359375,346800,0.0,0.0,0.0
2015-01-27,60.20000076293945,60.529998779296875,60.0099983215332,60.2599983215332,47.08820724487305,735000,0.0,0.0,0.0
2015-01-28,60.66999816894531,60.66999816894531,59.45000076293945,59.5,46.49431610107422,792400,0.0,0.0,0.0
2015-01-29,59.65999984741211,60.08000183105469,59.2599983215332,60.0,46.88502502441406,668300,0.0,0.0,0.0
2015-01-30,59.58000183105469,59.84000015258789,59.099998474121094,59.13999938964844,46.2130126953125,244000,0.0,0.0,0.0
2015-02-02,59.52000045776367,60.0,59.09000015258789,59.93000030517578,46.830322265625,588200,0.0,0.0,0.0
2015-02-03,60.27000045776367,60.84000015258789,60.13999938964844,60.79999923706055,47.510162353515625,471300,0.0,0.0,0.0
2015-02-04,60.709999084472656,60.95000076293945,60.47999954223633,60.529998779296875,47.29917907714844,401000,0.0,0.0,0.0
2015-02-05,60.7599983215332,61.25,60.709999084472656,61.25,47.86179733276367,528000,0.0,0.0,0.0
2015-02-06,61.060001373291016,61.150001525878906,60.529998779296875,60.68000030517578,47.4163932800293,485900,0.0,0.0,0.0
2015-02-09,60.529998779296875,60.72999954223633,60.380001068115234,60.52000045776367,47.29137420654297,217200,0.0,0.0,0.0
2015-02-10,60.869998931884766,61.08000183105469,60.540000915527344,61.029998779296875,47.68989181518555,187000,0.0,0.0,0.0
2015-02-11,60.83000183105469,61.0,60.54999923706055,60.88999938964844,47.58049011230469,187200,0.0,0.0,0.0
2015-02-12,61.27000045776367,61.68000030517578,61.25,61.65999984741211,48.18218994140625,451100,0.0,0.0,0.0
2015-02-13,61.810001373291016,62.04999923706055,61.72999954223633,62.04999923706055,48.48693084716797,274100,0.0,0.0,0.0
2015-02-17,62.04999923706055,62.220001220703125,61.83000183105469,62.119998931884766,48.54165267944336,372500,0.0,0.0,0.0
2015-02-18,62.119998931884766,62.34000015258789,62.029998779296875,62.31999969482422,48.69792556762695,171600,0.0,0.0,0.0
2015-02-19,62.119998931884766,62.40999984741211,62.04999923706055,62.2400016784668,48.63541030883789,480900,0.0,0.0,0.0
2015-02-20,62.189998626708984,62.790000915527344,61.970001220703125,62.7400016784668,49.026119232177734,420900,0.0,0.0,0.0
2015-02-23,62.529998779296875,62.619998931884766,62.369998931884766,62.58000183105469,48.90108871459961,277600,0.0,0.0,0.0
2015-02-24,62.599998474121094,62.88999938964844,62.40999984741211,62.79999923706055,49.07299041748047,320700,0.0,0.0,0.0
2015-02-25,62.79999923706055,62.900001525878906,62.65999984741211,62.790000915527344,49.065189361572266,340700,0.0,0.0,0.0
2015-02-26,62.810001373291016,62.900001525878906,62.54999923706055,62.689998626708984,48.98705291748047,278200,0.0,0.0,0.0
2015-02-27,62.779998779296875,62.88999938964844,62.630001068115234,62.65999984741211,48.963600158691406,550500,0.0,0.0,0.0
2015-03-02,62.709999084472656,62.900001525878906,62.630001068115234,62.880001068115234,49.13551330566406,307200,0.0,0.0,0.0
2015-03-03,62.79999923706055,62.810001373291016,62.34000015258789,62.54999923706055,48.877647399902344,497800,0.0,0.0,0.0
2015-03-04,62.29999923706055,62.29999923706055,61.900001525878906,62.189998626708984,48.59633255004883,181700,0.0,0.0,0.0
2015-03-05,62.439998626708984,62.470001220703125,62.18000030517578,62.279998779296875,48.66666793823242,545300,0.0,0.0,0.0
2015-03-06,62.20000076293945,62.2400016784668,61.41999816894531,61.5099983215332,48.06497573852539,396300,0.0,0.0,0.0
2015-03-09,61.630001068115234,61.72999954223633,61.40999984741211,61.630001068115234,48.158748626708984,236700,0.0,0.0,0.0
2015-03-10,61.02000045776367,61.06999969482422,60.5,60.5099983215332,47.28355026245117,466800,0.0,0.0,0.0
2015-03-11,60.68000030517578,60.68000030517578,60.38999938964844,60.540000915527344,47.30699920654297,258300,0.0,0.0,0.0
2015-03-12,60.9900016784668,61.290000915527344,60.97999954223633,61.279998779296875,47.885231018066406,311400,0.0,0.0,0.0
2015-03-13,61.0099983215332,61.060001373291016,60.5099983215332,60.88999938964844,47.58049011230469,256300,0.0,0.0,0.0
2015-03-16,61.130001068115234,61.650001525878906,61.130001068115234,61.630001068115234,48.158748626708984,202700,0.0,0.0,0.0
2015-03-17,61.400001525878906,61.61000061035156,61.20000076293945,61.529998779296875,48.08060073852539,217400,0.0,0.0,0.0
2015-03-18,61.45000076293945,62.70000076293945,61.33000183105469,62.560001373291016,48.885467529296875,215000,0.0,0.0,0.0
2015-03-19,62.189998626708984,62.279998779296875,61.93000030517578,62.08000183105469,48.5103874206543,378100,0.0,0.0,0.0
2015-03-20,62.59000015258789,63.06999969482422,62.40999984741211,62.939998626708984,49.182411193847656,430400,0.0,0.0,0.0
2015-03-23,63.060001373291016,63.16999816894531,62.959999084472656,63.0099983215332,49.237098693847656,564700,0.0,0.0,0.0
2015-03-24,63.0099983215332,63.11000061035156,62.77000045776367,62.810001373291016,49.080806732177734,274100,0.0,0.0,0.0
2015-03-25,62.61000061035156,62.68000030517578,61.63999938964844,61.68000030517578,48.43999099731445,885700,0.314,0.0,0.0
2015-03-26,61.529998779296875,61.63999938964844,61.060001373291016,61.40999984741211,48.22793960571289,333400,0.0,0.0,0.0
2015-03-27,61.45000076293945,61.619998931884766,61.349998474121094,61.599998474121094,48.37715148925781,148900,0.0,0.0,0.0
2015-03-30,61.84000015258789,62.18000030517578,61.7599983215332,62.029998779296875,48.71484375,359700,0.0,0.0,0.0
2015-03-31,61.75,61.81999969482422,61.2599983215332,61.59000015258789,48.36928939819336,508800,0.0,0.0,0.0
2015-04-01,61.790000915527344,61.790000915527344,61.22999954223633,61.630001068115234,48.400718688964844,381900,0.0,0.0,0.0
2015-04-02,61.84000015258789,62.130001068115234,61.810001373291016,62.040000915527344,48.72270965576172,226800,0.0,0.0,0.0
2015-04-06,62.04999923706055,62.79999923706055,62.04999923706055,62.58000183105469,49.146785736083984,276600,0.0,0.0,0.0
2015-04-07,62.59000015258789,62.869998931884766,62.45000076293945,62.459999084472656,49.05253982543945,442600,0.0,0.0,0.0
2015-04-08,62.72999954223633,63.0099983215332,62.56999969482422,62.81999969482422,49.33525848388672,528800,0.0,0.0,0.0
2015-04-09,62.900001525878906,63.029998779296875,62.650001525878906,62.97999954223633,49.460933685302734,418600,0.0,0.0,0.0
2015-04-10,63.06999969482422,63.279998779296875,62.97999954223633,63.279998779296875,49.696537017822266,480300,0.0,0.0,0.0
2015-04-13,63.2400016784668,63.33000183105469,62.959999084472656,62.959999084472656,49.445213317871094,363800,0.0,0.0,0.0
2015-04-14,63.040000915527344,63.279998779296875,62.95000076293945,63.22999954223633,49.657257080078125,231000,0.0,0.0,0.0
2015-04-15,63.349998474121094,63.689998626708984,63.33000183105469,63.59000015258789,49.93997573852539,278200,0.0,0.0,0.0
2015-04-16,63.540000915527344,63.83000183105469,63.41999816894531,63.650001525878906,49.98710250854492,183800,0.0,0.0,0.0
2015-04-17,63.16999816894531,63.22999954223633,62.63999938964844,62.880001068115234,49.382381439208984,413900,0.0,0.0,0.0
2015-04-20,63.0099983215332,63.31999969482422,63.0,63.209999084472656,49.641544342041016,333400,0.0,0.0,0.0
2015-04-21,63.619998931884766,63.65999984741211,63.31999969482422,63.369998931884766,49.767215728759766,272500,0.0,0.0,0.0
2015-04-22,63.560001373291016,63.66999816894531,63.209999084472656,63.630001068115234,49.97139358520508,248300,0.0,0.0,0.0
2015-04-23,63.459999084472656,64.04000091552734,63.33000183105469,63.900001525878906,50.18344497680664,373600,0.0,0.0,0.0
2015-04-24,64.0999984741211,64.13999938964844,63.720001220703125,64.06999969482422,50.31694030761719,192200,0.0,0.0,0.0
2015-04-27,64.33000183105469,64.44000244140625,63.97999954223633,64.05999755859375,50.30910110473633,322300,0.0,0.0,0.0
2015-04-28,64.0999984741211,64.26000213623047,63.75,64.22000122070312,50.434749603271484,200400,0.0,0.0,0.0
2015-04-29,63.93000030517578,64.01000213623047,63.619998931884766,63.81999969482422,50.1206169128418,397900,0.0,0.0,0.0
2015-04-30,63.65999984741211,63.66999816894531,63.0,63.15999984741211,49.602264404296875,380500,0.0,0.0,0.0
2015-05-01,63.54999923706055,63.790000915527344,63.369998931884766,63.790000915527344,50.0970458984375,200800,0.0,0.0,0.0
2015-05-04,63.83000183105469,63.97999954223633,63.790000915527344,63.84000015258789,50.136314392089844,384600,0.0,0.0,0.0
2015-05-05,63.7599983215332,63.779998779296875,63.0,63.09000015258789,49.54730987548828,382200,0.0,0.0,0.0
2015-05-06,63.439998626708984,63.470001220703125,62.66999816894531,62.95000076293945,49.4373664855957,359100,0.0,0.0,0.0
2015-05-07,62.810001373291016,63.060001373291016,62.599998474121094,63.02000045776367,49.492340087890625,247200,0.0,0.0,0.0
2015-05-08,63.56999969482422,64.04000091552734,63.41999816894531,63.959999084472656,50.230552673339844,259200,0.0,0.0,0.0
2015-05-11,64.4000015258789,64.4000015258789,63.540000915527344,63.58000183105469,49.9321403503418,174900,0.0,0.0,0.0
2015-05-12,63.36000061035156,63.63999938964844,63.150001525878906,63.52000045776367,49.885013580322266,329700,0.0,0.0,0.0
2015-05-13,63.779998779296875,63.97999954223633,63.61000061035156,63.68000030517578,50.01066970825195,204000,0.0,0.0,0.0
2015-05-14,64.12999725341797,64.33999633789062,64.0199966430664,64.30999755859375,50.50541687011719,397900,0.0,0.0,0.0
2015-05-15,64.43000030517578,64.44000244140625,64.13999938964844,64.43000030517578,50.599674224853516,218900,0.0,0.0,0.0
2015-05-18,64.30000305175781,64.47000122070312,64.19999694824219,64.4000015258789,50.57611083984375,477700,0.0,0.0,0.0
2015-05-19,64.38999938964844,64.44000244140625,64.2300033569336,64.31999969482422,50.513275146484375,253500,0.0,0.0,0.0
2015-05-20,64.33999633789062,64.48999786376953,64.16999816894531,64.30000305175781,50.497581481933594,430900,0.0,0.0,0.0
2015-05-21,64.36000061035156,64.58999633789062,64.30000305175781,64.54000091552734,50.68606948852539,182400,0.0,0.0,0.0
2015-05-22,64.41000366210938,64.45999908447266,64.29000091552734,64.29000091552734,50.489723205566406,273500,0.0,0.0,0.0
2015-05-26,64.05999755859375,64.08000183105469,63.33000183105469,63.4900016784668,49.8614501953125,324400,0.0,0.0,0.0
2015-05-27,63.599998474121094,64.08000183105469,63.470001220703125,64.04000091552734,50.293392181396484,241700,0.0,0.0,0.0
2015-05-28,63.7599983215332,63.83000183105469,63.45000076293945,63.81999969482422,50.1206169128418,327700,0.0,0.0,0.0
2015-05-29,63.7599983215332,63.790000915527344,63.220001220703125,63.369998931884766,49.767215728759766,334100,0.0,0.0,0.0
2015-06-01,63.650001525878906,63.650001525878906,63.099998474121094,63.369998931884766,49.767215728759766,342600,0.0,0.0,0.0
2015-06-02,63.33000183105469,63.7400016784668,63.20000076293945,63.470001220703125,49.84573745727539,513100,0.0,0.0,0.0
2015-06-03,63.7400016784668,63.939998626708984,63.5,63.709999084472656,50.03422546386719,697100,0.0,0.0,0.0
2015-06-04,63.43000030517578,63.61000061035156,62.970001220703125,63.09000015258789,49.54730987548828,248500,0.0,0.0,0.0
2015-06-05,62.68000030517578,62.939998626708984,62.470001220703125,62.70000076293945,49.24102020263672,218500,0.0,0.0,0.0
2015-06-08,62.709999084472656,62.709999084472656,62.38999938964844,62.43000030517578,49.02899169921875,188000,0.0,0.0,0.0
2015-06-09,62.36000061035156,62.45000076293945,62.08000183105469,62.279998779296875,48.91119384765625,319200,0.0,0.0,0.0
2015-06-10,62.849998474121094,63.38999938964844,62.790000915527344,63.290000915527344,49.70438766479492,684400,0.0,0.0,0.0
2015-06-11,63.459999084472656,63.5099983215332,63.220001220703125,63.400001525878906,49.790771484375,191500,0.0,0.0,0.0
2015-06-12,62.959999084472656,63.09000015258789,62.79999923706055,62.9900016784668,49.468780517578125,212400,0.0,0.0,0.0
2015-06-15,62.470001220703125,62.63999938964844,62.209999084472656,62.63999938964844,49.19390869140625,202400,0.0,0.0,0.0
2015-06-16,62.529998779296875,62.849998474121094,62.400001525878906,62.810001373291016,49.32740783691406,185700,0.0,0.0,0.0
2015-06-17,62.75,63.0,62.400001525878906,62.810001373291016,49.32740783691406,352100,0.0,0.0,0.0
2015-06-18,63.0,63.720001220703125,63.0,63.459999084472656,49.8378791809082,928600,0.0,0.0,0.0
2015-06-19,63.5,63.5,63.150001525878906,63.15999984741211,49.602264404296875,391800,0.0,0.0,0.0
2015-06-22,63.790000915527344,64.12999725341797,63.790000915527344,63.869998931884766,50.159873962402344,254600,0.0,0.0,0.0
2015-06-23,64.05000305175781,64.06999969482422,63.900001525878906,63.970001220703125,50.23841094970703,513700,0.0,0.0,0.0
2015-06-24,63.88999938964844,63.91999816894531,63.5,63.540000915527344,49.90071105957031,259500,0.0,0.0,0.0
2015-06-25,63.75,63.84000015258789,63.36000061035156,63.36000061035156,49.75935745239258,571900,0.0,0.0,0.0
2015-06-26,63.0,63.13999938964844,62.779998779296875,62.959999084472656,49.80127716064453,158000,0.453,0.0,0.0
2015-06-29,62.119998931884766,62.290000915527344,61.34000015258789,61.36000061035156,48.53567123413086,720100,0.0,0.0,0.0
2015-06-30,61.970001220703125,62.08000183105469,61.2400016784668,61.52000045776367,48.66223907470703,1504600,0.0,0.0,0.0
2015-07-01,62.33000183105469,62.33000183105469,61.630001068115234,61.849998474121094,48.92326354980469,1051300,0.0,0.0,0.0
2015-07-02,62.040000915527344,62.060001373291016,61.68000030517578,61.86000061035156,48.931182861328125,280900,0.0,0.0,0.0
2015-07-06,61.09000015258789,61.529998779296875,60.959999084472656,61.20000076293945,48.40912628173828,448400,0.0,0.0,0.0
2015-07-07,60.900001525878906,61.25,60.060001373291016,61.209999084472656,48.417030334472656,518600,0.0,0.0,0.0
2015-07-08,60.599998474121094,60.65999984741211,59.86000061035156,59.91999816894531,47.39664077758789,450700,0.0,0.0,0.0
2015-07-09,60.5099983215332,61.060001373291016,60.36000061035156,60.38999938964844,47.7684211730957,681200,0.0,0.0,0.0
2015-07-10,61.0,61.720001220703125,61.0,61.630001068115234,48.74925231933594,2195200,0.0,0.0,0.0
2015-07-13,62.0,62.11000061035156,61.95000076293945,62.060001373291016,49.08938217163086,432600,0.0,0.0,0.0
2015-07-14,62.130001068115234,62.47999954223633,62.09000015258789,62.43000030517578,49.382057189941406,610100,0.0,0.0,0.0
2015-07-15,62.40999984741211,62.439998626708984,62.09000015258789,62.25,49.239662170410156,1100700,0.0,0.0,0.0
2015-07-16,62.619998931884766,62.790000915527344,62.560001373291016,62.75,49.635169982910156,386200,0.0,0.0,0.0
2015-07-17,62.810001373291016,62.810001373291016,62.540000915527344,62.650001525878906,49.556060791015625,224200,0.0,0.0,0.0
2015-07-20,62.7400016784668,62.810001373291016,62.5,62.630001068115234,49.54024124145508,207700,0.0,0.0,0.0
2015-07-21,62.599998474121094,62.68000030517578,62.349998474121094,62.45000076293945,49.397857666015625,675000,0.0,0.0,0.0
2015-07-22,62.119998931884766,62.220001220703125,62.0,62.150001525878906,49.16056442260742,456700,0.0,0.0,0.0
2015-07-23,62.27000045776367,62.310001373291016,61.790000915527344,61.880001068115234,48.946998596191406,319000,0.0,0.0,0.0
2015-07-24,61.869998931884766,61.869998931884766,61.02000045776367,61.13999938964844,48.361656188964844,567700,0.0,0.0,0.0
2015-07-27,60.970001220703125,60.97999954223633,60.529998779296875,60.63999938964844,47.96615982055664,422700,0.0,0.0,0.0
2015-07-28,60.779998779296875,61.34000015258789,60.63999938964844,61.310001373291016,48.49612045288086,541300,0.0,0.0,0.0
2015-07-29,61.369998931884766,61.83000183105469,61.31999969482422,61.70000076293945,48.804630279541016,351500,0.0,0.0,0.0
2015-07-30,61.619998931884766,61.790000915527344,61.349998474121094,61.77000045776367,48.859989166259766,196800,0.0,0.0,0.0
2015-07-31,61.95000076293945,62.06999969482422,61.7400016784668,61.83000183105469,48.90745162963867,514400,0.0,0.0,0.0
2015-08-03,61.849998474121094,61.93000030517578,61.33000183105469,61.56999969482422,48.7017936706543,194200,0.0,0.0,0.0
2015-08-04,61.619998931884766,61.77000045776367,61.41999816894531,61.58000183105469,48.70969772338867,194900,0.0,0.0,0.0
2015-08-05,61.970001220703125,62.040000915527344,61.68000030517578,61.72999954223633,48.82835006713867,149400,0.0,0.0,0.0
2015-08-06,61.70000076293945,61.7599983215332,61.09000015258789,61.34000015258789,48.519859313964844,412800,0.0,0.0,0.0
2015-08-07,61.25,61.279998779296875,61.0,61.279998779296875,48.472389221191406,512200,0.0,0.0,0.0
2015-08-10,61.5,62.11000061035156,61.5,62.04999923706055,49.081459045410156,147800,0.0,0.0,0.0
2015-08-11,61.43000030517578,61.459999084472656,61.029998779296875,61.2599983215332,48.456573486328125,253500,0.0,0.0,0.0
2015-08-12,60.720001220703125,61.13999938964844,60.25,61.11000061035156,48.337921142578125,247200,0.0,0.0,0.0
2015-08-13,61.13999938964844,61.2400016784668,60.849998474121094,61.029998779296875,48.274654388427734,196600,0.0,0.0,0.0
2015-08-14,60.97999954223633,61.220001220703125,60.83000183105469,61.209999084472656,48.417030334472656,187300,0.0,0.0,0.0
2015-08-17,60.939998626708984,61.310001373291016,60.709999084472656,61.29999923706055,48.48822021484375,246900,0.0,0.0,0.0
2015-08-18,61.11000061035156,61.16999816894531,60.91999816894531,60.9900016784668,48.24302291870117,191200,0.0,0.0,0.0
2015-08-19,60.65999984741211,60.81999969482422,60.11000061035156,60.45000076293945,47.81587600708008,212200,0.0,0.0,0.0
2015-08-20,59.9900016784668,60.0,59.11000061035156,59.130001068115234,46.771766662597656,638600,0.0,0.0,0.0
2015-08-21,58.77000045776367,58.880001068115234,57.5,57.5,45.48242950439453,1260100,0.0,0.0,0.0
2015-08-24,54.70000076293945,56.75,53.099998474121094,55.22999954223633,43.68684768676758,2556100,0.0,0.0,0.0
2015-08-25,58.279998779296875,58.5099983215332,55.22999954223633,55.22999954223633,43.68684768676758,5114000,0.0,0.0,0.0
2015-08-26,55.779998779296875,56.880001068115234,55.34000015258789,56.849998474121094,44.96826934814453,3697600,0.0,0.0,0.0
2015-08-27,57.40999984741211,58.20000076293945,57.2599983215332,58.099998474121094,45.95701217651367,1172300,0.0,0.0,0.0
2015-08-28,57.84000015258789,58.16999816894531,57.779998779296875,58.099998474121094,45.95701217651367,1272200,0.0,0.0,0.0
2015-08-31,57.939998626708984,58.040000915527344,57.5099983215332,57.72999954223633,45.66436004638672,1016700,0.0,0.0,0.0
2015-09-01,57.15999984741211,57.15999984741211,55.70000076293945,55.91999816894531,44.232643127441406,1135200,0.0,0.0,0.0
2015-09-02,56.470001220703125,56.86000061035156,56.13999938964844,56.86000061035156,44.97616958618164,304900,0.0,0.0,0.0
2015-09-03,57.04999923706055,57.529998779296875,56.810001373291016,56.939998626708984,45.03946304321289,417500,0.0,0.0,0.0
2015-09-04,56.04999923706055,56.20000076293945,55.58000183105469,55.84000015258789,44.16935729980469,367700,0.0,0.0,0.0
2015-09-08,56.95000076293945,57.369998931884766,56.810001373291016,57.34000015258789,45.355857849121094,215500,0.0,0.0,0.0
2015-09-09,57.900001525878906,58.0,56.720001220703125,56.79999923706055,44.92872619628906,440700,0.0,0.0,0.0
2015-09-10,56.7400016784668,57.43000030517578,56.689998626708984,57.15999984741211,45.21348571777344,1908400,0.0,0.0,0.0
2015-09-11,56.90999984741211,57.29999923706055,56.75,57.279998779296875,45.30840301513672,280000,0.0,0.0,0.0
2015-09-14,57.209999084472656,57.209999084472656,56.810001373291016,57.0,45.08692932128906,262000,0.0,0.0,0.0
2015-09-15,57.09000015258789,57.65999984741211,56.95000076293945,57.59000015258789,45.55361557006836,178700,0.0,0.0,0.0
2015-09-16,57.91999816894531,58.349998474121094,57.83000183105469,58.31999969482422,46.13102722167969,145300,0.0,0.0,0.0
2015-09-17,58.15999984741211,59.09000015258789,58.09000015258789,58.31999969482422,46.13102722167969,407300,0.0,0.0,0.0
2015-09-18,57.470001220703125,57.7599983215332,57.060001373291016,57.189998626708984,45.23721694946289,677800,0.0,0.0,0.0
2015-09-21,57.380001068115234,57.619998931884766,57.0,57.2599983215332,45.29257583618164,677300,0.0,0.0,0.0
2015-09-22,56.40999984741211,56.43000030517578,55.880001068115234,56.27000045776367,44.509498596191406,546100,0.0,0.0,0.0
2015-09-23,56.2599983215332,56.400001525878906,55.86000061035156,56.02000045776367,44.311744689941406,695800,0.0,0.0,0.0
2015-09-24,55.650001525878906,55.93000030517578,55.20000076293945,55.849998474121094,44.177276611328125,293900,0.0,0.0,0.0
2015-09-25,56.130001068115234,56.20000076293945,55.400001525878906,55.61000061035156,44.208282470703125,613500,0.279,0.0,0.0
2015-09-28,55.310001373291016,55.4900016784668,54.25,54.31999969482422,43.182769775390625,974700,0.0,0.0,0.0
2015-09-29,54.43000030517578,54.70000076293945,54.04999923706055,54.36000061035156,43.21456527709961,373500,0.0,0.0,0.0
2015-09-30,54.97999954223633,55.40999984741211,54.77000045776367,55.310001373291016,43.96978759765625,730800,0.0,0.0,0.0
2015-10-01,55.75,55.779998779296875,54.95000076293945,55.54999923706055,44.16058349609375,3251800,0.0,0.0,0.0
2015-10-02,55.150001525878906,56.470001220703125,54.95000076293945,56.470001220703125,44.89194869995117,712300,0.0,0.0,0.0
2015-10-05,56.9900016784668,57.63999938964844,56.939998626708984,57.599998474121094,45.79026794433594,687300,0.0,0.0,0.0
2015-10-06,57.58000183105469,57.7400016784668,57.31999969482422,57.52000045776367,45.72666931152344,422200,0.0,0.0,0.0
2015-10-07,58.02000045776367,58.349998474121094,57.7400016784668,58.2400016784668,46.299041748046875,428200,0.0,0.0,0.0
2015-10-08,58.0099983215332,58.77000045776367,57.93000030517578,58.7400016784668,46.696537017822266,348600,0.0,0.0,0.0
2015-10-09,58.790000915527344,58.959999084472656,58.63999938964844,58.83000183105469,46.76808547973633,748400,0.0,0.0,0.0
2015-10-12,58.81999969482422,58.81999969482422,58.619998931884766,58.72999954223633,46.6885986328125,280100,0.0,0.0,0.0
2015-10-13,58.29999923706055,58.70000076293945,58.099998474121094,58.13999938964844,46.21954345703125,231800,0.0,0.0,0.0
2015-10-14,58.2599983215332,58.459999084472656,58.0099983215332,58.11000061035156,46.195716857910156,327000,0.0,0.0,0.0
2015-10-15,58.4900016784668,59.040000915527344,58.33000183105469,59.029998779296875,46.92707061767578,169800,0.0,0.0,0.0
2015-10-16,59.06999969482422,59.130001068115234,58.81999969482422,59.11000061035156,46.99067687988281,323500,0.0,0.0,0.0
2015-10-19,58.88999938964844,59.0,58.720001220703125,58.970001220703125,46.879371643066406,196700,0.0,0.0,0.0
2015-10-20,58.90999984741211,59.130001068115234,58.81999969482422,58.900001525878906,46.82373046875,316500,0.0,0.0,0.0
2015-10-21,59.11000061035156,59.119998931884766,58.4900016784668,58.540000915527344,46.537540435791016,426300,0.0,0.0,0.0
2015-10-22,58.880001068115234,59.459999084472656,58.84000015258789,59.33000183105469,47.16556167602539,348500,0.0,0.0,0.0
2015-10-23,59.869998931884766,59.97999954223633,59.540000915527344,59.880001068115234,47.602806091308594,558700,0.0,0.0,0.0
2015-10-26,59.849998474121094,59.86000061035156,59.630001068115234,59.70000076293945,47.45972442626953,351400,0.0,0.0,0.0
2015-10-27,59.380001068115234,59.45000076293945,59.13999938964844,59.33000183105469,47.16556167602539,390900,0.0,0.0,0.0
2015-10-28,59.540000915527344,59.970001220703125,59.209999084472656,59.83000183105469,47.56304168701172,322300,0.0,0.0,0.0
2015-10-29,59.47999954223633,59.650001525878906,59.38999938964844,59.54999923706055,47.34046173095703,206900,0.0,0.0,0.0
2015-10-30,59.61000061035156,59.72999954223633,59.34000015258789,59.34000015258789,47.17351150512695,303700,0.0,0.0,0.0
2015-11-02,59.56999969482422,60.11000061035156,59.56999969482422,60.09000015258789,47.769752502441406,636600,0.0,0.0,0.0
2015-11-03,59.88999938964844,60.459999084472656,59.869998931884766,60.290000915527344,47.92873764038086,224900,0.0,0.0,0.0
2015-11-04,60.400001525878906,60.400001525878906,59.81999969482422,60.0099983215332,47.706153869628906,963400,0.0,0.0,0.0
2015-11-05,60.09000015258789,60.31999969482422,59.66999816894531,59.93000030517578,47.642555236816406,654800,0.0,0.0,0.0
2015-11-06,59.68000030517578,59.7599983215332,59.310001373291016,59.72999954223633,47.48354721069336,320600,0.0,0.0,0.0
2015-11-09,59.54999923706055,59.560001373291016,58.900001525878906,59.15999984741211,47.030426025390625,421800,0.0,0.0,0.0
2015-11-10,58.970001220703125,59.15999984741211,58.810001373291016,59.130001068115234,47.00658416748047,452700,0.0,0.0,0.0
2015-11-11,59.38999938964844,59.45000076293945,59.08000183105469,59.09000015258789,46.97477340698242,285300,0.0,0.0,0.0
2015-11-12,58.77000045776367,58.88999938964844,58.369998931884766,58.38999938964844,46.41830062866211,274300,0.0,0.0,0.0
2015-11-13,58.119998931884766,58.150001525878906,57.66999816894531,57.7400016784668,45.90156173706055,690200,0.0,0.0,0.0
2015-11-16,57.779998779296875,58.5099983215332,57.7400016784668,58.5,46.505733489990234,580200,0.0,0.0,0.0
2015-11-17,58.619998931884766,58.91999816894531,58.36000061035156,58.47999954223633,46.48983383178711,652500,0.0,0.0,0.0
2015-11-18,58.689998626708984,59.29999923706055,58.619998931884766,59.2400016784668,47.094024658203125,594300,0.0,0.0,0.0
2015-11-19,59.380001068115234,59.54999923706055,59.369998931884766,59.439998626708984,47.253013610839844,370400,0.0,0.0,0.0
2015-11-20,59.619998931884766,59.790000915527344,59.47999954223633,59.54999923706055,47.34046173095703,503500,0.0,0.0,0.0
2015-11-23,59.459999084472656,59.61000061035156,59.20000076293945,59.310001373291016,47.149662017822266,272500,0.0,0.0,0.0
2015-11-24,59.0099983215332,59.52000045776367,58.88999938964844,59.45000076293945,47.26096725463867,575800,0.0,0.0,0.0
2015-11-25,59.45000076293945,59.58000183105469,59.310001373291016,59.470001220703125,47.27687072753906,229600,0.0,0.0,0.0
2015-11-27,59.43000030517578,59.529998779296875,59.29999923706055,59.43000030517578,47.245059967041016,902200,0.0,0.0,0.0
2015-11-30,59.439998626708984,59.5,59.27000045776367,59.290000915527344,47.13376998901367,1045700,0.0,0.0,0.0
2015-12-01,59.52000045776367,59.93000030517578,59.52000045776367,59.91999816894531,47.63459777832031,538700,0.0,0.0,0.0
2015-12-02,59.720001220703125,59.849998474121094,59.18000030517578,59.279998779296875,47.12582015991211,869800,0.0,0.0,0.0
2015-12-03,59.470001220703125,59.61000061035156,58.38999938964844,58.61000061035156,46.593196868896484,784100,0.0,0.0,0.0
2015-12-04,58.599998474121094,59.52000045776367,58.56999969482422,59.470001220703125,47.27687072753906,447400,0.0,0.0,0.0
2015-12-07,59.310001373291016,59.38999938964844,58.72999954223633,58.95000076293945,46.86348342895508,943700,0.0,0.0,0.0
2015-12-08,58.279998779296875,58.529998779296875,58.0099983215332,58.349998474121094,46.38649368286133,2240400,0.0,0.0,0.0
2015-12-09,58.189998626708984,58.81999969482422,57.75,58.04999923706055,46.14799880981445,2109900,0.0,0.0,0.0
2015-12-10,58.15999984741211,58.36000061035156,57.939998626708984,57.97999954223633,46.09235382080078,526600,0.0,0.0,0.0
2015-12-11,57.36000061035156,57.459999084472656,56.709999084472656,56.810001373291016,45.16225051879883,796500,0.0,0.0,0.0
2015-12-14,57.0,57.13999938964844,56.349998474121094,56.9900016784668,45.30534362792969,771600,0.0,0.0,0.0
2015-12-15,57.47999954223633,57.79999923706055,57.40999984741211,57.58000183105469,45.77437210083008,1208200,0.0,0.0,0.0
2015-12-16,57.939998626708984,58.54999923706055,57.7400016784668,58.4900016784668,46.4977912902832,831500,0.0,0.0,0.0
2015-12-17,58.560001373291016,58.560001373291016,57.650001525878906,57.66999816894531,45.845924377441406,4017000,0.0,0.0,0.0
2015-12-18,57.470001220703125,57.599998474121094,56.900001525878906,56.900001525878906,45.233795166015625,1325500,0.0,0.0,0.0
2015-12-21,57.13999938964844,57.150001525878906,56.630001068115234,56.970001220703125,45.58425521850586,1384100,0.368,0.0,0.0
2015-12-22,57.15999984741211,57.540000915527344,56.9900016784668,57.470001220703125,45.98433303833008,822000,0.0,0.0,0.0
2015-12-23,57.709999084472656,58.27000045776367,57.709999084472656,58.27000045776367,46.62443542480469,1275000,0.0,0.0,0.0
2015-12-24,58.130001068115234,58.349998474121094,58.09000015258789,58.150001525878906,46.528438568115234,1155600,0.0,0.0,0.0
2015-12-28,58.0099983215332,58.029998779296875,57.709999084472656,58.02000045776367,46.42440414428711,2851200,0.0,0.0,0.0
2015-12-29,58.349998474121094,58.61000061035156,58.349998474121094,58.54999923706055,46.84848403930664,1586800,0.0,0.0,0.0
2015-12-30,58.400001525878906,58.400001525878906,58.06999969482422,58.119998931884766,46.504417419433594,1886400,0.0,0.0,0.0
2015-12-31,57.79999923706055,58.04999923706055,57.619998931884766,57.619998931884766,46.10435104370117,1238100,0.0,0.0,0.0
2016-01-04,56.59000015258789,56.650001525878906,56.040000915527344,56.650001525878906,45.32820510864258,1618600,0.0,0.0,0.0
2016-01-05,56.689998626708984,56.75,56.349998474121094,56.65999984741211,45.33621597290039,2385100,0.0,0.0,0.0
2016-01-06,55.72999954223633,56.08000183105469,55.4900016784668,55.81999969482422,44.66408920288086,976500,0.0,0.0,0.0
2016-01-07,54.86000061035156,55.29999923706055,54.439998626708984,54.52000045776367,43.623897552490234,1267700,0.0,0.0,0.0
2016-01-08,54.95000076293945,54.95000076293945,53.779998779296875,53.880001068115234,43.11179733276367,1641800,0.0,0.0,0.0
2016-01-11,54.27000045776367,54.40999984741211,53.400001525878906,53.90999984741211,43.13581085205078,1530300,0.0,0.0,0.0
2016-01-12,54.31999969482422,54.52000045776367,53.61000061035156,54.209999084472656,43.37584686279297,1907300,0.0,0.0,0.0
2016-01-13,54.459999084472656,54.529998779296875,52.849998474121094,53.0,42.407676696777344,944400,0.0,0.0,0.0
2016-01-14,53.2400016784668,54.150001525878906,52.75,53.86000061035156,43.09580612182617,2166200,0.0,0.0,0.0
2016-01-15,52.29999923706055,52.66999816894531,51.83000183105469,52.349998474121094,41.887569427490234,1759300,0.0,0.0,0.0
2016-01-19,53.15999984741211,53.22999954223633,52.060001373291016,52.5099983215332,42.01560974121094,1543300,0.0,0.0,0.0
2016-01-20,51.63999938964844,52.04999923706055,50.41999816894531,51.66999816894531,41.343482971191406,2048100,0.0,0.0,0.0
2016-01-21,51.66999816894531,52.459999084472656,51.25,51.970001220703125,41.583534240722656,1331600,0.0,0.0,0.0
2016-01-22,52.95000076293945,53.31999969482422,52.84000015258789,53.27000045776367,42.623714447021484,1272700,0.0,0.0,0.0
2016-01-25,53.060001373291016,53.11000061035156,52.40999984741211,52.439998626708984,41.9595832824707,1461700,0.0,0.0,0.0
2016-01-26,52.72999954223633,53.36000061035156,52.63999938964844,53.31999969482422,42.663726806640625,892100,0.0,0.0,0.0
2016-01-27,53.18000030517578,53.70000076293945,52.59000015258789,52.84000015258789,42.27965545654297,675200,0.0,0.0,0.0
2016-01-28,53.45000076293945,53.45000076293945,52.599998474121094,53.02000045776367,42.423683166503906,744400,0.0,0.0,0.0
2016-01-29,53.31999969482422,54.2400016784668,53.310001373291016,54.2400016784668,43.39985656738281,1468100,0.0,0.0,0.0
2016-02-01,53.90999984741211,54.4900016784668,53.7400016784668,54.310001373291016,43.45587158203125,1486100,0.0,0.0,0.0
2016-02-02,53.52000045776367,54.20000076293945,52.900001525878906,53.02000045776367,42.423683166503906,1313200,0.0,0.0,0.0
2016-02-03,53.459999084472656,53.619998931884766,52.36000061035156,53.5,42.8077507019043,1592800,0.0,0.0,0.0
2016-02-04,53.349998474121094,53.93000030517578,53.25,53.61000061035156,42.89576721191406,1194000,0.0,0.0,0.0
2016-02-05,53.380001068115234,53.52000045776367,52.52000045776367,52.689998626708984,42.159629821777344,606900,0.0,0.0,0.0
2016-02-08,52.11000061035156,52.150001525878906,51.22999954223633,51.84000015258789,41.47950744628906,1730200,0.0,0.0,0.0
2016-02-09,51.189998626708984,51.849998474121094,51.06999969482422,51.470001220703125,41.18345260620117,1217200,0.0,0.0,0.0
2016-02-10,51.720001220703125,52.2400016784668,51.41999816894531,51.5,41.207454681396484,1191600,0.0,0.0,0.0
2016-02-11,50.939998626708984,51.029998779296875,50.34000015258789,50.810001373291016,40.655364990234375,2963800,0.0,0.0,0.0
2016-02-12,51.099998474121094,51.75,50.959999084472656,51.709999084472656,41.375492095947266,322100,0.0,0.0,0.0
2016-02-16,52.43000030517578,53.0,52.11000061035156,52.65999984741211,42.13562774658203,640700,0.0,0.0,0.0
2016-02-17,53.060001373291016,53.7599983215332,53.0,53.689998626708984,42.959781646728516,1091100,0.0,0.0,0.0
2016-02-18,53.95000076293945,53.97999954223633,53.380001068115234,53.459999084472656,42.77574157714844,739100,0.0,0.0,0.0
2016-02-19,53.06999969482422,53.41999816894531,52.939998626708984,53.38999938964844,42.719730377197266,359100,0.0,0.0,0.0
2016-02-22,53.86000061035156,54.27000045776367,53.7400016784668,54.20000076293945,43.367862701416016,5952000,0.0,0.0,0.0
2016-02-23,54.0,54.02000045776367,53.41999816894531,53.439998626708984,42.75973892211914,986800,0.0,0.0,0.0
2016-02-24,52.86000061035156,53.58000183105469,52.4900016784668,53.47999954223633,42.791744232177734,2221000,0.0,0.0,0.0
2016-02-25,53.650001525878906,54.060001373291016,53.43000030517578,54.060001373291016,43.255836486816406,390900,0.0,0.0,0.0
2016-02-26,54.2599983215332,54.45000076293945,53.88999938964844,53.9900016784668,43.199832916259766,530500,0.0,0.0,0.0
2016-02-29,54.0,54.22999954223633,53.630001068115234,53.63999938964844,42.919769287109375,656000,0.0,0.0,0.0
2016-03-01,54.20000076293945,55.0,54.099998474121094,55.0,44.007972717285156,765400,0.0,0.0,0.0
2016-03-02,54.97999954223633,55.36000061035156,54.810001373291016,55.36000061035156,44.29602813720703,727500,0.0,0.0,0.0
2016-03-03,55.45000076293945,55.81999969482422,55.310001373291016,55.81999969482422,44.66408920288086,682400,0.0,0.0,0.0
2016-03-04,55.97999954223633,56.41999816894531,55.84000015258789,56.20000076293945,44.9681396484375,595600,0.0,0.0,0.0
2016-03-07,55.79999923706055,56.34000015258789,55.7400016784668,56.20000076293945,44.9681396484375,685700,0.0,0.0,0.0
2016-03-08,55.849998474121094,55.869998931884766,55.38999938964844,55.470001220703125,44.38404846191406,1267600,0.0,0.0,0.0
2016-03-09,55.72999954223633,55.86000061035156,55.56999969482422,55.77000045776367,44.624088287353516,427100,0.0,0.0,0.0
2016-03-10,55.97999954223633,56.290000915527344,55.18000030517578,55.709999084472656,44.576080322265625,732400,0.0,0.0,0.0
2016-03-11,56.38999938964844,56.90999984741211,56.369998931884766,56.90999984741211,45.536258697509766,363900,0.0,0.0,0.0
2016-03-14,56.849998474121094,56.900001525878906,56.59000015258789,56.779998779296875,45.432212829589844,455400,0.0,0.0,0.0
2016-03-15,56.16999816894531,56.27000045776367,55.95000076293945,56.130001068115234,45.08842849731445,231700,0.222,0.0,0.0
2016-03-16,55.939998626708984,56.779998779296875,55.939998626708984,56.720001220703125,45.5623664855957,325900,0.0,0.0,0.0
2016-03-17,56.70000076293945,57.33000183105469,56.599998474121094,57.2400016784668,45.98007583618164,567200,0.0,0.0,0.0
2016-03-18,57.349998474121094,57.47999954223633,57.209999084472656,57.34000015258789,46.06039810180664,348100,0.0,0.0,0.0
2016-03-21,57.29999923706055,57.38999938964844,57.11000061035156,57.34000015258789,46.06039810180664,333600,0.0,0.0,0.0
2016-03-22,57.060001373291016,57.369998931884766,56.91999816894531,57.2400016784668,45.98007583618164,2995100,0.0,0.0,0.0
2016-03-23,57.130001068115234,57.130001068115234,56.619998931884766,56.66999816894531,45.52220153808594,744100,0.0,0.0,0.0
2016-03-24,56.25,56.54999923706055,56.130001068115234,56.54999923706055,45.42579650878906,311400,0.0,0.0,0.0
2016-03-28,56.93000030517578,56.93000030517578,56.560001373291016,56.75,45.586456298828125,956700,0.0,0.0,0.0
2016-03-29,56.56999969482422,57.369998931884766,56.40999984741211,57.369998931884766,46.084495544433594,738800,0.0,0.0,0.0
2016-03-30,57.779998779296875,57.970001220703125,57.56999969482422,57.720001220703125,46.36566162109375,630200,0.0,0.0,0.0
2016-03-31,57.68000030517578,57.86000061035156,57.599998474121094,57.689998626708984,46.34154510498047,5020200,0.0,0.0,0.0
2016-04-01,57.0,57.61000061035156,56.790000915527344,57.59000015258789,46.26121520996094,1185600,0.0,0.0,0.0
2016-04-04,57.619998931884766,57.7400016784668,57.279998779296875,57.36000061035156,46.07645034790039,280600,0.0,0.0,0.0
2016-04-05,56.7400016784668,56.79999923706055,56.54999923706055,56.599998474121094,45.465965270996094,329000,0.0,0.0,0.0
2016-04-06,56.65999984741211,57.279998779296875,56.54999923706055,57.2599983215332,45.99613571166992,450500,0.0,0.0,0.0
2016-04-07,56.95000076293945,57.04999923706055,56.220001220703125,56.40999984741211,45.313350677490234,4588900,0.0,0.0,0.0
2016-04-08,57.11000061035156,57.27000045776367,56.790000915527344,56.939998626708984,45.739078521728516,1302400,0.0,0.0,0.0
2016-04-11,57.369998931884766,57.56999969482422,56.97999954223633,57.0,45.78727340698242,468800,0.0,0.0,0.0
2016-04-12,57.290000915527344,57.77000045776367,57.0,57.68000030517578,46.33353042602539,404600,0.0,0.0,0.0
2016-04-13,58.25,58.5,58.150001525878906,58.470001220703125,46.96810531616211,642000,0.0,0.0,0.0
2016-04-14,58.470001220703125,58.58000183105469,58.36000061035156,58.41999816894531,46.927940368652344,376900,0.0,0.0,0.0
2016-04-15,58.38999938964844,58.439998626708984,58.27000045776367,58.34000015258789,46.86368179321289,244400,0.0,0.0,0.0
2016-04-18,58.220001220703125,58.7599983215332,58.13999938964844,58.72999954223633,47.176971435546875,256800,0.0,0.0,0.0
2016-04-19,59.29999923706055,59.5,59.040000915527344,59.34000015258789,47.666961669921875,396100,0.0,0.0,0.0
2016-04-20,59.310001373291016,59.560001373291016,59.11000061035156,59.36000061035156,47.68302917480469,1308900,0.0,0.0,0.0
2016-04-21,59.38999938964844,59.38999938964844,58.90999984741211,59.02000045776367,47.40991973876953,363200,0.0,0.0,0.0
2016-04-22,59.0,59.119998931884766,58.77000045776367,58.9900016784668,47.38582229614258,367800,0.0,0.0,0.0
2016-04-25,58.79999923706055,58.81999969482422,58.58000183105469,58.79999923706055,47.233192443847656,321700,0.0,0.0,0.0
2016-04-26,58.93000030517578,59.099998474121094,58.779998779296875,59.0099983215332,47.401878356933594,432000,0.0,0.0,0.0
2016-04-27,58.90999984741211,59.20000076293945,58.75,59.08000183105469,47.45812225341797,211500,0.0,0.0,0.0
2016-04-28,58.72999954223633,59.18000030517578,58.5,58.630001068115234,47.096641540527344,248300,0.0,0.0,0.0
2016-04-29,58.5,58.56999969482422,57.97999954223633,58.27000045776367,46.80744552612305,379600,0.0,0.0,0.0
2016-05-02,58.45000076293945,58.7400016784668,58.369998931884766,58.68000030517578,47.136802673339844,300700,0.0,0.0,0.0
2016-05-03,58.25,58.27000045776367,57.7400016784668,57.91999816894531,46.52630615234375,780800,0.0,0.0,0.0
2016-05-04,57.56999969482422,57.709999084472656,57.290000915527344,57.41999816894531,46.124664306640625,276000,0.0,0.0,0.0
2016-05-05,57.540000915527344,57.68000030517578,57.25,57.40999984741211,46.11661911010742,702300,0.0,0.0,0.0
2016-05-06,57.18000030517578,57.619998931884766,57.119998931884766,57.599998474121094,46.26925277709961,214400,0.0,0.0,0.0
2016-05-09,57.599998474121094,57.650001525878906,57.279998779296875,57.380001068115234,46.092533111572266,194700,0.0,0.0,0.0
2016-05-10,57.709999084472656,58.209999084472656,57.709999084472656,58.209999084472656,46.759246826171875,223600,0.0,0.0,0.0
2016-05-11,57.9900016784668,58.18000030517578,57.77000045776367,57.79999923706055,46.429908752441406,156100,0.0,0.0,0.0
2016-05-12,58.150001525878906,58.18000030517578,57.439998626708984,57.70000076293945,46.349578857421875,371200,0.0,0.0,0.0
2016-05-13,57.45000076293945,57.630001068115234,57.029998779296875,57.13999938964844,45.899742126464844,255600,0.0,0.0,0.0
2016-05-16,57.22999954223633,57.88999938964844,57.22999954223633,57.779998779296875,46.41383361816406,290000,0.0,0.0,0.0
2016-05-17,57.72999954223633,57.779998779296875,57.150001525878906,57.29999923706055,46.028263092041016,498600,0.0,0.0,0.0
2016-05-18,57.13999938964844,57.7599983215332,56.9900016784668,57.27000045776367,46.00415802001953,297400,0.0,0.0,0.0
2016-05-19,57.0,57.06999969482422,56.63999938964844,56.959999084472656,45.75514221191406,718900,0.0,0.0,0.0
2016-05-20,57.220001220703125,57.529998779296875,57.220001220703125,57.439998626708984,46.14072799682617,303100,0.0,0.0,0.0
2016-05-23,57.400001525878906,57.459999084472656,57.22999954223633,57.2599983215332,45.99613571166992,372400,0.0,0.0,0.0
2016-05-24,57.63999938964844,58.16999816894531,57.560001373291016,58.09000015258789,46.66285705566406,224500,0.0,0.0,0.0
2016-05-25,58.279998779296875,58.630001068115234,58.279998779296875,58.529998779296875,47.01631164550781,369200,0.0,0.0,0.0
2016-05-26,58.630001068115234,58.79999923706055,58.529998779296875,58.599998474121094,47.07253646850586,282600,0.0,0.0,0.0
2016-05-27,58.52000045776367,58.720001220703125,58.52000045776367,58.689998626708984,47.14483642578125,352700,0.0,0.0,0.0
2016-05-31,58.83000183105469,58.939998626708984,58.470001220703125,58.650001525878906,47.112693786621094,722700,0.0,0.0,0.0
2016-06-01,58.459999084472656,58.790000915527344,58.34000015258789,58.7599983215332,47.201053619384766,212500,0.0,0.0,0.0
2016-06-02,58.54999923706055,58.900001525878906,58.439998626708984,58.900001525878906,47.31352996826172,289900,0.0,0.0,0.0
2016-06-03,58.90999984741211,59.119998931884766,58.630001068115234,59.06999969482422,47.45008087158203,415600,0.0,0.0,0.0
2016-06-06,59.13999938964844,59.5099983215332,59.13999938964844,59.40999984741211,47.72319030761719,512100,0.0,0.0,0.0
2016-06-07,59.68000030517578,59.88999938964844,59.650001525878906,59.779998779296875,48.02041244506836,254400,0.0,0.0,0.0
2016-06-08,59.900001525878906,60.0,59.79999923706055,59.939998626708984,48.14894104003906,300000,0.0,0.0,0.0
2016-06-09,59.54999923706055,59.61000061035156,59.349998474121094,59.54999923706055,47.83564758300781,454500,0.0,0.0,0.0
2016-06-10,58.88999938964844,58.88999938964844,58.31999969482422,58.439998626708984,46.94400405883789,337700,0.0,0.0,0.0
2016-06-13,58.09000015258789,58.369998931884766,57.810001373291016,57.869998931884766,46.48613739013672,677300,0.0,0.0,0.0
2016-06-14,57.15999984741211,57.2599983215332,56.68000030517578,56.9900016784668,46.15088653564453,648600,0.466,0.0,0.0
2016-06-15,57.15999984741211,57.59000015258789,57.13999938964844,57.2400016784668,46.35333251953125,2451600,0.0,0.0,0.0
2016-06-16,56.619998931884766,57.290000915527344,56.31999969482422,57.27000045776367,46.37762451171875,944800,0.0,0.0,0.0
2016-06-17,57.38999938964844,57.4900016784668,57.02000045776367,57.380001068115234,46.466705322265625,553300,0.0,0.0,0.0
2016-06-20,58.400001525878906,58.56999969482422,58.150001525878906,58.16999816894531,47.106449127197266,611700,0.0,0.0,0.0
2016-06-21,58.40999984741211,58.63999938964844,58.189998626708984,58.41999816894531,47.30889892578125,443200,0.0,0.0,0.0
2016-06-22,58.529998779296875,58.7599983215332,58.310001373291016,58.31999969482422,47.22792053222656,909600,0.0,0.0,0.0
2016-06-23,59.06999969482422,59.4900016784668,58.90999984741211,59.4900016784668,48.17538833618164,706000,0.0,0.0,0.0
2016-06-24,56.470001220703125,57.43000030517578,56.2599983215332,56.33000183105469,45.61640548706055,3163600,0.0,0.0,0.0
2016-06-27,55.83000183105469,55.83000183105469,54.75,55.119998931884766,44.63654708862305,1737200,0.0,0.0,0.0
2016-06-28,55.95000076293945,56.31999969482422,55.7400016784668,56.31999969482422,45.60830307006836,696600,0.0,0.0,0.0
2016-06-29,56.880001068115234,57.41999816894531,56.849998474121094,57.34000015258789,46.43431091308594,460500,0.0,0.0,0.0
2016-06-30,57.439998626708984,58.11000061035156,57.310001373291016,58.06999969482422,47.02546310424805,1304600,0.0,0.0,0.0
2016-07-01,58.119998931884766,58.45000076293945,58.119998931884766,58.34000015258789,47.244117736816406,848700,0.0,0.0,0.0
2016-07-05,57.90999984741211,57.90999984741211,57.369998931884766,57.54999923706055,46.60436248779297,506500,0.0,0.0,0.0
2016-07-06,57.2400016784668,57.709999084472656,56.93000030517578,57.70000076293945,46.725833892822266,607100,0.0,0.0,0.0
2016-07-07,57.77000045776367,57.9900016784668,57.349998474121094,57.529998779296875,46.588172912597656,598400,0.0,0.0,0.0
2016-07-08,58.0,58.5,58.0,58.45000076293945,47.333194732666016,423800,0.0,0.0,0.0
2016-07-11,58.810001373291016,59.119998931884766,58.810001373291016,58.97999954223633,47.762386322021484,527000,0.0,0.0,0.0
2016-07-12,59.459999084472656,59.66999816894531,59.349998474121094,59.52000045776367,48.1996955871582,530800,0.0,0.0,0.0
2016-07-13,59.619998931884766,59.66999816894531,59.31999969482422,59.4900016784668,48.17538833618164,602500,0.0,0.0,0.0
2016-07-14,59.84000015258789,60.060001373291016,59.81999969482422,59.939998626708984,48.539817810058594,331300,0.0,0.0,0.0
2016-07-15,59.97999954223633,59.9900016784668,59.68000030517578,59.810001373291016,48.434532165527344,218400,0.0,0.0,0.0
2016-07-18,59.720001220703125,59.9900016784668,59.65999984741211,59.95000076293945,48.54791259765625,698600,0.0,0.0,0.0
2016-07-19,59.72999954223633,59.72999954223633,59.52000045776367,59.630001068115234,48.288761138916016,370300,0.0,0.0,0.0
2016-07-20,59.77000045776367,60.060001373291016,59.72999954223633,59.959999084472656,48.55599594116211,1218000,0.0,0.0,0.0
2016-07-21,59.91999816894531,60.040000915527344,59.650001525878906,59.7599983215332,48.39402770996094,682500,0.0,0.0,0.0
2016-07-22,59.88999938964844,60.0,59.75,59.9900016784668,48.5803108215332,268000,0.0,0.0,0.0
2016-07-25,59.95000076293945,59.970001220703125,59.65999984741211,59.810001373291016,48.434532165527344,335900,0.0,0.0,0.0
2016-07-26,59.849998474121094,60.13999938964844,59.779998779296875,60.04999923706055,48.6288948059082,344000,0.0,0.0,0.0
2016-07-27,60.099998474121094,60.209999084472656,59.75,60.06999969482422,48.64508819580078,457800,0.0,0.0,0.0
2016-07-28,60.040000915527344,60.20000076293945,59.849998474121094,60.130001068115234,48.69367599487305,262100,0.0,0.0,0.0
2016-07-29,60.189998626708984,60.54999923706055,60.11000061035156,60.47999954223633,48.97709655761719,320100,0.0,0.0,0.0
2016-08-01,60.40999984741211,60.52000045776367,60.16999816894531,60.25,48.79084014892578,311700,0.0,0.0,0.0
2016-08-02,60.150001525878906,60.25,59.630001068115234,59.869998931884766,48.483116149902344,551000,0.0,0.0,0.0
2016-08-03,59.650001525878906,60.0,59.61000061035156,60.0,48.5883903503418,547200,0.0,0.0,0.0
2016-08-04,60.09000015258789,60.189998626708984,59.90999984741211,60.099998474121094,48.669376373291016,340500,0.0,0.0,0.0
2016-08-05,60.2599983215332,60.59000015258789,60.220001220703125,60.56999969482422,49.04998779296875,241200,0.0,0.0,0.0
2016-08-08,60.65999984741211,60.75,60.599998474121094,60.650001525878906,49.114776611328125,535300,0.0,0.0,0.0
2016-08-09,60.7599983215332,61.029998779296875,60.7599983215332,60.88999938964844,49.30911636352539,901600,0.0,0.0,0.0
2016-08-10,61.0,61.09000015258789,60.810001373291016,60.86000061035156,49.284828186035156,2468700,0.0,0.0,0.0
2016-08-11,61.060001373291016,61.36000061035156,61.029998779296875,61.310001373291016,49.64923858642578,761700,0.0,0.0,0.0
2016-08-12,61.25,61.310001373291016,61.04999923706055,61.18000030517578,49.54397964477539,297500,0.0,0.0,0.0
2016-08-15,61.369998931884766,61.58000183105469,61.369998931884766,61.470001220703125,49.778804779052734,179900,0.0,0.0,0.0
2016-08-16,61.38999938964844,61.38999938964844,61.209999084472656,61.22999954223633,49.58446502685547,936700,0.0,0.0,0.0
2016-08-17,61.11000061035156,61.2400016784668,60.810001373291016,61.209999084472656,49.568260192871094,517000,0.0,0.0,0.0
2016-08-18,61.209999084472656,61.459999084472656,61.18000030517578,61.459999084472656,49.770713806152344,216300,0.0,0.0,0.0
2016-08-19,61.06999969482422,61.2599983215332,60.95000076293945,61.2400016784668,49.592552185058594,212100,0.0,0.0,0.0
2016-08-22,61.099998474121094,61.20000076293945,60.90999984741211,61.150001525878906,49.51968765258789,548500,0.0,0.0,0.0
2016-08-23,61.400001525878906,61.56999969482422,61.31999969482422,61.34000015258789,49.67354202270508,515800,0.0,0.0,0.0
2016-08-24,61.310001373291016,61.310001373291016,60.91999816894531,61.0099983215332,49.40629959106445,395100,0.0,0.0,0.0
2016-08-25,60.970001220703125,61.119998931884766,60.88999938964844,60.9900016784668,49.39010238647461,246100,0.0,0.0,0.0
2016-08-26,61.0,61.470001220703125,60.45000076293945,60.70000076293945,49.15526580810547,574700,0.0,0.0,0.0
2016-08-29,60.77000045776367,61.119998931884766,60.7599983215332,61.04999923706055,49.43868637084961,279200,0.0,0.0,0.0
2016-08-30,61.04999923706055,61.11000061035156,60.779998779296875,60.93000030517578,49.34151840209961,297000,0.0,0.0,0.0
2016-08-31,60.84000015258789,60.86000061035156,60.45000076293945,60.689998626708984,49.147159576416016,293600,0.0,0.0,0.0
2016-09-01,60.79999923706055,60.91999816894531,60.54999923706055,60.900001525878906,49.317222595214844,601900,0.0,0.0,0.0
2016-09-02,61.27000045776367,61.52000045776367,61.2599983215332,61.45000076293945,49.76261520385742,464800,0.0,0.0,0.0
2016-09-06,61.54999923706055,61.84000015258789,61.5099983215332,61.83000183105469,50.07033920288086,302700,0.0,0.0,0.0
2016-09-07,61.880001068115234,61.9900016784668,61.709999084472656,61.91999816894531,50.14320755004883,727800,0.0,0.0,0.0
2016-09-08,61.81999969482422,61.880001068115234,61.630001068115234,61.65999984741211,49.93267822265625,747300,0.0,0.0,0.0
2016-09-09,61.189998626708984,61.189998626708984,60.15999984741211,60.15999984741211,48.71796798706055,559200,0.0,0.0,0.0
2016-09-12,59.88999938964844,60.939998626708984,59.709999084472656,60.869998931884766,49.29293441772461,906700,0.0,0.0,0.0
2016-09-13,60.02000045776367,60.02000045776367,59.189998626708984,59.41999816894531,48.36582946777344,757400,0.311,0.0,0.0
2016-09-14,59.41999816894531,59.84000015258789,59.279998779296875,59.400001525878906,48.34953689575195,637800,0.0,0.0,0.0
2016-09-15,59.4900016784668,60.18000030517578,59.369998931884766,60.09000015258789,48.91119384765625,378800,0.0,0.0,0.0
2016-09-16,59.7400016784668,59.7400016784668,59.41999816894531,59.599998474121094,48.51233673095703,358500,0.0,0.0,0.0
2016-09-19,60.0099983215332,60.189998626708984,59.709999084472656,59.810001373291016,48.68326950073242,306300,0.0,0.0,0.0
2016-09-20,60.20000076293945,60.25,59.91999816894531,59.959999084472656,48.80535888671875,451600,0.0,0.0,0.0
2016-09-21,60.33000183105469,60.91999816894531,60.119998931884766,60.86000061035156,49.53792953491211,626300,0.0,0.0,0.0
2016-09-22,61.290000915527344,61.529998779296875,61.150001525878906,61.27000045776367,49.87165069580078,930100,0.0,0.0,0.0
2016-09-23,61.040000915527344,61.060001373291016,60.790000915527344,60.81999969482422,49.50537872314453,334800,0.0,0.0,0.0
2016-09-26,60.5099983215332,60.529998779296875,60.25,60.27000045776367,49.05768585205078,499900,0.0,0.0,0.0
2016-09-27,60.220001220703125,60.68000030517578,60.13999938964844,60.650001525878906,49.367000579833984,844300,0.0,0.0,0.0
2016-09-28,60.68000030517578,61.06999969482422,60.400001525878906,61.04999923706055,49.69258117675781,316100,0.0,0.0,0.0
2016-09-29,61.0,61.09000015258789,60.22999954223633,60.43000030517578,49.18793487548828,388300,0.0,0.0,0.0
2016-09-30,60.529998779296875,61.02000045776367,60.4900016784668,60.849998474121094,49.5297966003418,410000,0.0,0.0,0.0
2016-10-03,60.689998626708984,60.79999923706055,60.540000915527344,60.75,49.448394775390625,350300,0.0,0.0,0.0
2016-10-04,60.86000061035156,60.91999816894531,60.290000915527344,60.5099983215332,49.2530403137207,1339500,0.0,0.0,0.0
2016-10-05,60.709999084472656,60.97999954223633,60.709999084472656,60.88999938964844,49.56234359741211,938800,0.0,0.0,0.0
2016-10-06,60.68000030517578,60.75,60.43000030517578,60.709999084472656,49.41583251953125,520400,0.0,0.0,0.0
2016-10-07,60.70000076293945,60.77000045776367,60.13999938964844,60.47999954223633,49.22862243652344,362300,0.0,0.0,0.0
2016-10-10,60.63999938964844,60.90999984741211,60.630001068115234,60.7400016784668,49.440250396728516,662100,0.0,0.0,0.0
2016-10-11,60.470001220703125,60.47999954223633,59.63999938964844,59.81999969482422,48.69139862060547,654500,0.0,0.0,0.0
2016-10-12,59.790000915527344,60.04999923706055,59.709999084472656,59.900001525878906,48.75652313232422,592500,0.0,0.0,0.0
2016-10-13,59.400001525878906,59.810001373291016,59.08000183105469,59.61000061035156,48.52046585083008,1295300,0.0,0.0,0.0
2016-10-14,60.02000045776367,60.11000061035156,59.63999938964844,59.650001525878906,48.55302429199219,558900,0.0,0.0,0.0
2016-10-17,59.619998931884766,59.66999816894531,59.400001525878906,59.470001220703125,48.40652084350586,283100,0.0,0.0,0.0
2016-10-18,60.099998474121094,60.119998931884766,59.869998931884766,59.9900016784668,48.829795837402344,321400,0.0,0.0,0.0
2016-10-19,60.150001525878906,60.33000183105469,60.029998779296875,60.25,49.04140090942383,847100,0.0,0.0,0.0
2016-10-20,60.209999084472656,60.349998474121094,59.9900016784668,60.220001220703125,49.01698684692383,583300,0.0,0.0,0.0
2016-10-21,59.90999984741211,60.150001525878906,59.779998779296875,60.09000015258789,48.91119384765625,320700,0.0,0.0,0.0
2016-10-24,60.380001068115234,60.45000076293945,60.13999938964844,60.290000915527344,49.073974609375,908300,0.0,0.0,0.0
2016-10-25,60.290000915527344,60.290000915527344,60.029998779296875,60.130001068115234,48.94374465942383,273800,0.0,0.0,0.0
2016-10-26,59.880001068115234,60.08000183105469,59.72999954223633,59.869998931884766,48.73210525512695,697600,0.0,0.0,0.0
2016-10-27,60.08000183105469,60.13999938964844,59.72999954223633,59.7599983215332,48.64256286621094,319400,0.0,0.0,0.0
2016-10-28,59.68000030517578,59.880001068115234,59.41999816894531,59.58000183105469,48.49605178833008,426000,0.0,0.0,0.0
2016-10-31,59.720001220703125,59.77000045776367,59.540000915527344,59.650001525878906,48.55302429199219,631000,0.0,0.0,0.0
2016-11-01,59.77000045776367,59.849998474121094,58.959999084472656,59.290000915527344,48.260009765625,526200,0.0,0.0,0.0
2016-11-02,59.22999954223633,59.279998779296875,58.7599983215332,58.880001068115234,47.926273345947266,978100,0.0,0.0,0.0
2016-11-03,58.959999084472656,59.040000915527344,58.599998474121094,58.720001220703125,47.79603958129883,425100,0.0,0.0,0.0
2016-11-04,58.58000183105469,58.779998779296875,58.400001525878906,58.40999984741211,47.5437126159668,871100,0.0,0.0,0.0
2016-11-07,59.22999954223633,59.58000183105469,59.220001220703125,59.58000183105469,48.49605178833008,486100,0.0,0.0,0.0
2016-11-08,59.5,59.9900016784668,59.33000183105469,59.84000015258789,48.70768356323242,916700,0.0,0.0,0.0
2016-11-09,59.2400016784668,60.18000030517578,59.18000030517578,59.959999084472656,48.80535888671875,897400,0.0,0.0,0.0
2016-11-10,60.08000183105469,60.279998779296875,59.45000076293945,59.790000915527344,48.6669921875,773800,0.0,0.0,0.0
2016-11-11,59.5099983215332,59.790000915527344,59.15999984741211,59.459999084472656,48.398380279541016,834600,0.0,0.0,0.0
2016-11-14,59.45000076293945,59.5099983215332,59.209999084472656,59.439998626708984,48.38209533691406,380900,0.0,0.0,0.0
2016-11-15,59.5,60.0,59.5,60.0,48.837913513183594,590000,0.0,0.0,0.0
2016-11-16,59.58000183105469,59.7400016784668,59.540000915527344,59.68000030517578,48.57744216918945,528800,0.0,0.0,0.0
2016-11-17,59.84000015258789,60.09000015258789,59.790000915527344,60.0099983215332,48.8460578918457,348500,0.0,0.0,0.0
2016-11-18,59.880001068115234,59.9900016784668,59.63999938964844,59.709999084472656,48.60187530517578,510200,0.0,0.0,0.0
2016-11-21,59.88999938964844,60.2599983215332,59.88999938964844,60.2599983215332,49.049537658691406,590500,0.0,0.0,0.0
2016-11-22,60.349998474121094,60.439998626708984,60.15999984741211,60.400001525878906,49.16351318359375,675200,0.0,0.0,0.0
2016-11-23,59.959999084472656,60.36000061035156,59.959999084472656,60.349998474121094,49.12281036376953,335700,0.0,0.0,0.0
2016-11-25,60.43000030517578,60.56999969482422,60.43000030517578,60.56999969482422,49.30188751220703,175800,0.0,0.0,0.0
2016-11-28,60.45000076293945,60.540000915527344,60.279998779296875,60.33000183105469,49.10652160644531,673500,0.0,0.0,0.0
2016-11-29,60.22999954223633,60.59000015258789,60.16999816894531,60.45000076293945,49.20420455932617,794100,0.0,0.0,0.0
2016-11-30,60.689998626708984,60.709999084472656,60.36000061035156,60.36000061035156,49.130950927734375,1054500,0.0,0.0,0.0
2016-12-01,60.36000061035156,60.369998931884766,59.970001220703125,60.09000015258789,48.91119384765625,1138300,0.0,0.0,0.0
2016-12-02,60.13999938964844,60.349998474121094,60.040000915527344,60.220001220703125,49.01698684692383,855100,0.0,0.0,0.0
2016-12-05,60.47999954223633,60.689998626708984,60.400001525878906,60.65999984741211,49.37514877319336,807900,0.0,0.0,0.0
2016-12-06,60.75,60.9900016784668,60.63999938964844,60.959999084472656,49.61933517456055,543300,0.0,0.0,0.0
2016-12-07,60.9900016784668,61.869998931884766,60.9900016784668,61.79999923706055,50.30304718017578,681600,0.0,0.0,0.0
2016-12-08,61.75,62.04999923706055,61.68000030517578,61.970001220703125,50.44143295288086,909100,0.0,0.0,0.0
2016-12-09,62.0,62.150001525878906,61.95000076293945,62.150001525878906,50.587947845458984,1237800,0.0,0.0,0.0
2016-12-12,62.06999969482422,62.209999084472656,61.849998474121094,61.959999084472656,50.43328857421875,791700,0.0,0.0,0.0
2016-12-13,62.2400016784668,62.61000061035156,62.2400016784668,62.459999084472656,50.840267181396484,791800,0.0,0.0,0.0
2016-12-14,62.33000183105469,62.400001525878906,61.61000061035156,61.650001525878906,50.180965423583984,1121100,0.0,0.0,0.0
2016-12-15,61.66999816894531,61.90999984741211,61.540000915527344,61.7599983215332,50.27049255371094,1041400,0.0,0.0,0.0
2016-12-16,61.86000061035156,61.869998931884766,61.61000061035156,61.70000076293945,50.22166061401367,943000,0.0,0.0,0.0
2016-12-19,61.77000045776367,61.970001220703125,61.65999984741211,61.75,50.262367248535156,371300,0.0,0.0,0.0
2016-12-20,61.439998626708984,61.529998779296875,61.34000015258789,61.529998779296875,50.456703186035156,616100,0.457,0.0,0.0
2016-12-21,61.52000045776367,61.529998779296875,61.41999816894531,61.43000030517578,50.374698638916016,1806500,0.0,0.0,0.0
2016-12-22,61.310001373291016,61.34000015258789,61.09000015258789,61.189998626708984,50.177886962890625,481800,0.0,0.0,0.0
2016-12-23,61.25,61.310001373291016,61.18000030517578,61.290000915527344,50.25989532470703,446800,0.0,0.0,0.0
2016-12-27,61.38999938964844,61.4900016784668,61.310001373291016,61.40999984741211,50.35830307006836,1314000,0.0,0.0,0.0
2016-12-28,61.5099983215332,61.5099983215332,61.02000045776367,61.04999923706055,50.06309127807617,518900,0.0,0.0,0.0
2016-12-29,61.13999938964844,61.27000045776367,61.0099983215332,61.119998931884766,50.120487213134766,6364800,0.0,0.0,0.0
2016-12-30,61.34000015258789,61.34000015258789,60.84000015258789,61.0,50.02207946777344,4117900,0.0,0.0,0.0
2017-01-03,61.45000076293945,61.61000061035156,61.2400016784668,61.5,50.432098388671875,911900,0.0,0.0,0.0
2017-01-04,61.709999084472656,62.060001373291016,61.68000030517578,62.060001373291016,50.89132308959961,735800,0.0,0.0,0.0
2017-01-05,62.130001068115234,62.310001373291016,62.099998474121094,62.2599983215332,51.055335998535156,485200,0.0,0.0,0.0
2017-01-06,62.27000045776367,62.380001068115234,62.08000183105469,62.27000045776367,51.06353759765625,657300,0.0,0.0,0.0
2017-01-09,62.209999084472656,62.209999084472656,62.0,62.099998474121094,50.92412567138672,528500,0.0,0.0,0.0
2017-01-10,62.099998474121094,62.34000015258789,62.099998474121094,62.15999984741211,50.973331451416016,330800,0.0,0.0,0.0
2017-01-11,62.18000030517578,62.5,62.02000045776367,62.5,51.252132415771484,485000,0.0,0.0,0.0
2017-01-12,62.5099983215332,62.5099983215332,62.04999923706055,62.380001068115234,51.153743743896484,541000,0.0,0.0,0.0
2017-01-13,62.47999954223633,62.61000061035156,62.41999816894531,62.59000015258789,51.32594299316406,386500,0.0,0.0,0.0
2017-01-17,62.470001220703125,62.5,62.279998779296875,62.400001525878906,51.17014694213867,646400,0.0,0.0,0.0
2017-01-18,62.349998474121094,62.41999816894531,62.220001220703125,62.33000183105469,51.11273956298828,533900,0.0,0.0,0.0
2017-01-19,62.349998474121094,62.38999938964844,62.0,62.18000030517578,50.98973083496094,545700,0.0,0.0,0.0
2017-01-20,62.31999969482422,62.439998626708984,62.18000030517578,62.38999938964844,51.16193389892578,414700,0.0,0.0,0.0
2017-01-23,62.40999984741211,62.45000076293945,62.150001525878906,62.38999938964844,51.16193389892578,526800,0.0,0.0,0.0
2017-01-24,62.4900016784668,62.880001068115234,62.45000076293945,62.81999969482422,51.514556884765625,502400,0.0,0.0,0.0
2017-01-25,63.04999923706055,63.380001068115234,63.04999923706055,63.380001068115234,51.973777770996094,486500,0.0,0.0,0.0
2017-01-26,63.380001068115234,63.38999938964844,63.220001220703125,63.25,51.8671760559082,437600,0.0,0.0,0.0
2017-01-27,63.25,63.310001373291016,63.09000015258789,63.16999816894531,51.801551818847656,470500,0.0,0.0,0.0
2017-01-30,62.81999969482422,62.83000183105469,62.470001220703125,62.720001220703125,51.432552337646484,2216000,0.0,0.0,0.0
2017-01-31,62.63999938964844,62.86000061035156,62.540000915527344,62.83000183105469,51.52275848388672,794000,0.0,0.0,0.0
2017-02-01,63.06999969482422,63.15999984741211,62.7400016784668,62.91999816894531,51.596553802490234,2460000,0.0,0.0,0.0
2017-02-02,62.939998626708984,63.09000015258789,62.869998931884766,63.040000915527344,51.69495391845703,2033200,0.0,0.0,0.0
2017-02-03,63.2400016784668,63.43000030517578,63.130001068115234,63.36000061035156,51.95736312866211,747000,0.0,0.0,0.0
2017-02-06,63.099998474121094,63.16999816894531,62.97999954223633,63.13999938964844,51.776973724365234,633000,0.0,0.0,0.0
2017-02-07,63.15999984741211,63.189998626708984,63.0,63.099998474121094,51.74416732788086,345400,0.0,0.0,0.0
2017-02-08,63.04999923706055,63.209999084472656,62.90999984741211,63.18000030517578,51.809776306152344,1000800,0.0,0.0,0.0
2017-02-09,63.25,63.59000015258789,63.20000076293945,63.5,52.072166442871094,602000,0.0,0.0,0.0
2017-02-10,63.63999938964844,63.86000061035156,63.59000015258789,63.81999969482422,52.334590911865234,701500,0.0,0.0,0.0
2017-02-13,64.04000091552734,64.22000122070312,64.0199966430664,64.13999938964844,52.59700012207031,822400,0.0,0.0,0.0
2017-02-14,64.06999969482422,64.2699966430664,63.849998474121094,64.2699966430664,52.70359420776367,1023400,0.0,0.0,0.0
2017-02-15,64.19999694824219,64.6500015258789,64.16999816894531,64.63999938964844,53.00701904296875,2042400,0.0,0.0,0.0
2017-02-16,64.61000061035156,64.72000122070312,64.44999694824219,64.66000366210938,53.02341842651367,399100,0.0,0.0,0.0
2017-02-17,64.33000183105469,64.62999725341797,64.33000183105469,64.62999725341797,52.99879837036133,844600,0.0,0.0,0.0
2017-02-21,64.72000122070312,65.0,64.68000030517578,64.97000122070312,53.27763366699219,482900,0.0,0.0,0.0
2017-02-22,64.88999938964844,64.98999786376953,64.7699966430664,64.95999908447266,53.26942825317383,565200,0.0,0.0,0.0
2017-02-23,65.05999755859375,65.19000244140625,64.80000305175781,64.95999908447266,53.26942825317383,861200,0.0,0.0,0.0
2017-02-24,64.5999984741211,64.81999969482422,64.4800033569336,64.81999969482422,53.15462112426758,393400,0.0,0.0,0.0
2017-02-27,64.73999786376953,64.81999969482422,64.5999984741211,64.7699966430664,53.113609313964844,4439500,0.0,0.0,0.0
2017-02-28,64.69999694824219,64.75,64.44000244140625,64.5199966430664,52.90859603881836,1435600,0.0,0.0,0.0
2017-03-01,65.04000091552734,65.44999694824219,64.94999694824219,65.30999755859375,53.556434631347656,757700,0.0,0.0,0.0
2017-03-02,65.19999694824219,65.19999694824219,64.81999969482422,64.83000183105469,53.16282653808594,843100,0.0,0.0,0.0
2017-03-03,64.80999755859375,65.11000061035156,64.75,65.06999969482422,53.35963439941406,944500,0.0,0.0,0.0
2017-03-06,64.8499984741211,64.94999694824219,64.70999908447266,64.88999938964844,53.2120246887207,347700,0.0,0.0,0.0
2017-03-07,64.77999877929688,64.83000183105469,64.62999725341797,64.68000030517578,53.0398063659668,553600,0.0,0.0,0.0
2017-03-08,64.7300033569336,64.77999877929688,64.44999694824219,64.48999786376953,52.883995056152344,3978700,0.0,0.0,0.0
2017-03-09,64.45999908447266,64.61000061035156,64.23999786376953,64.5199966430664,52.90859603881836,1562300,0.0,0.0,0.0
2017-03-10,64.88999938964844,64.93000030517578,64.62000274658203,64.87999725341797,53.203834533691406,1438000,0.0,0.0,0.0
2017-03-13,64.98999786376953,65.13999938964844,64.9800033569336,65.12999725341797,53.40883255004883,668800,0.0,0.0,0.0
2017-03-14,64.87999725341797,64.87999725341797,64.61000061035156,64.77999877929688,53.121803283691406,752200,0.0,0.0,0.0
2017-03-15,64.87999725341797,65.66999816894531,64.87999725341797,65.56999969482422,53.769649505615234,732500,0.0,0.0,0.0
2017-03-16,65.7699966430664,65.80999755859375,65.55000305175781,65.66999816894531,53.851654052734375,901100,0.0,0.0,0.0
2017-03-17,65.76000213623047,65.8499984741211,65.62000274658203,65.69000244140625,53.86806106567383,368300,0.0,0.0,0.0
2017-03-20,65.72000122070312,65.80000305175781,65.51000213623047,65.5999984741211,53.79423904418945,638500,0.0,0.0,0.0
2017-03-21,65.86000061035156,65.95999908447266,64.9000015258789,64.94999694824219,53.261226654052734,523200,0.0,0.0,0.0
2017-03-22,64.81999969482422,65.0999984741211,64.72000122070312,65.05000305175781,53.343238830566406,1195700,0.0,0.0,0.0
2017-03-23,64.98999786376953,65.2699966430664,64.88999938964844,65.01000213623047,53.31041717529297,602300,0.0,0.0,0.0
2017-03-24,65.0999984741211,65.33000183105469,64.94999694824219,65.12999725341797,53.40883255004883,1583300,0.0,0.0,0.0
2017-03-27,64.88999938964844,65.26000213623047,64.63999938964844,65.19999694824219,53.46623229980469,2342700,0.0,0.0,0.0
2017-03-28,65.19000244140625,65.63999938964844,65.13999938964844,65.56999969482422,53.769649505615234,759600,0.0,0.0,0.0
2017-03-29,65.23999786376953,65.43000030517578,65.11000061035156,65.41000366210938,53.84620666503906,423800,0.253,0.0,0.0
2017-03-30,65.33999633789062,65.5199966430664,65.30000305175781,65.37999725341797,53.82150650024414,508100,0.0,0.0,0.0
2017-03-31,65.20999908447266,65.38999938964844,65.13999938964844,65.22000122070312,53.68980407714844,659300,0.0,0.0,0.0
2017-04-03,65.29000091552734,65.31999969482422,64.76000213623047,65.16000366210938,53.64040756225586,662000,0.0,0.0,0.0
2017-04-04,65.0199966430664,65.19999694824219,64.91000366210938,65.19999694824219,53.6733283996582,295600,0.0,0.0,0.0
2017-04-05,65.33000183105469,65.56999969482422,64.91000366210938,64.94999694824219,53.467525482177734,851400,0.0,0.0,0.0
2017-04-06,65.0,65.1500015258789,64.86000061035156,65.05000305175781,53.549861907958984,528800,0.0,0.0,0.0
2017-04-07,64.97000122070312,65.12999725341797,64.88999938964844,64.97000122070312,53.48400115966797,589600,0.0,0.0,0.0
2017-04-10,65.01000213623047,65.12999725341797,64.86000061035156,65.0,53.50868225097656,448000,0.0,0.0,0.0
2017-04-11,65.08000183105469,65.08000183105469,64.5999984741211,65.05999755859375,53.558074951171875,323700,0.0,0.0,0.0
2017-04-12,65.05000305175781,65.05000305175781,64.75,64.91000366210938,53.43459701538086,474200,0.0,0.0,0.0
2017-04-13,64.75,64.91000366210938,64.4800033569336,64.5,53.09708786010742,546300,0.0,0.0,0.0
2017-04-17,64.7699966430664,65.05000305175781,64.62000274658203,65.05000305175781,53.549861907958984,510300,0.0,0.0,0.0
2017-04-18,64.69000244140625,64.80999755859375,64.47000122070312,64.69999694824219,53.26171875,741400,0.0,0.0,0.0
2017-04-19,64.83000183105469,64.93000030517578,64.4800033569336,64.56999969482422,53.15470504760742,492100,0.0,0.0,0.0
2017-04-20,64.91999816894531,65.20999908447266,64.87000274658203,65.11000061035156,53.59925079345703,409300,0.0,0.0,0.0
2017-04-21,65.06999969482422,65.08000183105469,64.87000274658203,65.01000213623047,53.51690673828125,570600,0.0,0.0,0.0
2017-04-24,65.9800033569336,66.08999633789062,65.91000366210938,66.02999877929688,54.35660171508789,589600,0.0,0.0,0.0
2017-04-25,66.2699966430664,66.51000213623047,66.19000244140625,66.43000030517578,54.68587875366211,1547100,0.0,0.0,0.0
2017-04-26,66.4000015258789,66.62000274658203,66.36000061035156,66.38999938964844,54.65293884277344,1404000,0.0,0.0,0.0
2017-04-27,66.44999694824219,66.44999694824219,66.2300033569336,66.41999816894531,54.67765808105469,1460600,0.0,0.0,0.0
2017-04-28,66.45999908447266,66.45999908447266,66.23999786376953,66.27999877929688,54.56240463256836,583400,0.0,0.0,0.0
2017-05-01,66.47000122070312,66.5999984741211,66.36000061035156,66.41999816894531,54.67765808105469,508400,0.0,0.0,0.0
2017-05-02,66.6500015258789,66.68000030517578,66.5199966430664,66.68000030517578,54.891685485839844,444400,0.0,0.0,0.0
2017-05-03,66.44999694824219,66.48999786376953,66.29000091552734,66.44999694824219,54.702327728271484,491800,0.0,0.0,0.0
2017-05-04,66.55000305175781,66.5999984741211,66.36000061035156,66.5999984741211,54.82582092285156,493800,0.0,0.0,0.0
2017-05-05,66.66999816894531,67.08000183105469,66.63999938964844,67.08000183105469,55.22095489501953,489500,0.0,0.0,0.0
2017-05-08,66.91999816894531,66.94000244140625,66.75,66.83999633789062,55.02337646484375,702200,0.0,0.0,0.0
2017-05-09,66.94999694824219,67.0,66.7699966430664,66.88999938964844,55.064544677734375,649200,0.0,0.0,0.0
2017-05-10,66.88999938964844,67.0199966430664,66.83000183105469,67.01000213623047,55.16333770751953,557700,0.0,0.0,0.0
2017-05-11,66.8499984741211,66.91000366210938,66.58000183105469,66.91000366210938,55.08103561401367,582300,0.0,0.0,0.0
2017-05-12,66.86000061035156,66.94999694824219,66.79000091552734,66.87000274658203,55.04808044433594,306300,0.0,0.0,0.0
2017-05-15,67.08000183105469,67.3499984741211,67.08000183105469,67.31999969482422,55.418540954589844,525600,0.0,0.0,0.0
2017-05-16,67.5,67.51000213623047,67.33000183105469,67.44999694824219,55.525550842285156,424800,0.0,0.0,0.0
2017-05-17,67.19999694824219,67.19999694824219,66.38999938964844,66.41000366210938,54.6694221496582,1233500,0.0,0.0,0.0
2017-05-18,66.25,66.66999816894531,66.0999984741211,66.44999694824219,54.702327728271484,501100,0.0,0.0,0.0
2017-05-19,66.98999786376953,67.26000213623047,66.79000091552734,67.12000274658203,55.25388717651367,1340400,0.0,0.0,0.0
2017-05-22,67.25,67.4000015258789,67.2300033569336,67.38999938964844,55.476158142089844,806400,0.0,0.0,0.0
2017-05-23,67.5,67.5,67.33000183105469,67.37999725341797,55.467918395996094,822400,0.0,0.0,0.0
2017-05-24,67.44000244140625,67.55999755859375,67.33000183105469,67.51000213623047,55.574951171875,662200,0.0,0.0,0.0
2017-05-25,67.70999908447266,67.8499984741211,67.66000366210938,67.73999786376953,55.7642936706543,719400,0.0,0.0,0.0
2017-05-26,67.62000274658203,67.68000030517578,67.56999969482422,67.66999816894531,55.7066535949707,756000,0.0,0.0,0.0
2017-05-30,67.55000305175781,67.6500015258789,67.4800033569336,67.5999984741211,55.6490364074707,2372100,0.0,0.0,0.0
2017-05-31,67.81999969482422,67.81999969482422,67.41000366210938,67.56999969482422,55.62435531616211,3181900,0.0,0.0,0.0
2017-06-01,67.58000183105469,68.06999969482422,67.58000183105469,68.06999969482422,56.035945892333984,704200,0.0,0.0,0.0
2017-06-02,68.3499984741211,68.5199966430664,68.18000030517578,68.4800033569336,56.37347412109375,647900,0.0,0.0,0.0
2017-06-05,68.4800033569336,68.4800033569336,68.26000213623047,68.33000183105469,56.24997329711914,595300,0.0,0.0,0.0
2017-06-06,68.11000061035156,68.27999877929688,68.08999633789062,68.18000030517578,56.12648391723633,814800,0.0,0.0,0.0
2017-06-07,68.2699966430664,68.33000183105469,67.95999908447266,68.18000030517578,56.12648391723633,712700,0.0,0.0,0.0
2017-06-08,68.18000030517578,68.22000122070312,67.98999786376953,68.16000366210938,56.11003494262695,996600,0.0,0.0,0.0
2017-06-09,68.19000244140625,68.41000366210938,67.72000122070312,68.04000091552734,56.01124572753906,1530200,0.0,0.0,0.0
2017-06-12,67.91999816894531,68.01000213623047,67.7300033569336,67.94000244140625,55.92892837524414,846300,0.0,0.0,0.0
2017-06-13,68.2699966430664,68.4000015258789,68.13999938964844,68.37999725341797,56.29114532470703,624900,0.0,0.0,0.0
2017-06-14,68.5999984741211,68.62000274658203,67.98999786376953,68.20999908447266,56.151180267333984,3131100,0.0,0.0,0.0
2017-06-15,67.5199966430664,67.83000183105469,67.5,67.79000091552734,55.80545425415039,3273000,0.0,0.0,0.0
2017-06-16,67.9800033569336,68.08999633789062,67.76000213623047,68.08999633789062,56.052398681640625,577300,0.0,0.0,0.0
2017-06-19,68.33000183105469,68.54000091552734,68.27999877929688,68.5199966430664,56.40639877319336,699900,0.0,0.0,0.0
2017-06-20,68.33999633789062,68.4000015258789,67.88999938964844,67.91999816894531,55.91246032714844,605500,0.0,0.0,0.0
2017-06-21,67.95999908447266,68.06999969482422,67.79000091552734,67.91999816894531,55.91246032714844,567800,0.0,0.0,0.0
2017-06-22,67.95999908447266,68.0999984741211,67.87000274658203,67.94999694824219,55.937164306640625,410900,0.0,0.0,0.0
2017-06-23,67.97000122070312,68.1500015258789,67.87999725341797,68.06999969482422,56.035945892333984,951300,0.0,0.0,0.0
2017-06-26,68.4000015258789,68.56999969482422,68.20999908447266,68.27999877929688,56.20881271362305,3075100,0.0,0.0,0.0
2017-06-27,68.26000213623047,68.31999969482422,67.91999816894531,67.91999816894531,55.91246032714844,615200,0.0,0.0,0.0
2017-06-28,67.66000366210938,68.08000183105469,67.6500015258789,68.0199966430664,56.381614685058594,421300,0.466,0.0,0.0
2017-06-29,67.9800033569336,67.9800033569336,67.0199966430664,67.37000274658203,55.84282684326172,1462400,0.0,0.0,0.0
2017-06-30,67.70999908447266,67.70999908447266,67.3499984741211,67.52999877929688,55.9754524230957,1128700,0.0,0.0,0.0
2017-07-03,67.7699966430664,67.86000061035156,67.62000274658203,67.63999938964844,56.0666389465332,813100,0.0,0.0,0.0
2017-07-05,67.61000061035156,67.66000366210938,67.30999755859375,67.63999938964844,56.0666389465332,677100,0.0,0.0,0.0
2017-07-06,67.37999725341797,67.41000366210938,67.0199966430664,67.06999969482422,55.59415817260742,1029700,0.0,0.0,0.0
2017-07-07,67.19999694824219,67.41999816894531,67.06999969482422,67.37000274658203,55.84282684326172,320200,0.0,0.0,0.0
2017-07-10,67.41999816894531,67.5999984741211,67.36000061035156,67.5199966430664,55.9671630859375,301400,0.0,0.0,0.0
2017-07-11,67.48999786376953,67.66999816894531,67.23999786376953,67.58000183105469,56.016910552978516,453600,0.0,0.0,0.0
2017-07-12,67.94999694824219,68.27999877929688,67.94999694824219,68.16999816894531,56.50595474243164,426200,0.0,0.0,0.0
2017-07-13,68.29000091552734,68.43000030517578,68.18000030517578,68.37000274658203,56.67172622680664,658500,0.0,0.0,0.0
2017-07-14,68.5199966430664,68.88999938964844,68.5,68.77999877929688,57.01158142089844,379200,0.0,0.0,0.0
2017-07-17,68.7699966430664,68.81999969482422,68.68000030517578,68.7300033569336,56.97013854980469,1120700,0.0,0.0,0.0
2017-07-18,68.69000244140625,68.79000091552734,68.55999755859375,68.79000091552734,57.019866943359375,471200,0.0,0.0,0.0
2017-07-19,68.91999816894531,69.16000366210938,68.91999816894531,69.16000366210938,57.32658386230469,400800,0.0,0.0,0.0
2017-07-20,69.25,69.3499984741211,69.12000274658203,69.27999877929688,57.42603302001953,475600,0.0,0.0,0.0
2017-07-21,69.11000061035156,69.19999694824219,68.9800033569336,69.16000366210938,57.32658386230469,516400,0.0,0.0,0.0
2017-07-24,69.12999725341797,69.18000030517578,68.95999908447266,69.16000366210938,57.32658386230469,352500,0.0,0.0,0.0
2017-07-25,69.37000274658203,69.43000030517578,69.2699966430664,69.30000305175781,57.442604064941406,714700,0.0,0.0,0.0
2017-07-26,69.44000244140625,69.54000091552734,69.31999969482422,69.51000213623047,57.616676330566406,606200,0.0,0.0,0.0
2017-07-27,69.58999633789062,69.61000061035156,68.98999786376953,69.33999633789062,57.47575378417969,442900,0.0,0.0,0.0
2017-07-28,69.12999725341797,69.33999633789062,69.0999984741211,69.30999755859375,57.45090103149414,592600,0.0,0.0,0.0
2017-07-31,69.41000366210938,69.43000030517578,69.20999908447266,69.31999969482422,57.459197998046875,724000,0.0,0.0,0.0
2017-08-01,69.68000030517578,69.68000030517578,69.51000213623047,69.62000274658203,57.70785903930664,639600,0.0,0.0,0.0
2017-08-02,69.6500015258789,69.6500015258789,69.31999969482422,69.55999755859375,57.65812301635742,460900,0.0,0.0,0.0
2017-08-03,69.55000305175781,69.56999969482422,69.38999938964844,69.47000122070312,57.583518981933594,1125100,0.0,0.0,0.0
2017-08-04,69.6500015258789,69.66000366210938,69.4000015258789,69.5999984741211,57.69127655029297,461500,0.0,0.0,0.0
2017-08-07,69.62999725341797,69.7699966430664,69.5999984741211,69.7699966430664,57.83218002319336,265700,0.0,0.0,0.0
2017-08-08,69.69000244140625,69.91000366210938,69.44999694824219,69.55000305175781,57.64982223510742,569100,0.0,0.0,0.0
2017-08-09,69.16000366210938,69.41000366210938,69.08000183105469,69.38999938964844,57.51721954345703,351800,0.0,0.0,0.0
2017-08-10,69.05000305175781,69.05000305175781,68.30999755859375,68.33000183105469,56.638580322265625,1008500,0.0,0.0,0.0
2017-08-11,68.37999725341797,68.52999877929688,68.2699966430664,68.36000061035156,56.6634521484375,480800,0.0,0.0,0.0
2017-08-14,68.7300033569336,69.11000061035156,68.7300033569336,68.98999786376953,57.1856575012207,436200,0.0,0.0,0.0
2017-08-15,69.04000091552734,69.04000091552734,68.79000091552734,68.91999816894531,57.12763214111328,911200,0.0,0.0,0.0
2017-08-16,69.18000030517578,69.30999755859375,69.13999938964844,69.26000213623047,57.40944290161133,513500,0.0,0.0,0.0
2017-08-17,69.02999877929688,69.08000183105469,68.26000213623047,68.27999877929688,56.59712600708008,767300,0.0,0.0,0.0
2017-08-18,68.33999633789062,68.62999725341797,68.16000366210938,68.36000061035156,56.6634521484375,671000,0.0,0.0,0.0
2017-08-21,68.4000015258789,68.4800033569336,68.18000030517578,68.41999816894531,56.71316909790039,500100,0.0,0.0,0.0
2017-08-22,68.61000061035156,69.0,68.61000061035156,68.97000122070312,57.1690673828125,397000,0.0,0.0,0.0
2017-08-23,68.73999786376953,68.95999908447266,68.66000366210938,68.88999938964844,57.10276794433594,337900,0.0,0.0,0.0
2017-08-24,69.01000213623047,69.04000091552734,68.76000213623047,68.77999877929688,57.01158142089844,717400,0.0,0.0,0.0
2017-08-25,69.02999877929688,69.2699966430664,69.0199966430664,69.05000305175781,57.23537826538086,2146000,0.0,0.0,0.0
2017-08-28,69.2300033569336,69.2300033569336,68.93000030517578,69.04000091552734,57.22710037231445,1760400,0.0,0.0,0.0
2017-08-29,68.58999633789062,69.04000091552734,68.56999969482422,68.9800033569336,57.177364349365234,821200,0.0,0.0,0.0
2017-08-30,68.9800033569336,69.23999786376953,68.91000366210938,69.18000030517578,57.34313201904297,821900,0.0,0.0,0.0
2017-08-31,69.3499984741211,69.69000244140625,69.3499984741211,69.61000061035156,57.69957733154297,813600,0.0,0.0,0.0
2017-09-01,69.83000183105469,69.9000015258789,69.7300033569336,69.81999969482422,57.87363052368164,473700,0.0,0.0,0.0
2017-09-05,69.63999938964844,69.73999786376953,69.0199966430664,69.3499984741211,57.484046936035156,552800,0.0,0.0,0.0
2017-09-06,69.51000213623047,69.72000122070312,69.48999786376953,69.61000061035156,57.69957733154297,417500,0.0,0.0,0.0
2017-09-07,69.93000030517578,69.93000030517578,69.7300033569336,69.87999725341797,57.9233512878418,274900,0.0,0.0,0.0
2017-09-08,69.86000061035156,69.91000366210938,69.73999786376953,69.80000305175781,57.85707473754883,494500,0.0,0.0,0.0
2017-09-11,70.12000274658203,70.5,70.12000274658203,70.47000122070312,58.41242599487305,548600,0.0,0.0,0.0
2017-09-12,70.58999633789062,70.68000030517578,70.52999877929688,70.66000366210938,58.56991958618164,606600,0.0,0.0,0.0
2017-09-13,70.54000091552734,70.55999755859375,70.38999938964844,70.4800033569336,58.420719146728516,322000,0.0,0.0,0.0
2017-09-14,70.38999938964844,70.51000213623047,70.33999633789062,70.5,58.43728256225586,1801200,0.0,0.0,0.0
2017-09-15,70.55000305175781,70.6500015258789,70.51000213623047,70.62999725341797,58.5450439453125,1632600,0.0,0.0,0.0
2017-09-18,70.77999877929688,70.9800033569336,70.72000122070312,70.87000274658203,58.74397659301758,519000,0.0,0.0,0.0
2017-09-19,70.94999694824219,70.9800033569336,70.80999755859375,70.9800033569336,58.83517074584961,544400,0.0,0.0,0.0
2017-09-20,71.01000213623047,71.0999984741211,70.58999633789062,70.9800033569336,58.83517074584961,722000,0.0,0.0,0.0
2017-09-21,70.9000015258789,70.93000030517578,70.7300033569336,70.79000091552734,58.67766189575195,665900,0.0,0.0,0.0
2017-09-22,70.80000305175781,70.9000015258789,70.76000213623047,70.83999633789062,58.71910858154297,2034100,0.0,0.0,0.0
2017-09-25,70.68000030517578,70.7699966430664,70.33000183105469,70.52999877929688,58.46215057373047,1380500,0.0,0.0,0.0
2017-09-26,70.5999984741211,70.62000274658203,70.36000061035156,70.45999908447266,58.404136657714844,1186600,0.0,0.0,0.0
2017-09-27,70.12999725341797,70.3499984741211,69.98999786376953,70.23999786376953,58.515769958496094,744800,0.354,0.0,0.0
2017-09-28,70.19999694824219,70.36000061035156,70.08999633789062,70.33000183105469,58.59074401855469,851600,0.0,0.0,0.0
2017-09-29,70.5,70.76000213623047,70.41999816894531,70.72000122070312,58.91564178466797,594700,0.0,0.0,0.0
2017-10-02,70.70999908447266,70.88999938964844,70.6500015258789,70.87999725341797,59.04893493652344,1171000,0.0,0.0,0.0
2017-10-03,71.01000213623047,71.19000244140625,70.97000122070312,71.19000244140625,59.30720520019531,839000,0.0,0.0,0.0
2017-10-04,71.12000274658203,71.29000091552734,71.08999633789062,71.22000122070312,59.332183837890625,377500,0.0,0.0,0.0
2017-10-05,71.2300033569336,71.44999694824219,71.19999694824219,71.43000030517578,59.50714111328125,628400,0.0,0.0,0.0
2017-10-06,71.20999908447266,71.3499984741211,71.12999725341797,71.33999633789062,59.43216323852539,711800,0.0,0.0,0.0
2017-10-09,71.3499984741211,71.4000015258789,71.16000366210938,71.23999786376953,59.34883499145508,248400,0.0,0.0,0.0
2017-10-10,71.55000305175781,71.68000030517578,71.44999694824219,71.62999725341797,59.67375564575195,403000,0.0,0.0,0.0
2017-10-11,71.66999816894531,71.83000183105469,71.6500015258789,71.83000183105469,59.84038162231445,722500,0.0,0.0,0.0
2017-10-12,71.75,71.9000015258789,71.70999908447266,71.79000091552734,59.80702209472656,858900,0.0,0.0,0.0
2017-10-13,72.02999877929688,72.0999984741211,71.97000122070312,71.98999786376953,59.97367477416992,686400,0.0,0.0,0.0
2017-10-16,72.04000091552734,72.0999984741211,71.94000244140625,72.0199966430664,59.99863815307617,380400,0.0,0.0,0.0
2017-10-17,71.95999908447266,71.98999786376953,71.83000183105469,71.98999786376953,59.97367477416992,671300,0.0,0.0,0.0
2017-10-18,72.05000305175781,72.0999984741211,71.91999816894531,72.04000091552734,60.01531219482422,619300,0.0,0.0,0.0
2017-10-19,71.70999908447266,71.94999694824219,71.5999984741211,71.94999694824219,59.94032669067383,513500,0.0,0.0,0.0
2017-10-20,72.01000213623047,72.12999725341797,71.98999786376953,72.12000274658203,60.08197784423828,532300,0.0,0.0,0.0
2017-10-23,72.13999938964844,72.13999938964844,71.81999969482422,71.83999633789062,59.84870910644531,613600,0.0,0.0,0.0
2017-10-24,71.94999694824219,72.0199966430664,71.86000061035156,71.95999908447266,59.94867706298828,497500,0.0,0.0,0.0
2017-10-25,71.97000122070312,71.97000122070312,71.31999969482422,71.66999816894531,59.70707702636719,750800,0.0,0.0,0.0
2017-10-26,71.79000091552734,71.87999725341797,71.68000030517578,71.69000244140625,59.72373580932617,632200,0.0,0.0,0.0
2017-10-27,71.79000091552734,72.0999984741211,71.63999938964844,72.06999969482422,60.04030227661133,612200,0.0,0.0,0.0
2017-10-30,71.79000091552734,72.0999984741211,71.79000091552734,71.9800033569336,59.96532440185547,637800,0.0,0.0,0.0
2017-10-31,72.16000366210938,72.29000091552734,72.05999755859375,72.20999908447266,60.15693664550781,836100,0.0,0.0,0.0
2017-11-01,72.5,72.63999938964844,72.30000305175781,72.37000274658203,60.290225982666016,865300,0.0,0.0,0.0
2017-11-02,72.3499984741211,72.48999786376953,72.1500015258789,72.44999694824219,60.35684585571289,555400,0.0,0.0,0.0
2017-11-03,72.45999908447266,72.51000213623047,72.23999786376953,72.51000213623047,60.40684127807617,716500,0.0,0.0,0.0
2017-11-06,72.45999908447266,72.72000122070312,72.44000244140625,72.69999694824219,60.565147399902344,498800,0.0,0.0,0.0
2017-11-07,72.70999908447266,72.76000213623047,72.38999938964844,72.55000305175781,60.44019317626953,2142600,0.0,0.0,0.0
2017-11-08,72.55000305175781,72.72000122070312,72.43000030517578,72.70999908447266,60.57349395751953,354300,0.0,0.0,0.0
2017-11-09,72.22000122070312,72.33999633789062,71.8499984741211,72.30999755859375,60.24022674560547,1046200,0.0,0.0,0.0
2017-11-10,72.2300033569336,72.29000091552734,72.11000061035156,72.25,60.19023513793945,378300,0.0,0.0,0.0
2017-11-13,71.87000274658203,72.19000244140625,71.80000305175781,72.13999938964844,60.09861755371094,598200,0.0,0.0,0.0
2017-11-14,71.97000122070312,72.02999877929688,71.7699966430664,72.02999877929688,60.00700759887695,340300,0.0,0.0,0.0
2017-11-15,71.5,71.73999786376953,71.33000183105469,71.61000061035156,59.65709686279297,1192000,0.0,0.0,0.0
2017-11-16,71.9800033569336,72.4000015258789,71.9800033569336,72.30000305175781,60.231910705566406,415700,0.0,0.0,0.0
2017-11-17,72.18000030517578,72.29000091552734,72.12999725341797,72.19999694824219,60.14860916137695,334700,0.0,0.0,0.0
2017-11-20,72.30000305175781,72.4000015258789,72.23999786376953,72.30999755859375,60.24022674560547,501200,0.0,0.0,0.0
2017-11-21,72.75,72.94000244140625,72.7300033569336,72.87999725341797,60.71509552001953,369200,0.0,0.0,0.0
2017-11-22,73.04000091552734,73.0999984741211,72.83999633789062,72.9800033569336,60.79842758178711,505100,0.0,0.0,0.0
2017-11-24,73.19000244140625,73.27999877929688,73.19000244140625,73.25,61.02334213256836,266700,0.0,0.0,0.0
2017-11-27,73.19999694824219,73.19999694824219,72.95999908447266,72.95999908447266,60.78175354003906,600600,0.0,0.0,0.0
2017-11-28,73.18000030517578,73.55999755859375,73.06999969482422,73.5199966430664,61.2482795715332,1300800,0.0,0.0,0.0
2017-11-29,73.52999877929688,73.62000274658203,73.16999816894531,73.29000091552734,61.056663513183594,1300100,0.0,0.0,0.0
2017-11-30,73.51000213623047,73.83000183105469,73.51000213623047,73.58000183105469,61.298274993896484,818300,0.0,0.0,0.0
2017-12-01,73.5,73.5999984741211,72.66999816894531,73.41999816894531,61.16497039794922,1276900,0.0,0.0,0.0
2017-12-04,73.80999755859375,73.91999816894531,73.29000091552734,73.29000091552734,61.056663513183594,2396100,0.0,0.0,0.0
2017-12-05,73.33999633789062,73.5,73.04000091552734,73.05999755859375,60.86507034301758,1357700,0.0,0.0,0.0
2017-12-06,72.80000305175781,72.95999908447266,72.7300033569336,72.83000183105469,60.6734619140625,484600,0.0,0.0,0.0
2017-12-07,72.77999877929688,73.1500015258789,72.72000122070312,73.05999755859375,60.86507034301758,766600,0.0,0.0,0.0
2017-12-08,73.41000366210938,73.5,73.2699966430664,73.48999786376953,61.2232780456543,745400,0.0,0.0,0.0
2017-12-11,73.62999725341797,73.68000030517578,73.5199966430664,73.66999816894531,61.373233795166016,805600,0.0,0.0,0.0
2017-12-12,73.63999938964844,73.76000213623047,73.55000305175781,73.69000244140625,61.38990783691406,477300,0.0,0.0,0.0
2017-12-13,73.86000061035156,74.05999755859375,73.80999755859375,73.8499984741211,61.523197174072266,849000,0.0,0.0,0.0
2017-12-14,73.93000030517578,73.94000244140625,73.52999877929688,73.52999877929688,61.2566032409668,1207500,0.0,0.0,0.0
2017-12-15,73.72000122070312,73.98999786376953,73.62999725341797,73.87000274658203,61.53985595703125,886200,0.0,0.0,0.0
2017-12-18,74.38999938964844,74.69999694824219,74.38999938964844,74.55999755859375,62.114654541015625,642500,0.0,0.0,0.0
2017-12-19,74.11000061035156,74.4000015258789,73.80000305175781,73.80999755859375,61.89832305908203,947000,0.492,0.0,0.0
2017-12-20,74.02999877929688,74.02999877929688,73.69000244140625,73.76000213623047,61.85640335083008,579500,0.0,0.0,0.0
2017-12-21,73.88999938964844,74.12999725341797,73.86000061035156,73.97000122070312,62.03249740600586,846600,0.0,0.0,0.0
2017-12-22,74.0199966430664,74.0999984741211,73.9000015258789,74.0999984741211,62.141502380371094,781100,0.0,0.0,0.0
2017-12-26,74.08000183105469,74.13999938964844,74.0199966430664,74.11000061035156,62.1498908996582,866500,0.0,0.0,0.0
2017-12-27,74.16999816894531,74.23999786376953,74.0999984741211,74.16000366210938,62.19184875488281,599100,0.0,0.0,0.0
2017-12-28,74.41999816894531,74.44000244140625,74.27999877929688,74.37999725341797,62.3763427734375,515900,0.0,0.0,0.0
2017-12-29,74.6500015258789,74.66000366210938,74.23999786376953,74.26000213623047,62.27568435668945,1031100,0.0,0.0,0.0
2018-01-02,74.55000305175781,74.91000366210938,74.51000213623047,74.91000366210938,62.82078552246094,1267700,0.0,0.0,0.0
2018-01-03,75.0,75.44000244140625,75.0,75.41999816894531,63.24848937988281,768500,0.0,0.0,0.0
2018-01-04,75.7699966430664,75.97000122070312,75.75,75.87000274658203,63.62586975097656,819400,0.0,0.0,0.0
2018-01-05,76.08999633789062,76.33000183105469,75.95999908447266,76.30999755859375,63.99485397338867,925100,0.0,0.0,0.0
2018-01-08,76.23999786376953,76.41000366210938,76.16999816894531,76.38999938964844,64.06194305419922,723200,0.0,0.0,0.0
2018-01-09,76.48999786376953,76.58999633789062,76.31999969482422,76.5199966430664,64.17096710205078,871700,0.0,0.0,0.0
2018-01-10,76.31999969482422,76.36000061035156,76.08999633789062,76.2699966430664,63.96134948730469,862900,0.0,0.0,0.0
2018-01-11,76.45999908447266,76.83000183105469,76.4000015258789,76.83000183105469,64.43095397949219,777600,0.0,0.0,0.0
2018-01-12,77.01000213623047,77.45999908447266,76.94999694824219,77.44000244140625,64.94247436523438,747600,0.0,0.0,0.0
2018-01-16,77.77999877929688,77.94000244140625,77.11000061035156,77.26000213623047,64.79153442382812,1433900,0.0,0.0,0.0
2018-01-17,77.5,78.0199966430664,77.33999633789062,77.87000274658203,65.30310821533203,2392900,0.0,0.0,0.0
2018-01-18,77.75,77.86000061035156,77.56999969482422,77.70999908447266,65.1689224243164,1275200,0.0,0.0,0.0
2018-01-19,78.0,78.12000274658203,77.83000183105469,78.12000274658203,65.51277923583984,910500,0.0,0.0,0.0
2018-01-22,78.12000274658203,78.69000244140625,78.11000061035156,78.69000244140625,65.99075317382812,964200,0.0,0.0,0.0
2018-01-23,78.72000122070312,78.94000244140625,78.5999984741211,78.91000366210938,66.1752700805664,813100,0.0,0.0,0.0
2018-01-24,79.22000122070312,79.37999725341797,78.69000244140625,79.04000091552734,66.2842788696289,1131300,0.0,0.0,0.0
2018-01-25,79.31999969482422,79.31999969482422,78.76000213623047,78.91999816894531,66.18364715576172,2001700,0.0,0.0,0.0
2018-01-26,79.23999786376953,79.73999786376953,79.13999938964844,79.7300033569336,66.86294555664062,1938500,0.0,0.0,0.0
2018-01-29,79.33999633789062,79.4000015258789,79.0,79.06999969482422,66.30945587158203,3850500,0.0,0.0,0.0
2018-01-30,78.58999633789062,78.6500015258789,78.16999816894531,78.26000213623047,65.63014221191406,1254400,0.0,0.0,0.0
2018-01-31,78.66999816894531,78.69999694824219,78.0,78.33000183105469,65.68885803222656,1408900,0.0,0.0,0.0
2018-02-01,78.08000183105469,78.55000305175781,77.9000015258789,78.2699966430664,65.63855743408203,1380600,0.0,0.0,0.0
2018-02-02,77.6500015258789,77.66999816894531,76.55000305175781,76.55999755859375,64.20454406738281,1170000,0.0,0.0,0.0
2018-02-05,75.95999908447266,76.5,73.55000305175781,73.62000274658203,61.73899841308594,2453600,0.0,0.0,0.0
2018-02-06,72.91000366210938,75.29000091552734,72.58999633789062,75.16000366210938,63.03047180175781,9365600,0.0,0.0,0.0
2018-02-07,74.58999633789062,75.37999725341797,74.19000244140625,74.19999694824219,62.22537612915039,5577000,0.0,0.0,0.0
2018-02-08,74.31999969482422,74.31999969482422,71.83000183105469,71.8499984741211,60.2546501159668,8214100,0.0,0.0,0.0
2018-02-09,72.68000030517578,73.12999725341797,70.55999755859375,72.61000061035156,60.89198684692383,5756300,0.0,0.0,0.0
2018-02-12,73.30000305175781,74.02999877929688,72.83999633789062,73.69000244140625,61.79769515991211,2352500,0.0,0.0,0.0
2018-02-13,73.33999633789062,73.86000061035156,73.18000030517578,73.73999786376953,61.83961486816406,1280500,0.0,0.0,0.0
2018-02-14,73.29000091552734,74.97000122070312,73.2699966430664,74.91000366210938,62.82078552246094,1913600,0.0,0.0,0.0
2018-02-15,75.47000122070312,75.75,74.79000091552734,75.73999786376953,63.516845703125,1547000,0.0,0.0,0.0
2018-02-16,75.58000183105469,76.30999755859375,75.52999877929688,75.80000305175781,63.56716537475586,1019900,0.0,0.0,0.0
2018-02-20,75.31999969482422,75.72000122070312,74.98999786376953,75.2300033569336,63.08916473388672,1143000,0.0,0.0,0.0
2018-02-21,75.51000213623047,76.1500015258789,74.94000244140625,74.94999694824219,62.85434341430664,909400,0.0,0.0,0.0
2018-02-22,75.18000030517578,75.69000244140625,74.91000366210938,75.08000183105469,62.9633674621582,1569900,0.0,0.0,0.0
2018-02-23,75.5,76.08999633789062,75.3499984741211,76.08999633789062,63.810359954833984,1521500,0.0,0.0,0.0
2018-02-26,76.37999725341797,76.81999969482422,76.0999984741211,76.80000305175781,64.4057846069336,1194200,0.0,0.0,0.0
2018-02-27,76.6500015258789,76.73999786376953,75.7300033569336,75.7300033569336,63.50847244262695,3953600,0.0,0.0,0.0
2018-02-28,75.80999755859375,76.0,74.83999633789062,74.8499984741211,62.770477294921875,919900,0.0,0.0,0.0
2018-03-01,74.83000183105469,75.13999938964844,73.45999908447266,73.95999908447266,62.02409362792969,1471400,0.0,0.0,0.0
2018-03-02,73.4800033569336,74.41999816894531,73.22000122070312,74.30999755859375,62.317630767822266,985800,0.0,0.0,0.0
2018-03-05,73.83999633789062,75.04000091552734,73.73999786376953,74.91000366210938,62.82078552246094,861800,0.0,0.0,0.0
2018-03-06,75.41999816894531,75.43000030517578,74.94000244140625,75.3499984741211,63.189788818359375,772600,0.0,0.0,0.0
2018-03-07,74.79000091552734,75.3499984741211,74.6500015258789,75.26000213623047,63.11429977416992,869300,0.0,0.0,0.0
2018-03-08,75.47000122070312,75.5999984741211,75.18000030517578,75.55000305175781,63.35749816894531,1198800,0.0,0.0,0.0
2018-03-09,75.81999969482422,76.51000213623047,75.75,76.5,64.1541748046875,1349600,0.0,0.0,0.0
2018-03-12,76.62000274658203,76.8499984741211,76.43000030517578,76.58000183105469,64.2212905883789,1698100,0.0,0.0,0.0
2018-03-13,76.83000183105469,76.9800033569336,75.87999725341797,76.05000305175781,63.776817321777344,939700,0.0,0.0,0.0
2018-03-14,76.51000213623047,76.55000305175781,75.79000091552734,75.97000122070312,63.70974349975586,1131600,0.0,0.0,0.0
2018-03-15,76.08000183105469,76.25,75.70999908447266,75.8499984741211,63.609092712402344,844900,0.0,0.0,0.0
2018-03-16,75.87000274658203,76.08999633789062,75.81999969482422,75.86000061035156,63.61749267578125,480300,0.0,0.0,0.0
2018-03-19,75.62999725341797,75.62999725341797,74.62000274658203,75.05999755859375,62.94660949707031,791100,0.0,0.0,0.0
2018-03-20,75.16000366210938,75.37000274658203,75.08000183105469,75.23999786376953,63.0975456237793,1402600,0.0,0.0,0.0
2018-03-21,75.18000030517578,75.80000305175781,75.08999633789062,75.30000305175781,63.14786911010742,1276700,0.0,0.0,0.0
2018-03-22,74.51000213623047,74.70999908447266,73.51000213623047,73.54000091552734,61.671905517578125,1352300,0.0,0.0,0.0
2018-03-23,73.68000030517578,73.79000091552734,72.25,72.30000305175781,60.63200759887695,1765100,0.0,0.0,0.0
2018-03-26,73.19000244140625,73.77999877929688,72.44999694824219,73.73999786376953,62.06020736694336,1628500,0.257,0.0,0.0
2018-03-27,74.0,74.12999725341797,72.44000244140625,72.76000213623047,61.23543930053711,1693600,0.0,0.0,0.0
2018-03-28,72.87999725341797,73.33000183105469,72.43000030517578,72.7300033569336,61.210182189941406,1169200,0.0,0.0,0.0
2018-03-29,73.0999984741211,73.98999786376953,72.95999908447266,73.62999725341797,61.9676399230957,1384400,0.0,0.0,0.0
2018-04-02,73.38999938964844,73.48999786376953,71.5999984741211,72.16999816894531,60.73889923095703,967800,0.0,0.0,0.0
2018-04-03,72.66000366210938,73.05000305175781,72.19000244140625,72.93000030517578,61.37849807739258,998200,0.0,0.0,0.0
2018-04-04,71.9000015258789,73.58999633789062,71.77999877929688,73.51000213623047,61.86663055419922,2300100,0.0,0.0,0.0
2018-04-05,73.9000015258789,74.18000030517578,73.73999786376953,73.9000015258789,62.194862365722656,3805100,0.0,0.0,0.0
2018-04-06,73.5,73.86000061035156,72.33000183105469,72.70999908447266,61.193355560302734,1041200,0.0,0.0,0.0
2018-04-09,73.2699966430664,73.9800033569336,73.0999984741211,73.1500015258789,61.56368637084961,768800,0.0,0.0,0.0
2018-04-10,73.97000122070312,74.41999816894531,73.79000091552734,74.2300033569336,62.47260284423828,1007800,0.0,0.0,0.0
2018-04-11,73.8499984741211,74.36000061035156,73.79000091552734,73.88999938964844,62.18646240234375,1704400,0.0,0.0,0.0
2018-04-12,74.23999786376953,74.54000091552734,74.12000274658203,74.33000183105469,62.55675506591797,883200,0.0,0.0,0.0
2018-04-13,74.61000061035156,74.69000244140625,73.87000274658203,74.12999725341797,62.38843536376953,567300,0.0,0.0,0.0
2018-04-16,74.5199966430664,74.80000305175781,74.2699966430664,74.51000213623047,62.70824432373047,589100,0.0,0.0,0.0
2018-04-17,74.83999633789062,75.26000213623047,74.73999786376953,75.11000061035156,63.21323013305664,382900,0.0,0.0,0.0
2018-04-18,75.3499984741211,75.55000305175781,75.19999694824219,75.4000015258789,63.45729064941406,1300900,0.0,0.0,0.0
2018-04-19,75.25,75.2699966430664,74.68000030517578,74.91000366210938,63.04490661621094,1406100,0.0,0.0,0.0
2018-04-20,74.79000091552734,74.9000015258789,74.22000122070312,74.41999816894531,62.63249969482422,409700,0.0,0.0,0.0
2018-04-23,74.5,74.61000061035156,74.05999755859375,74.33000183105469,62.55675506591797,733400,0.0,0.0,0.0
2018-04-24,74.62999725341797,74.69000244140625,73.3499984741211,73.72000122070312,62.043399810791016,1062200,0.0,0.0,0.0
2018-04-25,73.55000305175781,73.77999877929688,73.11000061035156,73.69000244140625,62.01813507080078,722300,0.0,0.0,0.0
2018-04-26,74.01000213623047,74.44999694824219,73.91999816894531,74.30999755859375,62.53993606567383,398500,0.0,0.0,0.0
2018-04-27,74.43000030517578,74.5199966430664,74.12999725341797,74.44000244140625,62.64934158325195,572400,0.0,0.0,0.0
2018-04-30,74.48999786376953,74.62999725341797,73.94000244140625,73.94000244140625,62.228519439697266,1020800,0.0,0.0,0.0
2018-05-01,73.88999938964844,73.93000030517578,73.30000305175781,73.9000015258789,62.194862365722656,382400,0.0,0.0,0.0
2018-05-02,74.0199966430664,74.19000244140625,73.52999877929688,73.62000274658203,61.95921325683594,685100,0.0,0.0,0.0
2018-05-03,73.51000213623047,73.73999786376953,72.73999786376953,73.58999633789062,61.9339599609375,1272200,0.0,0.0,0.0
2018-05-04,73.18000030517578,74.4000015258789,73.12999725341797,74.22000122070312,62.464195251464844,472800,0.0,0.0,0.0
2018-05-07,74.33999633789062,74.52999877929688,74.1500015258789,74.33000183105469,62.55675506591797,1104800,0.0,0.0,0.0
2018-05-08,74.2300033569336,74.3499984741211,74.01000213623047,74.33999633789062,62.56519317626953,1030000,0.0,0.0,0.0
2018-05-09,74.51000213623047,74.87000274658203,74.36000061035156,74.79000091552734,62.943912506103516,851800,0.0,0.0,0.0
2018-05-10,75.06999969482422,75.56999969482422,75.06999969482422,75.4800033569336,63.52462387084961,421800,0.0,0.0,0.0
2018-05-11,75.62999725341797,75.80000305175781,75.45999908447266,75.63999938964844,63.65924835205078,1183100,0.0,0.0,0.0
2018-05-14,75.86000061035156,76.05999755859375,75.66999816894531,75.75,63.75185775756836,363100,0.0,0.0,0.0
2018-05-15,75.12000274658203,75.19000244140625,74.81999969482422,75.06999969482422,63.17955017089844,1254400,0.0,0.0,0.0
2018-05-16,75.2300033569336,75.55000305175781,75.19999694824219,75.44999694824219,63.499359130859375,2033000,0.0,0.0,0.0
2018-05-17,75.43000030517578,75.69000244140625,75.2300033569336,75.43000030517578,63.48256301879883,737600,0.0,0.0,0.0
2018-05-18,75.2699966430664,75.29000091552734,75.06999969482422,75.18000030517578,63.27211380004883,918500,0.0,0.0,0.0
2018-05-21,75.5999984741211,75.69000244140625,75.44000244140625,75.61000061035156,63.63401794433594,414000,0.0,0.0,0.0
2018-05-22,75.80999755859375,75.91999816894531,75.47000122070312,75.54000091552734,63.57510757446289,463000,0.0,0.0,0.0
2018-05-23,74.94999694824219,75.33999633789062,74.79000091552734,75.31999969482422,63.38998031616211,1098800,0.0,0.0,0.0
2018-05-24,75.19999694824219,75.27999877929688,74.66000366210938,75.19000244140625,63.28055191040039,612300,0.0,0.0,0.0
2018-05-25,74.95999908447266,75.05000305175781,74.80000305175781,74.94000244140625,63.07012939453125,559200,0.0,0.0,0.0
2018-05-29,74.2300033569336,74.33999633789062,73.48999786376953,73.77999877929688,62.093902587890625,1379500,0.0,0.0,0.0
2018-05-30,74.18000030517578,74.81999969482422,74.12000274658203,74.73999786376953,62.901817321777344,506100,0.0,0.0,0.0
2018-05-31,74.6500015258789,74.68000030517578,74.19000244140625,74.36000061035156,62.58200454711914,642100,0.0,0.0,0.0
2018-06-01,74.8499984741211,75.12999725341797,74.80000305175781,75.08000183105469,63.187984466552734,459000,0.0,0.0,0.0
2018-06-04,75.43000030517578,75.58000183105469,75.31999969482422,75.45999908447266,63.50779342651367,387400,0.0,0.0,0.0
2018-06-05,75.48999786376953,75.55000305175781,75.22000122070312,75.44000244140625,63.49095153808594,288600,0.0,0.0,0.0
2018-06-06,75.68000030517578,76.0999984741211,75.5199966430664,76.0999984741211,64.04639434814453,446500,0.0,0.0,0.0
2018-06-07,76.1500015258789,76.2699966430664,75.5999984741211,75.83999633789062,63.827606201171875,607400,0.0,0.0,0.0
2018-06-08,75.73999786376953,76.02999877929688,75.56999969482422,76.01000213623047,63.970680236816406,1229600,0.0,0.0,0.0
2018-06-11,76.11000061035156,76.36000061035156,76.05000305175781,76.19999694824219,64.13054656982422,1797400,0.0,0.0,0.0
2018-06-12,76.19999694824219,76.29000091552734,75.93000030517578,76.12000274658203,64.06324005126953,1631800,0.0,0.0,0.0
2018-06-13,76.26000213623047,76.27999877929688,75.7699966430664,75.88999938964844,63.86968231201172,582800,0.0,0.0,0.0
2018-06-14,76.06999969482422,76.18000030517578,75.87000274658203,75.97000122070312,63.9370002746582,1306300,0.0,0.0,0.0
2018-06-15,75.61000061035156,75.69000244140625,75.27999877929688,75.6500015258789,63.667694091796875,573400,0.0,0.0,0.0
2018-06-18,75.02999877929688,75.33000183105469,74.91000366210938,75.29000091552734,63.36471176147461,880500,0.0,0.0,0.0
2018-06-19,74.43000030517578,74.87999725341797,74.25,74.77999877929688,62.93550109863281,6193700,0.0,0.0,0.0
2018-06-20,75.12999725341797,75.20999908447266,74.86000061035156,75.04000091552734,63.1543083190918,1204000,0.0,0.0,0.0
2018-06-21,74.94999694824219,74.94999694824219,74.33999633789062,74.41999816894531,62.63249969482422,584600,0.0,0.0,0.0
2018-06-22,74.5,74.54000091552734,74.22000122070312,74.30999755859375,63.006439208984375,553500,0.551,0.0,0.0
2018-06-25,73.88999938964844,73.9000015258789,72.91000366210938,73.25,62.10767364501953,1421600,0.0,0.0,0.0
2018-06-26,73.41999816894531,73.55999755859375,73.12000274658203,73.33000183105469,62.175514221191406,1586400,0.0,0.0,0.0
2018-06-27,73.51000213623047,73.76000213623047,72.62000274658203,72.63999938964844,61.59046936035156,1274600,0.0,0.0,0.0
2018-06-28,72.62999725341797,73.13999938964844,72.38999938964844,73.01000213623047,61.90419006347656,1088700,0.0,0.0,0.0
2018-06-29,73.47000122070312,73.81999969482422,73.36000061035156,73.37000274658203,62.209434509277344,853100,0.0,0.0,0.0
2018-07-02,72.6500015258789,73.12999725341797,72.55000305175781,73.11000061035156,61.988948822021484,672300,0.0,0.0,0.0
2018-07-03,73.48999786376953,73.51000213623047,72.9800033569336,73.02999877929688,61.92112350463867,552600,0.0,0.0,0.0
2018-07-05,73.54000091552734,73.63999938964844,73.16999816894531,73.61000061035156,62.41289520263672,1056600,0.0,0.0,0.0
2018-07-06,73.62000274658203,74.22000122070312,73.54000091552734,74.08000183105469,62.8114013671875,2287800,0.0,0.0,0.0
2018-07-09,74.54000091552734,74.86000061035156,74.48999786376953,74.81999969482422,63.43886184692383,642400,0.0,0.0,0.0
2018-07-10,74.87999725341797,74.98999786376953,74.73999786376953,74.94999694824219,63.549068450927734,679500,0.0,0.0,0.0
2018-07-11,74.37999725341797,74.55000305175781,73.95999908447266,74.12000274658203,62.8453254699707,552200,0.0,0.0,0.0
2018-07-12,74.5199966430664,74.7300033569336,74.30999755859375,74.69999694824219,63.33710861206055,672600,0.0,0.0,0.0
2018-07-13,74.69999694824219,74.87000274658203,74.55000305175781,74.79000091552734,63.41341781616211,347200,0.0,0.0,0.0
2018-07-16,74.83000183105469,74.83999633789062,74.56999969482422,74.69000244140625,63.32862091064453,457700,0.0,0.0,0.0
2018-07-17,74.5,75.05000305175781,74.43000030517578,74.9800033569336,63.574520111083984,791600,0.0,0.0,0.0
2018-07-18,74.94999694824219,75.05000305175781,74.75,75.02999877929688,63.61689758300781,380700,0.0,0.0,0.0
2018-07-19,74.66000366210938,74.9000015258789,74.4800033569336,74.75,63.3795051574707,653400,0.0,0.0,0.0
2018-07-20,74.86000061035156,75.06999969482422,74.80000305175781,74.88999938964844,63.49820327758789,3056200,0.0,0.0,0.0
2018-07-23,74.87000274658203,74.91999816894531,74.66000366210938,74.88999938964844,63.49820327758789,485300,0.0,0.0,0.0
2018-07-24,75.37000274658203,75.58000183105469,75.05999755859375,75.22000122070312,63.77801513671875,1965900,0.0,0.0,0.0
2018-07-25,75.27999877929688,76.05000305175781,75.2300033569336,76.0,64.43936157226562,1224500,0.0,0.0,0.0
2018-07-26,75.68000030517578,75.87999725341797,75.63999938964844,75.68000030517578,64.16804504394531,593400,0.0,0.0,0.0
2018-07-27,75.8499984741211,75.91999816894531,75.2300033569336,75.44999694824219,63.9730224609375,949200,0.0,0.0,0.0
2018-07-30,75.55999755859375,75.62999725341797,75.08999633789062,75.19000244140625,63.7525749206543,591600,0.0,0.0,0.0
2018-07-31,75.4000015258789,75.6500015258789,75.27999877929688,75.4800033569336,63.99846649169922,558600,0.0,0.0,0.0
2018-08-01,75.43000030517578,75.51000213623047,75.06999969482422,75.20999908447266,63.769508361816406,743900,0.0,0.0,0.0
2018-08-02,74.63999938964844,75.25,74.55000305175781,75.22000122070312,63.77801513671875,481400,0.0,0.0,0.0
2018-08-03,75.20999908447266,75.4800033569336,75.13999938964844,75.4800033569336,63.99846649169922,432700,0.0,0.0,0.0
2018-08-06,75.19999694824219,75.55000305175781,75.12999725341797,75.4800033569336,63.99846649169922,1084900,0.0,0.0,0.0
2018-08-07,75.19999694824219,75.93000030517578,75.19999694824219,75.7699966430664,64.24434661865234,1200500,0.0,0.0,0.0
2018-08-08,75.75,75.81999969482422,75.56999969482422,75.72000122070312,64.20195007324219,1449900,0.0,0.0,0.0
2018-08-09,75.72000122070312,75.87000274658203,75.52999877929688,75.55000305175781,64.05782318115234,2344300,0.0,0.0,0.0
2018-08-10,74.81999969482422,74.87999725341797,74.52999877929688,74.69999694824219,63.33710861206055,1607900,0.0,0.0,0.0
2018-08-13,74.6500015258789,74.79000091552734,74.16999816894531,74.30000305175781,62.997947692871094,4443700,0.0,0.0,0.0
2018-08-14,74.48999786376953,74.70999908447266,74.3499984741211,74.6500015258789,63.29470443725586,523700,0.0,0.0,0.0
2018-08-15,73.94999694824219,73.97000122070312,73.29000091552734,73.81999969482422,62.5909538269043,5321300,0.0,0.0,0.0
2018-08-16,74.23999786376953,74.6500015258789,74.23999786376953,74.37999725341797,63.0657844543457,3981500,0.0,0.0,0.0
2018-08-17,74.27999877929688,74.87999725341797,74.19999694824219,74.70999908447266,63.3455924987793,868000,0.0,0.0,0.0
2018-08-20,74.93000030517578,75.04000091552734,74.80000305175781,75.0,63.59146499633789,562200,0.0,0.0,0.0
2018-08-21,75.22000122070312,75.52999877929688,75.20999908447266,75.30000305175781,63.84585189819336,2397900,0.0,0.0,0.0
2018-08-22,75.3499984741211,75.62999725341797,75.3499984741211,75.5,64.01541900634766,980600,0.0,0.0,0.0
2018-08-23,75.29000091552734,75.5199966430664,75.08999633789062,75.1500015258789,63.71866226196289,892400,0.0,0.0,0.0
2018-08-24,75.5,75.77999877929688,75.44999694824219,75.69000244140625,64.176513671875,907500,0.0,0.0,0.0
2018-08-27,76.16000366210938,76.52999877929688,76.06999969482422,76.48999786376953,64.85481262207031,1572300,0.0,0.0,0.0
2018-08-28,76.58999633789062,76.66000366210938,76.36000061035156,76.43000030517578,64.80396270751953,480900,0.0,0.0,0.0
2018-08-29,76.44000244140625,76.83000183105469,76.33000183105469,76.79000091552734,65.10916137695312,427100,0.0,0.0,0.0
2018-08-30,76.38999938964844,76.44000244140625,75.97000122070312,76.1500015258789,64.56654357910156,1676100,0.0,0.0,0.0
2018-08-31,76.05000305175781,76.29000091552734,75.79000091552734,76.12999725341797,64.54959106445312,1095100,0.0,0.0,0.0
2018-09-04,75.6500015258789,75.66999816894531,75.30999755859375,75.6500015258789,64.1426010131836,1106000,0.0,0.0,0.0
2018-09-05,75.27999877929688,75.33999633789062,74.87999725341797,75.1500015258789,63.71866226196289,770300,0.0,0.0,0.0
2018-09-06,75.1500015258789,75.29000091552734,74.68000030517578,74.98999786376953,63.582977294921875,2861100,0.0,0.0,0.0
2018-09-07,74.58000183105469,74.9000015258789,74.44000244140625,74.6500015258789,63.29470443725586,1308400,0.0,0.0,0.0
2018-09-10,74.95999908447266,75.02999877929688,74.76000213623047,74.83000183105469,63.44731140136719,1501400,0.0,0.0,0.0
2018-09-11,74.52999877929688,75.01000213623047,74.36000061035156,74.9800033569336,63.574520111083984,1023600,0.0,0.0,0.0
2018-09-12,74.91000366210938,75.2300033569336,74.7300033569336,75.12000274658203,63.69321060180664,1282900,0.0,0.0,0.0
2018-09-13,75.6500015258789,75.75,75.4000015258789,75.58999633789062,64.0916976928711,1026700,0.0,0.0,0.0
2018-09-14,75.72000122070312,75.77999877929688,75.43000030517578,75.63999938964844,64.13409423828125,1346500,0.0,0.0,0.0
2018-09-17,75.7699966430664,75.7699966430664,75.30000305175781,75.37000274658203,63.90516662597656,1616900,0.0,0.0,0.0
2018-09-18,75.5999984741211,76.0199966430664,75.58000183105469,75.9000015258789,64.35457611083984,2291100,0.0,0.0,0.0
2018-09-19,75.91999816894531,76.19000244140625,75.91999816894531,76.08999633789062,64.5156478881836,844500,0.0,0.0,0.0
2018-09-20,76.5999984741211,76.86000061035156,76.47000122070312,76.80000305175781,65.11769104003906,781800,0.0,0.0,0.0
2018-09-21,76.88999938964844,76.97000122070312,76.73999786376953,76.77999877929688,65.1007080078125,1614400,0.0,0.0,0.0
2018-09-24,76.62000274658203,76.6500015258789,76.33000183105469,76.44000244140625,64.81243896484375,1491200,0.0,0.0,0.0
2018-09-25,76.75,76.75,76.5,76.54000091552734,64.89720153808594,786900,0.0,0.0,0.0
2018-09-26,76.20999908447266,76.61000061035156,76.0,76.05000305175781,64.78816986083984,489800,0.362,0.0,0.0
2018-09-27,76.05999755859375,76.4000015258789,76.05000305175781,76.11000061035156,64.83930206298828,3203500,0.0,0.0,0.0
2018-09-28,75.76000213623047,76.02999877929688,75.66999816894531,75.83000183105469,64.60073852539062,3139600,0.0,0.0,0.0
2018-10-01,76.26000213623047,76.31999969482422,75.9000015258789,76.06999969482422,64.80519104003906,1335600,0.0,0.0,0.0
2018-10-02,75.72000122070312,75.88999938964844,75.56999969482422,75.70999908447266,64.49848937988281,908100,0.0,0.0,0.0
2018-10-03,76.0,76.08000183105469,75.58000183105469,75.70999908447266,64.49848937988281,733500,0.0,0.0,0.0
2018-10-04,75.41999816894531,75.41999816894531,74.48999786376953,74.87999725341797,63.79142379760742,7408800,0.0,0.0,0.0
2018-10-05,74.83999633789062,74.95999908447266,74.04000091552734,74.43000030517578,63.40807342529297,1482800,0.0,0.0,0.0
2018-10-08,74.02999877929688,74.33999633789062,73.66000366210938,74.2699966430664,63.271759033203125,937200,0.0,0.0,0.0
2018-10-09,73.94000244140625,74.33999633789062,73.7699966430664,74.08999633789062,63.1184196472168,8102900,0.0,0.0,0.0
2018-10-10,73.88999938964844,73.91999816894531,71.87999725341797,71.98999786376953,61.32939529418945,2131600,0.0,0.0,0.0
2018-10-11,71.66999816894531,72.12000274658203,70.30000305175781,70.7300033569336,60.2559700012207,4100600,0.0,0.0,0.0
2018-10-12,71.77999877929688,71.80000305175781,70.66000366210938,71.52999877929688,60.93749237060547,2400400,0.0,0.0,0.0
2018-10-15,71.36000061035156,71.70999908447266,71.05999755859375,71.2300033569336,60.681941986083984,1724000,0.0,0.0,0.0
2018-10-16,71.81999969482422,72.7300033569336,71.75,72.63999938964844,61.883155822753906,2057100,0.0,0.0,0.0
2018-10-17,72.54000091552734,72.55999755859375,71.79000091552734,72.3499984741211,61.636085510253906,1384500,0.0,0.0,0.0
2018-10-18,72.04000091552734,72.1500015258789,70.91999816894531,71.2300033569336,60.681941986083984,1319500,0.0,0.0,0.0
2018-10-19,71.55999755859375,72.05000305175781,71.20999908447266,71.30000305175781,60.74156188964844,817600,0.0,0.0,0.0
2018-10-22,71.55000305175781,71.6500015258789,70.94000244140625,71.0999984741211,60.57118606567383,1248800,0.0,0.0,0.0
2018-10-23,70.01000213623047,70.91000366210938,69.44000244140625,70.61000061035156,60.15375900268555,2163700,0.0,0.0,0.0
2018-10-24,70.37000274658203,70.43000030517578,68.36000061035156,68.44999694824219,58.31361770629883,2745400,0.0,0.0,0.0
2018-10-25,69.01000213623047,69.94999694824219,68.7699966430664,69.58999633789062,59.2847900390625,1506200,0.0,0.0,0.0
2018-10-26,68.58999633789062,69.41000366210938,67.80000305175781,68.73999786376953,58.5606689453125,6324900,0.0,0.0,0.0
2018-10-29,69.4000015258789,69.76000213623047,67.4800033569336,68.2699966430664,58.16028594970703,3846700,0.0,0.0,0.0
2018-10-30,68.3499984741211,69.30999755859375,68.23999786376953,69.2699966430664,59.0121955871582,2275700,0.0,0.0,0.0
2018-10-31,69.9000015258789,70.41000366210938,69.83000183105469,69.9000015258789,59.54890060424805,2022600,0.0,0.0,0.0
2018-11-01,70.41000366210938,71.0199966430664,70.11000061035156,71.0,60.486000061035156,1574700,0.0,0.0,0.0
2018-11-02,71.41000366210938,71.56999969482422,70.30000305175781,70.8499984741211,60.35820770263672,1379400,0.0,0.0,0.0
2018-11-05,70.9800033569336,71.16000366210938,70.69000244140625,71.04000091552734,60.520076751708984,1388000,0.0,0.0,0.0
2018-11-06,71.05000305175781,71.44999694824219,71.02999877929688,71.4000015258789,60.826759338378906,1134200,0.0,0.0,0.0
2018-11-07,71.98999786376953,72.6500015258789,71.80999755859375,72.62999725341797,61.87461471557617,663700,0.0,0.0,0.0
2018-11-08,72.37999725341797,72.51000213623047,71.91000366210938,72.05000305175781,61.380516052246094,2301700,0.0,0.0,0.0
2018-11-09,71.63999938964844,71.69999694824219,71.06999969482422,71.4800033569336,60.894927978515625,8658700,0.0,0.0,0.0
2018-11-12,71.25,71.25,70.11000061035156,70.22000122070312,59.821510314941406,1997300,0.0,0.0,0.0
2018-11-13,70.41999816894531,71.01000213623047,70.13999938964844,70.33000183105469,59.91522979736328,2990600,0.0,0.0,0.0
2018-11-14,70.75,70.94000244140625,69.66000366210938,70.08999633789062,59.710750579833984,2821200,0.0,0.0,0.0
2018-11-15,69.76000213623047,70.83999633789062,69.41000366210938,70.70999908447266,60.23895263671875,3535600,0.0,0.0,0.0
2018-11-16,70.33000183105469,71.02999877929688,70.22000122070312,70.8499984741211,60.35820770263672,1069300,0.0,0.0,0.0
2018-11-19,70.69999694824219,70.72000122070312,69.63999938964844,69.87999725341797,59.53185272216797,1191400,0.0,0.0,0.0
2018-11-20,68.93000030517578,69.25,68.37999725341797,68.5999984741211,58.44140625,2534400,0.0,0.0,0.0
2018-11-21,69.23999786376953,69.68000030517578,69.13999938964844,69.23999786376953,58.986629486083984,1527200,0.0,0.0,0.0
2018-11-23,68.79000091552734,69.12999725341797,68.75,68.80000305175781,58.61180114746094,708300,0.0,0.0,0.0
2018-11-26,69.4800033569336,69.8499984741211,69.41999816894531,69.80000305175781,59.463722229003906,1846400,0.0,0.0,0.0
2018-11-27,69.48999786376953,69.80999755859375,69.29000091552734,69.80999755859375,59.472206115722656,1696100,0.0,0.0,0.0
2018-11-28,70.0199966430664,71.18000030517578,69.75,71.1500015258789,60.61378860473633,6203200,0.0,0.0,0.0
2018-11-29,70.94000244140625,71.30999755859375,70.61000061035156,70.97000122070312,60.46044158935547,1799300,0.0,0.0,0.0
2018-11-30,70.77999877929688,71.18000030517578,70.66000366210938,71.11000061035156,60.57970428466797,1663800,0.0,0.0,0.0
2018-12-03,72.36000061035156,72.37999725341797,71.72000122070312,72.08000183105469,61.406044006347656,2607100,0.0,0.0,0.0
2018-12-04,71.80000305175781,71.9000015258789,69.9000015258789,69.95999908447266,59.60000991821289,2166000,0.0,0.0,0.0
2018-12-06,68.8499984741211,69.68000030517578,68.0199966430664,69.5999984741211,59.293312072753906,4867600,0.0,0.0,0.0
2018-12-07,69.62999725341797,69.9800033569336,68.13999938964844,68.31999969482422,58.202850341796875,2638600,0.0,0.0,0.0
2018-12-10,68.2300033569336,68.38999938964844,67.11000061035156,68.16999816894531,58.075050354003906,4363400,0.0,0.0,0.0
2018-12-11,68.87000274658203,69.02999877929688,67.80000305175781,68.19999694824219,58.10063552856445,3221100,0.0,0.0,0.0
2018-12-12,69.08999633789062,69.5999984741211,68.9000015258789,68.94000244140625,58.73106002807617,4430000,0.0,0.0,0.0
2018-12-13,69.08000183105469,69.30000305175781,68.5999984741211,68.80999755859375,58.62030029296875,5085600,0.0,0.0,0.0
2018-12-14,68.0999984741211,68.4000015258789,67.62000274658203,67.7300033569336,57.70023727416992,3496400,0.0,0.0,0.0
2018-12-17,67.51000213623047,67.76000213623047,66.29000091552734,66.61000061035156,56.746089935302734,4734800,0.0,0.0,0.0
2018-12-18,67.02999877929688,67.30999755859375,66.36000061035156,66.69999694824219,56.822757720947266,6226200,0.0,0.0,0.0
2018-12-19,66.88999938964844,67.56999969482422,65.44999694824219,65.83999633789062,56.09010696411133,4827600,0.0,0.0,0.0
2018-12-20,65.73999786376953,66.05999755859375,64.6500015258789,65.13999938964844,55.49376678466797,7203700,0.0,0.0,0.0
2018-12-21,65.08000183105469,65.72000122070312,63.84000015258789,64.01000213623047,54.53111267089844,8540700,0.0,0.0,0.0
2018-12-24,63.400001525878906,63.689998626708984,62.31999969482422,62.33000183105469,53.50865936279297,4146800,0.489,0.0,0.0
2018-12-26,62.65999984741211,64.6500015258789,62.13999938964844,64.6500015258789,55.500328063964844,11454600,0.0,0.0,0.0
2018-12-27,63.7400016784668,65.01000213623047,63.119998931884766,65.01000213623047,55.80937194824219,8538700,0.0,0.0,0.0
2018-12-28,65.4000015258789,65.69999694824219,64.77999877929688,65.08000183105469,55.86946105957031,8670500,0.0,0.0,0.0
2018-12-31,65.5,65.62000274658203,65.01000213623047,65.45999908447266,56.1956787109375,7320500,0.0,0.0,0.0
2019-01-02,64.5199966430664,65.54000091552734,64.41000366210938,65.37999725341797,56.12700653076172,2531200,0.0,0.0,0.0
2019-01-03,65.11000061035156,65.11000061035156,64.19999694824219,64.36000061035156,55.251373291015625,2947000,0.0,0.0,0.0
2019-01-04,65.29000091552734,66.62000274658203,65.19000244140625,66.44999694824219,57.04557800292969,2777900,0.0,0.0,0.0
2019-01-07,66.48999786376953,67.19000244140625,66.27999877929688,66.86000061035156,57.39755630493164,2345600,0.0,0.0,0.0
2019-01-08,67.33000183105469,67.5,66.83000183105469,67.4000015258789,57.861141204833984,1405400,0.0,0.0,0.0
2019-01-09,67.87000274658203,68.25,67.62000274658203,68.02999877929688,58.40195083618164,3081300,0.0,0.0,0.0
2019-01-10,67.61000061035156,68.33999633789062,67.52999877929688,68.33999633789062,58.6680908203125,1817200,0.0,0.0,0.0
2019-01-11,67.8499984741211,68.19999694824219,67.75,68.08000183105469,58.444889068603516,5274500,0.0,0.0,0.0
2019-01-14,67.58999633789062,67.93000030517578,67.5,67.70999908447266,58.12724685668945,2259900,0.0,0.0,0.0
2019-01-15,67.87999725341797,68.33000183105469,67.87000274658203,68.31999969482422,58.650917053222656,2395100,0.0,0.0,0.0
2019-01-16,68.41999816894531,68.69000244140625,68.38999938964844,68.55000305175781,58.84838104248047,3137600,0.0,0.0,0.0
2019-01-17,68.26000213623047,69.18000030517578,68.22000122070312,68.94000244140625,59.18318176269531,2908600,0.0,0.0,0.0
2019-01-18,69.41000366210938,69.83999633789062,69.2699966430664,69.69000244140625,59.827022552490234,7013800,0.0,0.0,0.0
2019-01-22,69.13999938964844,69.16999816894531,68.36000061035156,68.69999694824219,58.97713088989258,4551800,0.0,0.0,0.0
2019-01-23,69.0999984741211,69.19999694824219,68.36000061035156,68.86000061035156,59.11449432373047,2361800,0.0,0.0,0.0
2019-01-24,68.94000244140625,69.19000244140625,68.76000213623047,69.06999969482422,59.2947883605957,2315600,0.0,0.0,0.0
2019-01-25,69.63999938964844,69.94000244140625,69.58999633789062,69.7699966430664,59.89570236206055,1552000,0.0,0.0,0.0
2019-01-28,69.16999816894531,69.33999633789062,68.88999938964844,69.31999969482422,59.50941467285156,4018600,0.0,0.0,0.0
2019-01-29,69.5199966430664,69.62999725341797,69.22000122070312,69.36000061035156,59.543731689453125,2179000,0.0,0.0,0.0
2019-01-30,69.75,70.56999969482422,69.5,70.33999633789062,60.3850212097168,2841500,0.0,0.0,0.0
2019-01-31,70.30999755859375,70.87000274658203,70.2300033569336,70.69000244140625,60.685508728027344,4554800,0.0,0.0,0.0
2019-02-01,70.7699966430664,70.88999938964844,70.5199966430664,70.69999694824219,60.6940803527832,2453500,0.0,0.0,0.0
2019-02-04,70.63999938964844,71.08000183105469,70.47000122070312,71.06999969482422,61.01173400878906,1979500,0.0,0.0,0.0
2019-02-05,71.30999755859375,71.58999633789062,71.29000091552734,71.55999755859375,61.4323844909668,2158300,0.0,0.0,0.0
2019-02-06,71.44999694824219,71.5,71.16000366210938,71.26000213623047,61.17485046386719,1363500,0.0,0.0,0.0
2019-02-07,70.80999755859375,70.93000030517578,70.1500015258789,70.56999969482422,60.58250045776367,2867600,0.0,0.0,0.0
2019-02-08,70.16000366210938,70.44000244140625,69.88999938964844,70.44000244140625,60.47087860107422,2493900,0.0,0.0,0.0
2019-02-11,70.56999969482422,70.62999725341797,70.29000091552734,70.44000244140625,60.47087860107422,1177700,0.0,0.0,0.0
2019-02-12,70.94000244140625,71.37999725341797,70.94000244140625,71.30000305175781,61.20916748046875,888300,0.0,0.0,0.0
2019-02-13,71.5,71.66000366210938,71.29000091552734,71.33000183105469,61.234928131103516,1181800,0.0,0.0,0.0
2019-02-14,71.12999725341797,71.5999984741211,71.0,71.31999969482422,61.22635269165039,1617500,0.0,0.0,0.0
2019-02-15,71.79000091552734,72.0999984741211,71.76000213623047,72.0999984741211,61.89594650268555,1658900,0.0,0.0,0.0
2019-02-19,71.9000015258789,72.43000030517578,71.87999725341797,72.27999877929688,62.05048751831055,3320900,0.0,0.0,0.0
2019-02-20,72.38999938964844,72.69000244140625,72.30999755859375,72.55000305175781,62.28227233886719,3021800,0.0,0.0,0.0
2019-02-21,72.44999694824219,72.44999694824219,72.05999755859375,72.27999877929688,62.05048751831055,817200,0.0,0.0,0.0
2019-02-22,72.52999877929688,72.83000183105469,72.48999786376953,72.73999786376953,62.445377349853516,7442800,0.0,0.0,0.0
2019-02-25,73.18000030517578,73.31999969482422,72.91000366210938,72.93000030517578,62.60848617553711,5360400,0.0,0.0,0.0
2019-02-26,72.8499984741211,73.22000122070312,72.8499984741211,73.01000213623047,62.677162170410156,2517700,0.0,0.0,0.0
2019-02-27,72.86000061035156,73.04000091552734,72.55999755859375,72.91999816894531,62.59988021850586,6202200,0.0,0.0,0.0
2019-02-28,72.83999633789062,72.88999938964844,72.61000061035156,72.68000030517578,62.39386749267578,4534700,0.0,0.0,0.0
2019-03-01,73.0999984741211,73.23999786376953,72.7300033569336,73.05000305175781,62.711509704589844,3100700,0.0,0.0,0.0
2019-03-04,73.3499984741211,73.36000061035156,72.30000305175781,72.83000183105469,62.52265548706055,1990600,0.0,0.0,0.0
2019-03-05,72.87000274658203,73.06999969482422,72.72000122070312,72.93000030517578,62.60848617553711,5713500,0.0,0.0,0.0
2019-03-06,72.91999816894531,72.93000030517578,72.44000244140625,72.48999786376953,62.23075485229492,2981800,0.0,0.0,0.0
2019-03-07,72.31999969482422,72.37999725341797,71.55999755859375,71.72000122070312,61.56972885131836,2713300,0.0,0.0,0.0
2019-03-08,71.23999786376953,71.58000183105469,71.08000183105469,71.52999877929688,61.40660858154297,1890300,0.0,0.0,0.0
2019-03-11,71.7699966430664,72.51000213623047,71.75,72.48999786376953,62.23075485229492,1327200,0.0,0.0,0.0
2019-03-12,72.62000274658203,72.77999877929688,72.56999969482422,72.66999816894531,62.38528060913086,7052700,0.0,0.0,0.0
2019-03-13,72.91999816894531,73.2699966430664,72.8499984741211,73.08999633789062,62.74583435058594,2184900,0.0,0.0,0.0
2019-03-14,73.08000183105469,73.12000274658203,72.87999725341797,73.0,62.66858673095703,1487800,0.0,0.0,0.0
2019-03-15,73.30999755859375,73.66000366210938,73.27999877929688,73.56999969482422,63.15791320800781,5173200,0.0,0.0,0.0
2019-03-18,73.69999694824219,73.94000244140625,73.61000061035156,73.9000015258789,63.44121170043945,1979900,0.0,0.0,0.0
2019-03-19,74.1500015258789,74.30999755859375,73.72000122070312,73.91000366210938,63.44979476928711,2505000,0.0,0.0,0.0
2019-03-20,73.7699966430664,74.2300033569336,73.31999969482422,73.79000091552734,63.34677505493164,5408600,0.0,0.0,0.0
2019-03-21,73.41999816894531,74.30000305175781,73.41999816894531,74.2300033569336,63.724517822265625,1791000,0.0,0.0,0.0
2019-03-22,73.6500015258789,73.73999786376953,72.69000244140625,72.72000122070312,62.4282112121582,2787700,0.0,0.0,0.0
2019-03-25,72.37000274658203,72.6500015258789,72.08000183105469,72.41999816894531,62.41183090209961,1830600,0.281,0.0,0.0
2019-03-26,72.87000274658203,73.11000061035156,72.55999755859375,72.8499984741211,62.78239440917969,1246600,0.0,0.0,0.0
2019-03-27,72.88999938964844,73.05999755859375,72.18000030517578,72.58000183105469,62.549713134765625,4485800,0.0,0.0,0.0
2019-03-28,72.66999816894531,72.8499984741211,72.37999725341797,72.77999877929688,62.72208786010742,2197800,0.0,0.0,0.0
2019-03-29,73.16000366210938,73.20999908447266,72.87000274658203,73.16999816894531,63.05818557739258,5722400,0.0,0.0,0.0
2019-04-01,73.76000213623047,74.16999816894531,73.76000213623047,74.11000061035156,63.86826705932617,1496000,0.0,0.0,0.0
2019-04-02,74.11000061035156,74.1500015258789,73.86000061035156,74.0999984741211,63.85965347290039,2192600,0.0,0.0,0.0
2019-04-03,74.55000305175781,74.72000122070312,74.26000213623047,74.41000366210938,64.12681579589844,1667600,0.0,0.0,0.0
2019-04-04,74.41999816894531,74.54000091552734,74.2699966430664,74.51000213623047,64.2129898071289,924800,0.0,0.0,0.0
2019-04-05,74.66999816894531,74.83999633789062,74.58000183105469,74.80999755859375,64.47154998779297,4255100,0.0,0.0,0.0
2019-04-08,74.76000213623047,74.91000366210938,74.55000305175781,74.9000015258789,64.54911041259766,2056000,0.0,0.0,0.0
2019-04-09,74.69999694824219,74.69999694824219,74.41000366210938,74.5,64.20439147949219,1918400,0.0,0.0,0.0
2019-04-10,74.66000366210938,74.83999633789062,74.54000091552734,74.80999755859375,64.47154998779297,547400,0.0,0.0,0.0
2019-04-11,74.87000274658203,74.87000274658203,74.52999877929688,74.68000030517578,64.35951232910156,4428800,0.0,0.0,0.0
2019-04-12,75.16000366210938,75.27999877929688,75.02999877929688,75.20999908447266,64.8162612915039,1231300,0.0,0.0,0.0
2019-04-15,75.20999908447266,75.20999908447266,74.91999816894531,75.08999633789062,64.71286010742188,1106200,0.0,0.0,0.0
2019-04-16,75.44000244140625,75.44000244140625,75.1500015258789,75.26000213623047,64.8593521118164,2298400,0.0,0.0,0.0
2019-04-17,75.54000091552734,75.58000183105469,75.05999755859375,75.16999816894531,64.78179931640625,2417400,0.0,0.0,0.0
2019-04-18,75.2300033569336,75.27999877929688,74.9000015258789,75.2300033569336,64.83348083496094,1334200,0.0,0.0,0.0
2019-04-22,75.01000213623047,75.18000030517578,74.97000122070312,75.16000366210938,64.77317810058594,940900,0.0,0.0,0.0
2019-04-23,75.19999694824219,75.66999816894531,75.11000061035156,75.63999938964844,65.18684387207031,828700,0.0,0.0,0.0
2019-04-24,75.44000244140625,75.45999908447266,75.1500015258789,75.2300033569336,64.83348083496094,1478500,0.0,0.0,0.0
2019-04-25,75.16999816894531,75.2699966430664,74.83000183105469,75.18000030517578,64.79041290283203,1323200,0.0,0.0,0.0
2019-04-26,75.29000091552734,75.54000091552734,75.08000183105469,75.54000091552734,65.10065460205078,860800,0.0,0.0,0.0
2019-04-29,75.58000183105469,75.7699966430664,75.5,75.63999938964844,65.18684387207031,661300,0.0,0.0,0.0
2019-04-30,75.61000061035156,75.76000213623047,75.26000213623047,75.70999908447266,65.24715423583984,2146700,0.0,0.0,0.0
2019-05-01,75.91000366210938,75.98999786376953,75.19000244140625,75.22000122070312,64.82488250732422,1759900,0.0,0.0,0.0
2019-05-02,75.2300033569336,75.41000366210938,74.75,75.11000061035156,64.73008728027344,1587700,0.0,0.0,0.0
2019-05-03,75.4800033569336,75.86000061035156,75.41999816894531,75.83000183105469,65.3505859375,946600,0.0,0.0,0.0
2019-05-06,74.48999786376953,75.37000274658203,74.3499984741211,75.30000305175781,64.89384460449219,2121800,0.0,0.0,0.0
2019-05-07,74.63999938964844,74.69000244140625,73.61000061035156,74.05000305175781,63.81657409667969,2874100,0.0,0.0,0.0
2019-05-08,74.0,74.41000366210938,73.83000183105469,74.04000091552734,63.80796432495117,3207800,0.0,0.0,0.0
2019-05-09,73.23999786376953,73.75,72.77999877929688,73.61000061035156,63.43737030029297,2215500,0.0,0.0,0.0
2019-05-10,73.43000030517578,74.12999725341797,72.73999786376953,73.97000122070312,63.747623443603516,4345900,0.0,0.0,0.0
2019-05-13,72.56999969482422,72.70999908447266,71.88999938964844,72.11000061035156,62.144683837890625,2660400,0.0,0.0,0.0
2019-05-14,72.52999877929688,73.1500015258789,72.47000122070312,72.86000061035156,62.79104232788086,2339900,0.0,0.0,0.0
2019-05-15,72.37999725341797,73.30999755859375,72.30999755859375,73.19999694824219,63.08403396606445,2164600,0.0,0.0,0.0
2019-05-16,73.37999725341797,74.08000183105469,73.37000274658203,73.73999786376953,63.54941940307617,1075100,0.0,0.0,0.0
2019-05-17,73.0999984741211,73.70999908447266,73.05999755859375,73.1500015258789,63.04096984863281,1197600,0.0,0.0,0.0
2019-05-20,72.80000305175781,73.0199966430664,72.5199966430664,72.73999786376953,62.6876106262207,1432800,0.0,0.0,0.0
2019-05-21,73.16000366210938,73.41999816894531,73.05999755859375,73.37999725341797,63.2391357421875,858100,0.0,0.0,0.0
2019-05-22,73.11000061035156,73.30000305175781,72.98999786376953,73.05000305175781,62.954769134521484,1143600,0.0,0.0,0.0
2019-05-23,72.41999816894531,72.41999816894531,71.87999725341797,72.2300033569336,62.24809646606445,1797600,0.0,0.0,0.0
2019-05-24,72.63999938964844,72.80000305175781,72.36000061035156,72.55999755859375,62.53246307373047,1167000,0.0,0.0,0.0
2019-05-28,72.66000366210938,72.88999938964844,71.9800033569336,71.98999786376953,62.04125213623047,7004400,0.0,0.0,0.0
2019-05-29,71.69000244140625,71.75,71.22000122070312,71.62999725341797,61.731014251708984,2104700,0.0,0.0,0.0
2019-05-30,71.80999755859375,72.02999877929688,71.5999984741211,71.87999725341797,61.94645309448242,1950500,0.0,0.0,0.0
2019-05-31,71.12999725341797,71.43000030517578,70.91999816894531,71.19000244140625,61.351829528808594,5620600,0.0,0.0,0.0
2019-06-03,71.33999633789062,71.61000061035156,71.01000213623047,71.30000305175781,61.44660949707031,6752800,0.0,0.0,0.0
2019-06-04,71.83000183105469,72.55999755859375,71.5999984741211,72.5199966430664,62.49801254272461,5617700,0.0,0.0,0.0
2019-06-05,72.9000015258789,72.9000015258789,72.33999633789062,72.7699966430664,62.71345520019531,1297700,0.0,0.0,0.0
2019-06-06,72.95999908447266,73.30000305175781,72.69999694824219,73.11000061035156,63.006492614746094,1528600,0.0,0.0,0.0
2019-06-07,73.5,74.12999725341797,73.45999908447266,73.8499984741211,63.64421844482422,1492300,0.0,0.0,0.0
2019-06-10,74.22000122070312,74.55000305175781,74.16000366210938,74.16000366210938,63.911376953125,1249700,0.0,0.0,0.0
2019-06-11,74.77999877929688,74.8499984741211,74.19999694824219,74.37000274658203,64.09235382080078,1165600,0.0,0.0,0.0
2019-06-12,74.19999694824219,74.2699966430664,73.94999694824219,74.01000213623047,63.782100677490234,1197000,0.0,0.0,0.0
2019-06-13,74.27999877929688,74.37000274658203,74.0199966430664,74.22000122070312,63.96307373046875,863400,0.0,0.0,0.0
2019-06-14,74.01000213623047,74.0199966430664,73.79000091552734,73.87000274658203,63.661460876464844,920100,0.0,0.0,0.0
2019-06-17,73.4000015258789,73.61000061035156,73.33999633789062,73.41999816894531,63.74915313720703,712300,0.551,0.0,0.0
2019-06-18,73.9000015258789,74.5199966430664,73.9000015258789,74.31999969482422,64.53057098388672,2964600,0.0,0.0,0.0
2019-06-19,74.48999786376953,74.76000213623047,74.20999908447266,74.66999816894531,64.83448791503906,2419000,0.0,0.0,0.0
2019-06-20,75.4800033569336,75.56999969482422,74.97000122070312,75.4000015258789,65.46836853027344,1185300,0.0,0.0,0.0
2019-06-21,75.19000244140625,75.38999938964844,75.06999969482422,75.12999725341797,65.2339096069336,1372300,0.0,0.0,0.0
2019-06-24,75.16000366210938,75.27999877929688,75.04000091552734,75.0999984741211,65.2078628540039,1266800,0.0,0.0,0.0
2019-06-25,75.11000061035156,75.16000366210938,74.41000366210938,74.44999694824219,64.64348602294922,1174700,0.0,0.0,0.0
2019-06-26,74.79000091552734,74.8499984741211,74.45999908447266,74.48999786376953,64.67820739746094,2807300,0.0,0.0,0.0
2019-06-27,74.70999908447266,74.88999938964844,74.6500015258789,74.81999969482422,64.96472930908203,1396200,0.0,0.0,0.0
2019-06-28,75.08999633789062,75.25,74.98999786376953,75.16000366210938,65.25994873046875,2162300,0.0,0.0,0.0
2019-07-01,76.0199966430664,76.16000366210938,75.54000091552734,75.80999755859375,65.82433319091797,1929100,0.0,0.0,0.0
2019-07-02,75.75,75.91999816894531,75.6500015258789,75.91999816894531,65.91983795166016,1356800,0.0,0.0,0.0
2019-07-03,76.12000274658203,76.43000030517578,76.08999633789062,76.41000366210938,66.34532928466797,614900,0.0,0.0,0.0
2019-07-05,75.94999694824219,76.16000366210938,75.55999755859375,76.11000061035156,66.0848159790039,1645700,0.0,0.0,0.0
2019-07-08,75.72000122070312,75.83999633789062,75.62000274658203,75.75,65.7722396850586,1202700,0.0,0.0,0.0
2019-07-09,75.33999633789062,75.69999694824219,75.26000213623047,75.62999725341797,65.66802978515625,1009700,0.0,0.0,0.0
2019-07-10,75.97000122070312,76.23999786376953,75.80999755859375,76.0,65.98930358886719,830700,0.0,0.0,0.0
2019-07-11,76.16999816894531,76.19000244140625,75.80999755859375,76.04000091552734,66.02403259277344,1243600,0.0,0.0,0.0
2019-07-12,76.19000244140625,76.30000305175781,76.02999877929688,76.30000305175781,66.24980926513672,1012300,0.0,0.0,0.0
2019-07-15,76.38999938964844,76.4000015258789,76.22000122070312,76.31999969482422,66.26715087890625,922900,0.0,0.0,0.0
2019-07-16,76.27999877929688,76.33000183105469,75.9800033569336,76.05999755859375,66.0414047241211,1135800,0.0,0.0,0.0
2019-07-17,76.0999984741211,76.13999938964844,75.69999694824219,75.69999694824219,65.72879791259766,844000,0.0,0.0,0.0
2019-07-18,75.61000061035156,76.05999755859375,75.45999908447266,76.01000213623047,65.99800872802734,2275700,0.0,0.0,0.0
2019-07-19,76.16000366210938,76.20999908447266,75.66999816894531,75.70999908447266,65.73750305175781,1258500,0.0,0.0,0.0
2019-07-22,75.80000305175781,75.9000015258789,75.66000366210938,75.79000091552734,65.80696868896484,837400,0.0,0.0,0.0
2019-07-23,76.16000366210938,76.30999755859375,75.94999694824219,76.27999877929688,66.23243713378906,2255100,0.0,0.0,0.0
2019-07-24,76.04000091552734,76.54000091552734,76.04000091552734,76.52999877929688,66.44949340820312,917500,0.0,0.0,0.0
2019-07-25,76.44999694824219,76.44999694824219,75.86000061035156,75.9800033569336,65.97193908691406,1666700,0.0,0.0,0.0
2019-07-26,76.18000030517578,76.41999816894531,76.18000030517578,76.36000061035156,66.3018798828125,3182700,0.0,0.0,0.0
2019-07-29,76.4000015258789,76.44999694824219,76.12999725341797,76.29000091552734,66.24110412597656,1470100,0.0,0.0,0.0
2019-07-30,75.76000213623047,75.94000244140625,75.5999984741211,75.8499984741211,65.85906219482422,1640900,0.0,0.0,0.0
2019-07-31,75.91000366210938,75.98999786376953,74.58000183105469,75.16000366210938,65.25994873046875,2355500,0.0,0.0,0.0
2019-08-01,75.30000305175781,75.91000366210938,74.31999969482422,74.55999755859375,64.73897552490234,2228300,0.0,0.0,0.0
2019-08-02,74.30000305175781,74.30000305175781,73.51000213623047,73.87000274658203,64.13988494873047,4096800,0.0,0.0,0.0
2019-08-05,72.76000213623047,72.7699966430664,71.30999755859375,71.80999755859375,62.3511962890625,3968800,0.0,0.0,0.0
2019-08-06,72.33999633789062,72.62999725341797,71.9000015258789,72.61000061035156,63.04583740234375,5379400,0.0,0.0,0.0
2019-08-07,72.05999755859375,72.94000244140625,71.55000305175781,72.81999969482422,63.22817611694336,2830100,0.0,0.0,0.0
2019-08-08,73.19999694824219,73.97000122070312,73.04000091552734,73.94999694824219,64.2093276977539,1530300,0.0,0.0,0.0
2019-08-09,73.72000122070312,73.80000305175781,73.05999755859375,73.37999725341797,63.71441650390625,2156600,0.0,0.0,0.0
2019-08-12,73.0,73.08999633789062,72.38999938964844,72.61000061035156,63.04583740234375,1542000,0.0,0.0,0.0
2019-08-13,72.48999786376953,73.87000274658203,72.36000061035156,73.52999877929688,63.84465026855469,1021700,0.0,0.0,0.0
2019-08-14,72.2699966430664,72.41999816894531,71.33999633789062,71.37999725341797,61.977848052978516,2370900,0.0,0.0,0.0
2019-08-15,71.72000122070312,71.83999633789062,71.19000244140625,71.63999938964844,62.203590393066406,2286200,0.0,0.0,0.0
2019-08-16,72.1500015258789,72.70999908447266,72.0999984741211,72.62999725341797,63.063209533691406,559500,0.0,0.0,0.0
2019-08-19,73.41999816894531,73.43000030517578,73.18000030517578,73.25,63.601531982421875,1595700,0.0,0.0,0.0
2019-08-20,73.16999816894531,73.26000213623047,72.81999969482422,72.8499984741211,63.25421142578125,1418500,0.0,0.0,0.0
2019-08-21,73.5,73.5999984741211,73.30000305175781,73.45999908447266,63.78388214111328,803500,0.0,0.0,0.0
2019-08-22,73.56999969482422,73.6500015258789,72.94000244140625,73.30999755859375,63.653621673583984,1239000,0.0,0.0,0.0
2019-08-23,73.0199966430664,73.51000213623047,71.62000274658203,71.80000305175781,62.34251403808594,2166600,0.0,0.0,0.0
2019-08-26,72.43000030517578,72.56999969482422,72.0999984741211,72.5,62.95032501220703,1345400,0.0,0.0,0.0
2019-08-27,72.87000274658203,72.94999694824219,72.13999938964844,72.2699966430664,62.7506103515625,2222300,0.0,0.0,0.0
2019-08-28,72.1500015258789,72.69000244140625,71.93000030517578,72.63999938964844,63.0718879699707,2509600,0.0,0.0,0.0
2019-08-29,73.30999755859375,73.55999755859375,73.04000091552734,73.44999694824219,63.77518844604492,1025900,0.0,0.0,0.0
2019-08-30,73.83999633789062,73.87000274658203,73.2699966430664,73.58000183105469,63.8880615234375,1302300,0.0,0.0,0.0
2019-09-03,73.05999755859375,73.26000213623047,72.81999969482422,73.19000244140625,63.5494499206543,2041200,0.0,0.0,0.0
2019-09-04,73.87000274658203,74.11000061035156,73.75,74.08999633789062,64.33087158203125,712200,0.0,0.0,0.0
2019-09-05,74.70999908447266,75.1500015258789,74.70999908447266,74.93000030517578,65.06023406982422,1038700,0.0,0.0,0.0
2019-09-06,75.04000091552734,75.19999694824219,74.94999694824219,75.05999755859375,65.1731185913086,1003700,0.0,0.0,0.0
2019-09-09,75.27999877929688,75.27999877929688,74.88999938964844,75.12000274658203,65.22523498535156,981200,0.0,0.0,0.0
2019-09-10,74.9800033569336,75.1500015258789,74.66000366210938,75.1500015258789,65.25125885009766,1245000,0.0,0.0,0.0
2019-09-11,75.38999938964844,75.69999694824219,75.20999908447266,75.68000030517578,65.71147155761719,896100,0.0,0.0,0.0
2019-09-12,75.94999694824219,76.2300033569336,75.70999908447266,76.0199966430664,66.00666046142578,1226400,0.0,0.0,0.0
2019-09-13,76.26000213623047,76.44000244140625,76.0999984741211,76.16999816894531,66.13689422607422,1006300,0.0,0.0,0.0
2019-09-16,75.83000183105469,76.0199966430664,75.76000213623047,75.88999938964844,65.893798828125,2051300,0.0,0.0,0.0
2019-09-17,75.7300033569336,76.05999755859375,75.63999938964844,76.04000091552734,66.02403259277344,651400,0.0,0.0,0.0
2019-09-18,75.95999908447266,76.01000213623047,75.36000061035156,75.9800033569336,65.97193908691406,638200,0.0,0.0,0.0
2019-09-19,76.13999938964844,76.4000015258789,75.98999786376953,76.02999877929688,66.01535034179688,4272100,0.0,0.0,0.0
2019-09-20,76.22000122070312,76.30999755859375,75.62999725341797,75.77999877929688,65.79827880859375,1045300,0.0,0.0,0.0
2019-09-23,75.58999633789062,75.87999725341797,75.5,75.76000213623047,65.78093719482422,1033200,0.0,0.0,0.0
2019-09-24,75.58999633789062,75.58999633789062,74.66000366210938,74.83000183105469,65.34862518310547,3594000,0.435,0.0,0.0
2019-09-25,74.69000244140625,75.12000274658203,74.33000183105469,74.98999786376953,65.48834991455078,1501300,0.0,0.0,0.0
2019-09-26,75.1500015258789,75.1500015258789,74.70999908447266,75.0199966430664,65.51455688476562,4895900,0.0,0.0,0.0
2019-09-27,75.1500015258789,75.1500015258789,74.2300033569336,74.55000305175781,65.10411071777344,1898200,0.0,0.0,0.0
2019-09-30,74.61000061035156,74.9800033569336,74.61000061035156,74.81999969482422,65.33991241455078,943100,0.0,0.0,0.0
2019-10-01,74.94000244140625,75.0,73.95999908447266,74.0199966430664,64.64126586914062,3799800,0.0,0.0,0.0
2019-10-02,73.43000030517578,73.52999877929688,72.5,72.80000305175781,63.575843811035156,2382600,0.0,0.0,0.0
2019-10-03,72.83000183105469,73.37000274658203,72.25,73.36000061035156,64.06491088867188,2867100,0.0,0.0,0.0
2019-10-04,73.55000305175781,74.18000030517578,73.47000122070312,74.13999938964844,64.74606323242188,3743000,0.0,0.0,0.0
2019-10-07,74.0,74.31999969482422,73.8499984741211,73.9000015258789,64.53649139404297,2932500,0.0,0.0,0.0
2019-10-08,73.44000244140625,73.54000091552734,72.9000015258789,72.93000030517578,63.68938446044922,1967800,0.0,0.0,0.0
2019-10-09,73.52999877929688,73.7300033569336,73.31999969482422,73.54000091552734,64.22209930419922,4600900,0.0,0.0,0.0
2019-10-10,73.55999755859375,74.2300033569336,73.5,74.05000305175781,64.66748046875,2487000,0.0,0.0,0.0
2019-10-11,74.94000244140625,75.52999877929688,74.91000366210938,75.04000091552734,65.53202819824219,2290900,0.0,0.0,0.0
2019-10-14,74.87000274658203,74.98999786376953,74.77999877929688,74.8499984741211,65.36608123779297,751400,0.0,0.0,0.0
2019-10-15,75.13999938964844,75.80000305175781,75.06999969482422,75.62999725341797,66.04727172851562,1263700,0.0,0.0,0.0
2019-10-16,75.55999755859375,75.72000122070312,75.41999816894531,75.58999633789062,66.01234436035156,1224100,0.0,0.0,0.0
2019-10-17,75.88999938964844,76.05999755859375,75.63999938964844,75.80000305175781,66.19573974609375,1265200,0.0,0.0,0.0
2019-10-18,75.72000122070312,75.8499984741211,75.31999969482422,75.56999969482422,65.99486541748047,2231000,0.0,0.0,0.0
2019-10-21,75.98999786376953,76.0999984741211,75.91000366210938,76.0999984741211,66.45772552490234,853800,0.0,0.0,0.0
2019-10-22,76.2300033569336,76.30000305175781,75.87000274658203,75.88999938964844,66.27434539794922,1015800,0.0,0.0,0.0
2019-10-23,75.88999938964844,76.12999725341797,75.77999877929688,76.11000061035156,66.46643829345703,877400,0.0,0.0,0.0
2019-10-24,76.43000030517578,76.44999694824219,76.08000183105469,76.2699966430664,66.6061782836914,1254100,0.0,0.0,0.0
2019-10-25,76.16000366210938,76.62000274658203,76.11000061035156,76.55999755859375,66.85942840576172,1559200,0.0,0.0,0.0
2019-10-28,76.83999633789062,77.04000091552734,76.81999969482422,76.97000122070312,67.21747589111328,1248500,0.0,0.0,0.0
2019-10-29,76.79000091552734,77.05999755859375,76.7699966430664,76.9000015258789,67.1563720703125,1058300,0.0,0.0,0.0
2019-10-30,76.91999816894531,77.22000122070312,76.5199966430664,77.13999938964844,67.3659439086914,1530300,0.0,0.0,0.0
2019-10-31,77.06999969482422,77.06999969482422,76.52999877929688,76.91000366210938,67.16509246826172,2494800,0.0,0.0,0.0
2019-11-01,77.33000183105469,77.68000030517578,77.33000183105469,77.66999816894531,67.82877349853516,595200,0.0,0.0,0.0
2019-11-04,78.19000244140625,78.25,77.97000122070312,78.04000091552734,68.15193176269531,1222400,0.0,0.0,0.0
2019-11-05,78.16999816894531,78.22000122070312,77.91999816894531,78.05000305175781,68.16063690185547,1460800,0.0,0.0,0.0
2019-11-06,77.98999786376953,78.12999725341797,77.81999969482422,78.04000091552734,68.15193176269531,995500,0.0,0.0,0.0
2019-11-07,78.41000366210938,78.54000091552734,78.19999694824219,78.29000091552734,68.3702621459961,1312000,0.0,0.0,0.0
2019-11-08,78.08000183105469,78.3499984741211,77.9000015258789,78.3499984741211,68.4226303100586,898400,0.0,0.0,0.0
2019-11-11,77.91999816894531,78.16999816894531,77.80000305175781,78.1500015258789,68.24799346923828,777400,0.0,0.0,0.0
2019-11-12,78.1500015258789,78.41999816894531,78.04000091552734,78.20999908447266,68.3003921508789,1553600,0.0,0.0,0.0
2019-11-13,77.80000305175781,78.1500015258789,77.6500015258789,78.06999969482422,68.1781005859375,1057900,0.0,0.0,0.0
2019-11-14,77.93000030517578,78.08999633789062,77.7699966430664,78.08999633789062,68.1955795288086,923100,0.0,0.0,0.0
2019-11-15,78.43000030517578,78.63999938964844,78.30999755859375,78.63999938964844,68.67588806152344,649000,0.0,0.0,0.0
2019-11-18,78.58999633789062,78.72000122070312,78.37000274658203,78.66999816894531,68.70210266113281,1002500,0.0,0.0,0.0
2019-11-19,78.91999816894531,78.91999816894531,78.51000213623047,78.69000244140625,68.71956634521484,981000,0.0,0.0,0.0
2019-11-20,78.45999908447266,78.58000183105469,77.95999908447266,78.30000305175781,68.37895965576172,3309700,0.0,0.0,0.0
2019-11-21,78.33000183105469,78.33000183105469,77.95999908447266,78.20999908447266,68.3003921508789,780800,0.0,0.0,0.0
2019-11-22,78.45999908447266,78.45999908447266,78.12000274658203,78.37999725341797,68.44882202148438,1035600,0.0,0.0,0.0
2019-11-25,78.69000244140625,79.0,78.62999725341797,78.9800033569336,68.97280883789062,1387100,0.0,0.0,0.0
2019-11-26,78.97000122070312,79.0999984741211,78.83000183105469,79.05000305175781,69.033935546875,1275500,0.0,0.0,0.0
2019-11-27,79.23999786376953,79.38999938964844,79.13999938964844,79.37000274658203,69.31338500976562,4083700,0.0,0.0,0.0
2019-11-29,79.01000213623047,79.05999755859375,78.83999633789062,78.87999725341797,68.88548278808594,698500,0.0,0.0,0.0
2019-12-02,78.9000015258789,78.93000030517578,78.16999816894531,78.31999969482422,68.39644622802734,1349300,0.0,0.0,0.0
2019-12-03,77.66999816894531,77.91999816894531,77.30999755859375,77.91000366210938,68.03838348388672,3234400,0.0,0.0,0.0
2019-12-04,78.33999633789062,78.5999984741211,78.26000213623047,78.5,68.55364227294922,1299600,0.0,0.0,0.0
2019-12-05,78.66000366210938,78.68000030517578,78.30000305175781,78.56999969482422,68.61478424072266,1227500,0.0,0.0,0.0
2019-12-06,79.16000366210938,79.3499984741211,79.0999984741211,79.2699966430664,69.22608947753906,1497500,0.0,0.0,0.0
2019-12-09,79.16999816894531,79.30999755859375,78.97000122070312,79.0,68.99027252197266,1074900,0.0,0.0,0.0
2019-12-10,78.97000122070312,79.12999725341797,78.76000213623047,78.93000030517578,68.92915344238281,1684500,0.0,0.0,0.0
2019-12-11,79.05000305175781,79.37000274658203,79.0199966430664,79.2699966430664,69.22608947753906,1081300,0.0,0.0,0.0
2019-12-12,79.33000183105469,80.12000274658203,79.23999786376953,80.0,69.86357879638672,2525600,0.0,0.0,0.0
2019-12-13,80.08999633789062,80.58999633789062,79.87000274658203,80.13999938964844,69.98583984375,2941100,0.0,0.0,0.0
2019-12-16,80.77999877929688,80.94999694824219,80.68000030517578,80.81999969482422,70.57964324951172,2190200,0.0,0.0,0.0
2019-12-17,80.81999969482422,80.87999725341797,80.72000122070312,80.79000091552734,70.55349731445312,5313900,0.0,0.0,0.0
2019-12-18,80.91000366210938,80.91000366210938,80.76000213623047,80.81999969482422,70.57964324951172,1062400,0.0,0.0,0.0
2019-12-19,80.7699966430664,81.02999877929688,80.73999786376953,81.02999877929688,70.76304626464844,866900,0.0,0.0,0.0
2019-12-20,81.30999755859375,81.37000274658203,81.19000244140625,81.2699966430664,70.97264862060547,1877600,0.0,0.0,0.0
2019-12-23,80.80999755859375,80.80999755859375,80.68000030517578,80.7699966430664,71.07032012939453,3628500,0.611,0.0,0.0
2019-12-24,80.80000305175781,80.91999816894531,80.6500015258789,80.73999786376953,71.0439453125,1185700,0.0,0.0,0.0
2019-12-26,80.91000366210938,81.12000274658203,80.86000061035156,81.11000061035156,71.3695068359375,750100,0.0,0.0,0.0
2019-12-27,81.4000015258789,81.41000366210938,81.05999755859375,81.20999908447266,71.45748138427734,1034800,0.0,0.0,0.0
2019-12-30,81.30999755859375,81.36000061035156,80.6500015258789,80.7300033569336,71.03514099121094,1041500,0.0,0.0,0.0
2019-12-31,80.73999786376953,81.02999877929688,80.61000061035156,80.98999786376953,71.26388549804688,1034700,0.0,0.0,0.0
2020-01-02,81.43000030517578,81.80999755859375,81.31999969482422,81.80999755859375,71.98543548583984,946100,0.0,0.0,0.0
2020-01-03,80.9000015258789,81.4000015258789,80.80000305175781,81.06999969482422,71.33427429199219,2310500,0.0,0.0,0.0
2020-01-06,80.66999816894531,81.37000274658203,80.66000366210938,81.37000274658203,71.59825897216797,2641500,0.0,0.0,0.0
2020-01-07,81.29000091552734,81.29000091552734,80.98999786376953,81.12000274658203,71.3783187866211,1339100,0.0,0.0,0.0
2020-01-08,81.08999633789062,81.7300033569336,81.08000183105469,81.44999694824219,71.66864776611328,3532800,0.0,0.0,0.0
2020-01-09,81.81999969482422,81.86000061035156,81.5999984741211,81.8499984741211,72.02062225341797,2239700,0.0,0.0,0.0
2020-01-10,82.0,82.04000091552734,81.56999969482422,81.68000030517578,71.87103271484375,2477100,0.0,0.0,0.0
2020-01-13,81.83999633789062,82.26000213623047,81.69999694824219,82.26000213623047,72.38140106201172,1698100,0.0,0.0,0.0
2020-01-14,82.11000061035156,82.41000366210938,82.01000213623047,82.2300033569336,72.3550033569336,1731100,0.0,0.0,0.0
2020-01-15,82.0999984741211,82.43000030517578,82.06999969482422,82.23999786376953,72.36376190185547,1667500,0.0,0.0,0.0
2020-01-16,82.5999984741211,82.83000183105469,82.51000213623047,82.83000183105469,72.88294219970703,2916400,0.0,0.0,0.0
2020-01-17,83.06999969482422,83.08000183105469,82.83999633789062,83.08000183105469,73.1029281616211,3340500,0.0,0.0,0.0
2020-01-21,82.61000061035156,82.77999877929688,82.48999786376953,82.55000305175781,72.6365737915039,1517600,0.0,0.0,0.0
2020-01-22,82.83999633789062,83.02999877929688,82.58999633789062,82.66000366210938,72.73339080810547,1433800,0.0,0.0,0.0
2020-01-23,82.37000274658203,82.62000274658203,82.02999877929688,82.56999969482422,72.6541748046875,3729800,0.0,0.0,0.0
2020-01-24,82.80000305175781,82.80000305175781,81.62999725341797,81.91999816894531,72.08222198486328,1141800,0.0,0.0,0.0
2020-01-27,80.36000061035156,80.76000213623047,80.1500015258789,80.4000015258789,70.74474334716797,1518300,0.0,0.0,0.0
2020-01-28,80.76000213623047,81.30000305175781,80.61000061035156,81.19000244140625,71.43991088867188,909600,0.0,0.0,0.0
2020-01-29,81.45999908447266,81.4800033569336,81.02999877929688,81.11000061035156,71.3695068359375,2018100,0.0,0.0,0.0
2020-01-30,80.45999908447266,81.16000366210938,80.20999908447266,81.11000061035156,71.3695068359375,2065300,0.0,0.0,0.0
2020-01-31,80.62000274658203,80.68000030517578,79.41000366210938,79.7300033569336,70.15522766113281,3320800,0.0,0.0,0.0
2020-02-03,80.0,80.56999969482422,80.0,80.16999816894531,70.5423812866211,5620700,0.0,0.0,0.0
2020-02-04,81.30999755859375,81.6500015258789,81.20999908447266,81.48999786376953,71.70386505126953,2612700,0.0,0.0,0.0
2020-02-05,82.31999969482422,82.33999633789062,81.87999725341797,82.2300033569336,72.3550033569336,1321100,0.0,0.0,0.0
2020-02-06,82.56999969482422,82.56999969482422,82.29000091552734,82.48999786376953,72.5837631225586,1473100,0.0,0.0,0.0
2020-02-07,82.06999969482422,82.13999938964844,81.72000122070312,81.81999969482422,71.99422454833984,1224200,0.0,0.0,0.0
2020-02-10,81.68000030517578,82.25,81.5999984741211,82.25,72.37258911132812,1236700,0.0,0.0,0.0
2020-02-11,82.7300033569336,82.97000122070312,82.51000213623047,82.66000366210938,72.73339080810547,863100,0.0,0.0,0.0
2020-02-12,83.06999969482422,83.2300033569336,82.94999694824219,83.16999816894531,73.18211364746094,1581500,0.0,0.0,0.0
2020-02-13,82.68000030517578,83.08999633789062,82.52999877929688,82.87000274658203,72.91813659667969,1397200,0.0,0.0,0.0
2020-02-14,82.98999786376953,82.98999786376953,82.62999725341797,82.93000030517578,72.97093200683594,1184300,0.0,0.0,0.0
2020-02-18,82.55999755859375,82.69999694824219,82.30999755859375,82.56999969482422,72.6541748046875,838200,0.0,0.0,0.0
2020-02-19,82.8499984741211,83.12999725341797,82.83999633789062,83.01000213623047,73.04131317138672,933200,0.0,0.0,0.0
2020-02-20,82.76000213623047,82.94999694824219,81.91999816894531,82.55000305175781,72.6365737915039,1752800,0.0,0.0,0.0
2020-02-21,82.2699966430664,82.29000091552734,81.70999908447266,81.87999725341797,72.0470199584961,1559700,0.0,0.0,0.0
2020-02-24,79.12000274658203,79.69999694824219,78.87000274658203,79.06999969482422,69.57447814941406,4228900,0.0,0.0,0.0
2020-02-25,79.4800033569336,79.5999984741211,77.01000213623047,77.19000244140625,67.92024993896484,4673800,0.0,0.0,0.0
2020-02-26,77.66999816894531,78.41999816894531,76.9000015258789,77.05999755859375,67.80587005615234,3064200,0.0,0.0,0.0
2020-02-27,75.6500015258789,76.58000183105469,74.20999908447266,74.20999908447266,65.29812622070312,3975100,0.0,0.0,0.0
2020-02-28,72.18000030517578,73.97000122070312,71.48999786376953,73.97000122070312,65.08692932128906,5141500,0.0,0.0,0.0
2020-03-02,74.05999755859375,76.0,73.2699966430664,76.0,66.8731460571289,5925800,0.0,0.0,0.0
2020-03-03,76.30999755859375,77.18000030517578,73.94999694824219,74.52999877929688,65.57969665527344,3966100,0.0,0.0,0.0
2020-03-04,75.94000244140625,77.08999633789062,75.25,77.0199966430664,67.77066802978516,2844800,0.0,0.0,0.0
2020-03-05,75.3499984741211,76.0199966430664,74.33000183105469,74.81999969482422,65.83486938476562,3932900,0.0,0.0,0.0
2020-03-06,72.91999816894531,73.80000305175781,72.22000122070312,73.5,64.67337036132812,4001100,0.0,0.0,0.0
2020-03-09,68.5,69.83999633789062,67.52999877929688,67.69999694824219,59.56990051269531,6982500,0.0,0.0,0.0
2020-03-10,70.37000274658203,70.83000183105469,67.79000091552734,70.7699966430664,62.27122497558594,4453900,0.0,0.0,0.0
2020-03-11,68.81999969482422,69.11000061035156,66.58000183105469,67.2699966430664,59.19154739379883,8103600,0.0,0.0,0.0
2020-03-12,63.119998931884766,63.849998474121094,60.38999938964844,60.38999938964844,53.13777542114258,8389500,0.0,0.0,0.0
2020-03-13,64.69000244140625,65.19999694824219,60.599998474121094,65.19999694824219,57.37012481689453,4975000,0.0,0.0,0.0
2020-03-16,58.0,60.9900016784668,57.369998931884766,57.61000061035156,50.691619873046875,5240200,0.0,0.0,0.0
2020-03-17,58.790000915527344,61.040000915527344,57.13999938964844,60.91999816894531,53.60411071777344,6849400,0.0,0.0,0.0
2020-03-18,56.66999816894531,58.47999954223633,54.720001220703125,57.040000915527344,50.1900520324707,6248500,0.0,0.0,0.0
2020-03-19,56.61000061035156,58.79999923706055,55.45000076293945,57.599998474121094,50.682804107666016,4913100,0.0,0.0,0.0
2020-03-20,58.869998931884766,59.34000015258789,55.900001525878906,56.029998779296875,49.30135726928711,6390600,0.0,0.0,0.0
2020-03-23,55.630001068115234,56.0,53.70000076293945,54.47999954223633,48.12732696533203,5791400,0.221,0.0,0.0
2020-03-24,58.0,59.5,57.599998474121094,59.459999084472656,52.52663040161133,5687800,0.0,0.0,0.0
2020-03-25,60.0,62.47999954223633,58.88999938964844,60.81999969482422,53.728050231933594,5777600,0.0,0.0,0.0
2020-03-26,61.40999984741211,64.0999984741211,61.27000045776367,63.900001525878906,56.44889450073242,3795000,0.0,0.0,0.0
2020-03-27,61.7599983215332,63.290000915527344,61.220001220703125,61.77000045776367,54.5672721862793,4055400,0.0,0.0,0.0
2020-03-30,62.189998626708984,63.4900016784668,61.66999816894531,63.40999984741211,56.01603317260742,4027900,0.0,0.0,0.0
2020-03-31,63.0099983215332,63.79999923706055,62.2400016784668,62.79999923706055,55.477169036865234,5273400,0.0,0.0,0.0
2020-04-01,60.70000076293945,61.279998779296875,59.689998626708984,60.029998779296875,53.0301628112793,3587000,0.0,0.0,0.0
2020-04-02,60.04999923706055,61.59000015258789,59.84000015258789,61.2599983215332,54.11674118041992,2834800,0.0,0.0,0.0
2020-04-03,60.79999923706055,61.25,59.630001068115234,60.189998626708984,53.171504974365234,1618400,0.0,0.0,0.0
2020-04-06,62.540000915527344,64.25,62.290000915527344,63.880001068115234,56.43122482299805,2734700,0.0,0.0,0.0
2020-04-07,66.1500015258789,66.2300033569336,64.06999969482422,64.12000274658203,56.64324951171875,6051000,0.0,0.0,0.0
2020-04-08,64.6500015258789,65.9000015258789,64.08999633789062,65.66000366210938,58.003684997558594,2127600,0.0,0.0,0.0
2020-04-09,66.61000061035156,67.41999816894531,66.2300033569336,66.87999725341797,59.081417083740234,2124300,0.0,0.0,0.0
2020-04-13,66.73999786376953,66.75,65.41999816894531,66.27999877929688,58.55138397216797,1975800,0.0,0.0,0.0
2020-04-14,67.55000305175781,68.0999984741211,67.29000091552734,67.87000274658203,59.95597457885742,2635700,0.0,0.0,0.0
2020-04-15,66.26000213623047,66.54000091552734,65.75,66.0999984741211,58.392372131347656,2544600,0.0,0.0,0.0
2020-04-16,66.44000244140625,66.61000061035156,65.70999908447266,66.36000061035156,58.62205123901367,1694700,0.0,0.0,0.0
2020-04-17,67.91999816894531,68.25,67.27999877929688,68.11000061035156,60.16798400878906,2116700,0.0,0.0,0.0
2020-04-20,67.1500015258789,68.11000061035156,67.0199966430664,67.08999633789062,59.26692581176758,1943400,0.0,0.0,0.0
2020-04-21,65.91000366210938,66.30000305175781,65.0199966430664,65.19000244140625,57.588497161865234,2132200,0.0,0.0,0.0
2020-04-22,66.5,66.88999938964844,66.20999908447266,66.62000274658203,58.85173797607422,3702300,0.0,0.0,0.0
2020-04-23,66.9800033569336,67.75,66.4800033569336,66.56999969482422,58.80757522583008,2181800,0.0,0.0,0.0
2020-04-24,66.95999908447266,67.44000244140625,66.43000030517578,67.30000305175781,59.452430725097656,5313200,0.0,0.0,0.0
2020-04-27,67.88999938964844,68.62000274658203,67.7699966430664,68.44000244140625,60.45951843261719,1913700,0.0,0.0,0.0
2020-04-28,69.44000244140625,69.58000183105469,68.4000015258789,68.44000244140625,60.45951843261719,1752700,0.0,0.0,0.0
2020-04-29,69.8499984741211,70.66000366210938,69.69000244140625,70.38999938964844,62.1821403503418,3462200,0.0,0.0,0.0
2020-04-30,69.87000274658203,69.91999816894531,68.97000122070312,69.30999755859375,61.228065490722656,2688700,0.0,0.0,0.0
2020-05-01,68.06999969482422,68.20999908447266,67.19000244140625,67.51000213623047,59.63795852661133,2026500,0.0,0.0,0.0
2020-05-04,67.05999755859375,67.76000213623047,66.77999877929688,67.70999908447266,59.81463623046875,1491800,0.0,0.0,0.0
2020-05-05,68.36000061035156,68.81999969482422,68.05999755859375,68.19000244140625,60.238670349121094,1702000,0.0,0.0,0.0
2020-05-06,68.6500015258789,68.7300033569336,67.76000213623047,67.79000091552734,59.88530349731445,1449400,0.0,0.0,0.0
2020-05-07,68.62999725341797,69.08999633789062,68.5,68.70999908447266,60.698020935058594,1956200,0.0,0.0,0.0
2020-05-08,69.4800033569336,69.98999786376953,69.31999969482422,69.91999816894531,61.766937255859375,2241500,0.0,0.0,0.0
2020-05-11,69.4000015258789,70.20999908447266,69.37000274658203,69.91000366210938,61.758094787597656,1860100,0.0,0.0,0.0
2020-05-12,70.13999938964844,70.30999755859375,68.70999908447266,68.70999908447266,60.698020935058594,1998300,0.0,0.0,0.0
2020-05-13,68.7699966430664,68.94999694824219,67.19999694824219,67.75,59.849971771240234,4021400,0.0,0.0,0.0
2020-05-14,66.75,68.05999755859375,66.16000366210938,68.05999755859375,60.123809814453125,2938000,0.0,0.0,0.0
2020-05-15,67.52999877929688,68.19000244140625,67.36000061035156,68.19000244140625,60.238670349121094,2069600,0.0,0.0,0.0
2020-05-18,69.9000015258789,70.88999938964844,69.9000015258789,70.58999633789062,62.35881805419922,2254800,0.0,0.0,0.0
2020-05-19,70.5199966430664,70.77999877929688,69.87000274658203,69.87999725341797,61.73161315917969,2272400,0.0,0.0,0.0
2020-05-20,70.87999725341797,71.37999725341797,70.8499984741211,71.08999633789062,62.80049514770508,1865500,0.0,0.0,0.0
2020-05-21,70.9000015258789,71.16000366210938,70.19000244140625,70.4800033569336,62.26163101196289,2811900,0.0,0.0,0.0
2020-05-22,70.25,70.43000030517578,69.93000030517578,70.41000366210938,62.19980239868164,1387900,0.0,0.0,0.0
2020-05-26,72.27999877929688,72.36000061035156,71.68000030517578,71.75,63.38356399536133,2384400,0.0,0.0,0.0
2020-05-27,72.58999633789062,72.76000213623047,71.38999938964844,72.72000122070312,64.24042510986328,3038100,0.0,0.0,0.0
2020-05-28,73.20999908447266,73.63999938964844,72.63999938964844,72.76000213623047,64.27578735351562,2453300,0.0,0.0,0.0
2020-05-29,72.66999816894531,73.04000091552734,71.93000030517578,72.91999816894531,64.41712188720703,3597400,0.0,0.0,0.0
2020-06-01,73.13999938964844,73.93000030517578,73.0199966430664,73.86000061035156,65.24752044677734,1849700,0.0,0.0,0.0
2020-06-02,74.22000122070312,74.70999908447266,74.0999984741211,74.68000030517578,65.97187042236328,1445300,0.0,0.0,0.0
2020-06-03,75.37999725341797,76.26000213623047,75.31999969482422,76.01000213623047,67.14681243896484,2180000,0.0,0.0,0.0
2020-06-04,75.6500015258789,76.0999984741211,75.26000213623047,75.63999938964844,66.81995391845703,2087900,0.0,0.0,0.0
2020-06-05,77.20999908447266,77.97000122070312,77.20999908447266,77.45999908447266,68.42772674560547,3076700,0.0,0.0,0.0
2020-06-08,77.72000122070312,78.44000244140625,77.47000122070312,78.43000030517578,69.28460693359375,2550400,0.0,0.0,0.0
2020-06-09,77.5,77.91999816894531,77.27999877929688,77.61000061035156,68.56024169921875,3963700,0.0,0.0,0.0
2020-06-10,77.83000183105469,78.05999755859375,77.13999938964844,77.37999725341797,68.3570556640625,2512800,0.0,0.0,0.0
2020-06-11,75.37000274658203,75.44999694824219,72.8499984741211,72.97000122070312,64.46128845214844,2674200,0.0,0.0,0.0
2020-06-12,74.91000366210938,75.08000183105469,72.80999755859375,74.06999969482422,65.43301391601562,2519800,0.0,0.0,0.0
2020-06-15,72.51000213623047,74.80999755859375,72.2699966430664,74.5199966430664,65.83053588867188,1668800,0.0,0.0,0.0
2020-06-16,76.51000213623047,76.5199966430664,74.70999908447266,75.79000091552734,66.95247650146484,1642000,0.0,0.0,0.0
2020-06-17,76.1500015258789,76.20999908447266,75.5199966430664,75.68000030517578,66.85528564453125,1784300,0.0,0.0,0.0
2020-06-18,75.2699966430664,75.7699966430664,75.16999816894531,75.61000061035156,66.79345703125,1032100,0.0,0.0,0.0
2020-06-19,76.44999694824219,76.47000122070312,75.01000213623047,75.26000213623047,66.4842529296875,5600000,0.0,0.0,0.0
2020-06-22,75.0,75.62000274658203,74.7300033569336,75.55999755859375,67.07009887695312,1910300,0.36,0.0,0.0
2020-06-23,76.29000091552734,76.41999816894531,75.83000183105469,75.87000274658203,67.34526824951172,1509600,0.0,0.0,0.0
2020-06-24,75.25,75.43000030517578,73.62999725341797,74.05000305175781,65.72976684570312,2140700,0.0,0.0,0.0
2020-06-25,74.0,74.93000030517578,73.52999877929688,74.87999725341797,66.46649932861328,3250300,0.0,0.0,0.0
2020-06-26,74.66000366210938,74.66000366210938,73.33000183105469,73.44000244140625,65.18832397460938,2432400,0.0,0.0,0.0
2020-06-29,73.72000122070312,74.31999969482422,73.20999908447266,74.31999969482422,65.96943664550781,1407100,0.0,0.0,0.0
2020-06-30,74.08000183105469,75.1500015258789,74.0,74.80000305175781,66.39550018310547,1530800,0.0,0.0,0.0
2020-07-01,75.02999877929688,75.52999877929688,74.91999816894531,75.30000305175781,66.8393325805664,2043200,0.0,0.0,0.0
2020-07-02,76.31999969482422,76.7300033569336,75.87000274658203,75.9800033569336,67.44292449951172,2156400,0.0,0.0,0.0
2020-07-06,77.2300033569336,77.52999877929688,77.04000091552734,77.37999725341797,68.68560028076172,1159200,0.0,0.0,0.0
2020-07-07,76.87999725341797,77.30999755859375,76.41000366210938,76.47000122070312,67.87783813476562,984900,0.0,0.0,0.0
2020-07-08,76.69999694824219,77.25,76.41999816894531,77.2300033569336,68.55245971679688,1029300,0.0,0.0,0.0
2020-07-09,77.41000366210938,77.44000244140625,75.94999694824219,76.73999786376953,68.11752319335938,1400500,0.0,0.0,0.0
2020-07-10,76.7300033569336,77.37000274658203,76.41000366210938,77.36000061035156,68.66785430908203,1143700,0.0,0.0,0.0
2020-07-13,77.88999938964844,78.44999694824219,76.58999633789062,76.73999786376953,68.11752319335938,1939000,0.0,0.0,0.0
2020-07-14,76.4800033569336,77.70999908447266,76.26000213623047,77.63999938964844,68.9163818359375,2276100,0.0,0.0,0.0
2020-07-15,78.5,78.76000213623047,77.94999694824219,78.45999908447266,69.64425659179688,1977000,0.0,0.0,0.0
2020-07-16,77.80999755859375,78.11000061035156,77.68000030517578,78.0199966430664,69.25370025634766,1258800,0.0,0.0,0.0
2020-07-17,78.30000305175781,78.44000244140625,77.87000274658203,78.30000305175781,69.50222778320312,872400,0.0,0.0,0.0
2020-07-20,78.36000061035156,79.06999969482422,78.19000244140625,78.93000030517578,70.06145477294922,1103800,0.0,0.0,0.0
2020-07-21,79.5199966430664,79.69999694824219,79.05000305175781,79.2300033569336,70.3277359008789,1923300,0.0,0.0,0.0
2020-07-22,79.19000244140625,79.61000061035156,79.06999969482422,79.55000305175781,70.61178588867188,4607500,0.0,0.0,0.0
2020-07-23,79.38999938964844,79.69000244140625,78.38999938964844,78.70999908447266,69.86617279052734,2197400,0.0,0.0,0.0
2020-07-24,78.20999908447266,78.5,77.91000366210938,78.29000091552734,69.49337768554688,987300,0.0,0.0,0.0
2020-07-27,78.69000244140625,79.16000366210938,78.5199966430664,79.12999725341797,70.23897552490234,1042800,0.0,0.0,0.0
2020-07-28,78.9000015258789,79.12000274658203,78.54000091552734,78.58999633789062,69.75963592529297,1152700,0.0,0.0,0.0
2020-07-29,78.97000122070312,79.7300033569336,78.91999816894531,79.58999633789062,70.64730072021484,1215200,0.0,0.0,0.0
2020-07-30,78.48999786376953,79.13999938964844,77.94000244140625,79.06999969482422,70.18572235107422,1177300,0.0,0.0,0.0
2020-07-31,79.13999938964844,79.19999694824219,77.83999633789062,78.76000213623047,69.9105453491211,1005300,0.0,0.0,0.0
2020-08-03,79.29000091552734,79.7699966430664,79.18000030517578,79.68000030517578,70.7271728515625,759500,0.0,0.0,0.0
2020-08-04,79.5,80.08000183105469,79.44999694824219,80.08000183105469,71.08224487304688,908400,0.0,0.0,0.0
2020-08-05,80.5999984741211,80.81999969482422,80.45999908447266,80.62000274658203,71.56155395507812,817000,0.0,0.0,0.0
2020-08-06,80.5,81.0,80.29000091552734,80.97000122070312,71.87225341796875,937800,0.0,0.0,0.0
2020-08-07,80.45999908447266,80.69999694824219,80.16000366210938,80.69000244140625,71.6236801147461,1119200,0.0,0.0,0.0
2020-08-10,80.81999969482422,80.95999908447266,80.38999938964844,80.91000366210938,71.8189926147461,809900,0.0,0.0,0.0
2020-08-11,81.55999755859375,81.63999938964844,80.5,80.66000366210938,71.59706115722656,1119400,0.0,0.0,0.0
2020-08-12,81.55999755859375,82.02999877929688,81.52999877929688,81.87000274658203,72.67112731933594,756400,0.0,0.0,0.0
2020-08-13,81.69999694824219,81.9800033569336,81.41000366210938,81.6500015258789,72.47581481933594,618300,0.0,0.0,0.0
2020-08-14,81.37999725341797,81.62000274658203,81.2699966430664,81.5,72.34268951416016,645900,0.0,0.0,0.0
2020-08-17,81.87000274658203,82.04000091552734,81.81999969482422,82.0,72.78650665283203,1953700,0.0,0.0,0.0
2020-08-18,82.19999694824219,82.30999755859375,81.66999816894531,82.06999969482422,72.8486557006836,1114300,0.0,0.0,0.0
2020-08-19,82.2300033569336,82.27999877929688,81.55000305175781,81.66000366210938,72.48471069335938,795100,0.0,0.0,0.0
2020-08-20,81.0199966430664,81.80000305175781,80.91999816894531,81.68000030517578,72.50245666503906,1014900,0.0,0.0,0.0
2020-08-21,81.33000183105469,81.79000091552734,81.29000091552734,81.76000213623047,72.57347869873047,747900,0.0,0.0,0.0
2020-08-24,82.62999725341797,82.66000366210938,82.25,82.61000061035156,73.32797241210938,1014900,0.0,0.0,0.0
2020-08-25,82.88999938964844,82.93000030517578,82.44000244140625,82.9000015258789,73.58538055419922,902900,0.0,0.0,0.0
2020-08-26,83.04000091552734,83.61000061035156,82.91999816894531,83.55000305175781,74.1623306274414,1137600,0.0,0.0,0.0
2020-08-27,83.77999877929688,83.77999877929688,82.95999908447266,83.36000061035156,73.99369812011719,1193800,0.0,0.0,0.0
2020-08-28,83.72000122070312,83.98999786376953,83.48999786376953,83.97000122070312,74.53515625,670600,0.0,0.0,0.0
2020-08-31,83.7699966430664,83.8499984741211,83.36000061035156,83.48999786376953,74.10909271240234,703500,0.0,0.0,0.0
2020-09-01,83.68000030517578,84.12999725341797,83.47000122070312,84.12000274658203,74.66831970214844,788300,0.0,0.0,0.0
2020-09-02,84.61000061035156,85.19000244140625,84.1500015258789,85.06999969482422,75.51156616210938,975100,0.0,0.0,0.0
2020-09-03,84.5999984741211,84.6500015258789,82.02999877929688,82.5199966430664,73.24805450439453,1936100,0.0,0.0,0.0
2020-09-04,82.7699966430664,83.08999633789062,80.48999786376953,82.20999908447266,72.97290802001953,1680800,0.0,0.0,0.0
2020-09-08,80.77999877929688,81.22000122070312,80.2300033569336,80.30999755859375,71.2863998413086,5736900,0.0,0.0,0.0
2020-09-09,81.37999725341797,82.25,81.20999908447266,81.77999877929688,72.59122467041016,1165400,0.0,0.0,0.0
2020-09-10,82.19000244140625,82.38999938964844,80.45999908447266,80.62999725341797,71.57044219970703,1690800,0.0,0.0,0.0
2020-09-11,81.23999786376953,81.45999908447266,80.33000183105469,80.94999694824219,71.8544692993164,1383700,0.0,0.0,0.0
2020-09-14,81.7300033569336,82.22000122070312,81.63999938964844,81.97000122070312,72.75987243652344,964300,0.0,0.0,0.0
2020-09-15,82.70999908447266,82.83000183105469,82.25,82.44999694824219,73.18592071533203,1527100,0.0,0.0,0.0
2020-09-16,82.80999755859375,83.1500015258789,82.26000213623047,82.30999755859375,73.06167602539062,850200,0.0,0.0,0.0
2020-09-17,81.27999877929688,82.12000274658203,81.18000030517578,81.87000274658203,72.67112731933594,1495100,0.0,0.0,0.0
2020-09-18,82.0,82.04000091552734,80.63999938964844,81.1500015258789,72.03199768066406,1102200,0.0,0.0,0.0
2020-09-21,79.37999725341797,79.56999969482422,78.37999725341797,79.56999969482422,70.98204040527344,1526500,0.403,0.0,0.0
2020-09-22,79.68000030517578,79.98999786376953,79.0199966430664,79.94000244140625,71.31212615966797,782500,0.0,0.0,0.0
2020-09-23,80.05999755859375,80.11000061035156,78.33000183105469,78.4000015258789,69.93832397460938,1298000,0.0,0.0,0.0
2020-09-24,78.0,79.12000274658203,77.63999938964844,78.44000244140625,69.97401428222656,2157300,0.0,0.0,0.0
2020-09-25,78.05000305175781,79.37000274658203,77.83000183105469,79.30000305175781,70.74120330810547,1632200,0.0,0.0,0.0
2020-09-28,80.38999938964844,80.63999938964844,80.16999816894531,80.55000305175781,71.85626983642578,853200,0.0,0.0,0.0
2020-09-29,80.47000122070312,80.66000366210938,80.05999755859375,80.26000213623047,71.59757995605469,653800,0.0,0.0,0.0
2020-09-30,80.30999755859375,81.26000213623047,80.27999877929688,80.63999938964844,71.93655395507812,2826100,0.0,0.0,0.0
2020-10-01,81.26000213623047,81.41000366210938,80.83000183105469,81.29000091552734,72.51638793945312,1120000,0.0,0.0,0.0
2020-10-02,80.08000183105469,81.13999938964844,80.04000091552734,80.7699966430664,72.05252075195312,1544400,0.0,0.0,0.0
2020-10-05,81.30999755859375,82.13999938964844,81.30999755859375,82.0999984741211,73.2389907836914,671000,0.0,0.0,0.0
2020-10-06,82.23999786376953,82.63999938964844,81.12999725341797,81.26000213623047,72.48966217041016,1662700,0.0,0.0,0.0
2020-10-07,82.0199966430664,82.56999969482422,81.98999786376953,82.41000366210938,73.51553344726562,1301300,0.0,0.0,0.0
2020-10-08,82.87000274658203,83.0999984741211,82.68000030517578,83.08999633789062,74.12213134765625,771200,0.0,0.0,0.0
2020-10-09,83.54000091552734,83.80999755859375,83.37000274658203,83.72000122070312,74.68412780761719,1570100,0.0,0.0,0.0
2020-10-12,84.18000030517578,84.88999938964844,84.0999984741211,84.63999938964844,75.50485229492188,1123400,0.0,0.0,0.0
2020-10-13,84.38999938964844,84.41000366210938,83.87000274658203,84.08999633789062,75.01421356201172,1542600,0.0,0.0,0.0
2020-10-14,84.2699966430664,84.4800033569336,83.5999984741211,83.72000122070312,74.68412780761719,1262200,0.0,0.0,0.0
2020-10-15,82.4800033569336,83.41000366210938,82.33000183105469,83.31999969482422,74.32730865478516,1095000,0.0,0.0,0.0
2020-10-16,83.66000366210938,83.95999908447266,83.36000061035156,83.36000061035156,74.36299133300781,808500,0.0,0.0,0.0
2020-10-19,83.75,83.91000366210938,82.41999816894531,82.56999969482422,73.65826416015625,1024900,0.0,0.0,0.0
2020-10-20,82.98999786376953,83.62000274658203,82.8499984741211,82.95999908447266,74.00614929199219,724200,0.0,0.0,0.0
2020-10-21,82.94999694824219,83.44000244140625,82.72000122070312,82.75,73.8188247680664,1557000,0.0,0.0,0.0
2020-10-22,82.80000305175781,83.18000030517578,82.2699966430664,83.06999969482422,74.10429382324219,813700,0.0,0.0,0.0
2020-10-23,83.44999694824219,83.44999694824219,82.8499984741211,83.44999694824219,74.44325256347656,629900,0.0,0.0,0.0
2020-10-26,82.48999786376953,82.68000030517578,81.19000244140625,81.97000122070312,73.12300872802734,1766400,0.0,0.0,0.0
2020-10-27,82.01000213623047,82.06999969482422,81.55999755859375,81.62000274658203,72.81079864501953,1093100,0.0,0.0,0.0
2020-10-28,80.0999984741211,80.23999786376953,79.01000213623047,79.08999633789062,70.55387115478516,3092300,0.0,0.0,0.0
2020-10-29,79.16000366210938,80.30999755859375,78.80999755859375,79.77999877929688,71.16938018798828,2031400,0.0,0.0,0.0
2020-10-30,79.33000183105469,79.52999877929688,78.27999877929688,78.98999786376953,70.46463012695312,2499300,0.0,0.0,0.0
2020-11-02,79.86000061035156,80.19000244140625,79.2699966430664,79.97000122070312,71.33888244628906,1582000,0.0,0.0,0.0
2020-11-03,80.93000030517578,81.81999969482422,80.79000091552734,81.4800033569336,72.68592834472656,1643400,0.0,0.0,0.0
2020-11-04,82.31999969482422,83.80999755859375,82.04000091552734,83.01000213623047,74.05075073242188,2079700,0.0,0.0,0.0
2020-11-05,84.5199966430664,85.02999877929688,84.3499984741211,84.7699966430664,75.62079620361328,1110600,0.0,0.0,0.0
2020-11-06,84.83999633789062,85.12999725341797,84.41000366210938,84.87000274658203,75.71003723144531,1452200,0.0,0.0,0.0
2020-11-09,88.70999908447266,88.7300033569336,86.13999938964844,86.2300033569336,76.9232177734375,2239200,0.0,0.0,0.0
2020-11-10,86.27999877929688,86.56999969482422,85.56999969482422,86.29000091552734,76.97676849365234,1293400,0.0,0.0,0.0
2020-11-11,86.7300033569336,86.98999786376953,86.48999786376953,86.83999633789062,77.46737670898438,2748100,0.0,0.0,0.0
2020-11-12,86.54000091552734,86.7699966430664,85.5999984741211,85.91999816894531,76.64669799804688,1582600,0.0,0.0,0.0
2020-11-13,86.52999877929688,87.2300033569336,86.44000244140625,87.12999725341797,77.7260971069336,813400,0.0,0.0,0.0
2020-11-16,88.02999877929688,88.25,87.6500015258789,88.23999786376953,78.7162857055664,916500,0.0,0.0,0.0
2020-11-17,87.81999969482422,88.33000183105469,87.5,88.05999755859375,78.55572509765625,1684700,0.0,0.0,0.0
2020-11-18,88.19000244140625,88.3499984741211,87.30000305175781,87.30000305175781,77.87774658203125,1112100,0.0,0.0,0.0
2020-11-19,87.22000122070312,87.87000274658203,86.93000030517578,87.83999633789062,78.35945892333984,1064700,0.0,0.0,0.0
2020-11-20,87.86000061035156,88.0199966430664,87.66000366210938,87.69999694824219,78.2345962524414,1330900,0.0,0.0,0.0
2020-11-23,88.22000122070312,88.45999908447266,87.66000366210938,88.12999725341797,78.61817169189453,684900,0.0,0.0,0.0
2020-11-24,88.83999633789062,89.51000213623047,88.62000274658203,89.47000122070312,79.81356048583984,1575200,0.0,0.0,0.0
2020-11-25,89.18000030517578,89.43000030517578,88.8499984741211,89.33000183105469,79.68864440917969,1076700,0.0,0.0,0.0
2020-11-27,89.58999633789062,89.86000061035156,89.58000183105469,89.7699966430664,80.08116149902344,530300,0.0,0.0,0.0
2020-11-30,89.5,89.5199966430664,88.51000213623047,88.76000213623047,79.18017578125,1392400,0.0,0.0,0.0
2020-12-01,89.9000015258789,90.30999755859375,89.72000122070312,90.08000183105469,80.35769653320312,1401800,0.0,0.0,0.0
2020-12-02,89.6500015258789,90.22000122070312,89.52999877929688,90.13999938964844,80.4112319946289,1337900,0.0,0.0,0.0
2020-12-03,90.43000030517578,90.7699966430664,90.23999786376953,90.44000244140625,80.67887115478516,1197200,0.0,0.0,0.0
2020-12-04,90.80999755859375,91.30999755859375,90.7699966430664,91.30999755859375,81.4549560546875,938800,0.0,0.0,0.0
2020-12-07,91.0199966430664,91.19999694824219,90.7699966430664,91.0199966430664,81.19624328613281,896500,0.0,0.0,0.0
2020-12-08,90.75,91.41999816894531,90.70999908447266,91.30999755859375,81.4549560546875,1458700,0.0,0.0,0.0
2020-12-09,91.68000030517578,91.68000030517578,90.37000274658203,90.75,80.95539093017578,795800,0.0,0.0,0.0
2020-12-10,90.36000061035156,91.16000366210938,90.22000122070312,91.01000213623047,81.18732452392578,765000,0.0,0.0,0.0
2020-12-11,90.52999877929688,90.83000183105469,90.18000030517578,90.7699966430664,80.97322082519531,1008600,0.0,0.0,0.0
2020-12-14,91.36000061035156,91.55000305175781,90.55000305175781,90.56999969482422,80.7947998046875,1032200,0.0,0.0,0.0
2020-12-15,91.19000244140625,91.75,91.0,91.73999786376953,81.83853912353516,1446700,0.0,0.0,0.0
2020-12-16,91.86000061035156,92.13999938964844,91.5999984741211,91.95999908447266,82.0347900390625,1264800,0.0,0.0,0.0
2020-12-17,92.43000030517578,92.58999633789062,92.33999633789062,92.55000305175781,82.56112670898438,1117100,0.0,0.0,0.0
2020-12-18,92.58000183105469,92.62999725341797,91.83000183105469,92.26000213623047,82.30240631103516,1537200,0.0,0.0,0.0
2020-12-21,90.0999984741211,91.2300033569336,89.73999786376953,91.05000305175781,81.71190643310547,3064100,0.552,0.0,0.0
2020-12-22,90.9800033569336,91.0999984741211,90.62000274658203,90.95999908447266,81.63113403320312,940900,0.0,0.0,0.0
2020-12-23,91.41999816894531,91.68000030517578,91.3499984741211,91.37999725341797,82.00806427001953,898800,0.0,0.0,0.0
2020-12-24,91.45999908447266,91.62000274658203,91.26000213623047,91.58999633789062,82.19651794433594,769300,0.0,0.0,0.0
2020-12-28,92.16999816894531,92.33000183105469,91.95999908447266,92.01000213623047,82.57343292236328,1175300,0.0,0.0,0.0
2020-12-29,92.69999694824219,92.76000213623047,92.01000213623047,92.19000244140625,82.73500061035156,849800,0.0,0.0,0.0
2020-12-30,92.58000183105469,92.9000015258789,92.48999786376953,92.51000213623047,83.02217102050781,1304000,0.0,0.0,0.0
2020-12-31,92.58000183105469,92.68000030517578,92.20999908447266,92.58000183105469,83.08499908447266,3220900,0.0,0.0,0.0
2021-01-04,93.44000244140625,93.51000213623047,91.27999877929688,92.05000305175781,82.60934448242188,6892800,0.0,0.0,0.0
2021-01-05,92.13999938964844,93.23999786376953,92.13999938964844,93.05999755859375,83.5157470703125,1267400,0.0,0.0,0.0
2021-01-06,92.87000274658203,94.47000122070312,92.7699966430664,93.72000122070312,84.10807037353516,1569100,0.0,0.0,0.0
2021-01-07,94.08999633789062,94.83000183105469,94.05999755859375,94.66999816894531,84.96063232421875,1538600,0.0,0.0,0.0
2021-01-08,95.4000015258789,95.52999877929688,94.51000213623047,95.52999877929688,85.7324447631836,3344100,0.0,0.0,0.0
2021-01-11,94.36000061035156,95.05999755859375,94.30000305175781,94.66999816894531,84.96063232421875,1083300,0.0,0.0,0.0
2021-01-12,94.70999908447266,95.12000274658203,94.37999725341797,95.02999877929688,85.28372192382812,1844300,0.0,0.0,0.0
2021-01-13,95.02999877929688,95.36000061035156,94.76000213623047,95.11000061035156,85.35551452636719,785600,0.0,0.0,0.0
2021-01-14,95.43000030517578,95.75,95.19999694824219,95.2699966430664,85.49909973144531,1882400,0.0,0.0,0.0
2021-01-15,94.55999755859375,94.76000213623047,93.7699966430664,94.27999877929688,84.61063385009766,1439500,0.0,0.0,0.0
2021-01-19,95.1500015258789,95.25,94.7699966430664,95.0999984741211,85.3465347290039,5679400,0.0,0.0,0.0
2021-01-20,95.69999694824219,96.33000183105469,95.5999984741211,96.25,86.37859344482422,1916800,0.0,0.0,0.0
2021-01-21,96.38999938964844,96.41999816894531,95.91000366210938,96.27999877929688,86.40552520751953,1099200,0.0,0.0,0.0
2021-01-22,95.54000091552734,96.01000213623047,95.48999786376953,95.83000183105469,86.00167846679688,1246700,0.0,0.0,0.0
2021-01-25,95.83000183105469,96.12000274658203,94.72000122070312,96.04000091552734,86.19012451171875,1162500,0.0,0.0,0.0
2021-01-26,96.1500015258789,96.23999786376953,95.58000183105469,95.76000213623047,85.9388427734375,1649200,0.0,0.0,0.0
2021-01-27,94.4800033569336,94.58999633789062,93.02999877929688,93.45999908447266,83.87472534179688,3260300,0.0,0.0,0.0
2021-01-28,93.8499984741211,94.9800033569336,93.69000244140625,94.22000122070312,84.55679321289062,5314400,0.0,0.0,0.0
2021-01-29,93.38999938964844,93.69000244140625,91.86000061035156,92.37000274658203,82.89652252197266,3117200,0.0,0.0,0.0
2021-02-01,93.41999816894531,94.08000183105469,92.94999694824219,93.94999694824219,84.3144760131836,2581600,0.0,0.0,0.0
2021-02-02,94.77999877929688,95.4000015258789,94.77999877929688,95.25,85.48114013671875,1328100,0.0,0.0,0.0
2021-02-03,95.41000366210938,95.66999816894531,94.9800033569336,95.4000015258789,85.61576080322266,1290900,0.0,0.0,0.0
2021-02-04,95.4800033569336,96.05999755859375,95.38999938964844,96.05999755859375,86.20808410644531,957000,0.0,0.0,0.0
2021-02-05,96.54000091552734,96.69000244140625,96.18000030517578,96.6500015258789,86.73757934570312,975700,0.0,0.0,0.0
2021-02-08,97.05000305175781,97.36000061035156,96.91999816894531,97.31999969482422,87.33885955810547,1048700,0.0,0.0,0.0
2021-02-09,97.2699966430664,97.7699966430664,97.19999694824219,97.62000274658203,87.60810089111328,847600,0.0,0.0,0.0
2021-02-10,98.13999938964844,98.22000122070312,97.05999755859375,97.61000061035156,87.59912872314453,1397000,0.0,0.0,0.0
2021-02-11,98.0999984741211,98.22000122070312,97.47000122070312,98.11000061035156,88.04782104492188,856400,0.0,0.0,0.0
2021-02-12,97.83999633789062,98.58000183105469,97.80999755859375,98.58000183105469,88.4696044921875,1006100,0.0,0.0,0.0
2021-02-16,99.06999969482422,99.19000244140625,98.47000122070312,98.70999908447266,88.58628845214844,1096400,0.0,0.0,0.0
2021-02-17,98.1500015258789,98.5,97.7300033569336,98.38999938964844,88.29910278320312,763800,0.0,0.0,0.0
2021-02-18,97.69000244140625,97.98999786376953,97.08000183105469,97.86000061035156,87.8234634399414,1212700,0.0,0.0,0.0
2021-02-19,98.23999786376953,98.55000305175781,97.97000122070312,98.11000061035156,88.04782104492188,1006300,0.0,0.0,0.0
2021-02-22,97.25,97.7699966430664,97.05000305175781,97.05999755859375,87.10551452636719,812700,0.0,0.0,0.0
2021-02-23,96.58999633789062,97.51000213623047,95.37000274658203,97.23999786376953,87.2670669555664,2447600,0.0,0.0,0.0
2021-02-24,96.66000366210938,97.93000030517578,96.37000274658203,97.86000061035156,87.8234634399414,1553900,0.0,0.0,0.0
2021-02-25,97.69999694824219,98.01000213623047,95.31999969482422,95.62999725341797,85.82217407226562,2147600,0.0,0.0,0.0
2021-02-26,95.70999908447266,95.80999755859375,94.31999969482422,94.83999633789062,85.11319732666016,3535500,0.0,0.0,0.0
2021-03-01,96.13999938964844,97.33000183105469,96.11000061035156,97.08999633789062,87.13243865966797,5662400,0.0,0.0,0.0
2021-03-02,97.02999877929688,97.08000183105469,96.33999633789062,96.45999908447266,86.56707000732422,1937400,0.0,0.0,0.0
2021-03-03,96.3499984741211,96.58999633789062,95.4000015258789,95.44000244140625,85.65165710449219,2358900,0.0,0.0,0.0
2021-03-04,95.3499984741211,95.86000061035156,93.11000061035156,94.05000305175781,84.40423583984375,3340100,0.0,0.0,0.0
2021-03-05,94.94000244140625,95.55999755859375,92.94999694824219,95.33999633789062,85.56190490722656,5813600,0.0,0.0,0.0
2021-03-08,95.19000244140625,95.8499984741211,94.58999633789062,94.66000366210938,84.95166015625,2303200,0.0,0.0,0.0
2021-03-09,95.79000091552734,96.62999725341797,95.5999984741211,96.12999725341797,86.2708969116211,3154600,0.0,0.0,0.0
2021-03-10,96.66999816894531,96.88999938964844,96.18000030517578,96.58000183105469,86.67475128173828,2126700,0.0,0.0,0.0
2021-03-11,97.29000091552734,98.11000061035156,97.20999908447266,97.81999969482422,87.78756713867188,1134300,0.0,0.0,0.0
2021-03-12,97.23999786376953,97.83999633789062,97.0199966430664,97.83000183105469,87.79655456542969,1809700,0.0,0.0,0.0
2021-03-15,97.76000213623047,98.30999755859375,97.23999786376953,98.23999786376953,88.16449737548828,1152100,0.0,0.0,0.0
2021-03-16,98.48999786376953,98.55000305175781,97.91999816894531,98.16000366210938,88.09268951416016,2499700,0.0,0.0,0.0
2021-03-17,97.6500015258789,98.77999877929688,97.4000015258789,98.58000183105469,88.4696044921875,1325900,0.0,0.0,0.0
2021-03-18,97.91000366210938,98.41999816894531,97.01000213623047,97.13999938964844,87.17730712890625,1429200,0.0,0.0,0.0
2021-03-19,97.0999984741211,97.58999633789062,96.51000213623047,97.23999786376953,87.2670669555664,1042500,0.0,0.0,0.0
2021-03-22,97.0,97.72000122070312,96.9800033569336,97.41999816894531,87.65666198730469,1902500,0.253,0.0,0.0
2021-03-23,96.9800033569336,97.13999938964844,96.0,96.20999908447266,86.56791687011719,2397200,0.0,0.0,0.0
2021-03-24,96.29000091552734,96.58000183105469,95.41000366210938,95.44000244140625,85.87510681152344,2231200,0.0,0.0,0.0
2021-03-25,95.13999938964844,96.11000061035156,94.63999938964844,95.98999786376953,86.36997985839844,5577300,0.0,0.0,0.0
2021-03-26,96.33999633789062,97.55000305175781,96.12999725341797,97.48999786376953,87.71964263916016,2400000,0.0,0.0,0.0
2021-03-29,97.01000213623047,97.31999969482422,96.5199966430664,97.12000274658203,87.3867416381836,2314400,0.0,0.0,0.0
2021-03-30,96.80999755859375,97.16000366210938,96.52999877929688,97.0999984741211,87.36873626708984,2491800,0.0,0.0,0.0
2021-03-31,97.04000091552734,97.69000244140625,97.04000091552734,97.29000091552734,87.53968811035156,3108400,0.0,0.0,0.0
2021-04-01,97.93000030517578,98.58999633789062,97.91000366210938,98.56999969482422,88.69141387939453,2552200,0.0,0.0,0.0
2021-04-05,99.19000244140625,99.7699966430664,99.16999816894531,99.69999694824219,89.70814514160156,2396300,0.0,0.0,0.0
2021-04-06,99.2300033569336,99.73999786376953,99.20999908447266,99.48999786376953,89.51921081542969,1418300,0.0,0.0,0.0
2021-04-07,99.30000305175781,99.4800033569336,99.08000183105469,99.33999633789062,89.38423156738281,1481400,0.0,0.0,0.0
2021-04-08,99.80999755859375,99.98999786376953,99.56999969482422,99.97000122070312,89.95110321044922,1327600,0.0,0.0,0.0
2021-04-09,99.77999877929688,100.33999633789062,99.69999694824219,100.33999633789062,90.28400421142578,851200,0.0,0.0,0.0
2021-04-12,100.0999984741211,100.22000122070312,99.83999633789062,100.12999725341797,90.09505462646484,1347000,0.0,0.0,0.0
2021-04-13,100.18000030517578,100.6500015258789,100.08999633789062,100.51000213623047,90.43697357177734,1460700,0.0,0.0,0.0
2021-04-14,100.61000061035156,100.95999908447266,100.31999969482422,100.47000122070312,90.40099334716797,1588300,0.0,0.0,0.0
2021-04-15,101.0999984741211,101.47000122070312,101.02999877929688,101.44000244140625,91.27377319335938,1537700,0.0,0.0,0.0
2021-04-16,101.77999877929688,101.88999938964844,101.4000015258789,101.83000183105469,91.62471008300781,1856200,0.0,0.0,0.0
2021-04-19,101.69000244140625,101.7699966430664,101.0199966430664,101.37000274658203,91.2107925415039,1489000,0.0,0.0,0.0
2021-04-20,100.83999633789062,100.97000122070312,99.87999725341797,100.2300033569336,90.18506622314453,2455600,0.0,0.0,0.0
2021-04-21,100.05000305175781,101.2699966430664,99.93000030517578,101.25,91.1028060913086,1256300,0.0,0.0,0.0
2021-04-22,101.25,101.5199966430664,100.3499984741211,100.61000061035156,90.52696990966797,1949100,0.0,0.0,0.0
2021-04-23,100.95999908447266,102.04000091552734,100.94999694824219,101.77999877929688,91.57969665527344,1260500,0.0,0.0,0.0
2021-04-26,101.88999938964844,102.16999816894531,101.81999969482422,102.08000183105469,91.84966278076172,1371700,0.0,0.0,0.0
2021-04-27,101.9000015258789,102.04000091552734,101.7300033569336,101.97000122070312,91.75067138671875,1776700,0.0,0.0,0.0
2021-04-28,102.05999755859375,102.45999908447266,101.87999725341797,102.16000366210938,91.92162322998047,1102200,0.0,0.0,0.0
2021-04-29,102.7699966430664,102.77999877929688,101.61000061035156,102.38999938964844,92.12855529785156,1835400,0.0,0.0,0.0
2021-04-30,101.72000122070312,101.88999938964844,101.08000183105469,101.30999755859375,91.15680694580078,1458400,0.0,0.0,0.0
2021-05-03,101.94999694824219,102.0199966430664,101.68000030517578,101.77999877929688,91.57969665527344,2103400,0.0,0.0,0.0
2021-05-04,101.05000305175781,101.16000366210938,99.95999908447266,100.79000091552734,90.68891906738281,2336800,0.0,0.0,0.0
2021-05-05,101.41999816894531,101.58000183105469,100.91999816894531,101.23999786376953,91.09381103515625,2042100,0.0,0.0,0.0
2021-05-06,101.30000305175781,101.91999816894531,100.72000122070312,101.91000366210938,91.69669342041016,1754900,0.0,0.0,0.0
2021-05-07,102.18000030517578,102.98999786376953,102.0199966430664,102.87000274658203,92.56047821044922,1461800,0.0,0.0,0.0
2021-05-10,102.91000366210938,102.94999694824219,101.77999877929688,101.83000183105469,91.62471008300781,1627700,0.0,0.0,0.0
2021-05-11,100.37999725341797,101.11000061035156,99.91999816894531,100.94000244140625,90.8238754272461,2563200,0.0,0.0,0.0
2021-05-12,100.04000091552734,100.4000015258789,98.56999969482422,98.76000213623047,88.86236572265625,3037200,0.0,0.0,0.0
2021-05-13,99.04000091552734,100.0,98.97000122070312,99.68000030517578,89.6901626586914,2045500,0.0,0.0,0.0
2021-05-14,100.45999908447266,101.44999694824219,100.45999908447266,101.29000091552734,91.13880920410156,2134200,0.0,0.0,0.0
2021-05-17,100.86000061035156,101.08999633789062,100.55999755859375,101.08999633789062,90.95885467529297,1834700,0.0,0.0,0.0
2021-05-18,101.54000091552734,101.66000366210938,100.83999633789062,100.91000366210938,90.79690551757812,1608100,0.0,0.0,0.0
2021-05-19,99.62000274658203,100.41999816894531,99.20999908447266,100.37999725341797,90.32000732421875,2229100,0.0,0.0,0.0
2021-05-20,100.7300033569336,101.73999786376953,100.7300033569336,101.52999877929688,91.35476684570312,1684000,0.0,0.0,0.0
2021-05-21,101.83000183105469,102.0,101.1500015258789,101.38999938964844,91.22880554199219,1424800,0.0,0.0,0.0
2021-05-24,101.87999725341797,102.41999816894531,101.76000213623047,102.19999694824219,91.95761108398438,820700,0.0,0.0,0.0
2021-05-25,102.66999816894531,102.7300033569336,102.05000305175781,102.22000122070312,91.97560119628906,1441400,0.0,0.0,0.0
2021-05-26,102.25,102.5199966430664,102.1500015258789,102.47000122070312,92.2005615234375,1037400,0.0,0.0,0.0
2021-05-27,102.68000030517578,102.8499984741211,102.54000091552734,102.62000274658203,92.3355484008789,3351900,0.0,0.0,0.0
2021-05-28,102.94999694824219,103.18000030517578,102.80000305175781,102.91000366210938,92.59645080566406,2042200,0.0,0.0,0.0
2021-06-01,103.81999969482422,103.8499984741211,103.1500015258789,103.30000305175781,92.94739532470703,1777700,0.0,0.0,0.0
2021-06-02,103.4000015258789,103.58999633789062,103.19000244140625,103.44999694824219,93.08233642578125,1945500,0.0,0.0,0.0
2021-06-03,102.79000091552734,103.12000274658203,102.4000015258789,102.87999725341797,92.56947326660156,1320100,0.0,0.0,0.0
2021-06-04,103.41000366210938,103.88999938964844,103.41000366210938,103.86000061035156,93.45124816894531,1089300,0.0,0.0,0.0
2021-06-07,103.8499984741211,103.94000244140625,103.61000061035156,103.93000030517578,93.51423645019531,2347800,0.0,0.0,0.0
2021-06-08,104.05999755859375,104.11000061035156,103.51000213623047,103.9000015258789,93.48724365234375,1691000,0.0,0.0,0.0
2021-06-09,104.02999877929688,104.04000091552734,103.5999984741211,103.62999725341797,93.24429321289062,1159100,0.0,0.0,0.0
2021-06-10,103.94999694824219,104.2699966430664,103.66999816894531,104.13999938964844,93.70318603515625,1129800,0.0,0.0,0.0
2021-06-11,104.20999908447266,104.33000183105469,103.94000244140625,104.33000183105469,93.87415313720703,682500,0.0,0.0,0.0
2021-06-14,104.30000305175781,104.51000213623047,104.06999969482422,104.51000213623047,94.0361099243164,776300,0.0,0.0,0.0
2021-06-15,104.5,104.5,104.02999877929688,104.30000305175781,93.84715270996094,808400,0.0,0.0,0.0
2021-06-16,104.33000183105469,104.33999633789062,103.12000274658203,103.62000274658203,93.23532104492188,1342800,0.0,0.0,0.0
2021-06-17,103.38999938964844,103.62000274658203,102.72000122070312,103.3499984741211,92.99236297607422,2006200,0.0,0.0,0.0
2021-06-18,102.23999786376953,102.4000015258789,101.77999877929688,101.81999969482422,91.6156997680664,1880300,0.0,0.0,0.0
2021-06-21,101.7699966430664,102.7300033569336,101.55999755859375,102.70999908447266,92.87716674804688,1690300,0.505,0.0,0.0
2021-06-22,102.5,103.16999816894531,102.26000213623047,102.97000122070312,93.11225891113281,1175200,0.0,0.0,0.0
2021-06-23,103.06999969482422,103.27999877929688,102.7699966430664,102.81999969482422,92.97662353515625,1217400,0.0,0.0,0.0
2021-06-24,103.47000122070312,103.6500015258789,103.41999816894531,103.56999969482422,93.65482330322266,1791200,0.0,0.0,0.0
2021-06-25,103.87999725341797,104.04000091552734,103.76000213623047,103.9800033569336,94.02558135986328,1420700,0.0,0.0,0.0
2021-06-28,103.9800033569336,103.98999786376953,103.56999969482422,103.87000274658203,93.92609405517578,1475400,0.0,0.0,0.0
2021-06-29,103.94000244140625,104.0,103.72000122070312,103.88999938964844,93.94418334960938,2118200,0.0,0.0,0.0
2021-06-30,103.5199966430664,103.69999694824219,103.41999816894531,103.61000061035156,93.69100189208984,1358200,0.0,0.0,0.0
2021-07-01,103.73999786376953,103.98999786376953,103.54000091552734,103.98999786376953,94.03462219238281,1770500,0.0,0.0,0.0
2021-07-02,104.08000183105469,104.44000244140625,103.9000015258789,104.43000030517578,94.4324951171875,1671300,0.0,0.0,0.0
2021-07-06,104.38999938964844,104.38999938964844,103.3499984741211,103.9000015258789,93.9532241821289,2211600,0.0,0.0,0.0
2021-07-07,104.19999694824219,104.31999969482422,103.54000091552734,104.16000366210938,94.1883316040039,1579000,0.0,0.0,0.0
2021-07-08,102.61000061035156,103.19999694824219,102.26000213623047,102.97000122070312,93.11225891113281,1888700,0.0,0.0,0.0
2021-07-09,103.7300033569336,104.5,103.62000274658203,104.48999786376953,94.48675537109375,19201700,0.0,0.0,0.0
2021-07-12,104.30999755859375,104.75,104.23999786376953,104.73999786376953,94.71281433105469,5587400,0.0,0.0,0.0
2021-07-13,104.54000091552734,104.76000213623047,104.18000030517578,104.25,94.26971435546875,2079100,0.0,0.0,0.0
2021-07-14,104.77999877929688,104.83000183105469,104.12000274658203,104.33000183105469,94.34207153320312,2474300,0.0,0.0,0.0
2021-07-15,103.93000030517578,104.12999725341797,103.38999938964844,103.87999725341797,93.93514251708984,2629900,0.0,0.0,0.0
2021-07-16,104.05000305175781,104.08000183105469,102.93000030517578,103.08000183105469,93.21173858642578,1249700,0.0,0.0,0.0
2021-07-19,101.75,101.76000213623047,100.87999725341797,101.5199966430664,91.80108642578125,2989100,0.0,0.0,0.0
2021-07-20,101.4800033569336,102.98999786376953,101.29000091552734,102.73999786376953,92.90426635742188,4600700,0.0,0.0,0.0
2021-07-21,103.02999877929688,103.80000305175781,102.97000122070312,103.79000091552734,93.85377502441406,2103300,0.0,0.0,0.0
2021-07-22,104.0,104.0,103.51000213623047,103.9000015258789,93.9532241821289,1329400,0.0,0.0,0.0
2021-07-23,104.27999877929688,104.62999725341797,103.98999786376953,104.58000183105469,94.56814575195312,1372900,0.0,0.0,0.0
2021-07-26,104.16000366210938,104.45999908447266,104.12999725341797,104.45999908447266,94.45960998535156,1308800,0.0,0.0,0.0
2021-07-27,103.94999694824219,103.94999694824219,103.01000213623047,103.77999877929688,93.8447265625,7796300,0.0,0.0,0.0
2021-07-28,104.0,104.58999633789062,103.79000091552734,104.33000183105469,94.34207153320312,945800,0.0,0.0,0.0
2021-07-29,104.80000305175781,105.0999984741211,104.75,104.83999633789062,94.8032455444336,1013200,0.0,0.0,0.0
2021-07-30,104.20999908447266,104.69999694824219,104.0199966430664,104.25,94.26971435546875,1685000,0.0,0.0,0.0
2021-08-02,104.8499984741211,104.98999786376953,104.23999786376953,104.33000183105469,94.34207153320312,1941400,0.0,0.0,0.0
2021-08-03,104.61000061035156,105.0999984741211,104.05000305175781,105.0999984741211,95.03834533691406,1381900,0.0,0.0,0.0
2021-08-04,104.9800033569336,105.12999725341797,104.68000030517578,104.76000213623047,94.73090362548828,1415100,0.0,0.0,0.0
2021-08-05,105.04000091552734,105.33000183105469,104.94999694824219,105.27999877929688,95.20112609863281,2093800,0.0,0.0,0.0
2021-08-06,105.2699966430664,105.4000015258789,105.02999877929688,105.19000244140625,95.11974334716797,1431500,0.0,0.0,0.0
2021-08-09,105.20999908447266,105.30999755859375,104.93000030517578,105.13999938964844,95.07451629638672,819100,0.0,0.0,0.0
2021-08-10,105.25,105.38999938964844,105.08999633789062,105.22000122070312,95.14686584472656,4168900,0.0,0.0,0.0
2021-08-11,105.63999938964844,105.63999938964844,105.25,105.63999938964844,95.52667236328125,918100,0.0,0.0,0.0
2021-08-12,105.45999908447266,105.63999938964844,105.18000030517578,105.63999938964844,95.52667236328125,872400,0.0,0.0,0.0
2021-08-13,105.75,105.87999725341797,105.56999969482422,105.87999725341797,95.7436752319336,1706000,0.0,0.0,0.0
2021-08-16,105.31999969482422,105.63999938964844,104.87999725341797,105.63999938964844,95.52667236328125,938100,0.0,0.0,0.0
2021-08-17,104.75,104.87999725341797,103.98999786376953,104.6500015258789,94.6314468383789,1048900,0.0,0.0,0.0
2021-08-18,104.5999984741211,104.94000244140625,103.87999725341797,103.94999694824219,93.99842834472656,1076600,0.0,0.0,0.0
2021-08-19,102.91999816894531,103.69999694824219,102.83000183105469,103.41000366210938,93.51014709472656,1493200,0.0,0.0,0.0
2021-08-20,103.22000122070312,104.06999969482422,103.12000274658203,104.04000091552734,94.079833984375,983600,0.0,0.0,0.0
2021-08-23,104.56999969482422,105.23999786376953,104.56999969482422,105.12999725341797,95.06546783447266,817800,0.0,0.0,0.0
2021-08-24,105.43000030517578,105.80999755859375,105.37999725341797,105.69999694824219,95.5809097290039,849600,0.0,0.0,0.0
2021-08-25,105.6500015258789,105.97000122070312,105.52999877929688,105.88999938964844,95.75272369384766,1210200,0.0,0.0,0.0
2021-08-26,105.61000061035156,105.70999908447266,105.11000061035156,105.19000244140625,95.11974334716797,1956000,0.0,0.0,0.0
2021-08-27,105.44999694824219,106.37000274658203,105.41999816894531,106.30999755859375,96.13251495361328,1229500,0.0,0.0,0.0
2021-08-30,106.41999816894531,106.72000122070312,106.25,106.55999755859375,96.35856628417969,1968200,0.0,0.0,0.0
2021-08-31,106.72000122070312,106.77999877929688,106.51000213623047,106.61000061035156,96.40377807617188,973700,0.0,0.0,0.0
2021-09-01,107.06999969482422,107.38999938964844,106.97000122070312,107.12999725341797,96.8740005493164,2074400,0.0,0.0,0.0
2021-09-02,107.38999938964844,107.62000274658203,107.22000122070312,107.45999908447266,97.17240905761719,1171900,0.0,0.0,0.0
2021-09-03,107.37999725341797,107.73999786376953,107.30999755859375,107.6500015258789,97.34420776367188,1002600,0.0,0.0,0.0
2021-09-07,107.62000274658203,107.6500015258789,107.29000091552734,107.36000061035156,97.08197784423828,1865800,0.0,0.0,0.0
2021-09-08,107.06999969482422,107.1500015258789,106.41999816894531,106.81999969482422,96.59368133544922,1694600,0.0,0.0,0.0
2021-09-09,106.72000122070312,107.1500015258789,106.44000244140625,106.54000091552734,96.34048461914062,2416000,0.0,0.0,0.0
2021-09-10,107.12000274658203,107.22000122070312,105.94000244140625,106.0,95.85220336914062,4446400,0.0,0.0,0.0
2021-09-13,106.75,106.75,105.91999816894531,106.37999725341797,96.19581604003906,2947900,0.0,0.0,0.0
2021-09-14,106.68000030517578,106.68000030517578,105.58000183105469,105.75,95.62611389160156,1213900,0.0,0.0,0.0
2021-09-15,105.77999877929688,106.4800033569336,105.55999755859375,106.38999938964844,96.20484161376953,1187400,0.0,0.0,0.0
2021-09-16,106.02999877929688,106.3499984741211,105.55000305175781,106.1500015258789,95.98780059814453,1328200,0.0,0.0,0.0
2021-09-17,105.8499984741211,105.9800033569336,104.91999816894531,105.0999984741211,95.03834533691406,2404300,0.0,0.0,0.0
2021-09-20,102.87000274658203,103.20999908447266,101.69000244140625,102.80000305175781,93.32437133789062,2573100,0.412,0.0,0.0
2021-09-21,103.5999984741211,103.83999633789062,102.87999725341797,103.12000274658203,93.6148681640625,2169400,0.0,0.0,0.0
2021-09-22,103.72000122070312,104.69000244140625,103.66000366210938,104.11000061035156,94.51362609863281,2765200,0.0,0.0,0.0
2021-09-23,104.66000366210938,105.58000183105469,104.5999984741211,105.27999877929688,95.57577514648438,1641000,0.0,0.0,0.0
2021-09-24,104.55000305175781,105.01000213623047,104.48999786376953,104.9000015258789,95.23082733154297,1506400,0.0,0.0,0.0
2021-09-27,104.70999908447266,105.01000213623047,104.4800033569336,104.83000183105469,95.16726684570312,1803100,0.0,0.0,0.0
2021-09-28,103.8499984741211,103.88999938964844,102.47000122070312,102.6500015258789,93.18820190429688,2896900,0.0,0.0,0.0
2021-09-29,102.93000030517578,103.18000030517578,102.4000015258789,102.52999877929688,93.0792465209961,2192500,0.0,0.0,0.0
2021-09-30,102.9000015258789,103.06999969482422,101.76000213623047,101.83000183105469,92.44377899169922,2984100,0.0,0.0,0.0
2021-10-01,102.08000183105469,102.97000122070312,101.30000305175781,102.6500015258789,93.18820190429688,4217900,0.0,0.0,0.0
2021-10-04,102.33000183105469,102.4000015258789,100.9000015258789,101.44999694824219,92.09881591796875,2211800,0.0,0.0,0.0
2021-10-05,101.69000244140625,102.66999816894531,101.51000213623047,102.23999786376953,92.81597137451172,1784800,0.0,0.0,0.0
2021-10-06,101.06999969482422,102.2699966430664,100.69999694824219,102.23999786376953,92.81597137451172,2895800,0.0,0.0,0.0
2021-10-07,103.05000305175781,103.80999755859375,103.01000213623047,103.25,93.73289489746094,1723500,0.0,0.0,0.0
2021-10-08,103.51000213623047,103.5999984741211,103.02999877929688,103.1500015258789,93.64210510253906,1050600,0.0,0.0,0.0
2021-10-11,103.19999694824219,103.72000122070312,102.5999984741211,102.61000061035156,93.15189361572266,1126600,0.0,0.0,0.0
2021-10-12,102.83000183105469,103.0,102.37000274658203,102.52999877929688,93.0792465209961,2157800,0.0,0.0,0.0
2021-10-13,102.94000244140625,103.41000366210938,102.41999816894531,103.26000213623047,93.74198150634766,2559800,0.0,0.0,0.0
2021-10-14,104.18000030517578,104.72000122070312,104.05000305175781,104.69000244140625,95.0401611328125,2171600,0.0,0.0,0.0
2021-10-15,105.22000122070312,105.5199966430664,105.11000061035156,105.43000030517578,95.71195983886719,1207600,0.0,0.0,0.0
2021-10-18,104.88999938964844,105.55000305175781,104.76000213623047,105.52999877929688,95.802734375,2182500,0.0,0.0,0.0
2021-10-19,105.9800033569336,106.33999633789062,105.87999725341797,106.29000091552734,96.49268341064453,1219100,0.0,0.0,0.0
2021-10-20,106.4000015258789,106.76000213623047,106.37000274658203,106.68000030517578,96.84671783447266,867100,0.0,0.0,0.0
2021-10-21,106.30000305175781,106.6500015258789,106.20999908447266,106.62999725341797,96.80133819580078,1136700,0.0,0.0,0.0
2021-10-22,106.75,107.08999633789062,106.22000122070312,106.69000244140625,96.85581970214844,917400,0.0,0.0,0.0
2021-10-25,106.76000213623047,107.1500015258789,106.41999816894531,107.04000091552734,97.17355346679688,1475300,0.0,0.0,0.0
2021-10-26,107.44999694824219,107.62999725341797,106.87999725341797,106.98999786376953,97.12815856933594,1441300,0.0,0.0,0.0
2021-10-27,106.9800033569336,107.13999938964844,106.33999633789062,106.36000061035156,96.55623626708984,891800,0.0,0.0,0.0
2021-10-28,106.6500015258789,107.33999633789062,106.62000274658203,107.31999969482422,97.4277572631836,1574000,0.0,0.0,0.0
2021-10-29,106.62999725341797,107.12999725341797,106.51000213623047,107.06999969482422,97.20079803466797,1216100,0.0,0.0,0.0
2021-11-01,107.41999816894531,107.7699966430664,107.19000244140625,107.7300033569336,97.79994201660156,856100,0.0,0.0,0.0
2021-11-02,107.56999969482422,107.83000183105469,107.48999786376953,107.75,97.81812286376953,1453400,0.0,0.0,0.0
2021-11-03,107.62000274658203,108.52999877929688,107.5,108.47000122070312,98.47174835205078,1325100,0.0,0.0,0.0
2021-11-04,108.52999877929688,108.79000091552734,108.27999877929688,108.6500015258789,98.6351547241211,1453100,0.0,0.0,0.0
2021-11-05,109.12999725341797,109.30999755859375,108.58999633789062,109.0,98.95287322998047,1287600,0.0,0.0,0.0
2021-11-08,109.2300033569336,109.38999938964844,109.11000061035156,109.2300033569336,99.16169738769531,1950000,0.0,0.0,0.0
2021-11-09,109.25,109.33999633789062,108.58000183105469,108.93000030517578,98.88933563232422,1157000,0.0,0.0,0.0
2021-11-10,108.61000061035156,108.91000366210938,107.55999755859375,107.87999725341797,97.93611145019531,1606700,0.0,0.0,0.0
2021-11-11,108.33000183105469,108.48999786376953,108.19000244140625,108.22000122070312,98.24478149414062,2232300,0.0,0.0,0.0
2021-11-12,108.48999786376953,108.98999786376953,108.33999633789062,108.94000244140625,98.89842224121094,1331300,0.0,0.0,0.0
2021-11-15,109.22000122070312,109.25,108.72000122070312,108.87999725341797,98.84394073486328,1201200,0.0,0.0,0.0
2021-11-16,108.83999633789062,109.30999755859375,108.77999877929688,109.06999969482422,99.01643371582031,2741000,0.0,0.0,0.0
2021-11-17,108.94000244140625,108.94000244140625,108.47000122070312,108.66999816894531,98.65330505371094,2227400,0.0,0.0,0.0
2021-11-18,108.72000122070312,108.77999877929688,108.01000213623047,108.70999908447266,98.68961334228516,1547600,0.0,0.0,0.0
2021-11-19,108.47000122070312,108.66999816894531,108.1500015258789,108.22000122070312,98.24478149414062,1379800,0.0,0.0,0.0
2021-11-22,108.44000244140625,108.80999755859375,107.58999633789062,107.5999984741211,97.68192291259766,2155500,0.0,0.0,0.0
2021-11-23,107.4800033569336,107.93000030517578,106.8499984741211,107.58000183105469,97.6637954711914,1823800,0.0,0.0,0.0
2021-11-24,106.83000183105469,107.63999938964844,106.63999938964844,107.63999938964844,97.71824645996094,2264400,0.0,0.0,0.0
2021-11-26,105.75,105.9000015258789,104.62000274658203,104.93000030517578,95.25804901123047,2741300,0.0,0.0,0.0
2021-11-29,106.04000091552734,106.26000213623047,105.25,105.86000061035156,96.10234069824219,2551500,0.0,0.0,0.0
2021-11-30,105.33999633789062,105.73999786376953,103.8499984741211,104.2699966430664,94.65886688232422,4756700,0.0,0.0,0.0
2021-12-01,105.5999984741211,106.20999908447266,103.12000274658203,103.16999816894531,93.6602783203125,5115600,0.0,0.0,0.0
2021-12-02,103.54000091552734,105.11000061035156,103.47000122070312,104.76000213623047,95.10372161865234,3838000,0.0,0.0,0.0
2021-12-03,105.06999969482422,105.22000122070312,102.93000030517578,103.79000091552734,94.22311401367188,3064700,0.0,0.0,0.0
2021-12-06,104.29000091552734,105.25,103.73999786376953,104.93000030517578,95.25804901123047,4751200,0.0,0.0,0.0
2021-12-07,106.33000183105469,107.20999908447266,106.29000091552734,107.0999984741211,97.22801971435547,2283100,0.0,0.0,0.0
2021-12-08,107.18000030517578,107.56999969482422,106.91000366210938,107.5,97.5911636352539,1987900,0.0,0.0,0.0
2021-12-09,107.0199966430664,107.19000244140625,106.48999786376953,106.54000091552734,96.71963500976562,3240900,0.0,0.0,0.0
2021-12-10,106.98999786376953,107.16000366210938,106.38999938964844,107.08000183105469,97.20987701416016,1997800,0.0,0.0,0.0
2021-12-13,106.7699966430664,106.83000183105469,105.93000030517578,106.0,96.22940826416016,1996400,0.0,0.0,0.0
2021-12-14,105.31999969482422,105.80999755859375,104.77999877929688,105.33999633789062,95.6302490234375,3442300,0.0,0.0,0.0
2021-12-15,105.38999938964844,106.69999694824219,104.69000244140625,106.66999816894531,96.83763885498047,2172200,0.0,0.0,0.0
2021-12-16,107.19000244140625,107.33000183105469,105.69999694824219,106.06999969482422,96.29295349121094,3196000,0.0,0.0,0.0
2021-12-17,105.2699966430664,106.0,104.73999786376953,105.0999984741211,95.41236877441406,3214700,0.0,0.0,0.0
2021-12-20,103.23999786376953,103.43000030517578,102.55999755859375,103.36000061035156,94.53887176513672,5029900,0.785,0.0,0.0
2021-12-21,104.05000305175781,105.13999938964844,103.8499984741211,105.11000061035156,96.13951110839844,3430800,0.0,0.0,0.0
2021-12-22,105.0,106.08999633789062,104.94999694824219,106.08000183105469,97.0267333984375,3575600,0.0,0.0,0.0
2021-12-23,106.29000091552734,107.0199966430664,106.23999786376953,106.76000213623047,97.64869689941406,2463700,0.0,0.0,0.0
2021-12-27,107.0,107.88999938964844,106.91999816894531,107.88999938964844,98.6822738647461,1446500,0.0,0.0,0.0
2021-12-28,107.97000122070312,108.18000030517578,107.6500015258789,107.7699966430664,98.57250213623047,4291800,0.0,0.0,0.0
2021-12-29,107.73999786376953,107.94999694824219,107.41999816894531,107.80999755859375,98.60910034179688,2018900,0.0,0.0,0.0
2021-12-30,107.91000366210938,108.16999816894531,107.62000274658203,107.72000122070312,98.52678680419922,2003100,0.0,0.0,0.0
2021-12-31,107.68000030517578,107.97000122070312,107.43000030517578,107.43000030517578,98.26152801513672,1916200,0.0,0.0,0.0
2022-01-03,107.91000366210938,108.08999633789062,107.30999755859375,108.05000305175781,98.82862091064453,2673100,0.0,0.0,0.0
2022-01-04,108.52999877929688,108.58000183105469,107.69000244140625,108.08999633789062,98.86520385742188,2012100,0.0,0.0,0.0
2022-01-05,108.08999633789062,108.25,106.2300033569336,106.25,97.18221282958984,2950400,0.0,0.0,0.0
2022-01-06,106.08999633789062,106.73999786376953,105.52999877929688,106.1500015258789,97.09078216552734,4125800,0.0,0.0,0.0
2022-01-07,106.16999816894531,106.48999786376953,105.48999786376953,106.0,96.95356750488281,2552000,0.0,0.0,0.0
2022-01-10,105.22000122070312,105.6500015258789,104.0,105.6500015258789,96.63343048095703,4144400,0.0,0.0,0.0
2022-01-11,105.72000122070312,106.91000366210938,105.26000213623047,106.87000274658203,97.74932861328125,2876400,0.0,0.0,0.0
2022-01-12,107.44999694824219,107.75,106.94000244140625,107.45999908447266,98.28897857666016,2019700,0.0,0.0,0.0
2022-01-13,107.68000030517578,107.80000305175781,105.97000122070312,106.12999725341797,97.07247161865234,1416900,0.0,0.0,0.0
2022-01-14,105.56999969482422,106.16999816894531,105.12999725341797,106.12000274658203,97.06332397460938,2047900,0.0,0.0,0.0
2022-01-18,104.91999816894531,105.02999877929688,104.0999984741211,104.30000305175781,95.3986587524414,3048900,0.0,0.0,0.0
2022-01-19,104.75,105.05000305175781,103.62000274658203,103.70999908447266,94.85899353027344,2741700,0.0,0.0,0.0
2022-01-20,104.2300033569336,105.19999694824219,102.73999786376953,102.86000061035156,94.08155059814453,3274500,0.0,0.0,0.0
2022-01-21,102.56999969482422,102.94000244140625,101.0199966430664,101.11000061035156,92.48091888427734,4396700,0.0,0.0,0.0
2022-01-24,99.51000213623047,101.05000305175781,97.19999694824219,100.9800033569336,92.36199188232422,8305400,0.0,0.0,0.0
2022-01-25,99.62000274658203,100.97000122070312,98.45999908447266,99.9800033569336,91.44731903076172,6116800,0.0,0.0,0.0
2022-01-26,101.19999694824219,101.83999633789062,98.72000122070312,99.52999877929688,91.0357437133789,3391100,0.0,0.0,0.0
2022-01-27,100.22000122070312,100.77999877929688,98.5199966430664,98.77999877929688,90.34976196289062,4984000,0.0,0.0,0.0
2022-01-28,98.87999725341797,100.45999908447266,97.91000366210938,100.41000366210938,91.84064483642578,4595000,0.0,0.0,0.0
2022-01-31,100.5,102.54000091552734,100.3499984741211,102.51000213623047,93.76142120361328,3353600,0.0,0.0,0.0
2022-02-01,102.86000061035156,103.4000015258789,102.0,103.31999969482422,94.50228118896484,3514300,0.0,0.0,0.0
2022-02-02,103.87999725341797,104.11000061035156,103.16999816894531,103.93000030517578,95.06022644042969,2607700,0.0,0.0,0.0
2022-02-03,102.69999694824219,103.08999633789062,101.76000213623047,101.91999816894531,93.2217788696289,2906600,0.0,0.0,0.0
2022-02-04,101.7699966430664,103.05999755859375,101.37000274658203,102.37000274658203,93.63336944580078,3111900,0.0,0.0,0.0
2022-02-07,102.44999694824219,102.94999694824219,102.04000091552734,102.25,93.52361297607422,3123500,0.0,0.0,0.0
2022-02-08,102.13999938964844,103.19999694824219,101.87000274658203,103.02999877929688,94.23704528808594,2120100,0.0,0.0,0.0
2022-02-09,104.0999984741211,104.72000122070312,104.0999984741211,104.70999908447266,95.77366638183594,4037800,0.0,0.0,0.0
2022-02-10,103.30999755859375,104.94999694824219,102.7699966430664,103.19999694824219,94.39252471923828,5798800,0.0,0.0,0.0
2022-02-11,103.19999694824219,103.6500015258789,101.04000091552734,101.41000366210938,92.75530242919922,3682300,0.0,0.0,0.0
2022-02-14,101.13999938964844,101.4000015258789,100.12999725341797,100.9000015258789,92.288818359375,4316400,0.0,0.0,0.0
2022-02-15,102.0,102.7699966430664,101.98999786376953,102.66999816894531,93.90776824951172,3022100,0.0,0.0,0.0
2022-02-16,102.27999877929688,103.20999908447266,102.02999877929688,102.9800033569336,94.1912841796875,9601400,0.0,0.0,0.0
2022-02-17,102.2300033569336,102.30999755859375,100.87000274658203,100.98999786376953,92.37114715576172,5645400,0.0,0.0,0.0
2022-02-18,101.0199966430664,101.27999877929688,99.87999725341797,100.27999877929688,91.72173309326172,8950900,0.0,0.0,0.0
2022-02-22,99.58999633789062,100.2699966430664,98.33000183105469,99.08999633789062,90.6332778930664,7864100,0.0,0.0,0.0
2022-02-23,99.83000183105469,99.91999816894531,97.52999877929688,97.70999908447266,89.37105560302734,6629800,0.0,0.0,0.0
2022-02-24,94.80000305175781,98.18000030517578,94.5199966430664,98.12000274658203,89.74608612060547,7176400,0.0,0.0,0.0
2022-02-25,98.6500015258789,100.31999969482422,98.23999786376953,100.29000091552734,91.73087310791016,6323800,0.0,0.0,0.0
2022-02-28,98.8499984741211,100.18000030517578,98.58000183105469,99.66999816894531,91.1637954711914,4139900,0.0,0.0,0.0
2022-03-01,99.37999725341797,99.70999908447266,97.44999694824219,98.01000213623047,89.64546203613281,5798900,0.0,0.0,0.0
2022-03-02,98.5,99.72000122070312,98.2300033569336,99.47000122070312,90.98086547851562,4138800,0.0,0.0,0.0
2022-03-03,99.68000030517578,99.7300033569336,98.05999755859375,98.43000030517578,90.02961730957031,5791200,0.0,0.0,0.0
2022-03-04,97.0,97.18000030517578,96.08999633789062,96.98999786376953,88.71251678466797,6832800,0.0,0.0,0.0
2022-03-07,96.62000274658203,96.72000122070312,93.81999969482422,93.9000015258789,85.88622283935547,3412800,0.0,0.0,0.0
2022-03-08,94.2300033569336,95.81999969482422,93.19000244140625,93.80000305175781,85.79473876953125,6877300,0.0,0.0,0.0
2022-03-09,96.06999969482422,97.0199966430664,95.4800033569336,96.62999725341797,88.38325500488281,4848000,0.0,0.0,0.0
2022-03-10,95.5199966430664,96.0999984741211,95.01000213623047,95.87999725341797,87.69723510742188,2413500,0.0,0.0,0.0
2022-03-11,96.61000061035156,96.69000244140625,94.58000183105469,94.66000366210938,86.58135223388672,3038700,0.0,0.0,0.0
2022-03-14,95.06999969482422,95.6500015258789,93.8499984741211,94.06999969482422,86.04170989990234,2549800,0.0,0.0,0.0
2022-03-15,94.43000030517578,95.68000030517578,94.08000183105469,95.55999755859375,87.40455627441406,2482200,0.0,0.0,0.0
2022-03-16,96.97000122070312,98.63999938964844,96.16000366210938,98.58999633789062,90.17595672607422,2872800,0.0,0.0,0.0
2022-03-17,98.1500015258789,99.6500015258789,97.98999786376953,99.62000274658203,91.1180648803711,2959900,0.0,0.0,0.0
2022-03-18,99.06999969482422,100.81999969482422,98.97000122070312,100.68000030517578,92.08760070800781,1901300,0.0,0.0,0.0
2022-03-21,100.31999969482422,100.61000061035156,99.41999816894531,100.16999816894531,91.85558319091797,2027400,0.257,0.0,0.0
2022-03-22,100.63999938964844,101.47000122070312,100.62999725341797,101.30999755859375,92.9009780883789,1196600,0.0,0.0,0.0
2022-03-23,100.56999969482422,101.02999877929688,100.05999755859375,100.06999969482422,91.76390075683594,2022600,0.0,0.0,0.0
2022-03-24,100.55000305175781,101.2300033569336,100.20999908447266,101.19999694824219,92.80008697509766,1814900,0.0,0.0,0.0
2022-03-25,101.2699966430664,101.48999786376953,100.56999969482422,101.43000030517578,93.01101684570312,1184200,0.0,0.0,0.0
2022-03-28,101.19999694824219,101.79000091552734,100.66999816894531,101.76000213623047,93.3136215209961,1671000,0.0,0.0,0.0
2022-03-29,103.0999984741211,103.4800033569336,102.55000305175781,103.41000366210938,94.82666015625,2112000,0.0,0.0,0.0
2022-03-30,103.19999694824219,103.3499984741211,102.4000015258789,102.83999633789062,94.30397033691406,2530600,0.0,0.0,0.0
2022-03-31,102.48999786376953,102.70999908447266,101.2300033569336,101.29000091552734,92.88262939453125,1777100,0.0,0.0,0.0
2022-04-01,101.91999816894531,102.0,101.13999938964844,101.94000244140625,93.47868347167969,2991200,0.0,0.0,0.0
2022-04-04,102.08000183105469,102.80000305175781,101.91999816894531,102.7699966430664,94.23977661132812,3128100,0.0,0.0,0.0
2022-04-05,102.36000061035156,102.7300033569336,101.08000183105469,101.29000091552734,92.88262939453125,4085000,0.0,0.0,0.0
2022-04-06,100.38999938964844,100.66000366210938,99.5199966430664,100.16000366210938,91.84642028808594,3349800,0.0,0.0,0.0
2022-04-07,100.0199966430664,100.73999786376953,99.3499984741211,100.38999938964844,92.05732727050781,2232500,0.0,0.0,0.0
2022-04-08,100.12999725341797,100.75,99.7699966430664,100.1500015258789,91.83724212646484,1625600,0.0,0.0,0.0
2022-04-11,99.51000213623047,99.66999816894531,98.66000366210938,98.75,90.553466796875,2063700,0.0,0.0,0.0
2022-04-12,99.33999633789062,99.83000183105469,98.05000305175781,98.33999633789062,90.177490234375,3146800,0.0,0.0,0.0
2022-04-13,98.43000030517578,99.68000030517578,98.4000015258789,99.55000305175781,91.28706359863281,2380600,0.0,0.0,0.0
2022-04-14,99.55000305175781,99.80999755859375,98.55000305175781,98.5999984741211,90.41590118408203,1673700,0.0,0.0,0.0
2022-04-18,98.2699966430664,98.80000305175781,97.94999694824219,98.31999969482422,90.1591567993164,2241400,0.0,0.0,0.0
2022-04-19,98.0999984741211,99.52999877929688,98.02999877929688,99.44000244140625,91.18619537353516,2125600,0.0,0.0,0.0
2022-04-20,100.0,100.0,99.2699966430664,99.5199966430664,91.25955200195312,2254400,0.0,0.0,0.0
2022-04-21,100.31999969482422,100.54000091552734,97.77999877929688,98.0,89.8656997680664,2220000,0.0,0.0,0.0
2022-04-22,97.83999633789062,97.83999633789062,95.69999694824219,95.77999877929688,87.82997131347656,3355800,0.0,0.0,0.0
2022-04-25,95.01000213623047,95.97000122070312,94.11000061035156,95.88999938964844,87.93083953857422,4484800,0.0,0.0,0.0
2022-04-26,95.27999877929688,95.41000366210938,93.26000213623047,93.2699966430664,85.52831268310547,5045800,0.0,0.0,0.0
2022-04-27,93.56999969482422,94.55000305175781,93.08000183105469,93.62000274658203,85.84927368164062,4433000,0.0,0.0,0.0
2022-04-28,94.52999877929688,95.88999938964844,93.51000213623047,95.55999755859375,87.62823486328125,2143700,0.0,0.0,0.0
2022-04-29,95.2300033569336,95.83999633789062,92.98999786376953,93.08999633789062,85.3632583618164,3356400,0.0,0.0,0.0
2022-05-02,92.97000122070312,93.72000122070312,91.58999633789062,93.38999938964844,85.63835144042969,12751600,0.0,0.0,0.0
2022-05-03,93.6500015258789,94.25,93.29000091552734,93.88999938964844,86.09685516357422,2985000,0.0,0.0,0.0
2022-05-04,93.9000015258789,96.2699966430664,93.0,96.13999938964844,88.16010284423828,2831500,0.0,0.0,0.0
2022-05-05,94.94000244140625,94.97000122070312,91.91000366210938,92.86000061035156,85.15233612060547,10992400,0.0,0.0,0.0
2022-05-06,92.20999908447266,92.63999938964844,90.95999908447266,91.94000244140625,84.30870819091797,7149300,0.0,0.0,0.0
2022-05-09,90.54000091552734,90.68000030517578,88.5999984741211,88.88999938964844,81.51187133789062,4630200,0.0,0.0,0.0
2022-05-10,90.41000366210938,90.62999725341797,88.30000305175781,89.19999694824219,81.79612731933594,3956400,0.0,0.0,0.0
2022-05-11,89.25,90.44999694824219,87.94000244140625,88.05999755859375,80.75076293945312,6832400,0.0,0.0,0.0
2022-05-12,87.47000122070312,88.75,86.63999938964844,87.93000030517578,80.63156127929688,8348900,0.0,0.0,0.0
2022-05-13,89.0199966430664,90.52999877929688,88.94999694824219,90.36000061035156,82.85985565185547,8078100,0.0,0.0,0.0
2022-05-16,89.94999694824219,90.72000122070312,89.5,90.06999969482422,82.59393310546875,5884900,0.0,0.0,0.0
2022-05-17,91.6500015258789,91.94999694824219,90.83000183105469,91.93000030517578,84.29953002929688,2364300,0.0,0.0,0.0
2022-05-18,91.0199966430664,91.1500015258789,88.62999725341797,88.87000274658203,81.49353790283203,2656500,0.0,0.0,0.0
2022-05-19,88.45999908447266,89.9000015258789,88.30999755859375,89.0999984741211,81.70442962646484,2181700,0.0,0.0,0.0
2022-05-20,90.02999877929688,90.16999816894531,87.5999984741211,89.3499984741211,81.93367767333984,5711300,0.0,0.0,0.0
2022-05-23,90.12000274658203,90.93000030517578,89.55999755859375,90.75,83.21747589111328,2737100,0.0,0.0,0.0
2022-05-24,89.9000015258789,90.2300033569336,88.7699966430664,89.9800033569336,82.51139831542969,2387000,0.0,0.0,0.0
2022-05-25,89.55999755859375,91.01000213623047,89.55999755859375,90.62000274658203,83.09827423095703,1486400,0.0,0.0,0.0
2022-05-26,90.87000274658203,92.47000122070312,90.7699966430664,92.1500015258789,84.50127410888672,2216400,0.0,0.0,0.0
2022-05-27,92.7699966430664,94.01000213623047,92.73999786376953,94.01000213623047,86.20689392089844,2749400,0.0,0.0,0.0
2022-05-31,93.97000122070312,94.27999877929688,93.16000366210938,93.55000305175781,85.78508758544922,2848000,0.0,0.0,0.0
2022-06-01,94.1500015258789,94.30000305175781,92.30999755859375,92.8499984741211,85.14318084716797,2453600,0.0,0.0,0.0
2022-06-02,93.05000305175781,94.7300033569336,92.72000122070312,94.7300033569336,86.86713409423828,1599300,0.0,0.0,0.0
2022-06-03,93.62000274658203,93.86000061035156,93.02999877929688,93.20999908447266,85.47329711914062,1837700,0.0,0.0,0.0
2022-06-06,94.3499984741211,94.55000305175781,93.33000183105469,93.56999969482422,85.80342102050781,1749300,0.0,0.0,0.0
2022-06-07,92.77999877929688,94.33999633789062,92.6500015258789,94.26000213623047,86.4361572265625,1357600,0.0,0.0,0.0
2022-06-08,93.83999633789062,94.16999816894531,93.16999816894531,93.33000183105469,85.58333587646484,1966000,0.0,0.0,0.0
2022-06-09,92.88999938964844,93.16999816894531,91.22000122070312,91.22000122070312,83.64848327636719,3874400,0.0,0.0,0.0
2022-06-10,89.87999725341797,89.94000244140625,88.7300033569336,88.83000183105469,81.45683288574219,4031100,0.0,0.0,0.0
2022-06-13,86.61000061035156,86.93000030517578,85.20999908447266,85.5199966430664,78.42156982421875,4235500,0.0,0.0,0.0
2022-06-14,85.87999725341797,86.12999725341797,84.55999755859375,85.25,78.17399597167969,3667400,0.0,0.0,0.0
2022-06-15,86.0,87.4800033569336,85.0,86.5999984741211,79.41195678710938,4300400,0.0,0.0,0.0
2022-06-16,84.6500015258789,84.6500015258789,83.41000366210938,83.87999725341797,76.91770935058594,3180300,0.0,0.0,0.0
2022-06-17,84.02999877929688,84.70999908447266,83.23999786376953,83.97000122070312,77.00022888183594,2705500,0.0,0.0,0.0
2022-06-21,84.73999786376953,85.52999877929688,84.73999786376953,85.12000274658203,78.6146469116211,3180600,0.598,0.0,0.0
2022-06-22,84.06999969482422,85.45999908447266,83.88999938964844,84.63999938964844,78.17133331298828,4948900,0.0,0.0,0.0
2022-06-23,84.97000122070312,85.25,84.0999984741211,85.1500015258789,78.64234924316406,2457100,0.0,0.0,0.0
2022-06-24,85.94000244140625,87.7300033569336,85.94000244140625,87.70999908447266,81.00669860839844,2559700,0.0,0.0,0.0
2022-06-27,87.9000015258789,88.0199966430664,87.22000122070312,87.48999786376953,80.80352020263672,2551600,0.0,0.0,0.0
2022-06-28,87.9800033569336,88.5,86.22000122070312,86.25,79.65828704833984,1914900,0.0,0.0,0.0
2022-06-29,86.2699966430664,86.41999816894531,85.6500015258789,85.98999786376953,79.41815185546875,2355600,0.0,0.0,0.0
2022-06-30,84.91000366210938,85.83999633789062,84.13999938964844,85.33999633789062,78.81783294677734,2315000,0.0,0.0,0.0
2022-07-01,84.83999633789062,85.94999694824219,84.31999969482422,85.87000274658203,79.30733489990234,2439400,0.0,0.0,0.0
2022-07-05,84.25,85.44000244140625,83.69999694824219,85.41999816894531,78.8917236328125,2940800,0.0,0.0,0.0
2022-07-06,85.38999938964844,85.87999725341797,84.70999908447266,85.47000122070312,78.9378890991211,5767900,0.0,0.0,0.0
2022-07-07,86.0199966430664,86.94000244140625,86.0199966430664,86.83000183105469,80.1939468383789,3005500,0.0,0.0,0.0
2022-07-08,86.48999786376953,87.19999694824219,86.11000061035156,86.80000305175781,80.166259765625,1277800,0.0,0.0,0.0
2022-07-11,86.0199966430664,86.08999633789062,85.37999725341797,85.51000213623047,78.9748306274414,4303400,0.0,0.0,0.0
2022-07-12,85.41000366210938,85.81999969482422,84.6500015258789,85.0199966430664,78.52229309082031,2733600,0.0,0.0,0.0
2022-07-13,83.81999969482422,85.19000244140625,83.68000030517578,84.72000122070312,78.2452163696289,1885700,0.0,0.0,0.0
2022-07-14,83.45999908447266,84.19999694824219,82.75,84.06999969482422,77.64488983154297,2355100,0.0,0.0,0.0
2022-07-15,84.97000122070312,85.5,84.37999725341797,85.4800033569336,78.9471435546875,2465100,0.0,0.0,0.0
2022-07-18,86.44999694824219,86.6500015258789,85.11000061035156,85.33000183105469,78.80857849121094,1336500,0.0,0.0,0.0
2022-07-19,86.38999938964844,87.61000061035156,86.30000305175781,87.51000213623047,80.8219985961914,2123900,0.0,0.0,0.0
2022-07-20,87.56999969482422,88.0999984741211,87.18000030517578,87.80000305175781,81.08984375,2523200,0.0,0.0,0.0
2022-07-21,87.70999908447266,88.7300033569336,87.3499984741211,88.7300033569336,81.94876098632812,1853900,0.0,0.0,0.0
2022-07-22,88.8499984741211,89.13999938964844,87.54000091552734,87.97000122070312,81.24683380126953,1526500,0.0,0.0,0.0
2022-07-25,88.31999969482422,88.43000030517578,87.87000274658203,88.30000305175781,81.5516128540039,2375200,0.0,0.0,0.0
2022-07-26,87.88999938964844,87.91000366210938,87.0999984741211,87.2300033569336,80.56339263916016,2244200,0.0,0.0,0.0
2022-07-27,88.04000091552734,89.62000274658203,87.95999908447266,89.33999633789062,82.51212310791016,1881000,0.0,0.0,0.0
2022-07-28,89.47000122070312,90.30999755859375,88.66999816894531,90.20999908447266,83.31564331054688,2164800,0.0,0.0,0.0
2022-07-29,90.36000061035156,91.36000061035156,90.12000274658203,91.30000305175781,84.32233428955078,2078200,0.0,0.0,0.0
2022-08-01,90.94999694824219,91.58999633789062,90.5199966430664,91.08000183105469,84.11915588378906,1371100,0.0,0.0,0.0
2022-08-02,90.62000274658203,91.3499984741211,90.16999816894531,90.37000274658203,83.4634017944336,1933500,0.0,0.0,0.0
2022-08-03,90.79000091552734,91.63999938964844,90.56999969482422,91.44000244140625,84.4516372680664,1435500,0.0,0.0,0.0
2022-08-04,91.56999969482422,91.79000091552734,91.25,91.58999633789062,84.59017181396484,1233100,0.0,0.0,0.0
2022-08-05,90.66000366210938,91.51000213623047,90.54000091552734,91.37999725341797,84.3962173461914,1555300,0.0,0.0,0.0
2022-08-08,91.97000122070312,92.41000366210938,91.30999755859375,91.51000213623047,84.51628112792969,1989600,0.0,0.0,0.0
2022-08-09,91.43000030517578,91.5,90.83000183105469,91.0199966430664,84.06372833251953,585600,0.0,0.0,0.0
2022-08-10,92.69000244140625,93.08999633789062,92.37999725341797,93.02999877929688,85.92011260986328,1291900,0.0,0.0,0.0
2022-08-11,93.69999694824219,94.13999938964844,92.94000244140625,93.08999633789062,85.97554016113281,1755200,0.0,0.0,0.0
2022-08-12,93.41999816894531,94.3499984741211,93.19000244140625,94.3499984741211,87.13925170898438,1168700,0.0,0.0,0.0
2022-08-15,93.73999786376953,94.44000244140625,93.66999816894531,94.37000274658203,87.15772247314453,2013900,0.0,0.0,0.0
2022-08-16,94.02999877929688,94.80000305175781,93.91999816894531,94.4800033569336,87.2593002319336,1019800,0.0,0.0,0.0
2022-08-17,93.69000244140625,94.2699966430664,93.25,93.7300033569336,86.56663513183594,1748500,0.0,0.0,0.0
2022-08-18,93.73999786376953,93.87000274658203,93.37000274658203,93.73999786376953,86.57585906982422,921100,0.0,0.0,0.0
2022-08-19,93.05999755859375,93.08999633789062,92.22000122070312,92.43000030517578,85.36598205566406,882100,0.0,0.0,0.0
2022-08-22,91.4000015258789,91.4000015258789,90.52999877929688,90.72000122070312,83.78667449951172,1092600,0.0,0.0,0.0
2022-08-23,90.6500015258789,91.33999633789062,90.55999755859375,90.68000030517578,83.74971771240234,922100,0.0,0.0,0.0
2022-08-24,90.5199966430664,91.2699966430664,90.4000015258789,90.9800033569336,84.02680206298828,1027300,0.0,0.0,0.0
2022-08-25,91.41000366210938,92.33999633789062,91.20999908447266,92.30000305175781,85.24591064453125,993500,0.0,0.0,0.0
2022-08-26,92.38999938964844,92.38999938964844,89.54000091552734,89.55999755859375,82.71531677246094,1455100,0.0,0.0,0.0
2022-08-29,89.0,89.66999816894531,88.83000183105469,89.06999969482422,82.26276397705078,1711400,0.0,0.0,0.0
2022-08-30,89.45999908447266,89.47000122070312,87.7699966430664,88.16999816894531,81.4315414428711,1357900,0.0,0.0,0.0
2022-08-31,88.44999694824219,88.76000213623047,87.58000183105469,87.5999984741211,80.90511322021484,1327600,0.0,0.0,0.0
2022-09-01,86.94000244140625,87.33000183105469,86.06999969482422,87.27999877929688,80.60955810546875,1704700,0.0,0.0,0.0
2022-09-02,87.9800033569336,88.3499984741211,86.19999694824219,86.54000091552734,79.92613983154297,2090200,0.0,0.0,0.0
2022-09-06,86.69000244140625,86.87999725341797,85.7300033569336,86.12000274658203,79.53822326660156,1739300,0.0,0.0,0.0
2022-09-07,85.83999633789062,87.4800033569336,85.79000091552734,87.37000274658203,80.69270324707031,1672000,0.0,0.0,0.0
2022-09-08,86.73999786376953,87.8499984741211,86.5,87.77999877929688,81.07135009765625,1853800,0.0,0.0,0.0
2022-09-09,88.5999984741211,89.58000183105469,88.5999984741211,89.44999694824219,82.61372375488281,1434700,0.0,0.0,0.0
2022-09-12,90.11000061035156,90.69999694824219,90.04000091552734,90.51000213623047,83.59271240234375,1137200,0.0,0.0,0.0
2022-09-13,88.58999633789062,88.83000183105469,86.73999786376953,86.95999908447266,80.31402587890625,1888700,0.0,0.0,0.0
2022-09-14,87.26000213623047,87.62999725341797,86.6500015258789,87.31999969482422,80.6465072631836,1737400,0.0,0.0,0.0
2022-09-15,86.86000061035156,87.54000091552734,86.18000030517578,86.43000030517578,79.82453155517578,2277800,0.0,0.0,0.0
2022-09-16,85.5,85.86000061035156,85.04000091552734,85.70999908447266,79.15955352783203,1604700,0.0,0.0,0.0
2022-09-19,84.5199966430664,85.83999633789062,84.5,85.83000183105469,79.6448745727539,1398200,0.403,0.0,0.0
2022-09-20,85.01000213623047,85.13999938964844,84.16000366210938,84.70999908447266,78.6055908203125,1462700,0.0,0.0,0.0
2022-09-21,84.95999908447266,85.61000061035156,83.3499984741211,83.37000274658203,77.36214447021484,2100600,0.0,0.0,0.0
2022-09-22,83.37999725341797,83.55000305175781,82.51000213623047,82.72000122070312,76.75897979736328,2794100,0.0,0.0,0.0
2022-09-23,81.5999984741211,81.5999984741211,80.0,80.83000183105469,75.00517272949219,3769800,0.0,0.0,0.0
2022-09-26,80.44999694824219,81.12000274658203,79.58000183105469,79.86000061035156,74.10509490966797,2990000,0.0,0.0,0.0
2022-09-27,80.56999969482422,81.0,79.12000274658203,79.58999633789062,73.85453796386719,2181100,0.0,0.0,0.0
2022-09-28,79.7699966430664,81.56999969482422,79.41999816894531,81.25,75.39491271972656,2461000,0.0,0.0,0.0
2022-09-29,80.26000213623047,80.55999755859375,79.02999877929688,79.72000122070312,73.97518157958984,3127200,0.0,0.0,0.0
2022-09-30,79.54000091552734,80.43000030517578,78.87000274658203,78.87999725341797,73.19569396972656,2909600,0.0,0.0,0.0
2022-10-03,79.80999755859375,81.19999694824219,79.36000061035156,80.83000183105469,75.00517272949219,2982400,0.0,0.0,0.0
2022-10-04,82.37000274658203,83.58000183105469,82.2699966430664,83.56999969482422,77.54772186279297,3802400,0.0,0.0,0.0
2022-10-05,82.58999633789062,83.6500015258789,81.95999908447266,83.16999816894531,77.17655944824219,2027200,0.0,0.0,0.0
2022-10-06,82.72000122070312,83.27999877929688,82.12000274658203,82.23999786376953,76.3135757446289,2150600,0.0,0.0,0.0
2022-10-07,81.47000122070312,81.5199966430664,79.91000366210938,80.25,74.46696472167969,2295800,0.0,0.0,0.0
2022-10-10,80.37999725341797,80.4800033569336,79.11000061035156,79.56999969482422,73.83598327636719,3247900,0.0,0.0,0.0
2022-10-11,79.12000274658203,80.04000091552734,78.47000122070312,78.87000274658203,73.18641662597656,3635300,0.0,0.0,0.0
2022-10-12,78.76000213623047,79.18000030517578,78.48999786376953,78.66999816894531,73.00083923339844,1546300,0.0,0.0,0.0
2022-10-13,77.12000274658203,80.69000244140625,76.80000305175781,80.36000061035156,74.56905364990234,4345500,0.0,0.0,0.0
2022-10-14,80.91999816894531,81.19000244140625,78.58999633789062,78.68000030517578,73.01011657714844,4493700,0.0,0.0,0.0
2022-10-17,80.26000213623047,81.01000213623047,80.19999694824219,80.75,74.93094635009766,2812000,0.0,0.0,0.0
2022-10-18,82.33000183105469,82.4000015258789,80.83000183105469,81.52999877929688,75.65473175048828,3304400,0.0,0.0,0.0
2022-10-19,80.91000366210938,81.37999725341797,80.0999984741211,80.66999816894531,74.85670471191406,2876700,0.0,0.0,0.0
2022-10-20,80.76000213623047,81.7300033569336,80.08000183105469,80.29000091552734,74.50408935546875,2741600,0.0,0.0,0.0
2022-10-21,80.0,82.0199966430664,79.66000366210938,81.95999908447266,76.0537338256836,2900400,0.0,0.0,0.0
2022-10-24,81.80999755859375,82.36000061035156,81.06999969482422,82.12000274658203,76.20222473144531,2528600,0.0,0.0,0.0
2022-10-25,82.2699966430664,83.69000244140625,82.2699966430664,83.62999725341797,77.6034164428711,2033000,0.0,0.0,0.0
2022-10-26,83.29000091552734,84.62000274658203,83.20999908447266,83.6500015258789,77.62196350097656,2176900,0.0,0.0,0.0
2022-10-27,83.70999908447266,84.23999786376953,83.06999969482422,83.18000030517578,77.18584442138672,3830400,0.0,0.0,0.0
2022-10-28,83.02999877929688,84.55999755859375,82.97000122070312,84.51000213623047,78.41998291015625,2605300,0.0,0.0,0.0
2022-10-31,83.79000091552734,84.27999877929688,83.66000366210938,83.91000366210938,77.86322784423828,2317600,0.0,0.0,0.0
2022-11-01,85.12999725341797,85.18000030517578,83.81999969482422,84.08000183105469,78.0209732055664,2126400,0.0,0.0,0.0
2022-11-02,84.05999755859375,85.04000091552734,82.30000305175781,82.30999755859375,76.3785171508789,1957600,0.0,0.0,0.0
2022-11-03,81.48999786376953,82.20999908447266,81.08000183105469,81.68000030517578,75.79393005371094,2439600,0.0,0.0,0.0
2022-11-04,83.47000122070312,83.9800033569336,82.3499984741211,83.58999633789062,77.5662841796875,3300700,0.0,0.0,0.0
2022-11-07,83.91999816894531,84.30999755859375,83.44000244140625,84.13999938964844,78.07665252685547,1861000,0.0,0.0,0.0
2022-11-08,84.45999908447266,85.37000274658203,83.91999816894531,84.73999786376953,78.63341522216797,1609200,0.0,0.0,0.0
2022-11-09,84.19999694824219,84.5,83.02999877929688,83.11000061035156,77.12089538574219,2153300,0.0,0.0,0.0
2022-11-10,86.02999877929688,87.6500015258789,85.80999755859375,87.61000061035156,81.29660034179688,2400300,0.0,0.0,0.0
2022-11-11,88.04000091552734,89.06999969482422,87.79000091552734,88.88999938964844,82.4843521118164,2377600,0.0,0.0,0.0
2022-11-14,88.47000122070312,88.97000122070312,88.0,88.02999877929688,81.68633270263672,3559200,0.0,0.0,0.0
2022-11-15,89.5,89.75,88.16000366210938,88.91999816894531,82.51219177246094,2212400,0.0,0.0,0.0
2022-11-16,88.52999877929688,88.72000122070312,88.02999877929688,88.16999816894531,81.81623840332031,1663600,0.0,0.0,0.0
2022-11-17,87.02999877929688,88.02999877929688,86.94999694824219,87.95999908447266,81.62137603759766,1479900,0.0,0.0,0.0
2022-11-18,88.38999938964844,88.52999877929688,87.63999938964844,88.16999816894531,81.81623840332031,2106800,0.0,0.0,0.0
2022-11-21,87.69000244140625,87.83000183105469,87.20999908447266,87.6500015258789,81.33370971679688,2224400,0.0,0.0,0.0
2022-11-22,88.1500015258789,88.79000091552734,87.81999969482422,88.77999877929688,82.38229370117188,2080100,0.0,0.0,0.0
2022-11-23,88.77999877929688,89.55999755859375,88.76000213623047,89.45999908447266,83.01327514648438,1824900,0.0,0.0,0.0
2022-11-25,89.48999786376953,89.68000030517578,89.33000183105469,89.55999755859375,83.1060791015625,2003900,0.0,0.0,0.0
2022-11-28,88.95999908447266,89.30999755859375,88.12999725341797,88.2699966430664,81.9090347290039,2998900,0.0,0.0,0.0
2022-11-29,88.54000091552734,88.94000244140625,88.1500015258789,88.44999694824219,82.07605743408203,1688800,0.0,0.0,0.0
2022-11-30,88.91999816894531,90.87000274658203,88.30000305175781,90.86000061035156,84.3124008178711,2422800,0.0,0.0,0.0
2022-12-01,91.2699966430664,91.5999984741211,90.56999969482422,91.06999969482422,84.50725555419922,3522900,0.0,0.0,0.0
2022-12-02,90.0,91.23999786376953,90.0,91.0199966430664,84.46085357666016,3153200,0.0,0.0,0.0
2022-12-05,90.56999969482422,90.68000030517578,89.16999816894531,89.44999694824219,83.0040054321289,3027000,0.0,0.0,0.0
2022-12-06,89.5,89.58000183105469,88.05999755859375,88.5,82.12245178222656,2238900,0.0,0.0,0.0
2022-12-07,88.36000061035156,88.80000305175781,88.12999725341797,88.3499984741211,81.98326110839844,2577300,0.0,0.0,0.0
2022-12-08,88.66999816894531,89.19999694824219,88.41000366210938,89.0199966430664,82.60498809814453,4675000,0.0,0.0,0.0
2022-12-09,88.98999786376953,89.44999694824219,88.55999755859375,88.55999755859375,82.17813873291016,3572200,0.0,0.0,0.0
2022-12-12,88.72000122070312,89.37999725341797,88.44000244140625,89.37999725341797,82.93903350830078,3013400,0.0,0.0,0.0
2022-12-13,91.87999725341797,91.88999938964844,89.70999908447266,90.20999908447266,83.709228515625,3391500,0.0,0.0,0.0
2022-12-14,90.19000244140625,91.0,89.12000274658203,89.83999633789062,83.36589050292969,2987500,0.0,0.0,0.0
2022-12-15,88.81999969482422,88.93000030517578,87.30999755859375,87.62000274658203,81.30587005615234,4212600,0.0,0.0,0.0
2022-12-16,87.08000183105469,87.4000015258789,86.4000015258789,86.80000305175781,80.54497528076172,3897900,0.0,0.0,0.0
2022-12-19,86.30000305175781,86.41999816894531,85.33999633789062,85.63999938964844,80.05699157714844,2675800,0.638,0.0,0.0
2022-12-20,85.58999633789062,86.19999694824219,85.37000274658203,85.83999633789062,80.24395751953125,3481700,0.0,0.0,0.0
2022-12-21,86.37999725341797,87.18000030517578,86.2300033569336,86.95999908447266,81.29094696044922,3473200,0.0,0.0,0.0
2022-12-22,86.44000244140625,86.44000244140625,84.81999969482422,85.91000366210938,80.30941009521484,3193100,0.0,0.0,0.0
2022-12-23,85.7699966430664,86.31999969482422,85.43000030517578,86.30999755859375,80.6833267211914,3026900,0.0,0.0,0.0
2022-12-27,86.37999725341797,86.62000274658203,85.94000244140625,86.30000305175781,80.67398834228516,7572000,0.0,0.0,0.0
2022-12-28,86.20999908447266,86.6500015258789,85.18000030517578,85.22000122070312,79.66439056396484,3893800,0.0,0.0,0.0
2022-12-29,86.01000213623047,86.86000061035156,85.87000274658203,86.69000244140625,81.03853607177734,3993200,0.0,0.0,0.0
2022-12-30,86.02999877929688,86.3499984741211,85.62000274658203,86.19000244140625,80.57115936279297,3547900,0.0,0.0,0.0
2023-01-03,86.87999725341797,87.37999725341797,85.70999908447266,86.23999786376953,80.61788177490234,3647800,0.0,0.0,0.0
2023-01-04,87.0199966430664,87.62000274658203,86.44999694824219,87.30000305175781,81.60877990722656,2534400,0.0,0.0,0.0
2023-01-05,86.72000122070312,86.79000091552734,86.19999694824219,86.4000015258789,80.76746368408203,2486400,0.0,0.0,0.0
2023-01-06,87.01000213623047,88.55000305175781,86.41000366210938,88.37999725341797,82.61837005615234,1828000,0.0,0.0,0.0
2023-01-09,89.0,89.6500015258789,88.55000305175781,88.58999633789062,82.81468963623047,4752300,0.0,0.0,0.0
2023-01-10,88.51000213623047,89.06999969482422,88.22000122070312,89.06999969482422,83.26338958740234,4671700,0.0,0.0,0.0
2023-01-11,89.44000244140625,89.9800033569336,89.23999786376953,89.97000122070312,84.10472869873047,2731900,0.0,0.0,0.0
2023-01-12,90.31999969482422,90.87000274658203,89.44999694824219,90.61000061035156,84.70299530029297,2880000,0.0,0.0,0.0
2023-01-13,90.05000305175781,91.1500015258789,90.0,91.08000183105469,85.1423568725586,1711900,0.0,0.0,0.0
2023-01-17,91.04000091552734,91.4800033569336,90.86000061035156,91.05999755859375,85.12364959716797,2714800,0.0,0.0,0.0
2023-01-18,91.62999725341797,91.73999786376953,90.05000305175781,90.08000183105469,84.20755004882812,4146400,0.0,0.0,0.0
2023-01-19,89.68000030517578,90.08000183105469,89.27999877929688,89.68000030517578,83.83363342285156,4035100,0.0,0.0,0.0
2023-01-20,89.94000244140625,91.08999633789062,89.61000061035156,91.06999969482422,85.13299560546875,2333300,0.0,0.0,0.0
2023-01-23,91.05000305175781,92.25,90.97000122070312,91.93000030517578,85.93692779541016,4305300,0.0,0.0,0.0
2023-01-24,91.58000183105469,92.0199966430664,91.27999877929688,91.83999633789062,85.8528060913086,1460700,0.0,0.0,0.0
2023-01-25,91.16000366210938,92.06999969482422,90.69999694824219,92.01000213623047,86.01171112060547,1616400,0.0,0.0,0.0
2023-01-26,92.58000183105469,92.81999969482422,91.87999725341797,92.79000091552734,86.74088287353516,1645800,0.0,0.0,0.0
2023-01-27,92.44000244140625,93.23999786376953,92.33999633789062,92.8499984741211,86.79695129394531,1597900,0.0,0.0,0.0
2023-01-30,92.22000122070312,92.62999725341797,91.69000244140625,91.72000122070312,85.74063873291016,2152500,0.0,0.0,0.0
2023-01-31,91.7300033569336,92.79000091552734,91.58999633789062,92.77999877929688,86.73152160644531,1352900,0.0,0.0,0.0
2023-02-01,92.68000030517578,94.30000305175781,91.98999786376953,93.79000091552734,87.6756820678711,1830600,0.0,0.0,0.0
2023-02-02,94.45999908447266,94.87000274658203,93.8499984741211,94.55000305175781,88.38613891601562,2264700,0.0,0.0,0.0
2023-02-03,93.43000030517578,94.4000015258789,93.25,93.5,87.40460968017578,2661400,0.0,0.0,0.0
2023-02-06,92.72000122070312,92.9000015258789,92.25,92.66000366210938,86.61934661865234,2325800,0.0,0.0,0.0
2023-02-07,92.45999908447266,93.83999633789062,92.16999816894531,93.6500015258789,87.54480743408203,1681200,0.0,0.0,0.0
2023-02-08,93.23999786376953,93.58000183105469,92.72000122070312,92.87999725341797,86.82500457763672,1799500,0.0,0.0,0.0
2023-02-09,93.87000274658203,93.91999816894531,92.1500015258789,92.41999816894531,86.39500427246094,1382400,0.0,0.0,0.0
2023-02-10,92.08999633789062,92.37000274658203,91.7699966430664,92.25,86.236083984375,2240200,0.0,0.0,0.0
2023-02-13,92.43000030517578,93.30999755859375,92.33000183105469,93.2699966430664,87.18958282470703,4380300,0.0,0.0,0.0
2023-02-14,92.87000274658203,93.80000305175781,92.44999694824219,93.33000183105469,87.24566650390625,1670500,0.0,0.0,0.0
2023-02-15,92.56999969482422,93.4000015258789,92.44999694824219,93.37999725341797,87.29241180419922,1488400,0.0,0.0,0.0
2023-02-16,92.41000366210938,93.33999633789062,92.29000091552734,92.48999786376953,86.46041107177734,1981300,0.0,0.0,0.0
2023-02-17,91.97000122070312,92.30999755859375,91.58999633789062,92.27999877929688,86.26412963867188,1873200,0.0,0.0,0.0
2023-02-21,91.5199966430664,91.70999908447266,90.6500015258789,90.72000122070312,84.80582427978516,2738200,0.0,0.0,0.0
2023-02-22,90.70999908447266,90.94999694824219,90.1500015258789,90.41999816894531,84.52537536621094,2321000,0.0,0.0,0.0
2023-02-23,91.06999969482422,91.19000244140625,90.0,90.9000015258789,84.97409057617188,1295000,0.0,0.0,0.0
2023-02-24,89.55999755859375,89.83000183105469,89.19000244140625,89.72000122070312,83.87103271484375,1595300,0.0,0.0,0.0
2023-02-27,90.44000244140625,90.80000305175781,90.05000305175781,90.22000122070312,84.33843231201172,1872900,0.0,0.0,0.0
2023-02-28,90.08000183105469,90.38999938964844,89.79000091552734,89.83000183105469,83.9738540649414,1831400,0.0,0.0,0.0
2023-03-01,90.16999816894531,90.41999816894531,89.72000122070312,90.01000213623047,84.1421127319336,1859500,0.0,0.0,0.0
2023-03-02,89.52999877929688,90.66000366210938,89.41999816894531,90.4800033569336,84.58147430419922,1962700,0.0,0.0,0.0
2023-03-03,90.9000015258789,91.87999725341797,90.72000122070312,91.77999877929688,85.79671478271484,2100900,0.0,0.0,0.0
2023-03-06,91.87000274658203,92.25,91.54000091552734,91.63999938964844,85.66584014892578,2046400,0.0,0.0,0.0
2023-03-07,91.5999984741211,91.5999984741211,90.08999633789062,90.23999786376953,84.35711669921875,2838800,0.0,0.0,0.0
2023-03-08,90.30999755859375,90.72000122070312,90.04000091552734,90.4800033569336,84.58147430419922,1344300,0.0,0.0,0.0
2023-03-09,90.56999969482422,90.8499984741211,88.81999969482422,88.98999786376953,83.1885986328125,1623400,0.0,0.0,0.0
2023-03-10,88.91000366210938,89.22000122070312,87.48999786376953,87.76000213623047,82.03880310058594,5013800,0.0,0.0,0.0
2023-03-13,86.93000030517578,88.37000274658203,86.58999633789062,87.4800033569336,81.77705383300781,5639200,0.0,0.0,0.0
2023-03-14,88.47000122070312,88.95999908447266,87.77999877929688,88.63999938964844,82.86141204833984,3097800,0.0,0.0,0.0
2023-03-15,86.70999908447266,87.33999633789062,86.12999725341797,87.27999877929688,81.5900650024414,4639700,0.0,0.0,0.0
2023-03-16,86.87999725341797,88.75,86.72000122070312,88.7300033569336,82.94556427001953,2350800,0.0,0.0,0.0
2023-03-17,88.31999969482422,88.47000122070312,87.33999633789062,87.68000030517578,81.96399688720703,1881500,0.0,0.0,0.0
2023-03-20,87.80000305175781,88.47000122070312,87.61000061035156,88.33999633789062,82.85027313232422,1584200,0.285,0.0,0.0
2023-03-21,89.22000122070312,89.61000061035156,88.88999938964844,89.5,83.93818664550781,1361200,0.0,0.0,0.0
2023-03-22,89.62999725341797,90.48999786376953,88.44999694824219,88.47000122070312,82.97221374511719,2729600,0.0,0.0,0.0
2023-03-23,89.29000091552734,90.02999877929688,88.1500015258789,88.68000030517578,83.16914367675781,1875600,0.0,0.0,0.0
2023-03-24,88.2300033569336,88.94000244140625,87.7300033569336,88.9000015258789,83.37549591064453,2086500,0.0,0.0,0.0
2023-03-27,89.41000366210938,89.5199966430664,88.91000366210938,89.23999786376953,83.69435119628906,2146800,0.0,0.0,0.0
2023-03-28,89.20999908447266,89.43000030517578,88.94000244140625,89.33000183105469,83.77877044677734,1051300,0.0,0.0,0.0
2023-03-29,90.11000061035156,90.47000122070312,89.93000030517578,90.43000030517578,84.81040954589844,1488100,0.0,0.0,0.0
2023-03-30,91.12999725341797,91.29000091552734,90.80000305175781,91.12999725341797,85.46690368652344,1246700,0.0,0.0,0.0
2023-03-31,91.33999633789062,92.12000274658203,91.33000183105469,92.08999633789062,86.36722564697266,1232300,0.0,0.0,0.0
2023-04-03,92.0999984741211,92.55000305175781,91.91999816894531,92.5199966430664,86.77052307128906,1769900,0.0,0.0,0.0
2023-04-04,92.63999938964844,92.68000030517578,91.80000305175781,92.12999725341797,86.40473937988281,1881200,0.0,0.0,0.0
2023-04-05,91.88999938964844,91.9800033569336,91.31999969482422,91.68000030517578,85.98273468017578,1166200,0.0,0.0,0.0
2023-04-06,91.54000091552734,92.0999984741211,91.30000305175781,91.9800033569336,86.26409149169922,924200,0.0,0.0,0.0
2023-04-10,91.5,92.0999984741211,91.30999755859375,92.08999633789062,86.36722564697266,1189200,0.0,0.0,0.0
2023-04-11,92.31999969482422,92.58999633789062,92.18000030517578,92.30999755859375,86.57356262207031,1155500,0.0,0.0,0.0
2023-04-12,92.9000015258789,92.98999786376953,92.08999633789062,92.18000030517578,86.45166015625,1877300,0.0,0.0,0.0
2023-04-13,92.69999694824219,93.4800033569336,92.62000274658203,93.38999938964844,87.58645629882812,964500,0.0,0.0,0.0
2023-04-14,93.30000305175781,93.69000244140625,92.62999725341797,93.0999984741211,87.31448364257812,2387100,0.0,0.0,0.0
2023-04-17,93.05999755859375,93.33999633789062,92.77999877929688,93.31999969482422,87.52080535888672,1028800,0.0,0.0,0.0
2023-04-18,93.69999694824219,93.77999877929688,93.20999908447266,93.4800033569336,87.6708755493164,1249900,0.0,0.0,0.0
2023-04-19,92.98999786376953,93.43000030517578,92.93000030517578,93.26000213623047,87.46453094482422,1263100,0.0,0.0,0.0
2023-04-20,92.83999633789062,93.2699966430664,92.62999725341797,92.91999816894531,87.14566802978516,943300,0.0,0.0,0.0
2023-04-21,92.91999816894531,93.02999877929688,92.47000122070312,92.94999694824219,87.17378997802734,1003900,0.0,0.0,0.0
2023-04-24,92.9000015258789,93.13999938964844,92.69000244140625,93.05000305175781,87.2676010131836,1969200,0.0,0.0,0.0
2023-04-25,92.55999755859375,92.55999755859375,91.52999877929688,91.52999877929688,85.84203338623047,972900,0.0,0.0,0.0
2023-04-26,91.88999938964844,92.0199966430664,91.2300033569336,91.33000183105469,85.65447235107422,990600,0.0,0.0,0.0
2023-04-27,91.87000274658203,92.9000015258789,91.77999877929688,92.8499984741211,87.08001708984375,1184600,0.0,0.0,0.0
2023-04-28,92.55000305175781,93.41000366210938,92.5199966430664,93.4000015258789,87.59584045410156,1692600,0.0,0.0,0.0
2023-05-01,93.30000305175781,93.66000366210938,93.2300033569336,93.29000091552734,87.49266052246094,924500,0.0,0.0,0.0
2023-05-02,92.9000015258789,92.9000015258789,91.58000183105469,92.23999786376953,86.50791931152344,1226800,0.0,0.0,0.0
2023-05-03,92.37999725341797,93.0199966430664,91.88999938964844,91.91999816894531,86.20780944824219,1462200,0.0,0.0,0.0
2023-05-04,91.8499984741211,91.9800033569336,91.3499984741211,91.5999984741211,85.90769958496094,1409900,0.0,0.0,0.0
2023-05-05,92.3499984741211,93.37000274658203,92.30000305175781,93.16000366210938,87.3707504272461,972200,0.0,0.0,0.0
2023-05-08,93.30000305175781,93.33999633789062,92.95999908447266,93.20999908447266,87.41764068603516,1048000,0.0,0.0,0.0
2023-05-09,92.7300033569336,93.0199966430664,92.61000061035156,92.83000183105469,87.06127166748047,785000,0.0,0.0,0.0
2023-05-10,93.33000183105469,93.37999725341797,92.29000091552734,93.0199966430664,87.23945617675781,4078400,0.0,0.0,0.0
2023-05-11,92.68000030517578,92.80000305175781,92.25,92.80000305175781,87.03312683105469,1016100,0.0,0.0,0.0
2023-05-12,92.97000122070312,92.97000122070312,92.08000183105469,92.54000091552734,86.7892837524414,1531500,0.0,0.0,0.0
2023-05-15,92.83000183105469,93.25,92.55000305175781,93.16999816894531,87.38011932373047,1307300,0.0,0.0,0.0
2023-05-16,92.83999633789062,92.97000122070312,92.37000274658203,92.37000274658203,86.6298599243164,772600,0.0,0.0,0.0
2023-05-17,92.76000213623047,93.37000274658203,92.36000061035156,93.23999786376953,87.44577026367188,1301300,0.0,0.0,0.0
2023-05-18,93.12999725341797,93.79000091552734,92.98999786376953,93.73999786376953,87.91472625732422,1607500,0.0,0.0,0.0
2023-05-19,93.91000366210938,94.04000091552734,93.48999786376953,93.75,87.9240951538086,1290100,0.0,0.0,0.0
2023-05-22,93.77999877929688,94.16999816894531,93.66999816894531,93.9000015258789,88.06475830078125,1281700,0.0,0.0,0.0
2023-05-23,93.38999938964844,93.56999969482422,92.69999694824219,92.72000122070312,86.95809173583984,897700,0.0,0.0,0.0
2023-05-24,92.2699966430664,92.2699966430664,91.69999694824219,91.88999938964844,86.17967224121094,1324700,0.0,0.0,0.0
2023-05-25,92.31999969482422,92.44000244140625,91.76000213623047,92.16999816894531,86.4422607421875,1442200,0.0,0.0,0.0
2023-05-26,92.48999786376953,93.44999694824219,92.45999908447266,93.29000091552734,87.49266052246094,1419600,0.0,0.0,0.0
2023-05-30,93.51000213623047,93.56999969482422,92.6500015258789,92.95999908447266,87.18317413330078,1797100,0.0,0.0,0.0
2023-05-31,92.4000015258789,92.51000213623047,91.77999877929688,92.2699966430664,86.53604888916016,1351800,0.0,0.0,0.0
2023-06-01,92.55000305175781,93.62000274658203,92.33999633789062,93.41999816894531,87.6146011352539,1499700,0.0,0.0,0.0
2023-06-02,94.30000305175781,95.04000091552734,94.22000122070312,94.87999725341797,88.98387145996094,1462200,0.0,0.0,0.0
2023-06-05,94.87999725341797,95.0199966430664,94.44999694824219,94.55999755859375,88.68375396728516,1162900,0.0,0.0,0.0
2023-06-06,94.5199966430664,95.19000244140625,94.44999694824219,95.12000274658203,89.20895385742188,1371900,0.0,0.0,0.0
2023-06-07,95.11000061035156,95.38999938964844,94.61000061035156,94.70999908447266,88.82443237304688,1567700,0.0,0.0,0.0
2023-06-08,94.81999969482422,95.37999725341797,94.62999725341797,95.29000091552734,89.3683853149414,995700,0.0,0.0,0.0
2023-06-09,95.4800033569336,95.77999877929688,95.20999908447266,95.4000015258789,89.47154998779297,961700,0.0,0.0,0.0
2023-06-12,95.61000061035156,96.05999755859375,95.44999694824219,96.04000091552734,90.0718002319336,902300,0.0,0.0,0.0
2023-06-13,96.5999984741211,96.95999908447266,96.51000213623047,96.79000091552734,90.77517700195312,1824500,0.0,0.0,0.0
2023-06-14,97.0,97.37999725341797,96.27999877929688,96.94000244140625,90.91586303710938,1505700,0.0,0.0,0.0
2023-06-15,96.9000015258789,98.23999786376953,96.83000183105469,98.05999755859375,91.96626281738281,997100,0.0,0.0,0.0
2023-06-16,98.4800033569336,98.48999786376953,97.68000030517578,97.77999877929688,91.7036361694336,935000,0.0,0.0,0.0
2023-06-20,96.52999877929688,96.54000091552734,95.83999633789062,96.16999816894531,90.79727935791016,3171800,0.65,0.0,0.0
2023-06-21,96.0,96.25,95.70999908447266,95.87000274658203,90.51404571533203,1024800,0.0,0.0,0.0
2023-06-22,95.54000091552734,95.87000274658203,95.37999725341797,95.83000183105469,90.4762954711914,915500,0.0,0.0,0.0
2023-06-23,94.80000305175781,95.12999725341797,94.66000366210938,94.77999877929688,89.48493957519531,1602800,0.0,0.0,0.0
2023-06-26,94.79000091552734,95.19999694824219,94.68000030517578,94.72000122070312,89.42829132080078,1251600,0.0,0.0,0.0
2023-06-27,94.9800033569336,95.81999969482422,94.83999633789062,95.69000244140625,90.34410095214844,931800,0.0,0.0,0.0
2023-06-28,95.47000122070312,95.91000366210938,95.30999755859375,95.73999786376953,90.39130401611328,1138900,0.0,0.0,0.0
2023-06-29,95.48999786376953,95.91999816894531,95.41000366210938,95.91999816894531,90.56124877929688,775200,0.0,0.0,0.0
2023-06-30,96.66000366210938,97.12999725341797,96.6500015258789,96.9800033569336,91.5620346069336,1184100,0.0,0.0,0.0
2023-07-03,97.05999755859375,97.29000091552734,97.0,97.29000091552734,91.8547134399414,971700,0.0,0.0,0.0
2023-07-05,96.79000091552734,96.91000366210938,96.58999633789062,96.73999786376953,91.3354263305664,793200,0.0,0.0,0.0
2023-07-06,95.70999908447266,95.70999908447266,94.97000122070312,95.55000305175781,90.21192932128906,995700,0.0,0.0,0.0
2023-07-07,95.44999694824219,96.51000213623047,95.44999694824219,95.80000305175781,90.44794464111328,1168000,0.0,0.0,0.0
2023-07-10,95.63999938964844,96.0999984741211,95.58999633789062,96.0999984741211,90.73119354248047,975500,0.0,0.0,0.0
2023-07-11,96.4000015258789,96.98999786376953,96.2300033569336,96.93000030517578,91.51481628417969,883100,0.0,0.0,0.0
2023-07-12,97.91000366210938,98.25,97.81999969482422,98.05999755859375,92.58170318603516,996000,0.0,0.0,0.0
2023-07-13,98.72000122070312,99.30999755859375,98.66999816894531,99.19000244140625,93.64856719970703,1457500,0.0,0.0,0.0
2023-07-14,99.23999786376953,99.27999877929688,98.7300033569336,98.83000183105469,93.30868530273438,1127900,0.0,0.0,0.0
2023-07-17,98.69000244140625,99.27999877929688,98.61000061035156,99.11000061035156,93.57302856445312,1168200,0.0,0.0,0.0
2023-07-18,99.0199966430664,99.77999877929688,98.95999908447266,99.70999908447266,94.13951110839844,901300,0.0,0.0,0.0
2023-07-19,99.83999633789062,100.08000183105469,99.66000366210938,99.80000305175781,94.22450256347656,927200,0.0,0.0,0.0
2023-07-20,99.62999725341797,99.7300033569336,99.0,99.12000274658203,93.58248138427734,1294300,0.0,0.0,0.0
2023-07-21,99.4800033569336,99.5199966430664,99.11000061035156,99.16000366210938,93.6202392578125,1073300,0.0,0.0,0.0
2023-07-24,99.29000091552734,99.66000366210938,99.13999938964844,99.5199966430664,93.96012115478516,633200,0.0,0.0,0.0
2023-07-25,99.55999755859375,100.02999877929688,99.55000305175781,99.81999969482422,94.24337768554688,1126400,0.0,0.0,0.0
2023-07-26,99.5,100.26000213623047,99.48999786376953,100.0,94.41332244873047,895600,0.0,0.0,0.0
2023-07-27,100.69000244140625,100.69000244140625,99.16000366210938,99.33999633789062,93.79017639160156,1179300,0.0,0.0,0.0
2023-07-28,100.19999694824219,100.54000091552734,100.02999877929688,100.37000274658203,94.76264953613281,869900,0.0,0.0,0.0
2023-07-31,100.5,100.7300033569336,100.36000061035156,100.58999633789062,94.97035217285156,3081800,0.0,0.0,0.0
2023-08-01,100.08000183105469,100.20999908447266,99.73999786376953,99.9800033569336,94.3944320678711,1442000,0.0,0.0,0.0
2023-08-02,99.04000091552734,99.08000183105469,98.1500015258789,98.30999755859375,92.81773376464844,1514000,0.0,0.0,0.0
2023-08-03,97.83999633789062,98.44000244140625,97.70999908447266,98.0999984741211,92.61946105957031,1065200,0.0,0.0,0.0
2023-08-04,98.56999969482422,99.08999633789062,97.83000183105469,97.91999816894531,92.44953155517578,1384000,0.0,0.0,0.0
2023-08-07,98.4000015258789,98.6500015258789,98.02999877929688,98.63999938964844,93.12930297851562,1102100,0.0,0.0,0.0
2023-08-08,97.7300033569336,98.08000183105469,97.26000213623047,98.02999877929688,92.55338287353516,1376900,0.0,0.0,0.0
2023-08-09,98.08000183105469,98.16999816894531,97.44000244140625,97.62999725341797,92.17570495605469,928100,0.0,0.0,0.0
2023-08-10,98.30000305175781,98.9800033569336,97.54000091552734,97.77999877929688,92.31732940673828,1107400,0.0,0.0,0.0
2023-08-11,97.20999908447266,97.66000366210938,97.06999969482422,97.43000030517578,91.98688507080078,1153200,0.0,0.0,0.0
2023-08-14,96.95999908447266,97.5199966430664,96.72000122070312,97.51000213623047,92.06242370605469,926400,0.0,0.0,0.0
2023-08-15,97.08000183105469,97.0999984741211,96.22000122070312,96.36000061035156,90.97667694091797,1750800,0.0,0.0,0.0
2023-08-16,96.18000030517578,96.52999877929688,95.61000061035156,95.62999725341797,90.2874526977539,1272800,0.0,0.0,0.0
2023-08-17,96.01000213623047,96.05999755859375,94.87000274658203,95.0,89.6926498413086,930000,0.0,0.0,0.0
2023-08-18,94.30000305175781,95.1500015258789,94.2300033569336,94.94000244140625,89.6360092163086,1858300,0.0,0.0,0.0
2023-08-21,95.13999938964844,95.55000305175781,94.69000244140625,95.41000366210938,90.07975769042969,1138900,0.0,0.0,0.0
2023-08-22,95.79000091552734,95.83000183105469,95.11000061035156,95.20999908447266,89.89090728759766,1653200,0.0,0.0,0.0
2023-08-23,95.5199966430664,96.44999694824219,95.51000213623047,96.30000305175781,90.92003631591797,1423600,0.0,0.0,0.0
2023-08-24,96.44999694824219,96.55999755859375,95.05999755859375,95.0999984741211,89.78705596923828,1294400,0.0,0.0,0.0
2023-08-25,95.47000122070312,95.93000030517578,94.68000030517578,95.6500015258789,90.30634307861328,1979800,0.0,0.0,0.0
2023-08-28,96.22000122070312,96.52999877929688,96.08999633789062,96.44000244140625,91.05220031738281,1336900,0.0,0.0,0.0
2023-08-29,96.33999633789062,97.80000305175781,96.29000091552734,97.73999786376953,92.27957916259766,1683900,0.0,0.0,0.0
2023-08-30,97.81999969482422,98.18000030517578,97.63999938964844,97.9800033569336,92.50615692138672,1273400,0.0,0.0,0.0
2023-08-31,98.06999969482422,98.20999908447266,97.66000366210938,97.7300033569336,92.2701416015625,988600,0.0,0.0,0.0
2023-09-01,98.52999877929688,98.63999938964844,97.79000091552734,98.06999969482422,92.59112548828125,2062000,0.0,0.0,0.0
2023-09-05,97.9000015258789,97.9000015258789,97.4000015258789,97.44999694824219,92.00577545166016,1512600,0.0,0.0,0.0
2023-09-06,97.27999877929688,97.4000015258789,96.4800033569336,96.88999938964844,91.47705841064453,1659600,0.0,0.0,0.0
2023-09-07,96.30999755859375,96.5999984741211,96.11000061035156,96.48999786376953,91.09939575195312,895400,0.0,0.0,0.0
2023-09-08,96.51000213623047,96.83999633789062,96.38999938964844,96.52999877929688,91.13716125488281,1840400,0.0,0.0,0.0
2023-09-11,97.2300033569336,97.3499984741211,96.97000122070312,97.30999755859375,91.87359619140625,1027800,0.0,0.0,0.0
2023-09-12,96.94999694824219,97.3499984741211,96.81999969482422,96.9000015258789,91.48650360107422,973700,0.0,0.0,0.0
2023-09-13,96.86000061035156,97.05000305175781,96.55999755859375,96.79000091552734,91.38265228271484,1335100,0.0,0.0,0.0
2023-09-14,97.41000366210938,97.87000274658203,97.19999694824219,97.7699966430664,92.30790710449219,1228900,0.0,0.0,0.0
2023-09-15,97.58000183105469,97.63999938964844,96.88999938964844,96.95999908447266,91.54314422607422,3056000,0.0,0.0,0.0
2023-09-18,96.41999816894531,96.6500015258789,96.19000244140625,96.44000244140625,91.43506622314453,902200,0.406,0.0,0.0
2023-09-19,96.31999969482422,96.44999694824219,95.81999969482422,96.26000213623047,91.26441192626953,1238100,0.0,0.0,0.0
2023-09-20,96.51000213623047,96.7699966430664,95.56999969482422,95.5999984741211,90.6386489868164,1155700,0.0,0.0,0.0
2023-09-21,94.86000061035156,94.88999938964844,93.94999694824219,94.02999877929688,89.15013885498047,1579700,0.0,0.0,0.0
2023-09-22,94.41999816894531,94.69000244140625,93.94999694824219,94.01000213623047,89.13118743896484,1231300,0.0,0.0,0.0
2023-09-25,93.58999633789062,94.12000274658203,93.47000122070312,94.11000061035156,89.2259750366211,1341200,0.0,0.0,0.0
2023-09-26,93.43000030517578,93.62000274658203,92.66000366210938,92.79000091552734,87.9744873046875,1608800,0.0,0.0,0.0
2023-09-27,93.12999725341797,93.22000122070312,92.12999725341797,92.80000305175781,87.98397064208984,1206200,0.0,0.0,0.0
2023-09-28,92.76000213623047,93.73999786376953,92.62000274658203,93.44000244140625,88.59075927734375,1443300,0.0,0.0,0.0
2023-09-29,94.19999694824219,94.22000122070312,92.94000244140625,93.18000030517578,88.3442611694336,3009700,0.0,0.0,0.0
2023-10-02,92.98999786376953,93.0999984741211,92.25,92.68000030517578,87.87019348144531,4101600,0.0,0.0,0.0
2023-10-03,92.06999969482422,92.31999969482422,91.12000274658203,91.41999816894531,86.67558288574219,1386000,0.0,0.0,0.0
2023-10-04,91.44999694824219,91.91000366210938,90.9800033569336,91.80000305175781,87.0358657836914,1378300,0.0,0.0,0.0
2023-10-05,91.91000366210938,92.18000030517578,91.36000061035156,92.0199966430664,87.24445343017578,2353200,0.0,0.0,0.0
2023-10-06,91.61000061035156,93.38999938964844,91.30999755859375,93.04000091552734,88.21150207519531,5399400,0.0,0.0,0.0
2023-10-09,92.41999816894531,93.45999908447266,92.3499984741211,93.31999969482422,88.47698211669922,3441700,0.0,0.0,0.0
2023-10-10,93.76000213623047,94.58999633789062,93.69999694824219,94.1500015258789,89.26390075683594,2297000,0.0,0.0,0.0
2023-10-11,94.55000305175781,94.69999694824219,93.97000122070312,94.58000183105469,89.67160034179688,2578700,0.0,0.0,0.0
2023-10-12,94.70999908447266,94.70999908447266,93.29000091552734,93.73999786376953,88.87519836425781,1729700,0.0,0.0,0.0
2023-10-13,93.91000366210938,94.12000274658203,92.83999633789062,93.12000274658203,88.28736877441406,2543700,0.0,0.0,0.0
2023-10-16,93.55000305175781,94.18000030517578,93.43000030517578,94.06999969482422,89.18805694580078,2152000,0.0,0.0,0.0
2023-10-17,93.33999633789062,94.51000213623047,93.33000183105469,94.06999969482422,89.18805694580078,2157700,0.0,0.0,0.0
2023-10-18,93.56999969482422,93.66999816894531,92.45999908447266,92.63999938964844,87.83228302001953,1916800,0.0,0.0,0.0
2023-10-19,92.62999725341797,93.04000091552734,91.69000244140625,91.83999633789062,87.07379150390625,3510200,0.0,0.0,0.0
2023-10-20,91.61000061035156,91.7300033569336,90.76000213623047,90.79000091552734,86.07828521728516,2854300,0.0,0.0,0.0
2023-10-23,90.37999725341797,91.37000274658203,90.01000213623047,90.62000274658203,85.91710662841797,3476000,0.0,0.0,0.0
2023-10-24,90.98999786376953,91.5199966430664,90.7699966430664,91.30999755859375,86.57129669189453,2110300,0.0,0.0,0.0
2023-10-25,90.87999725341797,90.88999938964844,90.02999877929688,90.12000274658203,85.44305419921875,1711000,0.0,0.0,0.0
2023-10-26,89.87999725341797,90.08000183105469,89.06999969482422,89.36000061035156,84.72250366210938,2204100,0.0,0.0,0.0
2023-10-27,89.87000274658203,89.91000366210938,88.73999786376953,88.97000122070312,84.35274505615234,1840200,0.0,0.0,0.0
2023-10-30,89.7300033569336,90.19999694824219,89.41000366210938,90.0199966430664,85.34823608398438,2087300,0.0,0.0,0.0
2023-10-31,90.0999984741211,90.48999786376953,89.69999694824219,90.45999908447266,85.7654037475586,3000700,0.0,0.0,0.0
2023-11-01,90.6500015258789,91.44999694824219,90.5199966430664,91.3499984741211,86.60920715332031,2539700,0.0,0.0,0.0
2023-11-02,92.5,93.25,92.44000244140625,93.20999908447266,88.37268829345703,2402200,0.0,0.0,0.0
2023-11-03,93.9800033569336,94.66999816894531,93.94999694824219,94.3499984741211,89.45353698730469,2401700,0.0,0.0,0.0
2023-11-06,94.5199966430664,94.66999816894531,94.01000213623047,94.33999633789062,89.44404602050781,1818400,0.0,0.0,0.0
2023-11-07,94.0999984741211,94.44000244140625,93.80999755859375,94.27999877929688,89.38716888427734,935700,0.0,0.0,0.0
2023-11-08,94.36000061035156,94.5,93.80999755859375,94.22000122070312,89.33026123046875,1358400,0.0,0.0,0.0
2023-11-09,94.55000305175781,94.63999938964844,93.55999755859375,93.62000274658203,88.76142883300781,2179300,0.0,0.0,0.0
2023-11-10,93.91999816894531,94.7300033569336,93.4800033569336,94.72000122070312,89.80432891845703,1700600,0.0,0.0,0.0
2023-11-13,94.37000274658203,94.91000366210938,94.22000122070312,94.70999908447266,89.79484558105469,1527100,0.0,0.0,0.0
2023-11-14,96.06999969482422,97.0999984741211,96.06999969482422,96.9000015258789,91.87120056152344,1550900,0.0,0.0,0.0
2023-11-15,97.18000030517578,97.55000305175781,96.97000122070312,97.08999633789062,92.05133819580078,3912500,0.0,0.0,0.0
2023-11-16,96.88999938964844,97.12000274658203,96.55000305175781,96.91000366210938,91.88068389892578,1471800,0.0,0.0,0.0
2023-11-17,97.19999694824219,97.5199966430664,97.0999984741211,97.44999694824219,92.39264678955078,966400,0.0,0.0,0.0
2023-11-20,97.43000030517578,98.27999877929688,97.38999938964844,98.08999633789062,92.99945068359375,1103300,0.0,0.0,0.0
2023-11-21,97.9000015258789,98.05999755859375,97.69000244140625,97.83000183105469,92.75292205810547,1564100,0.0,0.0,0.0
2023-11-22,98.01000213623047,98.25,97.73999786376953,98.06999969482422,92.98046875,1036900,0.0,0.0,0.0
2023-11-24,98.08999633789062,98.36000061035156,98.08000183105469,98.33000183105469,93.22698211669922,789600,0.0,0.0,0.0
2023-11-27,98.19999694824219,98.27999877929688,98.04000091552734,98.13999938964844,93.04683685302734,1820700,0.0,0.0,0.0
2023-11-28,98.06999969482422,98.56999969482422,97.94000244140625,98.30000305175781,93.19852447509766,1134400,0.0,0.0,0.0
2023-11-29,98.66999816894531,98.9000015258789,98.2699966430664,98.31999969482422,93.21749114990234,1342100,0.0,0.0,0.0
2023-11-30,98.5,98.68000030517578,98.13999938964844,98.61000061035156,93.4924545288086,1614900,0.0,0.0,0.0
2023-12-01,98.45999908447266,99.5199966430664,98.37999725341797,99.45999908447266,94.29833984375,2776100,0.0,0.0,0.0
2023-12-04,98.54000091552734,99.0,98.41999816894531,98.8499984741211,93.72000122070312,1918000,0.0,0.0,0.0
2023-12-05,98.54000091552734,98.83000183105469,98.33000183105469,98.62999725341797,93.51142883300781,1347200,0.0,0.0,0.0
2023-12-06,99.2300033569336,99.30999755859375,98.41000366210938,98.44999694824219,93.34075164794922,1159900,0.0,0.0,0.0
2023-12-07,98.83000183105469,99.20999908447266,98.62999725341797,99.11000061035156,93.96649932861328,1189800,0.0,0.0,0.0
2023-12-08,98.86000061035156,99.5,98.80999755859375,99.38999938964844,94.23197174072266,1528200,0.0,0.0,0.0
2023-12-11,99.31999969482422,99.7699966430664,99.26000213623047,99.76000213623047,94.58277130126953,1875300,0.0,0.0,0.0
2023-12-12,99.62000274658203,100.05000305175781,99.33999633789062,100.01000213623047,94.81978607177734,1149200,0.0,0.0,0.0
2023-12-13,100.05999755859375,101.52999877929688,99.79000091552734,101.48999786376953,96.22299194335938,1670000,0.0,0.0,0.0
2023-12-14,102.05000305175781,102.56999969482422,101.77999877929688,102.27999877929688,96.97198486328125,1897600,0.0,0.0,0.0
2023-12-15,102.05999755859375,102.23999786376953,101.70999908447266,101.80999755859375,96.52638244628906,2783100,0.0,0.0,0.0
2023-12-18,101.36000061035156,101.54000091552734,101.13999938964844,101.41000366210938,96.90958404541016,2144600,0.801,0.0,0.0
2023-12-19,101.66999816894531,102.19000244140625,101.66999816894531,102.16999816894531,97.63585662841797,1991900,0.0,0.0,0.0
2023-12-20,102.04000091552734,102.3499984741211,100.73999786376953,100.7699966430664,96.29798126220703,2707600,0.0,0.0,0.0
2023-12-21,101.66000366210938,102.08999633789062,101.30000305175781,102.06999969482422,97.54029083251953,1732600,0.0,0.0,0.0
2023-12-22,102.25,102.51000213623047,101.8499984741211,102.22000122070312,97.68363952636719,1975400,0.0,0.0,0.0
2023-12-26,102.36000061035156,102.91999816894531,102.33999633789062,102.7300033569336,98.17100524902344,1221900,0.0,0.0,0.0
2023-12-27,102.80000305175781,103.11000061035156,102.76000213623047,103.02999877929688,98.45768737792969,1414500,0.0,0.0,0.0
2023-12-28,103.18000030517578,103.4000015258789,103.02999877929688,103.0999984741211,98.52457427978516,2707800,0.0,0.0,0.0
2023-12-29,103.1500015258789,103.29000091552734,102.62999725341797,102.87999725341797,98.31433868408203,2336200,0.0,0.0,0.0
2024-01-02,102.08999633789062,102.33000183105469,101.69000244140625,102.01000213623047,97.48296356201172,4661400,0.0,0.0,0.0
2024-01-03,101.4000015258789,101.58999633789062,100.94999694824219,101.12999725341797,96.64200592041016,1802200,0.0,0.0,0.0
2024-01-04,101.02999877929688,101.6500015258789,100.94999694824219,101.01000213623047,96.52733612060547,2845100,0.0,0.0,0.0
2024-01-05,101.0,101.79000091552734,100.91999816894531,101.12999725341797,96.64200592041016,1830100,0.0,0.0,0.0
2024-01-08,101.05999755859375,102.37000274658203,101.05999755859375,102.3499984741211,97.8078842163086,3880100,0.0,0.0,0.0
2024-01-09,101.62000274658203,102.0999984741211,101.47000122070312,101.8499984741211,97.3300552368164,2271000,0.0,0.0,0.0
2024-01-10,101.95999908447266,102.51000213623047,101.86000061035156,102.3499984741211,97.8078842163086,2166200,0.0,0.0,0.0
2024-01-11,102.5199966430664,102.63999938964844,101.44000244140625,102.30999755859375,97.76963806152344,2938900,0.0,0.0,0.0
2024-01-12,102.7699966430664,103.0199966430664,102.27999877929688,102.47000122070312,97.92253875732422,1635500,0.0,0.0,0.0
2024-01-16,101.79000091552734,101.94999694824219,101.18000030517578,101.4800033569336,96.97647857666016,2729500,0.0,0.0,0.0
2024-01-17,100.5,100.69000244140625,100.13999938964844,100.68000030517578,96.21199035644531,1998300,0.0,0.0,0.0
2024-01-18,101.06999969482422,101.61000061035156,100.7699966430664,101.54000091552734,97.0338134765625,2753800,0.0,0.0,0.0
2024-01-19,101.66999816894531,102.5199966430664,101.37999725341797,102.45999908447266,97.9129867553711,2425400,0.0,0.0,0.0
2024-01-22,102.58999633789062,103.0,102.52999877929688,102.69999694824219,98.142333984375,1953700,0.0,0.0,0.0
2024-01-23,102.69000244140625,102.91000366210938,102.43000030517578,102.86000061035156,98.29523468017578,1194700,0.0,0.0,0.0
2024-01-24,103.75,103.8499984741211,103.11000061035156,103.12999725341797,98.55323791503906,1687000,0.0,0.0,0.0
2024-01-25,103.56999969482422,103.62999725341797,103.12999725341797,103.58000183105469,98.98328399658203,1418400,0.0,0.0,0.0
2024-01-26,103.66000366210938,103.95999908447266,103.51000213623047,103.6500015258789,99.05016326904297,1327400,0.0,0.0,0.0
2024-01-29,103.66000366210938,104.4000015258789,103.55000305175781,104.38999938964844,99.75733184814453,2771600,0.0,0.0,0.0
2024-01-30,104.12000274658203,104.29000091552734,103.94999694824219,104.1500015258789,99.52796936035156,2215100,0.0,0.0,0.0
2024-01-31,103.97000122070312,104.16999816894531,102.83999633789062,102.87999725341797,98.31433868408203,3121100,0.0,0.0,0.0
2024-02-01,103.26000213623047,104.0999984741211,103.02999877929688,104.08000183105469,99.46109771728516,6569300,0.0,0.0,0.0
2024-02-02,103.87000274658203,104.68000030517578,103.68000030517578,104.47000122070312,99.83377838134766,1901300,0.0,0.0,0.0
2024-02-05,104.11000061035156,104.23999786376953,103.44000244140625,103.97000122070312,99.35597229003906,2035100,0.0,0.0,0.0
2024-02-06,104.23999786376953,104.56999969482422,104.11000061035156,104.55000305175781,99.91024780273438,2627000,0.0,0.0,0.0
2024-02-07,104.8499984741211,105.20999908447266,104.70999908447266,105.08000183105469,100.41670227050781,1599300,0.0,0.0,0.0
2024-02-08,105.04000091552734,105.16000366210938,104.83999633789062,105.12000274658203,100.45494842529297,882500,0.0,0.0,0.0
2024-02-09,105.25,105.7699966430664,105.18000030517578,105.69999694824219,101.00920104980469,1119300,0.0,0.0,0.0
2024-02-12,105.69999694824219,106.33000183105469,105.69999694824219,105.83999633789062,101.14298248291016,1407900,0.0,0.0,0.0
2024-02-13,104.55999755859375,104.62999725341797,103.5999984741211,104.16999816894531,99.54708099365234,2514800,0.0,0.0,0.0
2024-02-14,104.8499984741211,105.37999725341797,104.55000305175781,105.33000183105469,100.6556167602539,1541600,0.0,0.0,0.0
2024-02-15,105.58999633789062,106.2699966430664,105.58999633789062,106.2300033569336,101.51567077636719,1470300,0.0,0.0,0.0
2024-02-16,106.29000091552734,106.58999633789062,105.79000091552734,105.9800033569336,101.27677154541016,1279500,0.0,0.0,0.0
2024-02-20,105.9800033569336,106.06999969482422,105.30000305175781,105.69000244140625,100.9996337890625,1831900,0.0,0.0,0.0
2024-02-21,105.43000030517578,105.73999786376953,105.0999984741211,105.72000122070312,101.02831268310547,1121300,0.0,0.0,0.0
2024-02-22,106.91999816894531,107.58999633789062,106.79000091552734,107.44000244140625,102.67198944091797,1266900,0.0,0.0,0.0
2024-02-23,107.68000030517578,107.79000091552734,107.30000305175781,107.5199966430664,102.7484359741211,1053600,0.0,0.0,0.0
2024-02-26,107.52999877929688,107.5999984741211,107.13999938964844,107.23999786376953,102.48085021972656,1057000,0.0,0.0,0.0
2024-02-27,107.37000274658203,107.5,107.16000366210938,107.47000122070312,102.70064544677734,1109700,0.0,0.0,0.0
2024-02-28,107.01000213623047,107.20999908447266,106.88999938964844,107.05999755859375,102.30883026123047,1042600,0.0,0.0,0.0
2024-02-29,107.55999755859375,107.66999816894531,106.91999816894531,107.5,102.72933197021484,1678800,0.0,0.0,0.0
2024-03-01,107.77999877929688,108.55000305175781,107.5199966430664,108.45999908447266,103.6467056274414,3584600,0.0,0.0,0.0
2024-03-04,108.31999969482422,108.62000274658203,108.2300033569336,108.29000091552734,103.48426055908203,1721800,0.0,0.0,0.0
2024-03-05,108.01000213623047,108.19000244140625,107.08000183105469,107.45999908447266,102.69110107421875,1369600,0.0,0.0,0.0
2024-03-06,108.45999908447266,108.76000213623047,108.06999969482422,108.31999969482422,103.5129165649414,2003400,0.0,0.0,0.0
2024-03-07,109.0,109.56999969482422,108.83999633789062,109.43000030517578,104.57366180419922,1322100,0.0,0.0,0.0
2024-03-08,109.58999633789062,110.0199966430664,108.73999786376953,108.91000366210938,104.07675170898438,1541100,0.0,0.0,0.0
2024-03-11,108.58000183105469,108.77999877929688,108.16999816894531,108.66000366210938,103.83784484863281,1825100,0.0,0.0,0.0
2024-03-12,109.0999984741211,109.77999877929688,108.5999984741211,109.70999908447266,104.84123992919922,1568300,0.0,0.0,0.0
2024-03-13,109.66999816894531,109.77999877929688,109.2699966430664,109.52999877929688,104.66923522949219,1537700,0.0,0.0,0.0
2024-03-14,109.66999816894531,109.66999816894531,108.4800033569336,109.04000091552734,104.20097351074219,2614900,0.0,0.0,0.0
2024-03-15,108.30000305175781,108.5199966430664,107.88999938964844,108.13999938964844,103.74144744873047,1822500,0.421,0.0,0.0
2024-03-18,108.83999633789062,108.94000244140625,108.4800033569336,108.54000091552734,104.12518310546875,1242300,0.0,0.0,0.0
2024-03-19,108.37000274658203,108.95999908447266,108.1500015258789,108.91999816894531,104.4897232055664,1720200,0.0,0.0,0.0
2024-03-20,108.9800033569336,110.05999755859375,108.81999969482422,110.0,105.52579498291016,2196400,0.0,0.0,0.0
2024-03-21,110.47000122070312,110.68000030517578,110.30000305175781,110.33000183105469,105.8423843383789,2301700,0.0,0.0,0.0
2024-03-22,110.25,110.2699966430664,109.91000366210938,109.98999786376953,105.51622009277344,1649300,0.0,0.0,0.0
2024-03-25,109.68000030517578,109.98999786376953,109.66999816894531,109.7699966430664,105.30516052246094,2037100,0.0,0.0,0.0
2024-03-26,110.12000274658203,110.16000366210938,109.61000061035156,109.63999938964844,105.18043518066406,1369700,0.0,0.0,0.0
2024-03-27,110.1500015258789,110.4800033569336,109.81999969482422,110.45999908447266,105.96708679199219,1884700,0.0,0.0,0.0
2024-03-28,110.4800033569336,110.69999694824219,110.43000030517578,110.5,106.00544738769531,1294800,0.0,0.0,0.0
2024-04-01,110.63999938964844,110.7300033569336,109.98999786376953,110.20999908447266,105.72725677490234,3399000,0.0,0.0,0.0
2024-04-02,109.54000091552734,109.58999633789062,109.20999908447266,109.56999969482422,105.11328125,1929900,0.0,0.0,0.0
2024-04-03,109.33000183105469,110.08999633789062,109.31999969482422,109.8499984741211,105.38189697265625,1207600,0.0,0.0,0.0
2024-04-04,110.63999938964844,110.73999786376953,108.66999816894531,108.72000122070312,104.29786682128906,3486100,0.0,0.0,0.0
2024-04-05,108.91000366210938,109.94000244140625,108.77999877929688,109.61000061035156,105.15167236328125,1544200,0.0,0.0,0.0
2024-04-08,109.94999694824219,110.08999633789062,109.7300033569336,109.8499984741211,105.38189697265625,1005800,0.0,0.0,0.0
2024-04-09,110.29000091552734,110.38999938964844,109.22000122070312,110.0199966430664,105.54497528076172,1802900,0.0,0.0,0.0
2024-04-10,108.7699966430664,109.18000030517578,108.33000183105469,108.76000213623047,104.33625030517578,1517100,0.0,0.0,0.0
2024-04-11,109.0999984741211,109.58999633789062,108.26000213623047,109.37999725341797,104.93102264404297,2141000,0.0,0.0,0.0
2024-04-12,108.4800033569336,108.76000213623047,107.36000061035156,107.61000061035156,103.2330093383789,2353000,0.0,0.0,0.0
2024-04-15,108.58999633789062,108.61000061035156,106.37000274658203,106.5999984741211,102.26408386230469,2497400,0.0,0.0,0.0
2024-04-16,106.2300033569336,106.54000091552734,105.69000244140625,105.98999786376953,101.67891693115234,2299300,0.0,0.0,0.0
2024-04-17,106.45999908447266,106.54000091552734,105.2300033569336,105.58999633789062,101.29517364501953,3519300,0.0,0.0,0.0
2024-04-18,105.86000061035156,106.30000305175781,105.2300033569336,105.43000030517578,101.14167785644531,1587600,0.0,0.0,0.0
2024-04-19,105.44999694824219,105.68000030517578,104.63999938964844,104.94000244140625,100.67161560058594,2264500,0.0,0.0,0.0
2024-04-22,105.47000122070312,106.38999938964844,105.12000274658203,105.91999816894531,101.61176300048828,1847400,0.0,0.0,0.0
2024-04-23,106.29000091552734,107.30000305175781,106.19000244140625,107.12999725341797,102.77252960205078,1763900,0.0,0.0,0.0
2024-04-24,107.4000015258789,107.5,106.62999725341797,107.0999984741211,102.7437515258789,1737400,0.0,0.0,0.0
2024-04-25,105.80000305175781,106.91000366210938,105.4800033569336,106.76000213623047,102.41758728027344,1332800,0.0,0.0,0.0
2024-04-26,107.36000061035156,107.91999816894531,107.20999908447266,107.72000122070312,103.33853912353516,1168900,0.0,0.0,0.0
2024-04-29,108.0999984741211,108.30000305175781,107.72000122070312,108.19000244140625,103.7894287109375,920300,0.0,0.0,0.0
2024-04-30,107.7699966430664,107.98999786376953,106.5,106.54000091552734,102.20653533935547,3625900,0.0,0.0,0.0
2024-05-01,106.41999816894531,107.80999755859375,106.0999984741211,106.33999633789062,102.01466369628906,1521300,0.0,0.0,0.0
2024-05-02,107.25,107.8499984741211,106.4800033569336,107.63999938964844,103.26178741455078,1100100,0.0,0.0,0.0
2024-05-03,108.83000183105469,109.05999755859375,108.27999877929688,108.79000091552734,104.36502075195312,1376100,0.0,0.0,0.0
2024-05-06,109.30000305175781,109.7699966430664,109.23999786376953,109.76000213623047,105.2955551147461,744900,0.0,0.0,0.0
2024-05-07,109.94999694824219,110.06999969482422,109.66000366210938,109.79000091552734,105.32434844970703,1336300,0.0,0.0,0.0
2024-05-08,109.37000274658203,109.7699966430664,109.30000305175781,109.72000122070312,105.25719451904297,868400,0.0,0.0,0.0
2024-05-09,109.77999877929688,110.41000366210938,109.6500015258789,110.4000015258789,105.90953063964844,1275000,0.0,0.0,0.0
2024-05-10,110.81999969482422,110.91999816894531,110.3499984741211,110.58000183105469,106.08221435546875,1168900,0.0,0.0,0.0
2024-05-13,110.77999877929688,110.87999725341797,110.37999725341797,110.55999755859375,106.06302642822266,708900,0.0,0.0,0.0
2024-05-14,110.80000305175781,111.2699966430664,110.58000183105469,111.23999786376953,106.7153549194336,716000,0.0,0.0,0.0
2024-05-15,111.86000061035156,112.55999755859375,111.62999725341797,112.52999877929688,107.95288848876953,1322800,0.0,0.0,0.0
2024-05-16,112.51000213623047,112.63999938964844,112.12000274658203,112.16999816894531,107.60752868652344,1547800,0.0,0.0,0.0
2024-05-17,112.2300033569336,112.48999786376953,112.12999725341797,112.4800033569336,107.9049301147461,1779100,0.0,0.0,0.0
2024-05-20,112.5,112.83000183105469,112.41000366210938,112.55000305175781,107.97207641601562,961500,0.0,0.0,0.0
2024-05-21,112.30999755859375,112.56999969482422,112.20999908447266,112.54000091552734,107.96248626708984,879900,0.0,0.0,0.0
2024-05-22,112.30000305175781,112.37000274658203,111.62000274658203,111.97000122070312,107.4156723022461,1763500,0.0,0.0,0.0
2024-05-23,112.77999877929688,112.91999816894531,110.94999694824219,111.16999816894531,106.64820861816406,716500,0.0,0.0,0.0
2024-05-24,111.61000061035156,112.0999984741211,111.44999694824219,111.98999786376953,107.43484497070312,1187300,0.0,0.0,0.0
2024-05-28,112.22000122070312,112.38999938964844,111.44999694824219,111.9000015258789,107.3485107421875,1612200,0.0,0.0,0.0
2024-05-29,110.81999969482422,111.0199966430664,110.6500015258789,110.68000030517578,106.17813873291016,821000,0.0,0.0,0.0
2024-05-30,110.68000030517578,111.0199966430664,110.33000183105469,110.61000061035156,106.1109848022461,1088000,0.0,0.0,0.0
2024-05-31,110.88999938964844,111.44000244140625,109.87999725341797,111.44000244140625,106.90723419189453,1604700,0.0,0.0,0.0
2024-06-03,111.91000366210938,111.91000366210938,110.72000122070312,111.55000305175781,107.01275634765625,1738400,0.0,0.0,0.0
2024-06-04,111.20999908447266,111.45999908447266,110.72000122070312,111.33000183105469,106.80170440673828,1039000,0.0,0.0,0.0
2024-06-05,111.88999938964844,112.5,111.44999694824219,112.4800033569336,107.9049301147461,1506300,0.0,0.0,0.0
2024-06-06,112.66999816894531,112.66999816894531,112.26000213623047,112.55999755859375,107.9816665649414,929200,0.0,0.0,0.0
2024-06-07,112.30000305175781,112.56999969482422,111.91000366210938,112.01000213623047,107.45404815673828,820800,0.0,0.0,0.0
2024-06-10,111.86000061035156,112.38999938964844,111.58000183105469,112.2699966430664,107.7034683227539,737500,0.0,0.0,0.0
2024-06-11,111.86000061035156,112.0999984741211,111.2300033569336,112.08000183105469,107.52117919921875,2672800,0.0,0.0,0.0
2024-06-12,113.30000305175781,113.81999969482422,112.95999908447266,113.16999816894531,108.56686401367188,1069600,0.0,0.0,0.0
2024-06-13,113.19000244140625,113.20999908447266,112.2300033569336,112.7699966430664,108.18313598632812,838300,0.0,0.0,0.0
2024-06-14,112.20999908447266,112.43000030517578,111.81999969482422,112.41000366210938,107.83777618408203,1380300,0.0,0.0,0.0
2024-06-17,112.26000213623047,113.31999969482422,112.13999938964844,113.13999938964844,108.53809356689453,893600,0.0,0.0,0.0
2024-06-18,113.13999938964844,113.58999633789062,113.13999938964844,113.51000213623047,108.89303588867188,965500,0.0,0.0,0.0
2024-06-20,113.66000366210938,113.7699966430664,112.94999694824219,113.30999755859375,108.70116424560547,1390900,0.0,0.0,0.0
2024-06-21,112.44000244140625,112.5999984741211,112.12000274658203,112.43000030517578,108.40995788574219,1059500,0.578,0.0,0.0
2024-06-24,112.7300033569336,113.2699966430664,112.55000305175781,112.55000305175781,108.52567291259766,951700,0.0,0.0,0.0
2024-06-25,112.7300033569336,112.83000183105469,112.3499984741211,112.7699966430664,108.73780822753906,1968600,0.0,0.0,0.0
2024-06-26,112.36000061035156,112.69999694824219,112.18000030517578,112.5999984741211,108.57388305664062,846500,0.0,0.0,0.0
2024-06-27,112.69999694824219,112.94999694824219,112.5,112.80999755859375,108.7763671875,1094600,0.0,0.0,0.0
2024-06-28,113.01000213623047,113.4800033569336,112.29000091552734,112.62999725341797,108.60279846191406,1192500,0.0,0.0,0.0
2024-07-01,113.0999984741211,113.12999725341797,112.37000274658203,112.77999877929688,108.74745178222656,2528300,0.0,0.0,0.0
2024-07-02,112.51000213623047,113.33999633789062,112.5,113.30999755859375,109.25849914550781,1245300,0.0,0.0,0.0
2024-07-03,113.52999877929688,114.20999908447266,113.52999877929688,114.18000030517578,110.09738159179688,1510200,0.0,0.0,0.0
2024-07-05,114.48999786376953,114.76000213623047,113.98999786376953,114.70999908447266,110.60844421386719,1308500,0.0,0.0,0.0
2024-07-08,114.9000015258789,115.01000213623047,114.54000091552734,114.68000030517578,110.57950592041016,1283700,0.0,0.0,0.0
2024-07-09,114.86000061035156,114.93000030517578,114.54000091552734,114.66000366210938,110.56022644042969,885400,0.0,0.0,0.0
2024-07-10,115.05000305175781,115.9000015258789,115.01000213623047,115.87000274658203,111.72697448730469,1064400,0.0,0.0,0.0
2024-07-11,116.0999984741211,116.51000213623047,115.5,115.63999938964844,111.50518798828125,1379900,0.0,0.0,0.0
2024-07-12,116.0999984741211,117.08999633789062,116.02999877929688,116.41999816894531,112.2573013305664,1007900,0.0,0.0,0.0
2024-07-15,116.6500015258789,117.0199966430664,116.12999725341797,116.38999938964844,112.2283706665039,1740800,0.0,0.0,0.0
2024-07-16,116.5999984741211,117.26000213623047,116.51000213623047,117.25,113.05762481689453,853800,0.0,0.0,0.0
2024-07-17,116.20999908447266,116.55999755859375,115.75,115.80000305175781,111.65946960449219,2856300,0.0,0.0,0.0
2024-07-18,116.13999938964844,116.27999877929688,114.44000244140625,114.81999969482422,110.7145004272461,1007600,0.0,0.0,0.0
2024-07-19,114.5999984741211,114.83999633789062,113.9000015258789,114.05999755859375,109.98167419433594,1043000,0.0,0.0,0.0
2024-07-22,114.8499984741211,115.2699966430664,114.4800033569336,115.19999694824219,111.0809097290039,1057700,0.0,0.0,0.0
2024-07-23,115.0,115.30999755859375,114.77999877929688,114.83999633789062,110.73377990722656,1038200,0.0,0.0,0.0
2024-07-24,114.16000366210938,114.2300033569336,112.55000305175781,112.62999725341797,108.60279846191406,1035100,0.0,0.0,0.0
2024-07-25,112.48999786376953,113.75,111.86000061035156,112.25,108.23640441894531,1196000,0.0,0.0,0.0
2024-07-26,113.0999984741211,113.94000244140625,112.95999908447266,113.54000091552734,109.48027038574219,730200,0.0,0.0,0.0
2024-07-29,113.70999908447266,114.0,113.02999877929688,113.38999938964844,109.33563995361328,761000,0.0,0.0,0.0
2024-07-30,113.69999694824219,113.9000015258789,112.5,113.0999984741211,109.0560073852539,1087500,0.0,0.0,0.0
2024-07-31,114.63999938964844,115.45999908447266,114.41999816894531,114.86000061035156,110.75308227539062,1307700,0.0,0.0,0.0
2024-08-01,114.73999786376953,115.08999633789062,112.16000366210938,112.77999877929688,108.74745178222656,2407600,0.0,0.0,0.0
2024-08-02,111.3499984741211,111.3499984741211,109.8499984741211,110.70999908447266,106.75144958496094,1864700,0.0,0.0,0.0
2024-08-05,106.37000274658203,108.80999755859375,105.9000015258789,107.72000122070312,103.86837005615234,3283700,0.0,0.0,0.0
2024-08-06,107.76000213623047,109.73999786376953,107.52999877929688,108.52999877929688,104.6494140625,1539600,0.0,0.0,0.0
2024-08-07,110.16000366210938,110.55999755859375,108.16000366210938,108.25,104.3794174194336,1847900,0.0,0.0,0.0
2024-08-08,109.37000274658203,110.66999816894531,108.94000244140625,110.55999755859375,106.6068344116211,668500,0.0,0.0,0.0
2024-08-09,110.45999908447266,111.20999908447266,110.1500015258789,111.0199966430664,107.05036926269531,1519500,0.0,0.0,0.0
2024-08-12,111.19000244140625,111.48999786376953,110.6500015258789,111.04000091552734,107.06966400146484,852600,0.0,0.0,0.0
2024-08-13,111.66000366210938,112.80000305175781,111.62999725341797,112.7699966430664,108.73780822753906,761900,0.0,0.0,0.0
2024-08-14,112.87000274658203,113.16999816894531,112.4000015258789,113.05000305175781,109.00780487060547,587600,0.0,0.0,0.0
2024-08-15,114.02999877929688,114.80999755859375,114.01000213623047,114.72000122070312,110.61808776855469,762400,0.0,0.0,0.0
2024-08-16,114.58000183105469,115.27999877929688,114.58000183105469,115.16999816894531,111.05199432373047,548200,0.0,0.0,0.0
2024-08-19,115.44000244140625,116.37999725341797,115.36000061035156,116.3499984741211,112.18978881835938,693400,0.0,0.0,0.0
2024-08-20,116.33000183105469,116.4800033569336,115.75,116.02999877929688,111.88124084472656,721800,0.0,0.0,0.0
2024-08-21,116.41999816894531,116.83999633789062,116.1500015258789,116.69999694824219,112.52727508544922,794200,0.0,0.0,0.0
2024-08-22,116.94999694824219,117.01000213623047,115.54000091552734,115.72000122070312,111.58232879638672,828300,0.0,0.0,0.0
2024-08-23,116.5,117.44999694824219,116.44000244140625,117.4000015258789,113.20226287841797,1114400,0.0,0.0,0.0
2024-08-26,117.43000030517578,117.52999877929688,116.73999786376953,116.86000061035156,112.68156433105469,985000,0.0,0.0,0.0
2024-08-27,116.87000274658203,117.31999969482422,116.6500015258789,117.19999694824219,113.00941467285156,1046400,0.0,0.0,0.0
2024-08-28,117.08000183105469,117.13999938964844,115.9800033569336,116.5199966430664,112.35371398925781,1126900,0.0,0.0,0.0
2024-08-29,117.02999877929688,117.5999984741211,116.54000091552734,116.69000244140625,112.51764678955078,1026600,0.0,0.0,0.0
2024-08-30,117.20999908447266,117.58999633789062,116.41000366210938,117.54000091552734,113.33724212646484,548000,0.0,0.0,0.0
2024-09-03,116.91000366210938,116.94999694824219,114.77999877929688,115.2300033569336,111.10985565185547,1386400,0.0,0.0,0.0
2024-09-04,114.75,115.5999984741211,114.6500015258789,114.9800033569336,110.86878967285156,1048900,0.0,0.0,0.0
2024-09-05,115.08000183105469,115.45999908447266,114.3499984741211,114.77999877929688,110.67594146728516,1570100,0.0,0.0,0.0
2024-09-06,114.86000061035156,115.1500015258789,112.66999816894531,112.83000183105469,108.79566955566406,1151000,0.0,0.0,0.0
2024-09-09,113.75,114.31999969482422,113.41999816894531,113.98999786376953,109.9141845703125,1132400,0.0,0.0,0.0
2024-09-10,114.1500015258789,114.27999877929688,113.04000091552734,114.11000061035156,110.02989959716797,2004300,0.0,0.0,0.0
2024-09-11,114.06999969482422,115.19999694824219,112.48999786376953,115.04000091552734,110.92664337158203,1010400,0.0,0.0,0.0
2024-09-12,115.18000030517578,116.08000183105469,114.73999786376953,116.02999877929688,111.88124084472656,1140900,0.0,0.0,0.0
2024-09-13,116.2300033569336,116.8499984741211,116.2300033569336,116.63999938964844,112.46943664550781,1053100,0.0,0.0,0.0
2024-09-16,116.86000061035156,117.11000061035156,116.45999908447266,117.08999633789062,112.9033432006836,1080700,0.0,0.0,0.0
2024-09-17,117.41999816894531,117.63999938964844,116.58999633789062,117.0199966430664,112.83585357666016,498600,0.0,0.0,0.0
2024-09-18,117.1500015258789,118.12999725341797,116.58999633789062,116.69000244140625,112.51764678955078,1042100,0.0,0.0,0.0
2024-09-19,118.70999908447266,119.08999633789062,118.08000183105469,118.76000213623047,114.51363372802734,780100,0.0,0.0,0.0
2024-09-20,117.95999908447266,118.18000030517578,117.37000274658203,117.9000015258789,114.0849609375,1072900,0.417,0.0,0.0
2024-09-23,118.20999908447266,118.45999908447266,118.02999877929688,118.27999877929688,114.45266723632812,1003800,0.0,0.0,0.0
2024-09-24,118.81999969482422,119.08999633789062,118.33000183105469,119.08000183105469,115.2267837524414,1018400,0.0,0.0,0.0
2024-09-25,119.05000305175781,119.12999725341797,118.41000366210938,118.48999786376953,114.65587615966797,1654400,0.0,0.0,0.0
2024-09-26,120.12999725341797,120.18000030517578,119.44999694824219,119.95999908447266,116.07831573486328,1672600,0.0,0.0,0.0
2024-09-27,120.43000030517578,120.43000030517578,119.37999725341797,119.61000061035156,115.73963928222656,1873800,0.0,0.0,0.0
2024-09-30,119.51000213623047,119.75,118.70999908447266,119.69999694824219,115.82671356201172,891300,0.0,0.0,0.0
2024-10-01,119.72000122070312,119.7300033569336,118.27999877929688,118.94000244140625,115.09130859375,1128000,0.0,0.0,0.0
2024-10-02,118.97000122070312,119.26000213623047,118.37000274658203,119.12000274658203,115.2655029296875,4538800,0.0,0.0,0.0
2024-10-03,118.41999816894531,118.8499984741211,118.12000274658203,118.45999908447266,114.62683868408203,2657900,0.0,0.0,0.0
2024-10-04,119.25,119.55000305175781,118.62000274658203,119.51000213623047,115.64286041259766,1791600,0.0,0.0,0.0
2024-10-07,119.31999969482422,119.37999725341797,118.43000030517578,118.79000091552734,114.94615936279297,1825700,0.0,0.0,0.0
2024-10-08,118.7300033569336,119.05999755859375,118.4800033569336,118.98999786376953,115.13969421386719,1076300,0.0,0.0,0.0
2024-10-09,118.72000122070312,119.54000091552734,118.54000091552734,119.45999908447266,115.59449005126953,1305600,0.0,0.0,0.0
2024-10-10,119.2300033569336,119.45999908447266,118.79000091552734,119.2699966430664,115.4106216430664,877800,0.0,0.0,0.0
2024-10-11,119.25,120.22000122070312,119.16000366210938,120.08999633789062,116.20409393310547,1081600,0.0,0.0,0.0
2024-10-14,120.16000366210938,120.81999969482422,120.0199966430664,120.69000244140625,116.78469848632812,775200,0.0,0.0,0.0
2024-10-15,120.51000213623047,120.54000091552734,119.26000213623047,119.44999694824219,115.58482360839844,985000,0.0,0.0,0.0
2024-10-16,119.73999786376953,120.13999938964844,119.58000183105469,120.04000091552734,116.15571594238281,984000,0.0,0.0,0.0
2024-10-17,120.55999755859375,120.5999984741211,119.97000122070312,119.9800033569336,116.09766387939453,1100800,0.0,0.0,0.0
2024-10-18,120.55000305175781,120.72000122070312,120.29000091552734,120.56999969482422,116.66856384277344,737800,0.0,0.0,0.0
2024-10-21,120.23999786376953,120.4000015258789,119.5,119.94999694824219,116.0686264038086,877600,0.0,0.0,0.0
2024-10-22,119.3499984741211,119.88999938964844,119.27999877929688,119.66000366210938,115.78802490234375,825300,0.0,0.0,0.0
2024-10-23,119.31999969482422,119.31999969482422,117.95999908447266,118.62000274658203,114.78166961669922,1073200,0.0,0.0,0.0
2024-10-24,119.08999633789062,119.08999633789062,118.4000015258789,118.93000030517578,115.08163452148438,760700,0.0,0.0,0.0
2024-10-25,119.30000305175781,119.73999786376953,118.54000091552734,118.7300033569336,114.88810729980469,1119900,0.0,0.0,0.0
2024-10-28,119.37999725341797,119.58000183105469,119.23999786376953,119.3499984741211,115.48804473876953,1504600,0.0,0.0,0.0
2024-10-29,119.08999633789062,119.47000122070312,118.80999755859375,119.25,115.39128112792969,763900,0.0,0.0,0.0
2024-10-30,118.88999938964844,119.43000030517578,118.62999725341797,118.80999755859375,114.96551513671875,966200,0.0,0.0,0.0
2024-10-31,118.13999938964844,118.13999938964844,117.02999877929688,117.08999633789062,113.30117797851562,976100,0.0,0.0,0.0
2024-11-01,117.76000213623047,118.33999633789062,117.44999694824219,117.55999755859375,113.7559585571289,1508700,0.0,0.0,0.0
2024-11-04,117.81999969482422,118.12999725341797,117.25,117.5,113.69791412353516,1424400,0.0,0.0,0.0
2024-11-05,117.8499984741211,118.91999816894531,117.80000305175781,118.91999816894531,115.07196044921875,782800,0.0,0.0,0.0
2024-11-06,120.06999969482422,120.58999633789062,119.30000305175781,120.4800033569336,116.58148193359375,1850600,0.0,0.0,0.0
2024-11-07,121.27999877929688,121.97000122070312,121.2300033569336,121.75,117.81037902832031,2380800,0.0,0.0,0.0
2024-11-08,121.30000305175781,121.55999755859375,121.08999633789062,121.41000366210938,117.48139190673828,2177400,0.0,0.0,0.0
2024-11-11,121.55999755859375,121.79000091552734,121.29000091552734,121.55000305175781,117.61685943603516,1076700,0.0,0.0,0.0
2024-11-12,121.08000183105469,121.22000122070312,120.04000091552734,120.58000183105469,116.6782455444336,1352600,0.0,0.0,0.0
2024-11-13,120.51000213623047,120.7300033569336,119.94999694824219,120.33000183105469,116.43632507324219,1305900,0.0,0.0,0.0
2024-11-14,120.47000122070312,120.62000274658203,119.58999633789062,119.70999908447266,115.83639526367188,1021200,0.0,0.0,0.0
2024-11-15,119.27999877929688,119.33000183105469,118.2699966430664,118.5199966430664,114.68489837646484,1803700,0.0,0.0,0.0
2024-11-18,118.7699966430664,119.43000030517578,118.56999969482422,119.22000122070312,115.36224365234375,1916000,0.0,0.0,0.0
2024-11-19,118.4800033569336,119.66999816894531,118.43000030517578,119.52999877929688,115.66222381591797,1369100,0.0,0.0,0.0
2024-11-20,119.41000366210938,119.55000305175781,118.48999786376953,119.5,115.63319396972656,1529200,0.0,0.0,0.0
2024-11-21,119.88999938964844,120.29000091552734,119.1500015258789,120.06999969482422,116.18475341796875,996100,0.0,0.0,0.0
2024-11-22,120.05000305175781,120.68000030517578,119.95999908447266,120.58999633789062,116.68791961669922,1168700,0.0,0.0,0.0
2024-11-25,121.43000030517578,121.66000366210938,120.68000030517578,121.0999984741211,117.1814193725586,1214400,0.0,0.0,0.0
2024-11-26,121.13999938964844,121.30000305175781,120.75,121.18000030517578,117.25882720947266,1368900,0.0,0.0,0.0
2024-11-27,121.33000183105469,121.5,120.80999755859375,121.02999877929688,117.11367797851562,1715500,0.0,0.0,0.0
2024-11-29,121.2300033569336,122.06999969482422,121.16999816894531,121.94000244140625,117.99423217773438,616500,0.0,0.0,0.0
2024-12-02,122.0999984741211,122.33999633789062,121.79000091552734,122.19999694824219,118.24583435058594,1477900,0.0,0.0,0.0
2024-12-03,122.33000183105469,122.47000122070312,122.05000305175781,122.4000015258789,118.4393539428711,985900,0.0,0.0,0.0
2024-12-04,122.68000030517578,122.95999908447266,122.52999877929688,122.9000015258789,118.92317962646484,2169000,0.0,0.0,0.0
2024-12-05,123.12999725341797,123.27999877929688,122.88999938964844,122.91999816894531,118.94252014160156,1037200,0.0,0.0,0.0
2024-12-06,123.19999694824219,123.36000061035156,122.91000366210938,123.06999969482422,119.08767700195312,1037500,0.0,0.0,0.0
2024-12-09,123.5199966430664,123.63999938964844,122.76000213623047,122.81999969482422,118.84577178955078,1629000,0.0,0.0,0.0
2024-12-10,122.75,122.75,121.98999786376953,122.04000091552734,118.09100341796875,1122400,0.0,0.0,0.0
2024-12-11,122.70999908447266,123.0999984741211,122.56999969482422,122.97000122070312,118.99092102050781,1061700,0.0,0.0,0.0
2024-12-12,122.63999938964844,122.69999694824219,122.12999725341797,122.13999938964844,118.1877670288086,1173400,0.0,0.0,0.0
2024-12-13,122.44000244140625,122.4800033569336,121.70999908447266,122.0,118.05229949951172,1158600,0.0,0.0,0.0
2024-12-16,122.08000183105469,122.41999816894531,121.95999908447266,122.16000366210938,118.20712280273438,1635000,0.0,0.0,0.0
2024-12-17,121.8499984741211,121.8499984741211,121.43000030517578,121.6500015258789,117.71363067626953,1776400,0.0,0.0,0.0
2024-12-18,121.5999984741211,121.91000366210938,118.0199966430664,118.05999755859375,114.23979949951172,1985500,0.0,0.0,0.0
2024-12-19,119.05000305175781,119.30999755859375,118.02999877929688,118.04000091552734,114.22044372558594,2015800,0.0,0.0,0.0
2024-12-20,116.55999755859375,118.97000122070312,116.38999938964844,118.11000061035156,115.14364624023438,2673700,0.877,0.0,0.0
2024-12-23,118.0999984741211,118.8499984741211,117.52999877929688,118.76000213623047,115.7773208618164,1931500,0.0,0.0,0.0
2024-12-24,118.94000244140625,119.7300033569336,118.80999755859375,119.69999694824219,116.69371032714844,1222600,0.0,0.0,0.0
2024-12-26,119.55000305175781,120.04000091552734,119.29000091552734,119.83999633789062,116.83019256591797,944000,0.0,0.0,0.0
2024-12-27,119.2300033569336,119.37000274658203,118.23999786376953,118.9000015258789,115.91381072998047,1588000,0.0,0.0,0.0
2024-12-30,117.7699966430664,118.33000183105469,117.11000061035156,117.75,114.79269409179688,2054500,0.0,0.0,0.0
2024-12-31,118.13999938964844,118.26000213623047,117.20999908447266,117.4800033569336,114.52947998046875,1821400,0.0,0.0,0.0
2025-01-02,117.9800033569336,118.31999969482422,116.62000274658203,117.23999786376953,114.29550170898438,2520300,0.0,0.0,0.0
2025-01-03,117.81999969482422,118.56999969482422,117.5,118.44999694824219,115.47510528564453,1595800,0.0,0.0,0.0
2025-01-06,119.06999969482422,120.0,118.93000030517578,119.18000030517578,116.18678283691406,1640800,0.0,0.0,0.0
2025-01-07,119.70999908447266,119.76000213623047,117.83000183105469,118.01000213623047,115.0461654663086,6187500,0.0,0.0,0.0
2025-01-08,117.9000015258789,118.25,117.31999969482422,118.05000305175781,115.08515930175781,5568500,0.0,0.0,0.0
2025-01-10,117.29000091552734,117.29000091552734,115.87999725341797,116.16000366210938,113.24263000488281,5313800,0.0,0.0,0.0
2025-01-13,115.2300033569336,116.23999786376953,115.13999938964844,116.19999694824219,113.2816162109375,4232900,0.0,0.0,0.0
2025-01-14,116.83999633789062,116.98999786376953,115.94999694824219,116.5999984741211,113.67157745361328,1523000,0.0,0.0,0.0
2025-01-15,118.26000213623047,118.66999816894531,117.93000030517578,118.37999725341797,115.40685272216797,4747500,0.0,0.0,0.0
2025-01-16,118.68000030517578,118.9000015258789,118.22000122070312,118.48999786376953,115.51409912109375,4770300,0.0,0.0,0.0
2025-01-17,119.38999938964844,119.80000305175781,119.26000213623047,119.4800033569336,116.479248046875,1390800,0.0,0.0,0.0
2025-01-21,120.4000015258789,120.95999908447266,120.05999755859375,120.93000030517578,117.892822265625,2170800,0.0,0.0,0.0
2025-01-22,121.37999725341797,121.55000305175781,121.20999908447266,121.23999786376953,118.19503021240234,1517000,0.0,0.0,0.0
2025-01-23,121.22000122070312,121.91000366210938,121.12000274658203,121.88999938964844,118.8287124633789,1362900,0.0,0.0,0.0
2025-01-24,122.0999984741211,122.3499984741211,121.73999786376953,121.9000015258789,118.83846282958984,1365700,0.0,0.0,0.0
2025-01-27,119.9800033569336,120.66999816894531,119.83000183105469,120.51000213623047,117.48336791992188,2418600,0.0,0.0,0.0
2025-01-28,120.73999786376953,121.44000244140625,120.16999816894531,121.29000091552734,118.2437973022461,1776400,0.0,0.0,0.0
2025-01-29,121.23999786376953,121.4000015258789,120.4800033569336,120.91999816894531,117.88307189941406,1473400,0.0,0.0,0.0
2025-01-30,121.58000183105469,122.37000274658203,121.38999938964844,121.94000244140625,118.87745666503906,1476500,0.0,0.0,0.0
2025-01-31,122.23999786376953,122.66000366210938,120.9800033569336,121.06999969482422,118.02930450439453,6053000,0.0,0.0,0.0
2025-02-03,119.22000122070312,120.56999969482422,118.81999969482422,120.12000274658203,117.1031723022461,2300300,0.0,0.0,0.0
2025-02-04,120.44999694824219,121.33999633789062,120.36000061035156,121.23999786376953,118.19503021240234,2286000,0.0,0.0,0.0
2025-02-05,121.33999633789062,121.88999938964844,120.91999816894531,121.87999725341797,118.81896209716797,3403700,0.0,0.0,0.0
2025-02-06,122.23999786376953,122.30000305175781,121.66999816894531,122.27999877929688,119.20890808105469,1263200,0.0,0.0,0.0
2025-02-07,122.5,122.70999908447266,121.19000244140625,121.29000091552734,118.2437973022461,1671300,0.0,0.0,0.0
2025-02-10,122.0,122.22000122070312,121.7699966430664,122.08999633789062,119.02368927001953,1750600,0.0,0.0,0.0
2025-02-11,121.69999694824219,122.30000305175781,121.68000030517578,122.16000366210938,119.09193420410156,1484700,0.0,0.0,0.0
2025-02-12,121.18000030517578,122.29000091552734,120.97000122070312,122.04000091552734,118.9749526977539,1819600,0.0,0.0,0.0
2025-02-13,122.27999877929688,123.37999725341797,122.1500015258789,123.36000061035156,120.26179504394531,1604800,0.0,0.0,0.0
2025-02-14,123.58000183105469,123.73999786376953,123.33000183105469,123.48999786376953,120.3885269165039,1448800,0.0,0.0,0.0
2025-02-18,123.83999633789062,123.9800033569336,123.5199966430664,123.97000122070312,120.8564682006836,2276400,0.0,0.0,0.0
2025-02-19,123.51000213623047,123.87999725341797,123.33000183105469,123.81999969482422,120.71025085449219,1587700,0.0,0.0,0.0
2025-02-20,123.80000305175781,123.8499984741211,123.02999877929688,123.6500015258789,120.54450988769531,1296300,0.0,0.0,0.0
2025-02-21,123.70999908447266,123.7300033569336,121.72000122070312,121.91000366210938,118.84822082519531,1779300,0.0,0.0,0.0
2025-02-24,122.19000244140625,122.30000305175781,121.08999633789062,121.30999755859375,118.2632827758789,1688600,0.0,0.0,0.0
2025-02-25,121.66999816894531,121.8499984741211,120.33000183105469,121.16999816894531,118.12679290771484,1682200,0.0,0.0,0.0
2025-02-26,121.44000244140625,122.33000183105469,120.94000244140625,121.3499984741211,118.30227661132812,1445600,0.0,0.0,0.0
2025-02-27,121.44000244140625,121.55999755859375,119.4800033569336,119.5199966430664,116.51822662353516,2786500,0.0,0.0,0.0
2025-02-28,119.31999969482422,120.63999938964844,118.75,120.56999969482422,117.54185485839844,2975200,0.0,0.0,0.0
2025-03-03,121.48999786376953,121.73999786376953,118.58000183105469,119.29000091552734,116.29401397705078,3613000,0.0,0.0,0.0
2025-03-04,118.5999984741211,120.01000213623047,117.1500015258789,118.41999816894531,115.44586181640625,2562300,0.0,0.0,0.0
2025-03-05,119.05000305175781,120.66999816894531,118.62999725341797,120.37999725341797,117.35662841796875,3412400,0.0,0.0,0.0
2025-03-06,119.19999694824219,120.05999755859375,118.20999908447266,118.58999633789062,115.6115951538086,1798900,0.0,0.0,0.0
2025-03-07,118.41999816894531,119.58000183105469,117.5,119.33999633789062,116.34275817871094,2314700,0.0,0.0,0.0
2025-03-10,117.44999694824219,117.95999908447266,115.38999938964844,116.30000305175781,113.37910461425781,2893800,0.0,0.0,0.0
2025-03-11,116.29000091552734,116.87000274658203,114.93000030517578,115.83000183105469,112.92091369628906,2010900,0.0,0.0,0.0
2025-03-12,116.83999633789062,117.05000305175781,115.47000122070312,116.45999908447266,113.53507995605469,1426300,0.0,0.0,0.0
2025-03-13,116.08999633789062,116.30999755859375,114.77999877929688,115.08000183105469,112.18974304199219,1691000,0.0,0.0,0.0
2025-03-14,116.18000030517578,117.62000274658203,116.0999984741211,117.47000122070312,114.51972961425781,2054900,0.0,0.0,0.0
2025-03-17,117.5199966430664,119.05999755859375,117.5199966430664,118.63999938964844,115.66033935546875,1370800,0.0,0.0,0.0
2025-03-18,118.29000091552734,118.37999725341797,117.4000015258789,117.79000091552734,114.83168029785156,1689900,0.0,0.0,0.0
2025-03-19,118.02999877929688,119.44000244140625,117.76000213623047,118.76000213623047,115.7773208618164,1170400,0.0,0.0,0.0
2025-03-20,117.68000030517578,118.8499984741211,117.54000091552734,118.25,115.28012084960938,1589300,0.0,0.0,0.0
2025-03-21,116.94000244140625,117.70999908447266,116.66000366210938,117.5999984741211,115.02093505859375,905300,0.385,0.0,0.0
2025-03-24,118.2699966430664,119.19999694824219,118.2699966430664,119.08999633789062,116.47825622558594,1425800,0.0,0.0,0.0
2025-03-25,119.4000015258789,119.55000305175781,119.08000183105469,119.31999969482422,116.70321655273438,1325100,0.0,0.0,0.0
2025-03-26,119.08999633789062,119.33000183105469,117.72000122070312,118.0199966430664,115.43173217773438,1208200,0.0,0.0,0.0
2025-03-27,117.80000305175781,118.44999694824219,117.37999725341797,117.88999938964844,115.30457305908203,1073900,0.0,0.0,0.0
2025-03-28,117.44000244140625,117.4800033569336,115.66000366210938,115.81999969482422,113.27997589111328,2363400,0.0,0.0,0.0
2025-03-31,114.5,116.2300033569336,113.83000183105469,115.94999694824219,113.40711975097656,3541500,0.0,0.0,0.0
2025-04-01,115.55999755859375,116.62999725341797,114.98999786376953,116.33000183105469,113.77879333496094,1659100,0.0,0.0,0.0
2025-04-02,115.2699966430664,117.37000274658203,115.23999786376953,117.0199966430664,114.45365905761719,1239200,0.0,0.0,0.0
2025-04-03,113.87000274658203,114.29000091552734,112.29000091552734,112.4000015258789,109.93498992919922,4738200,0.0,0.0,0.0
2025-04-04,109.01000213623047,109.30999755859375,105.58999633789062,105.69999694824219,103.38192749023438,6540300,0.0,0.0,0.0
2025-04-07,102.08999633789062,108.3499984741211,100.88999938964844,104.43000030517578,102.13977813720703,5704300,0.0,0.0,0.0
2025-04-08,108.04000091552734,108.30000305175781,101.81999969482422,103.16000366210938,100.89762878417969,4175700,0.0,0.0,0.0
2025-04-09,102.91999816894531,112.63999938964844,102.47000122070312,111.9800033569336,109.5241928100586,5328500,0.0,0.0,0.0
2025-04-10,110.0,110.25,106.05999755859375,108.86000061035156,106.47261810302734,3325400,0.0,0.0,0.0
2025-04-11,109.0199966430664,111.31999969482422,108.38999938964844,111.11000061035156,108.67327117919922,3186900,0.0,0.0,0.0
2025-04-14,112.63999938964844,112.97000122070312,111.16000366210938,112.16000366210938,109.70024871826172,4323200,0.0,0.0,0.0
2025-04-15,112.51000213623047,113.16000366210938,112.08999633789062,112.2699966430664,109.80783081054688,1895400,0.0,0.0,0.0
2025-04-16,111.43000030517578,112.12000274658203,109.70999908447266,110.5999984741211,108.17444610595703,2762100,0.0,0.0,0.0
2025-04-17,111.2300033569336,111.9800033569336,110.70999908447266,111.18000030517578,108.74174499511719,1728700,0.0,0.0,0.0
2025-04-21,110.70999908447266,110.91000366210938,108.41999816894531,109.45999908447266,107.05945587158203,1751700,0.0,0.0,0.0
2025-04-22,110.56999969482422,112.38999938964844,110.54000091552734,111.8499984741211,109.39703369140625,1868700,0.0,0.0,0.0
2025-04-23,114.16000366210938,114.91999816894531,112.91999816894531,113.27999877929688,110.79568481445312,3889200,0.0,0.0,0.0
2025-04-24,113.26000213623047,115.33999633789062,113.26000213623047,115.25,112.72248077392578,3142600,0.0,0.0,0.0
2025-04-25,115.06999969482422,115.87000274658203,114.62000274658203,115.80000305175781,113.26042938232422,2300000,0.0,0.0,0.0
2025-04-28,116.0,116.3499984741211,115.05999755859375,116.12999725341797,113.58317565917969,5356400,0.0,0.0,0.0
2025-04-29,115.87000274658203,116.87999725341797,115.81999969482422,116.66000366210938,114.1015625,2407600,0.0,0.0,0.0
2025-04-30,115.52999877929688,116.97000122070312,114.4800033569336,116.5999984741211,114.04287719726562,2252900,0.0,0.0,0.0
2025-05-01,117.66999816894531,117.95999908447266,116.87000274658203,117.0199966430664,114.45365905761719,1487600,0.0,0.0,0.0
2025-05-02,118.62000274658203,119.2300033569336,118.33999633789062,119.05999755859375,116.44892120361328,1592700,0.0,0.0,0.0
2025-05-05,118.76000213623047,119.30999755859375,118.58000183105469,118.80000305175781,116.19463348388672,1761900,0.0,0.0,0.0
2025-05-06,117.9800033569336,118.8499984741211,117.7699966430664,118.12999725341797,115.53931427001953,5454600,0.0,0.0,0.0
2025-05-07,118.13999938964844,118.61000061035156,117.44000244140625,118.20999908447266,115.61756134033203,2984500,0.0,0.0,0.0
2025-05-08,118.88999938964844,119.55000305175781,118.22000122070312,118.62000274658203,116.0185775756836,1578200,0.0,0.0,0.0
2025-05-09,119.25,119.41000366210938,118.52999877929688,118.79000091552734,116.18484497070312,3546500,0.0,0.0,0.0
2025-05-12,121.5,121.7300033569336,120.63999938964844,121.7300033569336,119.06037139892578,2741900,0.0,0.0,0.0
2025-05-13,121.69000244140625,122.7300033569336,121.55000305175781,122.33000183105469,119.64720916748047,2485200,0.0,0.0,0.0
2025-05-14,122.6500015258789,122.73999786376953,122.04000091552734,122.33000183105469,119.64720916748047,1765700,0.0,0.0,0.0
2025-05-15,122.33999633789062,123.05000305175781,122.05999755859375,123.0199966430664,120.32207489013672,1986500,0.0,0.0,0.0
2025-05-16,123.0199966430664,123.63999938964844,122.7300033569336,123.62000274658203,120.9089126586914,1314200,0.0,0.0,0.0
2025-05-19,122.72000122070312,124.0,122.69000244140625,123.95999908447266,121.241455078125,2304000,0.0,0.0,0.0
2025-05-20,123.7699966430664,123.97000122070312,123.31999969482422,123.83000183105469,121.11431884765625,1891100,0.0,0.0,0.0
2025-05-21,123.37999725341797,123.94999694824219,122.0999984741211,122.27999877929688,119.59829711914062,1696600,0.0,0.0,0.0
2025-05-22,122.25,122.77999877929688,121.83000183105469,122.19000244140625,119.51028442382812,1431200,0.0,0.0,0.0
2025-05-23,121.1500015258789,122.29000091552734,121.0,121.91000366210938,119.2364273071289,1955900,0.0,0.0,0.0
2025-05-27,123.26000213623047,123.93000030517578,122.88999938964844,123.88999938964844,121.17298889160156,2606700,0.0,0.0,0.0
2025-05-28,123.91000366210938,123.91000366210938,122.91000366210938,123.04000091552734,120.34163665771484,1893800,0.0,0.0,0.0
2025-05-29,124.0999984741211,124.0999984741211,122.80000305175781,123.54000091552734,120.83067321777344,1700100,0.0,0.0,0.0
2025-05-30,123.25,123.62999725341797,122.19999694824219,123.37000274658203,120.6644058227539,1695200,0.0,0.0,0.0
2025-06-02,123.20999908447266,124.22000122070312,122.69999694824219,124.19000244140625,121.46641540527344,1822900,0.0,0.0,0.0
2025-06-03,123.93000030517578,124.68000030517578,123.68000030517578,124.51000213623047,121.7793960571289,1556700,0.0,0.0,0.0
2025-06-04,124.86000061035156,125.16000366210938,124.69999694824219,124.80000305175781,122.06304168701172,1517300,0.0,0.0,0.0
2025-06-05,125.33000183105469,125.38999938964844,124.12999725341797,124.45999908447266,121.73048400878906,1882400,0.0,0.0,0.0
2025-06-06,125.33000183105469,125.6500015258789,125.05999755859375,125.43000030517578,122.6792221069336,2745700,0.0,0.0,0.0
2025-06-09,125.70999908447266,126.0,125.37999725341797,125.63999938964844,122.8846206665039,2784400,0.0,0.0,0.0
2025-06-10,125.93000030517578,126.2699966430664,125.5999984741211,126.23999786376953,123.47145080566406,1676100,0.0,0.0,0.0
2025-06-11,126.61000061035156,126.72000122070312,125.75,126.0,123.23672485351562,1978300,0.0,0.0,0.0
2025-06-12,126.11000061035156,126.58000183105469,125.87999725341797,126.54000091552734,123.76487731933594,1527800,0.0,0.0,0.0
2025-06-13,125.37999725341797,125.91999816894531,124.69999694824219,124.94999694824219,122.20975494384766,3691800,0.0,0.0,0.0
2025-06-16,125.9800033569336,126.6500015258789,125.80000305175781,126.04000091552734,123.27584838867188,2468200,0.0,0.0,0.0
2025-06-17,125.56999969482422,125.73999786376953,124.63999938964844,124.80999755859375,122.07281494140625,2368400,0.0,0.0,0.0
2025-06-18,125.12999725341797,125.56999969482422,124.69999694824219,124.87999725341797,122.14128875732422,2208700,0.0,0.0,0.0
2025-06-20,125.05000305175781,125.05000305175781,123.61000061035156,123.73999786376953,121.60568237304688,2992100,0.595,0.0,0.0
2025-06-23,123.58000183105469,124.91999816894531,123.19000244140625,124.91999816894531,122.76532745361328,3919800,0.0,0.0,0.0
2025-06-24,125.87999725341797,126.68000030517578,125.7699966430664,126.48999786376953,124.3082504272461,4473800,0.0,0.0,0.0
2025-06-25,126.48999786376953,126.69000244140625,126.0199966430664,126.2699966430664,124.092041015625,3086100,0.0,0.0,0.0
2025-06-26,126.88999938964844,127.5199966430664,126.73999786376953,127.44999694824219,125.2516860961914,2036700,0.0,0.0,0.0
2025-06-27,127.80000305175781,128.3800048828125,127.31999969482422,128.0,125.79219818115234,2292900,0.0,0.0,0.0
2025-06-30,128.24000549316406,128.67999267578125,127.98999786376953,128.52000427246094,126.3032455444336,4038900,0.0,0.0,0.0
2025-07-01,128.27999877929688,128.75,128.1199951171875,128.52999877929688,126.31306457519531,2137600,0.0,0.0,0.0
2025-07-02,128.32000732421875,129.11000061035156,128.22000122070312,129.11000061035156,126.88306427001953,2313700,0.0,0.0,0.0
2025-07-03,129.36000061035156,129.9499969482422,129.36000061035156,129.7899932861328,127.55131530761719,1389800,0.0,0.0,0.0
2025-07-07,129.19000244140625,129.44000244140625,128.16000366210938,128.61000061035156,126.39167785644531,2520500,0.0,0.0,0.0
2025-07-08,128.88999938964844,129.1699981689453,128.64999389648438,128.8800048828125,126.65703582763672,4461700,0.0,0.0,0.0
2025-07-09,129.3800048828125,129.64999389648438,128.97000122070312,129.64999389648438,127.41374206542969,3199200,0.0,0.0,0.0
2025-07-10,129.6199951171875,130.0500030517578,129.32000732421875,129.88999938964844,127.64959716796875,2039700,0.0,0.0,0.0
2025-07-11,129.2100067138672,129.4499969482422,129.02000427246094,129.24000549316406,127.01081848144531,2440700,0.0,0.0,0.0
2025-07-14,129.08999633789062,129.5399932861328,128.94000244140625,129.47000122070312,127.23685455322266,1767300,0.0,0.0,0.0
2025-07-15,129.99000549316406,130.0500030517578,128.77999877929688,128.80999755859375,126.58822631835938,1771300,0.0,0.0,0.0
2025-07-16,129.27999877929688,129.38999938964844,128.1999969482422,129.32000732421875,127.08944702148438,3184000,0.0,0.0,0.0
2025-07-17,129.30999755859375,130.07000732421875,129.25,129.97999572753906,127.73805236816406,1775700,0.0,0.0,0.0
2025-07-18,130.49000549316406,130.49000549316406,129.7100067138672,129.8699951171875,127.62993621826172,2014300,0.0,0.0,0.0
2025-07-21,130.27000427246094,130.83999633789062,130.16000366210938,130.19000244140625,127.94444274902344,3618100,0.0,0.0,0.0
2025-07-22,130.2899932861328,130.6199951171875,129.77999877929688,130.5500030517578,128.2982177734375,2568300,0.0,0.0,0.0
2025-07-23,131.4499969482422,132.0500030517578,131.11000061035156,132.0500030517578,129.7723388671875,2981300,0.0,0.0,0.0
2025-07-24,131.9600067138672,132.07000732421875,131.6699981689453,131.6999969482422,129.4283905029297,2582000,0.0,0.0,0.0
2025-07-25,131.49000549316406,132.0399932861328,131.39999389648438,131.97999572753906,129.70355224609375,1400400,0.0,0.0,0.0
2025-07-28,131.6699981689453,131.6999969482422,131.08999633789062,131.32000732421875,129.05494689941406,1876800,0.0,0.0,0.0
2025-07-29,131.6300048828125,131.69000244140625,130.9199981689453,131.0800018310547,128.819091796875,2040400,0.0,0.0,0.0
2025-07-30,131.0800018310547,131.3800048828125,130.1199951171875,130.6199951171875,128.36700439453125,2920000,0.0,0.0,0.0
2025-07-31,131.3000030517578,131.3000030517578,129.72999572753906,129.92999267578125,127.68889617919922,3032900,0.0,0.0,0.0
2025-08-01,129.0800018310547,129.0800018310547,127.79000091552734,128.41000366210938,126.19513702392578,7426700,0.0,0.0,0.0
2025-08-04,129.5,130.22999572753906,129.35000610351562,130.2100067138672,127.9640884399414,2642400,0.0,0.0,0.0
2025-08-05,130.52000427246094,130.6300048828125,129.61000061035156,129.9499969482422,127.70857238769531,1751900,0.0,0.0,0.0
2025-08-06,130.36000061035156,130.9199981689453,130.05999755859375,130.8000030517578,128.5438995361328,2104900,0.0,0.0,0.0
2025-08-07,131.77000427246094,131.8800048828125,130.47999572753906,131.0399932861328,128.77976989746094,2398700,0.0,0.0,0.0
2025-08-08,131.41000366210938,131.9499969482422,131.3699951171875,131.80999755859375,129.5364990234375,1731200,0.0,0.0,0.0
2025-08-11,131.91000366210938,131.97999572753906,131.25999450683594,131.4600067138672,129.19253540039062,2595000,0.0,0.0,0.0
2025-08-12,132.0,133.02999877929688,131.8000030517578,133.02999877929688,130.73544311523438,1918900,0.0,0.0,0.0
2025-08-13,133.55999755859375,133.75,133.27000427246094,133.6999969482422,131.39389038085938,3866700,0.0,0.0,0.0
2025-08-14,133.08999633789062,133.47999572753906,132.89999389648438,133.3800048828125,131.0794219970703,2047500,0.0,0.0,0.0
2025-08-15,133.8699951171875,133.8699951171875,133.1999969482422,133.3800048828125,131.0794219970703,1812000,0.0,0.0,0.0
2025-08-18,133.3699951171875,133.50999450683594,133.17999267578125,133.4499969482422,131.14820861816406,3237800,0.0,0.0,0.0
2025-08-19,133.3800048828125,133.6699981689453,132.6300048828125,132.83999633789062,130.54872131347656,2295900,0.0,0.0,0.0
2025-08-20,132.91000366210938,132.9199981689453,131.86000061035156,132.6699981689453,130.38165283203125,3283300,0.0,0.0,0.0
2025-08-21,132.25999450683594,132.58999633789062,131.9199981689453,132.19000244140625,129.90994262695312,1920300,0.0,0.0,0.0
2025-08-22,132.74000549316406,134.66000366210938,132.66000366210938,134.4499969482422,132.13095092773438,2948400,0.0,0.0,0.0
2025-08-25,134.0800018310547,134.25999450683594,133.5500030517578,133.57000732421875,131.26614379882812,1977600,0.0,0.0,0.0
2025-08-26,133.3699951171875,133.9600067138672,133.33999633789062,133.9199981689453,131.61009216308594,2130600,0.0,0.0,0.0
2025-08-27,133.4499969482422,134.0800018310547,133.3800048828125,133.97999572753906,131.66903686523438,1827600,0.0,0.0,0.0
2025-08-28,134.1999969482422,134.58999633789062,133.94000244140625,134.50999450683594,132.18992614746094,2474300,0.0,0.0,0.0
2025-08-29,134.02999877929688,134.10000610351562,133.42999267578125,133.77000427246094,131.46267700195312,4013100,0.0,0.0,0.0
2025-09-02,132.30999755859375,132.86000061035156,131.88999938964844,132.80999755859375,130.51922607421875,2749600,0.0,0.0,0.0
2025-09-03,133.1699981689453,133.42999267578125,132.77000427246094,133.3000030517578,131.00079345703125,4118400,0.0,0.0,0.0
2025-09-04,133.44000244140625,134.25999450683594,133.2100067138672,134.25,131.93438720703125,2359400,0.0,0.0,0.0
2025-09-05,135.05999755859375,135.3000030517578,133.66000366210938,134.3800048828125,132.06216430664062,9392700,0.0,0.0,0.0
2025-09-08,134.88999938964844,135.2100067138672,134.6999969482422,135.11000061035156,132.77957153320312,1983600,0.0,0.0,0.0
2025-09-09,135.08999633789062,135.32000732421875,134.75,135.24000549316406,132.90733337402344,2166800,0.0,0.0,0.0
2025-09-10,135.86000061035156,136.0399932861328,135.25,135.52999877929688,133.1923370361328,2100300,0.0,0.0,0.0
2025-09-11,136.02000427246094,136.9499969482422,135.9199981689453,136.8699951171875,134.50921630859375,2223400,0.0,0.0,0.0
2025-09-12,136.77000427246094,136.91000366210938,136.50999450683594,136.60000610351562,134.24388122558594,1549200,0.0,0.0,0.0
2025-09-15,137.16000366210938,137.38999938964844,137.05999755859375,137.3699951171875,135.00059509277344,2017000,0.0,0.0,0.0
2025-09-16,137.61000061035156,137.61000061035156,137.02000427246094,137.32000732421875,134.9514617919922,2512200,0.0,0.0,0.0
2025-09-17,137.3800048828125,137.91000366210938,136.30999755859375,137.1199951171875,134.75489807128906,4474400,0.0,0.0,0.0
2025-09-18,137.5399932861328,138.11000061035156,137.1999969482422,137.75999450683594,135.38385009765625,2821500,0.0,0.0,0.0
2025-09-19,137.49000549316406,137.61000061035156,136.9499969482422,137.47000122070312,135.56927490234375,2449500,0.478,0.0,0.0
2025-09-22,137.36000061035156,138.10000610351562,137.24000549316406,138.02999877929688,136.12152099609375,2562800,0.0,0.0,0.0
2025-09-23,138.2100067138672,138.35000610351562,137.3300018310547,137.50999450683594,135.6087188720703,3087500,0.0,0.0,0.0
2025-09-24,137.50999450683594,137.5800018310547,136.69000244140625,136.88999938964844,134.9972686767578,2253500,0.0,0.0,0.0
2025-09-25,136.2100067138672,136.36000061035156,135.47999572753906,136.1199951171875,134.23793029785156,2857200,0.0,0.0,0.0
2025-09-26,136.27999877929688,136.8800048828125,136.1300048828125,136.86000061035156,134.9676971435547,2719700,0.0,0.0,0.0
2025-09-29,137.44000244140625,137.60000610351562,137.10000610351562,137.3800048828125,135.4805145263672,2553600,0.0,0.0,0.0
2025-09-30,137.24000549316406,137.9199981689453,137.00999450683594,137.8000030517578,135.89471435546875,2948900,0.0,0.0,0.0
2025-10-01,137.66000366210938,138.60000610351562,137.66000366210938,138.50999450683594,136.59487915039062,2029800,0.0,0.0,0.0
2025-10-02,138.97000122070312,139.0399932861328,138.1199951171875,138.7100067138672,136.7921142578125,2271200,0.0,0.0,0.0
2025-10-03,139.1300048828125,139.64999389648438,138.80999755859375,139.0800018310547,137.15701293945312,1941100,0.0,0.0,0.0
2025-10-06,139.6199951171875,139.8000030517578,139.22000122070312,139.5800018310547,137.65008544921875,2161800,0.0,0.0,0.0
2025-10-07,139.5800018310547,139.67999267578125,138.5399932861328,138.72000122070312,136.80197143554688,2614700,0.0,0.0,0.0
2025-10-08,139.0,139.5,138.86000061035156,139.47000122070312,137.54161071777344,1640000,0.0,0.0,0.0
2025-10-09,139.60000610351562,139.6300048828125,138.39999389648438,138.74000549316406,136.8217010498047,2443800,0.0,0.0,0.0
2025-10-10,138.8300018310547,139.07000732421875,135.11000061035156,135.16000366210938,133.2912139892578,3920700,0.0,0.0,0.0
2025-10-13,136.8300018310547,137.57000732421875,136.60000610351562,137.32000732421875,135.42135620117188,2499800,0.0,0.0,0.0
2025-10-14,136.07000732421875,137.91000366210938,135.47999572753906,137.25,135.352294921875,3824500,0.0,0.0,0.0
2025-10-15,138.33999633789062,138.8800048828125,136.94000244140625,138.02000427246094,136.1116485595703,4691400,0.0,0.0,0.0
2025-10-16,138.66000366210938,138.94000244140625,137.02000427246094,137.64999389648438,135.74676513671875,3535600,0.0,0.0,0.0
2025-10-17,137.3000030517578,138.2899932861328,136.9499969482422,138.0800018310547,136.1708221435547,7243900,0.0,0.0,0.0
2025-10-20,138.7899932861328,139.6300048828125,138.6699981689453,139.4499969482422,137.52188110351562,2800400,0.0,0.0,0.0
2025-10-21,139.27000427246094,139.44000244140625,138.8300018310547,139.08999633789062,137.1668701171875,1680700,0.0,0.0,0.0
2025-10-22,139.17999267578125,139.27000427246094,137.69000244140625,138.49000549316406,136.57516479492188,2137400,0.0,0.0,0.0
2025-10-23,138.6300048828125,139.6300048828125,138.6300048828125,139.39999389648438,137.47256469726562,1688100,0.0,0.0,0.0
2025-10-24,140.1699981689453,140.55999755859375,140.10000610351562,140.27999877929688,138.34042358398438,1490100,0.0,0.0,0.0
2025-10-27,141.27000427246094,141.74000549316406,141.24000549316406,141.67999267578125,139.72103881835938,2165600,0.0,0.0,0.0
2025-10-28,141.8000030517578,142.08999633789062,141.4199981689453,141.77999877929688,139.81967163085938,2213600,0.0,0.0,0.0
2025-10-29,142.1699981689453,142.2100067138672,140.83999633789062,141.58999633789062,139.63229370117188,3234400,0.0,0.0,0.0
2025-10-30,140.8000030517578,141.27999877929688,140.32000732421875,140.33999633789062,138.3995819091797,5374300,0.0,0.0,0.0
2025-10-31,140.99000549316406,140.99000549316406,139.97000122070312,140.58999633789062,138.6461181640625,2426700,0.0,0.0,0.0
2025-11-03,141.10000610351562,141.17999267578125,140.08999633789062,140.75999450683594,138.81378173828125,2903100,0.0,0.0,0.0
2025-11-04,139.25,139.9199981689453,138.89999389648438,138.99000549316406,137.06825256347656,2352300,0.0,0.0,0.0
2025-11-05,139.0399932861328,140.25,138.9600067138672,139.75,137.81773376464844,2283500,0.0,0.0,0.0
2025-11-06,139.60000610351562,139.77999877929688,138.17999267578125,138.5,136.58502197265625,3046900,0.0,0.0,0.0
2025-11-07,138.11000061035156,138.86000061035156,136.89999389648438,138.8300018310547,136.91046142578125,2999400,0.0,0.0,0.0
2025-11-10,140.0399932861328,140.91000366210938,139.60000610351562,140.77000427246094,138.82363891601562,4168700,0.0,0.0,0.0
2025-11-11,140.66000366210938,141.3300018310547,140.5,141.14999389648438,139.19837951660156,2296900,0.0,0.0,0.0
2025-11-12,141.5500030517578,141.6300048828125,141.11000061035156,141.49000549316406,139.53367614746094,2500000,0.0,0.0,0.0
2025-11-13,141.0800018310547,141.16000366210938,139.05999755859375,139.2899932861328,137.36410522460938,3749900,0.0,0.0,0.0
2025-11-14,138.13999938964844,139.9600067138672,137.72999572753906,139.24000549316406,137.31480407714844,3513600,0.0,0.0,0.0
2025-11-17,138.64999389648438,139.3000030517578,137.07000732421875,137.7100067138672,135.8059539794922,5049700,0.0,0.0,0.0
2025-11-18,136.75,137.44000244140625,135.7100067138672,136.67999267578125,134.79017639160156,6751900,0.0,0.0,0.0
2025-11-19,136.63999938964844,137.6999969482422,136.07000732421875,136.82000732421875,134.9282684326172,3084100,0.0,0.0,0.0
2025-11-20,138.50999450683594,138.8800048828125,134.6699981689453,134.72999572753906,132.8671417236328,8104200,0.0,0.0,0.0
2025-11-21,135.27999877929688,137.00999450683594,134.47999572753906,136.14999389648438,134.2675018310547,4733900,0.0,0.0,0.0
2025-11-24,136.60000610351562,137.89999389648438,136.39999389648438,137.8000030517578,135.89471435546875,4783000,0.0,0.0,0.0
2025-11-25,137.85000610351562,139.24000549316406,137.11000061035156,139.0800018310547,137.15701293945312,2834700,0.0,0.0,0.0
2025-11-26,139.63999938964844,140.52999877929688,139.5,140.22000122070312,138.28125,4283700,0.0,0.0,0.0
2025-11-28,140.3300018310547,140.94000244140625,140.27000427246094,140.88999938964844,138.9419708251953,1657600,0.0,0.0,0.0
2025-12-01,140.1699981689453,140.85000610351562,140.07000732421875,140.22000122070312,138.28125,2803700,0.0,0.0,0.0
2025-12-02,140.66000366210938,140.8000030517578,140.0500030517578,140.47999572753906,138.5376434326172,1996100,0.0,0.0,0.0
2025-12-03,140.35000610351562,141.1999969482422,140.24000549316406,141.05999755859375,139.10963439941406,2790200,0.0,0.0,0.0
2025-12-04,141.5,141.5500030517578,140.83999633789062,141.27999877929688,139.32656860351562,3958100,0.0,0.0,0.0
2025-12-05,141.6999969482422,142.16000366210938,141.38999938964844,141.55999755859375,139.60272216796875,3904200,0.0,0.0,0.0
2025-12-08,141.77999877929688,141.77999877929688,140.80999755859375,141.1300048828125,139.17864990234375,3191700,0.0,0.0,0.0
2025-12-09,141.02000427246094,141.47000122070312,140.9199981689453,140.97000122070312,139.02088928222656,2519300,0.0,0.0,0.0
2025-12-10,141.00999450683594,142.47999572753906,140.82000732421875,142.1699981689453,140.20428466796875,4262300,0.0,0.0,0.0
2025-12-11,141.91000366210938,142.66000366210938,141.41000366210938,142.55999755859375,140.5888671875,3182500,0.0,0.0,0.0
2025-12-12,142.6199951171875,142.63999938964844,140.6999969482422,141.22000122070312,139.2674102783203,3720700,0.0,0.0,0.0
2025-12-15,142.1199951171875,142.1999969482422,141.0,141.22000122070312,139.2674102783203,3988200,0.0,0.0,0.0
2025-12-16,140.91000366210938,141.1699981689453,140.0399932861328,140.67999267578125,138.73486328125,3710000,0.0,0.0,0.0
2025-12-17,140.85000610351562,141.0,139.3300018310547,139.38999938964844,137.4627227783203,2635000,0.0,0.0,0.0
2025-12-18,140.61000061035156,141.27000427246094,140.17999267578125,140.44000244140625,138.49818420410156,2186900,0.0,0.0,0.0
2025-12-19,139.89999389648438,140.75999450683594,139.86000061035156,140.5,139.66622924804688,3108300,1.115,0.0,0.0
2025-12-22,141.22999572753906,141.47999572753906,140.97000122070312,141.33999633789062,140.50123596191406,3065500,0.0,0.0,0.0
2025-12-23,141.4499969482422,142.0500030517578,141.3800048828125,142.00999450683594,141.16726684570312,2762600,0.0,0.0,0.0
2025-12-24,142.0399932861328,142.4600067138672,142.00999450683594,142.36000061035156,141.5151824951172,1430100,0.0,0.0,0.0
2025-12-26,142.5500030517578,142.61000061035156,142.22999572753906,142.5,141.65435791015625,1699000,0.0,0.0,0.0
2025-12-29,142.1199951171875,142.3000030517578,141.6699981689453,142.00999450683594,141.16726684570312,2760400,0.0,0.0,0.0
2025-12-30,142.14999389648438,142.35000610351562,141.9499969482422,141.97999572753906,141.137451171875,2538600,0.0,0.0,0.0
2025-12-31,141.97000122070312,142.0500030517578,141.02999877929688,141.05999755859375,140.222900390625,3672600,0.0,0.0,0.0
2026-01-02,142.25999450683594,142.47000122070312,141.3800048828125,142.10000610351562,141.25672912597656,4387700,0.0,0.0,0.0
2026-01-05,142.72999572753906,143.5,142.67999267578125,143.3000030517578,142.44961547851562,7382400,0.0,0.0,0.0
2026-01-06,143.5500030517578,144.22000122070312,143.49000549316406,144.13999938964844,143.2846221923828,4700600,0.0,0.0,0.0
2026-01-07,144.1199951171875,144.27000427246094,143.4600067138672,143.5399932861328,142.68817138671875,7542300,0.0,0.0,0.0
2026-01-08,143.32000732421875,143.72000122070312,143.1199951171875,143.63999938964844,142.78759765625,3070000,0.0,0.0,0.0
2026-01-09,143.9199981689453,144.75999450683594,143.72000122070312,144.58999633789062,143.73194885253906,3998700,0.0,0.0,0.0
2026-01-12,144.3800048828125,145.32000732421875,144.3699951171875,145.24000549316406,144.3780975341797,3400800,0.0,0.0,0.0
2026-01-13,145.17999267578125,145.25999450683594,144.3800048828125,144.6999969482422,143.84129333496094,4232100,0.0,0.0,0.0
2026-01-14,144.49000549316406,144.67999267578125,143.83999633789062,144.60000610351562,143.7418975830078,4545100,0.0,0.0,0.0
2026-01-15,145.33999633789062,145.5500030517578,144.8300018310547,144.92999267578125,144.06993103027344,4058600,0.0,0.0,0.0
2026-01-16,145.22999572753906,145.24000549316406,144.47999572753906,144.92999267578125,144.06993103027344,3127300,0.0,0.0,0.0
2026-01-20,143.16000366210938,143.74000549316406,142.27999877929688,142.4499969482422,141.60464477539062,7591400,0.0,0.0,0.0
2026-01-21,143.10000610351562,144.75,142.72999572753906,144.1199951171875,143.26473999023438,6825900,0.0,0.0,0.0
2026-01-22,145.0,145.3300018310547,144.55999755859375,144.9199981689453,144.05999755859375,5293000,0.0,0.0,0.0
2026-01-23,144.74000549316406,145.32000732421875,144.50999450683594,145.1999969482422,144.3383331298828,3791700,0.0,0.0,0.0
2026-01-26,145.6699981689453,146.14999389648438,145.52999877929688,145.83999633789062,144.9745330810547,4678600,0.0,0.0,0.0
2026-01-27,146.50999450683594,147.14999389648438,146.47999572753906,147.0500030517578,146.17735290527344,4936900,0.0,0.0,0.0
2026-01-28,147.14999389648438,147.25999450683594,146.32000732421875,146.8000030517578,145.9288330078125,4430300,0.0,0.0,0.0
2026-01-29,147.47999572753906,147.47999572753906,144.85000610351562,146.72000122070312,145.8493194580078,8850000,0.0,0.0,0.0
2026-01-30,146.10000610351562,146.39999389648438,144.60000610351562,145.4499969482422,144.58685302734375,13316000,0.0,0.0,0.0
2026-02-02,145.17999267578125,146.42999267578125,145.07000732421875,146.14999389648438,145.28268432617188,4177400,0.0,0.0,0.0
2026-02-03,146.4499969482422,146.55999755859375,144.38999938964844,145.61000061035156,144.7458953857422,5718700,0.0,0.0,0.0
2026-02-04,146.27000427246094,146.39999389648438,144.30999755859375,145.1300048828125,144.2687530517578,7009800,0.0,0.0,0.0
2026-02-05,144.00999450683594,144.7100067138672,143.1199951171875,143.3699951171875,142.51918029785156,8561300,0.0,0.0,0.0
2026-02-06,144.63999938964844,146.66000366210938,144.6199951171875,146.4600067138672,145.5908660888672,2636500,0.0,0.0,0.0
2026-02-09,146.47000122070312,147.92999267578125,146.32000732421875,147.6699981689453,146.79368591308594,3890200,0.0,0.0,0.0
2026-02-10,148.22000122070312,148.3000030517578,147.5399932861328,147.5800018310547,146.7042236328125,3727000,0.0,0.0,0.0
2026-02-11,148.52999877929688,148.72000122070312,147.1199951171875,147.97999572753906,147.10183715820312,4919800,0.0,0.0,0.0
2026-02-12,148.50999450683594,148.6699981689453,145.7899932861328,145.9600067138672,145.0938262939453,6120400,0.0,0.0,0.0
2026-02-13,145.8800048828125,147.0,145.08999633789062,146.33999633789062,145.47157287597656,5372200,0.0,0.0,0.0
2026-02-17,145.6300048828125,146.69000244140625,144.75999450683594,146.2899932861328,145.42185974121094,5586700,0.0,0.0,0.0
2026-02-18,146.6199951171875,147.66000366210938,146.35000610351562,147.00999450683594,146.13758850097656,3300900,0.0,0.0,0.0
2026-02-19,146.32000732421875,146.75999450683594,146.02000427246094,146.67999267578125,145.80953979492188,3861100,0.0,0.0,0.0
2026-02-20,146.3300018310547,148.0399932861328,146.25999450683594,147.9499969482422,147.072021484375,5087100,0.0,0.0,0.0
2026-02-23,147.64999389648438,148.10000610351562,146.1999969482422,146.64999389648438,145.77972412109375,6073200,0.0,0.0,0.0
2026-02-24,146.60000610351562,147.8800048828125,146.33999633789062,147.6999969482422,146.823486328125,6002800,0.0,0.0,0.0
2026-02-25,148.49000549316406,149.00999450683594,148.22000122070312,148.91000366210938,148.0263214111328,5340100,0.0,0.0,0.0
2026-02-26,149.07000732421875,149.07000732421875,147.25,148.39999389648438,147.51934814453125,6394100,0.0,0.0,0.0
2026-02-27,147.58999633789062,148.02999877929688,147.11000061035156,147.83999633789062,146.96266174316406,5198300,0.0,0.0,0.0
2026-03-02,145.47000122070312,147.4600067138672,145.3000030517578,146.9499969482422,146.07794189453125,7713300,0.0,0.0,0.0
2026-03-03,142.8800048828125,144.61000061035156,141.27000427246094,144.0399932861328,143.18521118164062,13870600,0.0,0.0,0.0
2026-03-04,144.47999572753906,145.58999633789062,143.9199981689453,145.25999450683594,144.39797973632812,5318000,0.0,0.0,0.0
2026-03-05,144.00999450683594,144.86000061035156,142.3000030517578,143.57000732421875,142.71800231933594,10527800,0.0,0.0,0.0
2026-03-06,141.69000244140625,142.6300048828125,141.02999877929688,141.92999267578125,141.0877227783203,7498700,0.0,0.0,0.0
2026-03-09,140.30999755859375,143.6199951171875,139.35000610351562,143.24000549316406,142.3899688720703,9180700,0.0,0.0,0.0
2026-03-10,143.33999633789062,145.00999450683594,142.77000427246094,143.22000122070312,142.37008666992188,8055000,0.0,0.0,0.0
2026-03-11,143.11000061035156,143.72999572753906,142.27999877929688,143.0399932861328,142.19114685058594,8392100,0.0,0.0,0.0
2026-03-12,141.77000427246094,141.9600067138672,140.4600067138672,140.5500030517578,139.71592712402344,9415600,0.0,0.0,0.0
2026-03-13,141.25,141.8800048828125,139.33999633789062,139.52000427246094,138.69204711914062,8763500,0.0,0.0,0.0
2026-03-16,141.25,142.07000732421875,140.89999389648438,141.49000549316406,140.65036010742188,4340800,0.0,0.0,0.0
2026-03-17,142.27000427246094,142.72999572753906,141.8000030517578,142.02000427246094,141.1772003173828,2818300,0.0,0.0,0.0
2026-03-18,141.3000030517578,141.67999267578125,139.8000030517578,139.82000732421875,138.99026489257812,3503300,0.0,0.0,0.0
2026-03-19,138.25,140.19000244140625,137.89999389648438,139.5500030517578,138.7218780517578,5703700,0.0,0.0,0.0
2026-03-20,138.6699981689453,138.82000732421875,135.5800018310547,136.32000732421875,135.82931518554688,5287200,0.327,0.0,0.0
2026-03-23,138.60000610351562,140.11000061035156,137.8699951171875,138.60000610351562,138.10110473632812,6783800,0.0,0.0,0.0
2026-03-24,137.3000030517578,138.6999969482422,136.9499969482422,137.89999389648438,137.40362548828125,4429000,0.0,0.0,0.0
2026-03-25,139.64999389648438,139.92999267578125,138.52000427246094,139.1699981689453,138.66905212402344,4334000,0.0,0.0,0.0
2026-03-26,137.83999633789062,138.63999938964844,136.33999633789062,136.44000244140625,135.94888305664062,4334400,0.0,0.0,0.0
2026-03-27,135.8699951171875,136.11000061035156,134.2899932861328,134.6199951171875,134.1354217529297,5289200,0.0,0.0,0.0
2026-03-30,135.83999633789062,135.94000244140625,133.64999389648438,134.19000244140625,133.7069854736328,4883100,0.0,0.0,0.0
2026-03-31,135.74000549316406,138.47999572753906,135.42999267578125,138.32000732421875,137.82212829589844,8261900,0.0,0.0,0.0
2026-04-01,139.33999633789062,140.49000549316406,139.22999572753906,139.69000244140625,139.1871795654297,3990700,0.0,0.0,0.0
2026-04-02,137.24000549316406,139.91000366210938,136.97999572753906,139.3699951171875,138.8683319091797,2973800,0.0,0.0,0.0
2026-04-06,139.86000061035156,140.30999755859375,139.42999267578125,140.07000732421875,139.56582641601562,2548900,0.0,0.0,0.0
2026-04-07,139.52000427246094,140.25999450683594,138.2899932861328,140.1300048828125,139.6256103515625,3542000,0.0,0.0,0.0
2026-04-08,144.7100067138672,145.2899932861328,143.72999572753906,144.5800018310547,144.05958557128906,6111500,0.0,0.0,0.0
2026-04-09,143.85000610351562,145.35000610351562,143.57000732421875,144.9499969482422,144.42825317382812,3965000,0.0,0.0,0.0
2026-04-10,145.3800048828125,145.66000366210938,144.72000122070312,144.97999572753906,144.4581298828125,2317400,0.0,0.0,0.0
2026-04-13,144.42999267578125,146.4600067138672,144.1699981689453,146.39999389648438,145.87301635742188,4455900,0.0,0.0,0.0
2026-04-14,146.94000244140625,148.17999267578125,146.94000244140625,148.08999633789062,147.55694580078125,3059500,0.0,0.0,0.0
2026-04-15,147.88999938964844,148.7100067138672,147.72999572753906,148.6199951171875,148.0850372314453,2622700,0.0,0.0,0.0
2026-04-16,148.92999267578125,149.10000610351562,148.35000610351562,148.7899932861328,148.25442504882812,2329000,0.0,0.0,0.0
2026-04-17,150.25999450683594,151.44000244140625,150.1300048828125,150.83999633789062,150.2970428466797,3111100,0.0,0.0,0.0
2026-04-20,150.25,150.5800018310547,149.77000427246094,150.47999572753906,149.93833923339844,3183300,0.0,0.0,0.0
2026-04-21,150.52000427246094,150.69000244140625,148.52000427246094,148.75999450683594,148.2245330810547,2473100,0.0,0.0,0.0
2026-04-22,149.86000061035156,150.1300048828125,149.66000366210938,150.10000610351562,149.55972290039062,1863900,0.0,0.0,0.0
2026-04-23,149.7100067138672,150.14999389648438,147.6999969482422,149.14999389648438,148.61312866210938,3382900,0.0,0.0,0.0
2026-04-24,149.72000122070312,150.4199981689453,149.27999877929688,150.33999633789062,149.79884338378906,4861300,0.0,0.0,0.0
2026-04-27,150.35000610351562,150.5500030517578,149.9199981689453,150.32000732421875,149.7789306640625,2892900,0.0,0.0,0.0
2026-04-28,149.61000061035156,149.83999633789062,148.88999938964844,149.4600067138672,148.92202758789062,1857100,0.0,0.0,0.0
2026-04-29,149.50999450683594,149.50999450683594,148.3000030517578,148.94000244140625,148.4038848876953,2203600,0.0,0.0,0.0
2026-04-30,149.83999633789062,151.3800048828125,149.39999389648438,151.1999969482422,150.65574645996094,4025100,0.0,0.0,0.0
2026-05-01,151.60000610351562,152.39999389648438,151.3300018310547,151.44000244140625,150.8948974609375,2817700,0.0,0.0,0.0
2026-05-04,151.2899932861328,151.72000122070312,150.00999450683594,150.55999755859375,150.01805114746094,2609800,0.0,0.0,0.0
2026-05-05,151.6699981689453,152.42999267578125,151.5500030517578,152.1199951171875,151.5724334716797,2451800,0.0,0.0,0.0
2026-05-06,154.1300048828125,155.1699981689453,153.91000366210938,155.05999755859375,154.50186157226562,2151100,0.0,0.0,0.0
2026-05-07,155.27000427246094,155.30999755859375,153.4499969482422,153.72000122070312,153.16668701171875,2744800,0.0,0.0,0.0
2026-05-08,154.94000244140625,155.27000427246094,154.6999969482422,155.17999267578125,154.6214141845703,2360700,0.0,0.0,0.0
2026-05-11,155.3300018310547,155.6300048828125,155.0,155.32000732421875,154.76092529296875,2164600,0.0,0.0,0.0
2026-05-12,154.24000549316406,154.50999450683594,152.97999572753906,154.35000610351562,153.79441833496094,2307800,0.0,0.0,0.0
2026-05-13,154.4199981689453,155.57000732421875,154.00999450683594,155.39999389648438,154.8406219482422,1550500,0.0,0.0,0.0
2026-05-14,155.55999755859375,156.4199981689453,155.35000610351562,156.02000427246094,155.45840454101562,2520100,0.0,0.0,0.0
2026-05-15,154.19000244140625,154.3000030517578,153.22000122070312,153.52000427246094,152.9674072265625,3071500,0.0,0.0,0.0
2026-05-18,154.02000427246094,154.41000366210938,152.61000061035156,153.7100067138672,153.15672302246094,2650000,0.0,0.0,0.0
2026-05-19,152.72000122070312,153.5,152.02999877929688,152.6300048828125,152.0806121826172,2543900,0.0,0.0,0.0
2026-05-20,152.94000244140625,154.77000427246094,152.72000122070312,154.6300048828125,154.0734100341797,2038400,0.0,0.0,0.0
2026-05-21,154.11000061035156,155.7100067138672,153.72000122070312,155.2100067138672,154.6513214111328,2375200,0.0,0.0,0.0
2026-05-22,155.6999969482422,156.2899932861328,155.32000732421875,155.57000732421875,155.01002502441406,2565600,0.0,0.0,0.0
2026-05-26,157.3800048828125,157.6300048828125,156.89999389648438,157.3800048828125,156.81350708007812,2407900,0.0,0.0,0.0
2026-05-27,157.5,157.58999633789062,156.72999572753906,157.16000366210938,156.59429931640625,4252100,0.0,0.0,0.0
2026-05-28,156.72000122070312,158.00999450683594,156.47000122070312,157.8699951171875,157.30174255371094,3263200,0.0,0.0,0.0
2026-05-29,158.13999938964844,158.52999877929688,157.8000030517578,158.1199951171875,157.55084228515625,5118100,0.0,0.0,0.0
2026-06-01,158.0399932861328,159.1699981689453,157.5,158.60000610351562,158.0291290283203,3407100,0.0,0.0,0.0
2026-06-02,158.64999389648438,159.41000366210938,158.4199981689453,159.35000610351562,158.77642822265625,2967600,0.0,0.0,0.0
2026-06-03,159.0,159.0,157.80999755859375,157.9499969482422,157.38145446777344,3336600,0.0,0.0,0.0
2026-06-04,157.57000732421875,158.75,157.4600067138672,158.5399932861328,157.96932983398438,2216100,0.0,0.0,0.0
2026-06-05,157.08999633789062,157.08999633789062,153.22999572753906,153.67999267578125,153.12681579589844,3986400,0.0,0.0,0.0
2026-06-08,155.16000366210938,155.60000610351562,154.2100067138672,154.47999572753906,153.92393493652344,5059000,0.0,0.0,0.0
2026-06-09,155.74000549316406,156.55999755859375,151.1999969482422,154.3000030517578,153.74459838867188,5115600,0.0,0.0,0.0
2026-06-10,153.3699951171875,154.57000732421875,151.8800048828125,151.9199981689453,151.37315368652344,5763500,0.0,0.0,0.0
2026-06-11,152.9199981689453,155.8800048828125,152.24000549316406,155.61000061035156,155.0498809814453,4852900,0.0,0.0,0.0
2026-06-12,155.89999389648438,156.83999633789062,154.9199981689453,156.2899932861328,155.7274169921875,8980200,0.0,0.0,0.0
2026-06-15,158.75999450683594,159.1999969482422,158.5,158.72000122070312,158.148681640625,4689200,0.0,0.0,0.0
2026-06-16,158.88999938964844,159.1699981689453,157.9199981689453,157.99000549316406,157.4213104248047,6737700,0.0,0.0,0.0
2026-06-17,158.4600067138672,158.86000061035156,156.1300048828125,156.41000366210938,155.8470001220703,3620600,0.0,0.0,0.0
2026-06-18,157.7899932861328,157.9499969482422,157.1199951171875,157.66000366210938,157.66000366210938,1976600,0.563,0.0,0.0
2026-06-22,157.88999938964844,158.42999267578125,157.27000427246094,157.55999755859375,157.55999755859375,2718900,0.0,0.0,0.0
2026-06-23,154.4199981689453,155.60000610351562,154.2100067138672,154.3300018310547,154.3300018310547,3432200,0.0,0.0,0.0
2026-06-24,154.5800018310547,155.33999633789062,153.6699981689453,154.25999450683594,154.25999450683594,3436800,0.0,0.0,0.0
2026-06-25,155.83999633789062,156.69000244140625,154.0,154.85000610351562,154.85000610351562,3836700,0.0,0.0,0.0
2026-06-26,153.6199951171875,155.13999938964844,153.25999450683594,153.9499969482422,153.9499969482422,4824200,0.0,0.0,0.0
2026-06-29,155.16000366210938,155.91000366210938,153.8800048828125,155.8300018310547,155.8300018310547,2903400,0.0,0.0,0.0
2026-06-30,155.99000549316406,157.1999969482422,155.86000061035156,156.9499969482422,156.9499969482422,3835400,0.0,0.0,0.0
2026-07-01,156.19000244140625,156.99000549316406,155.6999969482422,156.1199951171875,156.1199951171875,3083300,0.0,0.0,0.0
2026-07-02,156.77999877929688,157.7899932861328,154.97999572753906,156.1699981689453,156.1699981689453,2264400,0.0,0.0,0.0
2026-07-06,157.25999450683594,158.0399932861328,157.05999755859375,157.80999755859375,157.80999755859375,2578500,0.0,0.0,0.0
2026-07-07,157.27999877929688,157.44000244140625,155.9499969482422,156.33999633789062,156.33999633789062,1929500,0.0,0.0,0.0
2026-07-08,155.14999389648438,155.9199981689453,154.25999450683594,155.80999755859375,155.80999755859375,1900400,0.0,0.0,0.0
2026-07-09,156.3300018310547,157.24000549316406,156.0500030517578,157.0,157.0,1660600,0.0,0.0,0.0
2026-07-10,157.2100067138672,157.72999572753906,156.2899932861328,157.6300048828125,157.6300048828125,1760500,0.0,0.0,0.0
2026-07-13,156.7100067138672,156.94000244140625,155.57000732421875,155.80999755859375,155.80999755859375,2388400,0.0,0.0,0.0
2026-07-14,156.63999938964844,157.25999450683594,156.3300018310547,156.77999877929688,156.77999877929688,1744200,0.0,0.0,0.0
2026-07-15,157.25,157.50999450683594,156.2100067138672,157.2899932861328,157.2899932861328,1960600,0.0,0.0,0.0
2026-07-16,156.4499969482422,156.9499969482422,155.66000366210938,156.1300048828125,156.1300048828125,1890000,0.0,0.0,0.0
2026-07-17,154.24000549316406,155.42999267578125,153.85000610351562,154.77999877929688,154.77999877929688,2361300,0.0,0.0,0.0
2026-07-20,155.38999938964844,155.69000244140625,154.17999267578125,154.2899932861328,154.2899932861328,2124200,0.0,0.0,0.0
2026-07-21,155.5500030517578,156.3000030517578,155.10000610351562,156.13999938964844,156.13999938964844,1458800,0.0,0.0,0.0
2026-07-22,155.86000061035156,156.49000549316406,155.77999877929688,156.02000427246094,156.02000427246094,1448600,0.0,0.0,0.0
2026-07-23,154.27000427246094,155.10000610351562,153.55999755859375,154.30999755859375,154.30999755859375,2084500,0.0,0.0,0.0
2026-07-24,154.39999389648438,155.2899932861328,153.8800048828125,154.1999969482422,154.1999969482422,2944200,0.0,0.0,0.0
2026-07-27,155.47999572753906,155.74000549316406,153.67999267578125,154.4499969482422,154.4499969482422,4989400,0.0,0.0,0.0
2026-07-28,153.8800048828125,154.82000732421875,153.24000549316406,154.35000610351562,154.35000610351562,2579800,0.0,0.0,0.0
2026-07-29,153.97999572753906,154.97999572753906,152.1300048828125,152.22000122070312,152.22000122070312,4036100,0.0,0.0,0.0
2026-07-30,153.97999572753906,155.57000732421875,153.77000427246094,155.4499969482422,155.4499969482422,2716700,0.0,0.0,0.0
2026-07-31,155.97999572753906,156.25,154.25,155.86000061035156,155.86000061035156,3216800,0.0,0.0,0.0
2026-08-03,156.39999389648438,157.72000122070312,156.19000244140625,157.61000061035156,157.61000061035156,2439300,0.0,0.0,0.0
2026-08-04,158.58999633789062,160.77999877929688,158.50999450683594,160.4499969482422,160.4499969482422,2839000,0.0,0.0,0.0
2026-08-05,161.33999633789062,162.0,160.1199951171875,160.1699981689453,160.1699981689453,2386000,0.0,0.0,0.0
2026-08-06,160.10000610351562,160.67999267578125,159.77000427246094,159.9199981689453,159.9199981689453,4295900,0.0,0.0,0.0
2026-08-07,161.00999450683594,161.3800048828125,160.52999877929688,161.3000030517578,161.3000030517578,2952700,0.0,0.0,0.0
2026-08-10,161.0,161.35000610351562,160.85000610351562,160.97000122070312,160.97000122070312,2425900,0.0,0.0,0.0
2026-08-11,161.4499969482422,161.5399932861328,160.5399932861328,160.82000732421875,160.82000732421875,1646000,0.0,0.0,0.0
2026-08-12,161.89999389648438,162.0,161.3300018310547,161.52999877929688,161.52999877929688,3041600,0.0,0.0,0.0
2026-08-13,161.9199981689453,162.67999267578125,161.82000732421875,162.38999938964844,162.38999938964844,2324400,0.0,0.0,0.0
2026-08-14,162.55999755859375,162.7100067138672,162.00999450683594,162.25,162.25,1925400,0.0,0.0,0.0
2026-08-17,162.27000427246094,162.55999755859375,161.77000427246094,161.8300018310547,161.8300018310547,3566300,0.0,0.0,0.0
2026-08-18,160.80999755859375,161.02999877929688,160.0,160.05999755859375,160.05999755859375,1975500,0.0,0.0,0.0
2026-08-19,161.00999450683594,161.3699951171875,160.5399932861328,160.6999969482422,160.6999969482422,2481500,0.0,0.0,0.0
2026-08-20,160.3300018310547,160.8300018310547,159.80999755859375,159.92999267578125,159.92999267578125,2072600,0.0,0.0,0.0
2026-08-21,160.89999389648438,161.1699981689453,160.4600067138672,160.77000427246094,160.77000427246094,1548400,0.0,0.0,0.0
2026-08-24,160.47999572753906,160.5,159.77999877929688,160.10000610351562,160.10000610351562,1824900,0.0,0.0,0.0
2026-08-25,160.8800048828125,161.0500030517578,160.32000732421875,160.99000549316406,160.99000549316406,2568700,0.0,0.0,0.0
2026-08-26,160.92999267578125,161.2899932861328,160.5800018310547,160.8699951171875,160.8699951171875,1373000,0.0,0.0,0.0
2026-08-27,161.16000366210938,161.75999450683594,160.9199981689453,161.57000732421875,161.57000732421875,2014900,0.0,0.0,0.0
2026-08-28,161.77000427246094,162.1999969482422,160.75999450683594,161.00999450683594,161.00999450683594,1592800,0.0,0.0,0.0
2026-08-31,160.97000122070312,161.0,160.1699981689453,160.5500030517578,160.5500030517578,2024700,0.0,0.0,0.0
